title,when_,where,who,what,why,how,source_agent_report,location_name,latitude,longitude,category,data_of_information,hashtags
WN Belanda 2 Kali Ketinggalan Pesawat hingga Overstay di Bali Berakhir Dideportasi,2026-10-07T13:41:00.000Z,"Kabupaten Tabanan, Bali, Indonesia","WN Belanda 2 Kali Ketinggalan Pesawat hingga Overstay di Bali, Berakhir Dideportasi - Kompas.com","TABANAN, KOMPAS.com - Seorang warga negara (WN) Belanda berinisial SK dideportasi dari Bali karena melebihi izin tinggal atau overstay selama 398 hari.
Kepala Kantor Wilayah Direktorat Jenderal Imigrasi Bali Ramdhani menyebut, pendeportasian ini sebagai bagian upaya penindakan warga negara asing yang melanggar aturan keimigrasian.""Pengawasan dan penegakan hukum keimigrasian akan terus kami perketat. Kami tidak akan bertoleransi terhadap WNA yang melanggar aturan demi melindungi kepentingan rakyat dan marwah bangsa,"" kata Ramdhani dalam keterangannya, Rabu (7/10/2026).
Baca juga: Polisi di Karangasem Bali Dianiaya Saat Cekcok soal Unggahan di Facebook
SK dideportasi melalui Bandara Internasional I Gusti Ngurah Rai, Bali, Rabu (2/10/2026).
Kasus ini terungkap setelah Kantor Imigrasi Kelas III Non TPI Tabanan menerima laporan dari masyarakat terkait keberadaan SK.




Laporan tersebut ditindaklanjuti Tim Intelijen dan Penindakan Keimigrasian Kantor Imigrasi Tabanan melalui Operasi Mandiri di kawasan Banjar Bedha, Desa Bongan, Kecamatan Tabanan.
Baca juga: Imigrasi Ngurah Rai Deportasi 9 WNA dari Bali, Termasuk 2 Investor Abal-abalDari pemeriksaan, petugas menemukan izin tinggal SK telah berakhir sejak 29 April 2025.
Kepada petugas, SK mengaku lalai mengurus dokumen keimigrasiannya.","Dia juga mengaku sempat dua kali tertinggal pesawat karena ketiduran hingga akhirnya mengalami kendala untuk meninggalkan Bali.
Atas pelanggaran tersebut, SK dikenai Tindakan Administratif Keimigrasian berupa deportasi dan penangkalan.Penindakan itu dilakukan berdasarkan Pasal 78 ayat (3) Undang-Undang Nomor 6 Tahun 2011 tentang Keimigrasian sebagaimana telah diubah dengan Undang-Undang Nomor 63 Tahun 2024.
Imigrasi Tabanan turut mengapresiasi laporan masyarakat yang membantu petugas menemukan keberadaan WNA tersebut.
Masyarakat diminta aktif melaporkan keberadaan warga asing yang diduga melanggar aturan keimigrasian agar dapat ditindaklanjuti.


    
        Bayangkan seorang anak Indonesia bercita-cita menjadi dokter tetapi hanya memiliki satu buku lusuh untuk belajar. Bersama Ekspedisi Kata ke Nyata Kompas.com, Anda bisa membantu mengubah kisah itu.","Pada Hari Rabu , 7 Oktober 2026 13:41, Tabanan, Tabanan, Bali

TABANAN, KOMPAS.com - Seorang warga negara (WN) Belanda berinisial SK dideportasi dari Bali karena melebihi izin tinggal atau overstay selama 398 hari.
Kepala Kantor Wilayah Direktorat Jenderal Imigrasi Bali Ramdhani menyebut, pendeportasian ini sebagai bagian upaya penindakan warga negara asing yang melanggar aturan keimigrasian.""Pengawasan dan penegakan hukum keimigrasian akan terus kami perketat. Kami tidak akan bertoleransi terhadap WNA yang melanggar aturan demi melindungi kepentingan rakyat dan marwah bangsa,"" kata Ramdhani dalam keterangannya, Rabu (7/10/2026).
Baca juga: Polisi di Karangasem Bali Dianiaya Saat Cekcok soal Unggahan di Facebook
SK dideportasi melalui Bandara Internasional I Gusti Ngurah Rai, Bali, Rabu (2/10/2026).
Kasus ini terungkap setelah Kantor Imigrasi Kelas III Non TPI Tabanan menerima laporan dari masyarakat terkait keberadaan SK.




Laporan tersebut ditindaklanjuti Tim Intelijen dan Penindakan Keimigrasian Kantor Imigrasi Tabanan melalui Operasi Mandiri di kawasan Banjar Bedha, Desa Bongan, Kecamatan Tabanan.
Baca juga: Imigrasi Ngurah Rai Deportasi 9 WNA dari Bali, Termasuk 2 Investor Abal-abalDari pemeriksaan, petugas menemukan izin tinggal SK telah berakhir sejak 29 April 2025.
Kepada petugas, SK mengaku lalai mengurus dokumen keimigrasiannya. Dia juga mengaku sempat dua kali tertinggal pesawat karena ketiduran hingga akhirnya mengalami kendala untuk meninggalkan Bali.
Atas pelanggaran tersebut, SK dikenai Tindakan Administratif Keimigrasian berupa deportasi dan penangkalan.Penindakan itu dilakukan berdasarkan Pasal 78 ayat (3) Undang-Undang Nomor 6 Tahun 2011 tentang Keimigrasian sebagaimana telah diubah dengan Undang-Undang Nomor 63 Tahun 2024.
Imigrasi Tabanan turut mengapresiasi laporan masyarakat yang membantu petugas menemukan keberadaan WNA tersebut.
Masyarakat diminta aktif melaporkan keberadaan warga asing yang diduga melanggar aturan keimigrasian agar dapat ditindaklanjuti.


    
        Bayangkan seorang anak Indonesia bercita-cita menjadi dokter tetapi hanya memiliki satu buku lusuh untuk belajar. Bersama Ekspedisi Kata ke Nyata Kompas.com, Anda bisa membantu mengubah kisah itu. Mari hadirkan akses literasi bagi anak-anak di berbagai pelosok Indonesia melalui donasi lewat tautan https://bit.ly/JagatLiterasi2026. Setiap kebaikan yang Anda berikan bukan hanya membuka jendela pengetahuan, tetapi juga membuka masa depan mereka.",Kompas.com,"Dajan Peken, 82114, Tabanan, Tabanan, Bali, Indonesia",-8.536609490935,115.13552944186335,5,"2, 7","kejaksaan, kejatibali, kejaritabanan, tabanan, news"
Inilah 23 Klub Baru PSSI,2011-01-22T08:00:00.000Z,"Kabupaten Tabanan, Bali, Indonesia",Inilah 23 Klub Baru PSSI - Kompas.com,"TABANAN, KOMPAS.com — Meskipun PSSI kehilangan tiga anggota, yakni Persema Malang, Persibo Bojonegoro, dan PSM Makassar, karena hijrah ke Liga Primer Indonesia, PSSI mendapatkan 23 anggota baru.Sebanyak 23 anggota baru tesebut resmi menjadi anggota PSSI setelah diputuskan anggota dalam Kongres II PSSI di Tabanan, Bali, Sabtu (22/1/2011).Klub-klub tersebut berasal dari 13 pengurus provinsi, yakni NAD, Sumetara Barat, Jambi, Sumatera Selatan, Bangka Belitung, Banten, Jawa Barat, Yogyakarta, Jawa Timur, Kalimantan Selatan, Kalimantan Tengah, Sulawesi Utara, Maluku, dan Papua.""Tiga yang keluar, tetapi banyak klub yang membeludak masuk,"" kata Ketua Umum PSSI Nurdin Halid saat jumpa pers hasil kongres di Hotel Pan Pacific Nirwana Bali, Sabtu (22/1/2011).Berikut nama calon anggota PSSI: Lhokseumawe FC, Pidie Jaya, PS Solsel, Tabir FC, PSSL, Porkab Koba, Cilegon Mandiri, Sultan Muda FC, Bandung Barat FC, Blaster FC, Petro Jabrix FC, Maung Bandung FC, Bina Putra FC, PS Tunas Yogya, Gresik Putra, Barabai FC, Persikat Katingan, Persibilmut, Persikokot, Nusaina FC, Persindung, Persidei, Persiyali.
    
        Bayangkan seorang anak Indonesia bercita-cita menjadi dokter tetapi hanya memiliki satu buku lusuh untuk belajar. Bersama Ekspedisi Kata ke Nyata Kompas.com, Anda bisa membantu mengubah kisah itu.","Mari hadirkan akses literasi bagi anak-anak di berbagai pelosok Indonesia melalui donasi lewat tautan https://bit.ly/JagatLiterasi2026. Setiap kebaikan yang Anda berikan bukan hanya membuka jendela pengetahuan, tetapi juga membuka masa depan mereka..","Pada Hari Sabtu , 22 Januari 2011 08:00, Tabanan, Tabanan, Bali

TABANAN, KOMPAS.com — Meskipun PSSI kehilangan tiga anggota, yakni Persema Malang, Persibo Bojonegoro, dan PSM Makassar, karena hijrah ke Liga Primer Indonesia, PSSI mendapatkan 23 anggota baru.Sebanyak 23 anggota baru tesebut resmi menjadi anggota PSSI setelah diputuskan anggota dalam Kongres II PSSI di Tabanan, Bali, Sabtu (22/1/2011).Klub-klub tersebut berasal dari 13 pengurus provinsi, yakni NAD, Sumetara Barat, Jambi, Sumatera Selatan, Bangka Belitung, Banten, Jawa Barat, Yogyakarta, Jawa Timur, Kalimantan Selatan, Kalimantan Tengah, Sulawesi Utara, Maluku, dan Papua.""Tiga yang keluar, tetapi banyak klub yang membeludak masuk,"" kata Ketua Umum PSSI Nurdin Halid saat jumpa pers hasil kongres di Hotel Pan Pacific Nirwana Bali, Sabtu (22/1/2011).Berikut nama calon anggota PSSI: Lhokseumawe FC, Pidie Jaya, PS Solsel, Tabir FC, PSSL, Porkab Koba, Cilegon Mandiri, Sultan Muda FC, Bandung Barat FC, Blaster FC, Petro Jabrix FC, Maung Bandung FC, Bina Putra FC, PS Tunas Yogya, Gresik Putra, Barabai FC, Persikat Katingan, Persibilmut, Persikokot, Nusaina FC, Persindung, Persidei, Persiyali.
    
        Bayangkan seorang anak Indonesia bercita-cita menjadi dokter tetapi hanya memiliki satu buku lusuh untuk belajar. Bersama Ekspedisi Kata ke Nyata Kompas.com, Anda bisa membantu mengubah kisah itu. Mari hadirkan akses literasi bagi anak-anak di berbagai pelosok Indonesia melalui donasi lewat tautan https://bit.ly/JagatLiterasi2026. Setiap kebaikan yang Anda berikan bukan hanya membuka jendela pengetahuan, tetapi juga membuka masa depan mereka.",Kompas.com,"Dajan Peken, 82114, Tabanan, Tabanan, Bali, Indonesia",-8.536609490935,115.13552944186335,5,"2, 7","kejaksaan, kejatibali, kejaritabanan, tabanan, news"
Rudenim Denpasar Deportasi 8 WNA Kasus Prostitusi Hingga Tak Bayar Makan,2026-10-09T06:42:00.000Z,"Kabupaten Tabanan, Bali, Indonesia","Rudenim Denpasar Deportasi 8 WNA, Kasus Prostitusi Hingga Tak Bayar Makan - Kompas.com","DENPASAR, KOMPAS.com – Petugas Rumah Detensi Imigrasi (Rudenim) Denpasar mendeportasi delapan warga negara asing (WNA) yang berasal dari lima negara.
Mereka di antaranya merupakan warga negara Rusia, India, Nigeria, Amerika Serikat, dan Bulgaria Proses deportasi itu berlangsung selama sepekan, dari 30 September hingga 7 Oktober 2026.Delapan orang asing itu dikenakan Tindakan Administratif Keimigrasian (TAK). Beragam pelanggaran yang mereka lakukan, mulai dari tak bayar makan di restoran, penyalahgunaan izin tinggal untuk kegiatan prostitusi, tidak memiliki dokumen perjalanan yang sah, hingga overstay.
Kepala Rudenim Denpasar Teguh Mentalyadi menekankan bahwa seluruh pendeportasian tersebut merupakan tindak lanjut atas Tindakan Administratif Keimigrasian yang telah dikenakan kepada masing-masing WNA.
Baca juga: 177 WNA Huni Rudenim Denpasar hingga September 2026, Terbanyak dari Nigeria
“Setiap orang asing yang berada di Indonesia wajib menaati ketentuan keimigrasian serta menghormati hukum dan ketertiban masyarakat.","Setelah seluruh proses dan dokumen kepulangan terpenuhi, kami melaksanakan pendeportasian sesuai ketentuan yang berlaku,” ungkap Teguh, Jumat (9/10/2026).




Dari delapan WNA itu, dua di antaranya merupakan perempuan asal Rusia berinisial PB (36) dan anak perempuannya, ZB (7). Sebelumnya PB sempat viral di media sosial pada akhir Agustus 2026 karena dilaporkan sejumlah pelaku usaha di kawasan Kuta Selatan, Kabupaten Badung.
PB diduga mengambil barang dan menikmati makanan dengan menjanjikan pembayaran melalui transfer.","Pada Hari Jumat , 9 Oktober 2026 06:42, Tabanan, Tabanan, Bali

DENPASAR, KOMPAS.com – Petugas Rumah Detensi Imigrasi (Rudenim) Denpasar mendeportasi delapan warga negara asing (WNA) yang berasal dari lima negara.
Mereka di antaranya merupakan warga negara Rusia, India, Nigeria, Amerika Serikat, dan Bulgaria Proses deportasi itu berlangsung selama sepekan, dari 30 September hingga 7 Oktober 2026.Delapan orang asing itu dikenakan Tindakan Administratif Keimigrasian (TAK). Beragam pelanggaran yang mereka lakukan, mulai dari tak bayar makan di restoran, penyalahgunaan izin tinggal untuk kegiatan prostitusi, tidak memiliki dokumen perjalanan yang sah, hingga overstay.
Kepala Rudenim Denpasar Teguh Mentalyadi menekankan bahwa seluruh pendeportasian tersebut merupakan tindak lanjut atas Tindakan Administratif Keimigrasian yang telah dikenakan kepada masing-masing WNA.
Baca juga: 177 WNA Huni Rudenim Denpasar hingga September 2026, Terbanyak dari Nigeria
“Setiap orang asing yang berada di Indonesia wajib menaati ketentuan keimigrasian serta menghormati hukum dan ketertiban masyarakat. Setelah seluruh proses dan dokumen kepulangan terpenuhi, kami melaksanakan pendeportasian sesuai ketentuan yang berlaku,” ungkap Teguh, Jumat (9/10/2026).




Dari delapan WNA itu, dua di antaranya merupakan perempuan asal Rusia berinisial PB (36) dan anak perempuannya, ZB (7). Sebelumnya PB sempat viral di media sosial pada akhir Agustus 2026 karena dilaporkan sejumlah pelaku usaha di kawasan Kuta Selatan, Kabupaten Badung.
PB diduga mengambil barang dan menikmati makanan dengan menjanjikan pembayaran melalui transfer. Namun pembayaran tak kunjung dilakukan.Petugas Imigrasi Ngurah Rai mengamankan PB dan anaknya pada 26 Agustus 2026 di sebuah restoran di kawasan Pecatu. Keduanya diketahui memegang Visa on Arrival (VoA) dan sudah overstay selama 318 hari.Imigrasi Tabanan. Imigrasi Tabanan menangkap WNA Nigeria pelanggar izin tinggal di Kabupaten Tabanan, Bali, pada 24 September 2026. WNA tersebut diserahkan ke Rumah Detensi Imigrasi (Rudenim) Denpasar menunggu dideportasi.
PB menjalani pendetensian selama 35 hari di Rudenim Denpasar. Dia dan anaknya kemudian dideportasi pada 30 September 2026 dengan tujuan akhir Moskow, Rusia.
Lalu pada 5 Oktober 2026 pendeportasian dilakukan terhadap pria WN India berinisial DMIA (23). Dia juga overstay selama 30 hari dan tidak mampu membayar biaya beban overstay, yakni Rp 1 juta per hari.DMIA dideportasi dengan tujuan akhir Bengaluru, India.
Sementara pada 6 Oktober 2026, empat WNA yang dideportasi yakni tiga WN Nigeria yang terdiri atas seorang perempuan berinisial TE (23) serta dua pria berinisial EDN (30) dan UPJ (40). Selain itu juga seorang perempuan WN Amerika Serikat berinisial JLH (42).
Adapun TE diamankan bersama 12 WNA lainnya dalam operasi gabungan jajaran Imigrasi Bali dan Polda Bali di kawasan Umalas, Badung, pada 17 September 2026.
TE diketahui bekerja sebagai pekerja seks komersial menggunakan visa kunjungan.
Sedangkan EDN tercatat overstay selama 3 tahun 4 bulan dan UPJ tidak memiliki dokumen perjalanan yang sah.
Baca juga: Curi Uang Pedagang dengan Modus Hipnotis, 2 WN Iran Ditahan di Rudenim Denpasar",Kompas.com,"Dajan Peken, 82114, Tabanan, Tabanan, Bali, Indonesia",-8.536609490935,115.13552944186335,5,"2, 7","kejaksaan, kejatibali, kejaritabanan, tabanan, news"
Rekonstruksi Pembunuhan Mozza di Semarang Ayah Korban Pukul Tersangka,2026-10-07T10:10:00.000Z,"Kabupaten Tabanan, Bali, Indonesia","Rekonstruksi Pembunuhan Mozza di Semarang, Ayah Korban Pukul Tersangka - Kompas.com","SEMARANG, KOMPAS.com - Polrestabes Semarang menggelar rekonstruksi kasus pembunuhan Mozza Axillia Gunarsa (18), warga Kabupaten Semarang yang ditemukan dalam kondisi tinggal kerangka setelah dilaporkan hilang satu tahun.
Rekonstruksi digelar di dua lokasi, Rabu (7/10/2026). Pertama di sebuah rumah kos di wilayah Tegalsari, Kecamatan Candisari, Kota Semarang, yang merupakan tempat tersangka Mahendra Very Dwi Anggara (22) diduga membunuh Mozza.Selanjutnya, rekonstruksi dilakukan di pinggir jalan Tol Semarang, wilayah Jangli, yang menjadi lokasi tersangka membuang jasad korban.
Reka ulang tersebut disaksikan langsung oleh kedua orang tua Mozza, Singgih Gunarsa dan istrinya.","Keduanya terlihat terpukul ketika menyaksikan adegan demi adegan yang diperagakan dalam proses rekonstruksi.
Baca juga: Usut Kasus Kematian Mozza, Polrestabes Semarang Siapkan Rekonstruksi di 2 Lokasi
Emosi Singgih Memuncak
Emosi Singgih bahkan memuncak ketika tersangka Very datang ke lokasi. Ia sempat memukul tersangka sebelum tindakannya dihentikan oleh petugas kepolisian.




Kasat PPA-PPO Polrestabes Semarang Kompol Ni Made Srinitri mengatakan rekonstruksi dilakukan bersama jaksa dengan melibatkan tersangka dan enam orang saksi.
""Dalam rekonstruksi pertama di TKP kos di wilayah Candisari, kami melaksanakan sekitar 55 adegan.","Pada Hari Rabu , 7 Oktober 2026 10:10, Tabanan, Tabanan, Bali

SEMARANG, KOMPAS.com - Polrestabes Semarang menggelar rekonstruksi kasus pembunuhan Mozza Axillia Gunarsa (18), warga Kabupaten Semarang yang ditemukan dalam kondisi tinggal kerangka setelah dilaporkan hilang satu tahun.
Rekonstruksi digelar di dua lokasi, Rabu (7/10/2026). Pertama di sebuah rumah kos di wilayah Tegalsari, Kecamatan Candisari, Kota Semarang, yang merupakan tempat tersangka Mahendra Very Dwi Anggara (22) diduga membunuh Mozza.Selanjutnya, rekonstruksi dilakukan di pinggir jalan Tol Semarang, wilayah Jangli, yang menjadi lokasi tersangka membuang jasad korban.
Reka ulang tersebut disaksikan langsung oleh kedua orang tua Mozza, Singgih Gunarsa dan istrinya. Keduanya terlihat terpukul ketika menyaksikan adegan demi adegan yang diperagakan dalam proses rekonstruksi.
Baca juga: Usut Kasus Kematian Mozza, Polrestabes Semarang Siapkan Rekonstruksi di 2 Lokasi
Emosi Singgih Memuncak
Emosi Singgih bahkan memuncak ketika tersangka Very datang ke lokasi. Ia sempat memukul tersangka sebelum tindakannya dihentikan oleh petugas kepolisian.




Kasat PPA-PPO Polrestabes Semarang Kompol Ni Made Srinitri mengatakan rekonstruksi dilakukan bersama jaksa dengan melibatkan tersangka dan enam orang saksi.
""Dalam rekonstruksi pertama di TKP kos di wilayah Candisari, kami melaksanakan sekitar 55 adegan. Selanjutnya, rekonstruksi dilanjutkan di tempat pembuangan jenazah di wilayah Jangli,"" ujar Srinitri, Rabu (7/10/2026).
Dia menyebut, seluruh adegan yang diperagakan dalam rekonstruksi disesuaikan dengan keterangan tersangka dan para saksi yang telah diperiksa penyidik.
""Untuk fakta-fakta sementara masih sesuai dengan hasil pemeriksaan penyidik. Tidak ada perbedaan yang signifikan antara keterangan saksi dengan keterangan tersangka,"" jelasnya.Baca juga: Kronologi Mozza Dibunuh Kekasih Kenalan dari TikTok, Jasad Tinggal Kerangka Usai Setahun Hilang
Saksi yang Hadir
Salah satu saksi yang dihadirkan dalam rekonstruksi merupakan orang yang membeli sepeda motor Honda Vario milik Mozza.
""Motor korban dijual sekitar Rp 6 juta kepada teman tersangka. Orang yang membeli motor tersebut juga sudah kami jadikan sebagai saksi,"" ungkap Srinitri.
Sementara itu, Singgih mengaku tidak mampu menahan emosinya saat pertama kali bertemu dengan tersangka pembunuh putrinya.""Pastilah (marah). Jenengan kalau, apa namanya, jadi orang tua, di sekolahan pun anak kita seperti itu saja sakit, kan. Apalagi seperti ini. Ini pertama kali saya melihat tersangka,"" ucapnya.
Singgih berharap proses hukum terhadap tersangka dapat berjalan maksimal hingga persidangan.
""Kami berharap rekonstruksi ini bisa membuat hukumannya menjadi lebih berat. Tujuannya, kami bisa sedikit, istilahnya, percaya pada pelindung masyarakat, dari kepolisian, kejaksaan, semuanya. Nanti kita tunggu dari pengadilan juga,"" kata Singgih.
Usai rekonstruksi, penyidik akan melengkapi berkas perkara dan berkoordinasi dengan jaksa penuntut umum.
    
        Bayangkan seorang anak Indonesia bercita-cita menjadi dokter tetapi hanya memiliki satu buku lusuh untuk belajar. Bersama Ekspedisi Kata ke Nyata Kompas.com, Anda bisa membantu mengubah kisah itu. Mari hadirkan akses literasi bagi anak-anak di berbagai pelosok Indonesia melalui donasi lewat tautan https://bit.ly/JagatLiterasi2026. Setiap kebaikan yang Anda berikan bukan hanya membuka jendela pengetahuan, tetapi juga membuka masa depan mereka.",Kompas.com,"Dajan Peken, 82114, Tabanan, Tabanan, Bali, Indonesia",-8.536609490935,115.13552944186335,5,"2, 7","kejaksaan, kejatibali, kejaritabanan, tabanan, news"
35 Koperasi Desa Merah Putih di Babel Bakal Kelola Tambang Timah PT Timah,2026-10-08T08:20:00.000Z,"Kabupaten Tabanan, Bali, Indonesia",35 Koperasi Desa Merah Putih di Babel Bakal Kelola Tambang Timah PT Timah - Kompas.com,"PANGKALPINANG, KOMPAS.com - Sebanyak 35 Koperasi Desa/Kelurahan Merah Putih (KDKMP) di Provinsi Kepulauan Bangka Belitung akan dilibatkan dalam pengelolaan tambang bijih timah.
Koperasi tersebut akan bermitra dengan PT Timah Tbk untuk mengelola kegiatan pertambangan di wilayah Izin Usaha Pertambangan (IUP) perusahaan.Kepala Dinas Koperasi dan UMKM Provinsi Kepulauan Bangka Belitung Arie Primajaya mengatakan, kerja sama antara KDKMP dan PT Timah menjadi salah satu langkah untuk memperkuat peran koperasi dalam kegiatan ekonomi masyarakat.
""KDKMP ini bermitra dengan PT Timah (Persero) Tbk akan mengelola tambang bijih timah di Izin Usaha Pertambangan (IUP) perusahaan itu,"" kata Arie Primajaya saat menghadiri Bintek Peningkatan Kapasitas Produksi KDKMP di Pangkalpinang, Kamis (8/10/2026) dikutip dari Antara.
Baca juga: Anak-anak Masih Melimbang Timah di Babel, KemenHAM: Ini Jelas Melanggar HAM
Di mana 35 koperasi akan mengelola tambang timah?
Arie menjelaskan, 35 KDKMP tersebut akan mengelola tambang bijih timah di wilayah IUP PT Timah yang tersebar di sejumlah kabupaten dan kota di Provinsi Kepulauan Bangka Belitung.




Wilayah yang menjadi lokasi kemitraan tersebut meliputi:

Kabupaten Bangka;
Kabupaten Bangka Tengah;
Kabupaten Bangka Barat;
Kabupaten Bangka Selatan;
Kabupaten Belitung; dan
Kabupaten Belitung Timur.

Dengan cakupan wilayah tersebut, program kemitraan koperasi dengan PT Timah tidak hanya berpusat di satu daerah.
Baca juga: 2 Pegawai Bank Pelat Merah Ditahan Kejati Babel, Diduga Terlibat Pencairan Dana Reklamasi Rp 111 MiliarKegiatan pengelolaan pertambangan diharapkan dapat membuka ruang bagi koperasi di berbagai desa dan kelurahan untuk terlibat dalam aktivitas ekonomi yang berkaitan dengan komoditas timah.
""Saat ini sudah ada 35 KDKMP dan 19 koperasi existing yang bermitra dengan PT Timah (Persero) Tbk untuk mengelola pertambangan bijih timah di desa dan kelurahan koperasi ini,"" ujarnya.
Mengapa koperasi dilibatkan dalam pengelolaan tambang timah?
Arie mengatakan pembentukan KDKMP merupakan langkah strategis pemerintah dalam memperkuat perekonomian masyarakat desa dan kelurahan. 
""Kami berharap KDKMP dan koperasi yang telah existing tidak hanya kuat secara kelembagaan, tetapi juga mampu mengembangkan kegiatan usaha yang produktif, profesional dan berkelanjutan,"" ujarnya.
Baca juga: Tambang Timah Negara di Laut Beriga Terancam Dihapus, Pemprov Babel Ubah Perda
Menurut Arie, pertambangan timah memiliki hubungan erat dengan kehidupan ekonomi masyarakat di Bangka Belitung. Karena itu, koperasi yang terlibat dalam kegiatan pertambangan perlu memahami cara pengelolaan tambang yang baik.
Untuk memperkuat kemampuan koperasi, pemerintah memberikan pembekalan melalui kegiatan Bimbingan Teknis (Bintek) Peningkatan Kapasitas Produksi KDKMP. 
""Melalui kegiatan ini, peserta diharapkan memperoleh wawasan mengenai regulasi, kemitraan, tata niaga timah, peningkatan kapasitas produksi, serta penerapan K3,"" katanya.
    
        Bayangkan seorang anak Indonesia bercita-cita menjadi dokter tetapi hanya memiliki satu buku lusuh untuk belajar.","Bersama Ekspedisi Kata ke Nyata Kompas.com, Anda bisa membantu mengubah kisah itu. Mari hadirkan akses literasi bagi anak-anak di berbagai pelosok Indonesia melalui donasi lewat tautan https://bit.ly/JagatLiterasi2026.","Pada Hari Kamis , 8 Oktober 2026 08:20, Tabanan, Tabanan, Bali

PANGKALPINANG, KOMPAS.com - Sebanyak 35 Koperasi Desa/Kelurahan Merah Putih (KDKMP) di Provinsi Kepulauan Bangka Belitung akan dilibatkan dalam pengelolaan tambang bijih timah.
Koperasi tersebut akan bermitra dengan PT Timah Tbk untuk mengelola kegiatan pertambangan di wilayah Izin Usaha Pertambangan (IUP) perusahaan.Kepala Dinas Koperasi dan UMKM Provinsi Kepulauan Bangka Belitung Arie Primajaya mengatakan, kerja sama antara KDKMP dan PT Timah menjadi salah satu langkah untuk memperkuat peran koperasi dalam kegiatan ekonomi masyarakat.
""KDKMP ini bermitra dengan PT Timah (Persero) Tbk akan mengelola tambang bijih timah di Izin Usaha Pertambangan (IUP) perusahaan itu,"" kata Arie Primajaya saat menghadiri Bintek Peningkatan Kapasitas Produksi KDKMP di Pangkalpinang, Kamis (8/10/2026) dikutip dari Antara.
Baca juga: Anak-anak Masih Melimbang Timah di Babel, KemenHAM: Ini Jelas Melanggar HAM
Di mana 35 koperasi akan mengelola tambang timah?
Arie menjelaskan, 35 KDKMP tersebut akan mengelola tambang bijih timah di wilayah IUP PT Timah yang tersebar di sejumlah kabupaten dan kota di Provinsi Kepulauan Bangka Belitung.




Wilayah yang menjadi lokasi kemitraan tersebut meliputi:

Kabupaten Bangka;
Kabupaten Bangka Tengah;
Kabupaten Bangka Barat;
Kabupaten Bangka Selatan;
Kabupaten Belitung; dan
Kabupaten Belitung Timur.

Dengan cakupan wilayah tersebut, program kemitraan koperasi dengan PT Timah tidak hanya berpusat di satu daerah.
Baca juga: 2 Pegawai Bank Pelat Merah Ditahan Kejati Babel, Diduga Terlibat Pencairan Dana Reklamasi Rp 111 MiliarKegiatan pengelolaan pertambangan diharapkan dapat membuka ruang bagi koperasi di berbagai desa dan kelurahan untuk terlibat dalam aktivitas ekonomi yang berkaitan dengan komoditas timah.
""Saat ini sudah ada 35 KDKMP dan 19 koperasi existing yang bermitra dengan PT Timah (Persero) Tbk untuk mengelola pertambangan bijih timah di desa dan kelurahan koperasi ini,"" ujarnya.
Mengapa koperasi dilibatkan dalam pengelolaan tambang timah?
Arie mengatakan pembentukan KDKMP merupakan langkah strategis pemerintah dalam memperkuat perekonomian masyarakat desa dan kelurahan. 
""Kami berharap KDKMP dan koperasi yang telah existing tidak hanya kuat secara kelembagaan, tetapi juga mampu mengembangkan kegiatan usaha yang produktif, profesional dan berkelanjutan,"" ujarnya.
Baca juga: Tambang Timah Negara di Laut Beriga Terancam Dihapus, Pemprov Babel Ubah Perda
Menurut Arie, pertambangan timah memiliki hubungan erat dengan kehidupan ekonomi masyarakat di Bangka Belitung. Karena itu, koperasi yang terlibat dalam kegiatan pertambangan perlu memahami cara pengelolaan tambang yang baik.
Untuk memperkuat kemampuan koperasi, pemerintah memberikan pembekalan melalui kegiatan Bimbingan Teknis (Bintek) Peningkatan Kapasitas Produksi KDKMP. 
""Melalui kegiatan ini, peserta diharapkan memperoleh wawasan mengenai regulasi, kemitraan, tata niaga timah, peningkatan kapasitas produksi, serta penerapan K3,"" katanya.
    
        Bayangkan seorang anak Indonesia bercita-cita menjadi dokter tetapi hanya memiliki satu buku lusuh untuk belajar. Bersama Ekspedisi Kata ke Nyata Kompas.com, Anda bisa membantu mengubah kisah itu. Mari hadirkan akses literasi bagi anak-anak di berbagai pelosok Indonesia melalui donasi lewat tautan https://bit.ly/JagatLiterasi2026. Setiap kebaikan yang Anda berikan bukan hanya membuka jendela pengetahuan, tetapi juga membuka masa depan mereka.",Kompas.com,"Dajan Peken, 82114, Tabanan, Tabanan, Bali, Indonesia",-8.536609490935,115.13552944186335,5,"2, 7","kejaksaan, kejatibali, kejaritabanan, tabanan, news"
Peringati Bangka Belitung Pisah dari Sumsel Tari Serumpun Sebalai Diluncurkan,2026-10-08T14:19:00.000Z,"Kabupaten Tabanan, Bali, Indonesia","Peringati Bangka Belitung Pisah dari Sumsel, Tari Serumpun Sebalai Diluncurkan - Kompas.com","PANGKALPINANG, KOMPAS.com - Tarian khas daerah diciptakan khusus untuk memeriahkan Ulang Tahun Ke-26 Provinsi Kepulauan Bangka Belitung pada 21 November 2026. Tari yang diberi nama Senam Serumpun Sebalai tersebut memadukan identitas budaya dan gerakan olahraga.","Gubernur Kepulauan Bangka Belitung Hidayat Arsani, mengatakan, Senam Serumpun Sebalai merupakan tarian yang memadukan olahraga, kebudayaan dan semangat kebersamaan masyarakat. ""Budaya tidak cukup hanya disimpan sebagai warisan.","Pada Hari Kamis , 8 Oktober 2026 14:19, Tabanan, Tabanan, Bali

PANGKALPINANG, KOMPAS.com - Tarian khas daerah diciptakan khusus untuk memeriahkan Ulang Tahun Ke-26 Provinsi Kepulauan Bangka Belitung pada 21 November 2026. Tari yang diberi nama Senam Serumpun Sebalai tersebut memadukan identitas budaya dan gerakan olahraga. Gubernur Kepulauan Bangka Belitung Hidayat Arsani, mengatakan, Senam Serumpun Sebalai merupakan tarian yang memadukan olahraga, kebudayaan dan semangat kebersamaan masyarakat. ""Budaya tidak cukup hanya disimpan sebagai warisan. Budaya harus dihidupkan, digerakkan, dan diwariskan. Melalui Senam Serumpun Sebalai, kita ingin mengajak masyarakat untuk sehat sekaligus mencintai budaya daerah,” kata Hidayat di Pangkalpinang, Kamis (8/10/2026).
Baca juga: Tarian Caci: Mensyukuri Panen, Merawat Persaudaraan di Manggarai Timur Hidayat mengatakan bahwa pertunjukan seni tidak hanya sekadar hiburan, tetapi juga mencerminkan semangat hidup, tubuh sehat dan bugar, serta membawa identitas budaya daerah.



 Ia menegaskan bahwa budaya daerah harus terus dihidupkan dan diperkenalkan kepada generasi berikutnya melalui pendekatan yang dekat dengan kehidupan masyarakat. ""Senam ini digagas dengan beragam gerak tradisi yang selama ini dikenal melalui berbagai kesenian daerah, dikemas dalam bentuk senam yang lebih dinamis, sehingga dapat diterima oleh masyarakat luas,” ujar Hidayat. Senam Serumpun Sebalai menjadi senam kreasi budaya Melayu khas Provinsi Kepulauan Bangka Belitung yang dirancang sebagai salah satu persembahan bagi masyarakat, dalam momentum peringatan HUT ke-26 Provinsi Kepulauan Bangka Belitung. Ulang tahun ini menandai Bangka Belitung resmi berdiri sebagai provinsi setelah dimekarkan dari Sumatera Selatan.Baca juga: Darso Hidupkan Kembali Tari Topeng Patengteng, Kesenian Bangkalan untuk Ritual Meminta Hujan Nama Serumpun Sebalai merepresentasikan semangat persatuan dan kebersamaan masyarakat Kepulauan Bangka Belitung. Koreografi Senam Serumpun Sebalai mengambil inspirasi dari sejumlah gerak dasar tari dan kesenian tradisional khas Bangka Belitung, antara lain Kecupus, Dincak Dambus, Campak, Sepen, Cakter, Zapin, dan Gajah Menunggang. Gerakan-gerakan ini kemudian dikreasikan dan dipadukan dengan gerakan senam yang dinamis, energik, yang dapat diikuti berbagai kalangan masyarakat. Karya ini melibatkan sejumlah insan kreatif daerah, di antaranya Sukma Wijaya sebagai pencipta lagu sekaligus koreografer, kemudian Zuryantina sebagai koreografer lainnya.
Adapun aransemen musik, dikerjakan oleh Zulfikri Hilmi, dengan Nunung Rohmawati sebagai vokalis. Sementara itu, Budi Utama dan Ibnu Suzano bertindak sebagai pembina. Senam ini tidak hanya ditujukan sebagai aktivitas untuk menjaga kebugaran, tetapi juga menjadi sarana untuk memperkenalkan dan menghidupkan kembali kekayaan budaya daerah melalui gerakan yang mudah dilakukan secara bersama-sama. Para penari telah melakukan serangkaian latihan agar bisa tampil memukau saat puncak perayaan nanti.
    
        Bayangkan seorang anak Indonesia bercita-cita menjadi dokter tetapi hanya memiliki satu buku lusuh untuk belajar. Bersama Ekspedisi Kata ke Nyata Kompas.com, Anda bisa membantu mengubah kisah itu. Mari hadirkan akses literasi bagi anak-anak di berbagai pelosok Indonesia melalui donasi lewat tautan https://bit.ly/JagatLiterasi2026. Setiap kebaikan yang Anda berikan bukan hanya membuka jendela pengetahuan, tetapi juga membuka masa depan mereka.",Kompas.com,"Dajan Peken, 82114, Tabanan, Tabanan, Bali, Indonesia",-8.536609490935,115.13552944186335,5,"2, 7","kejaksaan, kejatibali, kejaritabanan, tabanan, news"
19 Sekolah di Pekalongan Tolak MBG BGN yang Mau Menerima Saja,2026-10-06T08:25:00.000Z,"Kabupaten Tabanan, Bali, Indonesia","19 Sekolah di Pekalongan Tolak MBG, BGN: yang Mau Menerima Saja - Kompas.com","PEKALONGAN, KOMPAS.com – Sebanyak 19 sekolah di Kabupaten Pekalongan, Jawa Tengah, menolak menerima program Makan Bergizi Gratis (MBG).
Koordinator Wilayah Badan Gizi Nasional (BGN) Kabupaten Pekalongan Nauf M Sidqi mengungkapkan, mayoritas lembaga pendidikan yang menolak program prioritas pemerintah tersebut merupakan sekolah swasta.“Ada 19, itu rata-rata sekolah swasta,” kata Nauf kepada wartawan, Senin (5/10/2026).
Nauf menjelaskan, penolakan program MBG tidak hanya diperbolehkan bagi sekolah swasta, melainkan juga berlaku untuk sekolah negeri lantaran keikutsertaannya bersifat sukarela.
“Enggak apa-apa (kalau sekolah negeri menolak). Prosedurnya sama, enggak pandang negeri atau swasta,” tuturnya.
Baca juga: Dua SD di DIY Jadi Pilot Project MBG Prasmanan, BGN Sebut Respons Penerima Manfaat Positif




Dari 19 sekolah yang menolak MBG, sebarannya mencakup delapan kecamatan, yakni Kecamatan Buaran (6 sekolah), Kedungwuni (5 sekolah), Wonopringgo (2 sekolah), Wiradesa (2 sekolah), serta Kajen, Karangdadap, Bojong, dan Wonokerto masing-masing 1 sekolah.
Nauf menegaskan, BGN tidak memaksakan penyaluran MBG kepada sekolah maupun penerima manfaat yang menolak.","Pihaknya hanya mensyaratkan adanya surat pernyataan resmi sebagai dokumen pertanggungjawaban administratif.
“Ketika penerima manfaat ini menolak, kami tidak apa-apa. Tidak masalah.","Pada Hari Selasa , 6 Oktober 2026 08:25, Tabanan, Tabanan, Bali

PEKALONGAN, KOMPAS.com – Sebanyak 19 sekolah di Kabupaten Pekalongan, Jawa Tengah, menolak menerima program Makan Bergizi Gratis (MBG).
Koordinator Wilayah Badan Gizi Nasional (BGN) Kabupaten Pekalongan Nauf M Sidqi mengungkapkan, mayoritas lembaga pendidikan yang menolak program prioritas pemerintah tersebut merupakan sekolah swasta.“Ada 19, itu rata-rata sekolah swasta,” kata Nauf kepada wartawan, Senin (5/10/2026).
Nauf menjelaskan, penolakan program MBG tidak hanya diperbolehkan bagi sekolah swasta, melainkan juga berlaku untuk sekolah negeri lantaran keikutsertaannya bersifat sukarela.
“Enggak apa-apa (kalau sekolah negeri menolak). Prosedurnya sama, enggak pandang negeri atau swasta,” tuturnya.
Baca juga: Dua SD di DIY Jadi Pilot Project MBG Prasmanan, BGN Sebut Respons Penerima Manfaat Positif




Dari 19 sekolah yang menolak MBG, sebarannya mencakup delapan kecamatan, yakni Kecamatan Buaran (6 sekolah), Kedungwuni (5 sekolah), Wonopringgo (2 sekolah), Wiradesa (2 sekolah), serta Kajen, Karangdadap, Bojong, dan Wonokerto masing-masing 1 sekolah.
Nauf menegaskan, BGN tidak memaksakan penyaluran MBG kepada sekolah maupun penerima manfaat yang menolak. Pihaknya hanya mensyaratkan adanya surat pernyataan resmi sebagai dokumen pertanggungjawaban administratif.
“Ketika penerima manfaat ini menolak, kami tidak apa-apa. Tidak masalah. Jadi yang mau menerima saja,” ujar Nauf.Surat Penolakan Resmi untuk Bukti Pemeriksaan BPKP
Nauf menyebut, surat pernyataan penolakan diperlukan BGN untuk mengantisipasi audit administratif oleh pihak Inspektorat maupun Badan Pengawasan Keuangan dan Pembangunan (BPKP).“Fungsinya adalah ketika kami ada pemeriksaan dari Inspektorat, kami ada bukti,” kata Nauf.
Dokumen tersebut menjadi dasar acuan validasi data apabila terjadi perubahan penyaluran kuota porsi makanan di lapangan.“Misalkan tadinya ngirim di SMA 1 Kajen, kok sekarang tidak ada? Ada alasannya. Jadi kita ada berkas yang ditunjukkan kepada Inspektorat maupun BPKP bahwa ada penolakan dari sekolah tersebut. Kami ASN juga, jadi tidak boleh ada data yang palsu atau apa, harus sesuai fakta di lapangan,” tegasnya.
Sejak diluncurkan pada 1 Januari 2025, jumlah Satuan Pelayanan Pemenuhan Gizi (SPPG) di Kabupaten Pekalongan telah mencapai 115 unit dengan 98 unit beroperasi aktif.
Sementara itu, satu SPPG mengalami pembekuan sementara (suspend) akibat kendala Sertifikat Laik Higiene Sanitasi (SLHS) dan mess, sedangkan 17 SPPG lainnya memasuki masa moratorium perbaikan sistem.
Baca juga: 105 Murid SMAN 1 Tukdana Indramayu Diduga Keracunan Usai Santap MBG
210.334 Jiwa Penerima Manfaat
Saat ini, total penerima manfaat MBG di Kabupaten Pekalongan mencapai 210.334 jiwa, meliputi peserta didik PAUD hingga SMA, balita, ibu hamil, serta ibu menyusui.
Menanggapi hal tersebut, Plt Bupati sekaligus Ketua Satgas MBG Kabupaten Pekalongan Sukirman mengingatkan seluruh mitra penyedia untuk disiplin menjalankan Standar Operasional Prosedur (SOP).
“Memang Kabupaten Pekalongan relatif tidak terlalu banyak persoalan yang terkait dengan misalnya keracunan dan seterusnya. Namun, ada beberapa dari para mitra ini memang beberapa kali kita tegur dan bahkan ada yang kita suspend,” ujar Sukirman.
    
        Bayangkan seorang anak Indonesia bercita-cita menjadi dokter tetapi hanya memiliki satu buku lusuh untuk belajar. Bersama Ekspedisi Kata ke Nyata Kompas.com, Anda bisa membantu mengubah kisah itu. Mari hadirkan akses literasi bagi anak-anak di berbagai pelosok Indonesia melalui donasi lewat tautan https://bit.ly/JagatLiterasi2026. Setiap kebaikan yang Anda berikan bukan hanya membuka jendela pengetahuan, tetapi juga membuka masa depan mereka.",Kompas.com,"Dajan Peken, 82114, Tabanan, Tabanan, Bali, Indonesia",-8.536609490935,115.13552944186335,5,"2, 7","kejaksaan, kejatibali, kejaritabanan, tabanan, news"
Kelola Judi Online di 2 Vila Bali 35 WN India Divonis hingga 25 Tahun,2026-10-08T01:55:00.000Z,"Kabupaten Tabanan, Bali, Indonesia","Kelola Judi Online di 2 Vila Bali, 35 WN India Divonis hingga 2,5 Tahun - Kompas.com","BADUNG, KOMPAS.com - Sebanyak 35 warga negara asing (WNA) asal India divonis bersalah dalam kasus judi online di Bali. Mereka dijatuhi hukuman penjara antara dua tahun hingga dua tahun enam bulan dalam sidang putusan di Pengadilan Negeri (PN) Denpasar, Bali, Rabu (7/10/2026).
Para terdakwa terdiri dari operator deposit, operator penarikan dana atau withdraw, hingga pengelola dan promosi situs judi online.Majelis hakim yang diketuai Putu Gde Novyartha dengan hakim anggota Ni Luh Putu Partiwi dan Syahbuddin menjatuhkan hukuman berbeda kepada dua terdakwa, yakni Piyush Sharma dan Yash Raj Singh Gaur.
Baca juga: Nasib Instruktur Yoga WN India di Surabaya, Gaji Menunggak Ratusan Juta, Visa Habis November 2026
""Menjatuhkan pidana kepada terdakwa Piyush Sharma dan terdakwa Yash Raj Singh Gaur dengan pidana penjara masing-masing selama 2 (dua) tahun 6 (enam) bulan,"" kata hakim dalam putusan yang diterima Kompas.com, Kamis (8/10/2026).
Sementara itu, 33 terdakwa lainnya masing-masing divonis dua tahun penjara.","Mereka adalah Abhishek Sharma, Govind Singh, Mahaveer Prasad Bhadu, Akash Singh, Ankit, Dharamveer Singh Tanwar, Mohamad Nadim Mohamad Aslam Shaikh, Bhawani Singh, Surendra Singh, Hardeep, Balveer Singh, Sagar Bhati, Yashwant Singh, Kishan Singh, dan Vinay.




Kemudian Yash Sony, Sunil Kumar, Lalit Kumar Chobisa, Jitendra Kumar Upadhyay, Parag, Gourav, Amit Soni, Manish Kumar Sharma, Arman Singh Brar, Vikram Singh, Ajay Kumar Sharma, Manpreet Singh, Rohit Sharma, Pankaj Chand Ramola, Sahil, Sahil Singh, Jitendra Gaur, dan Ankit Vairagi.Selain menjatuhkan hukuman penjara, majelis hakim memerintahkan seluruh terdakwa dideportasi dari Indonesia setelah selesai menjalani pidana. Mereka juga dilarang masuk kembali ke wilayah Indonesia.
Putusan tersebut lebih ringan dibandingkan tuntutan Jaksa Penuntut Umum (JPU) Ni Made N Lumisensi.
Dalam tuntutannya, jaksa meminta Piyush Sharma dan Yash Raj Singh Gaur dihukum masing-masing lima tahun penjara.","Pada Hari Kamis , 8 Oktober 2026 01:55, Tabanan, Tabanan, Bali

BADUNG, KOMPAS.com - Sebanyak 35 warga negara asing (WNA) asal India divonis bersalah dalam kasus judi online di Bali. Mereka dijatuhi hukuman penjara antara dua tahun hingga dua tahun enam bulan dalam sidang putusan di Pengadilan Negeri (PN) Denpasar, Bali, Rabu (7/10/2026).
Para terdakwa terdiri dari operator deposit, operator penarikan dana atau withdraw, hingga pengelola dan promosi situs judi online.Majelis hakim yang diketuai Putu Gde Novyartha dengan hakim anggota Ni Luh Putu Partiwi dan Syahbuddin menjatuhkan hukuman berbeda kepada dua terdakwa, yakni Piyush Sharma dan Yash Raj Singh Gaur.
Baca juga: Nasib Instruktur Yoga WN India di Surabaya, Gaji Menunggak Ratusan Juta, Visa Habis November 2026
""Menjatuhkan pidana kepada terdakwa Piyush Sharma dan terdakwa Yash Raj Singh Gaur dengan pidana penjara masing-masing selama 2 (dua) tahun 6 (enam) bulan,"" kata hakim dalam putusan yang diterima Kompas.com, Kamis (8/10/2026).
Sementara itu, 33 terdakwa lainnya masing-masing divonis dua tahun penjara. Mereka adalah Abhishek Sharma, Govind Singh, Mahaveer Prasad Bhadu, Akash Singh, Ankit, Dharamveer Singh Tanwar, Mohamad Nadim Mohamad Aslam Shaikh, Bhawani Singh, Surendra Singh, Hardeep, Balveer Singh, Sagar Bhati, Yashwant Singh, Kishan Singh, dan Vinay.




Kemudian Yash Sony, Sunil Kumar, Lalit Kumar Chobisa, Jitendra Kumar Upadhyay, Parag, Gourav, Amit Soni, Manish Kumar Sharma, Arman Singh Brar, Vikram Singh, Ajay Kumar Sharma, Manpreet Singh, Rohit Sharma, Pankaj Chand Ramola, Sahil, Sahil Singh, Jitendra Gaur, dan Ankit Vairagi.Selain menjatuhkan hukuman penjara, majelis hakim memerintahkan seluruh terdakwa dideportasi dari Indonesia setelah selesai menjalani pidana. Mereka juga dilarang masuk kembali ke wilayah Indonesia.
Putusan tersebut lebih ringan dibandingkan tuntutan Jaksa Penuntut Umum (JPU) Ni Made N Lumisensi.
Dalam tuntutannya, jaksa meminta Piyush Sharma dan Yash Raj Singh Gaur dihukum masing-masing lima tahun penjara. Sementara itu, 33 terdakwa lainnya dituntut empat tahun penjara.Baca juga: 2 WN India Ditangkap di Bandara Ngurah Rai, Diduga Selundupkan 10 Kg Ganja dari Thailand
Kelola judi online di dua vila
Dalam dakwaan jaksa disebutkan, kasus ini terungkap setelah Tim Siber Polda Bali melakukan patroli siber pada awal Februari 2026.
Petugas menemukan akun Instagram @ekdant_book yang mempromosikan judi online. Hasil penelusuran kemudian mengarah ke sebuah vila di Jalan Subak Daksina, Desa Tibubeneng, Kecamatan Kuta Utara, Badung.
Pada 3 Februari 2026, polisi menggeledah vila tersebut dan menemukan 17 WNA asal India. Mereka disebut mengelola situs judi online dengan tugas berbeda, mulai dari operator deposit, operator withdraw, hingga promosi.Dari pemeriksaan, petugas juga mengetahui adanya lokasi kedua di sebuah vila di Jalan Raya Munggu, Desa Cepaka, Kecamatan Kediri, Tabanan.
Di vila tersebut ditemukan 18 WNA India lainnya yang juga disebut mengelola judi online.
Piyush Sharma disebut berperan sebagai koordinator. Sementara Yash Raj Singh Gaur bertugas sebagai administrator sekaligus mempromosikan situs judi online melalui akun Instagram @ekdant_book.
Para terdakwa bekerja secara bergantian menggunakan laptop dan telepon seluler. Mereka menerima upah dari perusahaan yang disebut berpusat di Dubai dengan besaran sekitar Rp 5 juta hingga Rp 8 juta per bulan.


    
        Bayangkan seorang anak Indonesia bercita-cita menjadi dokter tetapi hanya memiliki satu buku lusuh untuk belajar. Bersama Ekspedisi Kata ke Nyata Kompas.com, Anda bisa membantu mengubah kisah itu. Mari hadirkan akses literasi bagi anak-anak di berbagai pelosok Indonesia melalui donasi lewat tautan https://bit.ly/JagatLiterasi2026. Setiap kebaikan yang Anda berikan bukan hanya membuka jendela pengetahuan, tetapi juga membuka masa depan mereka.",Kompas.com,"Dajan Peken, 82114, Tabanan, Tabanan, Bali, Indonesia",-8.536609490935,115.13552944186335,5,"2, 7","kejaksaan, kejatibali, kejaritabanan, tabanan, news"
Tak Punya Uang untuk Pulang WNA Ghana Overstay 216 Hari dan Main Sepak Bola Tarkam di Semarang,2026-10-07T04:00:00.000Z,"Kabupaten Tabanan, Bali, Indonesia","Tak Punya Uang untuk Pulang, WNA Ghana Overstay 216 Hari dan Main Sepak Bola Tarkam di Semarang - Kompas.com","SEMARANG, KOMPAS.com - Seorang warga negara asing (WNA) asal Ghana berinisial GKF harus menjalani proses deportasi setelah terbukti melanggar aturan keimigrasian di Indonesia.
GKF diketahui telah melebihi batas waktu tinggal atau overstay selama sekitar 216 hari. Ia juga menggunakan Izin Tinggal Kunjungan untuk mencari penghasilan sebagai pemain sepak bola antarkampung (tarkam) berbayar.Karena tidak memiliki uang untuk membeli tiket pesawat pulang ke negara asalnya, GKF kemudian dipindahkan ke Rumah Detensi Imigrasi (Rudenim) untuk menunggu proses deportasi.
Kepala Bidang Intelijen dan Penindakan Keimigrasian Kantor Imigrasi Kelas I Khusus TPI Semarang Haryono Susilo mengatakan, penanganan GKF dilanjutkan melalui Rudenim karena yang bersangkutan tidak mampu membiayai kepulangannya.
""Karena yang bersangkutan tidak mampu membeli tiket kepulangan, penanganannya dilanjutkan melalui penyerahan ke Rumah Detensi Imigrasi untuk mendukung proses persiapan dan pelaksanaan deportasi,"" kata Haryono, dikutip dari Tribun Jateng, Selasa (6/10/2026).
Baca juga: WNA Jerman Tewas Terseret Ombak Saat Berenang di Pantai Petangahan Tabanan




Izin Tinggal Sudah Kedaluwarsa Sejak Februari
Kasus GKF terungkap setelah tim Imigrasi Semarang melakukan operasi pengawasan keberadaan WNA.
Petugas mengamankan GKF di sebuah rumah indekos yang disewanya di kawasan Tlogosari Kulon, Kecamatan Pedurungan, Kota Semarang, Jumat (25/9/2026).
Dari hasil pemeriksaan identitas, GKF diketahui memegang Izin Tinggal Kunjungan indeks C1.","Namun, izin tinggal tersebut telah berakhir sejak 21 Februari 2026.
Saat diamankan, GKF diperkirakan telah mengalami overstay selama sekitar 216 hari.
""Yang bersangkutan diketahui menjadi pemain tarkam bayaran dengan menggunakan Izin Tinggal Kunjungan. Pemeriksaan juga menunjukkan bahwa izin tinggalnya telah berakhir pada 21 Februari 2026, dengan perkiraan overstay sekitar 216 hari pada saat diamankan,"" ujar Haryono.
Baca juga: Imigrasi Ngurah Rai Deportasi 9 WNA dari Bali, Termasuk 2 Investor Abal-abal
Gunakan Izin Kunjungan untuk Cari Penghasilan
Selain persoalan masa tinggal, petugas menemukan GKF melakukan aktivitas berbayar sebagai pemain sepak bola tarkam.Menurut Imigrasi Semarang, aktivitas tersebut tidak sesuai dengan peruntukan Izin Tinggal Kunjungan indeks C1.
Pemegang izin tersebut tidak diperbolehkan menerima upah, imbalan, atau menjual jasa kepada perorangan maupun korporasi di Indonesia.
Dengan demikian, keberadaan GKF di Indonesia bermasalah dalam dua aspek, yakni masa tinggal yang telah melewati batas dan penggunaan izin kunjungan untuk melakukan aktivitas berbayar.
Baca juga: Dituduh Tabrak Pengendara di Bali, WNA Portugal Mengaku Dihadang, Dipukul, dan Dimintai Uang Rp 20 Juta
Dipindahkan ke Rumah Detensi
Atas pelanggaran tersebut, GKF terancam dikenai Tindakan Administratif Keimigrasian berupa deportasi dan penangkalan masuk ke wilayah Indonesia.
Ketentuan tersebut mengacu pada Pasal 78 ayat (3) Undang-Undang Nomor 6 Tahun 2011 tentang Keimigrasian bagi orang asing yang melampaui izin tinggal lebih dari 60 hari.
Namun, proses kepulangan GKF tidak dapat langsung dilakukan karena ia mengaku tidak memiliki biaya untuk membeli tiket pesawat.
Imigrasi Semarang kemudian menyerahkannya ke Rumah Detensi Imigrasi untuk mendukung persiapan dan pelaksanaan deportasi.
Kepala Kantor Imigrasi Kelas I Khusus TPI Semarang Ari Widodo mengingatkan seluruh WNA dan pihak penjamin di Indonesia agar menggunakan dokumen keimigrasian sesuai dengan tujuan dan kegiatan yang diperbolehkan.
""Setiap orang asing wajib menggunakan izin tinggal sesuai dengan tujuan dan kegiatan yang diperbolehkan.","Pada Hari Rabu , 7 Oktober 2026 04:00, Tabanan, Tabanan, Bali

SEMARANG, KOMPAS.com - Seorang warga negara asing (WNA) asal Ghana berinisial GKF harus menjalani proses deportasi setelah terbukti melanggar aturan keimigrasian di Indonesia.
GKF diketahui telah melebihi batas waktu tinggal atau overstay selama sekitar 216 hari. Ia juga menggunakan Izin Tinggal Kunjungan untuk mencari penghasilan sebagai pemain sepak bola antarkampung (tarkam) berbayar.Karena tidak memiliki uang untuk membeli tiket pesawat pulang ke negara asalnya, GKF kemudian dipindahkan ke Rumah Detensi Imigrasi (Rudenim) untuk menunggu proses deportasi.
Kepala Bidang Intelijen dan Penindakan Keimigrasian Kantor Imigrasi Kelas I Khusus TPI Semarang Haryono Susilo mengatakan, penanganan GKF dilanjutkan melalui Rudenim karena yang bersangkutan tidak mampu membiayai kepulangannya.
""Karena yang bersangkutan tidak mampu membeli tiket kepulangan, penanganannya dilanjutkan melalui penyerahan ke Rumah Detensi Imigrasi untuk mendukung proses persiapan dan pelaksanaan deportasi,"" kata Haryono, dikutip dari Tribun Jateng, Selasa (6/10/2026).
Baca juga: WNA Jerman Tewas Terseret Ombak Saat Berenang di Pantai Petangahan Tabanan




Izin Tinggal Sudah Kedaluwarsa Sejak Februari
Kasus GKF terungkap setelah tim Imigrasi Semarang melakukan operasi pengawasan keberadaan WNA.
Petugas mengamankan GKF di sebuah rumah indekos yang disewanya di kawasan Tlogosari Kulon, Kecamatan Pedurungan, Kota Semarang, Jumat (25/9/2026).
Dari hasil pemeriksaan identitas, GKF diketahui memegang Izin Tinggal Kunjungan indeks C1. Namun, izin tinggal tersebut telah berakhir sejak 21 Februari 2026.
Saat diamankan, GKF diperkirakan telah mengalami overstay selama sekitar 216 hari.
""Yang bersangkutan diketahui menjadi pemain tarkam bayaran dengan menggunakan Izin Tinggal Kunjungan. Pemeriksaan juga menunjukkan bahwa izin tinggalnya telah berakhir pada 21 Februari 2026, dengan perkiraan overstay sekitar 216 hari pada saat diamankan,"" ujar Haryono.
Baca juga: Imigrasi Ngurah Rai Deportasi 9 WNA dari Bali, Termasuk 2 Investor Abal-abal
Gunakan Izin Kunjungan untuk Cari Penghasilan
Selain persoalan masa tinggal, petugas menemukan GKF melakukan aktivitas berbayar sebagai pemain sepak bola tarkam.Menurut Imigrasi Semarang, aktivitas tersebut tidak sesuai dengan peruntukan Izin Tinggal Kunjungan indeks C1.
Pemegang izin tersebut tidak diperbolehkan menerima upah, imbalan, atau menjual jasa kepada perorangan maupun korporasi di Indonesia.
Dengan demikian, keberadaan GKF di Indonesia bermasalah dalam dua aspek, yakni masa tinggal yang telah melewati batas dan penggunaan izin kunjungan untuk melakukan aktivitas berbayar.
Baca juga: Dituduh Tabrak Pengendara di Bali, WNA Portugal Mengaku Dihadang, Dipukul, dan Dimintai Uang Rp 20 Juta
Dipindahkan ke Rumah Detensi
Atas pelanggaran tersebut, GKF terancam dikenai Tindakan Administratif Keimigrasian berupa deportasi dan penangkalan masuk ke wilayah Indonesia.
Ketentuan tersebut mengacu pada Pasal 78 ayat (3) Undang-Undang Nomor 6 Tahun 2011 tentang Keimigrasian bagi orang asing yang melampaui izin tinggal lebih dari 60 hari.
Namun, proses kepulangan GKF tidak dapat langsung dilakukan karena ia mengaku tidak memiliki biaya untuk membeli tiket pesawat.
Imigrasi Semarang kemudian menyerahkannya ke Rumah Detensi Imigrasi untuk mendukung persiapan dan pelaksanaan deportasi.
Kepala Kantor Imigrasi Kelas I Khusus TPI Semarang Ari Widodo mengingatkan seluruh WNA dan pihak penjamin di Indonesia agar menggunakan dokumen keimigrasian sesuai dengan tujuan dan kegiatan yang diperbolehkan.
""Setiap orang asing wajib menggunakan izin tinggal sesuai dengan tujuan dan kegiatan yang diperbolehkan. Izin kunjungan tidak dapat digunakan untuk melakukan pekerjaan berbayar. Kami akan terus melakukan pengawasan dan menindak tegas setiap pelanggaran secara profesional,"" ujar Ari.
Sebagian artikel ini telah tayang di TribunBanyumas.com dengan judul Salahi Izin Tinggal Demi Main Sepak Bola Tarkam, WNA Asal Ghana Terancam Dideportasi.
    
        Bayangkan seorang anak Indonesia bercita-cita menjadi dokter tetapi hanya memiliki satu buku lusuh untuk belajar. Bersama Ekspedisi Kata ke Nyata Kompas.com, Anda bisa membantu mengubah kisah itu. Mari hadirkan akses literasi bagi anak-anak di berbagai pelosok Indonesia melalui donasi lewat tautan https://bit.ly/JagatLiterasi2026. Setiap kebaikan yang Anda berikan bukan hanya membuka jendela pengetahuan, tetapi juga membuka masa depan mereka.",Kompas.com,"Dajan Peken, 82114, Tabanan, Tabanan, Bali, Indonesia",-8.536609490935,115.13552944186335,5,"2, 7","kejaksaan, kejatibali, kejaritabanan, tabanan, news"
Korupsi Bansos Rugikan Negara Rp 19 M Saksi Sebut Pembagian Bantuan untuk Cipta Kondisi Jelang Pemilu 2024,2026-10-08T11:13:00.000Z,"Kabupaten Tabanan, Bali, Indonesia","Korupsi Bansos Rugikan Negara Rp 1,9 M, Saksi Sebut Pembagian Bantuan untuk Cipta Kondisi Jelang Pemilu 2024 - Kompas.com","MEDAN, KOMPAS.com - Anggota Kepolisian Resor (Polres) Labuhanbatu Selatan (Labusel) berpangkat Brigadir Polisi Kepala atau Bripka Yasir Lubis mengakui bahwa pembagian bantuan Penyandang Masalah Kesejahteraan Sosial (PMKS) pada Dinas Sosial ke masyarakat untuk cipta kondisi jelang Pemilihan Umum (Pemilu) 2024.
Menantu mantan Bupati Labusel, Edimin, ini mengungkapkan itu saat memberi keterangan dalam kasus dugaan korupsi PMKS di ruang Cakra 9 Pengadilan Negeri Medan, Rabu (8/10/2026) sore.
Dia dihadirkan sebagai saksi untuk pembuktian lima orang terdakwa, diantaranya mantan Pelaksana tugas (Plt) Kepala Dinas Sosial, Nurhamimah, pemilik CV Sri Rezeki, Himalayani Nasution.Kemudian Pejabat Pembuat Komitmen (PPK), Rully Novanda, seorang pekerja yang diminta membantu membuat e-katalog CV Sri Rezeki, Andri Budiana alias Itong, dan Pelaksana Teknis Kegiatan, Putra Fauzi.
Baca juga: Bacakan Pleidoi Kasus Korupsi, Bupati Pekalongan Fadia Arafiq Ngaku Terima Uang dan Hadiah dari Pejabat
Perkara ini terkait pengadaan dan penyaluran bantuan senilai Rp 691.362.340, dan fasilitasi bantuan sosial kesejahteraan keluarga sebesar Rp 3.399.821.982.




Berdasarkan hasil penyidikan, penyidik Kejari Labusel menemukan kerugian keuangan negara sebesar Rp1.903.361.836. 
Saat sidang, kuasa hukum terdakwa Putra, awalnya bertanya pada Yasir mengenai bagaimana situasi atau keadaan di Labusel menjelang Pemilu 2024.
""Aman terkendali dan tidak ada apa-apa yang terjadi,"" jawab Yasir, yang sebelumnya sudah jadi tersangka dalam perkara ini, tapi batal setelah menang praperadilan.Baca juga: Terdakwa Korupsi Fadia Arafiq Menangis Saat Baca Pleidoi: Saya Kecewa dengan Keadaan
Dia menanyakan hal tersebut karena Yasir menerangkan dalam berita acara pemeriksaan bahwa pembagian bantuan pada acara cooling system tujuannya mendinginkan masyarakat menjelang Pemilu.
Saksi Yasir mengetahui pengambilan barang bantuan tersebut dari Dinas Sosial berdasarkan perintah Kapolres Labusel dan ditaruh di pendopo untuk selanjutnya dibagikan ke masyarakat.
""Makanya saya bertanya, fungsi cooling system nya untuk mendinginkan. Bagaimana keadaan sebenarnya masyarakat waktu menuju Pemilu di sana,"" tanya kuasa hukum.
""Saya kurang tahu, pak,"" jawab Yasir.
Baca juga: Mantan Wabup Sumbawa Didakwa Perkaya Diri Rp 117 Juta dalam Kasus Korupsi Masker Covid-19
Mendengar jawaban begitu, hakim ketua, Cipto Nababan, memotong percakapan dengan mempertanyakan jawaban Yasir.","Kalau kurang tahu, kenapa jawab seperti itu, tanya hakim.
""Izin, Yang Mulia, di samping tugas dan jabatan sehari-hari ditunjuk sebagai panitia kegiatan bakti kesehatan dan bantuan sosial kepada masyarakat, sekaligus cooling system dalam rangka cipta kondisi menjelang Pemilu serentak tahun 2024 di wilayah hukum Polres Labuhanbatu,"" ujar Yasir.
Namun Yasir membantah keterkaitannya dengan program pembagian bantuan itu, termasuk tidak mengetahui adanya kegiatan itu hingga menyatakan tak pernah bertemu dengan Plt Kadis..","Pada Hari Kamis , 8 Oktober 2026 11:13, Tabanan, Tabanan, Bali

MEDAN, KOMPAS.com - Anggota Kepolisian Resor (Polres) Labuhanbatu Selatan (Labusel) berpangkat Brigadir Polisi Kepala atau Bripka Yasir Lubis mengakui bahwa pembagian bantuan Penyandang Masalah Kesejahteraan Sosial (PMKS) pada Dinas Sosial ke masyarakat untuk cipta kondisi jelang Pemilihan Umum (Pemilu) 2024.
Menantu mantan Bupati Labusel, Edimin, ini mengungkapkan itu saat memberi keterangan dalam kasus dugaan korupsi PMKS di ruang Cakra 9 Pengadilan Negeri Medan, Rabu (8/10/2026) sore.
Dia dihadirkan sebagai saksi untuk pembuktian lima orang terdakwa, diantaranya mantan Pelaksana tugas (Plt) Kepala Dinas Sosial, Nurhamimah, pemilik CV Sri Rezeki, Himalayani Nasution.Kemudian Pejabat Pembuat Komitmen (PPK), Rully Novanda, seorang pekerja yang diminta membantu membuat e-katalog CV Sri Rezeki, Andri Budiana alias Itong, dan Pelaksana Teknis Kegiatan, Putra Fauzi.
Baca juga: Bacakan Pleidoi Kasus Korupsi, Bupati Pekalongan Fadia Arafiq Ngaku Terima Uang dan Hadiah dari Pejabat
Perkara ini terkait pengadaan dan penyaluran bantuan senilai Rp 691.362.340, dan fasilitasi bantuan sosial kesejahteraan keluarga sebesar Rp 3.399.821.982.




Berdasarkan hasil penyidikan, penyidik Kejari Labusel menemukan kerugian keuangan negara sebesar Rp1.903.361.836. 
Saat sidang, kuasa hukum terdakwa Putra, awalnya bertanya pada Yasir mengenai bagaimana situasi atau keadaan di Labusel menjelang Pemilu 2024.
""Aman terkendali dan tidak ada apa-apa yang terjadi,"" jawab Yasir, yang sebelumnya sudah jadi tersangka dalam perkara ini, tapi batal setelah menang praperadilan.Baca juga: Terdakwa Korupsi Fadia Arafiq Menangis Saat Baca Pleidoi: Saya Kecewa dengan Keadaan
Dia menanyakan hal tersebut karena Yasir menerangkan dalam berita acara pemeriksaan bahwa pembagian bantuan pada acara cooling system tujuannya mendinginkan masyarakat menjelang Pemilu.
Saksi Yasir mengetahui pengambilan barang bantuan tersebut dari Dinas Sosial berdasarkan perintah Kapolres Labusel dan ditaruh di pendopo untuk selanjutnya dibagikan ke masyarakat.
""Makanya saya bertanya, fungsi cooling system nya untuk mendinginkan. Bagaimana keadaan sebenarnya masyarakat waktu menuju Pemilu di sana,"" tanya kuasa hukum.
""Saya kurang tahu, pak,"" jawab Yasir.
Baca juga: Mantan Wabup Sumbawa Didakwa Perkaya Diri Rp 117 Juta dalam Kasus Korupsi Masker Covid-19
Mendengar jawaban begitu, hakim ketua, Cipto Nababan, memotong percakapan dengan mempertanyakan jawaban Yasir. Kalau kurang tahu, kenapa jawab seperti itu, tanya hakim.
""Izin, Yang Mulia, di samping tugas dan jabatan sehari-hari ditunjuk sebagai panitia kegiatan bakti kesehatan dan bantuan sosial kepada masyarakat, sekaligus cooling system dalam rangka cipta kondisi menjelang Pemilu serentak tahun 2024 di wilayah hukum Polres Labuhanbatu,"" ujar Yasir.
Namun Yasir membantah keterkaitannya dengan program pembagian bantuan itu, termasuk tidak mengetahui adanya kegiatan itu hingga menyatakan tak pernah bertemu dengan Plt Kadis.",Kompas.com,"Dajan Peken, 82114, Tabanan, Tabanan, Bali, Indonesia",-8.536609490935,115.13552944186335,5,"2, 7","kejaksaan, kejatibali, kejaritabanan, tabanan, news"
Wisata Bali Kebun Raya Eka Karya di Tabanan Buka Kembali,2020-07-22T07:00:00.000Z,"Kabupaten Tabanan, Bali, Indonesia","Wisata Bali, Kebun Raya Eka Karya di Tabanan Buka Kembali - Kompas.com","KOMPAS.com - Lembaga Ilmu Pengetahuan Indonesia (LIPI) membuka kembali Kebun Raya Eka Karya Bali pada Rabu (22/7/2020) dengan penerapan protokol pencegahan Covid-19.
""Pembukaan ini menjadi momentum bagi Kebun Raya Eka Karya Bali untuk kembali memberikan layanan eduwisata dengan standar layanan yang lebih baik sesuai dengan Protokol Kesehatan,"" kata Kepala Balai Konservasi Tumbuhan Kebun Raya Eka Karya Bali LIPI Didit Okta Pribadi dalam keterangan tertulis yang diterima ANTARA, Selasa (21/7/2020).Baca juga: Kebun Raya Bogor Buka Kembali, Pesan Tiket Online Dulu
Pembukaan kembali tersebut merujuk pada Surat Keputusan Kepala LIPI Nomor 155/F/2020 tentang Pembukaan Kembali Layanan Kebun Raya di Lingkungan LIPI dan disertai dengan sejumlah protokol kunjungan di kawasan Kebun Raya.
Kebun Raya Eka Karya Bali kembali dibuka untuk kunjungan umum setelah pihak pengelola menerima Sertifikat Tatanan Kehidupan Era Baru Bidang Pariwisata Menuju Tabanan Aman dan Produktif Nomor 556/2353/DISPAR yang diserahkan oleh Bupati Tabanan Ni Putu Eka Wiryastuti pada Senin (20/7).
Sebelumnya, LIPI telah membuka kembali Kebun Raya Bogor dan Kebun Raya Cibodas pada 7 Juli 2020.




https://kebunraya.id/bal Kebun Raya Eka Karya Bali 
Pembatasan pengunjungDidit mengatakan selain menjalankan protokol kesehatan, pembukaan kembali Kebun Raya Eka Karya Bali juga menerapkan fase nol dengan ketentuan pembatasan kuota pengunjung sebanyak 1.500 orang dalam satu waktu.
""Untuk dapat melangkah ke fase berikutnya, pelaksanaan fase nol ini akan dievaluasi secara bertahap, jika sudah memenuhi standar, baru boleh mengimplementasikan fase selanjutnya dengan penambahan kuota pengunjung,” ujar Didit.
Dia menuturkan ada tiga fase yang harus dilalui hingga mencapai standar pelayanan publik sesuai dengan ketentuan adaptasi kebiasaan baru.
Didit berharap pengunjung dapat mengikuti protokol kunjungan yang berlaku di Kebun Raya Eka Karya Bali untuk bersama-sama membantu mencegah penyebaran pandemi Covid-19.
Baca juga: 5 Tempat Wisata di Tabanan Bali Buka Kembali, Salah Satunya Tanah Lot
Protokol kesehatanSelama berkunjung di Kebun Raya Eka Karya Bali, pengunjung diwajibkan untuk memakai masker dan selalu menjaga jarak aman.
""Kami telah menyediakan fasilitas cuci tangan dengan touchless sanitizer di beberapa titik area kebun, namun disarankan pengunjung untuk selalu membawa hand sanitizer sendiri,"" tutur Didit.
Penyemprotan disinfektan ke fasilitas publik seperti toilet, kursi taman, dan mobil wisata juga dilakukan dengan frekuensi sesering mungkin.Selain itu, informasi mengenai protokol kunjungan di kawasan Kebun Raya Eka Karya Bali akan dipampang di titik-titik strategis, serta diinformasikan secara berkala kepada pengunjung.
Kebun Raya Eka Karya Bali memiliki beberapa spot menarik, seperti Taman Paku yang berisi koleksi tanaman-tanaman paku. Lalu ada Taman Surya Nirwana dengan pemandangan indah ke Danau Beratan dan Bukit Pengelengan.
Tiket online
Tiket masuk Kebun Raya Eka Karya Bali dapat dibeli dalam jaringan (online) melalui https://tiketkebunraya.id yang langsung terintegrasi dengan ponsel pintar.Untuk membeli tiket secara online, harus mendaftar terlebih dahulu dengan klik register pada laman tersebut.
Harga tiket masuk untuk wisatawan domestik Rp 9.000 dan wisatawan asing Rp 17.000.
Tiket masuk mobil juga bisa dibeli secara online, harganya Rp 11.000.","Namun kendaraan roda empat hanya diizinkan masuk pada hari Sabtu dan Minggu.Saat pembelian tiket secara online, dalam web juga terpampang kapasitas total pengunjung pada hari tersebut.
Lokasi
Kebun Raya Eka Karya Bali berada di Jl. Kebun Raya, Candikuning, Kecamatan Baturiti, Tabanan.","Pada Hari Rabu , 22 Juli 2020 07:00, Tabanan, Tabanan, Bali

KOMPAS.com - Lembaga Ilmu Pengetahuan Indonesia (LIPI) membuka kembali Kebun Raya Eka Karya Bali pada Rabu (22/7/2020) dengan penerapan protokol pencegahan Covid-19.
""Pembukaan ini menjadi momentum bagi Kebun Raya Eka Karya Bali untuk kembali memberikan layanan eduwisata dengan standar layanan yang lebih baik sesuai dengan Protokol Kesehatan,"" kata Kepala Balai Konservasi Tumbuhan Kebun Raya Eka Karya Bali LIPI Didit Okta Pribadi dalam keterangan tertulis yang diterima ANTARA, Selasa (21/7/2020).Baca juga: Kebun Raya Bogor Buka Kembali, Pesan Tiket Online Dulu
Pembukaan kembali tersebut merujuk pada Surat Keputusan Kepala LIPI Nomor 155/F/2020 tentang Pembukaan Kembali Layanan Kebun Raya di Lingkungan LIPI dan disertai dengan sejumlah protokol kunjungan di kawasan Kebun Raya.
Kebun Raya Eka Karya Bali kembali dibuka untuk kunjungan umum setelah pihak pengelola menerima Sertifikat Tatanan Kehidupan Era Baru Bidang Pariwisata Menuju Tabanan Aman dan Produktif Nomor 556/2353/DISPAR yang diserahkan oleh Bupati Tabanan Ni Putu Eka Wiryastuti pada Senin (20/7).
Sebelumnya, LIPI telah membuka kembali Kebun Raya Bogor dan Kebun Raya Cibodas pada 7 Juli 2020.




https://kebunraya.id/bal Kebun Raya Eka Karya Bali 
Pembatasan pengunjungDidit mengatakan selain menjalankan protokol kesehatan, pembukaan kembali Kebun Raya Eka Karya Bali juga menerapkan fase nol dengan ketentuan pembatasan kuota pengunjung sebanyak 1.500 orang dalam satu waktu.
""Untuk dapat melangkah ke fase berikutnya, pelaksanaan fase nol ini akan dievaluasi secara bertahap, jika sudah memenuhi standar, baru boleh mengimplementasikan fase selanjutnya dengan penambahan kuota pengunjung,” ujar Didit.
Dia menuturkan ada tiga fase yang harus dilalui hingga mencapai standar pelayanan publik sesuai dengan ketentuan adaptasi kebiasaan baru.
Didit berharap pengunjung dapat mengikuti protokol kunjungan yang berlaku di Kebun Raya Eka Karya Bali untuk bersama-sama membantu mencegah penyebaran pandemi Covid-19.
Baca juga: 5 Tempat Wisata di Tabanan Bali Buka Kembali, Salah Satunya Tanah Lot
Protokol kesehatanSelama berkunjung di Kebun Raya Eka Karya Bali, pengunjung diwajibkan untuk memakai masker dan selalu menjaga jarak aman.
""Kami telah menyediakan fasilitas cuci tangan dengan touchless sanitizer di beberapa titik area kebun, namun disarankan pengunjung untuk selalu membawa hand sanitizer sendiri,"" tutur Didit.
Penyemprotan disinfektan ke fasilitas publik seperti toilet, kursi taman, dan mobil wisata juga dilakukan dengan frekuensi sesering mungkin.Selain itu, informasi mengenai protokol kunjungan di kawasan Kebun Raya Eka Karya Bali akan dipampang di titik-titik strategis, serta diinformasikan secara berkala kepada pengunjung.
Kebun Raya Eka Karya Bali memiliki beberapa spot menarik, seperti Taman Paku yang berisi koleksi tanaman-tanaman paku. Lalu ada Taman Surya Nirwana dengan pemandangan indah ke Danau Beratan dan Bukit Pengelengan.
Tiket online
Tiket masuk Kebun Raya Eka Karya Bali dapat dibeli dalam jaringan (online) melalui https://tiketkebunraya.id yang langsung terintegrasi dengan ponsel pintar.Untuk membeli tiket secara online, harus mendaftar terlebih dahulu dengan klik register pada laman tersebut.
Harga tiket masuk untuk wisatawan domestik Rp 9.000 dan wisatawan asing Rp 17.000.
Tiket masuk mobil juga bisa dibeli secara online, harganya Rp 11.000. Namun kendaraan roda empat hanya diizinkan masuk pada hari Sabtu dan Minggu.Saat pembelian tiket secara online, dalam web juga terpampang kapasitas total pengunjung pada hari tersebut.
Lokasi
Kebun Raya Eka Karya Bali berada di Jl. Kebun Raya, Candikuning, Kecamatan Baturiti, Tabanan. Tempat ini berlokasi di Bedugul, sekitar 60 kilometer dari Denpasar. (Martha Herlinawati S/Erafzon Saptiyulda AS)
    
        Bayangkan seorang anak Indonesia bercita-cita menjadi dokter tetapi hanya memiliki satu buku lusuh untuk belajar. Bersama Ekspedisi Kata ke Nyata Kompas.com, Anda bisa membantu mengubah kisah itu. Mari hadirkan akses literasi bagi anak-anak di berbagai pelosok Indonesia melalui donasi lewat tautan https://bit.ly/JagatLiterasi2026. Setiap kebaikan yang Anda berikan bukan hanya membuka jendela pengetahuan, tetapi juga membuka masa depan mereka.",Kompas.com,"Dajan Peken, 82114, Tabanan, Tabanan, Bali, Indonesia",-8.536609490935,115.13552944186335,5,"2, 7","kejaksaan, kejatibali, kejaritabanan, tabanan, news"
Hindus Throng Festival at Penataran Agung Temple of Ulundanu Beratan,2019-07-10T07:00:00.000Z,"Kabupaten Tabanan, Bali, Indonesia",Hindus Throng Festival at Penataran Agung Temple of Ulundanu Beratan - BALIPOST.com,"TABANAN, BALIPOST.com — Thousands of pilgrims from various regions thronged Penataran Agung Temple of Ulundanu Beratan, Baturiti, on Tuesday (Jul. 9) that coincided with Anggarakasih Julungwangi.","They came to say prayers in a series of Pujawali Ageng or grandiose ceremonies held at the local temple.Nevertheless, on days such as full moon, new moon and other major Hindu holidays, many Hindus also come to perform joint worship including the Melasti and Nyegara Gunung ceremonies. Regarding the pujawali ageng, Coordinator of Ulundanu Beratan Temple, I Putu Suma Artha, stated the series of pujawali ceremonies had been started since the beginning of the month or precisely on July 2, 2019 consisting of pengalah sasih and negtegan carried out by the supporting pilgrims of the Ulundanu Beratan Temple.","Pada Hari Rabu , 10 Juli 2019 07:00, Tabanan, Tabanan, Bali

TABANAN, BALIPOST.com — Thousands of pilgrims from various regions thronged Penataran Agung Temple of Ulundanu Beratan, Baturiti, on Tuesday (Jul. 9) that coincided with Anggarakasih Julungwangi. They came to say prayers in a series of Pujawali Ageng or grandiose ceremonies held at the local temple.Nevertheless, on days such as full moon, new moon and other major Hindu holidays, many Hindus also come to perform joint worship including the Melasti and Nyegara Gunung ceremonies. Regarding the pujawali ageng, Coordinator of Ulundanu Beratan Temple, I Putu Suma Artha, stated the series of pujawali ceremonies had been started since the beginning of the month or precisely on July 2, 2019 consisting of pengalah sasih and negtegan carried out by the supporting pilgrims of the Ulundanu Beratan Temple. Then, it was resumed on July 6 with the pakeling pujawali ceremony, mendak pekuluh and ngias. Meanwhile, the mecaru and mesucian ceremony were held on Monday or Soma Wage (Jul. 8), and then peak of the pujawali ageng was held on Anggarakasih Julungwangi or Tuesday (Jul. 9) commenced with the piodalan in the respective lawa. After holding the peak of piodalan, there were nganyarin ceremonies for three days and was closed on Sukra Pon or Friday (Jul. 12). “This piodalan is not only an obligation of the supporting pilgrims, but also has the objective to result in harmony as well as prosperity of life for the community or the entire Hindu fellows,” he said. He explained that Ulundanu Beratan Temple is supported by 800 families from 4 satakan villages or gebog satak, consisting of 15 customary villages and three chief of core customary villages and Marga Grand Place serves patron. Ulundanu Beratan Temple at Bedugul is also one of the most popular tourist attractions in Bali, located at Candi Kuning village, Baturiti, Tabanan. Aside from being a historical tourism, the pilgrims can take pleasure in natural attractions and lake water recreation activities. (Puspawati/balipost)",BALIPOST.com,"Dajan Peken, 82114, Tabanan, Tabanan, Bali, Indonesia",-8.536609490935,115.13552944186335,5,"2, 7","kejaksaan, kejatibali, kejaritabanan, tabanan, news"
Harga Bahan Pangan di Tabanan Mulai Melonjak,2024-04-18T07:00:00.000Z,"Kabupaten Tabanan, Bali, Indonesia",Harga Bahan Pangan di Tabanan Mulai Melonjak - BALIPOST.com,"Pembeli sedang berbelanja di pasar yang ada di Tabanan. (BP/dok)TABANAN, BALIPOST.com – Harga sebagian besar komoditas pangan di sejumlah pasar di Kabupaten Tabanan mulai melonjak.","Bahkan, beberapa komoditas mengalami peningkatan harga di atas 50 persen.Berdasarkan hasil monitoring Dinas Perindustrian dan Perdagangan (Disperindag) Tabanan di sejumlah pasar tradisional, pada minggu ketiga di bulan April, sebagian besar harga bahan pangan mengalami lonjakan. Harga sawi putih naik dari Rp12.000 menjadi Rp18.000 atau naik 50 persen.","Pada Hari Kamis , 18 April 2024 07:00, Tabanan, Tabanan, Bali

Pembeli sedang berbelanja di pasar yang ada di Tabanan. (BP/dok)TABANAN, BALIPOST.com – Harga sebagian besar komoditas pangan di sejumlah pasar di Kabupaten Tabanan mulai melonjak. Bahkan, beberapa komoditas mengalami peningkatan harga di atas 50 persen.Berdasarkan hasil monitoring Dinas Perindustrian dan Perdagangan (Disperindag) Tabanan di sejumlah pasar tradisional, pada minggu ketiga di bulan April, sebagian besar harga bahan pangan mengalami lonjakan. Harga sawi putih naik dari Rp12.000 menjadi Rp18.000 atau naik 50 persen. Sayur hijau naik dari Rp12.000 menjadi Rp20.000 atau naik 67 persen. Kemudian, harga kacang panjang naik dari Rp12.000 menjadi Rp20.000 atau naik 67 persen, dan tomat naik dari Rp28.000 menjadi Rp30.000 atau naik 7 persen.Pada komoditi bumbu-bumbuan, kenaikan terjadi pada bawang merah yang naik dari Rp28.000 per kg menjadi Rp45.000 per kg atau naik 61 persen. Bawang bombay naik dari Rp30.000 per kg menjadi Rp40.0000 per kg atau naik 33 persen, dan cabai keriting naik dari Rp45.000 per kg menjadi Rp50.000 per kg atau naik 11 persen.Kemudian, harga daging ayam ras naik dari Rp40.000 per kg menjadi Rp 42.000 per kg atau naik 5 persen. Minyak Kita dari Rp16.000 menjadi Rp17.000 per kg atau naik 6 persen, dan harga jeruk naik dari Rp16.000 menjadi Rp18.000 per kg atau 13 persen.Petani cabai di Banjar Bangah, Kecamatan Baturiti, Tabanan, Nyoman Sudiasa, Rabu (17/4), mengungkapkan, setelah libur panjang Lebaran, kenaikan harga cabai merah besar maupun cabai merah kecil di tingkat petani terus berlanjut. Terbaru, harga untuk cabai merah kecil sudah menyentuh Rp50.000 per kg, sedangkan untuk cabai merah besar naik ke posisi Rp30.000 per kg. “Kenaikan harga cabai di petani ini terjadi secara bertahap dan terbaru terjadi pada Sabtu lalu,” tuturnya.Prediksinya, lonjakan harga cabai ini dipicu akibat ketersediaan barang di pasaran yang belum kembali normal pascalibur panjang Lebaran. Pasokan dari petani lokal maupun luar Bali belum maksimal sehingga di tengah meningkatnya permintaan pasar membuat kenaikan harga cabai ini terus berlanjut hingga saat ini.“Kemungkinan kenaikan harga cabai ini masih akan terus berlanjut dalam seminggu ke depan. Sehingga itu tentu menguntungkan bagi petani karena bisa mengantongi hasil lebih banyak dari biasanya,” katanya. (kmb/balipost)",BALIPOST.com,"Dajan Peken, 82114, Tabanan, Tabanan, Bali, Indonesia",-8.536609490935,115.13552944186335,5,"2, 7","kejaksaan, kejatibali, kejaritabanan, tabanan, news"
Penuhi Stok PMI Tabanan Buka Layanan Donor Darah di Kantor Lama,2020-04-14T07:00:00.000Z,"Kabupaten Tabanan, Bali, Indonesia","Penuhi Stok, PMI Tabanan Buka Layanan Donor Darah di Kantor Lama - BALIPOST.com","Donor darah. (BP/ist)TABANAN, BALIPOST.com – Mewabahnya virus Corona atau Covid-19 tentunya berdampak pada ketersediaan darah di ruang penyimpanan Unit Donor Darah Palang Merah Indonesia (PMI) Tabanan.","Ini disebabkan banyak dibatalkannya kegiatan donor darah.Kendati demikian, Kepala UDD PMI Kabupaten Tabanan dr Nyoman Gede Sumardika, mengatakan untuk bisa memenuhi kebutuhan stok darah yang ada di PMI, pihaknya membuka layanan donor darah di markas lama PMI yang berlokasi di jalan Rama No.3A Tabanan atau di sebelah Taman Makam Pahlawan. Bagi masyarakat yang hendak mendonorkan darahnya bisa datang langsung ke temmpat tersebut dan akan diberikan 1 pcs hand sanitizer.Layanan donor darah di kantor markas lama ini dibuka mulai pukul 08.00 WITA sampai dengan pukul 13.30 WITA tiap harinya.","Pada Hari Selasa , 14 April 2020 07:00, Tabanan, Tabanan, Bali

Donor darah. (BP/ist)TABANAN, BALIPOST.com – Mewabahnya virus Corona atau Covid-19 tentunya berdampak pada ketersediaan darah di ruang penyimpanan Unit Donor Darah Palang Merah Indonesia (PMI) Tabanan. Ini disebabkan banyak dibatalkannya kegiatan donor darah.Kendati demikian, Kepala UDD PMI Kabupaten Tabanan dr Nyoman Gede Sumardika, mengatakan untuk bisa memenuhi kebutuhan stok darah yang ada di PMI, pihaknya membuka layanan donor darah di markas lama PMI yang berlokasi di jalan Rama No.3A Tabanan atau di sebelah Taman Makam Pahlawan. Bagi masyarakat yang hendak mendonorkan darahnya bisa datang langsung ke temmpat tersebut dan akan diberikan 1 pcs hand sanitizer.Layanan donor darah di kantor markas lama ini dibuka mulai pukul 08.00 WITA sampai dengan pukul 13.30 WITA tiap harinya. Selain jam layanan tersebut, kegiatan donor darah juga dilayani di BRSU Tabanan mulai pukul 14.00 WITA sampai 20.00 WITA atau hari libur. “PMI tetap melayani pelayanan darah. Kebutuhan darah tentu tidak bisa ditunda, pasien di rumah sakit yang membutuhkan transfusi tentu harus tetap menjadi perhatian. Dan ini merupakan salah satu upaya kami untuk mengajak masyrakat mendonorkan darahnya,” terangnya.Dan terkait layanan donor darah di kantor lama, lanjut kata dr. Sumardika akan dibuka selama pandemi dan sampai pengambilan donor ke tempat unit donor normal kembali. Pihaknya juga memastikan kegiatan mendonorkan darah tetap aman dilakukan.Masyarakat diimbau selalu menjaga kesehatan, menerapkan perilaku hidup bersih dan sehat, cuci tangan dengan sabun, menerapkan etika bersin dan batuk. “Untuk yang standby di kantor markas lama satu tim, tetapi kalau dibutuhkan lebih untuk di tempat lain, kita siapkan tim lain, maksimal kita punya 3 tim,” ucapnya.Stok darah mulai menipis sejak awal Maret 2020. Padahal permintaan sangat tinggi. Per hari saja permintaanya diangka 15-20 kantong.Data Selasa (14/4) untuk darah A hanya ada untuk jenis Whole Blood (WB) tersedia 5 kantong, jenis Pakced Red Cell (PRC) tersedia 1 kantong dan jenis thrombocyte Concencrate (TC) kosong . Dan darah B jenis darah WB tersedia 3 kantong, darah PRC tersedia 1 kantong dan darah TC kosong. Sementara darah O bisa dibilang sangat menipis.Untuk jenis WB hanya tersedia 5 kantong, jenis PRC tersedia 1 kantong dan jenis TC kosong juga kosong alias tidak ada stok. Dan darah AB jenis darah WB tersedia 15 kantong, untuk jenis PRC ada 6 kantong dan jenis TC juga 6 kantong.Ketersediaan stok darah ini biasanya diperuntukkan untuk seluruh rumah sakit di Tabanan baik swasta maupun negeri. Dimana sekitar 85 persen diperuntukkan untuk pasien di BRSU Tabanan. “Kita hanya bisa berharap wabah virus ini segera berlalu dan bisa beraktifitas normal kembali,” pungkasnya. (Puspawati/balipost)",BALIPOST.com,"Dajan Peken, 82114, Tabanan, Tabanan, Bali, Indonesia",-8.536609490935,115.13552944186335,5,"2, 7","kejaksaan, kejatibali, kejaritabanan, tabanan, news"
Jangkauan Imunisasi DPT di Tabanan Sudah 100 Persen,2017-12-06T08:00:00.000Z,"Kabupaten Tabanan, Bali, Indonesia",Jangkauan Imunisasi DPT di Tabanan Sudah 100 Persen - BALIPOST.com,"Ilustrasi. (BP/dok)TABANAN, BALIPOST.com – Saat ini penyakit Difteri yang disebabkan bakteri Corynebacterium diptheriae telah ditemukan di beberapa Provinsi di Indonesia.","Penyakit yang menyerang saluran nafas atas dengan persentase kematian tinggi ini belum tercatat atau ditemukan di Bali.Hal ini dikarenakan jangkauan vaksinasi untuk penyakit ini di Bali tinggi. Khusus Tabanan, jangkauan imunisasinya sudah mencapai 100 persen.Kepala Bidang Pemberantasan Penyakit Menular dan Penyehatan Lingkungan (P2MPL) Dinas Kesehatan Tabanan, dr Ketut Nariana, Selasa (5/12) memaparkan dalam mencegah penyakit difteri, pemerintah telah memasukkannya dalam imunisasi dasar atau wajib yang dinamakan imunisasi DPT/HB-hib atau imunisasi untuk membentuk daya tahan terhadap penyakit difteri, batuk rejan 100 hari, tetanus, hepatitis-b dan hemophilis infulenza tipe B.","Pada Hari Rabu , 6 Desember 2017 08:00, Tabanan, Tabanan, Bali

Ilustrasi. (BP/dok)TABANAN, BALIPOST.com – Saat ini penyakit Difteri yang disebabkan bakteri Corynebacterium diptheriae telah ditemukan di beberapa Provinsi di Indonesia. Penyakit yang menyerang saluran nafas atas dengan persentase kematian tinggi ini belum tercatat atau ditemukan di Bali.Hal ini dikarenakan jangkauan vaksinasi untuk penyakit ini di Bali tinggi. Khusus Tabanan, jangkauan imunisasinya sudah mencapai 100 persen.Kepala Bidang Pemberantasan Penyakit Menular dan Penyehatan Lingkungan (P2MPL) Dinas Kesehatan Tabanan, dr Ketut Nariana, Selasa (5/12) memaparkan dalam mencegah penyakit difteri, pemerintah telah memasukkannya dalam imunisasi dasar atau wajib yang dinamakan imunisasi DPT/HB-hib atau imunisasi untuk membentuk daya tahan terhadap penyakit difteri, batuk rejan 100 hari, tetanus, hepatitis-b dan hemophilis infulenza tipe B. Pemberian imunisasi DPT/HB-hib ini diberikan sebanyak empat kali yaitu saat bayi berusia dua bulan, tiga bulan, empat bulan dan terakhir adalah booster diberikan setelah bayi berusia 18 bulan.Berdasarkan data tahun 2016 tercatat 4.917 bayi yang lahir di Tabanan. Jangkauan imunisasi DPT/HB-hib ini pada tahun yang sama adalah 4.918 bayi atau 100,9 persen. Kelebihan angka dibandingkan jumlah bayi yang lahir dijelaskan Nariana karena ada jadwal imunisasi pada bayi yang lahir tahun 2015 dilanjutkan pada tahun 2016.Sementara pada tahun 2017 hingga Oktober dari 4.893 bayi yang lahir sudah terjangkau imunisasi DPT/HB-hib sebanyak 4.161 bayi atau sekitar 85,8 persen.Kepala Dinas Kesehatan Tabanan, dr. Nyoman Suratmika menambahkan saat ini memang sudah ada warning dari Kementerian Kesehatan agar mewaspadai penularan penyakit ini ke daerah yang belum tertular. Namun lanjut Suratmika hal ini tidak perlu dikhawatirkan karena bagi yang sudah menjalani imunisasi DPT, akan memiliki kekebalan tubuh yang spesifik terhadap penyakit tersebut. “Karena jangkauan imunisasi di Bali untuk DPT tinggi, penularan tentu kecil terjadi karena semuanya sudah memiliki daya tahan tubuh,” ujarnya.Penyakit difteri sendiri sebenarnya sudah lama menghilang namun kembali merebak di 2017. Artinya, ada yang tidak melakukan imunisasi DPT/HB-Hib.Menurut Suratmika tujuan imunisasi sendiri sebenarnya adalah untuk mencegah infeksi penyakit dengan membentuk daya tahan tubuh secara spesifik melalui imunisasi. “Jadi Difteri sebenarnya bisa dicegah penularannya jika sudah menjalani imunisasi,” jelasnya.Karenanya ia berharap agar masyarakat tidak ragu-ragu membawa anak-anaknya untuk menjalani imunisasi dasar atau wajib yang disarankan pemerintah. Vaksin yang disediakan untuk imunisasi melalui Puskesmas dipastikan asli dan aman. SDifteri sendiri adalah penyakit yang menyerang saluran nafas atas dengan ciri-ciri selaput di tenggorokan yang berwarna putih keabu-abuan yang mudah berdarah jika dilepaskan, sakit waktu menelan, kadang-kadang disertai pembesaran kelenjar getah bening leher dan pembengkakan jaringan lunak leher yang disebut bullneck.Pembengkakan ini yang bisa menyebabkan kematian karena penderita mengalami gagal nafas. Penyakit yang menular lewat droplet penderita ini juga menghasilkan toksin berbahaya sehingga menyebabkan gagal ginjal maupun gagal jantung yang memicu kematian. (Wira Sanjiwani/balipost)",BALIPOST.com,"Dajan Peken, 82114, Tabanan, Tabanan, Bali, Indonesia",-8.536609490935,115.13552944186335,5,"2, 7","kejaksaan, kejatibali, kejaritabanan, tabanan, news"
7 Tempat Wisata Keluarga di Tabanan Bali Mampir Kebun Bunga,2022-09-21T07:00:00.000Z,"Kabupaten Tabanan, Bali, Indonesia","7 Tempat Wisata Keluarga di Tabanan Bali, Mampir Kebun Bunga - Kompas.com","KOMPAS.com - Menghabiskan waktu liburan dengan mengunjungi tempat-tempat wisata di Tabanan bisa menjadi alternatif yang menarik, termasuk jika pergi bersama keluarga.
Jika pergi ke Bali naik pesawat, Kabupaten Tabanan tak begitu jauh dari Bandara I Gusti Ngurah Rai jika ditempuh menggunakan kendaraan. Jaraknya sekitar 30 kilometer, tergantung lokasi wisata yang dituju.","Untuk mencapainya hanya butuh waktu sekitar 1,5 jam.Baca juga: 28 Tempat Wisata Tabanan, Banyak Destinasi Liburan Keluarga
Sementara jika pergi naik mobil, misalnya berangkat dari Pulau Jawa kemudian menyebrang lewat Pelabuhan Ketapang ke Pelabuhan Gilimanuk, beberapa area di Tabanan juga relatif mudah diakses karena berada di kawasan Bali Barat.
Bagi kamu yang pergi liburan bersama keluarga, berikut beberapa pilihan tempat wisata keluarga di Tabanan Bali yang dapat dikunjungi.
Tempat wisata keluarga di Tabanan Bali
1. Tasta zoo
INSTAGRAM @tastazoo Tasta Zoo




Kebun binatang sering kali dijadikan destinasi edukasi seputar satwa, termasuk satwa-satwa liar dan langka yang mungkin tak pernah kita temui pada kehidupan sehari-hari.
Tasta Zoo adalah kebun binatang dan area konservasi yang berlokasi di Br Tegeh, Angseri, Kecamatan Baturiti, Tabanan.
Tak hanya berkeliling melihat koleksi satwanya, pengunjung juga bisa berinteraksi dengan sejumlah satwa, serta berfoto ria dengan latar patung-patung satwa dan Instagramable spot lainnya.
Baca juga: 25 Wisata Bali yang Populer dan Unik, Pas buat Libur Panjang 
Harga tiket masuk Tasta Zoo bagi wisatawan domestik adalah Rp 60.000 pada hari biasa dan Rp 70.000 pada akhir pekan.
Sementara bagi wisatawan mancanegara, harga tiket masuknya Rp 120.000 pada hari biasa dan Rp 200.000 pada akhir pekan.
Tasta Zoo buka pukul 09.00-17.00, dengan waktu check in terakhir pukul 16.30.

2.","Pada Hari Rabu , 21 September 2022 07:00, Tabanan, Tabanan, Bali

KOMPAS.com - Menghabiskan waktu liburan dengan mengunjungi tempat-tempat wisata di Tabanan bisa menjadi alternatif yang menarik, termasuk jika pergi bersama keluarga.
Jika pergi ke Bali naik pesawat, Kabupaten Tabanan tak begitu jauh dari Bandara I Gusti Ngurah Rai jika ditempuh menggunakan kendaraan. Jaraknya sekitar 30 kilometer, tergantung lokasi wisata yang dituju. Untuk mencapainya hanya butuh waktu sekitar 1,5 jam.Baca juga: 28 Tempat Wisata Tabanan, Banyak Destinasi Liburan Keluarga
Sementara jika pergi naik mobil, misalnya berangkat dari Pulau Jawa kemudian menyebrang lewat Pelabuhan Ketapang ke Pelabuhan Gilimanuk, beberapa area di Tabanan juga relatif mudah diakses karena berada di kawasan Bali Barat.
Bagi kamu yang pergi liburan bersama keluarga, berikut beberapa pilihan tempat wisata keluarga di Tabanan Bali yang dapat dikunjungi.
Tempat wisata keluarga di Tabanan Bali
1. Tasta zoo
INSTAGRAM @tastazoo Tasta Zoo




Kebun binatang sering kali dijadikan destinasi edukasi seputar satwa, termasuk satwa-satwa liar dan langka yang mungkin tak pernah kita temui pada kehidupan sehari-hari.
Tasta Zoo adalah kebun binatang dan area konservasi yang berlokasi di Br Tegeh, Angseri, Kecamatan Baturiti, Tabanan.
Tak hanya berkeliling melihat koleksi satwanya, pengunjung juga bisa berinteraksi dengan sejumlah satwa, serta berfoto ria dengan latar patung-patung satwa dan Instagramable spot lainnya.
Baca juga: 25 Wisata Bali yang Populer dan Unik, Pas buat Libur Panjang 
Harga tiket masuk Tasta Zoo bagi wisatawan domestik adalah Rp 60.000 pada hari biasa dan Rp 70.000 pada akhir pekan.
Sementara bagi wisatawan mancanegara, harga tiket masuknya Rp 120.000 pada hari biasa dan Rp 200.000 pada akhir pekan.
Tasta Zoo buka pukul 09.00-17.00, dengan waktu check in terakhir pukul 16.30.

2. Kebun Raya Bali
DOK KEBUN RAYA BALI Piknik di Kebun Raya Bali.
Jika mencari wisata alam, Tabanan memiliki banyak destinasi yang dapat dikunjungi.
Salah satu destinasi alam yang cocok dikunjungi bersama keluarga adalah Kebun Raya Bali.
Lokasinya ada di Jalan Kebun Raya, Candikuning, Kecamatan Baturiti, Kabupaten Tabanan, Bali.
Dikutip dari Kompas.com (01/09/2022), koleksi tanaman bisa kamu lihat dengan mengunjungi area seperti Taman Rhododendron, Taman Anggrek, Rumah Kaca Kaktus, Taman Aquatik, dan lainnya.
Baca juga: Seharian di Kebun Raya Bali, Bisa Apa Saja?
Tak hanya berkeliling melihat koleksi tanaman, pengunjung juga bisa santai di rerumputan sambil melihat pemandangan danau dan perbukitan di sekitar, atau bahkan menyewa spot piknik dan barbeque agar kebersamaan semakin terasa.
Jika lelah berjalan kaki untuk mengelilingi area kebun, kamu bisa memilih naik shuttle bus, sepeda, atau bahkan skuter.

3. Desa Coklat Bali
DOK DESA COKLAT BALI Desa Coklat Bali
Mengetahui proses pengolahan coklat, mulai dari penanaman, pengolahan di pabrik, hingga menyantapnya atau membawa pulang produk coklat menjadi aktivitas menarik yang bisa dijajal bersama keluarga.
Jika penasaran, kamu dan keluarga bisa mampir ke Desa Coklat Bali.
Lokasinya berada di Jalan Raya Marga-Apuan, Km 7, Desa Cau, Kabupaten Tabanan.
""Ini adalah agro-eduwisata, di mana kita juga belajar antara coklat dan Bali. Untuk coklatnya, kami mengenalkan tentang proses kakao menjadi coklat, baik dari proses awal -kami sebutnya bibit, sampai dikonsumsi,"" kata CEO CAU Chocolate Bali, Kadek Surya Prasetya Wiguna kepada Kompas.com, Jumat (26/08/2022).
Baca juga: 5 Aktivitas di Desa Coklat Bali, Seharian Jadi Petani Kakao
Setelah lelah berkeliling, pengunjung bisa santai di restorannya dan mencicipi berbagai menu, termasuk menu berbahan dasar coklat.
Beberapa menu berbahan dasar coklat yang jadi favorit antara lain Raw Cacao Ice Cream, Fruity Cacao Pizza, dan beragam menu minuman coklat.
4. The Blooms Garden
SITUS THE BLOOMS GARDEN The Blooms Garden merupakan salah satu tempat wisata dekat Kebun Raya Bali, Tabanan.Mampir ke taman rekreasi seluas 4,5 hektar, yakni The Blooms Garden, juga bisa dimasukkan ke dalam daftar wisata keluarga di Tabanan yang menarik untuk dikunjungi.
Dikutip dari Kompas.com (04/09/2022), destinasi ini memiliki beberapa area taman bunga yang menonjolkan ciri khas masing-masing. Taman-taman tersebut di antaranya Taman Belanda, Taman Cinta, Taman Dewi Danu, Taman Oval, dan lainnya.
Baca juga: 5 Tempat Wisata Dekat Kebun Raya Bali
Di Taman Belanda, misalnya, penunjung bisa menemukan ornamen dua kincir yang merupakan ikon negara Belanda. Selain mengeksplorasi taman bunga, ada pula aktivitas lain seperti naik ATV, main di playground anak, kulineran di restoran, dan lainnya.
The Blooms Garden berlokasi di Desa Batusea, Kecamatan Baturiti, Tabanan.
Harga tiket masuknya Rp 30.000 untuk dewasa dan Rp 15.000 untuk anak usia 5-12 tahun.
5. Taman Kupu-kupu
SHUTTERSTOCK/GALINA SAVINA Taman Kupu-kupu Bali
Destinasi wisata keluarga di Tabanan lainnya adalah Taman Kupu-kupu, yang berlokasi di Jalan Batukaru, Desa Sesandan, Kecamatan Penebel, Tabanan.
Dikutip dari Kompas.com, (20/09/2022), meski dinamai ""kupu-kupu"", namun destinasi yang berdiri sejak 1996 silam ini tak hanya menghadirkan beragam jenis kupu-kupu. Dikutip dari Tribun Bali, Taman Kupu-kupu turut menghadirkan serangga lain, seperti belalang kayu, kumbang tanduk, hingga tarantula.
Baca juga: 10 Rute Penerbangan Domestik Tersibuk di Dunia, Ada Jakarta-Bali
Untuk menuju ke destinasi ini, pengunjung perlu menempuh perjalanan sekitar 1,5 jam dari bandara atau 40 kilometer.

6. Sila's Agrotourism
SITUS THE SILA'S ARGOTOURISM Area bermain anak di The SILA's Agrotourism, salah satu tempat wisata dekat Kebun Raya Bali.
Sila's Arotourism adalah destinasi lainnya di Tabanan yang dapat dikunjungi bersama keluarga.
Selain memyediakan area rekreasi, tempat ini juga menjadi tempat pendidikan, sekaligus program pelatihan Sumber Daya Manusia (SDM) yang berdiri di atas lahan seluas 10 hektar.
Dikutip dari Kompas.com, beberapa aktivitas luar ruang yang bisa dijajal antara lain berkemah, outbound, flying fox, ATV, mini trail, berkuda, paintball, trekking, bersepeda, dan lainnya.
Baca juga: 6 Tempat Melihat Sunset di Bali, Ada yang Terbaik di Dunia
Jika sekadar ingin bersantai sambil menikmati udara sejuk dan panorama danau serta perbukitan yang menakjubkan, kamu juga bisa duduk di coffee shop yang tersedia sambil memesan menu yang ada di sana.
Untuk tamu yang ingin bermalam bisa coba menginap di Hobbiton dengan harga mulai dari Rp 200.000 per orang per malam, sudah termasuk tempat tidur, sleeping bag, perlengkapan mandi, sarapan, serta perapian.
7. Pantai Pasut
SITUS PEMERINTAH KABUPATEN TABANAN Pantai Pasut di Kabupaten Tabanan, Bali.
Liburan ke Bali, rasanya kurang sah jika tidak mampir ke pantai. 
Tabanan memiliki beberapa pantai yang bisa dikunjungi, dengan karakteristik dan keunikannya masing-masing.
Salah satu pantai populer di Tabanan adalah Tanah Lot atau Pura Tanah Lot, kemudian ada pula Pantai Kedungu, Pantai Soan Galuh, Pantai Kelecung, Pantai Kelating, dan lainnya.
Baca juga: 9 Wisata Pantai di Tabanan Bali, Tak Cuma Tanah Lot
Jika mencari pantai yang dapat dijadikan tempat wisata keluarga, Pantai Pasut bisa jadi pilihan.
Ombak di pantai ini relatif tidak tinggi, sehingga cukup aman untuk dijadikan tempat berenang atau snorkeling.
Selain untuk berenang atau snorkeling, pengunjung pantai berpasir hitam lembut ini bisa bersantai sambil berjemur, bermain pasir, berolahraga, atau berburu foto.
Lokasi Pantai Pasut ada di Jalan Raya Pasut, Desa Tibubiu, Kecamatan Kerambitan, Kabupaten Tabanan.



    
        Bayangkan seorang anak Indonesia bercita-cita menjadi dokter tetapi hanya memiliki satu buku lusuh untuk belajar. Bersama Ekspedisi Kata ke Nyata Kompas.com, Anda bisa membantu mengubah kisah itu. Mari hadirkan akses literasi bagi anak-anak di berbagai pelosok Indonesia melalui donasi lewat tautan https://bit.ly/JagatLiterasi2026. Setiap kebaikan yang Anda berikan bukan hanya membuka jendela pengetahuan, tetapi juga membuka masa depan mereka.",Kompas.com,"Dajan Peken, 82114, Tabanan, Tabanan, Bali, Indonesia",-8.536609490935,115.13552944186335,5,"2, 7","kejaksaan, kejatibali, kejaritabanan, tabanan, news"
Di Tabanan PAS SD Dikerjakan di Rumah,2020-12-02T08:00:00.000Z,"Kabupaten Tabanan, Bali, Indonesia","Di Tabanan, PAS SD Dikerjakan di Rumah - BALIPOST.com","Seorang siswa mengerjakan soal secara tertulis di rumah. (BP/bit)TABANAN, BALIPOST.com – Hampir seluruh tatanan kegiatan masyarakat berubah di masa pandemi COVID-19.","Tak terkecuali di sektor pendidikan.Tidak hanya belajar di rumah, para siswa juga harus menjalani ujian sekolah atau Penilaian Akhir Semester (PAS) di rumah. Berbeda dengan sebelumnya, soal  PAS kini diambil  ke sekolah oleh orangtua siswa, untuk selanjutnya dikerjakan oleh siswa sesuai dengan jadwal ujian yang diberikan oleh sekolah melalui pengumuman lewat grup WhatsApp (WA).Di kabupaten Tabanan, pelaksanaan PAS untuk jenjang SD sudah dimulai Senin (30/11) dan berakhir Sabtu (5/12). Sementara jenjang SMP mengerjakan soal secara daring.Kepala Dinas  Pendidikan Kabupaten Tabanan I Nyoman Putra mengatakan, sesuai aturan,  siswa wajib mengikuti penilaian akhir semester atau sumatif untuk mengetahui hasil dari proses pembelajaran jarak jauh (PJJ).","Pada Hari Rabu , 2 Desember 2020 08:00, Tabanan, Tabanan, Bali

Seorang siswa mengerjakan soal secara tertulis di rumah. (BP/bit)TABANAN, BALIPOST.com – Hampir seluruh tatanan kegiatan masyarakat berubah di masa pandemi COVID-19. Tak terkecuali di sektor pendidikan.Tidak hanya belajar di rumah, para siswa juga harus menjalani ujian sekolah atau Penilaian Akhir Semester (PAS) di rumah. Berbeda dengan sebelumnya, soal  PAS kini diambil  ke sekolah oleh orangtua siswa, untuk selanjutnya dikerjakan oleh siswa sesuai dengan jadwal ujian yang diberikan oleh sekolah melalui pengumuman lewat grup WhatsApp (WA).Di kabupaten Tabanan, pelaksanaan PAS untuk jenjang SD sudah dimulai Senin (30/11) dan berakhir Sabtu (5/12). Sementara jenjang SMP mengerjakan soal secara daring.Kepala Dinas  Pendidikan Kabupaten Tabanan I Nyoman Putra mengatakan, sesuai aturan,  siswa wajib mengikuti penilaian akhir semester atau sumatif untuk mengetahui hasil dari proses pembelajaran jarak jauh (PJJ). “Kami lebih  ingin tahu feedback dari hasil  proses belajar jarak jauh,” kata Nyoman Putra, Senin (2/12).Dijelaskan, dalam proses PAS ini, pihaknya sudah mengirim soal ke masing-masing satuan pendidikan (sekolah). Orangtua siswa mengambil soal tersebut, kemudian oleh siswa dikerjakan di rumah.Orangtua diharapkan mendampangi dengan baik dan benar, namun diharapkan tidak membantu dalam memberi jawaban. “Fungsi orangtua di sini hanya mendampingi dengan baik dan benar, namun tidak membantu memberitahu jawaban,” ucapnya.Sementara untuk SMP, kata mantan Kabag Umum Setwan Tabanan ini, proses PAS ada yang dilakukan secara sistem daring atau luring. Untuk sistem daring, siswa mengerjakan soal dari rumah dengan jaringan internet dan laptop masing-masing.Sementara bagi mereka yang luring, datang ke sekolah mengerjakan soal menggunakan laptop atau komputer sekolah. Bahkan, menurut Nyoman Putra, pelaksanaan PAS ada pula yang dilakukan tertulis oleh sejumlah siswa yang mengalami masalah jaringan. “Tetapi tidak semua siswa dibantu soal tertulis. Yang ngerjakan soal tertulis yang masalah jaringan. Sebagian besar pelaksanaan PAS dilakukan secara daring,” pungkasnya. (Puspawati/balipost)",BALIPOST.com,"Dajan Peken, 82114, Tabanan, Tabanan, Bali, Indonesia",-8.536609490935,115.13552944186335,5,"2, 7","kejaksaan, kejatibali, kejaritabanan, tabanan, news"
Pengeragoan Rest Area Lacks of Visitors,2019-06-20T07:00:00.000Z,"Kabupaten Tabanan, Bali, Indonesia",Pengeragoan Rest Area Lacks of Visitors - BALIPOST.com,"NEGARA, BALIPOST.com – Pengeragoan rest area at Pengeragoan village, Pekutatan, has been operating for a long time. Road users, especially cars and motorbikes, prefer to rest around the Yeh Leh, the border between Jembrana and Tabanan.","Actually, the rest area built by the regional government is mostly taken advantage by trucks especially at night until morning.“In early morning, there are many trucks parked here. In the back, a lot of gazebos are usually used to take a break,” said Anom, 46, a road user.","Pada Hari Kamis , 20 Juni 2019 07:00, Tabanan, Tabanan, Bali

NEGARA, BALIPOST.com – Pengeragoan rest area at Pengeragoan village, Pekutatan, has been operating for a long time. Road users, especially cars and motorbikes, prefer to rest around the Yeh Leh, the border between Jembrana and Tabanan. Actually, the rest area built by the regional government is mostly taken advantage by trucks especially at night until morning.“In early morning, there are many trucks parked here. In the back, a lot of gazebos are usually used to take a break,” said Anom, 46, a road user. This condition is also seen on Wednesday morning (Jun. 19). A number of trucks were being parked in the parking lot of the rest area on the Denpasar-Gilimanuk roadside. Despite minimal lighting, many truck drivers choose to park their vehicles temporarily before continuing the journey. “Here, I can rest for a while, sleep can also made down there (beach side). Unfortunately, it is difficult to find merchants,” said Yopi, one of the truck drivers met last Wednesday. Condition of the building and park of the rest area is still sturdy and new. However, there is still a lot of garbage scattered especially in the front of the vehicle parking lot. Some stalls also look open even though the conditions are quiet. One of the three stalls in the rest area is closed. A different situation was seen around Yeh Leh tourist attraction on the border of Jembrana and Tabanan. Stalls on the beach looked crowded with visitors, especially motorists that were resting. The stalls selling food such as chicken meatballs, noodles and young coconut are open until early morning. Almost every time there are road users stopping by or just taking pictures in the border region. “Well, it is better here, over there many trucks are being parked. While here, there are also many merchants,” explained Anik Hariyati, 32, one of the travelers from East Java who stopped at Yeh Leh. This mother of two said she had stopped by the rest area not too far from Yeh Leh. According to her, it’s more comfortable to rest around Yeh Leh. (Surya Darma/balipost)",BALIPOST.com,"Dajan Peken, 82114, Tabanan, Tabanan, Bali, Indonesia",-8.536609490935,115.13552944186335,5,"2, 7","kejaksaan, kejatibali, kejaritabanan, tabanan, news"
Metro Dewata Jurusan Tabanan Resmi Diluncurkan,2020-12-11T08:00:00.000Z,"Kabupaten Tabanan, Bali, Indonesia",Metro Dewata Jurusan Tabanan Resmi Diluncurkan - BALIPOST.com,"Metro Dewata Jurusan Tabanan diluncurkan Jumat (11/12). (BP/bit)TABANAN, BALIPOST.com – Bus Trans Metro Dewata yang disebut dengan nama Teman Bus, untuk koridor I yang melintasi wilayah Tabanan akhirnya resmi diluncurkan, Jumat (11/12).","Yang menarik, selain nyaman dan bersih, bus ini dilengkapi dengan peralatan canggih seperti CCTV, reader kartu non tunai, sensor penghitung jumlah penumpang dan lainnya.Masyarakat tentunya bisa mencoba moda .transportasi darat ini, apalagi hingga 31 Desember 2020 belum dikenai tarif alias gratis. Kepala Dinas Perhubungan Tabanan, I Gusti Darma Utama menjelaskan, ada 31 unit Bus Trans Metro Dewata yang siap memberikan pelayanan perjalanan nyaman dan aman dengan paramudi terlatih sebagai penunjang mobilisasi masyarakat yang terintegrasi dengan layanan angkutan massal lain.Namun dari 31 armada tersebut, lanjut Darma, hanya 28 unit yang beroperasional, dan 3 unit lainnya untuk cadangan.","Pada Hari Jumat , 11 Desember 2020 08:00, Tabanan, Tabanan, Bali

Metro Dewata Jurusan Tabanan diluncurkan Jumat (11/12). (BP/bit)TABANAN, BALIPOST.com – Bus Trans Metro Dewata yang disebut dengan nama Teman Bus, untuk koridor I yang melintasi wilayah Tabanan akhirnya resmi diluncurkan, Jumat (11/12). Yang menarik, selain nyaman dan bersih, bus ini dilengkapi dengan peralatan canggih seperti CCTV, reader kartu non tunai, sensor penghitung jumlah penumpang dan lainnya.Masyarakat tentunya bisa mencoba moda .transportasi darat ini, apalagi hingga 31 Desember 2020 belum dikenai tarif alias gratis. Kepala Dinas Perhubungan Tabanan, I Gusti Darma Utama menjelaskan, ada 31 unit Bus Trans Metro Dewata yang siap memberikan pelayanan perjalanan nyaman dan aman dengan paramudi terlatih sebagai penunjang mobilisasi masyarakat yang terintegrasi dengan layanan angkutan massal lain.Namun dari 31 armada tersebut, lanjut Darma, hanya 28 unit yang beroperasional, dan 3 unit lainnya untuk cadangan. “Program ini untuk meningkatkan lagi minat masyarakat menggunakan angkutan umum sehingga mampu mengurangi penggunaan kendaraan pribadi yang diharapkan mampu mengurangi kemacetan, angka lalu lintas dan polusi udara,” ucapnya.Khusus untuk pelintasan di Tabanan atau koridor I, rute yakni Terminal Pesiapan – Central Parkir Kuta. Juga sudah disiapkan enam titik jemput halte sepanjang By Pass Ir. Soekarno.Untuk waktu headway (jarak antar bus) yang ditentukan yaitu 10 menit, sehingga penumpang tidak menunggu lama di halte. Namun dalam masa pandemi COVID-19, pihaknya tetap menekankan protokol kesehatan (Prokes). Jumlah penumpang dibatasi hanya untuk 12 orang penumpang (setengah dari kapasitas bus). (Puspawati/balipost)",BALIPOST.com,"Dajan Peken, 82114, Tabanan, Tabanan, Bali, Indonesia",-8.536609490935,115.13552944186335,5,"2, 7","kejaksaan, kejatibali, kejaritabanan, tabanan, news"
Video Jadi Klaster COVID19 di Tabanan Manajemen RS Wisma Prashanti Angkat Bicara,2020-06-26T07:00:00.000Z,"Kabupaten Tabanan, Bali, Indonesia","Video: Jadi Klaster COVID-19 di Tabanan, Manajemen RS Wisma Prashanti Angkat Bicara - BALIPOST.com","TABANAN, BALIPOST.com – Manajemen RS Wisma Prashanti akhirnya angkat bicara mengenai penyebab RS tersebut menjadi klaster COVID-19. Direktur Utama, dr.","I Made Surya Agung, MARS, Jumat (26/6), mengakui, ada protokol kesehatan yang dilanggar sehingga terjadi penularan virus. Fatalnya, pelanggaran itu justru dilakukan oleh orang yang diharapkan ikut berperan dalam memutus mata rantai COVID-19.Dirut didampingi Kepala bidang pelayanan medis dan keperawatan dr.","Pada Hari Jumat , 26 Juni 2020 07:00, Tabanan, Tabanan, Bali

TABANAN, BALIPOST.com – Manajemen RS Wisma Prashanti akhirnya angkat bicara mengenai penyebab RS tersebut menjadi klaster COVID-19. Direktur Utama, dr. I Made Surya Agung, MARS, Jumat (26/6), mengakui, ada protokol kesehatan yang dilanggar sehingga terjadi penularan virus. Fatalnya, pelanggaran itu justru dilakukan oleh orang yang diharapkan ikut berperan dalam memutus mata rantai COVID-19.Dirut didampingi Kepala bidang pelayanan medis dan keperawatan dr. Ni Nyoman Astriningsih tegas menjamin protokol kesehatan di rumah sakit dilakukan dengan ketat bahkan berlapis. Sehingga masyarakat yang ingin berobat tidak perlu merasa khawatir ataupun cemas lagi.Bahkan untuk protokol kesehatan ini sudah dilakukan pasca mewabahnya COVID19, mulai dari screening di pintu masuk rumah sakit seperti pengecekan suhu tubuh dan cuci tangan, penataan ruangan front office diberi sekat untuk tidak bersentuhan langsung, dan petugas yang telah dilengkapi Alat Pelindung Diri (APD) mulai dari level 1 sampai dengan level 3 disesuaikan dengan beban tugas mereka masing-masing. “Kami juga ada Poli Screening. Di sini pasien yang baru masuk dan akan rawat inap dilakukan rapid test terlebih dahulu, jika hasilnya reaktif maka pasien bersangkutan akan dirujuk ke RS rujukan, yakni di RSUD Tabanan atau di UPTD RS Nyitdah, karena kami bukan rumah sakit rujukan,” terangnya.Meski demikian pihaknya juga telah menyediakan ruang isolasi dengan 7 tempat tidur, untuk mengantisipasi lonjakan pasien reaktif di Poli Screening. Tentunya lokasinya terpisah dengan ruang rawat inap pasien umum lengkap dengan petugas ber APD sesuai dengan level yang dibutuhkan.“Jujur saja penemuan kasus reaktif di rumah sakit kami sangat tinggi, karena kami menjalankan SOP dan protokol kesehatan yang ada. Jika ada yang reaktif kami langsung koordinasi dengan Gugus Tugas dan merujuk pasien tersebut ke RS rujukan COVID, jadi tidak sampai masuk ke areal dalam di ruangan rawat inap rumah sakit,” ujarnya.Dan yang perlu dipahami, lanjutnya, hasil reaktif pada rapid test belum tentu positif COVID-19 sebelum pasien dilakukan swab test  “Reaktif kebanyakan karena kasus infeksi,” terangnya.Dan terkait kasus yang sebelumnya terjadi akibat ada protokol yang dilanggar karena menggunakan power bargaining, manajemen Wisma Prashanti juga sudah berkoordinasi dengan GTPP COVID-19 Tabanan. Dalam pertemuan tersebut, Ketua Harian GTPP Tabanan yang juga selaku ketua Sekda Tabanan bahkan mengatakan tidak segan akan menurunkan Satpol PP jika ada lagi pihak-pihak yang melanggar SOP ataupun protokol kesehatan alias ‘memengkung’.Sementara itu ditambahkan oleh Kepala Bidang Pelayanan Medis dan Keperawatan dr. Ni Nyoman Astriningsih, menindaklanjuti kasus yang terjadi sebelumnya, pihaknya sudah langsung melakukan rapid test massal. Dari 200 tenaga kesehatan dan karyawan hasilnya nonreakltif. “Kami juga melakukan tracking pencarian kronologis, didapatkan 60 orang kontak erat terhadap pasien ini, dan sudah dilakukan swab, benar ditemukan 3 orang tenaga kesehatan terkonfirmasi positif. Karena tenaga medis memang memiliki risiko tinggi terpapar, namun mereka dalam kondisi stabil tanpa gejala. Ketiganya sudah diisolasi di RS rujukan dan hasil swab sudah kami terima semua negatif,” ucapnya.Dan dari pantauan di rumah sakit, sejumlah pasien pun mengaku tidak khawatir untuk tetap berobat ke RS Wisma Prashanti. Mereka meyakini, protokol kesehatan yang dilakukan pihak rumah sakit sudah sangat ketat.Terkait kewaspadaan terhadap penyebaran virus COVID-19, mereka sudah melakukan anjuran pemerintah dan pihak rumah sakit seperti cuci tangan dan menggunakan masker serta penerapan social distancing. (Puspawati/balipost)",BALIPOST.com,"Dajan Peken, 82114, Tabanan, Tabanan, Bali, Indonesia",-8.536609490935,115.13552944186335,5,"2, 7","kejaksaan, kejatibali, kejaritabanan, tabanan, news"
Kasus DID Tabanan KPK Panggil Eks Wakil Ketua DPRD,2022-02-04T08:00:00.000Z,"Kabupaten Tabanan, Bali, Indonesia","Kasus DID Tabanan, KPK Panggil Eks Wakil Ketua DPRD - Kompas.com","JAKARTA, KOMPAS.com - Penyidik Komisi Pemberantasan Korupsi (KPK) menjadwalkan pemeriksaan terhadap mantan Wakil Ketua DPRD Kabupaten Tabanan periode 2017-2019, I Made Meliani pada Jumat (3/2/2022).
I Made Meliani akan diperiksa sebagai saksi terkait kasus dugaan korupsi pemberian dan penerimaan hadiah atau janji pengurusan dana insentif daerah (DID) Kabupaten Tabanan, Bali, tahun anggaran 2018.""Pemeriksaan akan dilakukan Kantor Perwakilan BPKP Provinsi Bali, Jl Tantular Nomor 3054, Panjer, Denpasar Selatan, Kota Denpasar,"" ujar Pelaksana Tugas Juru Bicara KPK Ali Fikri, melalui keterangan tertulis, Jumat.
Selain eks Wakil Ketua DPRD Tabanan, KPK juga mengagendakan pemeriksaan terhadap Ketua Komisi I DPRD Tabanan tahun 2016 I Putu Eka Putra Cahyadi; Kepala Badan Keuangan Daerah Tabanan tahun 2016-2017 I Made Sukada dan Kepala Bagian Umum Setda Kabupaten Tabanan tahun 2017 I Made Sumerta Yasa.
Baca juga: Kasus DID Tabanan, KPK Panggil 4 Manajer Hotel di Jakarta sebagai Saksi
Kemudian, Kepala Badan Perencanaan Penelitian dan Pengembangan (Bappelitbang) Tabanan Ida Bagus Wiratmaja; Kasubid Kasda Pemkab Tabanan Ni Made Wasasih; eks plh Sekda Pemkab Karangasem I Made Sujana Erawan; eks Kadis PU I Made Yudiana dan Kepala Dinas Perpustakaan dan Arsip Dewa Ayu Budiarti.




Selain itu, ajudan Bupati Tabanan I Ketut Suwita; Direktur PT Dayu I Made Purniarta; Direktris CV Panugrah Ni Made Maharini; Direktris CV Kerang Mutiara Utama I Nyoman Ely Krisnawati dan Direktur CV Nitra Sakti I Nyoman Yupi Astika turut diperiksa sebagai saksi.Hingga kini, ujar Ali, tim penyidik masih terus mengumpulkan dan melengkapi bukti-bukti terkait dugaan korupsi dana insentif daerah Kabupaten Tabanan.
Ia mengatakan, KPK akan menjelaskan konstruksi perkara dan siapa saja pihak-pihak yang akan ditetapakan sebagai tersangka pada saat penyelidikan tersebut dinilai cukup.
""Kami pastikan setelah penyidikan cukup, kami akan sampaikan kontruksi utuh perkara dan pihak-pihak yang ditetapkan sebagai tersangka,"" kata Ali.
Baca juga: KPK Telusuri Aktivitas Pihak-pihak yang Terkait Pengurusan DID Tabanan
Dalam kasus ini, KPK telah melakukan penggeledahan di sejumlah tempat di Kabupaten Tabanan, Bali, pada Rabu (27/10/2021).
Lokasi yang digeledah antara lain Kantor Dinas PUPR, Kantor Bapelitbang, Kantor Badan Keuangan Daerah Tabanan, Kantor DPRD, serta rumah kediaman pihak yang terkait dengan perkara tersebut.
    
        Bayangkan seorang anak Indonesia bercita-cita menjadi dokter tetapi hanya memiliki satu buku lusuh untuk belajar. Bersama Ekspedisi Kata ke Nyata Kompas.com, Anda bisa membantu mengubah kisah itu.","Mari hadirkan akses literasi bagi anak-anak di berbagai pelosok Indonesia melalui donasi lewat tautan https://bit.ly/JagatLiterasi2026. Setiap kebaikan yang Anda berikan bukan hanya membuka jendela pengetahuan, tetapi juga membuka masa depan mereka.","Pada Hari Jumat , 4 Februari 2022 08:00, Tabanan, Tabanan, Bali

JAKARTA, KOMPAS.com - Penyidik Komisi Pemberantasan Korupsi (KPK) menjadwalkan pemeriksaan terhadap mantan Wakil Ketua DPRD Kabupaten Tabanan periode 2017-2019, I Made Meliani pada Jumat (3/2/2022).
I Made Meliani akan diperiksa sebagai saksi terkait kasus dugaan korupsi pemberian dan penerimaan hadiah atau janji pengurusan dana insentif daerah (DID) Kabupaten Tabanan, Bali, tahun anggaran 2018.""Pemeriksaan akan dilakukan Kantor Perwakilan BPKP Provinsi Bali, Jl Tantular Nomor 3054, Panjer, Denpasar Selatan, Kota Denpasar,"" ujar Pelaksana Tugas Juru Bicara KPK Ali Fikri, melalui keterangan tertulis, Jumat.
Selain eks Wakil Ketua DPRD Tabanan, KPK juga mengagendakan pemeriksaan terhadap Ketua Komisi I DPRD Tabanan tahun 2016 I Putu Eka Putra Cahyadi; Kepala Badan Keuangan Daerah Tabanan tahun 2016-2017 I Made Sukada dan Kepala Bagian Umum Setda Kabupaten Tabanan tahun 2017 I Made Sumerta Yasa.
Baca juga: Kasus DID Tabanan, KPK Panggil 4 Manajer Hotel di Jakarta sebagai Saksi
Kemudian, Kepala Badan Perencanaan Penelitian dan Pengembangan (Bappelitbang) Tabanan Ida Bagus Wiratmaja; Kasubid Kasda Pemkab Tabanan Ni Made Wasasih; eks plh Sekda Pemkab Karangasem I Made Sujana Erawan; eks Kadis PU I Made Yudiana dan Kepala Dinas Perpustakaan dan Arsip Dewa Ayu Budiarti.




Selain itu, ajudan Bupati Tabanan I Ketut Suwita; Direktur PT Dayu I Made Purniarta; Direktris CV Panugrah Ni Made Maharini; Direktris CV Kerang Mutiara Utama I Nyoman Ely Krisnawati dan Direktur CV Nitra Sakti I Nyoman Yupi Astika turut diperiksa sebagai saksi.Hingga kini, ujar Ali, tim penyidik masih terus mengumpulkan dan melengkapi bukti-bukti terkait dugaan korupsi dana insentif daerah Kabupaten Tabanan.
Ia mengatakan, KPK akan menjelaskan konstruksi perkara dan siapa saja pihak-pihak yang akan ditetapakan sebagai tersangka pada saat penyelidikan tersebut dinilai cukup.
""Kami pastikan setelah penyidikan cukup, kami akan sampaikan kontruksi utuh perkara dan pihak-pihak yang ditetapkan sebagai tersangka,"" kata Ali.
Baca juga: KPK Telusuri Aktivitas Pihak-pihak yang Terkait Pengurusan DID Tabanan
Dalam kasus ini, KPK telah melakukan penggeledahan di sejumlah tempat di Kabupaten Tabanan, Bali, pada Rabu (27/10/2021).
Lokasi yang digeledah antara lain Kantor Dinas PUPR, Kantor Bapelitbang, Kantor Badan Keuangan Daerah Tabanan, Kantor DPRD, serta rumah kediaman pihak yang terkait dengan perkara tersebut.
    
        Bayangkan seorang anak Indonesia bercita-cita menjadi dokter tetapi hanya memiliki satu buku lusuh untuk belajar. Bersama Ekspedisi Kata ke Nyata Kompas.com, Anda bisa membantu mengubah kisah itu. Mari hadirkan akses literasi bagi anak-anak di berbagai pelosok Indonesia melalui donasi lewat tautan https://bit.ly/JagatLiterasi2026. Setiap kebaikan yang Anda berikan bukan hanya membuka jendela pengetahuan, tetapi juga membuka masa depan mereka.    
                    Batas akses KARIN
                    
                        Kamu sudah mencapai batas akses KARIN.
                        Gabung membership Kompas.com+ MAX untuk bertanya lebih banyak dan memahami berita dengan lebih leluasa.
                    
                
            
                    
                    
                    Tidak akurat
                
                
                    
                    
                    Tidak relevan
                
                
                    
                    
                    Menyinggung
                
                
                    
                    
                    Terlalu lama
                
                
                    
                    
                    Isu privasi
                
                
                    
                    
                    Lainnya
                
            
            
                    Khusus Member
                    
                        Akses Tanya Langsung Tersedia untuk Member
                        Gabung membership Kompas.com+ MAX untuk bertanya lebih banyak dan memahami berita dengan lebih leluasa.",Kompas.com,"Dajan Peken, 82114, Tabanan, Tabanan, Bali, Indonesia",-8.536609490935,115.13552944186335,5,"2, 7","kejaksaan, kejatibali, kejaritabanan, tabanan, news"
Kombinasi Pertanian dan Pariwisata Jadi Keunggulan Tabanan di Bali,2023-06-24T07:00:00.000Z,"Kabupaten Tabanan, Bali, Indonesia","Kombinasi Pertanian dan Pariwisata, Jadi Keunggulan Tabanan di Bali - Kompas.com","KOMPAS.com - Kabupaten Tabanan di Provinsi Bali berupaya menggabungkan potensi daerah mereka yaitu pertanian, dengan sektor pariwisata.
Cara ini menjadi salah satu langkah strategis untuk memanfaatkan kekuatan Tabanan di sektor pertanian, seperti disampaikan oleh Bupati Tabanan I Komang Gede Sanjaya.“Jadi kalau kami membajak sawah, bagaimana kearifan lokal para pekerja di sawah bisa (sekaligus) menjadi atraksi pariwisata. Begitu juga saat aktivitas (biji) kopi dipetik, bisa jadi atraksi, itulah bonusnya,” kata Sanjaya saat ditemui di kantor Kompas Gramedia Jakarta, Jumat (23/6/2023).
Baca juga: Tabanan, Lumbung Padinya Bali dengan Keindahan Alam Lengkap
Untuk beberapa aktivitas, seperti melihat proses membajak sawah sampai memetik biji kopi, wisatawan mancanegara sampai rela membayar.
Lebih lanjut, Sanjaya menjelaskan, pariwisata mencakup makna yang luas.","Bukan hanya sekadar mengunjungi tempat wisata yang indah, tetapi juga menikmati atau bahkan mencoba pengalaman unik.




Oleh karena itu, ia menilai aktivitas yang berkaitan dengan pertanian sebagai sektor paling utama di Tabanan, bisa dijadikan sebagai sarana wisata sekaligus.
“Jadi pariwisata sebagai daya dukung pertanian itu. Sektor pertanian sebagai hulu, dan bonusnya pariwisata,” ungkapnya.
Tabanan yang kaya keindahan alam
Menurut Sanjaya, Tabanan agak berbeda dari kabupaten atau kota lainnya di Bali karena lebih fokus bergerak pada bidang pertanian.
“Hampir 75 persen masyarakat Tabanan bergerak di pertanian.","Pada Hari Sabtu , 24 Juni 2023 07:00, Tabanan, Tabanan, Bali

KOMPAS.com - Kabupaten Tabanan di Provinsi Bali berupaya menggabungkan potensi daerah mereka yaitu pertanian, dengan sektor pariwisata.
Cara ini menjadi salah satu langkah strategis untuk memanfaatkan kekuatan Tabanan di sektor pertanian, seperti disampaikan oleh Bupati Tabanan I Komang Gede Sanjaya.“Jadi kalau kami membajak sawah, bagaimana kearifan lokal para pekerja di sawah bisa (sekaligus) menjadi atraksi pariwisata. Begitu juga saat aktivitas (biji) kopi dipetik, bisa jadi atraksi, itulah bonusnya,” kata Sanjaya saat ditemui di kantor Kompas Gramedia Jakarta, Jumat (23/6/2023).
Baca juga: Tabanan, Lumbung Padinya Bali dengan Keindahan Alam Lengkap
Untuk beberapa aktivitas, seperti melihat proses membajak sawah sampai memetik biji kopi, wisatawan mancanegara sampai rela membayar.
Lebih lanjut, Sanjaya menjelaskan, pariwisata mencakup makna yang luas. Bukan hanya sekadar mengunjungi tempat wisata yang indah, tetapi juga menikmati atau bahkan mencoba pengalaman unik.




Oleh karena itu, ia menilai aktivitas yang berkaitan dengan pertanian sebagai sektor paling utama di Tabanan, bisa dijadikan sebagai sarana wisata sekaligus.
“Jadi pariwisata sebagai daya dukung pertanian itu. Sektor pertanian sebagai hulu, dan bonusnya pariwisata,” ungkapnya.
Tabanan yang kaya keindahan alam
Menurut Sanjaya, Tabanan agak berbeda dari kabupaten atau kota lainnya di Bali karena lebih fokus bergerak pada bidang pertanian.
“Hampir 75 persen masyarakat Tabanan bergerak di pertanian. Kami masyarakat agraris, 25 persennya baru pariwisata,” ujar dia.Baca juga: Pantai Nyanyi Tabanan Bali: Jam Buka, Tiket Masuk, dan Aktivitas
Kendati tidak berfokus utama pada pariwisata, Sanjaya menjelaskan bahwa bentang alam di Tabanan merupakan salah satu yang terlengkap di Bali. Mulai dari pantai, gunung, sawah, hingga danau, semua dimiliki oleh Tabanan.
“Tabanan ada gunung, danau Beratan itu atraksi yang baik sekali. Kami juga punya sawah sebagai heritage, sawah abadi,” kata dia.
Namun, ia mengakui bahwa sampai saat ini, pantai dan pura di Tanah Lot masih menjadi daya tarik utama bagi wisatawan domestik maupun mancanegara.
UNSPLASH/NICK FEWINGS Pura Tanah Lot, salah satu kawasan wisata pantai di Tabanan, Bali. Berikut nama-nama bulan dalam Kalender Saka Bali.
“Sampai saat ini kunjungan terbanyak yang dikunjungi adalah Tanah Lot. Kalau ada pura di tengah laut, pasti Tanah Lot,” terangnya.
Selain Tanah Lot, beberapa atraksi wisata di Tabanan yang cukup ramai dikunjungi wisatawan antara lain seperti The Blooms Garden, Danau Beratan, Jatiluwih, Pantai Soka, Kebun Raya Bali, Taman Kupu-kupu, dan Museum Subak.
Baca juga: 9 Wisata Pantai di Tabanan Bali, Tak Cuma Tanah Lot
Di luar dari atraksi yang cukup populer di atas, wisatawan juga bisa mengeksplorasi Tabanan lebih lama lagi saat berkunjung, untuk bisa mendapatkan sejumlah hidden gem di sana.
Mulai dari air terjun, gua tempat melihat matahari terbenam (sunset), terasering yang terjaga, dan masih banyak lagi potensi alam lainnya di Tabanan.
    
        Bayangkan seorang anak Indonesia bercita-cita menjadi dokter tetapi hanya memiliki satu buku lusuh untuk belajar. Bersama Ekspedisi Kata ke Nyata Kompas.com, Anda bisa membantu mengubah kisah itu. Mari hadirkan akses literasi bagi anak-anak di berbagai pelosok Indonesia melalui donasi lewat tautan https://bit.ly/JagatLiterasi2026. Setiap kebaikan yang Anda berikan bukan hanya membuka jendela pengetahuan, tetapi juga membuka masa depan mereka.",Kompas.com,"Dajan Peken, 82114, Tabanan, Tabanan, Bali, Indonesia",-8.536609490935,115.13552944186335,5,"2, 7","kejaksaan, kejatibali, kejaritabanan, tabanan, news"
Suka Duka Sekaa di Jembrana Pelihara Instrumen Jegog,2018-04-14T07:00:00.000Z,"Kabupaten Tabanan, Bali, Indonesia",Suka Duka Sekaa di Jembrana Pelihara Instrumen Jegog - BALIPOST.com,"Sekeha memainkan instrumen Jegog. (BP/dok)NEGARA, BALIPOST.com – Kesenian Jegog yang identik dengan Kabupaten Jembrana disamping memiliki suara gamelan yang khas, perawatannya juga tergolong ekstra dan mahal.","Dalam merawat gamelan Jegog ini, diperlukan tempat dan perlakuan khusus.Sebab dibandingkan gong atau gamelan lainnya, alat musik jegog lebih rentan rusak karena faktor cuaca ataupun tempat penyimpanan yang tak layak. Satu saja bambu yang rusak/pecah diperlukan biaya yang tidak sedikit.Minimal Rp 350 ribu per satu bilah bambu.","Pada Hari Sabtu , 14 April 2018 07:00, Tabanan, Tabanan, Bali

Sekeha memainkan instrumen Jegog. (BP/dok)NEGARA, BALIPOST.com – Kesenian Jegog yang identik dengan Kabupaten Jembrana disamping memiliki suara gamelan yang khas, perawatannya juga tergolong ekstra dan mahal. Dalam merawat gamelan Jegog ini, diperlukan tempat dan perlakuan khusus.Sebab dibandingkan gong atau gamelan lainnya, alat musik jegog lebih rentan rusak karena faktor cuaca ataupun tempat penyimpanan yang tak layak. Satu saja bambu yang rusak/pecah diperlukan biaya yang tidak sedikit.Minimal Rp 350 ribu per satu bilah bambu. Bahan bambu yang digunakan pun jarang ditemukan di Jembrana lagi.Untuk mendapatkan bambu petung (bagian paling belakang) yang berdiameter besar itu, para perajin harus mencari di luar Jembrana, seperti Tabanan dan Karangasem. “Sekarang hampir tidak ada (bambu petung), harus memesan di Tabanan atau Gianyar,” ujar Oka, pemain Jegog asal Kelurahan Sangkaragung.Sehingga ketika gamelan bambu itu pecah, maka akan kesulitan dan biayanya cukup besar. Apalagi, saat pementasan Jegog dilakukan mebarung (adu suara) antar-sekaa, peluang pecahnya bambu cukup besar.Sehingga sekaa harus menyiapkan cadangan gamelan ketika bambu pecah. Begitu halnya dengan bambu lainnya yang lebih kecil seperti bambu jajang atau santong (lebih kecil) untuk suwir, kantil dan barangan masih bisa diperoleh.I Ketut Dernen, seniman penyetel gamelan Jegog asal Pancardawa, Kelurahan Pendem  beberapa waktu lalu mengatakan gamelan Jegog memiliki keistimewaan sehingga perawatannya pun harus ekstra. Bambu yang digunakan pun juga harus yang terpilih.Selain perangkat yang besar, nada suara lazimnya berubah saat berganti cuaca atau iklim. Misalnya, ketika alat musik bambu itu dibawa ke daerah dataran tinggi yang dingin, ketika ditabuh suaranya pasti berubah.Dernen berharap kendatipun instrumen musik ini cukup boros tempat, bisa disetarakan dengan alat musik lainnya. Pascabom Bali tahun 2000 lalu, banyak sekaha di Jembrana yang terpuruk karena minimnya pentas ke luar daerah dan minim pembiayaan. Sedangkan pentas-pentas di dalam Jembrana, bayaran tak sebanding dengan biaya yang dikeluarkan. Padahal perawatan untuk alat musik ini cukup tinggi.Seringkali, biaya untuk transportasi alat, penabuh serta perawatan gambelan lebih besar dari bayaran yang diterima. Untuk membuat seperangkat alat musik Jegog minimal dibutuhkan dana hingga Rp 50 juta.Pria kelahiran tahun 1956 ini selain menabuh juga dikenal kemampuannya dalam menyelaraskan nada gamelan Jegog. Tidak semua seniman memiliki kemampuan menyetel alat musik dari bambu ini.Bahkan Dernen mampu menyetel nada Jegog utuh dalam satu oktaf (do-re-mi-fa-sol-la-si-do). “Sekarang saya lebih banyak kerja kalau dipanggil, ada yang memanggil saya kerjakan disana. Bayaran tidak menarget, yang penting (gamelan) jadi dan senang sudah jadi,” kata pria berpenampilan sederhana ini.Keahlian seniman yang mengantongi penghargaan Satya Laksana Dharma Kusuma tahun 2013 ini, diperolehnya dari orang tua dan para seniman pembuat Jegog pendahulunya. Sisa bambu Jegog yang sudah rusak atau pecah biasanya tidak lagi dipergunakan dan dibuang.Namun di tangan orang-orang kreatif, limbah bambu Jegog itu dimanfaatkan lagi untuk hal lainnya. Seperti yang dilakukan sejumlah siswa dan guru SMAN 2 Negara.Bambu bekas gamelan Jegog yang menumpuk dan tidak bisa digunakan lagi, dimanfaatkan kembali. Seperti untuk pot tanaman misalnya.Kepala SMAN 2 Negara, I Wayan Sudiarta mengatakan sekolah sengaja memanfaatkan bambu gamelan Jegog sekolah yang rusak itu agar berguna kembali. “Dari pada tidak digunakan dan menumpuk, kami manfaatkan untuk pot tanaman untuk di sekitar sekolah,” terangnya.SMAN 2 Negara merupakan salah satu SMA yang memiliki gamelan Jegog ini dan sering tampil dengan penabuh para siswa. Selain pot bunga, bambu yang diantaranya berdiameter besar ini juga bisa dimanfaatkan untuk kerajinan lainnya seperti asbak atau tempat pensil. (Surya Dharma/balipost)",BALIPOST.com,"Dajan Peken, 82114, Tabanan, Tabanan, Bali, Indonesia",-8.536609490935,115.13552944186335,5,"2, 7","kejaksaan, kejatibali, kejaritabanan, tabanan, news"
Sejarah Pura Luhur Batukaru di Tabanan,2024-05-18T07:00:00.000Z,"Kabupaten Tabanan, Bali, Indonesia",Sejarah Pura Luhur Batukaru di Tabanan - Kompas.com,"KOMPAS.com - Bali dikenal memiliki banyak pura yang digunakan oleh umat Hindu untuk beribadah.
Pura bersejarah dan dianggap paling suci oleh masyarakat Bali adalah Pura Sad Kahyangan Jagad, yakni enam pura utama yang menjadi pilar Pulau Bali.Salah satu Pura Sad Kahyangan Jagad adalah Pura Luhur Batukaru, yang terletak di Desa Wangaya Gede, Kecamatan Penebel, Kabupaten Tabanan.
Lokasi pura ini berada di wilayah barat Pulau Bali, tepatnya di lereng selatan Gunung Batukaru.
Berikut ini sejarah Pura Luhur Batukaru dan fungsinya.
Baca juga: Sejarah Pura Goa Lawah di Bali




Sejarah Pura Luhur Batukaru
Melansir kesrasetda.bulelengkab.go.id, Pura Batukaru adalah stana Dewa Mahadewa.
Persembahyangan di Pura Luhur Batukaru dimaksudkan umat Hindu untuk memuja Tuhan Ida Sang Hyang Widhi Wasa dalam manifestasinya sebagai Dewa Mahadewa.
Dewa Mahadewa diberi gelar Ratu Hyang Tumuwuh, sebutan Tuhan sebagai yang menumbuhkan tumbuh-tumbuhan dengan menggunakan air secara benar.Nama pura ini kemungkinan besar diambil dari nama Gunung Batukaru.
Pura Luhur Batukaru termasuk Pura Sad Kahyangan yang disebut dalam Lontar Kusuma Dewa.
Konon, Pura Luhur Batukaru sudah ada pada abad ke-11, sebagaimana Pura Sad Kahyangan lainnya, yakni Pura Besakih, Pura Lempuyang Luhur, Pura Goa Lawah, Pura Luhur Uluwatu, dan Pura Pusering Jagat.
Tokoh yang mendirikan Pura Luhur Batukaru dan Pura Sad Kahyangan lainnya adalah Mpu Kuturan.
Mpu Kuturan adalah seorang pandita dari Jawa yang berperan menyatukan umat Hindu di Bali, sekaligus membangun banyak tempat suci di sana.
Baca juga: Sejarah Pura Lempuyang Luhur di Bali
Para ahli berpendapat bahwa Mpu Kuturan mendirikan Pura Sad Kahyangan Jagat untuk memotivasi umat menjaga keseimbangan eksistensi Sad Kerti, yaitu Atma Kerti, Samudra Kerti, Wana Kerti, Danu Kerti, Jagat Kerti, dan Jana Kerti.
Diduga, Pura Luhur Batukaru dulunya berfungsi sebagai tempat pemujaan dan tempat bertapa sebagai media Atma Kerti (membangun ketakwaan pada Tuhan) oleh tokoh-tokoh spiritual di daerah Tabanan..",,"Pada Hari Sabtu , 18 Mei 2024 07:00, Tabanan, Tabanan, Bali

KOMPAS.com - Bali dikenal memiliki banyak pura yang digunakan oleh umat Hindu untuk beribadah.
Pura bersejarah dan dianggap paling suci oleh masyarakat Bali adalah Pura Sad Kahyangan Jagad, yakni enam pura utama yang menjadi pilar Pulau Bali.Salah satu Pura Sad Kahyangan Jagad adalah Pura Luhur Batukaru, yang terletak di Desa Wangaya Gede, Kecamatan Penebel, Kabupaten Tabanan.
Lokasi pura ini berada di wilayah barat Pulau Bali, tepatnya di lereng selatan Gunung Batukaru.
Berikut ini sejarah Pura Luhur Batukaru dan fungsinya.
Baca juga: Sejarah Pura Goa Lawah di Bali




Sejarah Pura Luhur Batukaru
Melansir kesrasetda.bulelengkab.go.id, Pura Batukaru adalah stana Dewa Mahadewa.
Persembahyangan di Pura Luhur Batukaru dimaksudkan umat Hindu untuk memuja Tuhan Ida Sang Hyang Widhi Wasa dalam manifestasinya sebagai Dewa Mahadewa.
Dewa Mahadewa diberi gelar Ratu Hyang Tumuwuh, sebutan Tuhan sebagai yang menumbuhkan tumbuh-tumbuhan dengan menggunakan air secara benar.Nama pura ini kemungkinan besar diambil dari nama Gunung Batukaru.
Pura Luhur Batukaru termasuk Pura Sad Kahyangan yang disebut dalam Lontar Kusuma Dewa.
Konon, Pura Luhur Batukaru sudah ada pada abad ke-11, sebagaimana Pura Sad Kahyangan lainnya, yakni Pura Besakih, Pura Lempuyang Luhur, Pura Goa Lawah, Pura Luhur Uluwatu, dan Pura Pusering Jagat.
Tokoh yang mendirikan Pura Luhur Batukaru dan Pura Sad Kahyangan lainnya adalah Mpu Kuturan.
Mpu Kuturan adalah seorang pandita dari Jawa yang berperan menyatukan umat Hindu di Bali, sekaligus membangun banyak tempat suci di sana.
Baca juga: Sejarah Pura Lempuyang Luhur di Bali
Para ahli berpendapat bahwa Mpu Kuturan mendirikan Pura Sad Kahyangan Jagat untuk memotivasi umat menjaga keseimbangan eksistensi Sad Kerti, yaitu Atma Kerti, Samudra Kerti, Wana Kerti, Danu Kerti, Jagat Kerti, dan Jana Kerti.
Diduga, Pura Luhur Batukaru dulunya berfungsi sebagai tempat pemujaan dan tempat bertapa sebagai media Atma Kerti (membangun ketakwaan pada Tuhan) oleh tokoh-tokoh spiritual di daerah Tabanan.",Kompas.com,"Dajan Peken, 82114, Tabanan, Tabanan, Bali, Indonesia",-8.536609490935,115.13552944186335,5,"2, 7","kejaksaan, kejatibali, kejaritabanan, tabanan, news"
Resep Sambal Sager Gerih Sambal dari Ikan Asin Khas Tabanan Bali,2021-03-14T08:00:00.000Z,"Kabupaten Tabanan, Bali, Indonesia","Resep Sambal Sager Gerih, Sambal dari Ikan Asin Khas Tabanan Bali - Kompas.com","KOMPAS.com - Kamu pencinta masakan pedas? Kamu bisa coba resep sambel sager gerih.
Sager gerih dalam arti harafiahnya adalah lawar ikan kering. Terkenal sebagai sambal khas Kabupaten Tabanan yang disajikan bersama nasi sele atau nasi yang dicampur dengan ketela.Ikuti cara membuat sambal sager gerih dalam buku “Pawon Bali” karya Nanik Mirna Agung terbitan PT Gramedia Pustaka Utama.
Baca juga: Resep Sambal Sere, Sambal Pelengkap Makanan Bali 
Resep sambal sager gerih
Bahan:

20 gram ikan asin
60 gram bawang merah
20 gram cabai rawit
4 gram terasi
5 gram garam
2 gram kemangi
30 gram kelapa panggang

Baca juga: Resep Sambal Bawang Merah Utuh, Sambal yang Viral di TikTok



Cara membuat sambal sager gerih:
1.","Rajang bawang merah, bawang putih, dan cabai rawit. Goreng secara terpisah.
2.","Pada Hari Minggu , 14 Maret 2021 08:00, Tabanan, Tabanan, Bali

KOMPAS.com - Kamu pencinta masakan pedas? Kamu bisa coba resep sambel sager gerih.
Sager gerih dalam arti harafiahnya adalah lawar ikan kering. Terkenal sebagai sambal khas Kabupaten Tabanan yang disajikan bersama nasi sele atau nasi yang dicampur dengan ketela.Ikuti cara membuat sambal sager gerih dalam buku “Pawon Bali” karya Nanik Mirna Agung terbitan PT Gramedia Pustaka Utama.
Baca juga: Resep Sambal Sere, Sambal Pelengkap Makanan Bali 
Resep sambal sager gerih
Bahan:

20 gram ikan asin
60 gram bawang merah
20 gram cabai rawit
4 gram terasi
5 gram garam
2 gram kemangi
30 gram kelapa panggang

Baca juga: Resep Sambal Bawang Merah Utuh, Sambal yang Viral di TikTok



Cara membuat sambal sager gerih:
1. Rajang bawang merah, bawang putih, dan cabai rawit. Goreng secara terpisah.
2. Parut kelapa yang sudah dipanggang.
3. Goreng teri asin dan rajang kecil-kecil. Campurkan semua bahan dan tambahkan daun kemangi yang telah dirajang kecil-kecil.
4. Sajikan.
Buku “Pawon Bali” karya Nanik Mirna Agung terbitan PT Gramedia Pustaka Utama bisa dibeli di Gramedia.com. 
    
        Bayangkan seorang anak Indonesia bercita-cita menjadi dokter tetapi hanya memiliki satu buku lusuh untuk belajar. Bersama Ekspedisi Kata ke Nyata Kompas.com, Anda bisa membantu mengubah kisah itu. Mari hadirkan akses literasi bagi anak-anak di berbagai pelosok Indonesia melalui donasi lewat tautan https://bit.ly/JagatLiterasi2026. Setiap kebaikan yang Anda berikan bukan hanya membuka jendela pengetahuan, tetapi juga membuka masa depan mereka.",Kompas.com,"Dajan Peken, 82114, Tabanan, Tabanan, Bali, Indonesia",-8.536609490935,115.13552944186335,5,"2, 7","kejaksaan, kejatibali, kejaritabanan, tabanan, news"
Kerajaan Tabanan Sejarah Rajaraja Masa Kejayaan dan Keruntuhan,2021-12-14T08:00:00.000Z,"Kabupaten Tabanan, Bali, Indonesia","Kerajaan Tabanan: Sejarah, Raja-raja, Masa Kejayaan, dan Keruntuhan - Kompas.com","KOMPAS.com - Kerajaan Tabanan adalah salah satu dari beberapa kerajaan yang pernah berdiri di Pulau Bali.
Menurut Babad Arya Tabanan, raja pertama Kerajaan Tabanan adalah Arya Kenceng, yang merupakan keturunan Majapahit.
Pada awalnya, kerajaan ini berada di bawah dinasti Gelgel yang saat itu menguasai seluruh Bali.Sejak didirikan pada abad ke-14, Kerajaan Tabanan terus berkembang hingga mencapai masa kejayaan pada abad ke-17, ketika diperintah oleh Sri Magada Sakti.
Baca juga: Kerajaan Jembrana: Sejarah, Raja-raja, dan Keruntuhan
Sejarah berdirinya
Sejarah berdirinya Kerajaan Tabanan berkaitan erat dengan Kerajaan Majapahit. Pada masa pemerintahan Tribhuanatunggadewi (1329-1350), Majapahit ingin menyatukan kembali Bali dalam kekuasaannya.




Karena tidak dapat ditundukkan dengan cara diplomasi, Majapahit mengirim Gajah Mada dan Adityawarman (Arya Damar) bersama para Arya untuk menguasai Bali.
Adityawarman adalah adipati Palembang yang mempunyai hubungan kekerabatan dengan Raja Majapahit dari garis ibu.
Dalam serangan itu, Arya Kenceng, putra Adityawarman, memimpin pertempuran dari selatan.","Pada 1343, Bali akhirnya jatuh ke tangan Majapahit.Untuk mengatasi kekosongan pemerintahan di Bali, Raja Majapahit melantik Sri Kresna Kepakisan menjadi Raja Bali pada 1352 M.
Dalam pelantikan itu, juga diadakan pembagian wilayah Bali bagi para Arya, di mana Arya Kenceng ditugaskan di Tabanan.
Setelah Arya Kenceng diangkat menjadi Anglurah Tabanan pada 1352, ia segera membangun istana Buahan di Desa Pucangan dan bergelar Bhatara Arya Kenceng.
Arya Kenceng merupakan raja pertama yang menurunkan penguasa Kerajaan Tabanan selanjutnya.
Pada masa kekuasaan raja ketiganya, yaitu Sirarya Ngurah Langwang atau Prabu Singasana, istana dipindahkan dari Desa Pucangan ke Puri Agung Tabanan.
Baca juga: Kerajaan Gianyar: Sejarah, Raja-raja, dan Keruntuhan
Raja-raja Kerajaan Tabanan

Arya Kenceng
Sri Magada Nata/Arya Yasan
Prabu Singasana/Arya Langwang
I Gusti Ngurah Tabanan I
I Gusti Wayahan Pamedekan
I Gusti Made Pamedekan
I Gusti Ngurah Tabanan II
Prabu Nisweng Panida
I Gusti Made Dalang
I Gusti Nengah Malkangin
I Gusti Bolo di Malkangin
I Gusti Agung Badeng
Prabu Magada Sakti
Anglurah Mur Pamade
I Gusti Ngurah Sekar
I Gusti Ngurah Gede
I Gusti Ngurah Made Rai
I Gusti Ngurah Rai Panebel
I Gusti Ngurah Ubung
I Gusti Ngurah Agung I
I Gusti Ngurah Agung II
I Gusti Ngurah Rai Perang
Cokorda Ngurah Ketut
Regen Gusti Ngurah Wayan
Cokorda Ngurah Gede

Baca juga: Kerajaan Bangli: Sejarah, Raja-Raja, Keruntuhan, dan Peninggalan
Masa kejayaan Kerajaan Tabanan
Kejayaan Tabanan terjadi pada masa pemerintahan Raja Ki Gusti Dawuh yang bergelar Sri Magada Sakti (1650-1725).
Pada saat itum Tabanan sangat tertib dan aman, yang selanjutnya memisahkan diri dari kekuasaan Kerajaan Gelgel..","Pada Hari Selasa , 14 Desember 2021 08:00, Tabanan, Tabanan, Bali

KOMPAS.com - Kerajaan Tabanan adalah salah satu dari beberapa kerajaan yang pernah berdiri di Pulau Bali.
Menurut Babad Arya Tabanan, raja pertama Kerajaan Tabanan adalah Arya Kenceng, yang merupakan keturunan Majapahit.
Pada awalnya, kerajaan ini berada di bawah dinasti Gelgel yang saat itu menguasai seluruh Bali.Sejak didirikan pada abad ke-14, Kerajaan Tabanan terus berkembang hingga mencapai masa kejayaan pada abad ke-17, ketika diperintah oleh Sri Magada Sakti.
Baca juga: Kerajaan Jembrana: Sejarah, Raja-raja, dan Keruntuhan
Sejarah berdirinya
Sejarah berdirinya Kerajaan Tabanan berkaitan erat dengan Kerajaan Majapahit. Pada masa pemerintahan Tribhuanatunggadewi (1329-1350), Majapahit ingin menyatukan kembali Bali dalam kekuasaannya.




Karena tidak dapat ditundukkan dengan cara diplomasi, Majapahit mengirim Gajah Mada dan Adityawarman (Arya Damar) bersama para Arya untuk menguasai Bali.
Adityawarman adalah adipati Palembang yang mempunyai hubungan kekerabatan dengan Raja Majapahit dari garis ibu.
Dalam serangan itu, Arya Kenceng, putra Adityawarman, memimpin pertempuran dari selatan. Pada 1343, Bali akhirnya jatuh ke tangan Majapahit.Untuk mengatasi kekosongan pemerintahan di Bali, Raja Majapahit melantik Sri Kresna Kepakisan menjadi Raja Bali pada 1352 M.
Dalam pelantikan itu, juga diadakan pembagian wilayah Bali bagi para Arya, di mana Arya Kenceng ditugaskan di Tabanan.
Setelah Arya Kenceng diangkat menjadi Anglurah Tabanan pada 1352, ia segera membangun istana Buahan di Desa Pucangan dan bergelar Bhatara Arya Kenceng.
Arya Kenceng merupakan raja pertama yang menurunkan penguasa Kerajaan Tabanan selanjutnya.
Pada masa kekuasaan raja ketiganya, yaitu Sirarya Ngurah Langwang atau Prabu Singasana, istana dipindahkan dari Desa Pucangan ke Puri Agung Tabanan.
Baca juga: Kerajaan Gianyar: Sejarah, Raja-raja, dan Keruntuhan
Raja-raja Kerajaan Tabanan

Arya Kenceng
Sri Magada Nata/Arya Yasan
Prabu Singasana/Arya Langwang
I Gusti Ngurah Tabanan I
I Gusti Wayahan Pamedekan
I Gusti Made Pamedekan
I Gusti Ngurah Tabanan II
Prabu Nisweng Panida
I Gusti Made Dalang
I Gusti Nengah Malkangin
I Gusti Bolo di Malkangin
I Gusti Agung Badeng
Prabu Magada Sakti
Anglurah Mur Pamade
I Gusti Ngurah Sekar
I Gusti Ngurah Gede
I Gusti Ngurah Made Rai
I Gusti Ngurah Rai Panebel
I Gusti Ngurah Ubung
I Gusti Ngurah Agung I
I Gusti Ngurah Agung II
I Gusti Ngurah Rai Perang
Cokorda Ngurah Ketut
Regen Gusti Ngurah Wayan
Cokorda Ngurah Gede

Baca juga: Kerajaan Bangli: Sejarah, Raja-Raja, Keruntuhan, dan Peninggalan
Masa kejayaan Kerajaan Tabanan
Kejayaan Tabanan terjadi pada masa pemerintahan Raja Ki Gusti Dawuh yang bergelar Sri Magada Sakti (1650-1725).
Pada saat itum Tabanan sangat tertib dan aman, yang selanjutnya memisahkan diri dari kekuasaan Kerajaan Gelgel.",Kompas.com,"Dajan Peken, 82114, Tabanan, Tabanan, Bali, Indonesia",-8.536609490935,115.13552944186335,5,"2, 7","kejaksaan, kejatibali, kejaritabanan, tabanan, news"
Mantan Bupati Tabanan Ni Putu Eka Wiryastuti Ditetapkan sebagai Tersangka Korupsi Dana Insentif Daerah,2022-03-24T07:00:00.000Z,"Kabupaten Tabanan, Bali, Indonesia",Mantan Bupati Tabanan Ni Putu Eka Wiryastuti Ditetapkan sebagai Tersangka Korupsi Dana Insentif Daerah - Kompas.com,"JAKARTA, KOMPAS.com - Komisi Pemberantasan Korupsi (KPK) mengumumkan mantan Bupati Tabanan, Ni Putu Eka Wiryastuti, sebagai tersangka kasus dugaan korupsi pengurusan dana insentif daerah (DID), Tabanan, Bali tahun 2018.
Eks Bupati Tabanan itu ditetapkan tersangka bersama seorang Dosen I Dewa Nyoman Wiratmaja dan Kepala Seksi Dana Alokasi Khusus Fisik II, Direktorat Jenderal Perimbangan Keuangan, Kementerian Keuangan tahun 2017, Rifa Surya.""KPK menemukan bukti permulaan yang cukup dan meningkatkan perkara ini ke tahap penyidikan pada Oktober 2021,"" ujar Wakil Ketua KPK Lili Pintauli Siregar, dalam konferensi pers, di Gedung Merah Putih KPK, Jakarta, Kamis (24/3/2022).
Baca juga: KPK Duga Dana Insentif Daerah Tabanan Digunakan Tak Sesuai Peruntukannya
Lili menerangkan, Ni Putu Eka Wiryastuti selaku Bupati Tabanan periode 2010-2021 dalam melaksanakan tugasnya mengangkat I Dewa Nyoman Wiratmaja sebagai staf khusus bidang ekonomi dan pembangunan.
Sekitar Agustus 2017, ujar dia, ada inisiatif Bupati Tabanan dua periode itu untuk mengajukan permohonan DID dari pemerintah pusat senilai Rp 65 miliar.




""Untuk merealisasikan keinginannya tersebut, tersangka NPEW (Ni Putu Eka Wiryastuti) memerintahkan tersangka IDNW (I Dewa Nyoman Wiratmaja) menyiapkan seluruh kelengkapan administrasi permohonan pengajuan dana DID dimaksud dan menemui serta berkomunikasi dengan beberapa pihak yang dapat memuluskan usulan tersebut,"" papar Lili.
Adapun pihak yang ditemui I Dewa Nyoman Wiratmaja yaitu Yaya Purnomo dan Rifa Surya yang diduga memiliki kewenangan dan dapat mengawal usulan dana DID untuk Kabupaten Tabanantahun 2018.
Baca juga: KPK Periksa Penggunaan DID untuk Proyek di Pemkab Tabanan
Yaya Purnomo dan Rifa Surya kemudian diduga mengajukan syarat khusus untuk mengawal usulan DID pada Ni Putu Eka Wiryastuti dengan meminta sejumlah uang sebagai fee dengan sebutan “dana adat istiadat”.""Dan permintaan ini lalu diteruskan tersangka IDNW pada tersangka NPEW dan mendapat persetujuan,"" ucap Lili.
""Nilai fee yang ditentukan oleh Yaya Purnomo dan tersangka RS (Rifa Surya) diduga sebesar 2,5 persen dari alokasi dana DID yang nantinya akan didapat oleh Kabupaten Tabanan di Tahun Anggaran 2018,"" sambungnya.
Lebih lanjut, sekitar Agustus-Desember 2017, kata Lili, diduga dilakukan penyerahan uangsecara bertahap oleh I Dewa Nyoman Wiratmaja kepada Yaya Purnomo dan Rifa Surya di salah satu hotel di Jakarta.
Menurut Lili, pemberian uang oleh Ni Putu Eka Wiryastuti melalui I Dewa Nyoman Wiratmaja diduga Rp 600 juta dan 55.300 dollar Amerika
Baca juga: KPK Telusuri Aktivitas Pihak-pihak yang Terkait Pengurusan DID Tabanan
Saat ini, ujar dia, tim penyidik masih akan terus mendalami dugaan adanya aliran uang pada pihak-pihak lain yang diduga juga punya andil dalam pengurusan dana DID untuk Kabupaten Tabanan Tahun Anggaran 2018.
Atas perbuatannya, Ni Putu Eka Wiryastuti dan I Dewa Nyoman Wiratmaja sebagai pihak pemberi disangkakan melanggar Pasal 5 Ayat 1 huruf a atau huruf b atau Pasal 13 Undang-Undang Nomor 31 Tahun 1999.
Sementara itu, Rifa Surya sebagai pihak penerima disangkakan melanggar Pasal 12 huruf a atau Pasal 11 Undang-Undang Nomor 31 Tahun 1999.
    
        Bayangkan seorang anak Indonesia bercita-cita menjadi dokter tetapi hanya memiliki satu buku lusuh untuk belajar. Bersama Ekspedisi Kata ke Nyata Kompas.com, Anda bisa membantu mengubah kisah itu.","Mari hadirkan akses literasi bagi anak-anak di berbagai pelosok Indonesia melalui donasi lewat tautan https://bit.ly/JagatLiterasi2026. Setiap kebaikan yang Anda berikan bukan hanya membuka jendela pengetahuan, tetapi juga membuka masa depan mereka.","Pada Hari Kamis , 24 Maret 2022 07:00, Tabanan, Tabanan, Bali

JAKARTA, KOMPAS.com - Komisi Pemberantasan Korupsi (KPK) mengumumkan mantan Bupati Tabanan, Ni Putu Eka Wiryastuti, sebagai tersangka kasus dugaan korupsi pengurusan dana insentif daerah (DID), Tabanan, Bali tahun 2018.
Eks Bupati Tabanan itu ditetapkan tersangka bersama seorang Dosen I Dewa Nyoman Wiratmaja dan Kepala Seksi Dana Alokasi Khusus Fisik II, Direktorat Jenderal Perimbangan Keuangan, Kementerian Keuangan tahun 2017, Rifa Surya.""KPK menemukan bukti permulaan yang cukup dan meningkatkan perkara ini ke tahap penyidikan pada Oktober 2021,"" ujar Wakil Ketua KPK Lili Pintauli Siregar, dalam konferensi pers, di Gedung Merah Putih KPK, Jakarta, Kamis (24/3/2022).
Baca juga: KPK Duga Dana Insentif Daerah Tabanan Digunakan Tak Sesuai Peruntukannya
Lili menerangkan, Ni Putu Eka Wiryastuti selaku Bupati Tabanan periode 2010-2021 dalam melaksanakan tugasnya mengangkat I Dewa Nyoman Wiratmaja sebagai staf khusus bidang ekonomi dan pembangunan.
Sekitar Agustus 2017, ujar dia, ada inisiatif Bupati Tabanan dua periode itu untuk mengajukan permohonan DID dari pemerintah pusat senilai Rp 65 miliar.




""Untuk merealisasikan keinginannya tersebut, tersangka NPEW (Ni Putu Eka Wiryastuti) memerintahkan tersangka IDNW (I Dewa Nyoman Wiratmaja) menyiapkan seluruh kelengkapan administrasi permohonan pengajuan dana DID dimaksud dan menemui serta berkomunikasi dengan beberapa pihak yang dapat memuluskan usulan tersebut,"" papar Lili.
Adapun pihak yang ditemui I Dewa Nyoman Wiratmaja yaitu Yaya Purnomo dan Rifa Surya yang diduga memiliki kewenangan dan dapat mengawal usulan dana DID untuk Kabupaten Tabanantahun 2018.
Baca juga: KPK Periksa Penggunaan DID untuk Proyek di Pemkab Tabanan
Yaya Purnomo dan Rifa Surya kemudian diduga mengajukan syarat khusus untuk mengawal usulan DID pada Ni Putu Eka Wiryastuti dengan meminta sejumlah uang sebagai fee dengan sebutan “dana adat istiadat”.""Dan permintaan ini lalu diteruskan tersangka IDNW pada tersangka NPEW dan mendapat persetujuan,"" ucap Lili.
""Nilai fee yang ditentukan oleh Yaya Purnomo dan tersangka RS (Rifa Surya) diduga sebesar 2,5 persen dari alokasi dana DID yang nantinya akan didapat oleh Kabupaten Tabanan di Tahun Anggaran 2018,"" sambungnya.
Lebih lanjut, sekitar Agustus-Desember 2017, kata Lili, diduga dilakukan penyerahan uangsecara bertahap oleh I Dewa Nyoman Wiratmaja kepada Yaya Purnomo dan Rifa Surya di salah satu hotel di Jakarta.
Menurut Lili, pemberian uang oleh Ni Putu Eka Wiryastuti melalui I Dewa Nyoman Wiratmaja diduga Rp 600 juta dan 55.300 dollar Amerika
Baca juga: KPK Telusuri Aktivitas Pihak-pihak yang Terkait Pengurusan DID Tabanan
Saat ini, ujar dia, tim penyidik masih akan terus mendalami dugaan adanya aliran uang pada pihak-pihak lain yang diduga juga punya andil dalam pengurusan dana DID untuk Kabupaten Tabanan Tahun Anggaran 2018.
Atas perbuatannya, Ni Putu Eka Wiryastuti dan I Dewa Nyoman Wiratmaja sebagai pihak pemberi disangkakan melanggar Pasal 5 Ayat 1 huruf a atau huruf b atau Pasal 13 Undang-Undang Nomor 31 Tahun 1999.
Sementara itu, Rifa Surya sebagai pihak penerima disangkakan melanggar Pasal 12 huruf a atau Pasal 11 Undang-Undang Nomor 31 Tahun 1999.
    
        Bayangkan seorang anak Indonesia bercita-cita menjadi dokter tetapi hanya memiliki satu buku lusuh untuk belajar. Bersama Ekspedisi Kata ke Nyata Kompas.com, Anda bisa membantu mengubah kisah itu. Mari hadirkan akses literasi bagi anak-anak di berbagai pelosok Indonesia melalui donasi lewat tautan https://bit.ly/JagatLiterasi2026. Setiap kebaikan yang Anda berikan bukan hanya membuka jendela pengetahuan, tetapi juga membuka masa depan mereka.    
                    Batas akses KARIN
                    
                        Kamu sudah mencapai batas akses KARIN.
                        Gabung membership Kompas.com+ MAX untuk bertanya lebih banyak dan memahami berita dengan lebih leluasa.
                    
                
            
                    
                    
                    Tidak akurat
                
                
                    
                    
                    Tidak relevan
                
                
                    
                    
                    Menyinggung
                
                
                    
                    
                    Terlalu lama
                
                
                    
                    
                    Isu privasi
                
                
                    
                    
                    Lainnya
                
            
            
                    Khusus Member
                    
                        Akses Tanya Langsung Tersedia untuk Member
                        Gabung membership Kompas.com+ MAX untuk bertanya lebih banyak dan memahami berita dengan lebih leluasa.",Kompas.com,"Dajan Peken, 82114, Tabanan, Tabanan, Bali, Indonesia",-8.536609490935,115.13552944186335,5,"2, 7","kejaksaan, kejatibali, kejaritabanan, tabanan, news"
Setelah Solo Cacing Tanah Muncul dalam Jumlah Banyak di Tabanan Bali Ini Faktanya,2020-04-30T07:00:00.000Z,"Kabupaten Tabanan, Bali, Indonesia","Setelah Solo, Cacing Tanah Muncul dalam Jumlah Banyak di Tabanan Bali, Ini Faktanya - Kompas.com","KOMPAS.com- Kemunculan cacing tanah dalam jumlah banyak kembali membuat heboh masyarakat pada Rabu (29/4/2020) pagi.
Setelah bermunculan di Solo dan sekitarnya, kini cacing tanah muncul di Tabanan, Bali.
Salah satu saksi mata dari warga Desa Tua Kecamatan Marga, Tabanan, Bali I Putu Paramarta mengatakan, kejadian berlangsung pukul 06.00 WITA.Awalnya dia mengira ada lulut atau ulat emas yang keluar dari dalam tanah
Namun setelah menyaksikan lebih dekat, ternyata ada banyak cacing di halaman rumahnya.
""Tadi saya sempat tanya ke teman, apa pagi ini di rumahnya juga ada cacing yang keluar. Dia bilang enggak ada,"" kata Paramarta.




Baca juga: Sederet Fakta Lengkap Munculnya Cacing Tanah Terus-Menerus Secara Misterius
Jadi makanan ayam dan bebek
Shutterstock Bebek menyeberang jalan.
Kemunculan cacing tersebut berlangsung dalam waktu tak begitu lama, yaitu sampai pukul 08.00 WITA.
Menurutnya, setelah bermunculan, cacing tanah itu dimakan ayam dan bebek.
Dia sendiri mengumpulkan cacing tanah itu untuk diberikan kepada bebeknya.
""Sudah hilang sekitar jam 08.00 WITA.","Dipatok ayam, sama saya berikan ke bebek. Besok pagi mau tak liatin lagi apa bakal muncul lagi atau tidak,"" katanya.
Baca juga: Geger Cacing Keluar dari Tanah dalam Jumlah Banyak di Bali 

 Cacing tanah muncul di Pasar Gede Solo
Penjelasan ahli
Dosen Laboratorium Biologi Tanah, Konsentrasi Tanah dan Lingkungan dari Fakulitas Pertanian Universitas Udayana Ni Luh Kartini mengatakan, keluarnya cacing pasti disebabkan kondisi tanah yang bermasalah.Kemungkinan pertama ialah adanya penggunaan pestisida, herbisida, dan pupuk kimia berlebihan secara terus menerus.
Kedua, kondisi tanah mengalami perubahan suhu secara drastis sehingga cacing tanah merasa terganggu.
Kemungkinan terakhir ialah adanya genangan air tanah.
Baca juga: Harganya Mahal, Cacing Tanah Banyak Dicari Tukang Obat dan Peternak
""Kalau cacing tanah keluar dari sarangnya yaitu tanah dan sampai menantang sinar matahari ini terjadi karena ekologi sudah tidak cocok untuk hidup cacing tanah,"" kata doktor di bidang cacing tanah dan pupuk hayati mikoriza tahun 1997 di Fakultas Pertanian Universitas Padjadjaran ini, saat dihubungi, Rabu (29/4/2020).
Menurutnya, ada jenis cacing yang bisa membuat lubang sehingga bisa masuk dan keluar dari permukaan hingga kedalaman tanah.
Cacing yang tinggal di kedalaman berarti merasa nyaman.
Namun jika ada masalah di dalam tanah maka mereka akan keluar.
Baca juga: Cacing Keluar dari Tanah dalam Jumlah Banyak, BPBD: Mungkin Ada Anomali
Sebelumnya di Solo
Istimewa Cacing keluar dari dalam tanah terjadi di Pasar Gede Solo, Jawa Tengah, Sabtu (18/4/2020).Pada Sabtu (18/4/2020), kejadian serupa terjadi di Solo, Jawa Tengah, tepatnya di kawasan Pasar Gede.
Seorang pedagang bakso di Pasar Gede, Marsono mengatakan, cacing keluar dari taman pada pukul 05.30 WIB.
Cacing terus bermunculan hingga ke jalan raya sampai siang hari.""Cacing ini muncul dari taman.","Pada Hari Kamis , 30 April 2020 07:00, Tabanan, Tabanan, Bali

KOMPAS.com- Kemunculan cacing tanah dalam jumlah banyak kembali membuat heboh masyarakat pada Rabu (29/4/2020) pagi.
Setelah bermunculan di Solo dan sekitarnya, kini cacing tanah muncul di Tabanan, Bali.
Salah satu saksi mata dari warga Desa Tua Kecamatan Marga, Tabanan, Bali I Putu Paramarta mengatakan, kejadian berlangsung pukul 06.00 WITA.Awalnya dia mengira ada lulut atau ulat emas yang keluar dari dalam tanah
Namun setelah menyaksikan lebih dekat, ternyata ada banyak cacing di halaman rumahnya.
""Tadi saya sempat tanya ke teman, apa pagi ini di rumahnya juga ada cacing yang keluar. Dia bilang enggak ada,"" kata Paramarta.




Baca juga: Sederet Fakta Lengkap Munculnya Cacing Tanah Terus-Menerus Secara Misterius
Jadi makanan ayam dan bebek
Shutterstock Bebek menyeberang jalan.
Kemunculan cacing tersebut berlangsung dalam waktu tak begitu lama, yaitu sampai pukul 08.00 WITA.
Menurutnya, setelah bermunculan, cacing tanah itu dimakan ayam dan bebek.
Dia sendiri mengumpulkan cacing tanah itu untuk diberikan kepada bebeknya.
""Sudah hilang sekitar jam 08.00 WITA. Dipatok ayam, sama saya berikan ke bebek. Besok pagi mau tak liatin lagi apa bakal muncul lagi atau tidak,"" katanya.
Baca juga: Geger Cacing Keluar dari Tanah dalam Jumlah Banyak di Bali 

 Cacing tanah muncul di Pasar Gede Solo
Penjelasan ahli
Dosen Laboratorium Biologi Tanah, Konsentrasi Tanah dan Lingkungan dari Fakulitas Pertanian Universitas Udayana Ni Luh Kartini mengatakan, keluarnya cacing pasti disebabkan kondisi tanah yang bermasalah.Kemungkinan pertama ialah adanya penggunaan pestisida, herbisida, dan pupuk kimia berlebihan secara terus menerus.
Kedua, kondisi tanah mengalami perubahan suhu secara drastis sehingga cacing tanah merasa terganggu.
Kemungkinan terakhir ialah adanya genangan air tanah.
Baca juga: Harganya Mahal, Cacing Tanah Banyak Dicari Tukang Obat dan Peternak
""Kalau cacing tanah keluar dari sarangnya yaitu tanah dan sampai menantang sinar matahari ini terjadi karena ekologi sudah tidak cocok untuk hidup cacing tanah,"" kata doktor di bidang cacing tanah dan pupuk hayati mikoriza tahun 1997 di Fakultas Pertanian Universitas Padjadjaran ini, saat dihubungi, Rabu (29/4/2020).
Menurutnya, ada jenis cacing yang bisa membuat lubang sehingga bisa masuk dan keluar dari permukaan hingga kedalaman tanah.
Cacing yang tinggal di kedalaman berarti merasa nyaman.
Namun jika ada masalah di dalam tanah maka mereka akan keluar.
Baca juga: Cacing Keluar dari Tanah dalam Jumlah Banyak, BPBD: Mungkin Ada Anomali
Sebelumnya di Solo
Istimewa Cacing keluar dari dalam tanah terjadi di Pasar Gede Solo, Jawa Tengah, Sabtu (18/4/2020).Pada Sabtu (18/4/2020), kejadian serupa terjadi di Solo, Jawa Tengah, tepatnya di kawasan Pasar Gede.
Seorang pedagang bakso di Pasar Gede, Marsono mengatakan, cacing keluar dari taman pada pukul 05.30 WIB.
Cacing terus bermunculan hingga ke jalan raya sampai siang hari.""Cacing ini muncul dari taman. Kalau cacing itu dikumpulkan ada satu ember. Jumlah cacingnya banyak,"" kata Marsono.
Sumber: Kompas.com (Penulis: Imam Rosidin | Editor: David Oliver Purba, Robertus Belarminus)
    
        Bayangkan seorang anak Indonesia bercita-cita menjadi dokter tetapi hanya memiliki satu buku lusuh untuk belajar. Bersama Ekspedisi Kata ke Nyata Kompas.com, Anda bisa membantu mengubah kisah itu. Mari hadirkan akses literasi bagi anak-anak di berbagai pelosok Indonesia melalui donasi lewat tautan https://bit.ly/JagatLiterasi2026. Setiap kebaikan yang Anda berikan bukan hanya membuka jendela pengetahuan, tetapi juga membuka masa depan mereka.    
                    Batas akses KARIN
                    
                        Kamu sudah mencapai batas akses KARIN.
                        Gabung membership Kompas.com+ MAX untuk bertanya lebih banyak dan memahami berita dengan lebih leluasa.
                    
                
            
                    
                    
                    Tidak akurat
                
                
                    
                    
                    Tidak relevan
                
                
                    
                    
                    Menyinggung
                
                
                    
                    
                    Terlalu lama
                
                
                    
                    
                    Isu privasi
                
                
                    
                    
                    Lainnya
                
            
            
                    Khusus Member
                    
                        Akses Tanya Langsung Tersedia untuk Member
                        Gabung membership Kompas.com+ MAX untuk bertanya lebih banyak dan memahami berita dengan lebih leluasa.",Kompas.com,"Dajan Peken, 82114, Tabanan, Tabanan, Bali, Indonesia",-8.536609490935,115.13552944186335,5,"2, 7","kejaksaan, kejatibali, kejaritabanan, tabanan, news"
Bupati Tabanan Dorong Desa Wisata Kembangkan Kuliner,2013-07-17T07:00:00.000Z,"Kabupaten Tabanan, Bali, Indonesia",Bupati Tabanan Dorong Desa Wisata Kembangkan Kuliner - Kompas.com,"TABANAN, KOMPAS.com - Bupati Tabanan Ni Putu Eka Wiryastuti mendorong desa wisata di daerahnya mengembangkan kuliner khas perdesaan sebagai upaya menarik minat wisatawan. ""Tentu saja kami akan mendukung pengembangan kuliner oleh masyarakat desa wisata,"" katanya di Tabanan, Bali, Selasa (16/7/2013).Putu Eka menilai kuliner khas Bali pada umumnya monoton sehingga tidak mampu menarik minat wisatawan untuk mencicipinya.","""Kalau saja masyarakat di desa wisata mampu meramu dan menyajikan kuliner yang menggugah selera, tentu wisatawan akan betah dan ini berarti membuka kesempatan kerja bagi masyarakat perdesaan,"" kata putri pertama mantan Bupati Tabanan, Adi Wiryatama itu.Wiryastuti sangat bangga dengan kuliner yang disajikan anggota Padepokan Wirawana, Kecamatan Penebel. ""Masakannya bercita rasa tinggi dan cara penyajiannya juga tidak kalah dengan hotel berbintang,"" katanya.Padepokan itu mampu menyuguhkan ""entil"" atau ketupat khas Penebel yang disajikan bersama ""steak"" ayam dan gurami ""crispy"".Bupati baru menyadari ternyata di Tabanan selain terdapat potensi sumber daya alam yang melimpah, juga memiliki tenaga-tenaga terampil dalam bidang kuliner.","Pada Hari Rabu , 17 Juli 2013 07:00, Tabanan, Tabanan, Bali

TABANAN, KOMPAS.com - Bupati Tabanan Ni Putu Eka Wiryastuti mendorong desa wisata di daerahnya mengembangkan kuliner khas perdesaan sebagai upaya menarik minat wisatawan. ""Tentu saja kami akan mendukung pengembangan kuliner oleh masyarakat desa wisata,"" katanya di Tabanan, Bali, Selasa (16/7/2013).Putu Eka menilai kuliner khas Bali pada umumnya monoton sehingga tidak mampu menarik minat wisatawan untuk mencicipinya. ""Kalau saja masyarakat di desa wisata mampu meramu dan menyajikan kuliner yang menggugah selera, tentu wisatawan akan betah dan ini berarti membuka kesempatan kerja bagi masyarakat perdesaan,"" kata putri pertama mantan Bupati Tabanan, Adi Wiryatama itu.Wiryastuti sangat bangga dengan kuliner yang disajikan anggota Padepokan Wirawana, Kecamatan Penebel. ""Masakannya bercita rasa tinggi dan cara penyajiannya juga tidak kalah dengan hotel berbintang,"" katanya.Padepokan itu mampu menyuguhkan ""entil"" atau ketupat khas Penebel yang disajikan bersama ""steak"" ayam dan gurami ""crispy"".Bupati baru menyadari ternyata di Tabanan selain terdapat potensi sumber daya alam yang melimpah, juga memiliki tenaga-tenaga terampil dalam bidang kuliner. ""Menu yang disajikan oleh warga kita mampu menggugah selera siapa pun untuk mencicipi karena penyajiannya yang sangat apik di samping juga cara penyajiannya,"" katanya.Sementara  Wayan Wirawan selaku pengurus padepokan mengakui bahwa anggotanya mendapat pelatihan dari koki berpengalaman internasional di Bali. ""Anggota kami di Padepokan Wirawana saat ini berjumlah 30 orang. Kemampuan mereka tidak perlu diragukan lagi karena sudah mendapat pelatihan dari ’chef-chef’ andal,"" katanya.



Padepokan, lanjut Wirawan, juga memberdayakan masyarakat sekitar terutama kaum wanita yang tergabung dalam Kelompok Wanita Tani untuk menciptakan lingkungan bersih dan sehat.""Selain mengembangkan kuliner, kami juga memberdayakan kaum perempuan untuk memilah sampah menjadi bank sampah. Selain mampu menciptakan lingkungan yang bersih dan sehat. Program ini juga bisa menambah pemasukan ibu-ibu kita,"" tambah Wirawan.
    
        Bayangkan seorang anak Indonesia bercita-cita menjadi dokter tetapi hanya memiliki satu buku lusuh untuk belajar. Bersama Ekspedisi Kata ke Nyata Kompas.com, Anda bisa membantu mengubah kisah itu. Mari hadirkan akses literasi bagi anak-anak di berbagai pelosok Indonesia melalui donasi lewat tautan https://bit.ly/JagatLiterasi2026. Setiap kebaikan yang Anda berikan bukan hanya membuka jendela pengetahuan, tetapi juga membuka masa depan mereka.",Kompas.com,"Dajan Peken, 82114, Tabanan, Tabanan, Bali, Indonesia",-8.536609490935,115.13552944186335,5,"2, 7","kejaksaan, kejatibali, kejaritabanan, tabanan, news"
Geledah Dinkes Tabanan Kejari Temukan Uang Rp8 Juta di Laci Staf,2026-08-11T07:00:00.000Z,"Kabupaten Tabanan, Bali, Indonesia","Geledah Dinkes Tabanan, Kejari Temukan Uang Rp8 Juta di Laci Staf - BALIPOST.com","Kepala Kejaksaan Negeri Tabanan, Medie, SH, MH. (BP/bit)SINGASANA, BALIPOST.com – Penggeledahan yang dilakukan Tim Penyidik Tindak Pidana Khusus Kejari Tabanan terkait dugaan korupsi pengelolaan anggaran BBM dan pelumas serta makan minum tahun anggaran 2023-2025 di Dinas Kesehatan Tabanan ternyata tidak hanya mengamankan 126 dokumen, laptop dan handphone sebagai barang bukti.","Ternyata dalam penggeledahan tersebut penyidik juga mengamankan uang tunai sebesar Rp 8,012 juta.Kepala Kejaksaan Negeri Tabanan, Medie, SH, MH, mengatakan, uang tunai yang diamankan tersebut ditemukan dalam bentuk kas yang disimpan di laci salah seorang staf Dinas Kesehatan Tabanan.Berdasarkan pengakuan awal, uang tersebut merupakan sisa uang yang sebelumnya diambil dari SPBU rekanan dengan menggunakan SPPD BBM yang diduga fiktif. “Uang tunai kurang lebih Rp8 juta 12 ribu, yang disita dari pegawai di Dinas Kesehatan Tabanan.","Pada Hari Selasa , 11 Agustus 2026 07:00, Tabanan, Tabanan, Bali

Kepala Kejaksaan Negeri Tabanan, Medie, SH, MH. (BP/bit)SINGASANA, BALIPOST.com – Penggeledahan yang dilakukan Tim Penyidik Tindak Pidana Khusus Kejari Tabanan terkait dugaan korupsi pengelolaan anggaran BBM dan pelumas serta makan minum tahun anggaran 2023-2025 di Dinas Kesehatan Tabanan ternyata tidak hanya mengamankan 126 dokumen, laptop dan handphone sebagai barang bukti. Ternyata dalam penggeledahan tersebut penyidik juga mengamankan uang tunai sebesar Rp 8,012 juta.Kepala Kejaksaan Negeri Tabanan, Medie, SH, MH, mengatakan, uang tunai yang diamankan tersebut ditemukan dalam bentuk kas yang disimpan di laci salah seorang staf Dinas Kesehatan Tabanan.Berdasarkan pengakuan awal, uang tersebut merupakan sisa uang yang sebelumnya diambil dari SPBU rekanan dengan menggunakan SPPD BBM yang diduga fiktif. “Uang tunai kurang lebih Rp8 juta 12 ribu, yang disita dari pegawai di Dinas Kesehatan Tabanan. Diakui uang tersebut merupakan sisa hasil atau uang yang diambil dari rekanan SPBU dengan menggunakan SPPD fiktif,” ujar Medie, Selasa (11/8).Penggeledahan merupakan tindak lanjut setelah perkara tersebut ditingkatkan dari tahap penyelidikan ke penyidikan. Sebelumnya, kata Medie, tim telah melakukan penyelidikan dengan memeriksa sekitar 18 saksi. Para saksi yang diperiksa berasal dari staf Dinas Kesehatan Tabanan maupun pihak rekanan. Dari hasil pemeriksaan dan pendalaman tersebut, penyidik menyimpulkan telah menemukan minimal dua alat bukti yang cukup untuk meningkatkan perkara ke tahap penyidikan.Medie mengatakan, dugaan modus dalam perkara tersebut antara lain berkaitan dengan pembuatan surat pertanggungjawaban (SPJ) fiktif. Dokumen tersebut diduga digunakan untuk mempertanggungjawabkan penggunaan anggaran yang dalam pelaksanaannya tidak sesuai dengan kondisi sebenarnya. “Setelah penggeledahan, selanjutnya tim penyidik Kejaksaan Negeri Tabanan akan melakukan pendalaman dokumen dan barang-barang yang disita atau diamankan,” katanya.Selain pendalaman barang bukti, penyidik dalam waktu dekat kembali melakukan pemanggilan terhadap sejumlah saksi. Keterangan para saksi tersebut akan dikonfrontasikan dengan hasil pemeriksaan dokumen dan barang bukti yang telah diamankan.Sedangkan untuk penetapan tersangka dalam kasus ini, menurut Medie, akan dilakukan setelah proses pendalaman alat bukti dan pemeriksaan saksi selesai. Kejari Tabanan menargetkan tahapan tersebut dapat dilakukan paling lambat dalam waktu sekitar satu bulan. “Setelah itu baru penetapan tersangka. Minimal paling lambat satu bulan atau lebih,” tegasnya.Perkara ini berawal dari laporan masyarakat terkait dugaan penyimpangan dalam pengelolaan anggaran pada Dinas Kesehatan Kabupaten Tabanan. Laporan tersebut kemudian ditindaklanjuti dengan penyelidikan. Setelah dilakukan pendalaman, penyidik menemukan adanya indikasi kebenaran atas laporan tersebut sehingga diterbitkan surat perintah penyelidikan.Dugaan tindak pidana korupsi tersebut berkaitan dengan pengelolaan anggaran Belanja Bahan Bakar Minyak (BBM) dan pelumas serta makan dan minum pada Dinas Kesehatan Kabupaten Tabanan untuk tahun anggaran 2023 sampai 2025. Penyidik masih mendalami seluruh rangkaian perkara untuk memastikan kerugian negara dan pihak-pihak yang nantinya dimintai pertanggungjawaban hukum.(Puspawati/balipost)",BALIPOST.com,"Dajan Peken, 82114, Tabanan, Tabanan, Bali, Indonesia",-8.536609490935,115.13552944186335,5,"2, 7","kejaksaan, kejatibali, kejaritabanan, tabanan, news"
Bisnis Hotel di Bali Masih Menjanjikan,2018-03-10T08:00:00.000Z,"Kabupaten Tabanan, Bali, Indonesia",Bisnis Hotel di Bali Masih Menjanjikan - Kompas.com,"TABANAN, KOMPAS.com - Bisnis perhotelan atau fasilitas akomodasi di Bali, dinilai masih sangat menjanjikan dengan tingkat hunian rata-rata pada angka stabil 50-60 persen.
Dus, hingga saat ini pun Pulau Dewata masih menjadi destinasi wisata nomor satu dunia versi Traveler's Choice Awards 2017 yang digelar TripAdvisor.
Baca juga : Jumeirah Bakal Hadir di Bali Kuartal IV-2018 Oleh karena itulah, menyediakan hotel merupakan salah satu strategi Ciputra Group sebagai trigger atau pemantik dalam pengembangan mixed use Ciputra Beach Resort, di Kabupaten Tabanan, Bali.
Associate Director Ciputra Beach Resort Bali Helen hamzah menuturkan, di kawasan seluas 80 hektar tersebut, tak hanya dikembangkan hunian, melainkan juga hotel berkonsep resor dan vila.
""Kami menggandeng Rosewood, nama besar di sektor perhotelan dengan klasifikasi mewah,"" kata Helen menjawab Kompas.com, Rabu (6/3/2018).




Helen menuturkan, Rosewood Hotels and Resorts ini akan dibangun sebanyak 80 suites dan 40 vila dengan masing-masing punya keunikan yang berbeda.
Saat ini, aku Helen, Rosewood Hotels and Resorts tengah dalam tahap pematangan desain. Begitu desain final selesai, akan dilanjutkan dengan tahap pembangunan.
Menurut dia, nama besar rantai operator global ini sedikit banyak memengaruhi konsumen dan investor dalam keputusan membeli hunian Ciputra Beach Resort baik klaster Sadana maupun Nivata.Baca juga : Bisnis Properti Pulih, Ciputra Beach Resort Bali Terjual 70 Persen  
Tak hanya Rosewood Hotels and Resorts, Ciputra juga akan menggandeng nama besar lain yang lebih menyasar genre milenial.
""Keputusannya nanti dalam pengembangan Ciputra Beach Resort Tahap II,"" tambah Helen.
Kehadiran Rosewood Hotels and Resorts akan meramaikan kompetisi bisnis perhotelan di Bali.","Menurut catatan Colliers International Indonesia, per akhir 2017 saja terdapat 10 hotel baru yang beroperasi dengan jumlah kamar 1.402 unit.Angka itu tidak termasuk hotel yang masih berupa proyek atau dalam proses konstruksi namun dijadwalkan dibuka tahun ini seperti Springhill Villas & Resort at Jimbaran Hijau, The Himana-Mercure Bali Jimbaran, The Element Ubud, Jumeirah, Renaissance Bali Resort & Spa Uluwatu dan @HOM Jimbaran.
 ""Sementara jika dikalkulasi hingga tahun 2019 mendatang, terdapat 40 hotel baru dengan total 7.154 kamar yang dibuka untuk menyambut turis yang datang ke Bali,"" kata Senior Associate Director Research Colliers International Ferry Salanto. Di antara jumlah tersebut, satu merupakan hotel bintang tiga yakni Fairfield Hotel dengan jumlah kamar 223 unit.","Pada Hari Sabtu , 10 Maret 2018 08:00, Tabanan, Tabanan, Bali

TABANAN, KOMPAS.com - Bisnis perhotelan atau fasilitas akomodasi di Bali, dinilai masih sangat menjanjikan dengan tingkat hunian rata-rata pada angka stabil 50-60 persen.
Dus, hingga saat ini pun Pulau Dewata masih menjadi destinasi wisata nomor satu dunia versi Traveler's Choice Awards 2017 yang digelar TripAdvisor.
Baca juga : Jumeirah Bakal Hadir di Bali Kuartal IV-2018 Oleh karena itulah, menyediakan hotel merupakan salah satu strategi Ciputra Group sebagai trigger atau pemantik dalam pengembangan mixed use Ciputra Beach Resort, di Kabupaten Tabanan, Bali.
Associate Director Ciputra Beach Resort Bali Helen hamzah menuturkan, di kawasan seluas 80 hektar tersebut, tak hanya dikembangkan hunian, melainkan juga hotel berkonsep resor dan vila.
""Kami menggandeng Rosewood, nama besar di sektor perhotelan dengan klasifikasi mewah,"" kata Helen menjawab Kompas.com, Rabu (6/3/2018).




Helen menuturkan, Rosewood Hotels and Resorts ini akan dibangun sebanyak 80 suites dan 40 vila dengan masing-masing punya keunikan yang berbeda.
Saat ini, aku Helen, Rosewood Hotels and Resorts tengah dalam tahap pematangan desain. Begitu desain final selesai, akan dilanjutkan dengan tahap pembangunan.
Menurut dia, nama besar rantai operator global ini sedikit banyak memengaruhi konsumen dan investor dalam keputusan membeli hunian Ciputra Beach Resort baik klaster Sadana maupun Nivata.Baca juga : Bisnis Properti Pulih, Ciputra Beach Resort Bali Terjual 70 Persen  
Tak hanya Rosewood Hotels and Resorts, Ciputra juga akan menggandeng nama besar lain yang lebih menyasar genre milenial.
""Keputusannya nanti dalam pengembangan Ciputra Beach Resort Tahap II,"" tambah Helen.
Kehadiran Rosewood Hotels and Resorts akan meramaikan kompetisi bisnis perhotelan di Bali. Menurut catatan Colliers International Indonesia, per akhir 2017 saja terdapat 10 hotel baru yang beroperasi dengan jumlah kamar 1.402 unit.Angka itu tidak termasuk hotel yang masih berupa proyek atau dalam proses konstruksi namun dijadwalkan dibuka tahun ini seperti Springhill Villas & Resort at Jimbaran Hijau, The Himana-Mercure Bali Jimbaran, The Element Ubud, Jumeirah, Renaissance Bali Resort & Spa Uluwatu dan @HOM Jimbaran.
 ""Sementara jika dikalkulasi hingga tahun 2019 mendatang, terdapat 40 hotel baru dengan total 7.154 kamar yang dibuka untuk menyambut turis yang datang ke Bali,"" kata Senior Associate Director Research Colliers International Ferry Salanto. 
Di antara jumlah tersebut, satu merupakan hotel bintang tiga yakni Fairfield Hotel dengan jumlah kamar 223 unit. Hotel ini direncanakan beroperasi tahun 2018 ini.
    
        Bayangkan seorang anak Indonesia bercita-cita menjadi dokter tetapi hanya memiliki satu buku lusuh untuk belajar. Bersama Ekspedisi Kata ke Nyata Kompas.com, Anda bisa membantu mengubah kisah itu. Mari hadirkan akses literasi bagi anak-anak di berbagai pelosok Indonesia melalui donasi lewat tautan https://bit.ly/JagatLiterasi2026. Setiap kebaikan yang Anda berikan bukan hanya membuka jendela pengetahuan, tetapi juga membuka masa depan mereka.",Kompas.com,"Dajan Peken, 82114, Tabanan, Tabanan, Bali, Indonesia",-8.536609490935,115.13552944186335,5,"2, 7","kejaksaan, kejatibali, kejaritabanan, tabanan, news"
Perumahan Terjangkau di Bawah Rp 200 Juta di Kabupaten Tabanan Pilihan Ekonomis,2024-08-04T07:00:00.000Z,"Kabupaten Tabanan, Bali, Indonesia",Perumahan Terjangkau di Bawah Rp 200 Juta di Kabupaten Tabanan: Pilihan Ekonomis - Kompas.com,"KOMPAS.com - Kabupaten Tabanan di Bali sedang menarik perhatian dari para calon pemilik rumah.
Sebagai pusat perhatian, daerah tersebut menawarkan berbagai pilihan rumah subsidi dengan harga terjangkau.
Masyarakat dapat mengakses inforamsi terkait rumah dengan harga kurang dari Rp 200 juta melalui Sistem Informasi Kumpulan Pengembang (Sikumbang).Berikut adalah beberapa pilihan rumah terjangkau di Kabupaten Tabanan:

Perumahan Taman Indah Lestari: Tipe 30/60
Terletak di Kerambitan, Kabupaten Tabanan, perumahan ini dibangun PT Puri Gita Asri seharga Rp 149 juta.
Masing-masing rumah dibuat seluas 30/60 meter persegi. Sebanyak 26 rumah telah terjual, sisanya masih 22 unit lagi.





Bca Pesona Jadi Thp 3: Tipe 25
Perumahan satu ini dikembangkan oleh PT Bumi Cempaka Asri yang terletak di Kediri, Kabupaten Tabanan.","Menawarkan 114 rumah dengan harga Rp 168 juta.
Luas bangunan rumah dibuat 25/60 meter persegi. Hingga saat ini, sudah terjual 95 rumah dan masih tersisa 19 unit lagi. 

Gedong Mandung V: Tipe 36
Berlokasi di Kerambitan, Kabupaten Tabanan, proyek perumahan ini dikembangkan oleh PT Gedong Becik Raindra seharga Rp 168 juta.
Bangunan rumah dibuat seluas 36/60 meter persegi.","Pada Hari Minggu , 4 Agustus 2024 07:00, Tabanan, Tabanan, Bali

KOMPAS.com - Kabupaten Tabanan di Bali sedang menarik perhatian dari para calon pemilik rumah.
Sebagai pusat perhatian, daerah tersebut menawarkan berbagai pilihan rumah subsidi dengan harga terjangkau.
Masyarakat dapat mengakses inforamsi terkait rumah dengan harga kurang dari Rp 200 juta melalui Sistem Informasi Kumpulan Pengembang (Sikumbang).Berikut adalah beberapa pilihan rumah terjangkau di Kabupaten Tabanan:

Perumahan Taman Indah Lestari: Tipe 30/60
Terletak di Kerambitan, Kabupaten Tabanan, perumahan ini dibangun PT Puri Gita Asri seharga Rp 149 juta.
Masing-masing rumah dibuat seluas 30/60 meter persegi. Sebanyak 26 rumah telah terjual, sisanya masih 22 unit lagi.





Bca Pesona Jadi Thp 3: Tipe 25
Perumahan satu ini dikembangkan oleh PT Bumi Cempaka Asri yang terletak di Kediri, Kabupaten Tabanan. Menawarkan 114 rumah dengan harga Rp 168 juta.
Luas bangunan rumah dibuat 25/60 meter persegi. Hingga saat ini, sudah terjual 95 rumah dan masih tersisa 19 unit lagi. 

Gedong Mandung V: Tipe 36
Berlokasi di Kerambitan, Kabupaten Tabanan, proyek perumahan ini dikembangkan oleh PT Gedong Becik Raindra seharga Rp 168 juta.
Bangunan rumah dibuat seluas 36/60 meter persegi. Hingga saat ini, masih tersedia 12 rumah dari total 26 unit yang disediakan.

Graha Kita Tahaf Ii: Tipe 35/66
Perumahan keempat ini terletak di Salamadeg Timur, Kabupaten Tabanan. Total rumah yang ditawarkan 24 unti seharga Rp 168 juta.
Bangunan rumah dibuat seluas 35/66 meter persgei. PT Jatayu Dewata masih memasarkan sisa satu rumah lagi. 

Bca Multi Jadi Ix Thp 3: Tipe 25
Di Kediri, Kabupaten Tabanan, terdapat perumahan dengan total 136 unit. Saat ini, telah terjual 95 rumah dengan harga Rp 168 juta per unit.
Bangunan-bangunan rumah dibuat seluas 25/60 meter persegi. PT Bumi Cempaka Asri masih memasarkan 41 rumah lagi.



    
        Bayangkan seorang anak Indonesia bercita-cita menjadi dokter tetapi hanya memiliki satu buku lusuh untuk belajar. Bersama Ekspedisi Kata ke Nyata Kompas.com, Anda bisa membantu mengubah kisah itu. Mari hadirkan akses literasi bagi anak-anak di berbagai pelosok Indonesia melalui donasi lewat tautan https://bit.ly/JagatLiterasi2026. Setiap kebaikan yang Anda berikan bukan hanya membuka jendela pengetahuan, tetapi juga membuka masa depan mereka.",Kompas.com,"Dajan Peken, 82114, Tabanan, Tabanan, Bali, Indonesia",-8.536609490935,115.13552944186335,5,"2, 7","kejaksaan, kejatibali, kejaritabanan, tabanan, news"
Belajar Tentang Herbal dan Kopi Aktivitas Wisata Baru di Tabanan,2016-12-13T08:00:00.000Z,"Kabupaten Tabanan, Bali, Indonesia","Belajar Tentang Herbal dan Kopi, Aktivitas Wisata Baru di Tabanan - Kompas.com","JAKARTA, KOMPAS.com - Bali kini memiliki obyek wisata edukasi baru bernama Bali Secret Garden. Wisatawan bisa belajar tentang kekayaan herbal Indonesia yang belum banyak diketahui.","Misalnya, pembuatan lulur tradisional dan keunggulan kopi Tanah Air.""Ini objek wisata dan edukasi herborist pertama di Bali Utara. Namanya Bali Secret Garden.","Pada Hari Selasa , 13 Desember 2016 08:00, Tabanan, Tabanan, Bali

JAKARTA, KOMPAS.com - Bali kini memiliki obyek wisata edukasi baru bernama Bali Secret Garden. Wisatawan bisa belajar tentang kekayaan herbal Indonesia yang belum banyak diketahui. Misalnya, pembuatan lulur tradisional dan keunggulan kopi Tanah Air.""Ini objek wisata dan edukasi herborist pertama di Bali Utara. Namanya Bali Secret Garden. Wahananya telah resmi dibuka per 9 Desember 2016 oleh Menteri Pariwisata Arief Yahya. Ini menjadi destinasi baru pariwisata Bali,” terang Ketua Tim Percepatan Wisata Kuliner dan Belanja Kemenpar, Vita Datau Messakh seperti dikutip dari siaran pers Kementerian Pariwisata kepada KompasTravel, Senin (12/12/2016).Secara arsitektur, bangunan Secret Garden Village adalah perpaduan unsur modern dan tradisional khas Bali. Bangunan di Secret Garden Village ini terinspirasi dari pegunungan yang ada di sekitar Tabanan.Di Bali Secret Garden, wisatawan bisa mengunjungi Oemah Herborist Factory Outlet dan menjumpai salah satu produk kecantikan yang terkenal dengan lulur khas Bali-nya. Di area ini, pengunjung akan diajak mengunjungi Beauty Heritage Museum yang menyimpan sejarah dunia kecantikan dan kosmetik di Indonesia. Pengunjung juga bisa membuat kosmetik dari bahan alami di area mini plant serta menonton film pendek tentang kosmetik Indonesia dari masa ke masa.
Selanjutnya, ada wisata edukasi tentang kopi di Black Eye Coffee and Roastery yang bisa dinikmati. Di bagian ini, pengunjung bisa mempelajari proses pembuatan kopi berkualitas tinggi yang diracik langsung oleh para barista.
Dok. Bali Secret Garden Bagi pecinta kopi, Black Eye Coffee memberikan Anda kesempatan untuk menjelajah museum kopi, melihat proses pembuatan mulai dari pemrosesan biji mentah hingga menjadi kopi bubuk berkualitas tinggi, menyesap lezatnya kopi dari berbagai macam jenis, dan tentunya memilih berbagai jenis kopi untuk Anda bawa pulang.Sambil beristirahat sejenak, pengunjung juga bisa menikmati berbagai jenis kopi khas Nusantara seperti Kopi Toraja, Aceh, Lampung, Jawa, dan kopi dari beragam daerah lain.




“Kopi yang diolah di sini semuanya adalah kopi khas Nusantara, namun pengolahannya menggunakan mesin yang modern,” tambah Vita.
Bagi pecinta kopi, Black Eye Coffee memberikan Anda kesempatan untuk menjelajah museum kopi, melihat proses pembuatan mulai dari proses pengolahan biji mentah hingga menjadi kopi bubuk berkualitas tinggi, menyesap lezatnya kopi dari berbagai macam jenis, dan tentunya memilih berbagai jenis kopi untuk Anda bawa pulang.
Selain dua aktivitas tersebut, Anda dapat menikmati indahnya alam Bedugul yang dikelilingi perbukitan sambil menikmati kuliner lezat khas Bali dan menu internasional di Rice View Resto. Tempat makan ini khusus untuk BBQ, sementara The Luwus Resto yang menyediakan menu Nusantara dan menu masakan Asia.
“Menu tradisional Tabanan Bebek Luwung menjadi makanan andalan tempat ini, selain makanan seafood dan makanan Western lainnya. Bebek luwung diolah dengan bumbu khas Bali yang memberikan pengalaman rasa secara lengkap,” terang wanita yang juga menjabat Ketua Akademi Gastronomi Indonesia itu.Dok. Bali Secret Garden Gourmet Bali Secret GardenBagi yang suka swafoto, silahkan arahkan pandangan ke Beauty Garden dengan hiasan taman yang indah. 
“Konsep Gourmet Beauty tersaji secara indah dan dapat diekpresikan sebagai usaha menggabungkan pengalaman panca indra yang lengkap visual, rasa, penciuman, pendengaran dan sentuhan. Sangat cocok untuk wisata keluarga. Ini menjadi aset promosi untuk mendatangkan wisatawan mancanegara khususnya wisatawan gastronomi,” tambah Vita.
Menpar Arief Yahya menilai objek wisata baru ini berhasil menggabungkan pariwisata dan ekonomi kreatif. Menurutnya, Secret Garden Village akan ikut membantu upaya pemerintah meningkatkan kontribusi pariwisata dan ekonomi kreatif.
“Bangsa ini hanya bisa menangkan persaingan di ekonomi kreatif.‎ Kita akan menangkan persaingan dengan relatif mudah di pariwisata dan ekonomi kreatif,” jelasnya.
Dia memaparkan objek wisata di kawasan Bali Utara ini menggabungkan ekonomi kreatif kuliner dan fashion khususnya produk kosmetik. Dua pilihan tersebut dinilai sangat bagus, karena kedua sektor tersebut merupakan penyumbang terbesar devisa dari ekonomi kreatif.
Dok. Bali Secret Garden Gourmet Bali Secret Garden Pemilik Secret Garden Village, Billy Hartono Salim mengharapkan keberadaan objek baru ini dapat menjadi ikon baru di Bali khususnya di Kabupaten Tabanan.
“Keberadaan objek baru ini sekaligus untuk menempatkan investasi tidak terbatas di Bali selatan saja, tetapi ke utara,” jelas Billy yang beruntung bisa dihadiri Menpar Arief Yahya.
Bagi yang ingin menyambangi Bali Secret Garden, lokasinya terbilang mudah dijangkau. Destinasi wisata dengan slogan ""The Next Iconic Destination of Bali Island"" itu terletak di Tabanan Km 36.

        Bayangkan seorang anak Indonesia bercita-cita menjadi dokter tetapi hanya memiliki satu buku lusuh untuk belajar. Bersama Ekspedisi Kata ke Nyata Kompas.com, Anda bisa membantu mengubah kisah itu. Mari hadirkan akses literasi bagi anak-anak di berbagai pelosok Indonesia melalui donasi lewat tautan https://bit.ly/JagatLiterasi2026. Setiap kebaikan yang Anda berikan bukan hanya membuka jendela pengetahuan, tetapi juga membuka masa depan mereka.",Kompas.com,"Dajan Peken, 82114, Tabanan, Tabanan, Bali, Indonesia",-8.536609490935,115.13552944186335,5,"2, 7","kejaksaan, kejatibali, kejaritabanan, tabanan, news"
Berita Kilas Daerah Kabupaten Tabanan Hari Ini,2024-07-17T05:27:07.000Z,"Kabupaten Tabanan, Bali, Indonesia",Berita Kilas Daerah Kabupaten Tabanan Hari Ini - Kompas.com,"TABANAN
                    

            
    
        
            
                
                
                
                    Tabanan Jadi Kabupaten Terbaik III Tekan Kemiskinan dan Stunting di Jawa-Bali
                    Salah satu inovasi yang terbukti mampu mendukung percepatan penurunan stunting di Kabupaten Tabanan adalah program unggulan Bupati Ngantor di Desa.
                    
                        
                            
                                TABANAN
                            
                            
                                5 Juni 2026
                            
                        
                    
                
            
        
    
    
                                      
            
                
                    
                    
                    
                        Kunjungan Ke-55 Program 'Bungan Desa', Bupati Tabanan Fokus Kembangkan Potensi Lokal
                        
                            
                                
                                    TABANAN
                                
                                
                                    30 Juli 2024
                                
                            
                        
                    
                
            
                          
            
                
                    
                    
                    
                        Ikuti Pesan Bung Karno, Bupati Tabanan Dorong KTNA Jaga Kemandirian Pangan
                        
                            
                                
                                    TABANAN
                                
                                
                                    29 Juli 2024
                                
                            
                        
                    
                
            
                          
            
                
                    
                    
                    
                        Ketua TP-PKK Tabanan Intensifkan Program Sosial di Marga dan Baturiti
                        
                            
                                
                                    TABANAN
                                
                                
                                    27 Juli 2024
                                
                            
                        
                    
                
            
                    

        

                
            
                
                    Feature
                
            

            
    
        
            
            
            
                Ketua TP-PKK Tabanan Intensifkan Program Sosial di Marga dan Baturiti
                
                    
                        
                            TABANAN
                        
                        
                            27 Juli 2024
                        
                    
                
            
        
    

        
        
                
            
                
                    All News
                
            

            
                 
    
        
            
            
            
                Ngantor di Desa Buahan, Bupati Tabanan Apresiasi Inovasi Mi Kelor yang Unik dan Sehat
                
                    
                        
                            TABANAN
                        
                        
                            26 Juli 2024
                        
                    
                
            
        
    

    
        
            
            
            
                Lestarikan Budaya dan Tradisi, Bupati Tabanan Pimpin Bhakti Penganyar di 2 Pura Suci di Jatim
                
                    
                        
                            TABANAN
                        
                        
                            23 Juli 2024
                        
                    
                
            
        
    

    
        
            
            
            
                Ceria dan Penuh Semangat, Anak-anak Belajar Story Telling bersama Bunda PAUD Tabanan
                
                    
                        
                            TABANAN
                        
                        
                            17 Juli 2024
                        
                    
                
            
        
    

    
        
            
            
            
                Festival Jatiluwih V Sukses Digelar, Bupati Tabanan Apresiasi Seluruh Pihak yang Terlibat
                
                    
                        
                            TABANAN
                        
                        
                            17 Juli 2024.",,"Pada Hari Rabu , 17 Juli 2024 05:27, Tabanan, Tabanan, Bali

TABANAN
                    

            
    
        
            
                
                
                
                    Tabanan Jadi Kabupaten Terbaik III Tekan Kemiskinan dan Stunting di Jawa-Bali
                    Salah satu inovasi yang terbukti mampu mendukung percepatan penurunan stunting di Kabupaten Tabanan adalah program unggulan Bupati Ngantor di Desa.
                    
                        
                            
                                TABANAN
                            
                            
                                5 Juni 2026
                            
                        
                    
                
            
        
    
    
                                      
            
                
                    
                    
                    
                        Kunjungan Ke-55 Program 'Bungan Desa', Bupati Tabanan Fokus Kembangkan Potensi Lokal
                        
                            
                                
                                    TABANAN
                                
                                
                                    30 Juli 2024
                                
                            
                        
                    
                
            
                          
            
                
                    
                    
                    
                        Ikuti Pesan Bung Karno, Bupati Tabanan Dorong KTNA Jaga Kemandirian Pangan
                        
                            
                                
                                    TABANAN
                                
                                
                                    29 Juli 2024
                                
                            
                        
                    
                
            
                          
            
                
                    
                    
                    
                        Ketua TP-PKK Tabanan Intensifkan Program Sosial di Marga dan Baturiti
                        
                            
                                
                                    TABANAN
                                
                                
                                    27 Juli 2024
                                
                            
                        
                    
                
            
                    

        

                
            
                
                    Feature
                
            

            
    
        
            
            
            
                Ketua TP-PKK Tabanan Intensifkan Program Sosial di Marga dan Baturiti
                
                    
                        
                            TABANAN
                        
                        
                            27 Juli 2024
                        
                    
                
            
        
    

        
        
                
            
                
                    All News
                
            

            
                 
    
        
            
            
            
                Ngantor di Desa Buahan, Bupati Tabanan Apresiasi Inovasi Mi Kelor yang Unik dan Sehat
                
                    
                        
                            TABANAN
                        
                        
                            26 Juli 2024
                        
                    
                
            
        
    

    
        
            
            
            
                Lestarikan Budaya dan Tradisi, Bupati Tabanan Pimpin Bhakti Penganyar di 2 Pura Suci di Jatim
                
                    
                        
                            TABANAN
                        
                        
                            23 Juli 2024
                        
                    
                
            
        
    

    
        
            
            
            
                Ceria dan Penuh Semangat, Anak-anak Belajar Story Telling bersama Bunda PAUD Tabanan
                
                    
                        
                            TABANAN
                        
                        
                            17 Juli 2024
                        
                    
                
            
        
    

    
        
            
            
            
                Festival Jatiluwih V Sukses Digelar, Bupati Tabanan Apresiasi Seluruh Pihak yang Terlibat
                
                    
                        
                            TABANAN
                        
                        
                            17 Juli 2024",Kompas.com,"Dajan Peken, 82114, Tabanan, Tabanan, Bali, Indonesia",-8.536609490935,115.13552944186335,5,"2, 7","kejaksaan, kejatibali, kejaritabanan, tabanan, news"
Bus yang Angkut 42 Siswa SMP di Surabaya Kecelakaan di Tabanan Pihak Sekolah Beri Layanan Trauma Healing,2022-06-21T07:00:00.000Z,"Kabupaten Tabanan, Bali, Indonesia","Bus yang Angkut 42 Siswa SMP di Surabaya Kecelakaan di Tabanan, Pihak Sekolah Beri Layanan ""Trauma Healing"" - Kompas.com","SURABAYA, KOMPAS.com - Rombongan siswa Sekolah Menengah Pertama (SMP) Labschool Unesa 2 Surabaya telah tiba di Surabaya, Senin (20/6/2022) setelah bus yang membawa mereka mengalami tabrakan beruntun di Baturiti, Tabanan, Bali.
Kecelakaan tersebut mengakibatkan satu orang tewas dan delapan lainnya luka-luka.
Baca juga: Pengakuan Sopir Bus, Tersangka Tabrakan Beruntun di Tabanan Bali: Kalau Saya Buang ke Kiri, Korban Mungkin Lebih BanyakSebanyak 42 siswa dan empat guru yang berada di dalam bus, semuanya kini tengah menjalani trauma healing dari tim Satuan Mitigasi Crisis Center (SMCC) Universitas Negeri Surabaya (UNESA).
Wakil Bidang Akademik Badan Pengelolaan Labschool Unesa, Widya Nusantara menerangkan bahwa trauma healing tersebut melibatkan semua siswa dan guru yang tergabung dalam rombongan study tour ke Bali.
Baca juga: Sebelum Tabrakan Beruntun di Tabanan, Penumpang Cium Bau Terbakar lalu Bus Melaju Zig-zag




Menurutnya, penumpang bus tentu merasakan syok usai mengalami kejadian tersebut.
""Sebagai orangtua tentulah ada rasa khawatir. Karena itu kita berikan penanganan juga.","Siswa aman dan ini kita kembalikan kondisi psikologisnya dan kita harapkan orangtua juga tenang,” kata Widya kepada Kompas.com, Selasa (21/6/2022).
Baca juga: Kecelakaan Maut di Baturiti Tabanan, Sopir Bus Pariwisata Jadi Tersangka


Widya menjelaskan, sejak rombongan korban tiba di Surabaya, tim SMCC telah melakukan asesmen untuk memastikan bahwa kondisi siswa baik-baik saja.
Ternyata ada empat orang yang mengalami luka terkena serpihan kaca, termasuk satu guru olahraga. 
“Kami sudah cek. Clear, tidak ada yang sampai parah.","Pada Hari Selasa , 21 Juni 2022 07:00, Tabanan, Tabanan, Bali

SURABAYA, KOMPAS.com - Rombongan siswa Sekolah Menengah Pertama (SMP) Labschool Unesa 2 Surabaya telah tiba di Surabaya, Senin (20/6/2022) setelah bus yang membawa mereka mengalami tabrakan beruntun di Baturiti, Tabanan, Bali.
Kecelakaan tersebut mengakibatkan satu orang tewas dan delapan lainnya luka-luka.
Baca juga: Pengakuan Sopir Bus, Tersangka Tabrakan Beruntun di Tabanan Bali: Kalau Saya Buang ke Kiri, Korban Mungkin Lebih BanyakSebanyak 42 siswa dan empat guru yang berada di dalam bus, semuanya kini tengah menjalani trauma healing dari tim Satuan Mitigasi Crisis Center (SMCC) Universitas Negeri Surabaya (UNESA).
Wakil Bidang Akademik Badan Pengelolaan Labschool Unesa, Widya Nusantara menerangkan bahwa trauma healing tersebut melibatkan semua siswa dan guru yang tergabung dalam rombongan study tour ke Bali.
Baca juga: Sebelum Tabrakan Beruntun di Tabanan, Penumpang Cium Bau Terbakar lalu Bus Melaju Zig-zag




Menurutnya, penumpang bus tentu merasakan syok usai mengalami kejadian tersebut.
""Sebagai orangtua tentulah ada rasa khawatir. Karena itu kita berikan penanganan juga. Siswa aman dan ini kita kembalikan kondisi psikologisnya dan kita harapkan orangtua juga tenang,” kata Widya kepada Kompas.com, Selasa (21/6/2022).
Baca juga: Kecelakaan Maut di Baturiti Tabanan, Sopir Bus Pariwisata Jadi Tersangka


Widya menjelaskan, sejak rombongan korban tiba di Surabaya, tim SMCC telah melakukan asesmen untuk memastikan bahwa kondisi siswa baik-baik saja.
Ternyata ada empat orang yang mengalami luka terkena serpihan kaca, termasuk satu guru olahraga. 
“Kami sudah cek. Clear, tidak ada yang sampai parah. Yang lecet dikit pun baik-baik saja dan beraktivitas seperti biasanya. Namun secara psikis perlu diberikan penanganan. Ini kami pihak sekolah dan SMCC benar-benar fokus penanganan psikologis dan pendampingan. Untuk aktivitas sekolah kami undur dulu sampai penanganan selesai,” terangnya.
Baca juga: PN Surabaya Izinkan Pasangan Beda Agama Menikah, Ini PertimbangannyaWiryo Nuryono, Ketua Divisi  SMCC UNESA menyatakan, sekitar 20 personel yang terdiri dari konselor dan psikolog UNESA terlibat untuk memberikan penanganan kepada seluruh siswa baik kelas VII maupun kelas VIII.
Penanganan juga menyasar kepada guru dan orangtua siswa. 
Ada penanganan yang bersifat individual dan ada yang berkelompok, didasarkan pada tingkat trauma atau kondisi psikis yang dialami siswa.
“Untuk yang individual ada timnya sendiri, pendekatannya sendiri dan ruangannya sendiri. Begitu pun yang kelompok. Semua sudah disiapkan dan ini sedang proses healing. Nanti teman-teman dari Pemkot mau ke sini, kami sudah koordinasi. Kita sama-sama beri treatment,” ucapnya.  
Baca juga: Kronologi Kecelakaan Beruntun Bus Pariwisata Tabrak 10 Kendaraan di Tabanan Bali
Melihat kondisi keparahan trauma yang dialami korban, Wiryo tidak bisa menargetkan kapan semua korban kembali normal, sebab kondisi psikologi masing-masing korban tidak sama.
“Mengenai sampai kapan treatment ini berlangsung, belum bisa ditentukan, karena trauma seseorang kadang bisa ditangani cepat kadang bisa lama. Tidak bisa diprediksi. Namun kami tetap memberikan yang terbaik sampai semua kembali pulih,” pungkas dia.
Rombongan siswa SMP Labschool Unesa 2 Surabaya berangkat ke Bali dalam rangka study tour.Mereka bertolak dari Surabaya pada Jumat melalui jalur utara, menggunakan tiga kendaraan yakni dua bus pariwisata dan satu Hiace.
Total ada 88 orang yang ikut dalam rombongan itu. Rinciannya, 62 siswa kelas VII dan VIII, 25 guru, dan satu keluarga guru.
Namun bus yang membawa 46 orang mengalami kecelakaan beruntun di Baturiti, Tabanan.
    
        Bayangkan seorang anak Indonesia bercita-cita menjadi dokter tetapi hanya memiliki satu buku lusuh untuk belajar. Bersama Ekspedisi Kata ke Nyata Kompas.com, Anda bisa membantu mengubah kisah itu. Mari hadirkan akses literasi bagi anak-anak di berbagai pelosok Indonesia melalui donasi lewat tautan https://bit.ly/JagatLiterasi2026. Setiap kebaikan yang Anda berikan bukan hanya membuka jendela pengetahuan, tetapi juga membuka masa depan mereka.",Kompas.com,"Dajan Peken, 82114, Tabanan, Tabanan, Bali, Indonesia",-8.536609490935,115.13552944186335,5,"2, 7","kejaksaan, kejatibali, kejaritabanan, tabanan, news"
Anjing Rabies Gigit 15 Pendaki di Tabanan Dinas Pertanian Siapkan Vaksinasi Massal,2025-09-23T07:00:00.000Z,"Kabupaten Tabanan, Bali, Indonesia","Anjing Rabies Gigit 15 Pendaki di Tabanan, Dinas Pertanian Siapkan Vaksinasi Massal - Kompas.com","TABANAN, KOMPAS.com - Kasus gigitan anjing rabies terjadi di Kabupaten Tabanan, Provinsi Bali, di mana 15 pendaki menjadi korban gigitan anjing liar di kawasan Gunung Batukaru.
Kepala Bidang Peternakan dan Kesehatan Hewan Dinas Pertanian Kabupaten Tabanan, Gde Eka Parta Ariana, mengungkapkan bahwa hasil uji laboratorium terhadap sampel otak anjing tersebut dinyatakan positif rabies.
Baca juga: 6 Orang Dirawat di UGD Puskesmas Usai Anjing Rabies Gigit 15 Pendaki di TabananMenindaklanjuti temuan ini, Dinas Pertanian Kabupaten Tabanan akan menggelar vaksinasi massal di wilayah di mana anjing tersebut ditemukan.
""Sebagai langkah pencegahan, vaksinasi massal rabies akan digelar pada Kamis (25/9/2025) di Dusun Tibu Dalem, Desa Pujungan,"" ujar Gde Eka Parta Ariana dalam keterangannya pada Selasa (23/9/2025).
Vaksinasi darurat ini akan dipusatkan di wilayah yang terdampak untuk memutus potensi penyebaran rabies.



Sementara itu, anjing liar tanpa pemilik akan ditangani lembaga swadaya masyarakat (LSM) dan dipindahkan ke shelter penampungan.
Baca juga: Anjing Liar Diduga Rabies yang Gigit 15 Pendaki di Tabanan Dieliminasi, Sampel Otak Diteliti
Gde Eka menambahkan bahwa vaksinasi massal ini merupakan upaya perlindungan masyarakat.
“Hasil laboratorium yang positif rabies ini menjadi perhatian serius. Vaksinasi darurat adalah bentuk kewaspadaan,"" ucapnya.
    
        Bayangkan seorang anak Indonesia bercita-cita menjadi dokter tetapi hanya memiliki satu buku lusuh untuk belajar.","Bersama Ekspedisi Kata ke Nyata Kompas.com, Anda bisa membantu mengubah kisah itu. Mari hadirkan akses literasi bagi anak-anak di berbagai pelosok Indonesia melalui donasi lewat tautan https://bit.ly/JagatLiterasi2026.","Pada Hari Selasa , 23 September 2025 07:00, Tabanan, Tabanan, Bali

TABANAN, KOMPAS.com - Kasus gigitan anjing rabies terjadi di Kabupaten Tabanan, Provinsi Bali, di mana 15 pendaki menjadi korban gigitan anjing liar di kawasan Gunung Batukaru.
Kepala Bidang Peternakan dan Kesehatan Hewan Dinas Pertanian Kabupaten Tabanan, Gde Eka Parta Ariana, mengungkapkan bahwa hasil uji laboratorium terhadap sampel otak anjing tersebut dinyatakan positif rabies.
Baca juga: 6 Orang Dirawat di UGD Puskesmas Usai Anjing Rabies Gigit 15 Pendaki di TabananMenindaklanjuti temuan ini, Dinas Pertanian Kabupaten Tabanan akan menggelar vaksinasi massal di wilayah di mana anjing tersebut ditemukan.
""Sebagai langkah pencegahan, vaksinasi massal rabies akan digelar pada Kamis (25/9/2025) di Dusun Tibu Dalem, Desa Pujungan,"" ujar Gde Eka Parta Ariana dalam keterangannya pada Selasa (23/9/2025).
Vaksinasi darurat ini akan dipusatkan di wilayah yang terdampak untuk memutus potensi penyebaran rabies.



Sementara itu, anjing liar tanpa pemilik akan ditangani lembaga swadaya masyarakat (LSM) dan dipindahkan ke shelter penampungan.
Baca juga: Anjing Liar Diduga Rabies yang Gigit 15 Pendaki di Tabanan Dieliminasi, Sampel Otak Diteliti
Gde Eka menambahkan bahwa vaksinasi massal ini merupakan upaya perlindungan masyarakat.
“Hasil laboratorium yang positif rabies ini menjadi perhatian serius. Vaksinasi darurat adalah bentuk kewaspadaan,"" ucapnya.
    
        Bayangkan seorang anak Indonesia bercita-cita menjadi dokter tetapi hanya memiliki satu buku lusuh untuk belajar. Bersama Ekspedisi Kata ke Nyata Kompas.com, Anda bisa membantu mengubah kisah itu. Mari hadirkan akses literasi bagi anak-anak di berbagai pelosok Indonesia melalui donasi lewat tautan https://bit.ly/JagatLiterasi2026. Setiap kebaikan yang Anda berikan bukan hanya membuka jendela pengetahuan, tetapi juga membuka masa depan mereka.",Kompas.com,"Dajan Peken, 82114, Tabanan, Tabanan, Bali, Indonesia",-8.536609490935,115.13552944186335,5,"2, 7","kejaksaan, kejatibali, kejaritabanan, tabanan, news"
Tabanan Arsip Page 11 of 591,2020-07-12T09:19:59.000Z,"Kabupaten Tabanan, Bali, Indonesia",Tabanan Arsip | Page 11 of 591 - BALIPOST.com,"Tabanan Perkuat Kesiapsiagaan Hadapi BencanaTabanan Rabu, 26 Agustus 2026 | 17:34:30 SINGASANA, BALIPOST.com – Menghadapi potensi bencana di tengah kemarau panjang, Badan Penanggulangan Bencana Daerah (BPBD) Kabupaten Tabanan menggelar apel kesiapsiagaan dan simulasi bencana gempa...Gazebo Jukung Jadi Ikon Baru Rest Area SelabihTabanan Rabu, 26 Agustus 2026 | 17:32:52 SINGASANA, BALIPOST.com – Penataan Rest Area Selabih di Desa Selabih, Kecamatan Selemadeg Barat, Tabanan, terus dikebut dengan menghadirkan sejumlah fasilitas pendukung, termasuk empat gazebo...Harga Kebutuhan Pokok di Tabanan Dipastikan StabilTabanan Rabu, 26 Agustus 2026 | 17:13:14 SINGASANA, BALIPOST.com – Harga kebutuhan pokok di Kabupaten Tabanan dipastikan masih stabil. Kepastian tersebut berdasarkan hasil pemantauan yang dilakukan Dinas Ketahanan Pangan dan Kelautan...Kasus Pencurian Celana Dalam Berakhir DamaiTabanan Selasa, 25 Agustus 2026 | 18:18:46 SINGASANA, BALIPOST.com – Kasus pencurian celana dalam yang dilakukan MIF, pria berusia 20, tahun di rumah warga di Jalan Anyelir, Desa Dauh Peken, Kecamatan/Kabupaten....",,"Pada Hari Minggu , 12 Juli 2020 09:19, Tabanan, Tabanan, Bali

Tabanan Perkuat Kesiapsiagaan Hadapi BencanaTabanan Rabu, 26 Agustus 2026 | 17:34:30 SINGASANA, BALIPOST.com – Menghadapi potensi bencana di tengah kemarau panjang, Badan Penanggulangan Bencana Daerah (BPBD) Kabupaten Tabanan menggelar apel kesiapsiagaan dan simulasi bencana gempa...Gazebo Jukung Jadi Ikon Baru Rest Area SelabihTabanan Rabu, 26 Agustus 2026 | 17:32:52 SINGASANA, BALIPOST.com – Penataan Rest Area Selabih di Desa Selabih, Kecamatan Selemadeg Barat, Tabanan, terus dikebut dengan menghadirkan sejumlah fasilitas pendukung, termasuk empat gazebo...Harga Kebutuhan Pokok di Tabanan Dipastikan StabilTabanan Rabu, 26 Agustus 2026 | 17:13:14 SINGASANA, BALIPOST.com – Harga kebutuhan pokok di Kabupaten Tabanan dipastikan masih stabil. Kepastian tersebut berdasarkan hasil pemantauan yang dilakukan Dinas Ketahanan Pangan dan Kelautan...Kasus Pencurian Celana Dalam Berakhir DamaiTabanan Selasa, 25 Agustus 2026 | 18:18:46 SINGASANA, BALIPOST.com – Kasus pencurian celana dalam yang dilakukan MIF, pria berusia 20, tahun di rumah warga di Jalan Anyelir, Desa Dauh Peken, Kecamatan/Kabupaten...",BALIPOST.com,"Dajan Peken, 82114, Tabanan, Tabanan, Bali, Indonesia",-8.536609490935,115.13552944186335,5,"2, 7","kejaksaan, kejatibali, kejaritabanan, tabanan, news"
Pemuka Agama di Tabanan Bali Jadi Tersangka Pelecehan Seksual,2023-10-13T07:00:00.000Z,"Kabupaten Tabanan, Bali, Indonesia",Pemuka Agama di Tabanan Bali Jadi Tersangka Pelecehan Seksual - Kompas.com,"TABANAN, KOMPAS.com - Polres Tabanan menetapkan seorang pemuka agama berinisial KDA di Kabupaten Tabanan, Provinsi Bali, atas kasus dugaan pelecehan seksual terhadap seorang perempuan berinisial NCK (22). Kapolres Tabanan, AKBP Leo Dedy Defretes mengatakan tersangka dijerat Pasal 6 huruf a Undang-undang RI No 12 tahun 2022 tentang Tindak Pidana Kekerasan Seksual (TPKS).
""Konstruksi pasal yang kami pakai adalah UU No 12 tahun 2022 Pasal 6 huruf a tentang TPKS,"" ujarnya, Jumat (13/10/2023) dalam keterangan pers di Mapolres Tabanan.Baca juga: Kasus Pelecehan Seksual, 2 Eks Mahasiswa FK Unand Divonis 9 Bulan Penjara
Polisi masih mendalami penyidikan penanganan kasus tersebut.","Dalam proses penyidikan itu, penyidik berkoordinasi dengan Jaksa Penuntut Umum (JPU) terkait pasal yang disangkakan.
Menurutnya, tak menutup kemungkinan polisi akan mengenakan pasal tambahan terhadap tersangka. ""Kami mohon waktu, dalam proses penyidikan ini tidak berhenti sampai di pasal ini saja.","Pada Hari Jumat , 13 Oktober 2023 07:00, Tabanan, Tabanan, Bali

TABANAN, KOMPAS.com - Polres Tabanan menetapkan seorang pemuka agama berinisial KDA di Kabupaten Tabanan, Provinsi Bali, atas kasus dugaan pelecehan seksual terhadap seorang perempuan berinisial NCK (22). 
Kapolres Tabanan, AKBP Leo Dedy Defretes mengatakan tersangka dijerat Pasal 6 huruf a Undang-undang RI No 12 tahun 2022 tentang Tindak Pidana Kekerasan Seksual (TPKS).
""Konstruksi pasal yang kami pakai adalah UU No 12 tahun 2022 Pasal 6 huruf a tentang TPKS,"" ujarnya, Jumat (13/10/2023) dalam keterangan pers di Mapolres Tabanan.Baca juga: Kasus Pelecehan Seksual, 2 Eks Mahasiswa FK Unand Divonis 9 Bulan Penjara
Polisi masih mendalami penyidikan penanganan kasus tersebut. Dalam proses penyidikan itu, penyidik berkoordinasi dengan Jaksa Penuntut Umum (JPU) terkait pasal yang disangkakan.
Menurutnya, tak menutup kemungkinan polisi akan mengenakan pasal tambahan terhadap tersangka. 




""Kami mohon waktu, dalam proses penyidikan ini tidak berhenti sampai di pasal ini saja. Kami akan koordinasi dengan kejaksaan untuk kemungkinan menggunakan penambahan pasal lain,"" sambung dia.Hingga saat ini, polisi telah memeriksa setidaknya tujuh orang saksi dan mengumpulkan sejumlah barang bukti dalam kasus tersebut.
""Kami melakukan pendalaman dan kemungkinan dilakukan pemanggilan terhadap saksi-saksi lainnya,"" katanya.
Adapun tersangka diduga melecehkan korban di sebuah kos-kosan di Desa Pandak Gede, Kecamatan Kediri, Kabupaten Tabanan, pada, Kamis (21/9/2023) malam.
Baca juga: Dugaan Pelecehan Seksual di UIN Salatiga, Polisi Sebut Belum Ada Laporan 
Kejadian dugaan pelecehan seksual ini sempat diunggah oleh pegiat media sosial dan viral.
    
        Bayangkan seorang anak Indonesia bercita-cita menjadi dokter tetapi hanya memiliki satu buku lusuh untuk belajar. Bersama Ekspedisi Kata ke Nyata Kompas.com, Anda bisa membantu mengubah kisah itu. Mari hadirkan akses literasi bagi anak-anak di berbagai pelosok Indonesia melalui donasi lewat tautan https://bit.ly/JagatLiterasi2026. Setiap kebaikan yang Anda berikan bukan hanya membuka jendela pengetahuan, tetapi juga membuka masa depan mereka.",Kompas.com,"Dajan Peken, 82114, Tabanan, Tabanan, Bali, Indonesia",-8.536609490935,115.13552944186335,5,"2, 7","kejaksaan, kejatibali, kejaritabanan, tabanan, news"
Pendaki 80 Tahun Tersesat di Gunung Batukaru Tabanan Tim SAR Gunakan Drone untuk Pencarian,2026-04-26T07:00:00.000Z,"Kabupaten Tabanan, Bali, Indonesia","Pendaki 80 Tahun Tersesat di Gunung Batukaru Tabanan, Tim SAR Gunakan Drone untuk Pencarian - Kompas.com","TABANAN, KOMPAS.com — Seorang pendaki lanjut usia (lansia) hilang diduga tersesat di Gunung Batukaru, Kecamatan Penebel, Kabupaten Tabanan, Bali. Hingga Minggu (26/4/2026), tim SAR gabungan masih melakukan upaya pencarian terhadap korban.
Korban diketahui bernama Made Dibya (80), warga asal Penebel, Tabanan.","Ia dilaporkan terpisah dari rombongan saat melakukan pendakian pada Sabtu (25/4/2026) sekitar pukul 14.00 Wita.Kepala Basarnas Bali, I Nyoman Sidakarya menyebut, Basarnas menerima laporan kejadian tersebut pada Minggu pukul 04.40 Wita dari BPBD Kabupaten Tabanan.
Baca juga: Sempat Digendong, Pendaki Wanita Ditemukan Lemas di Bukit Pao Bangka Tengah
Berdasarkan informasi, Made Dibya awalnya mendaki bersama 13 orang lainnya melalui jalur Desa Sarin Buana sekitar pukul 06.00 Wita.




Namun, dalam perjalanan hanya 10 orang yang melanjutkan pendakian.
“Sore harinya, saat rombongan sudah kembali ke titik awal, baru disadari ada satu orang yang belum bergabung,” ucap dia, Minggu dalam keterangannya.Pencarian awal dilakukan oleh BPBD Kabupaten Tabanan bersama warga setempat. Namun belum membuahkan hasil.
Baca juga: Dua Pendaki Pemula Tersesat di Gunung Lawu, Ditemukan Selamat
Untuk memperluas pencarian, Basarnas Bali mengerahkan tujuh personel ke lokasi pada Minggu pagi.","Pada Hari Minggu , 26 April 2026 07:00, Tabanan, Tabanan, Bali

TABANAN, KOMPAS.com — Seorang pendaki lanjut usia (lansia) hilang diduga tersesat di Gunung Batukaru, Kecamatan Penebel, Kabupaten Tabanan, Bali. 
Hingga Minggu (26/4/2026), tim SAR gabungan masih melakukan upaya pencarian terhadap korban.
Korban diketahui bernama Made Dibya (80), warga asal Penebel, Tabanan. Ia dilaporkan terpisah dari rombongan saat melakukan pendakian pada Sabtu (25/4/2026) sekitar pukul 14.00 Wita.Kepala Basarnas Bali, I Nyoman Sidakarya menyebut, Basarnas menerima laporan kejadian tersebut pada Minggu pukul 04.40 Wita dari BPBD Kabupaten Tabanan.
Baca juga: Sempat Digendong, Pendaki Wanita Ditemukan Lemas di Bukit Pao Bangka Tengah
Berdasarkan informasi, Made Dibya awalnya mendaki bersama 13 orang lainnya melalui jalur Desa Sarin Buana sekitar pukul 06.00 Wita.




Namun, dalam perjalanan hanya 10 orang yang melanjutkan pendakian.
“Sore harinya, saat rombongan sudah kembali ke titik awal, baru disadari ada satu orang yang belum bergabung,” ucap dia, Minggu dalam keterangannya.Pencarian awal dilakukan oleh BPBD Kabupaten Tabanan bersama warga setempat. Namun belum membuahkan hasil.
Baca juga: Dua Pendaki Pemula Tersesat di Gunung Lawu, Ditemukan Selamat
Untuk memperluas pencarian, Basarnas Bali mengerahkan tujuh personel ke lokasi pada Minggu pagi. 
Tim dilengkapi dengan peralatan pendakian, perlengkapan medis, serta drone thermal guna menyisir area dari udara.
Selain Basarnas, operasi SAR juga melibatkan personel Polsek Penebel, BPBD Kabupaten Tabanan, masyarakat setempat, serta rekan korban.
Pencarian terus dilakukan dengan menyisir jalur pendakian dan area sekitar lokasi terakhir korban terlihat.
    
        Bayangkan seorang anak Indonesia bercita-cita menjadi dokter tetapi hanya memiliki satu buku lusuh untuk belajar. Bersama Ekspedisi Kata ke Nyata Kompas.com, Anda bisa membantu mengubah kisah itu. Mari hadirkan akses literasi bagi anak-anak di berbagai pelosok Indonesia melalui donasi lewat tautan https://bit.ly/JagatLiterasi2026. Setiap kebaikan yang Anda berikan bukan hanya membuka jendela pengetahuan, tetapi juga membuka masa depan mereka.",Kompas.com,"Dajan Peken, 82114, Tabanan, Tabanan, Bali, Indonesia",-8.536609490935,115.13552944186335,5,"2, 7","kejaksaan, kejatibali, kejaritabanan, tabanan, news"
Perangkat Desa di Tabanan Tilap Dana Desa Uang Rp 850 Juta Ditransfer ke Rekening Pribadi,2025-09-25T07:00:00.000Z,"Kabupaten Tabanan, Bali, Indonesia","Perangkat Desa di Tabanan Tilap Dana Desa, Uang Rp 850 Juta Ditransfer ke Rekening Pribadi - Kompas.com","TABANAN, KOMPAS.com – Kejaksaan Negeri (Kejari) Tabanan menahan seorang perangkat Desa Jegu, Kecamatan Penebel, Kabupaten Tabanan, Bali, berinisial IGPPW.
Pria yang menjabat sebagai Kepala Urusan (Kaur) Perencanaan sekaligus operator Sistem Keuangan Desa (Siskeudes) itu diduga menilal dana desa sebesar Rp 850,5 juta.
Kepala Seksi Intelijen Kejari Tabanan, Putu Nuryanto, mengatakan dana tersebut IGPPW transfer ke rekening pribadi IGPPW.""Modusnya, tersangka mentransfer kas desa ke rekening pribadinya tanpa sepengetahuan bendahara, sekretaris desa, maupun kepala desa,"" kata Nuryanto, Kamis (25/9/2025).
Baca juga: Plt Bupati Nduga Salurkan Dana Desa Rp 4 Miliar untuk 2 Distrik
Perbuatan itu diduga dilakukan tersangka sejak Oktober 2023 hingga 2024.




Selama periode tersebut, IGPPW diduga 18 kali mentransfer dana desa ke rekening pribadinya dengan total Rp 267,5 juta pada 2023.
Kemudian pada 2024, IGPPW kembali melakukan 46 kali transaksi dengan total Rp 583 juta.
""Tersangka bisa melakukan itu karena menguasai user ID, password, dan token internet banking desa. Seharusnya akses itu tidak boleh digunakan tanpa persetujuan perangkat desa lain,"" jelasnya.Baca juga: Eks Kades di Sergai Ditahan gara-gara Korupsi Dana Desa Rp 214 Juta
Untuk menutupi aksinya, IGPPW disebut memanipulasi laporan transaksi dengan menghapus namanya dari bukti transfer sebelum diserahkan ke kepala desa dan bendahara desa.
Aksi IGPPW terbongkar pada Oktober 2024 ketika sekretaris desa menemukan kejanggalan.
Honor kegiatan rutin desa, seperti posyandu dan kebersihan, sering terlambat dibayarkan.","Saat rekening kas desa diperiksa, saldo yang tersisa hanya Rp 900 ribu.
Berdasarkan audit Badan Pengawasan Keuangan dan Pembangunan (BPKP) Provinsi Bali, perbuatan IGPPW menimbulkan kerugian negara senilai Rp 850.552.992.
Atas perbuatannya, IGPPW disangka dengan Pasal 2 ayat (1), Pasal 3, dan Pasal 9 juncto Pasal 18 Undang-Undang Tipikor serta Pasal 64 ayat (1) KUHP.
""Jaksa Penuntut Umum melakukan penahanan selama 20 hari ke depan, terhitung sejak 23 September hingga 12 Oktober 2025, di Lapas Kelas IIA Kerobokan,"" pungkas Nuryanto.
    
        Bayangkan seorang anak Indonesia bercita-cita menjadi dokter tetapi hanya memiliki satu buku lusuh untuk belajar. Bersama Ekspedisi Kata ke Nyata Kompas.com, Anda bisa membantu mengubah kisah itu.","Pada Hari Kamis , 25 September 2025 07:00, Tabanan, Tabanan, Bali

TABANAN, KOMPAS.com – Kejaksaan Negeri (Kejari) Tabanan menahan seorang perangkat Desa Jegu, Kecamatan Penebel, Kabupaten Tabanan, Bali, berinisial IGPPW.
Pria yang menjabat sebagai Kepala Urusan (Kaur) Perencanaan sekaligus operator Sistem Keuangan Desa (Siskeudes) itu diduga menilal dana desa sebesar Rp 850,5 juta.
Kepala Seksi Intelijen Kejari Tabanan, Putu Nuryanto, mengatakan dana tersebut IGPPW transfer ke rekening pribadi IGPPW.""Modusnya, tersangka mentransfer kas desa ke rekening pribadinya tanpa sepengetahuan bendahara, sekretaris desa, maupun kepala desa,"" kata Nuryanto, Kamis (25/9/2025).
Baca juga: Plt Bupati Nduga Salurkan Dana Desa Rp 4 Miliar untuk 2 Distrik
Perbuatan itu diduga dilakukan tersangka sejak Oktober 2023 hingga 2024.




Selama periode tersebut, IGPPW diduga 18 kali mentransfer dana desa ke rekening pribadinya dengan total Rp 267,5 juta pada 2023.
Kemudian pada 2024, IGPPW kembali melakukan 46 kali transaksi dengan total Rp 583 juta.
""Tersangka bisa melakukan itu karena menguasai user ID, password, dan token internet banking desa. Seharusnya akses itu tidak boleh digunakan tanpa persetujuan perangkat desa lain,"" jelasnya.Baca juga: Eks Kades di Sergai Ditahan gara-gara Korupsi Dana Desa Rp 214 Juta
Untuk menutupi aksinya, IGPPW disebut memanipulasi laporan transaksi dengan menghapus namanya dari bukti transfer sebelum diserahkan ke kepala desa dan bendahara desa.
Aksi IGPPW terbongkar pada Oktober 2024 ketika sekretaris desa menemukan kejanggalan.
Honor kegiatan rutin desa, seperti posyandu dan kebersihan, sering terlambat dibayarkan. Saat rekening kas desa diperiksa, saldo yang tersisa hanya Rp 900 ribu.
Berdasarkan audit Badan Pengawasan Keuangan dan Pembangunan (BPKP) Provinsi Bali, perbuatan IGPPW menimbulkan kerugian negara senilai Rp 850.552.992.
Atas perbuatannya, IGPPW disangka dengan Pasal 2 ayat (1), Pasal 3, dan Pasal 9 juncto Pasal 18 Undang-Undang Tipikor serta Pasal 64 ayat (1) KUHP.
""Jaksa Penuntut Umum melakukan penahanan selama 20 hari ke depan, terhitung sejak 23 September hingga 12 Oktober 2025, di Lapas Kelas IIA Kerobokan,"" pungkas Nuryanto.
    
        Bayangkan seorang anak Indonesia bercita-cita menjadi dokter tetapi hanya memiliki satu buku lusuh untuk belajar. Bersama Ekspedisi Kata ke Nyata Kompas.com, Anda bisa membantu mengubah kisah itu. Mari hadirkan akses literasi bagi anak-anak di berbagai pelosok Indonesia melalui donasi lewat tautan https://bit.ly/JagatLiterasi2026. Setiap kebaikan yang Anda berikan bukan hanya membuka jendela pengetahuan, tetapi juga membuka masa depan mereka.",Kompas.com,"Dajan Peken, 82114, Tabanan, Tabanan, Bali, Indonesia",-8.536609490935,115.13552944186335,5,"2, 7","kejaksaan, kejatibali, kejaritabanan, tabanan, news"
Gasak Emas Majikan Rp 50 Juta ART di Tabanan Ditangkap,2026-08-19T07:00:00.000Z,"Kabupaten Tabanan, Bali, Indonesia","Gasak Emas Majikan Rp 50 Juta, ART di Tabanan Ditangkap - Kompas.com","TABANAN, KOMPAS.com - Seorang asisten rumah tangga (ART) berinisial MLM (26) ditangkap polisi setelah mencuri sejumlah perhiasan emas milik majikannya di Kecamatan Kediri, Kabupaten Tabanan, Bali.
Perhiasan yang dicuri berupa dua kalung emas, dua gelang emas, dan satu cincin. Total kerugian korban ditaksir mencapai Rp 50 juta.Kepala Seksi (Kasi) Humas Polres Tabanan Iptu Ni Luh Putu Wiwik Endrayani mengatakan, kasus tersebut terungkap setelah korban melaporkan pencurian ke Polres Tabanan.
""Pelaku merupakan ART yang bekerja di rumah korban sehingga mengetahui kondisi dan letak penyimpanan barang berharga,"" kata Wiwik, dikonfirmasi Selasa (18/8/2026).
Baca juga: 5 Tersangka Pengeroyokan Pencuri Ayam di Tabanan Ajukan Penangguhan Penahanan
Pencurian dilakukan secara bertahap.","Polisi mengungkap, aksi pertama terjadi pada Sabtu (8/8/2026) sekitar pukul 12.00 Wita. Saat itu, pelaku mengambil satu kalung emas yang disimpan di laci lemari kamar utama.




Dua hari kemudian, Senin (10/8/2026) sekitar pukul 18.00 Wita, pelaku kembali mengambil perhiasan emas lainnya.","Pada Hari Rabu , 19 Agustus 2026 07:00, Tabanan, Tabanan, Bali

TABANAN, KOMPAS.com - Seorang asisten rumah tangga (ART) berinisial MLM (26) ditangkap polisi setelah mencuri sejumlah perhiasan emas milik majikannya di Kecamatan Kediri, Kabupaten Tabanan, Bali.
Perhiasan yang dicuri berupa dua kalung emas, dua gelang emas, dan satu cincin. Total kerugian korban ditaksir mencapai Rp 50 juta.Kepala Seksi (Kasi) Humas Polres Tabanan Iptu Ni Luh Putu Wiwik Endrayani mengatakan, kasus tersebut terungkap setelah korban melaporkan pencurian ke Polres Tabanan.
""Pelaku merupakan ART yang bekerja di rumah korban sehingga mengetahui kondisi dan letak penyimpanan barang berharga,"" kata Wiwik, dikonfirmasi Selasa (18/8/2026).
Baca juga: 5 Tersangka Pengeroyokan Pencuri Ayam di Tabanan Ajukan Penangguhan Penahanan
Pencurian dilakukan secara bertahap. Polisi mengungkap, aksi pertama terjadi pada Sabtu (8/8/2026) sekitar pukul 12.00 Wita. Saat itu, pelaku mengambil satu kalung emas yang disimpan di laci lemari kamar utama.




Dua hari kemudian, Senin (10/8/2026) sekitar pukul 18.00 Wita, pelaku kembali mengambil perhiasan emas lainnya. Barang yang diambil saat itu berupa gelang dan cincin.
Pada malam harinya, korban yang sedang bekerja di sebuah hotel di kawasan Seminyak mendapat kabar dari pengasuh anaknya bahwa listrik di rumah mati dan terdapat orang mencurigakan yang masuk ke rumah.
Korban kemudian meminta pengasuh bersama anak-anaknya tetap berada di dalam kamar dan mengunci pintu. Tetangga korban kemudian datang untuk mengecek kondisi rumah.
Baca juga: Kejari Tabanan Selidiki Dugaan Korupsi Anggaran Dinkes, Kerugian Rp 300 JutaSetelah listrik kembali menyala, mereka menemukan kondisi salah satu laci dalam keadaan berantakan. Namun, saat itu belum diketahui bahwa sejumlah perhiasan milik korban telah hilang.
Setibanya di rumah sekitar pukul 22.00 Wita, korban memeriksa laci tersebut dan menyadari perhiasannya sudah tidak ada.
Korban kemudian melaporkan kejadian tersebut ke Polres Tabanan. Polisi melakukan penyelidikan dan mengarah kepada MLM yang merupakan ART di rumah korban.Dari hasil pemeriksaan, pelaku mengakui mengambil perhiasan tersebut.
Polisi menyebut emas hasil curian kemudian dijual pada Selasa (11/8/2026) di kawasan Jalan Hasanudin, Denpasar. Dari penjualan tersebut, pelaku memperoleh Rp 33,15 juta.
""Sebagian besar hasil penjualan masih diamankan dan menjadi barang bukti,"" ujar Wiwik.Polisi mengamankan uang tunai Rp 32,15 juta yang disebut sebagai sisa hasil penjualan emas. Selain itu, polisi juga menyita satu kalung emas.
MLM beserta barang bukti kemudian dibawa ke Polres Tabanan untuk menjalani proses hukum. Dia disangkakan Pasal 476 KUHP juncto Pasal 126 Ayat (1) KUHP tentang pencurian.
    
        Bayangkan seorang anak Indonesia bercita-cita menjadi dokter tetapi hanya memiliki satu buku lusuh untuk belajar. Bersama Ekspedisi Kata ke Nyata Kompas.com, Anda bisa membantu mengubah kisah itu. Mari hadirkan akses literasi bagi anak-anak di berbagai pelosok Indonesia melalui donasi lewat tautan https://bit.ly/JagatLiterasi2026. Setiap kebaikan yang Anda berikan bukan hanya membuka jendela pengetahuan, tetapi juga membuka masa depan mereka.",Kompas.com,"Dajan Peken, 82114, Tabanan, Tabanan, Bali, Indonesia",-8.536609490935,115.13552944186335,5,"2, 7","kejaksaan, kejatibali, kejaritabanan, tabanan, news"
Ibu dan Anak Tersesat Saat Daki Gunung Batukaru di Tabanan Basarnas Lakukan Pencarian,2025-07-07T07:00:00.000Z,"Kabupaten Tabanan, Bali, Indonesia","Ibu dan Anak Tersesat Saat Daki Gunung Batukaru di Tabanan, Basarnas Lakukan Pencarian - Kompas.com","TABANAN, KOMPAS.com - Seorang ibu bernama Astuti (40) dan anaknya, Resta (19), tersesat saat mendaki Gunung Batukaru di Kecamatan Penebel, Kabupaten Tabanan, Provinsi Bali.
Kepala Basarnas Bali, I Nyoman Sidakarya menyampaikan bahwa kedua korban tersesat saat turun dari puncak Gunung Batukaru, Tabanan, Bali, pada Minggu (6/7/2025).
""Awalnya mereka melakukan pendakian bersama tujuh orang lainnya dalam satu rombongan,"" ujarnya, Senin (7/7/2025).Baca juga: 4 Pendaki Tersesat di Gunung Batukaru Tabanan, Basarnas Lakukan Pencarian
Rombongan memulai pendakian pada Minggu dini hari sekitar pukul 02.00 Wita dari jalur Pura Malem Desa Pupuan.
Ketika tiba di puncak, kedua korban memutuskan untuk turun terlebih dahulu.




Namun, hingga Minggu malam, keduanya tak kunjung kembali.Dari laporan yang diterima petugas siaga Basarnas Bali pada pukul 21.15 Wita, diketahui identitas kedua korban.
Mereka merupakan warga yang tinggal di daerah Tuban, Badung. ""Laporan kami terima, dikatakan perkiraan waktu kejadian kurang lebih pukul 11.00 Wita,"" ucap Sidakarya.
Baca juga: 4 Remaja Tersesat di Gunung Batukaru Tabanan
Setelah menerima laporan, sebanyak lima orang personel Basarnas dikerahkan untuk melakukan pencarian.
Tim SAR juga berkoordinasi dengan Polsek Penebel Tabanan dan pemandu lokal Batukaru.
""Saat ini cuaca di lokasi hujan ringan dengan suhu mencapai 22 derajat dan jarak pandang berkisar 11,6 km.","Semoga upaya pencarian bisa berjalan lancar,"" ucapnya. 
    
        Bayangkan seorang anak Indonesia bercita-cita menjadi dokter tetapi hanya memiliki satu buku lusuh untuk belajar. Bersama Ekspedisi Kata ke Nyata Kompas.com, Anda bisa membantu mengubah kisah itu.","Pada Hari Senin , 7 Juli 2025 07:00, Tabanan, Tabanan, Bali

TABANAN, KOMPAS.com - Seorang ibu bernama Astuti (40) dan anaknya, Resta (19), tersesat saat mendaki Gunung Batukaru di Kecamatan Penebel, Kabupaten Tabanan, Provinsi Bali.
Kepala Basarnas Bali, I Nyoman Sidakarya menyampaikan bahwa kedua korban tersesat saat turun dari puncak Gunung Batukaru, Tabanan, Bali, pada Minggu (6/7/2025).
""Awalnya mereka melakukan pendakian bersama tujuh orang lainnya dalam satu rombongan,"" ujarnya, Senin (7/7/2025).Baca juga: 4 Pendaki Tersesat di Gunung Batukaru Tabanan, Basarnas Lakukan Pencarian
Rombongan memulai pendakian pada Minggu dini hari sekitar pukul 02.00 Wita dari jalur Pura Malem Desa Pupuan.
Ketika tiba di puncak, kedua korban memutuskan untuk turun terlebih dahulu.




Namun, hingga Minggu malam, keduanya tak kunjung kembali.Dari laporan yang diterima petugas siaga Basarnas Bali pada pukul 21.15 Wita, diketahui identitas kedua korban.
Mereka merupakan warga yang tinggal di daerah Tuban, Badung. ""Laporan kami terima, dikatakan perkiraan waktu kejadian kurang lebih pukul 11.00 Wita,"" ucap Sidakarya.
Baca juga: 4 Remaja Tersesat di Gunung Batukaru Tabanan
Setelah menerima laporan, sebanyak lima orang personel Basarnas dikerahkan untuk melakukan pencarian.
Tim SAR juga berkoordinasi dengan Polsek Penebel Tabanan dan pemandu lokal Batukaru.
""Saat ini cuaca di lokasi hujan ringan dengan suhu mencapai 22 derajat dan jarak pandang berkisar 11,6 km. Semoga upaya pencarian bisa berjalan lancar,"" ucapnya. 
    
        Bayangkan seorang anak Indonesia bercita-cita menjadi dokter tetapi hanya memiliki satu buku lusuh untuk belajar. Bersama Ekspedisi Kata ke Nyata Kompas.com, Anda bisa membantu mengubah kisah itu. Mari hadirkan akses literasi bagi anak-anak di berbagai pelosok Indonesia melalui donasi lewat tautan https://bit.ly/JagatLiterasi2026. Setiap kebaikan yang Anda berikan bukan hanya membuka jendela pengetahuan, tetapi juga membuka masa depan mereka.",Kompas.com,"Dajan Peken, 82114, Tabanan, Tabanan, Bali, Indonesia",-8.536609490935,115.13552944186335,5,"2, 7","kejaksaan, kejatibali, kejaritabanan, tabanan, news"
Mimpi Punya Rumah Tabanan Bali Cek di Sini Harga Cuma Rp 168 Juta,2025-03-30T07:00:00.000Z,"Kabupaten Tabanan, Bali, Indonesia","Mimpi Punya Rumah Tabanan Bali? Cek di Sini, Harga Cuma Rp 168 Juta - Kompas.com","KOMPAS.com - Kabupaten Tabanan di Bali kini tengah menarik perhatian calon pemilik rumah.
Daerah ini menjadi sorotan karena menawarkan berbagai pilihan rumah subsidi dengan harga terjangkau, yang bisa diakses melalui Sistem Informasi Kumpulan Pengembang (Sikumbang).Menariknya, harga rumah tersebut ditawarkan di bawah Rp 200 juta.
Berikut adalah beberapa pilihan rumah yang bisa dipertimbangkan di Kabupaten Tabanan:
1. Perumahan Taman Indah Lestari: Tipe 30/60
Terletak di Kerambitan, Kabupaten Tabanan, proyek ini dikembangkan oleh PT Puri Gita Asri.




Rumah tapak ini dirancang dengan luas bangunan 30 meter persegi dan luas lahan 60 meter persegi.
Terdapat 48 rumah yang ditawarkan dengan harga Rp 149 juta per unit.
Hingga kini, 26 unit sudah terjual, dan 22 rumah lainnya masih tersedia.
2.","Bca Pesona Jadi Thp 3: Tipe 25
Perumahan ini terletak di Kediri, Kabupaten Tabanan dan dikembangkan oleh Bumi Cempaka Asri.
Menawarkan 114 rumah dengan luas bangunan 25 meter persegi dan luas lahan 60 meter persegi.
Harga per unit adalah Rp 168 juta, dan masih tersisa 19 rumah lagi.
3. Gedong Mandung V: Tipe 36
Proyek ini berlokasi di Kerambitan, Kabupaten Tabanan dan dikembangkan oleh PT Gedong Becik Raindra.
Dengan luas bangunan 36 meter persegi dan total luas tanah 60 meter persegi, rumah tapak ini dibanderol dengan harga Rp 168 juta per unit.
Dari 26 unit yang tersedia, 12 rumah masih dipasarkan.
4.","Pada Hari Minggu , 30 Maret 2025 07:00, Tabanan, Tabanan, Bali

KOMPAS.com - Kabupaten Tabanan di Bali kini tengah menarik perhatian calon pemilik rumah.
Daerah ini menjadi sorotan karena menawarkan berbagai pilihan rumah subsidi dengan harga terjangkau, yang bisa diakses melalui Sistem Informasi Kumpulan Pengembang (Sikumbang).Menariknya, harga rumah tersebut ditawarkan di bawah Rp 200 juta.
Berikut adalah beberapa pilihan rumah yang bisa dipertimbangkan di Kabupaten Tabanan:
1. Perumahan Taman Indah Lestari: Tipe 30/60
Terletak di Kerambitan, Kabupaten Tabanan, proyek ini dikembangkan oleh PT Puri Gita Asri.




Rumah tapak ini dirancang dengan luas bangunan 30 meter persegi dan luas lahan 60 meter persegi.
Terdapat 48 rumah yang ditawarkan dengan harga Rp 149 juta per unit.
Hingga kini, 26 unit sudah terjual, dan 22 rumah lainnya masih tersedia.
2. Bca Pesona Jadi Thp 3: Tipe 25
Perumahan ini terletak di Kediri, Kabupaten Tabanan dan dikembangkan oleh Bumi Cempaka Asri.
Menawarkan 114 rumah dengan luas bangunan 25 meter persegi dan luas lahan 60 meter persegi.
Harga per unit adalah Rp 168 juta, dan masih tersisa 19 rumah lagi.
3. Gedong Mandung V: Tipe 36
Proyek ini berlokasi di Kerambitan, Kabupaten Tabanan dan dikembangkan oleh PT Gedong Becik Raindra.
Dengan luas bangunan 36 meter persegi dan total luas tanah 60 meter persegi, rumah tapak ini dibanderol dengan harga Rp 168 juta per unit.
Dari 26 unit yang tersedia, 12 rumah masih dipasarkan.
4. Graha Kita Tahaf II: Tipe 35/66
Terletak di Salamadeg Timur, Kabupaten Tabanan, proyek ini dikembangkan oleh PT Jatayu Dewata.
Tersedia total 24 rumah, dengan harga Rp 168 juta per unit.
Rumah tapak ini dirancang dengan luas bangunan 35 meter persegi dan luas lahan 66 meter persegi.
5. Bca Multi Jadi IX Thp 3: Tipe 25
Proyek perumahan ini juga berada di Kediri, Kabupaten Tabanan, dan menawarkan total 136 unit.
Dengan harga per unit Rp 168 juta, luas bangunan dirancang 25 meter persegi serta luas tanah 60 meter persegi.
Saat ini, masih ada 41 rumah lagi yang dipasarkan.
Kabupaten Tabanan, dengan berbagai pilihan rumah subsidi yang terjangkau, menarik minat berbagai kalangan calon pembeli.
Dengan harga yang bersaing dan fasilitas yang memadai, Tabanan menjadi pilihan yang tepat bagi mereka yang ingin memiliki rumah di Bali tanpa harus merogoh kocek terlalu dalam.
Dengan banyaknya pilihan perumahan yang ada, diharapkan para calon pemilik rumah dapat menemukan tempat tinggal yang sesuai dengan kebutuhan dan anggaran mereka.
    
        Bayangkan seorang anak Indonesia bercita-cita menjadi dokter tetapi hanya memiliki satu buku lusuh untuk belajar. Bersama Ekspedisi Kata ke Nyata Kompas.com, Anda bisa membantu mengubah kisah itu. Mari hadirkan akses literasi bagi anak-anak di berbagai pelosok Indonesia melalui donasi lewat tautan https://bit.ly/JagatLiterasi2026. Setiap kebaikan yang Anda berikan bukan hanya membuka jendela pengetahuan, tetapi juga membuka masa depan mereka.",Kompas.com,"Dajan Peken, 82114, Tabanan, Tabanan, Bali, Indonesia",-8.536609490935,115.13552944186335,5,"2, 7","kejaksaan, kejatibali, kejaritabanan, tabanan, news"
Sektor Pariwisata Dongkrak PAD Tabanan,2026-08-02T07:00:00.000Z,"Kabupaten Tabanan, Bali, Indonesia",Sektor Pariwisata Dongkrak PAD Tabanan - BALIPOST.com,"Aktivitas wisatawan di DTW Tanah Lot salah satu gambaran geliat sektor pariwisata Tabanan.(BP/istimewa)SINGASANA, BALIPOST.com – Geliat sektor usaha dan pariwisata di Kabupaten Tabanan mulai berdampak terhadap penerimaan daerah. Sejumlah sektor pajak bahkan mencatat realisasi melampaui target, di tengah upaya pemerintah daerah memperkuat Pendapatan Asli Daerah (PAD) untuk menopang pembangunan dan pelayanan publik.Berdasarkan data Badan Keuangan Daerah (Bakeuda) Kabupaten Tabanan per 16 Juli 2026, realisasi PAD mencapai Rp331,97 miliar atau 35,80 persen dari target tahun 2026 sebesar Rp927,17 miliar.","Dari capaian tersebut, pajak daerah menjadi kontributor terbesar dengan realisasi Rp216,13 miliar atau 48,51 persen dari target yang ditetapkan.Menariknya, sejumlah sektor usaha justru mampu melampaui target penerimaan pajak. Di antaranya pajak karaoke, bar dan spa.","Pada Hari Minggu , 2 Agustus 2026 07:00, Tabanan, Tabanan, Bali

Aktivitas wisatawan di DTW Tanah Lot salah satu gambaran geliat sektor pariwisata Tabanan.(BP/istimewa)SINGASANA, BALIPOST.com – Geliat sektor usaha dan pariwisata di Kabupaten Tabanan mulai berdampak terhadap penerimaan daerah. Sejumlah sektor pajak bahkan mencatat realisasi melampaui target, di tengah upaya pemerintah daerah memperkuat Pendapatan Asli Daerah (PAD) untuk menopang pembangunan dan pelayanan publik.Berdasarkan data Badan Keuangan Daerah (Bakeuda) Kabupaten Tabanan per 16 Juli 2026, realisasi PAD mencapai Rp331,97 miliar atau 35,80 persen dari target tahun 2026 sebesar Rp927,17 miliar. Dari capaian tersebut, pajak daerah menjadi kontributor terbesar dengan realisasi Rp216,13 miliar atau 48,51 persen dari target yang ditetapkan.Menariknya, sejumlah sektor usaha justru mampu melampaui target penerimaan pajak. Di antaranya pajak karaoke, bar dan spa. Selain itu, pajak olahraga dan kebugaran, penyelenggaraan kesenian, vila hingga pondok wisata juga mencatat realisasi di atas target.Kondisi tersebut menjadi salah satu indikator bergeraknya aktivitas ekonomi di Tabanan, terutama sektor usaha yang berkaitan dengan pariwisata dan jasa. Di sisi lain, peningkatan penerimaan pajak juga tidak terlepas dari kepatuhan masyarakat maupun pelaku usaha dalam memenuhi kewajiban perpajakannya.Kepala Bakeuda Tabanan, Dra. Ni Wayan Mariati, mengatakan capaian hingga pertengahan tahun memberikan optimisme bagi pemerintah daerah dalam mengejar target PAD 2026.“Realisasi PAD hingga pertengahan tahun ini memberikan gambaran positif. Capaian semester I ini tentu jadi acuan sekaligus menumbuhkan optimisme target PAD Tahun 2026 dapat tercapai sesuai yang telah ditetapkan,” jelas Mariati.Menurutnya, Bakeuda akan terus memperkuat pengelolaan pendapatan melalui intensifikasi dan ekstensifikasi sumber-sumber PAD. Peningkatan kualitas pelayanan kepada wajib pajak serta koordinasi dengan seluruh perangkat daerah pengelola pendapatan juga terus dilakukan.Mariati berharap kolaborasi pemerintah daerah, pelaku usaha dan masyarakat dapat terus diperkuat. Kepatuhan dalam memenuhi kewajiban pajak dan retribusi, kata dia, akan menjadi salah satu penopang pencapaian target pendapatan daerah hingga akhir tahun.“Kolaborasi seluruh perangkat daerah, dukungan para pelaku usaha, dan kepatuhan masyarakat sebagai wajib pajak, kami optimistis target PAD tahun 2026 dapat direalisasikan optimal. Pendapatan yang berhasil dihimpun nantinya akan kembali kepada masyarakat dalam bentuk pembangunan dan peningkatan kualitas pelayanan publik,” pungkasnya.Terpisah, Bupati Tabanan, Dr. I Komang Gede Sanjaya, mengapresiasi kinerja perangkat daerah, pelaku usaha dan masyarakat yang turut berkontribusi terhadap peningkatan penerimaan daerah. Menurutnya, capaian tersebut menunjukkan aktivitas ekonomi di Tabanan terus bergerak dan kesadaran masyarakat dalam memenuhi kewajiban perpajakan semakin baik.“Astungkara, capaian Pendapatan Asli Daerah hingga pertengahan tahun ini menunjukkan perkembangan yang baik. Ini menjadi bukti bahwa aktivitas ekonomi di Kabupaten Tabanan terus bergerak positif dan kesadaran masyarakat serta pelaku usaha dalam memenuhi kewajiban perpajakan semakin meningkat,” ujarnya.Sanjaya mengatakan, pemerintah daerah akan terus melakukan inovasi dalam pengelolaan pendapatan sekaligus mengoptimalkan berbagai potensi PAD yang masih dapat dikembangkan.“Pendapatan Asli Daerah merupakan salah satu fondasi penting dalam mewujudkan pembangunan yang berkelanjutan. Semakin kuat kapasitas fiskal daerah, semakin besar pula kemampuan pemerintah menghadirkan pelayanan publik yang berkualitas, pembangunan infrastruktur, serta berbagai program yang berpihak kepada kesejahteraan masyarakat,” tegasnya.Ia menambahkan, penguatan PAD tidak semata-mata diarahkan untuk meningkatkan penerimaan daerah. Optimalisasi pendapatan juga harus berjalan beriringan dengan pertumbuhan ekonomi serta peningkatan kualitas pelayanan kepada masyarakat.(Puspawati/balipost)",BALIPOST.com,"Dajan Peken, 82114, Tabanan, Tabanan, Bali, Indonesia",-8.536609490935,115.13552944186335,5,"2, 7","kejaksaan, kejatibali, kejaritabanan, tabanan, news"
Waspadai Penipuan Berkedok Aktivasi Identitas Kependudukan Digital,2025-05-26T07:00:00.000Z,"Kabupaten Tabanan, Bali, Indonesia",Waspadai Penipuan Berkedok Aktivasi Identitas Kependudukan Digital - BALIPOST.com,"Kepala Disdukcapil Tabanan, I Gusti Agung Rai Dwipayana. (BP/Bit)TABANAN, BALIPOST.com – Masyarakat Tabanan diminta waspada terhadap upaya penipuan yang mengatasnamakan Dinas Kependudukan dan Pencatatan Sipil (Disdukcapil) Kabupaten Tabanan dalam proses aktivasi Identitas Kependudukan Digital (IKD).","Pasalnya, Disdukcapil belakangan ini menerima sejumlah laporan terkait aksi penipuan yang dilakukan melalui pesan WhatsApp dan media digital lainnya.Kepala Disdukcapil Tabanan, I Gusti Agung Rai Dwipayana mengatakan, modus yang dilakukan pelaku penipuan yakni dengan berpura-pura sebagai petugas Dukcapil dan menghubungi warga secara pribadi untuk meminta mereka mengklik tautan atau mengunduh aplikasi tertentu dengan dalih aktivasi IKD.Rai Dwipayana pun menegaskan aktivasi IKD hanya bisa dilakukan secara langsung di kantor Disdukcapil Kabupaten Tabanan atau melalui layanan resmi yang diselenggarakan instansi terkait.“Kami tegaskan bahwa proses aktivasi IKD tidak pernah dilakukan melalui pesan pribadi, baik lewat WhatsApp, SMS, maupun media sosial. Masyarakat sebaiknya tidak mengklik tautan atau mengunduh aplikasi dari sumber yang tidak jelas,” tegasnya, Senin (26/5).Mencegah adanya korban, pihaknya juga sudah mengirimkan surat resmi yang ditujukan kepada camat, perbekel, lurah, serta masyarakat umum, untuk menyebarkan luaskan informasi ini dan mengimbau agar semua pihak berhati-hati dan tidak mudah percaya terhadap informasi yang mencurigakan.“Jika ada yang menerima pesan serupa bisa segera melapor kepada pihak berwenang atau menghubungi langsung kantor Disdukcapil Kabupaten Tabanan, untuk kami tindak lanjuti,” sarannya.","Pada Hari Senin , 26 Mei 2025 07:00, Tabanan, Tabanan, Bali

Kepala Disdukcapil Tabanan, I Gusti Agung Rai Dwipayana. (BP/Bit)TABANAN, BALIPOST.com – Masyarakat Tabanan diminta waspada terhadap upaya penipuan yang mengatasnamakan Dinas Kependudukan dan Pencatatan Sipil (Disdukcapil) Kabupaten Tabanan dalam proses aktivasi Identitas Kependudukan Digital (IKD). Pasalnya, Disdukcapil belakangan ini menerima sejumlah laporan terkait aksi penipuan yang dilakukan melalui pesan WhatsApp dan media digital lainnya.Kepala Disdukcapil Tabanan, I Gusti Agung Rai Dwipayana mengatakan, modus yang dilakukan pelaku penipuan yakni dengan berpura-pura sebagai petugas Dukcapil dan menghubungi warga secara pribadi untuk meminta mereka mengklik tautan atau mengunduh aplikasi tertentu dengan dalih aktivasi IKD.Rai Dwipayana pun menegaskan aktivasi IKD hanya bisa dilakukan secara langsung di kantor Disdukcapil Kabupaten Tabanan atau melalui layanan resmi yang diselenggarakan instansi terkait.“Kami tegaskan bahwa proses aktivasi IKD tidak pernah dilakukan melalui pesan pribadi, baik lewat WhatsApp, SMS, maupun media sosial. Masyarakat sebaiknya tidak mengklik tautan atau mengunduh aplikasi dari sumber yang tidak jelas,” tegasnya, Senin (26/5).Mencegah adanya korban, pihaknya juga sudah mengirimkan surat resmi yang ditujukan kepada camat, perbekel, lurah, serta masyarakat umum, untuk menyebarkan luaskan informasi ini dan mengimbau agar semua pihak berhati-hati dan tidak mudah percaya terhadap informasi yang mencurigakan.“Jika ada yang menerima pesan serupa bisa segera melapor kepada pihak berwenang atau menghubungi langsung kantor Disdukcapil Kabupaten Tabanan, untuk kami tindak lanjuti,” sarannya. (Puspawati/Balipost)",BALIPOST.com,"Dajan Peken, 82114, Tabanan, Tabanan, Bali, Indonesia",-8.536609490935,115.13552944186335,5,"2, 7","kejaksaan, kejatibali, kejaritabanan, tabanan, news"
Pemkab Tabanan Buka Lelang Jabatan Empat Kursi Kadis Diperebutkan,2026-03-11T07:00:00.000Z,"Kabupaten Tabanan, Bali, Indonesia","Pemkab Tabanan Buka Lelang Jabatan, Empat Kursi Kadis Diperebutkan - BALIPOST.com","Bupati Tabanan, I Komang Gede Sanjaya. (BP/bit)SINGASANA, BALIPOST.com – Pemerintah Kabupaten Tabanan mulai membuka seleksi terbuka atau lelang jabatan untuk mengisi empat kursi kepala dinas yang kosong akibat pensiun dan mutasi pejabat sebelumnya.","Proses pendaftaran telah dibuka sejak 9 Maret hingga 27 Maret 2026.Empat jabatan yang dilelang tersebut meliputi Kepala Dinas Pekerjaan Umum dan Penataan Ruang (PUPR), Kepala Dinas Koperasi, UKM dan Tenaga Kerja, Kepala Dinas Pemberdayaan Masyarakat dan Desa, serta Sekretaris DPRD Kabupaten Tabanan.Bupati Tabanan, Komang Gede Sanjaya mengatakan pengisian jabatan dilakukan melalui mekanisme seleksi terbuka setelah terbentuk panitia seleksi (pansel). Menurutnya, proses tersebut juga harus melalui persetujuan dari pemerintah pusat dan provinsi.","Pada Hari Rabu , 11 Maret 2026 07:00, Tabanan, Tabanan, Bali

Bupati Tabanan, I Komang Gede Sanjaya. (BP/bit)SINGASANA, BALIPOST.com – Pemerintah Kabupaten Tabanan mulai membuka seleksi terbuka atau lelang jabatan untuk mengisi empat kursi kepala dinas yang kosong akibat pensiun dan mutasi pejabat sebelumnya. Proses pendaftaran telah dibuka sejak 9 Maret hingga 27 Maret 2026.Empat jabatan yang dilelang tersebut meliputi Kepala Dinas Pekerjaan Umum dan Penataan Ruang (PUPR), Kepala Dinas Koperasi, UKM dan Tenaga Kerja, Kepala Dinas Pemberdayaan Masyarakat dan Desa, serta Sekretaris DPRD Kabupaten Tabanan.Bupati Tabanan, Komang Gede Sanjaya mengatakan pengisian jabatan dilakukan melalui mekanisme seleksi terbuka setelah terbentuk panitia seleksi (pansel). Menurutnya, proses tersebut juga harus melalui persetujuan dari pemerintah pusat dan provinsi. “Pengisian jabatan yang kosong ini dilakukan berproses karena harus menunggu persetujuan dari BKN maupun Pemerintah Provinsi Bali,” ujarnya, Rabu (11/3).Sanjaya pun mengajak pejabat yang memenuhi syarat untuk ikut mendaftar dalam seleksi tersebut. Ia berharap proses lelang jabatan dapat berjalan lancar sehingga posisi yang kosong segera terisi. “Karena sekarang sudah berproses, saya rasa bulan depan (April) kekosongan pejabat sudah bisa terisi,” tegasnya.Sementara itu, Kepala BKPSDM Tabanan I Nyoman Sastra Wiguna menjelaskan bahwa pengumuman seleksi telah dipublikasikan melalui situs resmi BKPSDM. Bersamaan dengan pengumuman tersebut juga dibuka penerimaan berkas bagi calon pendaftar.Menurutnya, tahapan seleksi dimulai dari seleksi administrasi dan penilaian rekam jejak yang berlangsung 10–30 Maret 2026. Hasilnya akan diumumkan pada 30 Maret 2026.Selanjutnya peserta akan mengikuti assessment test pada 1 April, penulisan makalah 6 April, serta tes wawancara pada 7 April 2026. Hasil penilaian makalah dan wawancara diumumkan pada hari yang sama, disusul pengumuman hasil assessment pada 9 April. Pengumuman hasil akhir seleksi juga dijadwalkan pada 9 April 2026.Sastra menambahkan, masih ada beberapa jabatan lain di lingkungan Pemkab Tabanan yang kosong, namun belum bisa langsung dilelang karena masih menunggu persetujuan administrasi dari Badan Kepegawaian Negara (BKN). “Yang sudah mendapat persetujuan itu yang terlebih dahulu diproses untuk seleksi terbuka,” tegasnya. (Dewi Puspawati/balipost)",BALIPOST.com,"Dajan Peken, 82114, Tabanan, Tabanan, Bali, Indonesia",-8.536609490935,115.13552944186335,5,"2, 7","kejaksaan, kejatibali, kejaritabanan, tabanan, news"
Gempa M 66 Tuban Dirasakan hingga Bali Warga Tabanan 10 Detik Lebih Cukup Kencang,2023-04-14T07:00:00.000Z,"Kabupaten Tabanan, Bali, Indonesia","Gempa M 6,6 Tuban Dirasakan hingga Bali, Warga Tabanan: 10 Detik Lebih, Cukup Kencang - Kompas.com","TABANAN, KOMPAS.com - Gempa bumi berkekuatan magnitudo 6,6 mengguncang Tuban, Jawa Timur, Jumat (14/4/2023) pukul 16.55 WIB. Getaran gempa dirasakan hingga wilayah Bali.","Hafid (29) merasakan gempa tersebut saat berada di kantornya sekitar pukul 18.00 Wita.
Baca juga: Gempa M 6,6 Guncang Tuban, Terasa hingga Solo, Tak Berpotensi TsunamiKetika itu Hafid dan karyawan lain di kantornya di Kabupaten Tabanan, sempat panik begitu guncangan terasa. ""Guncangannya terasa cukup lama.","Pada Hari Jumat , 14 April 2023 07:00, Tabanan, Tabanan, Bali

TABANAN, KOMPAS.com - Gempa bumi berkekuatan magnitudo 6,6 mengguncang Tuban, Jawa Timur, Jumat (14/4/2023) pukul 16.55 WIB. Getaran gempa dirasakan hingga wilayah Bali. Hafid (29) merasakan gempa tersebut saat berada di kantornya sekitar pukul 18.00 Wita.
Baca juga: Gempa M 6,6 Guncang Tuban, Terasa hingga Solo, Tak Berpotensi TsunamiKetika itu Hafid dan karyawan lain di kantornya di Kabupaten Tabanan, sempat panik begitu guncangan terasa. ""Guncangannya terasa cukup lama. Ada sekitar 10 detik lebih, cukup kencang,"" ujarnya. Selain di Kabupaten Tabanan, getaran gempa juga dirasakan warga di Kota Denpasar.




Baca juga: Gempa M 6,6 di Tuban Terasa hingga NTT  ""Lagi kerja tiba-tiba layar komputer goyang-goyang. Saya kira efek pusing sakit kepala, ternyata gempa. Teman-teman panik keluar ruangan,"" ujar Farah (26).
 Informasi dari BMKG, gempa bumi ini berkekuatan magnitudo 6,6 dan tidak berisiko tsunami.

Adapun gempa berpusat di 68 kilometer Barat Laut Tuban, Jawa Timur.
Gempa berlokasi di 6,29 Lintang Selatan dan 111,92 Bujur Timur.
Lokasi gempa di kedalaman 632 kilometer.
    
        Bayangkan seorang anak Indonesia bercita-cita menjadi dokter tetapi hanya memiliki satu buku lusuh untuk belajar. Bersama Ekspedisi Kata ke Nyata Kompas.com, Anda bisa membantu mengubah kisah itu. Mari hadirkan akses literasi bagi anak-anak di berbagai pelosok Indonesia melalui donasi lewat tautan https://bit.ly/JagatLiterasi2026. Setiap kebaikan yang Anda berikan bukan hanya membuka jendela pengetahuan, tetapi juga membuka masa depan mereka.",Kompas.com,"Dajan Peken, 82114, Tabanan, Tabanan, Bali, Indonesia",-8.536609490935,115.13552944186335,5,"2, 7","kejaksaan, kejatibali, kejaritabanan, tabanan, news"
Tabanan Arsip Page 474 of 596,2025-08-18T08:10:12.000Z,"Kabupaten Tabanan, Bali, Indonesia",Tabanan Arsip | Page 474 of 596 - BALIPOST.com,"Mandi di Pantai, Ayah dan Anak Terseret ArusTabanan Kamis, 2 Mei 2019 | 20:44:32 TABANAN, BALIPOST.com - Peristiwa naas menimpa ayah dan anak yang sedang mandi di Pantai Petangahan, banjar Suraberata, Desa Lalanglinggah, Kecamatan Selemadeg Barat, Tabanan. Keduanya...Rajut Kebersamaan, APDB Gelar Family GatheringTabanan Rabu, 1 Mei 2019 | 16:19:19 TABANAN, BALIPOST.com - Keluarga besar pelaku usaha dekorasi yang tergabung dalam Asosiasi Perkumpulan Pengusaha Dekorasi Bali (APDB) menggelar family gathering serangkaian ulang tahun yang...Truk Tak Kuat Naik Tanjakan Makan KorbanTabanan Senin, 29 April 2019 | 19:56:32 TABANAN, BALIPOST.com - Kecelakaan yang melibatkan truk dan sepeda motor terjadi di Jalur Denpasar-Gilimanuk memasuki Tanjakan Samsam II, Banjar Samsam, Desa Samsam, Kecamatan Kerambitan,....",,"Pada Hari Senin , 18 Agustus 2025 08:10, Tabanan, Tabanan, Bali

Mandi di Pantai, Ayah dan Anak Terseret ArusTabanan Kamis, 2 Mei 2019 | 20:44:32 TABANAN, BALIPOST.com - Peristiwa naas menimpa ayah dan anak yang sedang mandi di Pantai Petangahan, banjar Suraberata, Desa Lalanglinggah, Kecamatan Selemadeg Barat, Tabanan. Keduanya...Rajut Kebersamaan, APDB Gelar Family GatheringTabanan Rabu, 1 Mei 2019 | 16:19:19 TABANAN, BALIPOST.com - Keluarga besar pelaku usaha dekorasi yang tergabung dalam Asosiasi Perkumpulan Pengusaha Dekorasi Bali (APDB) menggelar family gathering serangkaian ulang tahun yang...Truk Tak Kuat Naik Tanjakan Makan KorbanTabanan Senin, 29 April 2019 | 19:56:32 TABANAN, BALIPOST.com - Kecelakaan yang melibatkan truk dan sepeda motor terjadi di Jalur Denpasar-Gilimanuk memasuki Tanjakan Samsam II, Banjar Samsam, Desa Samsam, Kecamatan Kerambitan,...",BALIPOST.com,"Dajan Peken, 82114, Tabanan, Tabanan, Bali, Indonesia",-8.536609490935,115.13552944186335,5,"2, 7","kejaksaan, kejatibali, kejaritabanan, tabanan, news"
Tabanan Arsip Page 598 of 602,2026-09-21T15:21:40.000Z,"Kabupaten Tabanan, Bali, Indonesia",Tabanan Arsip | Page 598 of 602 - BALIPOST.com,"Tenaga Kontrak Pemkab Tabanan Diikutsertakan JKNTabanan Kamis, 23 Maret 2017 | 19:12:12 TABANAN, BALIPOST.com – Tabanan memiliki tenaga kontrak sekitar 3.000 orang. Sesuai peraturan setiap tenaga kerja harus memiliki Jaminan Kesehatan Nasional (JKN) yang preminya ditanggung...Jelang Nyepi, Gencar Razia Arak dan MirasTabanan Kamis, 23 Maret 2017 | 18:25:04 TABANAN, BALIPOST.com – Perayaan hari raya Nyepi hanya tinggal hitungan hari saja, himbauan untuk menjaga kondusifitas kamtibmas juga sudah mulai diserukan jajaran kepolisian.","Bahkan...Sampel Pasien MSS Dikirim Ke SingapuraTabanan Rabu, 22 Maret 2017 | 18:59:41 TABANAN, BALIPOST.com – Hampir dua minggu sampel dua pasien suspect MSS yang mendapatkan perawatan di BRSU Tabanan diperiksa. Hasilnya, petugas belum bisa membaca secara...Astra Motor Bali Gelar Kompetisi RegionalTabanan Selasa, 21 Maret 2017 | 19:51:13 UNTUK mempersiapkan calon Advisor Safety Riding dikalangan komunitas Honda, Astra Motor Bali kembali menggelar kompetisi Regional Safety Riding untuk Advisor Community yang diikuti oleh....","Pada Hari Senin , 21 September 2026 15:21, Tabanan, Tabanan, Bali

Tenaga Kontrak Pemkab Tabanan Diikutsertakan JKNTabanan Kamis, 23 Maret 2017 | 19:12:12 TABANAN, BALIPOST.com – Tabanan memiliki tenaga kontrak sekitar 3.000 orang. Sesuai peraturan setiap tenaga kerja harus memiliki Jaminan Kesehatan Nasional (JKN) yang preminya ditanggung...Jelang Nyepi, Gencar Razia Arak dan MirasTabanan Kamis, 23 Maret 2017 | 18:25:04 TABANAN, BALIPOST.com – Perayaan hari raya Nyepi hanya tinggal hitungan hari saja, himbauan untuk menjaga kondusifitas kamtibmas juga sudah mulai diserukan jajaran kepolisian. Bahkan...Sampel Pasien MSS Dikirim Ke SingapuraTabanan Rabu, 22 Maret 2017 | 18:59:41 TABANAN, BALIPOST.com – Hampir dua minggu sampel dua pasien suspect MSS yang mendapatkan perawatan di BRSU Tabanan diperiksa. Hasilnya, petugas belum bisa membaca secara...Astra Motor Bali Gelar Kompetisi RegionalTabanan Selasa, 21 Maret 2017 | 19:51:13 UNTUK mempersiapkan calon Advisor Safety Riding dikalangan komunitas Honda, Astra Motor Bali kembali menggelar kompetisi Regional Safety Riding untuk Advisor Community yang diikuti oleh...",BALIPOST.com,"Dajan Peken, 82114, Tabanan, Tabanan, Bali, Indonesia",-8.536609490935,115.13552944186335,5,"2, 7","kejaksaan, kejatibali, kejaritabanan, tabanan, news"
Bupati Tabanan Diputuskan Resmi Bercerai Sang Suami Ajukan Banding,2017-09-22T07:00:00.000Z,"Kabupaten Tabanan, Bali, Indonesia","Bupati Tabanan Diputuskan Resmi Bercerai, Sang Suami Ajukan Banding - Kompas.com","TABANAN, KOMPAS.com - Bupati Tabanan, Bali, Ni Putu Eka Wiryastuti, dinyatakan resmi bercerai dari suaminya, I Made Dwi Saputra alias Bambang Aditya pada Selasa (22/8/2017) lalu.Putusan gugatan cerai dari Eka kepada Bambang ketika itu dikabulkan pihak Pengadilan Negeri Tabanan. Namun sang suami, Bambang Aditya mengajukan banding.
Kepala PN Tabanan, I Wayan Gede Rumega mengatakan, adanya perlawan tersebut secara otomatis membuat persidangan akan digelar kembali.“Ada verzet atau perlawanan hukum dari tergugat.","Alasannya karena tidak mengetahui ada gugatan,” kata Rumega saat dikonfirmasi, Kamis (21/9/2017).Rumega menyebutkan, adanya verzet adalah hal biasa dalam persidangan perdata dan merupakan hak dari tergugat.Dalam penyampaian gugatan ke pengadilan, disebutkan pihaknya sudah melayangkan surat pemberitahuan yang ditujukan kepada alamat sesuai Kartu Tanda Pengenal (KTP). “Jika alamatnya tidak diketahui maka kami bisa mengumumkan di media masa terkait adanya gugatan hukum,” jelasnya.
Baca juga: Ditangkap di Jakpus, Ini Alasan Anggota DPRD Tabanan Konsumsi SabuBambang Aditya yang menikah dengan Ni Putu Eka Wiryastuti pada Desember 2012 sempat ke PN Tabanan untuk mengambil putusan persidangan perceraiannya sekitar Jumat (15/9/2017).Tergugat mengaku tidak mengetahui adanya gugatan karena sedang berada di Jakarta.“Karena alasan itu, makanya ada perlawanan hukum,” terang Rumega.Dengan adanya upaya hukum tersebut, pihak pengadilan PN Tabanan secara otomatis belum bisa membuka detail perkara Bupati Tabanan dua periode itu.Untuk proses sidang, akan mulai berjalan dan tertutup untuk umum.Baca juga: Cerai Susuk, Cara Perceraian TKW Asal Banyuwangi
Berita ini sudah tayang di Tribunnews.com, Jumat 22 September 2017 dengan judul Status Janda Bupati Cantik Ini Dibatalkan, Suami Banding
Kompas TV Parade Gebogan Jadi Pembuka Festival Tanah Lot

    
        Bayangkan seorang anak Indonesia bercita-cita menjadi dokter tetapi hanya memiliki satu buku lusuh untuk belajar.","Pada Hari Jumat , 22 September 2017 07:00, Tabanan, Tabanan, Bali

TABANAN, KOMPAS.com - Bupati Tabanan, Bali, Ni Putu Eka Wiryastuti, dinyatakan resmi bercerai dari suaminya, I Made Dwi Saputra alias Bambang Aditya pada Selasa (22/8/2017) lalu.Putusan gugatan cerai dari Eka kepada Bambang ketika itu dikabulkan pihak Pengadilan Negeri Tabanan. Namun sang suami, Bambang Aditya mengajukan banding.
Kepala PN Tabanan, I Wayan Gede Rumega mengatakan, adanya perlawan tersebut secara otomatis membuat persidangan akan digelar kembali.“Ada verzet atau perlawanan hukum dari tergugat. Alasannya karena tidak mengetahui ada gugatan,” kata Rumega saat dikonfirmasi, Kamis (21/9/2017).Rumega menyebutkan, adanya verzet adalah hal biasa dalam persidangan perdata dan merupakan hak dari tergugat.Dalam penyampaian gugatan ke pengadilan, disebutkan pihaknya sudah melayangkan surat pemberitahuan yang ditujukan kepada alamat sesuai Kartu Tanda Pengenal (KTP). 



“Jika alamatnya tidak diketahui maka kami bisa mengumumkan di media masa terkait adanya gugatan hukum,” jelasnya.
Baca juga: Ditangkap di Jakpus, Ini Alasan Anggota DPRD Tabanan Konsumsi SabuBambang Aditya yang menikah dengan Ni Putu Eka Wiryastuti pada Desember 2012 sempat ke PN Tabanan untuk mengambil putusan persidangan perceraiannya sekitar Jumat (15/9/2017).Tergugat mengaku tidak mengetahui adanya gugatan karena sedang berada di Jakarta.“Karena alasan itu, makanya ada perlawanan hukum,” terang Rumega.Dengan adanya upaya hukum tersebut, pihak pengadilan PN Tabanan secara otomatis belum bisa membuka detail perkara Bupati Tabanan dua periode itu.Untuk proses sidang, akan mulai berjalan dan tertutup untuk umum.Baca juga: Cerai Susuk, Cara Perceraian TKW Asal Banyuwangi
Berita ini sudah tayang di Tribunnews.com, Jumat 22 September 2017 dengan judul Status Janda Bupati Cantik Ini Dibatalkan, Suami Banding
Kompas TV Parade Gebogan Jadi Pembuka Festival Tanah Lot

    
        Bayangkan seorang anak Indonesia bercita-cita menjadi dokter tetapi hanya memiliki satu buku lusuh untuk belajar. Bersama Ekspedisi Kata ke Nyata Kompas.com, Anda bisa membantu mengubah kisah itu. Mari hadirkan akses literasi bagi anak-anak di berbagai pelosok Indonesia melalui donasi lewat tautan https://bit.ly/JagatLiterasi2026. Setiap kebaikan yang Anda berikan bukan hanya membuka jendela pengetahuan, tetapi juga membuka masa depan mereka.    
                    Batas akses KARIN
                    
                        Kamu sudah mencapai batas akses KARIN.
                        Gabung membership Kompas.com+ MAX untuk bertanya lebih banyak dan memahami berita dengan lebih leluasa.
                    
                
            
                    
                    
                    Tidak akurat
                
                
                    
                    
                    Tidak relevan
                
                
                    
                    
                    Menyinggung
                
                
                    
                    
                    Terlalu lama
                
                
                    
                    
                    Isu privasi
                
                
                    
                    
                    Lainnya
                
            
            
                    Khusus Member
                    
                        Akses Tanya Langsung Tersedia untuk Member
                        Gabung membership Kompas.com+ MAX untuk bertanya lebih banyak dan memahami berita dengan lebih leluasa.",Kompas.com,"Dajan Peken, 82114, Tabanan, Tabanan, Bali, Indonesia",-8.536609490935,115.13552944186335,5,"2, 7","kejaksaan, kejatibali, kejaritabanan, tabanan, news"
Foto Nyanyi Bali dan Valrhona Kembangkan Kebun Kakao Berkelanjutan di Tabanan,2026-03-04T08:00:00.000Z,"Kabupaten Tabanan, Bali, Indonesia",Foto : Nyanyi Bali dan Valrhona Kembangkan Kebun Kakao Berkelanjutan di Tabanan - Kompas.com,"Made Ariani Siswanto, Managing Director Nyanyi Bali; Emmanuelle Brun, Head of Strategic Growth & New Ventures, Valrhona; dan Nyoman Astari Siswanto, Director Nyanyi Bali, di Valrhona Cocoa Forest, Bali.(Dok Nyanyi Bali).",,"Pada Hari Rabu , 4 Maret 2026 08:00, Tabanan, Tabanan, Bali

Made Ariani Siswanto, Managing Director Nyanyi Bali; Emmanuelle Brun, Head of Strategic Growth & New Ventures, Valrhona; dan Nyoman Astari Siswanto, Director Nyanyi Bali, di Valrhona Cocoa Forest, Bali.(Dok Nyanyi Bali)",Kompas.com,"Dajan Peken, 82114, Tabanan, Tabanan, Bali, Indonesia",-8.536609490935,115.13552944186335,5,"2, 7","kejaksaan, kejatibali, kejaritabanan, tabanan, news"
Tabanan Arsip Page 151 of 594,2020-09-11T15:09:34.000Z,"Kabupaten Tabanan, Bali, Indonesia",Tabanan Arsip | Page 151 of 594 - BALIPOST.com,"OPD di Tabanan Mulai Bangun Teba ModernTabanan Rabu, 4 Juni 2025 | 18:15:04 TABANAN, BALIPOST.com - Sejumlah Organisasi Perangkat Daerah (OPD) di lingkungan Pemerintah Kabupaten Tabanan mulai membangun teba modern sebagai langkah nyata mendukung Gerakan Bali Bersih...Yustisi Gabungan di Tabanan Sasar Kost-kostanTabanan Minggu, 1 Juni 2025 | 18:24:46 TABANAN, BALIPOST.com - Untuk menjaga keamanan dan ketertiban masyarakat, Polres Tabanan menggelar operasi yustisi gabungan dengan menyasar sejumlah tempat kost yang dihuni pendatang, Jumat....",,"Pada Hari Jumat , 11 September 2020 15:09, Tabanan, Tabanan, Bali

OPD di Tabanan Mulai Bangun Teba ModernTabanan Rabu, 4 Juni 2025 | 18:15:04 TABANAN, BALIPOST.com - Sejumlah Organisasi Perangkat Daerah (OPD) di lingkungan Pemerintah Kabupaten Tabanan mulai membangun teba modern sebagai langkah nyata mendukung Gerakan Bali Bersih...Yustisi Gabungan di Tabanan Sasar Kost-kostanTabanan Minggu, 1 Juni 2025 | 18:24:46 TABANAN, BALIPOST.com - Untuk menjaga keamanan dan ketertiban masyarakat, Polres Tabanan menggelar operasi yustisi gabungan dengan menyasar sejumlah tempat kost yang dihuni pendatang, Jumat...",BALIPOST.com,"Dajan Peken, 82114, Tabanan, Tabanan, Bali, Indonesia",-8.536609490935,115.13552944186335,5,"2, 7","kejaksaan, kejatibali, kejaritabanan, tabanan, news"
Warga Diam di Rumah Jalan di Tabanan Lengang,2020-03-26T07:00:00.000Z,"Kabupaten Tabanan, Bali, Indonesia","Warga Diam di Rumah, Jalan di Tabanan Lengang - BALIPOST.com","TABANAN, BALIPOST.com – Suasana ruas jalan di Kabupaten Tabanan pada Kamis (26/3) atau pasca-Nyepi bampak lengang. Masyarakat telah banyak yang mengikuti himbauan pemerintah untuk tetap berada di rumah masing-masing.Jajaran kepolisian serta sejumlah pecalang pun ikut mengamankan instruksi pemerintah tersebut.",Sejumlah kendaraan yang melintas pun dihentikan oleh jajaran Satlantas Polres Tabanan.Ada diantaranya yang diperbolehkan melintas karena memang pekerjaan atau yang sifatnya penting. Sementara ada pula yang diminta untuk balik pulang ke rumah.Seperti disampaikan Kasat Lantas Polres Tabanan Iptu Ni Luh Putu Wila.,"Pada Hari Kamis , 26 Maret 2020 07:00, Tabanan, Tabanan, Bali

TABANAN, BALIPOST.com – Suasana ruas jalan di Kabupaten Tabanan pada Kamis (26/3) atau pasca-Nyepi bampak lengang. Masyarakat telah banyak yang mengikuti himbauan pemerintah untuk tetap berada di rumah masing-masing.Jajaran kepolisian serta sejumlah pecalang pun ikut mengamankan instruksi pemerintah tersebut. Sejumlah kendaraan yang melintas pun dihentikan oleh jajaran Satlantas Polres Tabanan.Ada diantaranya yang diperbolehkan melintas karena memang pekerjaan atau yang sifatnya penting. Sementara ada pula yang diminta untuk balik pulang ke rumah.Seperti disampaikan Kasat Lantas Polres Tabanan Iptu Ni Luh Putu Wila. Untuk kendaraan seperti truk yang melintas di jalan Denpasar-Gilimanuk, pihaknya menerapkan selektif prioritas. Artinya truk yang tidak mengangkut barang atau bahan pokok diarahkan dulu ke Terminal Pesiapan. “Tetapi jika mengangkut kebutuhan pokok kita jalankan, dan untuk kendaraan roda dua kita arahkan kembali pulang jika disekitar sini,” terangnya.Di sisi lain, selain himbauan agar tidak keluar rumah pada Kamis, Bupati Tabanan Ni Putu Eka Wiryastuti juga mengeluarkan surat edaran yang memerintahkan pengelola kafe dan pusat hiburan umum di Tabanan untuk menutup operasional usahanya sampai 30 Maret 2020. Kebijakan ini dikeluarkan lantaran penyebaran virus Corona yang makin meluas, dengan melakukan pembatasan kegiatan keramaian. (Puspawati/balipost)",BALIPOST.com,"Dajan Peken, 82114, Tabanan, Tabanan, Bali, Indonesia",-8.536609490935,115.13552944186335,5,"2, 7","kejaksaan, kejatibali, kejaritabanan, tabanan, news"
Ritual Melasti Menjelang Hari Raya Nyepi,2019-03-04T08:00:00.000Z,"Kabupaten Tabanan, Bali, Indonesia",Ritual Melasti Menjelang Hari Raya Nyepi - Kompas.com,"KOMPAS.com - Umat Hindu memadati Pura Ulun Danu Beratan di Desa Candikuning, Kabupaten Tabanan, Bali, Senin (4/3/2019) pagi, untuk melaksanakan ritual Melasti atau penyucian benda-benda sakral menjelang Hari Raya Nyepi. Tidak selalu pantai yang menjadi tempat tujuan pelaksanaan Melasti. Seperti yang terlihat di Pura Ulun Danu Beratan, Tabanan, pagi ini.Umat Hindu datang bergilir sesuai dengan banjar atau dusun adat masing-masing yang ada di Kabupaten Tabanan.",Mereka membawa berbagai jenis sesajian dan berjalan beriringan serta diiringi musik gamelan. Upacara Melasti dilaksanakan dalam rangkaian perayaan Nyepi Tahun Baru Caka 1941 yang jatuh pada tanggal 7 maret 2019. Rangkaian Hari Raya Nyepi di Bali setiap tahun berlangsung dalam bulan Maret tahun Masehi.,"Pada Hari Senin , 4 Maret 2019 08:00, Tabanan, Tabanan, Bali

KOMPAS.com - Umat Hindu memadati Pura Ulun Danu Beratan di Desa Candikuning, Kabupaten Tabanan, Bali, Senin (4/3/2019) pagi, untuk melaksanakan ritual Melasti atau penyucian benda-benda sakral menjelang Hari Raya Nyepi. Tidak selalu pantai yang menjadi tempat tujuan pelaksanaan Melasti. Seperti yang terlihat di Pura Ulun Danu Beratan, Tabanan, pagi ini.Umat Hindu datang bergilir sesuai dengan banjar atau dusun adat masing-masing yang ada di Kabupaten Tabanan. Mereka membawa berbagai jenis sesajian dan berjalan beriringan serta diiringi musik gamelan. Upacara Melasti dilaksanakan dalam rangkaian perayaan Nyepi Tahun Baru Caka 1941 yang jatuh pada tanggal 7 maret 2019. Rangkaian Hari Raya Nyepi di Bali setiap tahun berlangsung dalam bulan Maret tahun Masehi. Dalam penanggalan Caka, tahun baru jatuh pada setiap bulan kesembilan. Saat hari Nyepi, tidak boleh ada kegiatan keseharian di Pulau Dewata selama 24 jam mulai pukul 06.00. Bagi umat Hindu Bali, tahun baru adalah hari perenungan diri. Untuk itu mereka melakukan brata (pantangan) penyepian berupa amati geni (tidak menyalakan api/memakai lampu), amati karya (tidak bekerja), amati lelunganan (tidak bepergian), dan amati lelangunan (tidak mengadakan hiburan atau keriuhan). GAR",Kompas.com,"Dajan Peken, 82114, Tabanan, Tabanan, Bali, Indonesia",-8.536609490935,115.13552944186335,5,"2, 7","kejaksaan, kejatibali, kejaritabanan, tabanan, news"
Tabanan Arsip Page 530 of 575,2026-02-08T13:38:27.000Z,"Kabupaten Tabanan, Bali, Indonesia",Tabanan Arsip | Page 530 of 575 - BALIPOST.com,"Satpol PP Sidak Pedagang Kaki LimaTabanan Selasa, 3 April 2018 | 17:45:41 TABANAN, BALIPOST.com – Adanya keluhan masyarakat terhadap pedagang kaki lima yang dianggap menganggu ketertiban karena berdagang di badan jalan dan trotoar ditanggapi SatPol PP Tabanan...Panen Raya, Harga Beras Masih Lampaui HETTabanan Selasa, 3 April 2018 | 11:28:45 TABANAN, BALIPOST.com - Meski memasuki musim panen raya, harga beras di Tabanan maupun Bali pada umumnya tidak menunjukkan tanda-tanda mendekati harga HET (Harga Eceran...Dishub Tabanan Pasang Mesin E-ParkirTabanan Selasa, 3 April 2018 | 11:12:40 TABANAN, BALIPOST.com - Setelah lama dinanti, akhirnya program terobosan yang digagas Dinas Perhubungan Kabupaten Tabanan berupa parkir elektronik (e-parkir) dalam waktu dekat ini sudah...Permintaan Ekspor Manggis Alami PeningkatanTabanan Senin, 2 April 2018 | 15:57:18 TABANAN, BALIPOST.com – Setelah sempat melesu, saat ini permintaan manggis di pasar ekspor mengalami peningkatan. Hal ini seiring dengan pelemahan nilai rupiah terhadap dolar AS....",,"Pada Hari Minggu , 8 Februari 2026 13:38, Tabanan, Tabanan, Bali

Satpol PP Sidak Pedagang Kaki LimaTabanan Selasa, 3 April 2018 | 17:45:41 TABANAN, BALIPOST.com – Adanya keluhan masyarakat terhadap pedagang kaki lima yang dianggap menganggu ketertiban karena berdagang di badan jalan dan trotoar ditanggapi SatPol PP Tabanan...Panen Raya, Harga Beras Masih Lampaui HETTabanan Selasa, 3 April 2018 | 11:28:45 TABANAN, BALIPOST.com - Meski memasuki musim panen raya, harga beras di Tabanan maupun Bali pada umumnya tidak menunjukkan tanda-tanda mendekati harga HET (Harga Eceran...Dishub Tabanan Pasang Mesin E-ParkirTabanan Selasa, 3 April 2018 | 11:12:40 TABANAN, BALIPOST.com - Setelah lama dinanti, akhirnya program terobosan yang digagas Dinas Perhubungan Kabupaten Tabanan berupa parkir elektronik (e-parkir) dalam waktu dekat ini sudah...Permintaan Ekspor Manggis Alami PeningkatanTabanan Senin, 2 April 2018 | 15:57:18 TABANAN, BALIPOST.com – Setelah sempat melesu, saat ini permintaan manggis di pasar ekspor mengalami peningkatan. Hal ini seiring dengan pelemahan nilai rupiah terhadap dolar AS...",BALIPOST.com,"Dajan Peken, 82114, Tabanan, Tabanan, Bali, Indonesia",-8.536609490935,115.13552944186335,5,"2, 7","kejaksaan, kejatibali, kejaritabanan, tabanan, news"
Diduga Frustrasi karena UN Siswi SMP Gantung Diri,2014-05-08T07:00:00.000Z,"Kabupaten Tabanan, Bali, Indonesia","Diduga Frustrasi karena UN, Siswi SMP Gantung Diri - Kompas.com","TABANAN, KOMPAS — Leony Alvionita (14), siswi kelas III SMP Negeri 1 Tabanan, Bali, gantung diri seusai pulang dari mengikuti ujian nasional, Selasa (6/5) sekitar pukul 11.00 Wita. Kepolisian Resor Tabanan menduga siswi tersebut frustrasi karena merasa gagal mengerjakan soal ujian Matematika.”Kami menduga ia takut tidak lulus dan memutuskan gantung diri.","Berdasarkan penelitian di kamar korban, ia tidak dibantu siapa pun dan mengikat tali dasi sekolahnya sendiri di lehernya untuk gantung diri,” kata Kepala Polres Tabanan Ajun Komisaris Besar Dekananto Eko Purwono, di Tabanan, Bali, Rabu.Polisi telah mendalami beberapa keterangan teman dan bukti Blackberry Messenger korban kepada temannya. Dalam pesan itu, sebelum jam siswa tersebut gantung diri, Leony sempat mengeluh kesulitan dan frustrasi mengerjakan soal Matematika.Leony ditemukan ibunya menggantung di kamar tidurnya di lantai dua rumah toko yang disewa keluarganya.","Pada Hari Kamis , 8 Mei 2014 07:00, Tabanan, Tabanan, Bali

TABANAN, KOMPAS — Leony Alvionita (14), siswi kelas III SMP Negeri 1 Tabanan, Bali, gantung diri seusai pulang dari mengikuti ujian nasional, Selasa (6/5) sekitar pukul 11.00 Wita. Kepolisian Resor Tabanan menduga siswi tersebut frustrasi karena merasa gagal mengerjakan soal ujian Matematika.”Kami menduga ia takut tidak lulus dan memutuskan gantung diri. Berdasarkan penelitian di kamar korban, ia tidak dibantu siapa pun dan mengikat tali dasi sekolahnya sendiri di lehernya untuk gantung diri,” kata Kepala Polres Tabanan Ajun Komisaris Besar Dekananto Eko Purwono, di Tabanan, Bali, Rabu.Polisi telah mendalami beberapa keterangan teman dan bukti Blackberry Messenger korban kepada temannya. Dalam pesan itu, sebelum jam siswa tersebut gantung diri, Leony sempat mengeluh kesulitan dan frustrasi mengerjakan soal Matematika.Leony ditemukan ibunya menggantung di kamar tidurnya di lantai dua rumah toko yang disewa keluarganya. Orangtuanya sempat membawa Leony ke rumah sakit, tetapi dia akhirnya meninggal.Pelaksanaan UN SMP juga tercoreng kuatnya dugaan kebocoran soal. Inspektur Jenderal Kementerian Pendidikan dan Kebudayaan Haryono Umar melakukan inspeksi mendadak ke SMPN 67 Jakarta, Rabu (7/5), untuk mengecek laporan kebocoran soal oleh Indonesia Corruption Watch (ICW).Tetap bawa ponsel



Saat ujian Bahasa Inggris, di dalam ruang kelas ditemukan banyak siswa tetap membawa telepon seluler (ponsel) sekalipun dilarang. Tim investigasi Itjen Kemdikbud memeriksa sekitar 71 ponsel siswa dan guru seusai UN. Di telepon milik siswa ditemukan jawaban sesuai tipe soal seperti laporan ICW.Sesuai informasi yang masuk ke ICW sebelumnya, di kalangan siswa beredar jawaban UN sesuai tipe soal yang disertai kata kunci sebagai penanda tipe soal Bahasa Inggris dan Matematika.Di Kediri, Jawa Timur, Polres Kediri Kota juga mengungkap peredaran kunci jawaban UN tingkat SMP untuk mata pelajaran Matematika. Kepala Polres Kediri Kota Ajun Komisaris Besar Budhi Herdi Susianto mengungkapkan, tiga siswa SMP tertangkap saat menggandakan kunci jawaban tersebut di salah satu tempat fotokopi di dekat sekolah yang ada di Jalan Penanggungan, Kota Kediri, Selasa.”Ada selembar kertas berisi 20 paket isian. Ada tulisannya untuk mata pelajaran Matematika. Setiap paket ada 50 jawaban untuk soal pilihan ganda,” ujarnya, Rabu. Setelah dicek dengan bantuan guru, tingkat kecocokan ”bocoran jawaban” dengan soal sampai 80 persen. Kunci tersebut dibeli seharga Rp 250.000 dari pelajar lain.Anggota Polres Kota Padang, Sumatera Barat, menemukan hal serupa di SMPN 15 Padang. Sejumlah siswa berniat mengambil kunci jawaban di tempat fotokopi. Konon, siswa harus membayar hingga Rp 100.000 untuk mendapatkan kunci jawaban itu. Namun, lembar kunci jawaban yang beredar di kalangan peserta ujian itu diragukan kebenarannya sehingga murid diminta tidak memercayainya.Di Jember, Jatim, juga beredar isu bocoran jawaban soal UN di seputaran Kecamatan Kaliwates. Namun, setelah dicek, tidak ada anak yang mengantongi lembar jawaban.Bibit korupsiKoordinator Divisi Monitoring Pelayanan Publik ICW Febri Hendri mengatakan, ada dugaan pembocoran terstruktur. ”Kami menyayangkan terjadinya kecurangan-kecurangan. Ini benih korupsi. Siswa yang masih muda saja sudah curang. Ini awalnya korupsi,” kata Febri.Selain dugaan kebocoran, UN SMP juga diwarnai masalah teknis, seperti tertukarnya paket soal dan jawaban di Kabupaten Pringsewu, Lampung. Akibatnya, murid menggunakan soal fotokopian. (ELN/LUK/AYS/WER/SIR/ZAK/GER)
    
        Bayangkan seorang anak Indonesia bercita-cita menjadi dokter tetapi hanya memiliki satu buku lusuh untuk belajar. Bersama Ekspedisi Kata ke Nyata Kompas.com, Anda bisa membantu mengubah kisah itu. Mari hadirkan akses literasi bagi anak-anak di berbagai pelosok Indonesia melalui donasi lewat tautan https://bit.ly/JagatLiterasi2026. Setiap kebaikan yang Anda berikan bukan hanya membuka jendela pengetahuan, tetapi juga membuka masa depan mereka.    
                    Batas akses KARIN
                    
                        Kamu sudah mencapai batas akses KARIN.
                        Gabung membership Kompas.com+ MAX untuk bertanya lebih banyak dan memahami berita dengan lebih leluasa.
                    
                
            
                    
                    
                    Tidak akurat
                
                
                    
                    
                    Tidak relevan
                
                
                    
                    
                    Menyinggung
                
                
                    
                    
                    Terlalu lama
                
                
                    
                    
                    Isu privasi
                
                
                    
                    
                    Lainnya
                
            
            
                    Khusus Member
                    
                        Akses Tanya Langsung Tersedia untuk Member
                        Gabung membership Kompas.com+ MAX untuk bertanya lebih banyak dan memahami berita dengan lebih leluasa.",Kompas.com,"Dajan Peken, 82114, Tabanan, Tabanan, Bali, Indonesia",-8.536609490935,115.13552944186335,5,"2, 7","kejaksaan, kejatibali, kejaritabanan, tabanan, news"
Gudang Styrofoam Pabrik di Tabanan Terbakar Kerugian Capai Rp 3 Miliar,2025-10-16T07:00:00.000Z,"Kabupaten Tabanan, Bali, Indonesia","Gudang Styrofoam Pabrik di Tabanan Terbakar, Kerugian Capai Rp 3 Miliar - Kompas.com","TABANAN, KOMPAS.com – Kebakaran melanda gudang milik PT Mitra Jaya Sukses Abadi (MSA) di Banjar Batanduren, Desa Cepaka, Kecamatan Kediri, Kabupaten Tabanan, Bali.
Kasi Humas Polres Tabanan, Iptu I Gusti Made Berata, mengatakan kebakaran itu menimbulkan kerugian yang ditaksir mencapai Rp3 miliar.
Ia menjelaskan, kebakaran terjadi, Rabu (15/10/2025) malam sekitar pukul 18.30 Wita. Api pertama kali diketahui oleh salah satu karyawan yang tengah bekerja di area gudang.""Saat menggerinda, saksi mencium bau asap menyengat.","Ketika menoleh, ia melihat api sudah muncul sekitar lima meter dari tempatnya bekerja,"" kata Berata, Kamis (16/10/2025).
Baca juga: Kebakaran Maut di Pademangan: Renggut 4 Nyawa Termasuk Balita dan Ibu Hamil
Ia menyebutkan, gudang tersebut menyimpan bahan styrofoam yang mudah terbakar. Sehingga api dengan cepat membesar.




Beberapa karyawan berupaya memadamkan api menggunakan alat seadanya, namun tidak berhasil.""Api cepat menjalar ke bagian lain gudang.","Pada Hari Kamis , 16 Oktober 2025 07:00, Tabanan, Tabanan, Bali

TABANAN, KOMPAS.com – Kebakaran melanda gudang milik PT Mitra Jaya Sukses Abadi (MSA) di Banjar Batanduren, Desa Cepaka, Kecamatan Kediri, Kabupaten Tabanan, Bali.
Kasi Humas Polres Tabanan, Iptu I Gusti Made Berata, mengatakan kebakaran itu menimbulkan kerugian yang ditaksir mencapai Rp3 miliar.
Ia menjelaskan, kebakaran terjadi, Rabu (15/10/2025) malam sekitar pukul 18.30 Wita. Api pertama kali diketahui oleh salah satu karyawan yang tengah bekerja di area gudang.""Saat menggerinda, saksi mencium bau asap menyengat. Ketika menoleh, ia melihat api sudah muncul sekitar lima meter dari tempatnya bekerja,"" kata Berata, Kamis (16/10/2025).
Baca juga: Kebakaran Maut di Pademangan: Renggut 4 Nyawa Termasuk Balita dan Ibu Hamil
Ia menyebutkan, gudang tersebut menyimpan bahan styrofoam yang mudah terbakar. Sehingga api dengan cepat membesar.




Beberapa karyawan berupaya memadamkan api menggunakan alat seadanya, namun tidak berhasil.""Api cepat menjalar ke bagian lain gudang. Sekitar 20 menit kemudian, tujuh unit mobil pemadam kebakaran tiba di lokasi untuk memadamkan api,"" ujar Berata.
Baca juga: Kebakaran di Pademangan Tewaskan 4 Orang, Wali Kota Jakut Imbau Warga Jaga Lingkungan
Hingga kini, penyebab pasti kebakaran masih dalam penyelidikan.
Polisi sudah meminta keterangan sejumlah saksi dan melakukan olah tempat kejadin perkara.
""Penyebab kebakaran belum dapat dipastikan. Tidak ada korban jiwa maupun luka, namun kerugian ditaksir Rp 3 miliar,"" kata Berata.
    
        Bayangkan seorang anak Indonesia bercita-cita menjadi dokter tetapi hanya memiliki satu buku lusuh untuk belajar. Bersama Ekspedisi Kata ke Nyata Kompas.com, Anda bisa membantu mengubah kisah itu. Mari hadirkan akses literasi bagi anak-anak di berbagai pelosok Indonesia melalui donasi lewat tautan https://bit.ly/JagatLiterasi2026. Setiap kebaikan yang Anda berikan bukan hanya membuka jendela pengetahuan, tetapi juga membuka masa depan mereka.",Kompas.com,"Dajan Peken, 82114, Tabanan, Tabanan, Bali, Indonesia",-8.536609490935,115.13552944186335,5,"2, 7","kejaksaan, kejatibali, kejaritabanan, tabanan, news"
2 Pendaki di Tabanan Ditemukan Selamat Setelah Tersesat Sehari,2024-03-05T08:00:00.000Z,"Kabupaten Tabanan, Bali, Indonesia",2 Pendaki di Tabanan Ditemukan Selamat Setelah Tersesat Sehari - Kompas.com,"KOMPAS.com - Dua orang pendaki bernama Sandika (21) dan Eka Putri Pratiwi (24) ditemukan selamat setelah tersesat di Gunung Batukaru, Kabupaten Tabanan, Provinsi Bali.
Mereka dilaporkan hilang setelah melakukan pendakian pada Minggu (3/3/2024) dini hari sekitar pukul 04.00 Wita.
Tim SAR gabungan melakukan pencarian terhadap kedua korban. Sandika dan Eka sempat menghubungi pihak keluarga, tetapi komunikasi itu kemudian terputus.Baca juga: 15 Jam Hilang Kontak, Pendaki Tersesat di Gunung Manglayang Ditemukan Selamat
Kedua pendaki diketahui tersesat di Gunung Batukaru setelah Kantor Pencarian dan Pertolongan Denpasar (Basarnas Bali) menerima informasi dari orangtua korban.
Kepala Kantor Pencarian dan Pertolongan Denpasar I Nyoman Sidakarya menyampaikan, pendaki bernama Sandika terlebih dahulu ditemukan pada Senin (4/3/2024) pukul 07.00 Wita.




""Ia turun dengan kondisi lemas dan berhasil sampai di Pura Malen, Pujungan,"" ujarnya, Selasa (5/3/2024) dalam keterangannya.Pencarian gabungan kemudian dikerahkan.","Pendaki kedua, Ema Putri Pratiwi, akhirnya ditemukan pada Senin sekitar pukul 16.15 Wita.
Baca juga: Tiga Pendaki Tersesat di Gunung Bawakaraeng
Tim SAR gabungan melaksanakan pencarian dengan menyisir sekitar titik pertemuan terakhir antara Eka Putri Pratiwi dan Sandika.
""Tim pencarian yang terdiri dari warga dan pemandu lokal berhasil menemukan Eka Putri Pratiwi dalam keadaan selamat sekitar pukul 16.15 Wita,"" jelasnya.
""Lokasi penemuannya berada 200 meter dari titik awal keduanya dilaporkan hilang,"" tandasnya.
    
        Bayangkan seorang anak Indonesia bercita-cita menjadi dokter tetapi hanya memiliki satu buku lusuh untuk belajar. Bersama Ekspedisi Kata ke Nyata Kompas.com, Anda bisa membantu mengubah kisah itu.","Pada Hari Selasa , 5 Maret 2024 08:00, Tabanan, Tabanan, Bali

KOMPAS.com - Dua orang pendaki bernama Sandika (21) dan Eka Putri Pratiwi (24) ditemukan selamat setelah tersesat di Gunung Batukaru, Kabupaten Tabanan, Provinsi Bali.
Mereka dilaporkan hilang setelah melakukan pendakian pada Minggu (3/3/2024) dini hari sekitar pukul 04.00 Wita.
Tim SAR gabungan melakukan pencarian terhadap kedua korban. Sandika dan Eka sempat menghubungi pihak keluarga, tetapi komunikasi itu kemudian terputus.Baca juga: 15 Jam Hilang Kontak, Pendaki Tersesat di Gunung Manglayang Ditemukan Selamat
Kedua pendaki diketahui tersesat di Gunung Batukaru setelah Kantor Pencarian dan Pertolongan Denpasar (Basarnas Bali) menerima informasi dari orangtua korban.
Kepala Kantor Pencarian dan Pertolongan Denpasar I Nyoman Sidakarya menyampaikan, pendaki bernama Sandika terlebih dahulu ditemukan pada Senin (4/3/2024) pukul 07.00 Wita.




""Ia turun dengan kondisi lemas dan berhasil sampai di Pura Malen, Pujungan,"" ujarnya, Selasa (5/3/2024) dalam keterangannya.Pencarian gabungan kemudian dikerahkan. Pendaki kedua, Ema Putri Pratiwi, akhirnya ditemukan pada Senin sekitar pukul 16.15 Wita.
Baca juga: Tiga Pendaki Tersesat di Gunung Bawakaraeng
Tim SAR gabungan melaksanakan pencarian dengan menyisir sekitar titik pertemuan terakhir antara Eka Putri Pratiwi dan Sandika.
""Tim pencarian yang terdiri dari warga dan pemandu lokal berhasil menemukan Eka Putri Pratiwi dalam keadaan selamat sekitar pukul 16.15 Wita,"" jelasnya.
""Lokasi penemuannya berada 200 meter dari titik awal keduanya dilaporkan hilang,"" tandasnya.
    
        Bayangkan seorang anak Indonesia bercita-cita menjadi dokter tetapi hanya memiliki satu buku lusuh untuk belajar. Bersama Ekspedisi Kata ke Nyata Kompas.com, Anda bisa membantu mengubah kisah itu. Mari hadirkan akses literasi bagi anak-anak di berbagai pelosok Indonesia melalui donasi lewat tautan https://bit.ly/JagatLiterasi2026. Setiap kebaikan yang Anda berikan bukan hanya membuka jendela pengetahuan, tetapi juga membuka masa depan mereka.",Kompas.com,"Dajan Peken, 82114, Tabanan, Tabanan, Bali, Indonesia",-8.536609490935,115.13552944186335,5,"2, 7","kejaksaan, kejatibali, kejaritabanan, tabanan, news"
10 Rumah Murah di Lumbung Berasnya Bali Mulai Rp 140 Jutaan I,2023-05-23T07:00:00.000Z,"Kabupaten Tabanan, Bali, Indonesia","10 Rumah Murah di Lumbung Berasnya Bali, Mulai Rp 140 Jutaan (I) - Kompas.com","JAKARTA, KOMPAS.com - Berbeda dengan daerah lain di Bali, Kabupaten Tabanan memiliki keunikan tersendiri.
Kabupaten ini memiliki potensi unggulan di bidang pertanian. Bahkan Kabupaten Tabanan juga dikenal sebagai Lumbung Berasnya Bali.
Selain hamparan sawah, Tabanan juga menyediakan sederet pilihan rumah murah yang terdaftar dalam Sistem Informasi Kumpulan Pengembang (Sikumbang).
Bagi Anda yang tengah mencari rumah murah di Tabanan, berikut sejumlah pilihannya:
1.","BCA Land Kerambitan Tabanan
Perumahan ini berlokasi di Sembung Gede, Kerambitan, Kabupaten Tabanan yang dikembangkan oleh PT Bumi Cempaka Asri.
Tersedia 107 rumah murah dengan 358 unit lain terjual seharga Rp 168 juta untuk luas bangunan 27 meter persegi dan luas lahan 60 meter persegi.




2. Permata Kencana Residence
Dikembangkan oleh PT Krisna Genta Winangun, perumahan ini berlokasi di Bongan, Tabanan, Kabupaten Tabanan.
Terdapat 6 unit rumah subsidi dengan 39 lainnya terjual seharga Rp 168 juta untuk luas bangunan 30 meter persegi dan luas lahan 60 meter persegi.
Baca juga: Dengan Gaji Berapa Rumah Subsidi Bisa Dibeli?3.","Pada Hari Selasa , 23 Mei 2023 07:00, Tabanan, Tabanan, Bali

JAKARTA, KOMPAS.com - Berbeda dengan daerah lain di Bali, Kabupaten Tabanan memiliki keunikan tersendiri.
Kabupaten ini memiliki potensi unggulan di bidang pertanian. Bahkan Kabupaten Tabanan juga dikenal sebagai Lumbung Berasnya Bali.
Selain hamparan sawah, Tabanan juga menyediakan sederet pilihan rumah murah yang terdaftar dalam Sistem Informasi Kumpulan Pengembang (Sikumbang).
Bagi Anda yang tengah mencari rumah murah di Tabanan, berikut sejumlah pilihannya:
1. BCA Land Kerambitan Tabanan
Perumahan ini berlokasi di Sembung Gede, Kerambitan, Kabupaten Tabanan yang dikembangkan oleh PT Bumi Cempaka Asri.
Tersedia 107 rumah murah dengan 358 unit lain terjual seharga Rp 168 juta untuk luas bangunan 27 meter persegi dan luas lahan 60 meter persegi.




2. Permata Kencana Residence
Dikembangkan oleh PT Krisna Genta Winangun, perumahan ini berlokasi di Bongan, Tabanan, Kabupaten Tabanan.
Terdapat 6 unit rumah subsidi dengan 39 lainnya terjual seharga Rp 168 juta untuk luas bangunan 30 meter persegi dan luas lahan 60 meter persegi.
Baca juga: Dengan Gaji Berapa Rumah Subsidi Bisa Dibeli?3. Perumahan Taman Indah Lestari
Berlokasi di Kukuh, Kerambitan, Kabupaten Tabanan, perumahan ini dikembangkan oleh PT Puri Gita Asri.
Tersisa 23 unit rumah murah dengan 26 unit lain terjual seharga Rp 148,5 juta untuk luas bangunan 30 meter persegi dan luas lahan 60 meter persegi.
4. Satya Graha Residence
Perumahan ini dikembangkan oleh PT Lastia Sinar Cemerlang yang berlokasi di Batuaji, Kerambitan, Kabupaten Tabanan.Masih tersedia 10 rumah subsidi dengan 5 unit lain terjual seharga Rp 168 juta untuk luas bangunan 27 meter persegi dan luas lahan 60 meter persegi.
5. Taman Tirta Residence
Perumahan ini berlokasi di Nyitdah, Kediri, Kabupaten Tabanan yang dikembangkan oleh PT Krisna Genta Winangun.
Tersisa 11 rumah murah dengan 85 lain terjual seharga Rp 168 juta untuk luas bangunan 30 meter persegi dan luas lahan 60 meter persegi.
Bersambung
    
        Bayangkan seorang anak Indonesia bercita-cita menjadi dokter tetapi hanya memiliki satu buku lusuh untuk belajar. Bersama Ekspedisi Kata ke Nyata Kompas.com, Anda bisa membantu mengubah kisah itu. Mari hadirkan akses literasi bagi anak-anak di berbagai pelosok Indonesia melalui donasi lewat tautan https://bit.ly/JagatLiterasi2026. Setiap kebaikan yang Anda berikan bukan hanya membuka jendela pengetahuan, tetapi juga membuka masa depan mereka.",Kompas.com,"Dajan Peken, 82114, Tabanan, Tabanan, Bali, Indonesia",-8.536609490935,115.13552944186335,5,"2, 7","kejaksaan, kejatibali, kejaritabanan, tabanan, news"
Foto Warga Tabanan Syok Terbangun dari Tidur Ada King Kobra Sembunyi di Bawah Kasur,2026-09-28T15:49:03.000Z,"Kabupaten Tabanan, Bali, Indonesia","Foto : Warga Tabanan Syok Terbangun dari Tidur, Ada King Kobra Sembunyi di Bawah Kasur - Kompas.com","Yayasan Reptil Asih Tabanan saat mengevakuasi ular king kobra di Desa Batu Aji, Kecamatan Kerambitan, Tabanan, Bali, Senin (28/9/2026).(Yayasan Reptil Asih.).",,"Pada Hari Senin , 28 September 2026 15:49, Tabanan, Tabanan, Bali

Yayasan Reptil Asih Tabanan saat mengevakuasi ular king kobra di Desa Batu Aji, Kecamatan Kerambitan, Tabanan, Bali, Senin (28/9/2026).(Yayasan Reptil Asih.)",Kompas.com,"Dajan Peken, 82114, Tabanan, Tabanan, Bali, Indonesia",-8.536609490935,115.13552944186335,5,"2, 7","kejaksaan, kejatibali, kejaritabanan, tabanan, news"
Wisata ke Tanah Lot Bali Melihat Sunset hingga Ular Suci,2021-09-10T07:00:00.000Z,"Kabupaten Tabanan, Bali, Indonesia","Wisata ke Tanah Lot Bali, Melihat Sunset hingga Ular Suci - Kompas.com","KOMPAS.com - Banyak Pura di Bali tidak hanya digunakan sebagai tempat ibadah, tetapi juga sebagai tempat berwisata.
itu karena masing-masing pura di Bali memiliki ciri khas dan keindahan panorama alam yang berbeda.Salah satunya adalah pura Tanah Lot atau yang biasa dikenal dengan nama Daerah Tempat Wisata (DTW) Tanah Lot.
Baca juga: Tanah Lot dan Pantai Pandawa, Favorit Turis Saat Bali Buka Kembali
Pura ini memiliki keunikan, yaitu berada di tepi laut. Wisatawan juga dapat menikmati beberapa aktivitas wisata selama berkunjung ke Tanah Lot.
Aktivitas wisata di Tanah Lot
Selain Pura Luhur Tanah Lot, di Daerah Tempat Wisata (DTW) Tanah Lot juga terdapat beberapa pura lain seperti Pura Pakendungan dan Penataran.




Setelah mengunjungi pura-pura, wisatawan bisa menuju beberapa tempat menarik lainnya seperti Air Suci yang terletak berdekatan dengan Pura Luhur Tanah Lot.Bagian Promosi Daerah Tempat Wisata Tanah Lot, Tiang Kadek Niti menjelasan bahwa air suci ini diyakini dapat mengusir aura negatif dalam diri dan menyembuhkan penyakit.
""Biasanya pengunjung meminta air suci ini untuk membasuh muka, tetapi hal ini kembali lagi ke keyakinan masing-masing"" kata dia pada Kompas.com (9/09/2021).

Di depan Pura Luhur Tanah Lot juga terdapat ular suci yang dipercaya sebagai penjaga kawasan dari hal buruk.","Banyak wisatawan yang mengunjungi ular suci ini untuk bisa memegangnya.
Tanah Lot juga terkenal akan pemandangan matahari terbenam atau sunset nya yang indah. Untuk menyaksikan matahari terbenam, wisatawan dapat menuju ke Sunset Terrace yang terletak di sebrang Pura Luhur Tanah Lot.Baca juga: Ini Waktu Kunjungan Terbaik ke Merbabu View & Cafe, Bisa Lihat Sunset
""Tempat ini sangat strategis untuk menikmati sunset dan disini juga terdapat banyak warung makan yang memanjakan lidah"" lanjut Tiang Kadek Niti.
Selain Sunset Terrace, wisatawan juga dapat menikmati sunset dan berfoto di area taman Enjung Galuh.
Berada di kawasan laut, wisatawan tentu bisa bermain di pantai yang berada Daerah Tempat Wisata Tanah Lot yaitu pantai Batu Bolong dan pantai Batu Mejan.
PIXABAY/DEZALB Tanah Lot""Pantai Batu Bolong terletak di sebelah barat Pura Luhur Tanah Lot, untuk menuju pantai ini harus menyusuri jalan turun.","Pada Hari Jumat , 10 September 2021 07:00, Tabanan, Tabanan, Bali

KOMPAS.com - Banyak Pura di Bali tidak hanya digunakan sebagai tempat ibadah, tetapi juga sebagai tempat berwisata.
itu karena masing-masing pura di Bali memiliki ciri khas dan keindahan panorama alam yang berbeda.Salah satunya adalah pura Tanah Lot atau yang biasa dikenal dengan nama Daerah Tempat Wisata (DTW) Tanah Lot.
Baca juga: Tanah Lot dan Pantai Pandawa, Favorit Turis Saat Bali Buka Kembali
Pura ini memiliki keunikan, yaitu berada di tepi laut. Wisatawan juga dapat menikmati beberapa aktivitas wisata selama berkunjung ke Tanah Lot.
Aktivitas wisata di Tanah Lot
Selain Pura Luhur Tanah Lot, di Daerah Tempat Wisata (DTW) Tanah Lot juga terdapat beberapa pura lain seperti Pura Pakendungan dan Penataran.




Setelah mengunjungi pura-pura, wisatawan bisa menuju beberapa tempat menarik lainnya seperti Air Suci yang terletak berdekatan dengan Pura Luhur Tanah Lot.Bagian Promosi Daerah Tempat Wisata Tanah Lot, Tiang Kadek Niti menjelasan bahwa air suci ini diyakini dapat mengusir aura negatif dalam diri dan menyembuhkan penyakit.
""Biasanya pengunjung meminta air suci ini untuk membasuh muka, tetapi hal ini kembali lagi ke keyakinan masing-masing"" kata dia pada Kompas.com (9/09/2021).

Di depan Pura Luhur Tanah Lot juga terdapat ular suci yang dipercaya sebagai penjaga kawasan dari hal buruk. Banyak wisatawan yang mengunjungi ular suci ini untuk bisa memegangnya.
Tanah Lot juga terkenal akan pemandangan matahari terbenam atau sunset nya yang indah. Untuk menyaksikan matahari terbenam, wisatawan dapat menuju ke Sunset Terrace yang terletak di sebrang Pura Luhur Tanah Lot.Baca juga: Ini Waktu Kunjungan Terbaik ke Merbabu View & Cafe, Bisa Lihat Sunset
""Tempat ini sangat strategis untuk menikmati sunset dan disini juga terdapat banyak warung makan yang memanjakan lidah"" lanjut Tiang Kadek Niti.
Selain Sunset Terrace, wisatawan juga dapat menikmati sunset dan berfoto di area taman Enjung Galuh.
Berada di kawasan laut, wisatawan tentu bisa bermain di pantai yang berada Daerah Tempat Wisata Tanah Lot yaitu pantai Batu Bolong dan pantai Batu Mejan.
PIXABAY/DEZALB Tanah Lot""Pantai Batu Bolong terletak di sebelah barat Pura Luhur Tanah Lot, untuk menuju pantai ini harus menyusuri jalan turun. Kalau pantai Batu Mejan, ada di sebelah barat pantai Batu Bolong, tapi jika ombak pasang tidak disarankan untuk ke dua pantai ini"" ujar Tiang Kadek Niti.
Setelah puas berwisata, pengunjung bisa menikmati kuliner warung tradisional sampai restoran di kawasan DTW Tanah Lot. Kuliner yang terkenal di Daerah Tempat Wisata Tanah Lot antara lain rujak, tipat cantok, serta kue klepon.
Pengunjung juga dapat berbelanja beragam varian suvenir di pasar seni yang berada di kawasan Tanah Lot.
Rute dan Harga Tiket Tanah Lot
Tanah Lot terletak di Desa Beraban, Kecamatan Kediri, Kabupaten Tabanan atau sekitar 15 kilometer (km) dari Kota Tabanan.
Baca juga: Pantai Padang Betuah Bengkulu, Tempat Wisata yang Mirip Tanah Lot Bali
Untuk menuju Tanah Lot dari Kota Denpasar, kamu bisa menempuh jarak sekitar 20 kilometer (km) atau sekitaar 50 menit perjalanan melalui daerah Kerobokan lalu melewati Canggu dan Munggu.
Biaya masuk ke Tanah Lot mulai dari Rp 15.000 untuk anak domestik, Rp 20.000 untuk dewasa domestik dan untuk wisatawan mancanegara dikenakan biaya mulai Rp 30.000 hingga Rp 60.000.
    
        Bayangkan seorang anak Indonesia bercita-cita menjadi dokter tetapi hanya memiliki satu buku lusuh untuk belajar. Bersama Ekspedisi Kata ke Nyata Kompas.com, Anda bisa membantu mengubah kisah itu. Mari hadirkan akses literasi bagi anak-anak di berbagai pelosok Indonesia melalui donasi lewat tautan https://bit.ly/JagatLiterasi2026. Setiap kebaikan yang Anda berikan bukan hanya membuka jendela pengetahuan, tetapi juga membuka masa depan mereka.",Kompas.com,"Dajan Peken, 82114, Tabanan, Tabanan, Bali, Indonesia",-8.536609490935,115.13552944186335,5,"2, 7","kejaksaan, kejatibali, kejaritabanan, tabanan, news"
4 Pendaki Tersesat di Gunung Batukaru Tabanan Basarnas Lakukan Pencarian,2025-06-30T07:00:00.000Z,"Kabupaten Tabanan, Bali, Indonesia","4 Pendaki Tersesat di Gunung Batukaru Tabanan, Basarnas Lakukan Pencarian - Kompas.com","TABANAN, KOMPAS.com - Empat orang pendaki tersesat saat mendaki Gunung Batukaru di Kecamatan Penebel, Kabupaten Tabanan, Provinsi Bali, Senin (30/6/2025).
Kepala Basarnas Bali, I Nyoman Sidakarya menyampaikan, rombongan pendaki itu berangkat pada Minggu (29/6/2025) sekitar pukul 04.30 Wita dari Kota Denpasar.Petugas siaga Basarnas Bali menerima informasi dari orangtua salah satu pendaki yang bernama Ketut Ganes pada pukul 02.15 Wita.
""Ibunya melaporkan bahwa anaknya berpamitan untuk melakukan pendakian di Gunung Batukaru bersama tiga teman lainnya, satu orang pria dan dua orang wanita,"" ujarnya, Senin.
Baca juga: Lumba-lumba Mati Terdampar di Pesisir Jembrana Bali, Ada Mata Kail Besar Tersangkut di Mulutnya
Orangtua salah satu pendaki itu sempat berkontak dengan pendaki pada Minggu pukul 11.00 Wita melalui telepon genggam.




Namun, selanjutnya sudah tidak bisa lagi dihubungi.
Baca juga: Kronologi Pendaki Malaysia Jatuh di Gunung Rinjani, Terungkap Penyebabnya
Menurut informasi, keempatnya memulai pendakian dari jalur Pujungan. Tim SAR menemukan motor mereka terparkir di area tersebut.Tim SAR gabungan kemudian melakukan pencarian terhadap empat orang pendaki tersebut.
Enam orang personel Tim Rescue Pos Pencarian dan Pertolongan Buleleng berangkat menuju Batukaru pada Senin dini hari pukul 02.30 Wita.
Koordinasi juga dilakukan dengan BPBD Kabupaten Tabanan, Polsek Pupuan dan pemandu lokal.
Pada pukul 04.05 Wita, tim SAR gabungan sudah sampai di Pura Siwa, Desa Pujungan.","Setelah persiapan personel dan peralatan SAR, pendakian dimulai pada pukul 04.45 Wita.
Pagi ini, kurang lebih pukul 07.40 Wita, diterima informasi dari pihak keluarga, bahwa keempat pendaki itu dipastikan tersesat.
""Target kembali bisa dihubungi dan mengatakan bahwa mereka ada di daerah Wanagiri Kauh dan rencananya akan kembali ke Pujungan,"" imbuh dia.
""Korban tersesat atas nama Ketut Ganes sudah berada di Pujungan pada pukul 08.10 Wita. Sementara 3 teman lainnya berada di Sari Bhuana menunggu penjemputan,"" tutupnya.


    
        Bayangkan seorang anak Indonesia bercita-cita menjadi dokter tetapi hanya memiliki satu buku lusuh untuk belajar.","Pada Hari Senin , 30 Juni 2025 07:00, Tabanan, Tabanan, Bali

TABANAN, KOMPAS.com - Empat orang pendaki tersesat saat mendaki Gunung Batukaru di Kecamatan Penebel, Kabupaten Tabanan, Provinsi Bali, Senin (30/6/2025).
Kepala Basarnas Bali, I Nyoman Sidakarya menyampaikan, rombongan pendaki itu berangkat pada Minggu (29/6/2025) sekitar pukul 04.30 Wita dari Kota Denpasar.Petugas siaga Basarnas Bali menerima informasi dari orangtua salah satu pendaki yang bernama Ketut Ganes pada pukul 02.15 Wita.
""Ibunya melaporkan bahwa anaknya berpamitan untuk melakukan pendakian di Gunung Batukaru bersama tiga teman lainnya, satu orang pria dan dua orang wanita,"" ujarnya, Senin.
Baca juga: Lumba-lumba Mati Terdampar di Pesisir Jembrana Bali, Ada Mata Kail Besar Tersangkut di Mulutnya
Orangtua salah satu pendaki itu sempat berkontak dengan pendaki pada Minggu pukul 11.00 Wita melalui telepon genggam.




Namun, selanjutnya sudah tidak bisa lagi dihubungi.
Baca juga: Kronologi Pendaki Malaysia Jatuh di Gunung Rinjani, Terungkap Penyebabnya
Menurut informasi, keempatnya memulai pendakian dari jalur Pujungan. Tim SAR menemukan motor mereka terparkir di area tersebut.Tim SAR gabungan kemudian melakukan pencarian terhadap empat orang pendaki tersebut.
Enam orang personel Tim Rescue Pos Pencarian dan Pertolongan Buleleng berangkat menuju Batukaru pada Senin dini hari pukul 02.30 Wita.
Koordinasi juga dilakukan dengan BPBD Kabupaten Tabanan, Polsek Pupuan dan pemandu lokal.
Pada pukul 04.05 Wita, tim SAR gabungan sudah sampai di Pura Siwa, Desa Pujungan. Setelah persiapan personel dan peralatan SAR, pendakian dimulai pada pukul 04.45 Wita.
Pagi ini, kurang lebih pukul 07.40 Wita, diterima informasi dari pihak keluarga, bahwa keempat pendaki itu dipastikan tersesat.
""Target kembali bisa dihubungi dan mengatakan bahwa mereka ada di daerah Wanagiri Kauh dan rencananya akan kembali ke Pujungan,"" imbuh dia.
""Korban tersesat atas nama Ketut Ganes sudah berada di Pujungan pada pukul 08.10 Wita. Sementara 3 teman lainnya berada di Sari Bhuana menunggu penjemputan,"" tutupnya.


    
        Bayangkan seorang anak Indonesia bercita-cita menjadi dokter tetapi hanya memiliki satu buku lusuh untuk belajar. Bersama Ekspedisi Kata ke Nyata Kompas.com, Anda bisa membantu mengubah kisah itu. Mari hadirkan akses literasi bagi anak-anak di berbagai pelosok Indonesia melalui donasi lewat tautan https://bit.ly/JagatLiterasi2026. Setiap kebaikan yang Anda berikan bukan hanya membuka jendela pengetahuan, tetapi juga membuka masa depan mereka.",Kompas.com,"Dajan Peken, 82114, Tabanan, Tabanan, Bali, Indonesia",-8.536609490935,115.13552944186335,5,"2, 7","kejaksaan, kejatibali, kejaritabanan, tabanan, news"
Perumda Dharma Santika Jalin Kerja Sama dengan Mariot Group Memasok Hasil Bumi dan Produk UMKM Lokal,2024-07-31T07:00:00.000Z,"Kabupaten Tabanan, Bali, Indonesia",Perumda Dharma Santika Jalin Kerja Sama dengan Mariot Group Memasok Hasil Bumi dan Produk UMKM Lokal - Kompas.com,"KOMPAS.com - Adanya kerja sama yang terjalin antara Perumda Dharma Santika Tabanan dengan Mariot Grup membawa kepastian bagi Usaha Mikro, Kecil, dan Menengah (UMKM), petani, dan peternak terkait penyerapan hasil bumi dan produk yang dihasilkan di daerah itu.
Sekretaris Daerah Kabupaten Tabanan I Gede Susila mengatakan, dengan adanya pasar atau permintaan dari hotel bintang lima dan juga pasar internasional, hasil pertanian, peternakan, serta UMKM dengan cepat terserap.
""Inisiasi kerja sama Perumda Dharma Santika dengan Mariot Group internasional ini sudah luar biasa dampaknya, tidak menimbulkan keraguan bagi para petani kita di Tabanan, karena mampu menembus pasar internasional,"" katanya saat penandatanganan Memorandum of Understanding (MOU) antara Perumda Dharma Santika dan Marriot Group, di Badung, Bali, Rabu (31/7/2024).Baca juga: Panitia Pastikan Stan untuk UMKM di PON 2024 Gratis
Namun demikian, kerja sama tersebut harus membuat para petani, peternak, dan pelaku UMKM berkomitmen memiliki standar dan kualitas terbaik, agar kerja sama tersebut dapat berjalan dengan baik.
“Jangan sampai kerja sama tersebut akan berakhir kurang baik, karena alasan pasokan produksi yang tersendat-sendat, kualitas produksi yang tidak sesuai dengan standar ataupun hal lainnya,” I Gede Susila seperti dikutp dari Antara.




Pemerintah daerah Kabupaten Tabanan, kata dia, akan senantiasa mendorong para pelaku usaha untuk memperluas jaringan usahanya, melalui perusahaan milik daerah untuk mewujudkan Tabanan Era Baru.
Sementara itu, Direktur Perumda Dharma Santika Kabupaten Tabanan Kompyang Pasek Wedha menyatakan, kolaborasi dengan Mariot Grup bertujuan untuk memperkuat sinergi antara kedua belah pihak dalam berbagai bidang, terutama dalam mendukung pemasaran dan pemanfaatan produk pertanian, perikanan, dan industri lokal Bali dengan tagline ""By Bali, For Bali.""
Sehubungan dengan inisiatif Marriott Group Internasional, yang terdiri dari 27 hotel yang tersebar di seluruh Bali, kegiatan ini bertujuan untuk memperkuat dan mendukung rantai pasok nilai lokal serta meningkatkan pemberdayaan UMKM, peternak, dan petani di Bali, khususnya di Kabupaten Tabanan.
""Kami menyuplai 7,5 ton hingga 10 ton beras per bulan, telur 6.000-8.000 per hari, itu belum optimal dari potensi 25.000 butir telur per hari. Untuk sayur masih fluktuatif,"" paparnya.
Lebih lanjut ia mengatakan, penandatanganan perjanjian kerja sama tersebut membuka lebih banyak petani dan peternak, serta UMKM untuk menyuplai daging ayam, buah-buahan, ikan, dupa, suvenir, makanan ringan ringan dan juga hasil kerajinan dan hasil bumi lainnya.Baca juga: Perkuat UMKM, Kota Batu Didorong Punya Rumah Kurasi dan Rumah Vokasi
Dia menjelaskan, komitmen berkelanjutan dari Marriott Group Internasional dan Perumda Dharma Santika setelah MOU yang telah ditandatangani sebelumnya pada 30 November 2021 lalu, merupakan langkah strategis untuk meningkatkan kolaborasi antara sektor industri perhotelan dan sektor-sektor ekonomi lokal guna memberikan manfaat yang lebih besar bagi masyarakat, serta mendorong pertumbuhan ekonomi yang berkelanjutan di wilayah Tabanan.
Hal tersebut sejalan dengan Peraturan Gubernur Bali Nomor 99 Tahun 2018 tentang Pemasaran dan Pemanfaatan Produk Pertanian, Perikanan, dan Industri Lokal Bali yang isinya mendorong penggunaan produk-produk lokal Bali dalam berbagai sektor industri dan meningkatkan kesejahteraan petani, nelayan, serta pelaku industri lokal.
""Kolaborasi ini diharapkan dapat memberikan dampak positif terhadap pertumbuhan ekonomi lokal dan menciptakan peluang baru bagi para pelaku usaha di Bali,"" katanya.
Sementara itu, Ramesh Jackson, Area Vice President Indonesia & Malaysia Marriott Internasional mengatakan Marriot Group, sebagai salah satu grup hotel internasional terkemuka, berkomitmen untuk mendukung produk-produk lokal Bali dalam operasional hotelnya di seluruh dunia.
Hal ini akan memberikan dampak signifikan terhadap peningkatan penjualan produk UMKM, sekaligus memberikan kesempatan bagi petani dan nelayan lokal untuk memasarkan produk mereka dengan lebih luas.
Dia mengatakan, Marriot Group Internasional berencana untuk memprioritaskan produk-produk lokal dalam kebutuhan hotelnya, termasuk bahan makanan, kerajinan tangan, dan produk lainnya.
Hal ini tidak hanya membantu meningkatkan pendapatan para pelaku UMKM, tetapi juga memberikan kesempatan bagi mereka untuk meningkatkan kualitas produk dan daya saing di pasar global.
Baca juga: Dorong Ekspor, Bea Cukai Jayapura Ajak Pelaku UMKM Manfaatkan Klinik Ekspor
    
        Bayangkan seorang anak Indonesia bercita-cita menjadi dokter tetapi hanya memiliki satu buku lusuh untuk belajar.","Bersama Ekspedisi Kata ke Nyata Kompas.com, Anda bisa membantu mengubah kisah itu. Mari hadirkan akses literasi bagi anak-anak di berbagai pelosok Indonesia melalui donasi lewat tautan https://bit.ly/JagatLiterasi2026.","Pada Hari Rabu , 31 Juli 2024 07:00, Tabanan, Tabanan, Bali

KOMPAS.com - Adanya kerja sama yang terjalin antara Perumda Dharma Santika Tabanan dengan Mariot Grup membawa kepastian bagi Usaha Mikro, Kecil, dan Menengah (UMKM), petani, dan peternak terkait penyerapan hasil bumi dan produk yang dihasilkan di daerah itu.
Sekretaris Daerah Kabupaten Tabanan I Gede Susila mengatakan, dengan adanya pasar atau permintaan dari hotel bintang lima dan juga pasar internasional, hasil pertanian, peternakan, serta UMKM dengan cepat terserap.
""Inisiasi kerja sama Perumda Dharma Santika dengan Mariot Group internasional ini sudah luar biasa dampaknya, tidak menimbulkan keraguan bagi para petani kita di Tabanan, karena mampu menembus pasar internasional,"" katanya saat penandatanganan Memorandum of Understanding (MOU) antara Perumda Dharma Santika dan Marriot Group, di Badung, Bali, Rabu (31/7/2024).Baca juga: Panitia Pastikan Stan untuk UMKM di PON 2024 Gratis
Namun demikian, kerja sama tersebut harus membuat para petani, peternak, dan pelaku UMKM berkomitmen memiliki standar dan kualitas terbaik, agar kerja sama tersebut dapat berjalan dengan baik.
“Jangan sampai kerja sama tersebut akan berakhir kurang baik, karena alasan pasokan produksi yang tersendat-sendat, kualitas produksi yang tidak sesuai dengan standar ataupun hal lainnya,” I Gede Susila seperti dikutp dari Antara.




Pemerintah daerah Kabupaten Tabanan, kata dia, akan senantiasa mendorong para pelaku usaha untuk memperluas jaringan usahanya, melalui perusahaan milik daerah untuk mewujudkan Tabanan Era Baru.
Sementara itu, Direktur Perumda Dharma Santika Kabupaten Tabanan Kompyang Pasek Wedha menyatakan, kolaborasi dengan Mariot Grup bertujuan untuk memperkuat sinergi antara kedua belah pihak dalam berbagai bidang, terutama dalam mendukung pemasaran dan pemanfaatan produk pertanian, perikanan, dan industri lokal Bali dengan tagline ""By Bali, For Bali.""
Sehubungan dengan inisiatif Marriott Group Internasional, yang terdiri dari 27 hotel yang tersebar di seluruh Bali, kegiatan ini bertujuan untuk memperkuat dan mendukung rantai pasok nilai lokal serta meningkatkan pemberdayaan UMKM, peternak, dan petani di Bali, khususnya di Kabupaten Tabanan.
""Kami menyuplai 7,5 ton hingga 10 ton beras per bulan, telur 6.000-8.000 per hari, itu belum optimal dari potensi 25.000 butir telur per hari. Untuk sayur masih fluktuatif,"" paparnya.
Lebih lanjut ia mengatakan, penandatanganan perjanjian kerja sama tersebut membuka lebih banyak petani dan peternak, serta UMKM untuk menyuplai daging ayam, buah-buahan, ikan, dupa, suvenir, makanan ringan ringan dan juga hasil kerajinan dan hasil bumi lainnya.Baca juga: Perkuat UMKM, Kota Batu Didorong Punya Rumah Kurasi dan Rumah Vokasi
Dia menjelaskan, komitmen berkelanjutan dari Marriott Group Internasional dan Perumda Dharma Santika setelah MOU yang telah ditandatangani sebelumnya pada 30 November 2021 lalu, merupakan langkah strategis untuk meningkatkan kolaborasi antara sektor industri perhotelan dan sektor-sektor ekonomi lokal guna memberikan manfaat yang lebih besar bagi masyarakat, serta mendorong pertumbuhan ekonomi yang berkelanjutan di wilayah Tabanan.
Hal tersebut sejalan dengan Peraturan Gubernur Bali Nomor 99 Tahun 2018 tentang Pemasaran dan Pemanfaatan Produk Pertanian, Perikanan, dan Industri Lokal Bali yang isinya mendorong penggunaan produk-produk lokal Bali dalam berbagai sektor industri dan meningkatkan kesejahteraan petani, nelayan, serta pelaku industri lokal.
""Kolaborasi ini diharapkan dapat memberikan dampak positif terhadap pertumbuhan ekonomi lokal dan menciptakan peluang baru bagi para pelaku usaha di Bali,"" katanya.
Sementara itu, Ramesh Jackson, Area Vice President Indonesia & Malaysia Marriott Internasional mengatakan Marriot Group, sebagai salah satu grup hotel internasional terkemuka, berkomitmen untuk mendukung produk-produk lokal Bali dalam operasional hotelnya di seluruh dunia.
Hal ini akan memberikan dampak signifikan terhadap peningkatan penjualan produk UMKM, sekaligus memberikan kesempatan bagi petani dan nelayan lokal untuk memasarkan produk mereka dengan lebih luas.
Dia mengatakan, Marriot Group Internasional berencana untuk memprioritaskan produk-produk lokal dalam kebutuhan hotelnya, termasuk bahan makanan, kerajinan tangan, dan produk lainnya.
Hal ini tidak hanya membantu meningkatkan pendapatan para pelaku UMKM, tetapi juga memberikan kesempatan bagi mereka untuk meningkatkan kualitas produk dan daya saing di pasar global.
Baca juga: Dorong Ekspor, Bea Cukai Jayapura Ajak Pelaku UMKM Manfaatkan Klinik Ekspor
    
        Bayangkan seorang anak Indonesia bercita-cita menjadi dokter tetapi hanya memiliki satu buku lusuh untuk belajar. Bersama Ekspedisi Kata ke Nyata Kompas.com, Anda bisa membantu mengubah kisah itu. Mari hadirkan akses literasi bagi anak-anak di berbagai pelosok Indonesia melalui donasi lewat tautan https://bit.ly/JagatLiterasi2026. Setiap kebaikan yang Anda berikan bukan hanya membuka jendela pengetahuan, tetapi juga membuka masa depan mereka.",Kompas.com,"Dajan Peken, 82114, Tabanan, Tabanan, Bali, Indonesia",-8.536609490935,115.13552944186335,5,"2, 7","kejaksaan, kejatibali, kejaritabanan, tabanan, news"
Mengenal Nomor Sertipikat Elektronik dan Makna di Dalamnya Upaya Kantah Tabanan Wujudkan Tertib Administrasi Pertanahan,2026-09-25T07:00:00.000Z,"Kabupaten Tabanan, Bali, Indonesia",Mengenal Nomor Sertipikat Elektronik dan Makna di Dalamnya: Upaya Kantah Tabanan Wujudkan Tertib Administrasi Pertanahan - https://suryaindonesia.net/,"403 Forbidden
Request forbidden by administrative rules..",,"Pada Hari Jumat , 25 September 2026 07:00, Tabanan, Tabanan, Bali

403 Forbidden
Request forbidden by administrative rules.",https://suryaindonesia.net/,"Dajan Peken, 82114, Tabanan, Tabanan, Bali, Indonesia",-8.536609490935,115.13552944186335,5,"2, 7","kejaksaan, kejatibali, kejaritabanan, tabanan, news"
Kejari Tabanan Lakukan Pemusnahan Barang Bukti Kasus Narkotika,2026-10-07T09:08:27.000Z,"Kabupaten Tabanan, Bali, Indonesia",Kejari Tabanan Lakukan Pemusnahan Barang Bukti Kasus Narkotika - BALIPOST.com,"Pemusnahan barang bukti di Kejari Tabanan, Rabu (7/10). (BP/istimewa)SINGASANA, BALIPOST.com – Kejaksaan Negeri Tabanan memusnahkan barang bukti dari 38 perkara tindak pidana umum yang telah berkekuatan hukum tetap (inkracht) pada Semester II Tahun 2026, Rabu (7/10).","Dari jumlah tersebut, 25 perkara atau sebagian besar merupakan kasus narkotika. Pemusnahan berlangsung di Kantor Kejaksaan Negeri Tabanan dan dihadiri Wakil Bupati Tabanan I Made Dirga yang mewakili Bupati Tabanan.Kegiatan tersebut turut disaksikan pelajar dan guru dari SMA Negeri 1 Kediri, SMP Negeri 1 Kediri, serta SMP Negeri 2 Tabanan.","Pada Hari Rabu , 7 Oktober 2026 09:08, Tabanan, Tabanan, Bali

Pemusnahan barang bukti di Kejari Tabanan, Rabu (7/10). (BP/istimewa)SINGASANA, BALIPOST.com – Kejaksaan Negeri Tabanan memusnahkan barang bukti dari 38 perkara tindak pidana umum yang telah berkekuatan hukum tetap (inkracht) pada Semester II Tahun 2026, Rabu (7/10). Dari jumlah tersebut, 25 perkara atau sebagian besar merupakan kasus narkotika. Pemusnahan berlangsung di Kantor Kejaksaan Negeri Tabanan dan dihadiri Wakil Bupati Tabanan I Made Dirga yang mewakili Bupati Tabanan.Kegiatan tersebut turut disaksikan pelajar dan guru dari SMA Negeri 1 Kediri, SMP Negeri 1 Kediri, serta SMP Negeri 2 Tabanan. Tujuannya, untuk memberikan edukasi langsung pada pelajar mengenai bahaya penyalahgunaan narkoba.Kepala Kejaksaan Negeri Tabanan Medie, S.H., M.H., menjelaskan, dari 38 perkara yang barang buktinya dimusnahkan, selain 25 perkara narkotika, terdapat 7 perkara pencurian, 3 perkara kesusilaan, 2 perkara penipuan/penggelapan, dan 1 perkara karantina hewan. Menurut Medie, pemusnahan barang bukti merupakan bagian dari pelaksanaan putusan pengadilan yang telah berkekuatan hukum tetap. Langkah tersebut sekaligus untuk mencegah barang bukti kembali disalahgunakan.“Pemusnahan barang bukti memiliki tujuan utama untuk memastikan barang rampasan atau bukti kejahatan dimusnahkan sehingga mengurangi terjadinya penyalahgunaan kembali, sehingga dapat mewujudkan akuntabilitas dan keterbukaan informasi kepada publik,” tegasnya.Pelibatan pelajar dalam kegiatan tersebut, lanjut Medie, menjadi bagian dari edukasi hukum sekaligus tindak lanjut program Jaksa Masuk Sekolah. Ia berharap sinergi antara Kejaksaan Negeri Tabanan dan Pemkab Tabanan terus diperkuat sehingga penerangan hukum dan edukasi bahaya narkotika dapat menjangkau lebih banyak generasi muda.Sementara itu Wabup Dirga yang juga Ketua BNK Tabanan mengingatkan para pelajar agar tidak mudah terpengaruh lingkungan maupun bujuk rayu untuk mencoba narkotika.Menurutnya, masa remaja merupakan fase dengan rasa ingin tahu yang tinggi sehingga diperlukan pemahaman dan keberanian untuk menolak segala bentuk penyalahgunaan narkoba. Ia juga meminta pelajar tidak menutup mata jika mengetahui adanya teman atau lingkungan yang terindikasi terlibat narkoba. Informasi tersebut, kata dia, dapat disampaikan kepada BNK Tabanan untuk ditindaklanjuti, termasuk melalui upaya rehabilitasi. “Kalau ada teman yang terindikasi terlibat narkoba, jangan didiamkan. Informasikan kepada BNK Tabanan karena kita juga memiliki upaya rehabilitasi,” ujarnya.Dirga menegaskan, pencegahan penyalahgunaan narkotika membutuhkan keterlibatan bersama antara pelajar, sekolah, pemerintah, BNK, dan aparat penegak hukum. Karena itu, BNK Tabanan bersama lembaga terkait terus melakukan sosialisasi ke sekolah-sekolah di seluruh Kabupaten Tabanan. “Kami mohon kerja samanya, jangan sampai memakai dan jangan ragu menginformasikan jika ada hal-hal yang berkaitan dengan narkoba. BNK Tabanan akan terus melakukan sosialisasi dan pencegahan di sekolah-sekolah di seluruh Tabanan,” katanya.(Puspawati/balipost)",BALIPOST.com,"Dajan Peken, 82114, Tabanan, Tabanan, Bali, Indonesia",-8.536609490935,115.13552944186335,5,"2, 7","kejaksaan, kejatibali, kejaritabanan, tabanan, news"
Tips Wisata di The Beach Love Bali Jangan Lupa Cek Ramalan Cuaca,2021-11-29T08:00:00.000Z,"Kabupaten Tabanan, Bali, Indonesia","Tips Wisata di The Beach Love Bali, Jangan Lupa Cek Ramalan Cuaca - Kompas.com","KOMPAS.com - Menghabiskan waktu di kafe di pinggir pantai menjadi salah satu kegiatan yang patut dicoba, salah satunya di The Beach Love. 
Kafe yang menawarkan pemandangan pantai dan tebing ini terletak di Jalan Pantai Kedungu, Belalang, Kediri, Tabanan, Bali.The Beach Love menyediakan menu-menu Western dengan harga mulai dari Rp 15.000 per paket.
Baca juga: The Beach Love, Kafe Tempat Nikmati Panorama Pantai Cinta Kedungu Bali
""Warga setempat menyebut pantainya dengan nama Pantai Cinta Kedungu. Kalau The Beach Love sendiri adalah kafe yang kami kelola dengan konsep outdoor,"" ujar pengelola sekaligus pemilik The Beach Love, Budi, saat dihubungi Kompas.com, Sabtu (27/11/2021).
Ada beberapa hal yang perlu diketahui wisatawan sebelum berkunjung ke The Beach Love.","Berikut ini adalah beberapa tips yang telah dirangkum Kompas.com:




Melakukan reservasi
DOK. Instagram.com/rincee The Beach Love, Tabanan, Bali
The Beach Love didirikan pada 13 September 2020.","Pada Hari Senin , 29 November 2021 08:00, Tabanan, Tabanan, Bali

KOMPAS.com - Menghabiskan waktu di kafe di pinggir pantai menjadi salah satu kegiatan yang patut dicoba, salah satunya di The Beach Love. 
Kafe yang menawarkan pemandangan pantai dan tebing ini terletak di Jalan Pantai Kedungu, Belalang, Kediri, Tabanan, Bali.The Beach Love menyediakan menu-menu Western dengan harga mulai dari Rp 15.000 per paket.
Baca juga: The Beach Love, Kafe Tempat Nikmati Panorama Pantai Cinta Kedungu Bali
""Warga setempat menyebut pantainya dengan nama Pantai Cinta Kedungu. Kalau The Beach Love sendiri adalah kafe yang kami kelola dengan konsep outdoor,"" ujar pengelola sekaligus pemilik The Beach Love, Budi, saat dihubungi Kompas.com, Sabtu (27/11/2021).
Ada beberapa hal yang perlu diketahui wisatawan sebelum berkunjung ke The Beach Love. Berikut ini adalah beberapa tips yang telah dirangkum Kompas.com:




Melakukan reservasi
DOK. Instagram.com/rincee The Beach Love, Tabanan, Bali
The Beach Love didirikan pada 13 September 2020. Meski usianya baru setahun, kafe ini disebut ramai pengunjung, terutama pada akhir pekan dan hari libur.Oleh sebab itu, pengunjung dianjurkan melakukan reservasi terlebih dahulu sebelum mengunjungi The Beach Love.""Sebenarnya bisa langsung datang, tapi lebih baik booking dulu. Takutnya nanti penuh, apalagi kalau weekend,"" jelas Budi.
Reservasi dapat dilakukan secara daring dengan menghubungi nomor telepon yang tertera di akun Instagram The Beach Love.
Baca juga: 4 Aktivitas di The Beach Love Bali, Lihat Sunset Pantai Cinta Kedungu
Cek ramalan cuaca
Kafe The Beach Love berkonsep outdoor, sehingga sebagian besar areanya tidak beratap. Pemilihan ini bertujuan agar pengunjung dapat lebih leluasa menikmati pemandangan sekitar.
""Untuk saat ini kendalanya memang soal cuaca. Jika seharian hujan, kami terpaksa tutup,"" imbuh Budi.
Oleh sebab itu, pegunjung disarankan memeriksa ramalan cuaca sebelum mengunjungi The Beach Love.
Tidak hanya itu, mereka juga harus rajin mengecek media sosial The Beach Love karena kafe tersebut dapat tutup sewaktu-waktu jika cuaca tidak mendukung.
Baca juga: Dear Pemuda, Berani Coba 7 Aktivitas Ekstrem di Bali Berikut?
Datang pada musim kemarau
DOK. Instagram.com/the_beachlove The Beach Love, Tabanan, Bali",Kompas.com,"Dajan Peken, 82114, Tabanan, Tabanan, Bali, Indonesia",-8.536609490935,115.13552944186335,5,"2, 7","kejaksaan, kejatibali, kejaritabanan, tabanan, news"
Tabanan Arsip Page 600 of 600,2026-09-29T02:44:31.000Z,"Kabupaten Tabanan, Bali, Indonesia",Tabanan Arsip | Page 600 of 600 - BALIPOST.com,"Pemuda Ini Sewa Mobil Untuk Curi GabahTabanan Senin, 13 Maret 2017 | 17:22:04 TABANAN, BALIPOST.com – Berdalih untuk memenuhi kebutuhan hidup dan berfoya-foya, tiga pemuda hanya tamatan SMP asal desa Sangketan, kecamatan Penebel diciduk Polisi. Ketiganya diamankan,...Galian C Kelating Akhirnya Ditutup SementaraTabanan Kamis, 9 Maret 2017 | 16:44:04 TABANAN, BALIPOST.com – Sehari setelah Ombudsman Republik Indonesia (ORI) Bali turun mengusut ijin aktivitas galian C di desa Kelating, kecamatan Kerambitan, Kamis (9/3) giliran Kepala....",,"Pada Hari Selasa , 29 September 2026 02:44, Tabanan, Tabanan, Bali

Pemuda Ini Sewa Mobil Untuk Curi GabahTabanan Senin, 13 Maret 2017 | 17:22:04 TABANAN, BALIPOST.com – Berdalih untuk memenuhi kebutuhan hidup dan berfoya-foya, tiga pemuda hanya tamatan SMP asal desa Sangketan, kecamatan Penebel diciduk Polisi. Ketiganya diamankan,...Galian C Kelating Akhirnya Ditutup SementaraTabanan Kamis, 9 Maret 2017 | 16:44:04 TABANAN, BALIPOST.com – Sehari setelah Ombudsman Republik Indonesia (ORI) Bali turun mengusut ijin aktivitas galian C di desa Kelating, kecamatan Kerambitan, Kamis (9/3) giliran Kepala...",BALIPOST.com,"Dajan Peken, 82114, Tabanan, Tabanan, Bali, Indonesia",-8.536609490935,115.13552944186335,5,"2, 7","kejaksaan, kejatibali, kejaritabanan, tabanan, news"
Tabanan Arsip Page 597 of 597,2026-09-14T13:05:59.000Z,"Kabupaten Tabanan, Bali, Indonesia",Tabanan Arsip | Page 597 of 597 - BALIPOST.com,"Di Tabanan, Enam Bayi Lahir saat NyepiTabanan Kamis, 30 Maret 2017 | 08:58:39 TABANAN, BALIPOST.com - Pada Selasa (28/3), BRSU Tabanan mencatat setidaknya ada enam bayi lahir saat Nyepi. Tiga bayi lahir saat Nyepi secara normal sedangkan...Baru 348 Badan Usaha Swasta di Tabanan Ikut JKNTabanan Kamis, 30 Maret 2017 | 07:28:34 TABANAN, BALIPOST.com - Pemerintah menargetkan seluruh masyarakat Indonesia terdaftar sebagai anggota JKN (Jaminan Kesehatan Nasional) tahun 2019 mendatang.","Untuk itu salah satu pekerjaan rumah...Pemuda Aniaya Ibu kandungnya Saat NyepiTabanan Rabu, 29 Maret 2017 | 13:53:57 TABANAN, BALIPOST.com - Diduga gara-gara salah paham, seorang pemuda nekat menganiaya ibu kandungnya sendiri. Kini pemuda yang bernama I Gede Angra Arta Merta Sanjaya...Wisatawan Abadikan Melasti di Tanah LotTabanan Minggu, 26 Maret 2017 | 09:01:48 TABANAN, BALIPOST.com - Ritual penyucian jelang hari raya Nyepi, Melasti, rupanya menjadi daya tarik tersendiri bagi wisatawan di Tanah Lot, Kecamatan Kediri, Tabanan.","Pada Hari Senin , 14 September 2026 13:05, Tabanan, Tabanan, Bali

Di Tabanan, Enam Bayi Lahir saat NyepiTabanan Kamis, 30 Maret 2017 | 08:58:39 TABANAN, BALIPOST.com - Pada Selasa (28/3), BRSU Tabanan mencatat setidaknya ada enam bayi lahir saat Nyepi. Tiga bayi lahir saat Nyepi secara normal sedangkan...Baru 348 Badan Usaha Swasta di Tabanan Ikut JKNTabanan Kamis, 30 Maret 2017 | 07:28:34 TABANAN, BALIPOST.com - Pemerintah menargetkan seluruh masyarakat Indonesia terdaftar sebagai anggota JKN (Jaminan Kesehatan Nasional) tahun 2019 mendatang. Untuk itu salah satu pekerjaan rumah...Pemuda Aniaya Ibu kandungnya Saat NyepiTabanan Rabu, 29 Maret 2017 | 13:53:57 TABANAN, BALIPOST.com - Diduga gara-gara salah paham, seorang pemuda nekat menganiaya ibu kandungnya sendiri. Kini pemuda yang bernama I Gede Angra Arta Merta Sanjaya...Wisatawan Abadikan Melasti di Tanah LotTabanan Minggu, 26 Maret 2017 | 09:01:48 TABANAN, BALIPOST.com - Ritual penyucian jelang hari raya Nyepi, Melasti, rupanya menjadi daya tarik tersendiri bagi wisatawan di Tanah Lot, Kecamatan Kediri, Tabanan. Terbukti,...",BALIPOST.com,"Dajan Peken, 82114, Tabanan, Tabanan, Bali, Indonesia",-8.536609490935,115.13552944186335,5,"2, 7","kejaksaan, kejatibali, kejaritabanan, tabanan, news"
Tabanan Arsip Page 601 of 602,2026-09-30T11:24:18.000Z,"Kabupaten Tabanan, Bali, Indonesia",Tabanan Arsip | Page 601 of 602 - BALIPOST.com,"Ombudsman Usut Ijin Galian C di KelatingTabanan Rabu, 8 Maret 2017 | 16:29:08 TABANAN, BALIPOST.com – Status perijinan galian C di Desa Kelating, Kecamatan Kerambitan, yang diduga bodong rupanya mendapatkan perhatian serius dari Ombudsman Republik Indonesia (ORI)...Dedik Simpan Narkoba di Saku CelanaTabanan Rabu, 8 Maret 2017 | 15:58:34 TABANAN, BALIPOST.com – Anggota satuan narkoba menciduk I Made Ambara alias Dedik (27) di pertigaan jalan Padma, depan UD Manik Mulia, banjar Pande, Kediri,...Membandel, Puluhan PKL DitipiringTabanan Selasa, 7 Maret 2017 | 15:11:14 TABANAN, BALIPOST.com- Meski kerap dilakukan pembinaan oleh petugas buru dan sapa dari Satpol PP Tabanan, rupanya belum membuat efek jera bagi oknum para pedagang....",,"Pada Hari Rabu , 30 September 2026 11:24, Tabanan, Tabanan, Bali

Ombudsman Usut Ijin Galian C di KelatingTabanan Rabu, 8 Maret 2017 | 16:29:08 TABANAN, BALIPOST.com – Status perijinan galian C di Desa Kelating, Kecamatan Kerambitan, yang diduga bodong rupanya mendapatkan perhatian serius dari Ombudsman Republik Indonesia (ORI)...Dedik Simpan Narkoba di Saku CelanaTabanan Rabu, 8 Maret 2017 | 15:58:34 TABANAN, BALIPOST.com – Anggota satuan narkoba menciduk I Made Ambara alias Dedik (27) di pertigaan jalan Padma, depan UD Manik Mulia, banjar Pande, Kediri,...Membandel, Puluhan PKL DitipiringTabanan Selasa, 7 Maret 2017 | 15:11:14 TABANAN, BALIPOST.com- Meski kerap dilakukan pembinaan oleh petugas buru dan sapa dari Satpol PP Tabanan, rupanya belum membuat efek jera bagi oknum para pedagang...",BALIPOST.com,"Dajan Peken, 82114, Tabanan, Tabanan, Bali, Indonesia",-8.536609490935,115.13552944186335,5,"2, 7","kejaksaan, kejatibali, kejaritabanan, tabanan, news"
Di Bali Ada Pohon Beringin Berusia Lebih dari 500 Tahun,2016-12-19T08:00:00.000Z,"Kabupaten Tabanan, Bali, Indonesia","Di Bali, Ada Pohon Beringin Berusia Lebih dari 500 Tahun - Kompas.com","TABANAN, KOMPAS.com - Keindahan wisata di Bali tak selalu soal pantai. Bali juga memiliki wisata flora menarik di daerah Tabanan.Salah satu wisata flora menarik adalah pohon beringin yang berusia ratusan tahun di Desa Baru, Kecamatan Marga, Kabupaten Tabanan, Bali.KompasTravel bersama media trip Fame Hotel berkesempatan untuk melihat dari dekat pohon langka tersebut.Pohon bernama ilmiah Ficus benjamina itu tampak kokoh dengan batang yang cukup besar.","Tinggi pohon mencapai 30 meter dengan diameter kurang lebih enam meter. Akar pohon itu juga cukup panjang dengan menjalar hingga 10 meter.
(BACA: Laklak Pisang, 'Crepe' Asli Tabanan yang Terancam Punah)
Pemandu wisata yang juga warga asli setempat, Demon, mengatakan pohon yang berusia lebih dari 500 tahun sudah dijaga dengan baik oleh warga sejak dulu.



Tak ada warga yang berani merusak atau pun memotong pohon beringin tersebut.""Kami menjaga pohon di sini cukup mudah.","Pada Hari Senin , 19 Desember 2016 08:00, Tabanan, Tabanan, Bali

TABANAN, KOMPAS.com - Keindahan wisata di Bali tak selalu soal pantai. Bali juga memiliki wisata flora menarik di daerah Tabanan.Salah satu wisata flora menarik adalah pohon beringin yang berusia ratusan tahun di Desa Baru, Kecamatan Marga, Kabupaten Tabanan, Bali.KompasTravel bersama media trip Fame Hotel berkesempatan untuk melihat dari dekat pohon langka tersebut.Pohon bernama ilmiah Ficus benjamina itu tampak kokoh dengan batang yang cukup besar. Tinggi pohon mencapai 30 meter dengan diameter kurang lebih enam meter. Akar pohon itu juga cukup panjang dengan menjalar hingga 10 meter.
(BACA: Laklak Pisang, 'Crepe' Asli Tabanan yang Terancam Punah)
Pemandu wisata yang juga warga asli setempat, Demon, mengatakan pohon yang berusia lebih dari 500 tahun sudah dijaga dengan baik oleh warga sejak dulu.



Tak ada warga yang berani merusak atau pun memotong pohon beringin tersebut.""Kami menjaga pohon di sini cukup mudah. Dengan bikin pura saja sudah enggak ada yang berani merusak,"" kata Demon kepada KompasTravel di Bali, Sabtu (17/12/2016).Pura yang dimaksud Demon berada tepat di samping pohon. Pura tersebut bernama Pura Babakan. Penamaan Pura Babakan juga tak terlepas dari pohon beringin tersebut.Babakan sendiri berasal dari batang pohon beringin tua yang sudah dibabak atau disayat.Masyarakat setempat percaya bahwa kulit batang pohon yang disebut masyarakat dengan kayu putih itu memiliki khasiat menyembuhkan berbagai macam penyakit.Kulit batang pohon itu disayat kemudian dihaluskan. Setelah itu diusapkan ke bagian tubuh yang sakit. ""Bisa sembuhkan luka jatuh, kepala pusing, pegal-pegal,"" kata Demon.Masyarakat setempat juga mempunyai tradisi sendiri untuk menjaga pohon tersebut. Salah satu tradisinya adalah dengan melakukan upacara yang dilakukan 210 hari sekali dengan memberikan sesaji.""Tujuannya untuk menjaga dan ucapan terima kasih kepada Tuhan karena telah menumbuhkan pohon di bumi,"" kata Demon.Kendati demikian, pohon ini belum dikenal luas oleh wisatawan lokal. Biasanya wisatawan yang datang berasal dari mancanegara, salah satunya dari Jerman.
    
        Bayangkan seorang anak Indonesia bercita-cita menjadi dokter tetapi hanya memiliki satu buku lusuh untuk belajar. Bersama Ekspedisi Kata ke Nyata Kompas.com, Anda bisa membantu mengubah kisah itu. Mari hadirkan akses literasi bagi anak-anak di berbagai pelosok Indonesia melalui donasi lewat tautan https://bit.ly/JagatLiterasi2026. Setiap kebaikan yang Anda berikan bukan hanya membuka jendela pengetahuan, tetapi juga membuka masa depan mereka.",Kompas.com,"Dajan Peken, 82114, Tabanan, Tabanan, Bali, Indonesia",-8.536609490935,115.13552944186335,5,"2, 7","kejaksaan, kejatibali, kejaritabanan, tabanan, news"
Museum Subak di Bali Jam Buka Tiket Masuk dan Aktivitas,2023-04-03T07:00:00.000Z,"Kabupaten Tabanan, Bali, Indonesia","Museum Subak di Bali: Jam Buka, Tiket Masuk, dan Aktivitas - Kompas.com","KOMPAS.com - Museum Subak jadi salah satu tempat untuk mengenal lebih jauh kearifan lokal dan budaya masyarakat di Bali, khususnya soal subak. 
Secara singkat, subak adalah lembaga tradisional di bidang pertanian. Lembaga ini sudah ada sejak abad XI, dikutip dari laman resmi museum.Baca juga: 

Singapore Airlines Terbang 6 Kali Sehari Bali-Singapura PP per 1 Juli 2023
2 Hotel di Bali Masuk Daftar Hotel Terbaik di Dunia 2022

""Jadi subak ini diartikan sebagai sebuah organisasi sosial yang mengatur sistem irigasi secara tradisional yang sudah turun-temurun dilaksanakan di Bali, yang mana sistem dari subak itu sendiri didasari oleh konsep Tri Hita Karana,"" terang kepala UPTD Museum Subak, Si Putu Putra Eka Santi, dilansir dari Antara, Senin (3/4/2023).
Adapun Tri Hita Karana termasuk falsafah Hindu dengan tiga sub-sistem yakni hubungan manusia dengan Tuhan (Parahyangan), hubungan manusia dengan sesamanya (Pawongan), dan hubungan manusia dengan alam (Palemahan).
Baca juga: Tri Hita Karana, Falsafah Hindu yang Sejalan dengan Wisata Berkelanjutan




Bila ingin berkunjung ke Museum Subak, simak informasi terkait jam buka, aktivitas, dan harga tiket masuknya berikut ini:
Jam buka dan harga tiket masuk Museum Subak

Museum Subak beralamat di Jalan Gatot Subroto Nomor 5b, Banjar Anyar, Kecamatan Kediri, Kabupaten Tabanan.
Dari Bandara Internasional I Gusti Ngurah Rai jaraknya 31-34 kilometer dengan durasi berkendara kira-kira 1 jam 30 menit. 
Baca juga: 54 Tempat Wisata di Bali Tengah, Banyak Destinasi Alam TerbukaMuseum ini beroperasi pada hari Senin-Kamis pukul 08.00-15.30 Wita, dan hari Jumat pukul 08.00-12.30 Wita.
Harga tiket masuk Museum Subak untuk wisatawan nusantara mulai Rp 5.000 untuk anak dan Rp 10.000 untuk orang dewasa, sedangkan untuk wisatawan mancanegara mulai Rp 10.000 untuk anak dan Rp 15.000 untuk orang dewasa.
Aktivitas di Museum Subak Bali
Dok.","ANTARA/Ni Putu Lusyadewi/wsj Suasana ruang pamer di Museum Subak, Kabupaten Tabanan, Bali, Selasa (28/3/2023).
Museum Subak diresmikan pada tahun 1991 oleh Gubernur Kepala Daerah Tingat I Bali, Prof. Dr.","Pada Hari Senin , 3 April 2023 07:00, Tabanan, Tabanan, Bali

KOMPAS.com - Museum Subak jadi salah satu tempat untuk mengenal lebih jauh kearifan lokal dan budaya masyarakat di Bali, khususnya soal subak. 
Secara singkat, subak adalah lembaga tradisional di bidang pertanian. Lembaga ini sudah ada sejak abad XI, dikutip dari laman resmi museum.Baca juga: 

Singapore Airlines Terbang 6 Kali Sehari Bali-Singapura PP per 1 Juli 2023
2 Hotel di Bali Masuk Daftar Hotel Terbaik di Dunia 2022

""Jadi subak ini diartikan sebagai sebuah organisasi sosial yang mengatur sistem irigasi secara tradisional yang sudah turun-temurun dilaksanakan di Bali, yang mana sistem dari subak itu sendiri didasari oleh konsep Tri Hita Karana,"" terang kepala UPTD Museum Subak, Si Putu Putra Eka Santi, dilansir dari Antara, Senin (3/4/2023).
Adapun Tri Hita Karana termasuk falsafah Hindu dengan tiga sub-sistem yakni hubungan manusia dengan Tuhan (Parahyangan), hubungan manusia dengan sesamanya (Pawongan), dan hubungan manusia dengan alam (Palemahan).
Baca juga: Tri Hita Karana, Falsafah Hindu yang Sejalan dengan Wisata Berkelanjutan




Bila ingin berkunjung ke Museum Subak, simak informasi terkait jam buka, aktivitas, dan harga tiket masuknya berikut ini:
Jam buka dan harga tiket masuk Museum Subak

Museum Subak beralamat di Jalan Gatot Subroto Nomor 5b, Banjar Anyar, Kecamatan Kediri, Kabupaten Tabanan.
Dari Bandara Internasional I Gusti Ngurah Rai jaraknya 31-34 kilometer dengan durasi berkendara kira-kira 1 jam 30 menit. 
Baca juga: 54 Tempat Wisata di Bali Tengah, Banyak Destinasi Alam TerbukaMuseum ini beroperasi pada hari Senin-Kamis pukul 08.00-15.30 Wita, dan hari Jumat pukul 08.00-12.30 Wita.
Harga tiket masuk Museum Subak untuk wisatawan nusantara mulai Rp 5.000 untuk anak dan Rp 10.000 untuk orang dewasa, sedangkan untuk wisatawan mancanegara mulai Rp 10.000 untuk anak dan Rp 15.000 untuk orang dewasa.
Aktivitas di Museum Subak Bali
Dok. ANTARA/Ni Putu Lusyadewi/wsj Suasana ruang pamer di Museum Subak, Kabupaten Tabanan, Bali, Selasa (28/3/2023).
Museum Subak diresmikan pada tahun 1991 oleh Gubernur Kepala Daerah Tingat I Bali, Prof. Dr. Ida Bagus Mantra.
Wisatawan bisa melihat berbagai koleksi terkait subak, termasuk peralatan tradisional yang digunakan, mulai dari alat pemotong hingga alat pembajak sawah.
Mereka juga bisa mengetahui soal sistem irigasi subak dan pengolahan sawah secara menyeluruh, mulai dari membuka lahan hingga upacara ritual keagamaan.
Baca juga: 

12 Wisata di Bali Selatan Paling Terkenal hingga Mancanegara 
30 Tempat Wisata di Bali Barat, Jelajahi Pantai yang Masih Asri

Wisatawan juga bisa menjumpai patung Dewi Sri, simbol dewi padi atau dewi kesuburan, di dalam museum.
Terdapat pula replika pembagian air irigasi, lengkap dengan alat-alatnya, serta miniatur rumah tradisional petani di Bali.
    
        Bayangkan seorang anak Indonesia bercita-cita menjadi dokter tetapi hanya memiliki satu buku lusuh untuk belajar. Bersama Ekspedisi Kata ke Nyata Kompas.com, Anda bisa membantu mengubah kisah itu. Mari hadirkan akses literasi bagi anak-anak di berbagai pelosok Indonesia melalui donasi lewat tautan https://bit.ly/JagatLiterasi2026. Setiap kebaikan yang Anda berikan bukan hanya membuka jendela pengetahuan, tetapi juga membuka masa depan mereka.",Kompas.com,"Dajan Peken, 82114, Tabanan, Tabanan, Bali, Indonesia",-8.536609490935,115.13552944186335,5,"2, 7","kejaksaan, kejatibali, kejaritabanan, tabanan, news"
Wanita Tabanan Hilang di Kebun Saat Sembahyang Pencarian 2 Hari Nihil,2024-11-21T08:00:00.000Z,"Kabupaten Tabanan, Bali, Indonesia","Wanita Tabanan Hilang di Kebun Saat Sembahyang, Pencarian 2 Hari Nihil - Kompas.com","TABANAN, KOMPAS.com - Desak Nyoman Ramaeyani, seorang wanita berusia 57 tahun, warga Banjar Dinas Munduk Ngandang, Desa Belatungan, Kecamatan Pupuan, Kabupaten Tabanan, Bali, dilaporkan hilang sejak Selasa 19 November 2024 lalu.
Korban dilaporkan hilang saat melakukan persembahyangan di kebun miliknya.
Kepala Basarnas Bali, Nyoman Sidakarya menjelaskan, Desak Nyoman Ramaeyani dilaporkan menghilang sekitar pukul 10.00 Wita.Baca juga: Nenek 80 Tahun Hilang di Kebun Sikka, Tim SAR Lakukan Pencarian
""Korban melakukan persembahyangan di kebun miliknya dan hingga saat ini belum kembali,"" ungkap dia dalam keterangan yang diterima Kompas.com, Kamis (21/11/2024).
Informasi mengenai hilangnya Ramaeyani diterima oleh Basarnas Bali dari Badan Penanggulangan Bencana Daerah (BPBD) Tabanan pada pagi hari yang sama.



Sebagai respons, Basarnas mengerahkan lima personel untuk melakukan pencarian di lokasi kebun Ramaeyani.
Baca juga: Bocah Perempuan 8 Tahun Dilaporkan Hilang di Kebun Sawit Bangka Belitung
""Tim kami tiba di lokasi pada pukul 12.01 Wita dan selanjutnya berkoordinasi dengan unsur SAR lainnya untuk menggali informasi, sehingga dapat menentukan lokasi, luas penyisiran, dan pembagian regu,"" tambah Sidakarya.
Namun, hingga Kamis petang, pencarian belum membuahkan hasil. ""Tanda-tanda keberadaan korban belum ditemukan.","Operasi akan kembali dilanjutkan besok pagi,"" tutup dia. 
    
        Bayangkan seorang anak Indonesia bercita-cita menjadi dokter tetapi hanya memiliki satu buku lusuh untuk belajar. Bersama Ekspedisi Kata ke Nyata Kompas.com, Anda bisa membantu mengubah kisah itu.","Pada Hari Kamis , 21 November 2024 08:00, Tabanan, Tabanan, Bali

TABANAN, KOMPAS.com - Desak Nyoman Ramaeyani, seorang wanita berusia 57 tahun, warga Banjar Dinas Munduk Ngandang, Desa Belatungan, Kecamatan Pupuan, Kabupaten Tabanan, Bali, dilaporkan hilang sejak Selasa 19 November 2024 lalu.
Korban dilaporkan hilang saat melakukan persembahyangan di kebun miliknya.
Kepala Basarnas Bali, Nyoman Sidakarya menjelaskan, Desak Nyoman Ramaeyani dilaporkan menghilang sekitar pukul 10.00 Wita.Baca juga: Nenek 80 Tahun Hilang di Kebun Sikka, Tim SAR Lakukan Pencarian
""Korban melakukan persembahyangan di kebun miliknya dan hingga saat ini belum kembali,"" ungkap dia dalam keterangan yang diterima Kompas.com, Kamis (21/11/2024).
Informasi mengenai hilangnya Ramaeyani diterima oleh Basarnas Bali dari Badan Penanggulangan Bencana Daerah (BPBD) Tabanan pada pagi hari yang sama.



Sebagai respons, Basarnas mengerahkan lima personel untuk melakukan pencarian di lokasi kebun Ramaeyani.
Baca juga: Bocah Perempuan 8 Tahun Dilaporkan Hilang di Kebun Sawit Bangka Belitung
""Tim kami tiba di lokasi pada pukul 12.01 Wita dan selanjutnya berkoordinasi dengan unsur SAR lainnya untuk menggali informasi, sehingga dapat menentukan lokasi, luas penyisiran, dan pembagian regu,"" tambah Sidakarya.
Namun, hingga Kamis petang, pencarian belum membuahkan hasil. ""Tanda-tanda keberadaan korban belum ditemukan. Operasi akan kembali dilanjutkan besok pagi,"" tutup dia. 
    
        Bayangkan seorang anak Indonesia bercita-cita menjadi dokter tetapi hanya memiliki satu buku lusuh untuk belajar. Bersama Ekspedisi Kata ke Nyata Kompas.com, Anda bisa membantu mengubah kisah itu. Mari hadirkan akses literasi bagi anak-anak di berbagai pelosok Indonesia melalui donasi lewat tautan https://bit.ly/JagatLiterasi2026. Setiap kebaikan yang Anda berikan bukan hanya membuka jendela pengetahuan, tetapi juga membuka masa depan mereka.",Kompas.com,"Dajan Peken, 82114, Tabanan, Tabanan, Bali, Indonesia",-8.536609490935,115.13552944186335,5,"2, 7","kejaksaan, kejatibali, kejaritabanan, tabanan, news"
Tabanan Arsip Page 592 of 594,2026-08-27T01:13:03.000Z,"Kabupaten Tabanan, Bali, Indonesia",Tabanan Arsip | Page 592 of 594 - BALIPOST.com,"Pencetakan E-KTP Mundur Gara-gara iniTabanan Rabu, 26 April 2017 | 16:14:45 TABANAN, BALIPOST.com - Meski blanko E-KTP sudah tersedia sebanyak 10 ribu untuk wilayah Kabupaten Tabanan, sayangnya sampai saat ini proses pencetakan belum bisa dilakukan. Penyebabnya,...Bupati Tabanan Ajukan 7 RanperdaTabanan Rabu, 26 April 2017 | 11:35:39 TABANAN, BALIPOST.com - Bupati Tabanan Ni Putu Eka Wiryastuti menyampaikan 7 (tujuh) buah Rancangan Peraturan Daerah (Ranperda) kepada DPRD Tabanan dalam sidang paripurna yang...Telkom Gelar Dharma Shanti NyepiTabanan Selasa, 25 April 2017 | 07:33:51 TABANAN, BALIPOST.com - Menjadi agenda rutin tahunan, Telkom Group Bali, Minggu (23/4) kembali menggelar Dharma Shanti Nyepi tahun baru caka 1939 bertempat di wantilan...IPSI Cup 2017, Diikuti 390 Atlet PelajarTabanan Senin, 24 April 2017 | 16:17:52 TABANAN, BALIPOST.com- Sebanyak 390 atlet pencak silat tingkat pelajar dari jenjang SD sampai SMA akan berlaga dalam ajang IPSI cup 2017 yang digelar mulai....",,"Pada Hari Kamis , 27 Agustus 2026 01:13, Tabanan, Tabanan, Bali

Pencetakan E-KTP Mundur Gara-gara iniTabanan Rabu, 26 April 2017 | 16:14:45 TABANAN, BALIPOST.com - Meski blanko E-KTP sudah tersedia sebanyak 10 ribu untuk wilayah Kabupaten Tabanan, sayangnya sampai saat ini proses pencetakan belum bisa dilakukan. Penyebabnya,...Bupati Tabanan Ajukan 7 RanperdaTabanan Rabu, 26 April 2017 | 11:35:39 TABANAN, BALIPOST.com - Bupati Tabanan Ni Putu Eka Wiryastuti menyampaikan 7 (tujuh) buah Rancangan Peraturan Daerah (Ranperda) kepada DPRD Tabanan dalam sidang paripurna yang...Telkom Gelar Dharma Shanti NyepiTabanan Selasa, 25 April 2017 | 07:33:51 TABANAN, BALIPOST.com - Menjadi agenda rutin tahunan, Telkom Group Bali, Minggu (23/4) kembali menggelar Dharma Shanti Nyepi tahun baru caka 1939 bertempat di wantilan...IPSI Cup 2017, Diikuti 390 Atlet PelajarTabanan Senin, 24 April 2017 | 16:17:52 TABANAN, BALIPOST.com- Sebanyak 390 atlet pencak silat tingkat pelajar dari jenjang SD sampai SMA akan berlaga dalam ajang IPSI cup 2017 yang digelar mulai...",BALIPOST.com,"Dajan Peken, 82114, Tabanan, Tabanan, Bali, Indonesia",-8.536609490935,115.13552944186335,5,"2, 7","kejaksaan, kejatibali, kejaritabanan, tabanan, news"
Berkas Juwuk Legi Masuk Tahap I JPU Teliti Kelengkapan Perkara,2026-10-07T10:01:06.000Z,"Kabupaten Tabanan, Bali, Indonesia","Berkas Juwuk Legi Masuk Tahap I, JPU Teliti Kelengkapan Perkara - BALIPOST.com","Kapolres Tabanan AKBP I Putu Bayu Pati merilis
dugaan maling ayam dan pengeroyokan di Banjar Juwuk Legi, Batunya, Baturiti. Dalam kasus ini, 5 warga ditetapkan tersangka pengeroyokan pada Minggu (26/7).","(BP/bit)SINGASANA, BALIPOST.com – Perkara pengeroyokan terhadap terduga pencuri ayam hingga tewas di Banjar Dinas Juwuk Legi, Desa Batunya, Kecamatan Baturiti, Tabanan, memasuki babak baru. Penyidik Polres Tabanan telah menyerahkan berkas perkara tahap pertama (Tahap I) kepada Kejaksaan Negeri (Kejari) Tabanan pada pekan lalu.","Pada Hari Rabu , 7 Oktober 2026 10:01, Tabanan, Tabanan, Bali

Kapolres Tabanan AKBP I Putu Bayu Pati merilis
dugaan maling ayam dan pengeroyokan di Banjar Juwuk Legi, Batunya, Baturiti. Dalam kasus ini, 5 warga ditetapkan tersangka pengeroyokan pada Minggu (26/7). (BP/bit)SINGASANA, BALIPOST.com – Perkara pengeroyokan terhadap terduga pencuri ayam hingga tewas di Banjar Dinas Juwuk Legi, Desa Batunya, Kecamatan Baturiti, Tabanan, memasuki babak baru. Penyidik Polres Tabanan telah menyerahkan berkas perkara tahap pertama (Tahap I) kepada Kejaksaan Negeri (Kejari) Tabanan pada pekan lalu. Namun, berkas perkara tersebut belum dinyatakan lengkap atau P-21.Jaksa Penuntut Umum (JPU) masih melakukan penelitian untuk memastikan terpenuhinya syarat formil dan materiil atas perkara yang menjerat lima tersangka tersebut.Kasi Intel Kejari Tabanan, I Putu Nuriyanto, seizin Kajari Tabanan Medie, mengatakan, penelitian berkas masih berlangsung. JPU akan mencermati keseluruhan isi berkas sebelum menentukan apakah perkara dapat dinyatakan lengkap atau masih memerlukan perbaikan dari penyidik.“Tahap I sudah kami terima, saat ini tim penuntut umum masih melakukan penelitian berkas perkara, apakah sudah memenuhi syarat formil dan materiil atas sangkaan yang disangkakan kepada para tersangka,” ujar Nuriyanto usai sidang paripurna di Gedung DPRD Tabanan, Rabu (7/10).Menurutnya, penelitian JPU tidak hanya berpedoman pada hasil rekonstruksi yang sebelumnya telah melibatkan pihak kejaksaan. Rekonstruksi menjadi salah satu bahan yang diperhatikan, tetapi JPU tetap harus meneliti seluruh materi dalam berkas perkara.JPU akan mencocokkan hasil rekonstruksi dengan berita acara pemeriksaan (BAP) yang dibuat penyidik. Keterangan saksi dan para tersangka juga akan diteliti untuk memastikan kesesuaiannya dengan rangkaian peristiwa serta perbuatan yang disangkakan.“Meski saat rekonstruksi penuntut umum dilibatkan, JPU tetap melakukan penelitian kembali. Jika rekonstruksi itu sesuai dengan berita acara yang dibuat penyidik, kemudian apakah keterangan saksi dan para tersangka sudah sesuai antara rekonstruksi dengan perbuatan yang dilakukan,” jelasnya.Nuriyanto menegaskan, keterlibatan JPU dalam rekonstruksi tidak otomatis membuat berkas perkara dinyatakan lengkap. Penuntut umum masih harus mencermati bukti-bukti lainnya, termasuk hasil visum, keterangan saksi, alat bukti surat serta uraian peran masing-masing tersangka.“Jadi, belum tentu hanya karena kami hadir dalam rekonstruksi kemudian berkas dinyatakan lengkap. Kami mengamati dan meneliti berkas perkara secara keseluruhan, tidak hanya merujuk pada rekonstruksi saja,” tegasnya.Hingga Rabu (7/10), berkas perkara tersebut belum dikembalikan kepada penyidik Polres Tabanan. JPU masih melakukan penelitian untuk memastikan seluruh unsur yang diperlukan telah terpenuhi.Jika ditemukan kekurangan, baik secara formil maupun materiil, berkas akan dikembalikan kepada penyidik disertai petunjuk JPU untuk dilengkapi. “Ini belum dikembalikan. Sekiranya nanti ada kekurangan dan kelengkapan berkas secara formil maupun materiil belum terpenuhi, tentu akan dikembalikan sesuai dengan petunjuk JPU kepada penyidik,” kata Nuriyanto.Terkait pelaksanaan Tahap II, Nuriyanto mengatakan waktunya belum dapat dipastikan. Tahap II berupa penyerahan tersangka dan barang bukti baru dapat dilakukan setelah JPU menyatakan berkas perkara lengkap atau P-21.JPU, lanjut dia, akan mempercepat penelitian berkas. Jika seluruh persyaratan telah terpenuhi, proses menuju P-21 akan dilanjutkan.Sebaliknya, apabila masih terdapat kekurangan, penyidik akan diminta melakukan perbaikan sesuai petunjuk penuntut umum. Dalam proses tersebut, JPU juga dapat melakukan gelar atau ekspose internal bersama tim penuntut umum untuk membahas hasil penelitian sebelum menentukan langkah selanjutnya.Sebelumnya, Polres Tabanan telah melakukan rekonstruksi perkara di halaman Mako Polres Tabanan, Kamis (17/9). Sebanyak 18 adegan diperagakan untuk mencocokkan rangkaian kejadian dalam perkara tersebut.Lima tersangka yang telah ditetapkan polisi hadir dan memperagakan adegan sesuai peran masing-masing. Rekonstruksi berlangsung sekitar tiga jam, mulai pukul 10.00 hingga 13.00 Wita.Dengan telah diserahkannya berkas Tahap I, perkara Juwuk Legi kini berada dalam tahap penelitian JPU. Kepastian apakah berkas dinyatakan P-21 atau dikembalikan kepada penyidik untuk dilengkapi masih menunggu hasil penelitian secara menyeluruh. (Puspawati/balipost)",BALIPOST.com,"Dajan Peken, 82114, Tabanan, Tabanan, Bali, Indonesia",-8.536609490935,115.13552944186335,5,"2, 7","kejaksaan, kejatibali, kejaritabanan, tabanan, news"
