title,when_,where,who,what,why,how,source_agent_report,location_name,latitude,longitude,category,data_of_information,hashtags
Hadir di TabananKlungkung Cek Jadwal SIM Keliling Hari Ini 25 September 2026,2026-09-24T20:30:42.000Z,"Kabupaten Tabanan, Bali, Indonesia","Hadir di Tabanan-Klungkung, Cek Jadwal SIM Keliling Hari Ini 25 September 2026 - detikcom","Daftar Isi
        
            
                
            

            
                
            
        
    
    
        
                            
                    SIM Keliling Tabanan 25 September 2026
                                    
                            
                    SIM Keliling Klungkung 25 September 2026
                                    
                            
                    SIM Keliling Badung 25 September 2026
                                    
                            
                    Biaya Perpanjangan SIM
                                    
                            
                    Syarat Perpanjangan SIM
                                    
                    
    
            

            Denpasar -
            Pastikan masa berlaku Surat Izin Mengemudi (SIM) Anda belum habis. Jika SIM A maupun SIM C sudah mendekati masa tenggang, Anda dapat memanfaatkan layanan SIM Keliling terdekat.Layanan SIM Keliling hari ini kembali hadir di wilayah Tabanan, Klungkung, Badung, dan Jembrana.","Layanan ini memudahkan proses perpanjangan SIM A dan SIM C tanpa harus ke kantor Satuan Penyelenggara Administrasi SIM (Satpas).Warga Bali yang ingin mengurus perpanjangan SIM dengan cepat dan praktis, bisa langsung mendatangi layanan SIM Keliling terdekat. Simak jadwal dan lokasi layanan SIM keliling Bali hari ini Jumat, 25 September 2026.




SCROLL TO CONTINUE WITH CONTENT

SIM Keliling Tabanan 25 September 2026Lokasi: Mall Pelayanan Publik TabananWaktu Pelayanan: 08.00 - selesaiSIM Keliling Klungkung 25 September 2026Lokasi: Depan Kantor Bupati KlungkungWaktu Pelayanan: 09.00 - selesaiSIM Keliling Badung 25 September 2026Lokasi: Damkar Dalung (Timur Pasar Dalung) & Mall Pelayanan Publik (Puspem Badung)Waktu Pelayanan: 08.00 - selesaiBiaya Perpanjangan SIMPeraturan Pemerintah (PP) Nomor 60 Tahun 2016 tentang Penerimaan Negara Bukan Pajak (PNBP) telah mengatur biaya perpanjangan SIM.","Pada Hari Kamis , 24 September 2026 20:30, Tabanan, Tabanan, Bali

Daftar Isi
        
            
                
            

            
                
            
        
    
    
        
                            
                    SIM Keliling Tabanan 25 September 2026
                                    
                            
                    SIM Keliling Klungkung 25 September 2026
                                    
                            
                    SIM Keliling Badung 25 September 2026
                                    
                            
                    Biaya Perpanjangan SIM
                                    
                            
                    Syarat Perpanjangan SIM
                                    
                    
    
            

            Denpasar -
            Pastikan masa berlaku Surat Izin Mengemudi (SIM) Anda belum habis. Jika SIM A maupun SIM C sudah mendekati masa tenggang, Anda dapat memanfaatkan layanan SIM Keliling terdekat.Layanan SIM Keliling hari ini kembali hadir di wilayah Tabanan, Klungkung, Badung, dan Jembrana. Layanan ini memudahkan proses perpanjangan SIM A dan SIM C tanpa harus ke kantor Satuan Penyelenggara Administrasi SIM (Satpas).Warga Bali yang ingin mengurus perpanjangan SIM dengan cepat dan praktis, bisa langsung mendatangi layanan SIM Keliling terdekat. Simak jadwal dan lokasi layanan SIM keliling Bali hari ini Jumat, 25 September 2026.




SCROLL TO CONTINUE WITH CONTENT

SIM Keliling Tabanan 25 September 2026Lokasi: Mall Pelayanan Publik TabananWaktu Pelayanan: 08.00 - selesaiSIM Keliling Klungkung 25 September 2026Lokasi: Depan Kantor Bupati KlungkungWaktu Pelayanan: 09.00 - selesaiSIM Keliling Badung 25 September 2026Lokasi: Damkar Dalung (Timur Pasar Dalung) & Mall Pelayanan Publik (Puspem Badung)Waktu Pelayanan: 08.00 - selesaiBiaya Perpanjangan SIMPeraturan Pemerintah (PP) Nomor 60 Tahun 2016 tentang Penerimaan Negara Bukan Pajak (PNBP) telah mengatur biaya perpanjangan SIM. Berikut biaya perpanjangan SIM berdasarkan peraturan tersebut.· SIM A: Rp 80.000,-· SIM C: Rp 75.000,-Syarat Perpanjangan SIMMasyarakat diimbau untuk melengkapi persyaratan berikut agar permohonan perpanjangan SIM dapat diproses.· Membawa KTP Asli dan Fotocopy· Membawa SIM Asli dan Fotocopy· Surat Keterangan Sehat dan Surat Keterangan PsikologiLayanan SIM Keliling hanya melayani permohonan perpanjangan SIM A dan SIM C yang masih aktif atau belum melewati masa berlakunya. Layanan ini tidak bisa digunakan untuk pembuatan SIM baru, penggantian SIM yang hilang, dan perpanjangan SIM yang masa berlakunya sudah habis.Jika masa berlaku SIM sudah kedaluwarsa, pemilik SIM harus membuat SIM baru di kantor Satpas karena perpanjangan melalui SIM Keliling tidak lagi bisa dilakukan. Poin penting yang ditekankan adalah untuk memastikan masa berlaku SIM belum habis jika ingin menggunakan layanan SIM Keliling.
            
            




            

            (iws/iws)",detikcom,"Dajan Peken, 82114, Tabanan, Tabanan, Bali, Indonesia",-8.536609490935,115.13552944186335,5,"2, 7","kejaksaan, kejatibali, kejaritabanan, tabanan, news"
Mengenal Nomor Sertipikat Elektronik dan Makna di Dalamnya Upaya Kantah Tabanan Wujudkan Tertib Administrasi Pertanahan,2026-09-25T02:45:00.000Z,"Kabupaten Tabanan, Bali, Indonesia",Mengenal Nomor Sertipikat Elektronik dan Makna di Dalamnya: Upaya Kantah Tabanan Wujudkan Tertib Administrasi Pertanahan - RADAR NUSANTARA NEWS,"Tabanan, RN Kantor Pertanahan Kabupaten Tabanan terus mengimbau masyarakat untuk memahami informasi penting yang tercantum dalam dokumen kep...




Tabanan, RNKantor Pertanahan Kabupaten Tabanan terus mengimbau masyarakat untuk memahami informasi penting yang tercantum dalam dokumen kepemilikan tanah, khususnya terkait sistem penomoran pada Sertipikat Elektronik. Pemahaman ini krusial seiring dengan transformasi digital layanan pertanahan guna memastikan keamanan serta kejelasan identitas setiap bidang tanah milik masyarakat di wilayah Kabupaten Tabanan.Jika pada sertipikat analog sebelumnya masyarakat mengenal dua identitas terpisah—yakni Nomor Induk Bidang (NIB) sepanjang 13 digit dan Nomor Hak sepanjang 14 digit di pojok kanan bawah halaman depan—kini sistem tersebut telah disederhanakan.","Pada era Sertipikat Elektronik, kedua identitas tersebut dilebur menjadi identitas tunggal berupa Nomor Identifikasi Bidang Elektronik (NIB-El) yang terdiri atas 14 digit.Penyederhanaan ini merupakan bagian integral dari langkah strategis Kementerian Agraria dan Tata Ruang/Badan Pertanahan Nasional (ATR/BPN) dalam membangun basis data spasial dan yuridis yang lebih tertib, modern, serta terintegrasi secara nasional.Dalam praktiknya, NIB-El berfungsi sebagai referensi tunggal (single identity) dalam berbagai kegiatan administrasi dan pendaftaran tanah. Sifatnya yang unik menjamin setiap bidang tanah memiliki identitas spesifik, sehingga proses pencatatan, pelacakan, hingga pemeliharaan data pertanahan menjadi lebih akurat, transparan, dan terhindar dari tumpang tindih.Secara teknis, struktur 14 digit NIB-El memuat informasi geospasial dan yuridis yang terperinci:* 2 digit pertama: Menunjukkan kode provinsi* 2 digit berikutnya: Menunjukkan kode kabupaten/kota (* 9 digit selanjutnya: Merupakan nomor unik bidang tanah.* 1 digit terakhir: Menunjukkan indeks letak bidang tanah.Indeks letak pada digit terakhir dirinci menggunakan angka 0 sampai dengan 6:* Angka 0: Bidang tanah terletak pada permukaan tanah.* Angka 1: Bidang tanah pada ruang atas tanah.* Angka 2: Bidang tanah pada ruang bawah tanah.* Angka 3: Bidang tanah untuk satuan rumah susun (sarusun).* Angka 4: Bidang tanah yang berada di atas bidang permukaan tanah.* Angka 5: Bidang tanah untuk ruang pada ruang atas tanah.* Angka 6: Bidang tanah untuk ruang pada ruang bawah tanah.Masyarakat Kabupaten Tabanan dapat memeriksa NIB-El secara langsung pada halaman depan cetakan Sertipikat Elektronik maupun melalui aplikasi resmi Sentuh Tanahku.","Pada Hari Jumat , 25 September 2026 02:45, Tabanan, Tabanan, Bali

Tabanan, RN Kantor Pertanahan Kabupaten Tabanan terus mengimbau masyarakat untuk memahami informasi penting yang tercantum dalam dokumen kep...




Tabanan, RNKantor Pertanahan Kabupaten Tabanan terus mengimbau masyarakat untuk memahami informasi penting yang tercantum dalam dokumen kepemilikan tanah, khususnya terkait sistem penomoran pada Sertipikat Elektronik. Pemahaman ini krusial seiring dengan transformasi digital layanan pertanahan guna memastikan keamanan serta kejelasan identitas setiap bidang tanah milik masyarakat di wilayah Kabupaten Tabanan.Jika pada sertipikat analog sebelumnya masyarakat mengenal dua identitas terpisah—yakni Nomor Induk Bidang (NIB) sepanjang 13 digit dan Nomor Hak sepanjang 14 digit di pojok kanan bawah halaman depan—kini sistem tersebut telah disederhanakan. Pada era Sertipikat Elektronik, kedua identitas tersebut dilebur menjadi identitas tunggal berupa Nomor Identifikasi Bidang Elektronik (NIB-El) yang terdiri atas 14 digit.Penyederhanaan ini merupakan bagian integral dari langkah strategis Kementerian Agraria dan Tata Ruang/Badan Pertanahan Nasional (ATR/BPN) dalam membangun basis data spasial dan yuridis yang lebih tertib, modern, serta terintegrasi secara nasional.Dalam praktiknya, NIB-El berfungsi sebagai referensi tunggal (single identity) dalam berbagai kegiatan administrasi dan pendaftaran tanah. Sifatnya yang unik menjamin setiap bidang tanah memiliki identitas spesifik, sehingga proses pencatatan, pelacakan, hingga pemeliharaan data pertanahan menjadi lebih akurat, transparan, dan terhindar dari tumpang tindih.Secara teknis, struktur 14 digit NIB-El memuat informasi geospasial dan yuridis yang terperinci:* 2 digit pertama: Menunjukkan kode provinsi* 2 digit berikutnya: Menunjukkan kode kabupaten/kota (* 9 digit selanjutnya: Merupakan nomor unik bidang tanah.* 1 digit terakhir: Menunjukkan indeks letak bidang tanah.Indeks letak pada digit terakhir dirinci menggunakan angka 0 sampai dengan 6:* Angka 0: Bidang tanah terletak pada permukaan tanah.* Angka 1: Bidang tanah pada ruang atas tanah.* Angka 2: Bidang tanah pada ruang bawah tanah.* Angka 3: Bidang tanah untuk satuan rumah susun (sarusun).* Angka 4: Bidang tanah yang berada di atas bidang permukaan tanah.* Angka 5: Bidang tanah untuk ruang pada ruang atas tanah.* Angka 6: Bidang tanah untuk ruang pada ruang bawah tanah.Masyarakat Kabupaten Tabanan dapat memeriksa NIB-El secara langsung pada halaman depan cetakan Sertipikat Elektronik maupun melalui aplikasi resmi Sentuh Tanahku. Melalui aplikasi digital tersebut, pemilik tanah dapat memantau validitas dokumen, batas bidang, serta rincian hak atas tanah secara mandiri dan fleksibel tanpa harus datang langsung ke loket Kantor Pertanahan Kabupaten Tabanan.Isk",RADAR NUSANTARA NEWS,"Dajan Peken, 82114, Tabanan, Tabanan, Bali, Indonesia",-8.536609490935,115.13552944186335,5,"2, 7","kejaksaan, kejatibali, kejaritabanan, tabanan, news"
10 Pohon Sawit di Jalan Gunung Batur Tabanan Bakal Diganti,2026-09-24T12:38:26.000Z,"Kabupaten Tabanan, Bali, Indonesia",10 Pohon Sawit di Jalan Gunung Batur Tabanan Bakal Diganti - nusabali.com,"SINGASANA, NusaBali.com - Sekitar 10 pohon sawit yang berjajar di Jalan Gunung Batur, tepatnya di depan Kantor BPD Bali Tabanan, bakal diganti. Dinas Lingkungan Hidup (DLH) Tabanan melakukan penataan vegetasi tersebut karena pohon yang sudah menjulang tinggi mulai mendekati jaringan kabel utilitas udara di kawasan pusat Kota Tabanan.
                                                        
                            Selain faktor keamanan jaringan utilitas, penataan pohon tersebut juga menjadi bagian dari penataan kawasan Jalan Gajah Mada yang sedang berlangsung.","Jenis tanaman pengganti masih dikaji agar sesuai dengan kondisi lokasi sekaligus tidak mengganggu jaringan kabel di atas jalan.Kepala DLH Tabanan I Made Surya Dharma mengatakan, keberadaan pohon yang sudah tinggi dikhawatirkan mengganggu kabel utilitas. Karena itu, vegetasi di kawasan tersebut perlu ditata kembali.","Pada Hari Kamis , 24 September 2026 12:38, Tabanan, Tabanan, Bali

SINGASANA, NusaBali.com - Sekitar 10 pohon sawit yang berjajar di Jalan Gunung Batur, tepatnya di depan Kantor BPD Bali Tabanan, bakal diganti. Dinas Lingkungan Hidup (DLH) Tabanan melakukan penataan vegetasi tersebut karena pohon yang sudah menjulang tinggi mulai mendekati jaringan kabel utilitas udara di kawasan pusat Kota Tabanan.
                                                        
                            Selain faktor keamanan jaringan utilitas, penataan pohon tersebut juga menjadi bagian dari penataan kawasan Jalan Gajah Mada yang sedang berlangsung. Jenis tanaman pengganti masih dikaji agar sesuai dengan kondisi lokasi sekaligus tidak mengganggu jaringan kabel di atas jalan.Kepala DLH Tabanan I Made Surya Dharma mengatakan, keberadaan pohon yang sudah tinggi dikhawatirkan mengganggu kabel utilitas. Karena itu, vegetasi di kawasan tersebut perlu ditata kembali. “Selain itu utilitas, kabel-kabel di atasnya, agar tidak terganggu,” ujar Surya Dharma, Kamis (24/9/2026).Menurut dia, ketinggian pohon sawit saat ini sudah mendekati bahkan menyentuh area jaringan kabel yang membentang di atas jalan. Kondisi tersebut menjadi salah satu pertimbangan DLH untuk melakukan peremajaan. “Pohon-pohon itu sudah tinggi dan mencapai kabel-kabel yang ada di atasnya sehingga perlu ditata,” jelas mantan Camat Kediri ini.Surya Dharma menyebut, pohon sawit tersebut nantinya tidak sekadar dipangkas, tetapi akan diganti dengan tanaman yang dinilai lebih sesuai dengan karakter kawasan. Namun, DLH belum menentukan jenis tanaman pengganti karena masih melakukan kajian teknis. “Nanti tanaman apa yang cocok di situ masih dalam kajian,” katanya.Penataan vegetasi juga dikaitkan dengan keberadaan Patung Catur Muka yang sedang dibangun ulang di kawasan persimpangan Jalan Gajah Mada. DLH berharap tanaman pengganti tidak menghalangi pandangan masyarakat terhadap ikon baru tersebut.Dengan penataan itu, Patung Catur Muka diharapkan dapat terlihat dari berbagai arah, baik dari sisi selatan maupun utara. “Semuanya bisa melihat Patung Catur Muka baru dari segala penjuru. Semua penjuru, dari selatan sampai utara. Kurang lebih ada 10 pohon,” ungkap Surya Dharma.Dia menambahkan, penggantian pohon sawit tidak menggunakan anggaran yang berdiri sendiri. Pembiayaan penataan vegetasi tersebut telah menjadi bagian dari paket penataan kawasan Jalan Gajah Mada. ""Dipastikan dulu jenis tanaman yang tepat di sana, jadi satu dengan penataan,” tandasnya. *des",nusabali.com,"Dajan Peken, 82114, Tabanan, Tabanan, Bali, Indonesia",-8.536609490935,115.13552944186335,5,"2, 7","kejaksaan, kejatibali, kejaritabanan, tabanan, news"
Tata Pikiran dan Kuatkan Diri Warga Binaan Lapas Tabanan Ikuti Yoga Bersama,2026-09-24T08:30:41.000Z,"Kabupaten Tabanan, Bali, Indonesia","Tata Pikiran dan Kuatkan Diri, Warga Binaan Lapas Tabanan Ikuti Yoga Bersama - Direktorat Jenderal Pemasyarakatan","Tabanan, INFO_PAS – Warga Binaan Lembaga Pemasyarakatan (Lapas) Kelas IIB Tabanan ikuti kegiatan yoga bersama di halaman Lapas, Kamis (24/9). Kegiatan ini menjadi sarana untuk menjaga keseimbangan kesehatan fisik sekaligus melatih ketenangan pikiran sebagai proses pembinaan kepribadian.","Melalui gerakan yang dipadukan dengan teknik pernapasan dan relaksasi, peserta diajak untuk lebih mengenali diri, mengelola emosi, serta membangun pola pikir yang positif.

Pelaksana Harian Kepala Lapas Tabanan, Ni Putu Eka Rachmawati, menjelaskan kegiatan yoga merupakan salah satu upaya untuk mendukung pembentukan karakter dan penguatan mental Warga Binaan selama menjalani masa pembinaan. “Pembinaan tidak hanya berfokus pada peningkatan keterampilan dan pengetahuan, tetapi juga bagaimana membantu Warga Binaan memiliki pengendalian diri yang baik.","Pada Hari Kamis , 24 September 2026 08:30, Tabanan, Tabanan, Bali

Tabanan, INFO_PAS – Warga Binaan Lembaga Pemasyarakatan (Lapas) Kelas IIB Tabanan ikuti kegiatan yoga bersama di halaman Lapas, Kamis (24/9). Kegiatan ini menjadi sarana untuk menjaga keseimbangan kesehatan fisik sekaligus melatih ketenangan pikiran sebagai proses pembinaan kepribadian. Melalui gerakan yang dipadukan dengan teknik pernapasan dan relaksasi, peserta diajak untuk lebih mengenali diri, mengelola emosi, serta membangun pola pikir yang positif.

Pelaksana Harian Kepala Lapas Tabanan, Ni Putu Eka Rachmawati, menjelaskan kegiatan yoga merupakan salah satu upaya untuk mendukung pembentukan karakter dan penguatan mental Warga Binaan selama menjalani masa pembinaan. “Pembinaan tidak hanya berfokus pada peningkatan keterampilan dan pengetahuan, tetapi juga bagaimana membantu Warga Binaan memiliki pengendalian diri yang baik. Melalui yoga, mereka belajar mengatur napas, melatih fokus, dan menjaga keseimbangan emosi sehingga menjalani proses pembinaan dengan lebih positif,” ujarnya.

Kegiatan yoga yang terlaksana melalui kerja sama dengan Kementerian Agama Kabupaten Tabanan tersebut dipandu oleh instruktur yoga, Luh Sonia. “Yoga membantu menjaga kebugaran tubuh sekaligus memberikan ruang bagi pikiran untuk lebih tenang. Ketika tubuh dan pikiran berada dalam kondisi yang seimbang, seseorang akan lebih mudah mengelola stres, meningkatkan konsentrasi, dan menjalani aktivitas dengan lebih baik,” jelasnya.

Salah seorang Warga Binaan, Pandu, merasakan manfaat positif setelah mengikuti kegiatan yoga secara rutin. “Setelah mengikuti yoga, saya merasa tubuh lebih segar dan pikiran lebih rileks. Kegiatan ini membantu saya belajar lebih sabar, lebih fokus, dan lebih tenang dalam menjalani hari-hari selama berada di Lapas,” jelasnya.

Melalui kegiatan yoga, Lapas Tabanan terus menghadirkan pembinaan yang tidak hanya berorientasi pada kesehatan fisik, tetapi juga mendukung penguatan mental dan pengendalian diri. Dengan tubuh yang sehat dan pikiran yang tenang, Warga Binaan diharapkan makin siap menjalani proses pembinaan dan menata kehidupan yang lebih baik di masa depan. (IR)





Kontributor: Lapas Tabanan",Direktorat Jenderal Pemasyarakatan,"Dajan Peken, 82114, Tabanan, Tabanan, Bali, Indonesia",-8.536609490935,115.13552944186335,5,"2, 7","kejaksaan, kejatibali, kejaritabanan, tabanan, news"
Perkuat Penegakan Perda Satpol PP Tabanan Siapkan Layanan Pengaduan,2026-09-24T11:47:56.000Z,"Kabupaten Tabanan, Bali, Indonesia","Perkuat Penegakan Perda, Satpol PP Tabanan Siapkan Layanan Pengaduan - BALIPOST.com","Petugas Satpol PP saat melakukan pengecekan ke lapangan. (BP/istimewa)SINGASANA, BALIPOST.com – Satuan Polisi Pamong Praja (Satpol PP) Kabupaten Tabanan memperkuat penegakan peraturan daerah (perda) melalui Sistem Pelaporan Pengamanan Daerah (Sipanda) dan layanan pengaduan masyarakat.","Langkah ini dilakukan untuk memudahkan masyarakat melaporkan berbagai persoalan sekaligus memastikan setiap laporan ditindaklanjuti sesuai kewenangan dan prosedur yang berlaku.Kepala Satpol PP Tabanan, I Putu Agus Hendra Manik Mastawa, mengatakan penegakan perda tidak serta-merta dilakukan dengan tindakan di lapangan. Setiap pengaduan terlebih dahulu diverifikasi melalui pengecekan lokasi dan kajian sebelum diteruskan kepada organisasi perangkat daerah (OPD) yang memiliki kewenangan.“Pengaduan yang masuk kami tindaklanjuti dengan turun ke lokasi.","Pada Hari Kamis , 24 September 2026 11:47, Tabanan, Tabanan, Bali

Petugas Satpol PP saat melakukan pengecekan ke lapangan. (BP/istimewa)SINGASANA, BALIPOST.com – Satuan Polisi Pamong Praja (Satpol PP) Kabupaten Tabanan memperkuat penegakan peraturan daerah (perda) melalui Sistem Pelaporan Pengamanan Daerah (Sipanda) dan layanan pengaduan masyarakat. Langkah ini dilakukan untuk memudahkan masyarakat melaporkan berbagai persoalan sekaligus memastikan setiap laporan ditindaklanjuti sesuai kewenangan dan prosedur yang berlaku.Kepala Satpol PP Tabanan, I Putu Agus Hendra Manik Mastawa, mengatakan penegakan perda tidak serta-merta dilakukan dengan tindakan di lapangan. Setiap pengaduan terlebih dahulu diverifikasi melalui pengecekan lokasi dan kajian sebelum diteruskan kepada organisasi perangkat daerah (OPD) yang memiliki kewenangan.“Pengaduan yang masuk kami tindaklanjuti dengan turun ke lokasi. Setelah itu dilakukan kajian untuk menentukan OPD pemangku kewenangannya,” ujarnya, Kamis (24/9).Menurutnya, pola tersebut penting agar penegakan perda tidak selalu dibebankan kepada Satpol PP. Sebab, sejumlah persoalan membutuhkan keterlibatan lintas sektor, seperti Dinas Pekerjaan Umum, perizinan, pertanian, kebudayaan maupun lingkungan hidup.Dicontohkannya, ketika masyarakat melaporkan adanya bangunan baru atau material bangunan yang berada di pinggir jalan, petugas Satpol PP akan turun mengecek kondisi di lapangan. Petugas kemudian berkoordinasi dengan kepala kewilayahan maupun pihak yang melakukan pembangunan.Hasil pengecekan tersebut selanjutnya dirujuk kepada instansi yang berwenang sesuai permasalahan. Dengan mekanisme ini, Satpol PP tidak langsung melakukan penindakan tanpa dasar dan kajian. “Tidak ujug-ujug Satpol PP melakukan penindakan. Ada aturan dan SOP yang harus dilalui. Kalau memang berkaitan dengan kewenangan OPD lain, kami teruskan kepada OPD tersebut,” jelasnya.Hal serupa diterapkan dalam penanganan persoalan sampah. Ketika ada laporan mengenai pembuangan sampah, petugas turun ke lokasi, mendokumentasikan kondisi dan melakukan pendekatan kepada masyarakat.Selanjutnya, laporan tersebut diteruskan kepada Dinas Lingkungan Hidup (DLH) sesuai kewenangannya. Hendra Manik menegaskan, pendekatan humanis tetap menjadi bagian penting dalam penegakan perda. Sosialisasi juga terus dilakukan kepada desa adat maupun kepala kewilayahan agar masyarakat memahami aturan sebelum dilakukan tindakan.Sementara itu, untuk laporan yang berkaitan dengan kebakaran atau kebutuhan layanan pemadam kebakaran (Damkar), penanganannya dilakukan secara langsung. Masyarakat dapat menyampaikan pengaduan melalui layanan yang disiapkan Satpol PP sehingga petugas dapat segera turun ke lokasi. Sejak layanan tersebut diperkuat setelah Agus bertugas di Satpol PP Tabanan pada 13 Agustus 2026, tercatat sekitar 20 hingga 30 pengaduan masyarakat telah diterima hingga saat ini. Dari jumlah tersebut, sebagian besar berkaitan dengan layanan Damkar.Pengaduan yang masuk antara lain terkait kebutuhan pengambilan air, jarak sumber air, persoalan hydrant, hingga laporan bangunan yang diduga melanggar aturan. “Kalau untuk Damkar, setiap pengaduan jelas dan langsung kami tindaklanjuti dengan turun ke lokasi,” katanya.Ke depan, Satpol PP Tabanan juga mengusulkan adanya dashboard khusus untuk pengaduan masyarakat. Saat ini, mekanisme pengaduan masih banyak dilakukan melalui sambungan telepon maupun kanal yang telah disiapkan. Agus berharap sistem tersebut semakin memudahkan masyarakat menyampaikan laporan sekaligus meningkatkan keterbukaan dalam penegakan perda. “Siapa pun bisa mengakses dan menyampaikan pengaduan. Intinya, kami ingin penegakan perda dilakukan secara terbuka, tetapi tetap humanis dan sesuai aturan,” tegasnya.(Puspawati/balipost)",BALIPOST.com,"Dajan Peken, 82114, Tabanan, Tabanan, Bali, Indonesia",-8.536609490935,115.13552944186335,5,"2, 7","kejaksaan, kejatibali, kejaritabanan, tabanan, news"
Rumah Siap Lelang Perumahan Permata Rajawali Residence No 6 Blok K Kel Subamia Kec Tabanan Kabupaten Tabanan Bali,2026-09-24T15:52:52.000Z,"Kabupaten Tabanan, Bali, Indonesia","Rumah Siap Lelang Perumahan Permata Rajawali Residence, No. 6, Blok K, Kel. Subamia, Kec. Tabanan, Kabupaten Tabanan, Bali - Rumah123","Tabanan, TabananDiperbarui 24 September 2026 oleh Bank Tabungan NegaraOverviewInformasi Rumah DijualLokasi PropertiData dan informasi Info Lelang mengikuti keadaan terkini dan apa adanya berdasarkan catatan administratif Bank yang dapat berubah sewaktu-waktu. Peminat aset dianggap memahami segala risiko yang ada dalam transaksi jual beli dan tidak akan mengajukan klaim kepada Bank dan/atau pegawainya dalam bentuk apa pun.Rumah123 adalah situs teknologi jual beli dan sewa properti terdepan di Indonesia, yang hadir sejak tahun 2007 dan telah melayani jutaan orang di Indonesia.","Rumah123 senantiasa berkomitmen untuk membuat pengalaman 'Jual Beli dan Sewa Properti Lebih Mudah' dengan dukungan dari developer terkemuka serta agen profesional.Layanan Pengaduan KonsumenDirektorat Jenderal Perlindungan Konsumen dan Tertib Niaga (Ditjen PKTN)WhatsApp Ditjen PKTN 0853 1111 1010E-commerce dan Platform Online Terbaik BI Awards 2024Download Aplikasi Rumah123Kembali ke atas © 99.co 2014 — 2026Rumah123 (PT Web Marketing Indonesia) 
 merupakan bagian dari 99 Group..","Pada Hari Kamis , 24 September 2026 15:52, Tabanan, Tabanan, Bali

Tabanan, TabananDiperbarui 24 September 2026 oleh Bank Tabungan NegaraOverviewInformasi Rumah DijualLokasi PropertiData dan informasi Info Lelang mengikuti keadaan terkini dan apa adanya berdasarkan catatan administratif Bank yang dapat berubah sewaktu-waktu. Peminat aset dianggap memahami segala risiko yang ada dalam transaksi jual beli dan tidak akan mengajukan klaim kepada Bank dan/atau pegawainya dalam bentuk apa pun.Rumah123 adalah situs teknologi jual beli dan sewa properti terdepan di Indonesia, yang hadir sejak tahun 2007 dan telah melayani jutaan orang di Indonesia. Rumah123 senantiasa berkomitmen untuk membuat pengalaman 'Jual Beli dan Sewa Properti Lebih Mudah' dengan dukungan dari developer terkemuka serta agen profesional.Layanan Pengaduan KonsumenDirektorat Jenderal Perlindungan Konsumen dan Tertib Niaga (Ditjen PKTN)WhatsApp Ditjen PKTN 0853 1111 1010E-commerce dan Platform Online Terbaik BI Awards 2024Download Aplikasi Rumah123Kembali ke atas © 99.co 2014 — 2026Rumah123 (PT Web Marketing Indonesia) 
 merupakan bagian dari 99 Group.",Rumah123,"Dajan Peken, 82114, Tabanan, Tabanan, Bali, Indonesia",-8.536609490935,115.13552944186335,5,"2, 7","kejaksaan, kejatibali, kejaritabanan, tabanan, news"
Buka Pelatihan Kehumasan PWI Tabanan Bupati Sanjaya Tekankan Pentingnya Kode Etik di Era Digital,2026-09-24T11:39:06.000Z,"Kabupaten Tabanan, Bali, Indonesia","Buka Pelatihan Kehumasan PWI Tabanan, Bupati Sanjaya Tekankan Pentingnya Kode Etik di Era Digital - Barometer Bali","Barometer Bali | Tabanan – Derasnya arus informasi di era digital menuntut pengelolaan komunikasi publik yang semakin profesional, informatif, dan berintegritas. Hal tersebut menjadi perhatian dalam kegiatan Penguatan Fungsi Kehumasan yang digelar Persatuan Wartawan Indonesia (PWI) Kabupaten Tabanan, Rabu, (23/9) di Ruang Rapat Jayaning Singasana, Kantor Bupati Tabanan dan dibuka langsung oleh Bupati Tabanan, Dr.","I Komang Gede Sanjaya, S.E., M.M.
Mengusung tema “Penguatan Kompetensi Kehumasan dalam Mewujudkan Komunikasi Publik yang Profesional, Informatif, dan Berintegritas”, kegiatan ini diikuti sekitar 50 peserta dari perangkat daerah dan instansi vertikal di Tabanan. Kegiatan ini menjadi ruang penguatan kapasitas bagi pengelola kehumasan dalam menyampaikan informasi kepada masyarakat di tengah perkembangan teknologi dan cepatnya arus komunikasi digital.
Turut hadir Ketua DPRD Kabupaten Tabanan yang diwakili oleh Putu Eka Putra Nurcahyadi, Kapolres Tabanan, AKBP I Putu Bayu Pati, S.I.K., M.H, dan Jajaran Forkopimda Tabanan atau yang mewakili, Ketua Dewan Kehormatan Provinsi PWI Bali I G.M.B.","Pada Hari Kamis , 24 September 2026 11:39, Tabanan, Tabanan, Bali

Barometer Bali | Tabanan – Derasnya arus informasi di era digital menuntut pengelolaan komunikasi publik yang semakin profesional, informatif, dan berintegritas. Hal tersebut menjadi perhatian dalam kegiatan Penguatan Fungsi Kehumasan yang digelar Persatuan Wartawan Indonesia (PWI) Kabupaten Tabanan, Rabu, (23/9) di Ruang Rapat Jayaning Singasana, Kantor Bupati Tabanan dan dibuka langsung oleh Bupati Tabanan, Dr. I Komang Gede Sanjaya, S.E., M.M.
Mengusung tema “Penguatan Kompetensi Kehumasan dalam Mewujudkan Komunikasi Publik yang Profesional, Informatif, dan Berintegritas”, kegiatan ini diikuti sekitar 50 peserta dari perangkat daerah dan instansi vertikal di Tabanan. Kegiatan ini menjadi ruang penguatan kapasitas bagi pengelola kehumasan dalam menyampaikan informasi kepada masyarakat di tengah perkembangan teknologi dan cepatnya arus komunikasi digital.
Turut hadir Ketua DPRD Kabupaten Tabanan yang diwakili oleh Putu Eka Putra Nurcahyadi, Kapolres Tabanan, AKBP I Putu Bayu Pati, S.I.K., M.H, dan Jajaran Forkopimda Tabanan atau yang mewakili, Ketua Dewan Kehormatan Provinsi PWI Bali I G.M.B. Dwikora Putra, Ketua PWI Provinsi Bali, Wayan Dira Arsana, beserta jajaran pengurus PWI Bali, Sekda dan Kepala Perangkat Daerah terkait, Perwakilan Kepala Kantor Kementerian Agama, Kantor Imigrasi Kelas I Non TPI dan Lapas Tabanan, Ketua KPU, Ketua Bawaslu dan Ketua KONI Tabanan, serta undangan lainnya.
Bupati Sanjaya mengapresiasi inisiatif PWI Tabanan dan PWI Bali yang menurutnya menjadi langkah strategis dalam meningkatkan kompetensi kehumasan sekaligus memperkuat kontribusi pers dalam pembangunan daerah. “Atas nama Pemerintah Daerah Kabupaten Tabanan, saya menyambut baik dan mengapresiasi kegiatan ini. Inisiatif yang dilakukan oleh saudara-saudara kami, khususnya PWI Tabanan maupun PWI Bali, merupakan langkah yang sangat strategis dalam memperkuat kompetensi kehumasan untuk mewujudkan komunikasi publik yang profesional, informatif, dan berintegritas. Hal ini sekaligus menjadi wujud nyata kontribusi pers dalam pembangunan di Kabupaten Tabanan,” ujar Sanjaya.
Menurutnya, perkembangan teknologi telah membuat arus informasi berlangsung semakin cepat, sehingga insan pers maupun humas dituntut memahami etika dalam menjalankan tugasnya. “Karena tantangan PWI, Persatuan Wartawan Indonesia khususnya Tabanan, Bali, bahkan Indonesia, saat ini luar biasa tantangannya. Ternyata begitu dahsyat arus digitalisasi, arus informasi komunikasi begitu cepat,” ungkap Sanjaya sembari menekankan pentingnya pemahaman terhadap kode etik agar informasi yang disampaikan kepada masyarakat tetap memiliki nilai edukatif dan tidak sekadar mengejar perhatian publik.
Sanjaya juga menegaskan, bahwa di era digital seperti saat ini, peran agen perubahan sangat penting dalam mendorong inovasi dan menghadapi berbagai tantangan yang terus berkembang. “Kita mestinya menjadi agen perubahan, agen yang memberitakan, agen yang harus duluan mengerti kode etik daripada yang tidak mengerti kode etik. Ketika pemberita tahu kode etik jurnalistik kehumasan, juga nanti akhirnya bisa mengedukasi kepada anak-anak kita kedepan,” tegasnya.
Ia juga mengingatkan agar kebutuhan untuk membuat informasi menjadi viral tidak mengesampingkan kesesuaian antara judul dan isi pemberitaan. Dalam kesempatan tersebut, Bupati Sanjaya juga menyampaikan pentingnya memperluas pemahaman kehumasan hingga ke tingkat desa. Ia berharap peningkatan kapasitas tidak berhenti pada lingkungan pemerintah daerah, tetapi dapat berkembang hingga 133 desa di Kabupaten Tabanan sehingga aparatur desa memiliki kemampuan yang memadai ketika berhadapan dengan media maupun mengelola informasi publik.
Sementara itu, Ketua PWI Provinsi Bali, I Wayan Dira Arsana, menyampaikan bahwa peran humas saat ini tidak lagi sebatas kemampuan menulis, tetapi juga membutuhkan kemampuan mengelola informasi secara strategis. “Humas sekarang tentu tidak hanya cakap menulis, tapi ke depan dituntut juga menjadi manajemen, mampu memetakan mana yang layak, mana yang pantas, mana yang perlu dijelaskan, mana yang perlu diklarifikasi, sehingga wajah pimpinan benar-benar terselamatkan dengan karya-karya humas,” jelasnya sekaligus menegaskan pentingnya sinergi antara PWI, pemerintah, dan insan humas dalam membangun komunikasi publik yang profesional sekaligus menjaga kualitas informasi yang diterima masyarakat.
Sebelumnya, Ketua PWI Kabupaten Tabanan selaku panitia pelaksana acara, Dewi Puspawati menyampaikan, bahwa kegiatan ini merupakan bentuk komitmen PWI Kabupaten Tabanan dalam mendukung peningkatan kapasitas dan profesionalisme tenaga kehumasan. Pelatihan juga diarahkan untuk meningkatkan keterampilan dalam menyusun informasi yang informatif dan menarik serta memperkuat kemitraan antara pers dan pemerintah. “Semoga kerja sama yang terjalin dalam kegiatan yang diselenggarakan hari ini dapat memberikan manfaat sebesar-besarnya bagi masyarakat dan kemajuan Kabupaten Tabanan, Bali, dan kemajuan Tabanan, kemajuan Bali, kemajuan Negara Republik Indonesia, bahkan kemajuan dunia,” imbuhnya. (rah)",Barometer Bali,"Dajan Peken, 82114, Tabanan, Tabanan, Bali, Indonesia",-8.536609490935,115.13552944186335,5,"2, 7","kejaksaan, kejatibali, kejaritabanan, tabanan, news"
PWI Tabanan Gelar Pelatihan dan Penguatan Kehumasan OPD,2026-09-24T12:00:48.000Z,"Kabupaten Tabanan, Bali, Indonesia",PWI Tabanan Gelar Pelatihan dan Penguatan Kehumasan OPD - Bali Tribune,"Bali Tribune / PEMBUKAAN - Sesi pembukaan Pelatihan Kehumasan OPD yang digelar PWI Tabanan pada Rabu (23/9/2026).balitribune.co.id | Tabanan - Persatuan Wartawan Indonesia (PWI) Tabanan menggelar Pelatihan Kehumasan Organisasi Perangkat Daerah (OPD) di Ruang Rapat Utama Jayaning Singasana pada Rabu (23/9/2026). Kegiatan pelatihan yang diikuti 50 peserta perwakilan staf humas OPD dan instansi vertikal ini dibuka secara resmi oleh Bupati Tabanan I Komang Gede Sanjaya.
Tidak hanya OPD di lingkungan Pemkab Tabanan, kegiatan ini juga diikuti instansi vertikal, perumda, serta sejumlah manajemen Daya Tarik Wisata (DTW).","Ketua PWI Tabanan sekaligus Ketua Panitia Acara Pelatihan Dewi Puspawati menyampaikan bahwa agenda penguatan kapasitas ini dirancang sebagai komitmen PWI dalam memacu kemampuan personel kehumasan lingkungan Pemkab Tabanan. “Tujuannya untuk meningkatkan pemahaman dan keterampilan staf kehumasan dalam mengelola komunikasi publik, menyusun informasi yang informatif dan menarik, serta memperkuat kemitraan antara pers dan pemerintah,” ujar Dewi.
Bupati Sanjaya menyambut baik inisiatif penyelenggaraan pelatihan kehumasan tersebut.","Pada Hari Kamis , 24 September 2026 12:00, Tabanan, Tabanan, Bali

Bali Tribune / PEMBUKAAN - Sesi pembukaan Pelatihan Kehumasan OPD yang digelar PWI Tabanan pada Rabu (23/9/2026).balitribune.co.id | Tabanan - Persatuan Wartawan Indonesia (PWI) Tabanan menggelar Pelatihan Kehumasan Organisasi Perangkat Daerah (OPD) di Ruang Rapat Utama Jayaning Singasana pada Rabu (23/9/2026). Kegiatan pelatihan yang diikuti 50 peserta perwakilan staf humas OPD dan instansi vertikal ini dibuka secara resmi oleh Bupati Tabanan I Komang Gede Sanjaya.
Tidak hanya OPD di lingkungan Pemkab Tabanan, kegiatan ini juga diikuti instansi vertikal, perumda, serta sejumlah manajemen Daya Tarik Wisata (DTW). Ketua PWI Tabanan sekaligus Ketua Panitia Acara Pelatihan Dewi Puspawati menyampaikan bahwa agenda penguatan kapasitas ini dirancang sebagai komitmen PWI dalam memacu kemampuan personel kehumasan lingkungan Pemkab Tabanan. “Tujuannya untuk meningkatkan pemahaman dan keterampilan staf kehumasan dalam mengelola komunikasi publik, menyusun informasi yang informatif dan menarik, serta memperkuat kemitraan antara pers dan pemerintah,” ujar Dewi.
Bupati Sanjaya menyambut baik inisiatif penyelenggaraan pelatihan kehumasan tersebut. Ia menekankan, praktisi humas pemerintah di era digitalisasi dituntut memahami aturan hukum serta menyajikan fakta pembangunan secara objektif kepada publik. “Di era digitalisasi saat ini, kita butuh informasi yang profesional, edukatif, dan existing atau apa adanya sesuai realita pembangunan, bukan berita yang bombastis atau dibuat-buat,” kata Sanjaya. Sanjaya turut mengimbau agar jajaran OPD hingga aparatur pemerintahan desa dibekali pemahaman jurnalistik dasar yang sama. Selain itu, Pemkab Tabanan terus berkomitmen menata kawasan perkotaan dan perdesaan secara seimbang di tengah keterbatasan anggaran daerah. 
Ketua PWI Bali I Wayan Dira Arsana mengapresiasi kepemimpinan Bupati Sanjaya dan menyoroti pergeseran peran humas pemerintah. Menurutnya, humas kini wajib menguasai pemetaan data untuk menetralkan hoaks di tengah derasnya arus investasi daerah. “Humas sekarang tidak hanya dituntut cakap menulis, tetapi juga harus mampu memetakan mana informasi yang layak, pantas, serta perlu diklarifikasi. Di tengah tingginya arus investasi dan dinamika informasi di Tabanan, sinergi antara humas dan wartawan menjadi kunci untuk menetralkan hoaks demi menjaga citra positif daerah,” terang Dira Arsana.
Usai sesi pembukaan, kegiatan dilanjutkan dengan pemaparan materi dari tiga narasumber kehumasan. Sekretaris Diskominfo Kabupaten Tabanan I Gusti Putu Winiantara membagikan tiga langkah strategis pencegahan disinformasi, yakni konsolidasi data internal, optimalisasi situs web resmi sebagai basis data publik, serta transparansi pemberitaan bernilai edukasi. Selaras dengan hal tersebut, Ketua Dewan Kehormatan PWI Bali, IGMB Dwikora Putra, mengingatkan bahwa jajaran humas pemerintah dan wartawan berada pada pijakan pelayanan yang sama untuk masyarakat. “Teman-teman di pemerintahan dan media sama-sama bekerja untuk publik. Objek dan subjek yang dilayani itu sama, yaitu masyarakat. Mestinya kita adalah partner. Ketika tidak sepakat atau berdebat, itu hal yang wajar karena sudut pandang yang berbeda, namun yang terpenting adalah keselarasan dan kejujuran,” tutur Dwikora.
Sesi pembekalan ditutup oleh Wakil Ketua Bidang Pendidikan PWI Bali Arief Wibisono yang membedah teknik penulisan siaran pers berbasis struktur piramida terbalik dan penguatan kutipan pejabat. Rangkaian acara ini turut dihadiri Sekretaris Daerah Kabupaten Tabanan I Gede Susila, perwakilan DPRD Tabanan, unsur Forkopimda, serta pimpinan instansi vertikal se-Kabupaten Tabanan.",Bali Tribune,"Dajan Peken, 82114, Tabanan, Tabanan, Bali, Indonesia",-8.536609490935,115.13552944186335,5,"2, 7","kejaksaan, kejatibali, kejaritabanan, tabanan, news"
Ibu Hamil di Tabanan Ngidam Naik Mobil Damkar,2026-09-24T11:25:00.000Z,"Kabupaten Tabanan, Bali, Indonesia",Ibu Hamil di Tabanan Ngidam Naik Mobil Damkar - kilasbali.com,"TABANAN, Kilasbali.com – Seorang ibu hamil berusia enam bulan di Kabupaten Tabanan, Ni Putu Lilik Mas Juliantari (25), mengalami kejadian unik lantaran mendadak ngidam ingin menaiki mobil pemadam kebakaran (damkar).Keinginan tidak biasa warga Banjar Jagatamu, Desa Meliling, Kecamatan Kerambitan tersebut akhirnya terwujud setelah mendatangi Kantor Damkar Tabanan pada Minggu (20/9).Dorongan kuat untuk sekadar duduk di mobil damkar itu sudah muncul sejak sehari sebelumnya, Sabtu (19/9).Dorongan kuat yang oleh orang Bali disebut dengan istilah kletegan itu muncul saat Lilik sedang bekerja.Ia mendadak membayangkan dan terbayang-bayang ingin berada di dalam kabin armada pemadam kebakaran.Lilik lantas menghubungi sang suami untuk mengutarakan rasa ngidamnya yang tidak biasa itu.Kendati tidak memiliki latar belakang maupun keterikatan khusus dengan dunia pemadam kebakaran, Lilik mengaku dorongan itu muncul murni dari dalam dirinya.“Saat sedang kerja tiba-tiba pengen sekali naik mobil damkar. Saya langsung telepon suami dan bilang ingin naik mobil damkar,” ujar Lilik.Mendengar permintaan sang istri, suami Lilik sempat kaget dan bingung.","Demikian juga dengan anggota keluarga lainnya.Namun, pihak keluarga berupaya mencarikan jalan dengan meminta bantuan salah seorang kerabatnya yang bertugas sebagai anggota Satpol PP Tabanan.Singkat cerita, rasa ngidam Lilik itu akhirnya kesampaian juga pada Minggu (20/9) saat ia dibolehkan ke Kantor Damkar Tabanan.Rombongan pasangan suami istri itu datang ke Kantor Damkar Tabanan di Desa Gubug, Kecamatan Tabanan, sekitar pukul 14.00 Wita.Kedatangan bumil tersebut disambut hangat dan ramah oleh para petugas jaga di lokasi.Petugas damkar bahkan mempersilakan Lilik mencoba masuk ke beberapa unit kendaraan operasional hingga menawarkan untuk membawanya berkeliling.Meski demikian, Lilik menolak tawaran keliling kota secara halus lantaran merasa sungkan dan memilih cukup duduk di dalam kabin mobil.“Saya tidak mau keliling karena merasa tidak enak. Tapi saya sudah sangat senang bisa naik mobil damkar dan duduk di dalam mobil.","Pada Hari Kamis , 24 September 2026 11:25, Tabanan, Tabanan, Bali

TABANAN, Kilasbali.com – Seorang ibu hamil berusia enam bulan di Kabupaten Tabanan, Ni Putu Lilik Mas Juliantari (25), mengalami kejadian unik lantaran mendadak ngidam ingin menaiki mobil pemadam kebakaran (damkar).Keinginan tidak biasa warga Banjar Jagatamu, Desa Meliling, Kecamatan Kerambitan tersebut akhirnya terwujud setelah mendatangi Kantor Damkar Tabanan pada Minggu (20/9).Dorongan kuat untuk sekadar duduk di mobil damkar itu sudah muncul sejak sehari sebelumnya, Sabtu (19/9).Dorongan kuat yang oleh orang Bali disebut dengan istilah kletegan itu muncul saat Lilik sedang bekerja.Ia mendadak membayangkan dan terbayang-bayang ingin berada di dalam kabin armada pemadam kebakaran.Lilik lantas menghubungi sang suami untuk mengutarakan rasa ngidamnya yang tidak biasa itu.Kendati tidak memiliki latar belakang maupun keterikatan khusus dengan dunia pemadam kebakaran, Lilik mengaku dorongan itu muncul murni dari dalam dirinya.“Saat sedang kerja tiba-tiba pengen sekali naik mobil damkar. Saya langsung telepon suami dan bilang ingin naik mobil damkar,” ujar Lilik.Mendengar permintaan sang istri, suami Lilik sempat kaget dan bingung. Demikian juga dengan anggota keluarga lainnya.Namun, pihak keluarga berupaya mencarikan jalan dengan meminta bantuan salah seorang kerabatnya yang bertugas sebagai anggota Satpol PP Tabanan.Singkat cerita, rasa ngidam Lilik itu akhirnya kesampaian juga pada Minggu (20/9) saat ia dibolehkan ke Kantor Damkar Tabanan.Rombongan pasangan suami istri itu datang ke Kantor Damkar Tabanan di Desa Gubug, Kecamatan Tabanan, sekitar pukul 14.00 Wita.Kedatangan bumil tersebut disambut hangat dan ramah oleh para petugas jaga di lokasi.Petugas damkar bahkan mempersilakan Lilik mencoba masuk ke beberapa unit kendaraan operasional hingga menawarkan untuk membawanya berkeliling.Meski demikian, Lilik menolak tawaran keliling kota secara halus lantaran merasa sungkan dan memilih cukup duduk di dalam kabin mobil.“Saya tidak mau keliling karena merasa tidak enak. Tapi saya sudah sangat senang bisa naik mobil damkar dan duduk di dalam mobil. Sudah senang sekali,” tuturnya.Pengalaman tak terlupakan di usia kandungan enam bulan ini menjadi kenangan tersendiri bagi Lilik.Walau belum mempersiapkan nama khusus untuk calon bayinya dari peristiwa unik tersebut, ia menyelipkan doa agar sang anak kelak bisa mengabdi sebagai petugas pemadam kebakaran.“Astungkara. Nanti kalau rejeki. Kalau anaknya sudah besar, semoga jadi petugas damkar,” kata Lilik dengan doa dan harapan sederhananya. (c/kb)",kilasbali.com,"Dajan Peken, 82114, Tabanan, Tabanan, Bali, Indonesia",-8.536609490935,115.13552944186335,5,"2, 7","kejaksaan, kejatibali, kejaritabanan, tabanan, news"
218 Hewan di Tista Divaksinasi Rabies,2026-09-25T00:04:47.000Z,"Kabupaten Tabanan, Bali, Indonesia",218 Hewan di Tista Divaksinasi Rabies - nusabali.com,"SINGASANA, NusaBali - Sebanyak 218 hewan peliharaan milik warga Desa Tista, Kecamatan Kerambitan, Tabanan, mendapat vaksinasi rabies, Kamis (24/9/2026). Vaksinasi serentak yang digelar Dinas Peternakan Tabanan yang menyasar hewan peliharaan di empat banjar dinas sebagai upaya menekan risiko penyebaran rabies.
                                                        
                            Dari 218 hewan yang divaksin, sebanyak 212 ekor merupakan anjing dan enam ekor kucing.","Vaksinasi terbanyak berlangsung di Banjar Dinas Lebah dengan 111 ekor, kemudian Banjar Dinas Dauh Pangkung sebanyak 48 ekor, Carik 30 ekor, dan Dangin Pangkung 29 ekor.Pelaksanaan vaksinasi mendapat pendampingan Babinsa Desa Tista, Serda Pande Putu Jaya Mahandita. Dia bersama Bhabinkamtibmas dan perangkat kewilayahan turut memantau jalannya kegiatan sekaligus mengajak masyarakat membawa hewan peliharaan untuk mendapatkan vaksin rabies.Vaksinasi dilaksanakan oleh delapan petugas dari Puskeswan II Tabanan yang dipimpin Kepala Tata Usaha Wayan Gunarta.","Pada Hari Jumat , 25 September 2026 00:04, Tabanan, Tabanan, Bali

SINGASANA, NusaBali - Sebanyak 218 hewan peliharaan milik warga Desa Tista, Kecamatan Kerambitan, Tabanan, mendapat vaksinasi rabies, Kamis (24/9/2026). Vaksinasi serentak yang digelar Dinas Peternakan Tabanan yang menyasar hewan peliharaan di empat banjar dinas sebagai upaya menekan risiko penyebaran rabies.
                                                        
                            Dari 218 hewan yang divaksin, sebanyak 212 ekor merupakan anjing dan enam ekor kucing. Vaksinasi terbanyak berlangsung di Banjar Dinas Lebah dengan 111 ekor, kemudian Banjar Dinas Dauh Pangkung sebanyak 48 ekor, Carik 30 ekor, dan Dangin Pangkung 29 ekor.Pelaksanaan vaksinasi mendapat pendampingan Babinsa Desa Tista, Serda Pande Putu Jaya Mahandita. Dia bersama Bhabinkamtibmas dan perangkat kewilayahan turut memantau jalannya kegiatan sekaligus mengajak masyarakat membawa hewan peliharaan untuk mendapatkan vaksin rabies.Vaksinasi dilaksanakan oleh delapan petugas dari Puskeswan II Tabanan yang dipimpin Kepala Tata Usaha Wayan Gunarta. Kegiatan dipusatkan di Banjar Dinas Dangin Pangkung, Dauh Pangkung, Lebah, dan Carik. Sekitar 300 warga turut hadir dalam kegiatan tersebut. Sejak dimulai sekitar pukul 09.00 WITA, warga secara bergiliran membawa anjing dan kucing peliharaan mereka ke lokasi vaksinasi yang telah ditentukan.Serda Pande Putu Jaya Mahandita mengatakan vaksinasi rabies merupakan salah satu langkah penting dalam mencegah penyebaran penyakit rabies, baik terhadap hewan maupun manusia. “Kami mengajak masyarakat untuk lebih peduli terhadap kesehatan hewan peliharaan. Vaksinasi bukan hanya untuk melindungi hewan, tetapi juga menjadi langkah pencegahan agar rabies tidak menyebar dan membahayakan masyarakat,” ujarnya.Ia berharap masyarakat tidak menunda vaksinasi dan memanfaatkan layanan vaksinasi yang disediakan pemerintah. Menurutnya, peran pemilik hewan sangat penting dalam mendukung upaya pengendalian rabies di lingkungan masing-masing.Rangkaian vaksinasi di empat banjar dinas tersebut berlangsung sekitar 1 jam 20 menit dan berakhir sekitar pukul 10.20 WITA. Seluruh hewan yang menjadi sasaran dan dibawa warga ke lokasi kegiatan telah mendapat pelayanan vaksinasi.*des",nusabali.com,"Dajan Peken, 82114, Tabanan, Tabanan, Bali, Indonesia",-8.536609490935,115.13552944186335,5,"2, 7","kejaksaan, kejatibali, kejaritabanan, tabanan, news"
Senangnya Ibu Hamil di Tabanan Bisa Obati Ngidam Naik Mobil Damkar,2026-09-24T07:09:00.000Z,"Kabupaten Tabanan, Bali, Indonesia",Senangnya Ibu Hamil di Tabanan Bisa Obati Ngidam Naik Mobil Damkar - detikcom,"Tabanan -
			    Ibu hamil di Tabanan, Bali, Ni Putu Lilik Mas Juliantari, mengidam naik mobil pemadam kebakaran (damkar). Perempuan yang tinggal di Banjar Jagatamu, Desa Meliling, Kecamatan Kerambitan, itu begitu senang kala rasa ngidamnya terobati.Keinginan Lilik untuk naik mobil damkar muncul secara spontan pada Sabtu (19/9/2026).","Rasa ngidam itu muncul saat Lilik sedang bekerja. Keinginannya Lilik untuk naik mobil pengakut air itu begitu kuat.""Saat sedang kerja tiba-tiba pengen sekali naik mobil damkar.","Pada Hari Kamis , 24 September 2026 07:09, Tabanan, Tabanan, Bali

Tabanan -
			    Ibu hamil di Tabanan, Bali, Ni Putu Lilik Mas Juliantari, mengidam naik mobil pemadam kebakaran (damkar). Perempuan yang tinggal di Banjar Jagatamu, Desa Meliling, Kecamatan Kerambitan, itu begitu senang kala rasa ngidamnya terobati.Keinginan Lilik untuk naik mobil damkar muncul secara spontan pada Sabtu (19/9/2026). Rasa ngidam itu muncul saat Lilik sedang bekerja. Keinginannya Lilik untuk naik mobil pengakut air itu begitu kuat.""Saat sedang kerja tiba-tiba pengen sekali naik mobil damkar. Saya langsung telepon suami dan bilang ingin naik mobil damkar,"" tutur perempuan yang tengah hamil enam bulan itu.




SCROLL TO CONTINUE WITH CONTENT

Keinginan Lilik itu muncul secara tiba-tiba. Padahal, ia sebelumnya tidak memiliki pengalaman maupun hubungan khusus dengan mobil damkar. Suami Lilik pun kaget dengan keinginan tersebut.Rasa ngidam Lilik akhirnya diupayakan keluarga. Kebetulan, Lilik memiliki ipar sebagai anggota Satuan Polisi Pamong Praja (Satpol-PP) Tabanan. Keluarga akhirnya meminta bantuan kepada yang bersangkutan agar keinginan Lilik bisa diwujudkan.Foto: Ibu hamil, Ni Putu Lilik Mas Juliantari, berfoto di salah satu mobil damkar di Kantor Damkar Tabanan, Minggu (20/9/2026). (Istimewa)

                                                                            
                        Kesempatan Lilik untuk naik mobil damkar akhirnya datang sehari kemudian, Minggu (20/9/2026). Lilik bersama suaminya mendatangi Kantor Damkar Tabanan di Desa Gubug, Kecamatan Kerambitan, sekitar pukul 14.00 Wita.Tiba di lokasi, Lilik mendapat sambutan ramah dari para petugas. Petugas bahkan mempersilakan Lilik mencoba naik ke sejumlah mobil damkar. Ia juga sempat ditawari berkeliling menggunakan mobil tersebut.""Saya tidak mau keliling karena merasa tidak enak, tetapi saya sudah sangat senang bisa naik mobil damkar dan duduk di dalam mobil. Sudah senang sekali,"" ujar Lilik.Pengalaman singkat naik mobil damkar akan menjadi kenangan Lilik selama masa kehamilan. Lilik bahkan senang jika anak yang dilahirkan nanti mempunyai cita-cita menjadi petugas damkar.""Astungkara, nanti kalau rezeki, kalau anaknya sudah besar, semoga jadi petugas damkar,"" harap perempuan berusia 25 tahun ini.                    
            
            

            
            




            
           
            
            (hsa/hsa)",detikcom,"Dajan Peken, 82114, Tabanan, Tabanan, Bali, Indonesia",-8.536609490935,115.13552944186335,5,"2, 7","kejaksaan, kejatibali, kejaritabanan, tabanan, news"
Bupati Sanjaya Perketat Pengawasan Perumda Sanjayaning Singasana,2026-09-24T12:31:00.000Z,"Kabupaten Tabanan, Bali, Indonesia",Bupati Sanjaya Perketat Pengawasan Perumda Sanjayaning Singasana - nusabali.com,"SINGASANA, NusaBali.com - Bupati Tabanan I Komang Gede Sanjaya menyiapkan pengawasan lebih ketat terhadap Perumda Sanjayaning Singasana. Langkah ini menyusul DPRD Tabanan menyetujui penyertaan modal sebesar Rp6 miliar.
                                                        
                            Selain mengawasi langsung selaku Kuasa Pemilik Modal (KPM), Bupati Sanjaya berencana melibatkan akuntan publik untuk memastikan penggunaan modal dan pengelolaan usaha perusahaan daerah tersebut berjalan transparan dan sehat.Penyertaan modal Rp6 miliar itu telah mendapat persetujuan DPRD Tabanan melalui Perda tentang Penyertaan Modal Perumda Sanjayaning Singasana Tahun 2026.",Perda tersebut menjadi landasan hukum bagi pemerintah daerah untuk memenuhi penyertaan modal sekaligus mendukung pengembangan usaha dan operasional Perumda. “Saya kan di Perusda selaku KPM.,"Pada Hari Kamis , 24 September 2026 12:31, Tabanan, Tabanan, Bali

SINGASANA, NusaBali.com - Bupati Tabanan I Komang Gede Sanjaya menyiapkan pengawasan lebih ketat terhadap Perumda Sanjayaning Singasana. Langkah ini menyusul DPRD Tabanan menyetujui penyertaan modal sebesar Rp6 miliar.
                                                        
                            Selain mengawasi langsung selaku Kuasa Pemilik Modal (KPM), Bupati Sanjaya berencana melibatkan akuntan publik untuk memastikan penggunaan modal dan pengelolaan usaha perusahaan daerah tersebut berjalan transparan dan sehat.Penyertaan modal Rp6 miliar itu telah mendapat persetujuan DPRD Tabanan melalui Perda tentang Penyertaan Modal Perumda Sanjayaning Singasana Tahun 2026. Perda tersebut menjadi landasan hukum bagi pemerintah daerah untuk memenuhi penyertaan modal sekaligus mendukung pengembangan usaha dan operasional Perumda. “Saya kan di Perusda selaku KPM. Saya akan awasi betul. Saya juga cari akuntan publik untuk mengawasi,” ujarnya saat ditemui, Kamis (24/9/2026).Menurutnya, pengawasan diperlukan agar tambahan modal tersebut benar-benar digunakan untuk mengembangkan usaha Perumda dan pada akhirnya mampu memberikan kontribusi terhadap Pendapatan Asli Daerah (PAD) Tabanan. Ia menjelaskan, penyertaan modal Rp6 miliar tersebut bukan seluruhnya merupakan suntikan modal baru. Dana tersebut merupakan pemenuhan atas penyertaan modal yang sebelumnya telah disetujui Pemkab dan DPRD Tabanan.Saat Perusda Tabanan masih bernama Perusda Dharma Santika, penyertaan modal sebesar Rp10 miliar telah disepakati dalam pembahasan APBD 2019–2020. Namun, dari total tersebut baru Rp4 miliar yang direalisasikan kepada perusahaan daerah. “Penyertaan modal Rp6 miliar kembali kepada Perusda Sanjayaning Singasana adalah untuk memenuhi perda sebelumnya,” jelas Sanjaya.Di sisi lain, Sanjaya mengaku telah meminta penjelasan langsung kepada jajaran direksi baru Perumda Sanjayaning Singasana terkait kebutuhan tambahan modal tersebut. Dari penjelasan manajemen, modal akan diarahkan untuk mengembangkan sejumlah unit bisnis yang dinilai memiliki potensi.Salah satunya adalah pengembangan usaha yang berkaitan dengan pemasaran produk UMKM Tabanan dan hasil sektor pertanian. Perumda juga disebut tengah menyiapkan rencana pengembangan unit bisnis penjualan babi. Untuk sektor pertanian, salah satu peluang yang dibidik adalah pembelian hasil gabah petani. Perumda nantinya dapat berperan dalam rantai pembelian dan penjualan sehingga memperoleh margin dari transaksi tersebut. “Contohnya usaha pada unit bisnis pembelian hasil gabah petani. Suntikan modal ini dapat digunakan Perusda untuk bermain margin pembelian dan penjualan,” kata Sanjaya.Menurut dia, pengembangan berbagai unit usaha tersebut diharapkan tidak hanya menjaga keberlangsungan perusahaan daerah, tetapi juga menghasilkan keuntungan yang nantinya dapat memberikan nilai tambah bagi daerah. “Harapan kami jika semua unit usaha bisa berjalan dan berkembang bisa menjadi nilai tambah untuk meningkatkan PAD Tabanan,” tandasnya.Sanjaya menegaskan PAD Tabanan selama ini bersumber dari berbagai sektor, terutama pajak daerah, retribusi daerah, dan pendapatan daerah lainnya. Keberadaan Perumda Sanjayaning Singasana diharapkan dapat menjadi salah satu sumber tambahan pendapatan melalui pengembangan usaha yang sehat dan berkelanjutan.Dengan adanya penyertaan modal Rp6 miliar tersebut, Pemkab Tabanan berharap Perumda Sanjayaning Singasana mampu mengembangkan unit bisnis secara terukur, sekaligus mempertanggungjawabkan setiap penggunaan modal daerah melalui pengawasan internal maupun eksternal. *des",nusabali.com,"Dajan Peken, 82114, Tabanan, Tabanan, Bali, Indonesia",-8.536609490935,115.13552944186335,5,"2, 7","kejaksaan, kejatibali, kejaritabanan, tabanan, news"
Kembali Bunda Rai Laksanakan Sosialisasi Posyandu 6 SPM dan Peninjauan Persiapan Lomba Telajakan dan PSBS di Kecamatan Selemadeg dan SMK N 1 Tabanan,2026-09-24T11:34:05.000Z,"Kabupaten Tabanan, Bali, Indonesia","Kembali, Bunda Rai Laksanakan Sosialisasi Posyandu 6 SPM dan Peninjauan Persiapan Lomba Telajakan dan PSBS di Kecamatan Selemadeg dan SMK N 1 Tabanan - Barometer Bali","Barometer Bali | Tabanan – Komitmen memperkuat peran Posyandu sebagai pusat pelayanan masyarakat terus digaungkan oleh Ketua Tim Pembina Posyandu Kabupaten Tabanan, Ny. Rai Wahyuni Sanjaya.","Melalui roadshow pelaksanaan sosialisasi Posyandu 6 Standar Pelayanan Minimal (6 SPM), Peninjauan Persiapan Lomba Telajakan dan PSBS TP Posyandu, Bunda Rai kembali turun langsung menyapa kader, masyarakat, hingga meninjau berbagai inovasi yang dikembangkan di tingkat desa dan sekolah di Tabanan, Rabu (23/9).
Bunda Rai bersama Kepala Perangkat daerah terkait dan Pengurus Tim Pembina Posyandu Tabanan, serta Tim Pembina Posyandu Kecamatan melakukan rangkaian pembinaan dan sosialisasi Posyandu 6 SPM di Banjar Bajera Kelod, Desa Bajera, Kecamatan Selemadeg, dilanjutkan peninjauan persiapan lomba telajakan di Desa Serampingan, Kecamatan Selemadeg, serta kunjungan peninjauan inovasi Pengelolaan Sampah Berbasis Sumber (PSBS) yang dilaksanakan di SMK N 1 Tabanan.
Di Banjar Bajera Kelod, Bunda Rai meninjau langsung pelayanan Posyandu mulai dari bidang kesehatan, pendidikan, pekerjaan umum, perumahan rakyat, linmas, hingga sosial, termasuk meninjau pemberian makanan tambahan kepada anak-anak setempat yang berupa olahan yang berbahan ikan lele, dan ada juga dari buah naga yang dijadikan olahan tanpa bahan pengawet. Di sana, Ia berinteraksi langsung dengan para kader dan masyarakat.
Bunda Rai juga mengingatkan pentingnya sosialisasi Posyandu 6 SPM secara berkelanjutan agar masyarakat memahami fungsi Posyandu yang kini menjadi wadah penyampaian berbagai kebutuhan dan permasalahan masyarakat.","Pada Hari Kamis , 24 September 2026 11:34, Tabanan, Tabanan, Bali

Barometer Bali | Tabanan – Komitmen memperkuat peran Posyandu sebagai pusat pelayanan masyarakat terus digaungkan oleh Ketua Tim Pembina Posyandu Kabupaten Tabanan, Ny. Rai Wahyuni Sanjaya. Melalui roadshow pelaksanaan sosialisasi Posyandu 6 Standar Pelayanan Minimal (6 SPM), Peninjauan Persiapan Lomba Telajakan dan PSBS TP Posyandu, Bunda Rai kembali turun langsung menyapa kader, masyarakat, hingga meninjau berbagai inovasi yang dikembangkan di tingkat desa dan sekolah di Tabanan, Rabu (23/9).
Bunda Rai bersama Kepala Perangkat daerah terkait dan Pengurus Tim Pembina Posyandu Tabanan, serta Tim Pembina Posyandu Kecamatan melakukan rangkaian pembinaan dan sosialisasi Posyandu 6 SPM di Banjar Bajera Kelod, Desa Bajera, Kecamatan Selemadeg, dilanjutkan peninjauan persiapan lomba telajakan di Desa Serampingan, Kecamatan Selemadeg, serta kunjungan peninjauan inovasi Pengelolaan Sampah Berbasis Sumber (PSBS) yang dilaksanakan di SMK N 1 Tabanan.
Di Banjar Bajera Kelod, Bunda Rai meninjau langsung pelayanan Posyandu mulai dari bidang kesehatan, pendidikan, pekerjaan umum, perumahan rakyat, linmas, hingga sosial, termasuk meninjau pemberian makanan tambahan kepada anak-anak setempat yang berupa olahan yang berbahan ikan lele, dan ada juga dari buah naga yang dijadikan olahan tanpa bahan pengawet. Di sana, Ia berinteraksi langsung dengan para kader dan masyarakat.
Bunda Rai juga mengingatkan pentingnya sosialisasi Posyandu 6 SPM secara berkelanjutan agar masyarakat memahami fungsi Posyandu yang kini menjadi wadah penyampaian berbagai kebutuhan dan permasalahan masyarakat. “Sosialisasi harus terus tiang lakukan. Manfaatkan acara apapun, bisa saat kegiatan PKK, atau arisan, pertemuan banjar maupun kegiatan lainnya. Yang terpenting adalah masyarakat mengetahui, bahwa melalui Posyandu, mereka dapat menyampaikan berbagai permasalahan yang berkaitan dengan enam bidang pelayanan,” ujarnya di depan para kader Posyandu setempat yang hadir saat itu.
Bunda Rai juga menegaskan, setiap laporan yang disampaikan masyarakat harus mendapat tindak lanjut dan dikoordinasikan bersama perangkat daerah terkait, agar solusi dapat segera diberikan. “Semua permasalahan yang masuk harus dicatat dan dipantau melalui sistem yang ada, sehingga dapat dicarikan jalan keluarnya. Mulai dari kebutuhan alat bantu seperti kursi roda hingga kebutuhan pendidikan anak, semua harus mendapat perhatian dan penyelesaian,” ungkapnya.
Usai di Bajera Kelod, Bunda Rai dan jajaran melanjutkan aksi di Desa Serampingan. Di Serampingan, Bunda Rai meninjau telajakan sekaligus mengunjungi rumah percontohan milik warga sekitar. Saat itu, Bunda Rai mengapresiasi pemanfaatan pekarangan rumah yang ditata secara produktif dengan berbagai tanaman pangan, tanaman obat keluarga (TOGA), hingga budidaya ikan lele dan ayam untuk memenuhi kebutuhan keluarga.
Melihat kreativitas pemanfaatan lahan tersebut, Bunda Rai memberikan apresiasi sekaligus masukan agar penataan tanaman semakin diperindah. Menurutnya, konsep pekarangan produktif dapat menjadi contoh bagi masyarakat dalam memenuhi kebutuhan sehari-hari sekaligus memiliki nilai ekonomi. “Lengkap sekali tanaman di sini, mulai dari tanaman pangan, hingga TOGA. Bahkan ada inovasi ternak lele menggunakan galon bekas sebagai alternatif bagi masyarakat yang tidak memiliki lahan luas. Apalagi air dari wadah lele dimanfaatkan untuk menyiram tanaman. Jadi semuanya bisa saling mendukung,” pujinya.
Bunda Rai juga mengapresiasi pemanfaatan pekarangan yang mampu memberikan manfaat nyata bagi keluarga sekaligus penanganan sampah melalui teba modern dan lubang biopori yang sudah diterapkan dengan baik. “Ini merupakan percontohan yang sangat baik. Kebutuhan rumah tangga bisa dipenuhi dari pekarangan sendiri, bahkan ketika hasilnya berlebih dapat dimanfaatkan untuk menambah pendapatan keluarga. Namun yang paling utama adalah memenuhi kebutuhan keluarga terlebih dahulu,” Imbuhnya saat meninjau kebun cabai milik warga.
Kunjungan kemudian dilanjutkan di SMK N 1 Tabanan, guna melihat inovasi PSBS di sekolah tersebut. Bunda Rai meninjau pengelolaan sampah sekaligus berbagai hasil kreativitas siswa, dimana para siswa membuat kerajinan tangan dari bahan bekas atau koran bekas menjadi vas bunga, eco bokor berbahan kertas koran bekas, serta sofa ecobrick yang dibuat dari 19 botol plastik berisi cacahan sampah plastik dan dilapisi kain sofa.
Inovasi tersebut juga mendapat apresiasi positif dari Bunda Rai. Pihaknya juga mendorong agar kreativitas dalam pengelolaan sampah bisa terus dikembangkan. “Inovasi seperti ini menunjukkan, bahwa sampah dapat memiliki nilai manfaat apabila dikelola dengan baik. Saya berharap, sekolah terus memberikan ruang bagi siswa untuk berkreasi dan menunjukkan hasil terbaiknya, sehingga semangat pengelolaan sampah berbasis sumber dapat semakin berkembang di sekolah dan masyarakat,” pungkasnya. (Rah/Red)",Barometer Bali,"Dajan Peken, 82114, Tabanan, Tabanan, Bali, Indonesia",-8.536609490935,115.13552944186335,5,"2, 7","kejaksaan, kejatibali, kejaritabanan, tabanan, news"
Ngidam Naik Mobil Pemadam Ibu Hamil 6 Bulan Datangi Kantor Damkar Tabanan,2026-09-24T07:22:36.000Z,"Kabupaten Tabanan, Bali, Indonesia","Ngidam Naik Mobil Pemadam, Ibu Hamil 6 Bulan Datangi Kantor Damkar Tabanan - BALIPOST.com","Ni Putu Lilik Mas Juliantari yang sedang hamil enam bulan naik mobil pemadam kebakaran (damkar) karena ngidam. (BP/istimewa)SINGASANA, BALIPOST.com – Keinginan unik dialami Ni Putu Lilik Mas Juliantari (25), warga Banjar Jagatamu, Desa Meliling, Kecamatan Kerambitan.","Saat usia kandungannya memasuki enam bulan, ia tiba-tiba memiliki keinginan kuat untuk menaiki mobil pemadam kebakaran (damkar). Keinginan tersebut bahkan membuatnya datang langsung ke Kantor Damkar Tabanan untuk sekadar merasakan duduk di dalam kendaraan tersebut.Keinginan itu muncul secara spontan pada Sabtu (19/9) lalu.","Pada Hari Kamis , 24 September 2026 07:22, Tabanan, Tabanan, Bali

Ni Putu Lilik Mas Juliantari yang sedang hamil enam bulan naik mobil pemadam kebakaran (damkar) karena ngidam. (BP/istimewa)SINGASANA, BALIPOST.com – Keinginan unik dialami Ni Putu Lilik Mas Juliantari (25), warga Banjar Jagatamu, Desa Meliling, Kecamatan Kerambitan. Saat usia kandungannya memasuki enam bulan, ia tiba-tiba memiliki keinginan kuat untuk menaiki mobil pemadam kebakaran (damkar). Keinginan tersebut bahkan membuatnya datang langsung ke Kantor Damkar Tabanan untuk sekadar merasakan duduk di dalam kendaraan tersebut.Keinginan itu muncul secara spontan pada Sabtu (19/9) lalu. Saat sedang bekerja, Lilik mengaku tiba-tiba merasa sangat ingin naik mobil damkar. Dalam istilah Bali, keinginan yang muncul secara kuat dan mendadak tersebut disebutnya sebagai rasa mekleteg. “Tiba-tiba pas kerja pengen aja naik mobil damkar. Saya langsung telepon suami dan bilang ingin naik mobil damkar,” tuturnya.Menurut Lilik, keinginan tersebut bukan karena sebelumnya memiliki pengalaman atau hubungan khusus dengan kendaraan pemadam kebakaran. Keinginan itu muncul begitu saja.Sang suami sempat kaget sekaligus bingung mendengar permintaan tersebut. Namun, keluarga kemudian berupaya mencari jalan agar keinginan Lilik bisa terwujud. Kebetulan, salah seorang iparnya bekerja sebagai anggota Satpol PP Tabanan sehingga meminta bantuan untuk menghubungi petugas damkar.Kesempatan tersebut akhirnya terwujud sehari kemudian, Minggu (20/9). Sekitar pukul 14.00 WITA, Lilik bersama suaminya mendatangi Kantor Damkar yang berada di Desa Gubug, Kecamatan Tabanan. Kedatangan mereka mendapat sambutan ramah dari para petugas. Lilik bahkan dipersilakan mencoba naik ke sejumlah mobil damkar. Petugas juga sempat menawarinya berkeliling menggunakan mobil pemadam.Namun, Lilik ternyata tidak menginginkan perjalanan dengan mobil tersebut. Keinginannya sederhana, yakni bisa duduk dan merasakan langsung berada di dalam mobil damkar. “Saya tidak mau keliling karena merasa tidak enak. Tapi saya sudah sangat senang bisa naik mobil damkar dan duduk di dalam mobil. Sudah senang sekali,” ujarnya.Pengalaman singkat itu pun menjadi cerita tersendiri bagi Lilik selama menjalani masa kehamilan. Meski kandungannya telah memasuki enam bulan, ia mengaku belum menyiapkan nama calon buah hatinya yang berkaitan dengan pengalaman unik tersebut. Ia juga tidak menutup kemungkinan jika kelak anaknya memiliki cita-cita menjadi petugas pemadam kebakaran.Keinginan yang awalnya muncul secara spontan itu akhirnya menjadi pengalaman sederhana namun berkesan bagi Lilik. Ia berharap momen tersebut kelak dapat menjadi cerita yang dikenang bersama buah hatinya. (Dewi Puspawati/balipost)",BALIPOST.com,"Dajan Peken, 82114, Tabanan, Tabanan, Bali, Indonesia",-8.536609490935,115.13552944186335,5,"2, 7","kejaksaan, kejatibali, kejaritabanan, tabanan, news"
300 Lebih Tokoh AdatOrmas Tuntas Ikuti Diklat Bela Negara Selama 3 Hari,2026-09-24T10:36:23.000Z,"Kabupaten Tabanan, Bali, Indonesia",300 Lebih Tokoh Adat-Ormas Tuntas Ikuti Diklat Bela Negara Selama 3 Hari - kilasbali.com,"TABANAN, Kilasbali.com – Lebih dari 300 orang tokoh adat, tokoh agama, ormas, hingga komunitas se-Bali tuntas mengikuti Latihan Kader Bela Negara Tahun Anggaran 2026 selama tiga hari.Pada Kamis (24/9), pembekalan mental dan wawasan kebangsaan tersebut resmi ditutup di Rindam IX/Udayana, Desa Banjar Anyar, Kecamatan Kediri, Kabupaten Tabanan.Program pembinaan yang diamanatkan oleh Kementerian Pertahanan ini berlangsung sejak Selasa (22/9) hingga hari ini dan diikuti oleh 352 orang peserta.Gemblengan kedisiplinan tersebut dirancang untuk memperkuat jiwa nasionalisme serta rasa cinta tanah air bagi seluruh komponen masyarakat Bali.Danrindam IX/Udayana Brigjen TNI Anwar menegaskan, para alumni pelatihan diposisikan sebagai pilar utama penyebar nilai-nilai kebangsaan.Menurutnya, hasil pembinaan selama tiga hari di markas militer tersebut tidak sekadar untuk kepentingan diri sendiri, melainkan wajib ditularkan ke lingkungan masyarakat.“Mereka ini bisa dibilang agen perubahan yang nantinya menyebarkan rasa cinta tanah air kepada lingkungan sekitar, baik di tempat kerja maupun di rumah,” ujar Anwar pada Kamis (24/9).Anwar mengungkapkan, penggemblengan ratusan tokoh masyarakat di Rindam IX/Udayana ini merupakan gelombang awal.Pihaknya berencana melanjutkan agenda serupa dengan kapasitas peserta yang lebih besar pada masa mendatang.“Ini yang pertama, nanti akan dilanjutkan dengan jumlah yang kemungkinan lebih banyak,” katanya.Di sisi lain, perwakilan Komunitas Kawan Alam Indonesia, Fam Surya Panjaitan (40), membagikan pengalamannya selama mengikuti diklat tersebut.Pria asal Desa Padangsambian Kaja, Denpasar ini mengaku merasakan perubahan fisik dan mental usai berbaur dengan peserta dari berbagai latar belakang.“Awalnya kami bisa dibilang masih loyo sebelum masuk ke sini. Tapi setelah selesai, lebih sadar akan bernegara,” kata Fam.Ia menceritakan, gemblengan aturan militer mengajarkan kedisiplinan tinggi dan kesederhanaan.Hal tersebut tampak dari kebiasaan pola makan harian peserta yang wajib menerima serta menikmati sajian makanan yang telah disediakan panitia.“Di sini apa yang ada itu yang harus dimakan.","Kita hanya berpikir bagaimana mengikuti kegiatan selanjutnya dengan kekuatan dari makanan itu,” terangnya.Sekembalinya ke lingkungan asal, Fam bertekad meneruskan nilai-nilai bela negara yang didapat mulai dari keluarga terkecil, yakni anak dan istrinya.Sebagai pengurus komunitas, ia juga bakal memboyong semangat kebangsaan tersebut dalam setiap agenda organisasi agar pembentukan karakter tecermin lewat tindakan nyata di tengah masyarakat. (c/kb).","Pada Hari Kamis , 24 September 2026 10:36, Tabanan, Tabanan, Bali

TABANAN, Kilasbali.com – Lebih dari 300 orang tokoh adat, tokoh agama, ormas, hingga komunitas se-Bali tuntas mengikuti Latihan Kader Bela Negara Tahun Anggaran 2026 selama tiga hari.Pada Kamis (24/9), pembekalan mental dan wawasan kebangsaan tersebut resmi ditutup di Rindam IX/Udayana, Desa Banjar Anyar, Kecamatan Kediri, Kabupaten Tabanan.Program pembinaan yang diamanatkan oleh Kementerian Pertahanan ini berlangsung sejak Selasa (22/9) hingga hari ini dan diikuti oleh 352 orang peserta.Gemblengan kedisiplinan tersebut dirancang untuk memperkuat jiwa nasionalisme serta rasa cinta tanah air bagi seluruh komponen masyarakat Bali.Danrindam IX/Udayana Brigjen TNI Anwar menegaskan, para alumni pelatihan diposisikan sebagai pilar utama penyebar nilai-nilai kebangsaan.Menurutnya, hasil pembinaan selama tiga hari di markas militer tersebut tidak sekadar untuk kepentingan diri sendiri, melainkan wajib ditularkan ke lingkungan masyarakat.“Mereka ini bisa dibilang agen perubahan yang nantinya menyebarkan rasa cinta tanah air kepada lingkungan sekitar, baik di tempat kerja maupun di rumah,” ujar Anwar pada Kamis (24/9).Anwar mengungkapkan, penggemblengan ratusan tokoh masyarakat di Rindam IX/Udayana ini merupakan gelombang awal.Pihaknya berencana melanjutkan agenda serupa dengan kapasitas peserta yang lebih besar pada masa mendatang.“Ini yang pertama, nanti akan dilanjutkan dengan jumlah yang kemungkinan lebih banyak,” katanya.Di sisi lain, perwakilan Komunitas Kawan Alam Indonesia, Fam Surya Panjaitan (40), membagikan pengalamannya selama mengikuti diklat tersebut.Pria asal Desa Padangsambian Kaja, Denpasar ini mengaku merasakan perubahan fisik dan mental usai berbaur dengan peserta dari berbagai latar belakang.“Awalnya kami bisa dibilang masih loyo sebelum masuk ke sini. Tapi setelah selesai, lebih sadar akan bernegara,” kata Fam.Ia menceritakan, gemblengan aturan militer mengajarkan kedisiplinan tinggi dan kesederhanaan.Hal tersebut tampak dari kebiasaan pola makan harian peserta yang wajib menerima serta menikmati sajian makanan yang telah disediakan panitia.“Di sini apa yang ada itu yang harus dimakan. Kita hanya berpikir bagaimana mengikuti kegiatan selanjutnya dengan kekuatan dari makanan itu,” terangnya.Sekembalinya ke lingkungan asal, Fam bertekad meneruskan nilai-nilai bela negara yang didapat mulai dari keluarga terkecil, yakni anak dan istrinya.Sebagai pengurus komunitas, ia juga bakal memboyong semangat kebangsaan tersebut dalam setiap agenda organisasi agar pembentukan karakter tecermin lewat tindakan nyata di tengah masyarakat. (c/kb)",kilasbali.com,"Dajan Peken, 82114, Tabanan, Tabanan, Bali, Indonesia",-8.536609490935,115.13552944186335,5,"2, 7","kejaksaan, kejatibali, kejaritabanan, tabanan, news"
Kodim Tabanan Ramaikan Bazar Murah HUT ke81 TNI,2026-09-24T07:51:00.000Z,"Kabupaten Tabanan, Bali, Indonesia",Kodim Tabanan Ramaikan Bazar Murah HUT ke-81 TNI - RRI.co.id,"Kodim Tabanan Ramaikan Bazar Murah HUT ke-81 TNI (Foto : Humas Kodim 1619 Tabanan)
                                                    
                                                                                            
                                                                                                            
                                
                                RRI.CO.ID, Tabanan – Kodim 1619/Tabanan turut berpartisipasi dalam kegiatan Bazar Murah yang digelar Kodam IX/Udayana di Lapangan Puputan Badung, Denpasar, Selasa 22 September 2026. Kegiatan tersebut menjadi bagian dari rangkaian peringatan Hari Ulang Tahun (HUT) ke-81 Tentara Nasional Indonesia (TNI).Kodim 1619/Tabanan menghadirkan satu stan Koperasi Kodim Tabanan sebagai bentuk partisipasi dalam kegiatan yang diikuti satuan jajaran Kodam IX/Udayana.","Kehadiran stan tersebut turut meramaikan bazar yang dipusatkan di Lapangan Puputan Badung dengan menghadirkan berbagai kebutuhan dan produk.Pangdam IX/Udayana Mayjen TNI Piek Budyakto, S.H., M.H., meninjau pelaksanaan Bazar Murah. Dalam kesempatan itu, Pangdam melihat sejumlah stan yang disiapkan satuan jajaran Kodam IX/Udayana, termasuk stan Koperasi Kodim Tabanan yang turut ambil bagian dalam kegiatan tersebut.Bazar Murah tersebut diikuti sejumlah satuan dan unsur terkait di jajaran Kodam IX/Udayana.","Pada Hari Kamis , 24 September 2026 07:51, Tabanan, Tabanan, Bali

Kodim Tabanan Ramaikan Bazar Murah HUT ke-81 TNI (Foto : Humas Kodim 1619 Tabanan)
                                                    
                                                                                            
                                                                                                            
                                
                                RRI.CO.ID, Tabanan – Kodim 1619/Tabanan turut berpartisipasi dalam kegiatan Bazar Murah yang digelar Kodam IX/Udayana di Lapangan Puputan Badung, Denpasar, Selasa 22 September 2026. Kegiatan tersebut menjadi bagian dari rangkaian peringatan Hari Ulang Tahun (HUT) ke-81 Tentara Nasional Indonesia (TNI).Kodim 1619/Tabanan menghadirkan satu stan Koperasi Kodim Tabanan sebagai bentuk partisipasi dalam kegiatan yang diikuti satuan jajaran Kodam IX/Udayana. Kehadiran stan tersebut turut meramaikan bazar yang dipusatkan di Lapangan Puputan Badung dengan menghadirkan berbagai kebutuhan dan produk.Pangdam IX/Udayana Mayjen TNI Piek Budyakto, S.H., M.H., meninjau pelaksanaan Bazar Murah. Dalam kesempatan itu, Pangdam melihat sejumlah stan yang disiapkan satuan jajaran Kodam IX/Udayana, termasuk stan Koperasi Kodim Tabanan yang turut ambil bagian dalam kegiatan tersebut.Bazar Murah tersebut diikuti sejumlah satuan dan unsur terkait di jajaran Kodam IX/Udayana. Kegiatan ini menjadi salah satu agenda dalam menyambut hari jadi TNI sekaligus menjadi ruang kebersamaan antara jajaran TNI dan masyarakat yang hadir di lokasi.Kasdim 1619/Tabanan Mayor Inf I Gede Nariada mengatakan, keikutsertaan Kodim Tabanan merupakan bentuk dukungan terhadap kegiatan yang digelar Kodam IX/Udayana. “Kodim Tabanan ikut berpartisipasi dengan menghadirkan stan Koperasi Kodim Tabanan. Kami mendukung kegiatan Bazar Murah ini sebagai bagian dari rangkaian peringatan HUT ke-81 TNI,” ucapnya.Melalui keikutsertaan tersebut, Kodim 1619/Tabanan turut mengambil bagian dalam memeriahkan peringatan hari jadi TNI bersama satuan jajaran Kodam IX/Udayana. Kehadiran stan Koperasi Kodim Tabanan juga menjadi bagian dari kontribusi satuan dalam menyemarakkan kegiatan yang berlangsung di Lapangan Puputan Badung. 


                                
                                
                                
                                
                                
                                            
                                        
                                                                    

                                


                                
                                                                    
                                    
                                
                                                                                                                                                                                
                            
                            
                                                                        
                                                                
                                    
                                        
                                            Berita
                                        
                                    
                                    Terbaru Lainnya
                                
                                
                            
                            
                                    
                                    
                                        Memuat berita terbaru.....",RRI.co.id,"Dajan Peken, 82114, Tabanan, Tabanan, Bali, Indonesia",-8.536609490935,115.13552944186335,5,"2, 7","kejaksaan, kejatibali, kejaritabanan, tabanan, news"
Pohon Sawit di Jalan Depan Kantor BPD Bali Bakal Diganti,2026-09-24T11:23:00.000Z,"Kabupaten Tabanan, Bali, Indonesia",Pohon Sawit di Jalan Depan Kantor BPD Bali Bakal Diganti - kilasbali.com,"TABANAN, Kilasbali.com – Dinas Lingkungan Hidup (DLH) Tabanan melakukan peremajaan dan mengganti sekitar sepuluh pohon sawit di Jalan Gunung Batur, pusat Kota Tabanan atau Singasana.Peremajaan ini dilakukan untuk mengantisipasi potensi bahaya serta menjaga keamanan jaringan kabel utilitas udara yang mulai tersentuh dahan pohon.Deretan pohon sawit yang membentang di akses terusan Jalan Gajah Mada menuju arah utara depan Kantor BPD Bali tersebut kini sudah menjulang tinggi.Gesekan dahan yang semakin mendekati kabel di atasnya dinilai rawan memicu gangguan jaringan komunikasi dan kelistrikan bagi aktivitas warga sekitar.Kepala DLH Tabanan I Made Surya Dharma menjelaskan bahwa penataan vegetasi di lokasi itu berjalan seiring dengan penataan Jalan Gajah Mada yang sedang berlangsung.Selain mempercantik wajah kota, fokus utama penataan difokuskan untuk mengamankan jaringan utilitas di atasnya.“Selain itu utilitas, kabel-kabel di atasnya, agar tidak terganggu,” ujar Surya Dharma, Kamis (24/9/2026).Ia mengungkapkan, ukuran pohon sawit yang ada saat ini sudah melewati batas aman ketinggian kabel udara.Karena itu, pemangkasan dan penataan ulang area hijau dilakukan sebelum diganti dengan jenis tanaman baru yang lebih ramah lingkungan.“Selain itu, pohon-pohon itu sudah tinggi dan mencapai kabel-kabel yang ada di atasnya sehingga perlu ditata,” kata Surya Dharma.Soal pohon penggantinya, ia menyebutkan bahwa hal itu masih dalam kajian. “Nanti (tanaman apa) yang cocok di situ masih dalam kajian,” lanjutnya.DLH Tabanan saat ini masih mengkaji secara teknis jenis tanaman pengganti yang paling ideal untuk ditanam.Selain mempertimbangkan faktor keamanan kabel, pemilihan jenis pohon baru dipastikan dapat membuka ruang pandang warga menuju ikon Patung Catur Muka yang sedang dibangun ulang di persimpangan jalan tersebut.“Semuanya bisa melihat (Patung Catur Muka baru) dari segala penjuru.",Semua (penjuru). Dari Selatan sampai Utara.,"Pada Hari Kamis , 24 September 2026 11:23, Tabanan, Tabanan, Bali

TABANAN, Kilasbali.com – Dinas Lingkungan Hidup (DLH) Tabanan melakukan peremajaan dan mengganti sekitar sepuluh pohon sawit di Jalan Gunung Batur, pusat Kota Tabanan atau Singasana.Peremajaan ini dilakukan untuk mengantisipasi potensi bahaya serta menjaga keamanan jaringan kabel utilitas udara yang mulai tersentuh dahan pohon.Deretan pohon sawit yang membentang di akses terusan Jalan Gajah Mada menuju arah utara depan Kantor BPD Bali tersebut kini sudah menjulang tinggi.Gesekan dahan yang semakin mendekati kabel di atasnya dinilai rawan memicu gangguan jaringan komunikasi dan kelistrikan bagi aktivitas warga sekitar.Kepala DLH Tabanan I Made Surya Dharma menjelaskan bahwa penataan vegetasi di lokasi itu berjalan seiring dengan penataan Jalan Gajah Mada yang sedang berlangsung.Selain mempercantik wajah kota, fokus utama penataan difokuskan untuk mengamankan jaringan utilitas di atasnya.“Selain itu utilitas, kabel-kabel di atasnya, agar tidak terganggu,” ujar Surya Dharma, Kamis (24/9/2026).Ia mengungkapkan, ukuran pohon sawit yang ada saat ini sudah melewati batas aman ketinggian kabel udara.Karena itu, pemangkasan dan penataan ulang area hijau dilakukan sebelum diganti dengan jenis tanaman baru yang lebih ramah lingkungan.“Selain itu, pohon-pohon itu sudah tinggi dan mencapai kabel-kabel yang ada di atasnya sehingga perlu ditata,” kata Surya Dharma.Soal pohon penggantinya, ia menyebutkan bahwa hal itu masih dalam kajian. “Nanti (tanaman apa) yang cocok di situ masih dalam kajian,” lanjutnya.DLH Tabanan saat ini masih mengkaji secara teknis jenis tanaman pengganti yang paling ideal untuk ditanam.Selain mempertimbangkan faktor keamanan kabel, pemilihan jenis pohon baru dipastikan dapat membuka ruang pandang warga menuju ikon Patung Catur Muka yang sedang dibangun ulang di persimpangan jalan tersebut.“Semuanya bisa melihat (Patung Catur Muka baru) dari segala penjuru. Semua (penjuru). Dari Selatan sampai Utara. Kurang lebih ada sepuluh pohon,” beber mantan Camat Kediri ini.Mengenai aspek pembiayaan, proses peremajaan dan penggantian sepuluh pohon sawit di Jalan Gunung Batur tidak berdiri sendiri.Surya Dharma memastikan alokasi anggaran penggantian tanaman telah disatukan dalam paket pembiayaan penataan kawasan Jalan Gajah Mada.“Dipastikan dulu jenis tanaman yang tepat di sana. jadi satu dengan penataan,” pungkasnya. (c/kb)",kilasbali.com,"Dajan Peken, 82114, Tabanan, Tabanan, Bali, Indonesia",-8.536609490935,115.13552944186335,5,"2, 7","kejaksaan, kejatibali, kejaritabanan, tabanan, news"
Unik Ibu Hamil di Meliling Ngidam Naik Mobil Damkar,2026-09-24T09:32:15.000Z,"Kabupaten Tabanan, Bali, Indonesia","Unik, Ibu Hamil di Meliling Ngidam Naik Mobil Damkar - nusabali.com","SINGASANA, NusaBali.com - Kehamilan memang kerap menghadirkan keinginan yang tidak biasa. Hal itu dialami Ni Putu Lilik Mas Juliantari, 25, warga Banjar Jagatamu, Desa Meliling, Kecamatan Kerambitan, Tabanan.","Saat hamil anak pertama, usia kandungan enam bulan, Lilik tiba-tiba ngidam ingin naik mobil pemadam kebakaran (Damkar).
                                                        
                            Keinginan tersebut muncul secara spontan saat Lilik sedang bekerja, Sabtu (19/9/2026). Tanpa mimpi ataupun pertanda sebelumnya, ibu muda ini mendadak ingin merasakan naik mobil Damkar.","Pada Hari Kamis , 24 September 2026 09:32, Tabanan, Tabanan, Bali

SINGASANA, NusaBali.com - Kehamilan memang kerap menghadirkan keinginan yang tidak biasa. Hal itu dialami Ni Putu Lilik Mas Juliantari, 25, warga Banjar Jagatamu, Desa Meliling, Kecamatan Kerambitan, Tabanan. Saat hamil anak pertama, usia kandungan enam bulan, Lilik tiba-tiba ngidam ingin naik mobil pemadam kebakaran (Damkar).
                                                        
                            Keinginan tersebut muncul secara spontan saat Lilik sedang bekerja, Sabtu (19/9/2026). Tanpa mimpi ataupun pertanda sebelumnya, ibu muda ini mendadak ingin merasakan naik mobil Damkar. Dia pun langsung menghubungi suaminya untuk menyampaikan keinginannya.“Pas kerja hari Sabtu tiba-tiba mekelteg (muncul spontan) pengen naik mobil Damkar. Langsung telepon suami. Kalau mimpi sih enggak ada,” tutur Lilik saat dihubungi NusaBali, Kamis (24/9/2026). Keinginan tersebut baru terwujud keesokan harinya, Minggu (20/9/2026). Lilik bersama keluarga kemudian mendatangi kantor Damkar Tabanan di kawasan Banjar Tanah Pegat, Jalan Semila Jati II, Dusun Tonja, Desa Gubug, Tabanan. Beruntung, keinginannya mendapat jalan. Ipar Lilik diketahui bekerja sebagai anggota Satpol PP dan lokasinya berdekatan dengan kantor Damkar. Melalui bantuan sang ipar, Lilik akhirnya mendapat izin untuk menaiki mobil Damkar. Menurut Lilik, suaminya sempat terkejut ketika mengetahui keinginannya yang tiba-tiba tersebut. Namun, keluarga akhirnya membantu agar keinginan ibu hamil itu bisa terlaksana. “Pertama suami yang terkejut. Untungnya ada ipar yang kerja sebagai anggota Satpol PP, jadi dekat juga dengan kantor Damkar. Minta tolong izinkan naik mobil Damkar,” ungkapnya.Sesampainya di kantor Damkar, Lilik justru mendapat sambutan yang ramah dari para petugas. Dia bahkan ditawari untuk menaiki sejumlah mobil Damkar yang ada dan berkeliling menggunakan kendaraan tersebut. Namun, Lilik memilih tidak ikut berkeliling. Dia merasa sungkan dan khawatir merepotkan petugas. Baginya, bisa duduk dan naik di atas mobil Damkar saja sudah cukup untuk mengobati rasa penasarannya.“Ditawari keliling, tapi saya enggak mau, takut merepotkan juga. Sudah bisa naik saja senang sekali rasanya,” katanya. Lilik mengaku sangat bahagia setelah keinginannya tersebut terwujud. Bahkan, rasa senangnya masih terbawa hingga tiba di rumah. “Sudah terisi saja keinginannya. Senang naik mobil, duduk di atas mobil Damkar sudah sehappy itu. Sampai rumah senyum-senyum sendiri,” ujarnya sambil tertawa.Dia juga menyebut kehamilan ini merupakan kehamilan pertamanya. Lilik berharap keinginan sederhana tersebut menjadi pengalaman manis selama mengandung buah hati. ""Rezeki anak saya juga, akhirnya kesampaian naik mobilnya,” tandas Lilik. Kabid Damkar Satpol PP Tabanan I Wayan Suakta mengatakan, Ni Putu Lilik Mas Juliantari datang bersama suaminya setelah mengaku memiliki keinginan untuk naik mobil pemadam kebakaran.Menurut Suakta, Lilik mengaku keinginan naik mobil damkar datang tiba - tiba, kemudian keesokan harinya terpikir untuk naik mobil Damkar. Keinginan tersebut kemudian disampaikan kepada petugas saat datang ke kantor Damkar bersama suaminya.“Katanya ibu itu ngidam. Besoknya kepikiran mobil Damkar, kemudian datang bersama suaminya dan meminta izin agar bisa naik. Kami izinkan karena mobil Damkar juga milik masyarakat, selama masih dalam batas wajar,” ujar Suakta.Suakta mengaku petugas awalnya mengira warga yang datang tersebut merupakan anak-anak. Sebab, selama ini Damkar Tabanan memang cukup sering didatangi anak-anak, termasuk murid TK, untuk melihat maupun menaiki mobil Damkar. “Anggota kira yang datang anak kecil, ternyata ibu hamil,” ungkapnya.Suakta menambahkan, permintaan warga untuk melihat atau menaiki mobil Damkar sebenarnya bukan hal baru. Pihaknya sudah cukup sering menerima kunjungan dari anak-anak sekolah, khususnya murid TK. “Banyak murid TK dan lainnya. Kami melayani semasih itu batad wajar,"" tandasnya. *des",nusabali.com,"Dajan Peken, 82114, Tabanan, Tabanan, Bali, Indonesia",-8.536609490935,115.13552944186335,5,"2, 7","kejaksaan, kejatibali, kejaritabanan, tabanan, news"
Rumah Siap Lelang Perumahan Griya Multi Jadi Xi No 5 Blok C Kel Banjar Anyar Kec Kediri Kabupaten Tabanan Bali,2026-09-24T08:09:25.000Z,"Kabupaten Tabanan, Bali, Indonesia","Rumah Siap Lelang Perumahan Griya Multi Jadi Xi, No. 5, Blok C, Kel. Banjar Anyar, Kec. Kediri, Kabupaten Tabanan, Bali - Rumah123","Kediri, TabananDiperbarui 24 September 2026 oleh Bank Tabungan NegaraOverviewInformasi Rumah DijualLokasi PropertiData dan informasi Info Lelang mengikuti keadaan terkini dan apa adanya berdasarkan catatan administratif Bank yang dapat berubah sewaktu-waktu. Peminat aset dianggap memahami segala risiko yang ada dalam transaksi jual beli dan tidak akan mengajukan klaim kepada Bank dan/atau pegawainya dalam bentuk apa pun.Rumah123 adalah situs teknologi jual beli dan sewa properti terdepan di Indonesia, yang hadir sejak tahun 2007 dan telah melayani jutaan orang di Indonesia.","Rumah123 senantiasa berkomitmen untuk membuat pengalaman 'Jual Beli dan Sewa Properti Lebih Mudah' dengan dukungan dari developer terkemuka serta agen profesional.Layanan Pengaduan KonsumenDirektorat Jenderal Perlindungan Konsumen dan Tertib Niaga (Ditjen PKTN)WhatsApp Ditjen PKTN 0853 1111 1010E-commerce dan Platform Online Terbaik BI Awards 2024Download Aplikasi Rumah123Kembali ke atas © 99.co 2014 — 2026Rumah123 (PT Web Marketing Indonesia) 
 merupakan bagian dari 99 Group..","Pada Hari Kamis , 24 September 2026 08:09, Tabanan, Tabanan, Bali

Kediri, TabananDiperbarui 24 September 2026 oleh Bank Tabungan NegaraOverviewInformasi Rumah DijualLokasi PropertiData dan informasi Info Lelang mengikuti keadaan terkini dan apa adanya berdasarkan catatan administratif Bank yang dapat berubah sewaktu-waktu. Peminat aset dianggap memahami segala risiko yang ada dalam transaksi jual beli dan tidak akan mengajukan klaim kepada Bank dan/atau pegawainya dalam bentuk apa pun.Rumah123 adalah situs teknologi jual beli dan sewa properti terdepan di Indonesia, yang hadir sejak tahun 2007 dan telah melayani jutaan orang di Indonesia. Rumah123 senantiasa berkomitmen untuk membuat pengalaman 'Jual Beli dan Sewa Properti Lebih Mudah' dengan dukungan dari developer terkemuka serta agen profesional.Layanan Pengaduan KonsumenDirektorat Jenderal Perlindungan Konsumen dan Tertib Niaga (Ditjen PKTN)WhatsApp Ditjen PKTN 0853 1111 1010E-commerce dan Platform Online Terbaik BI Awards 2024Download Aplikasi Rumah123Kembali ke atas © 99.co 2014 — 2026Rumah123 (PT Web Marketing Indonesia) 
 merupakan bagian dari 99 Group.",Rumah123,"Dajan Peken, 82114, Tabanan, Tabanan, Bali, Indonesia",-8.536609490935,115.13552944186335,5,"2, 7","kejaksaan, kejatibali, kejaritabanan, tabanan, news"
Rumah Siap Lelang Perumahan Royal Griya Loka No 5 Blok S Kel Samsam Kec Kerambitan Kabupaten Tabanan Bali,2026-09-24T08:09:01.000Z,"Kabupaten Tabanan, Bali, Indonesia","Rumah Siap Lelang Perumahan Royal Griya Loka , No. 5, Blok S, Kel. Samsam, Kec. Kerambitan, Kabupaten Tabanan, Bali - Rumah123","Kerambitan, TabananDiperbarui 24 September 2026 oleh Bank Tabungan NegaraOverviewInformasi Rumah DijualLokasi PropertiData dan informasi Info Lelang mengikuti keadaan terkini dan apa adanya berdasarkan catatan administratif Bank yang dapat berubah sewaktu-waktu. Peminat aset dianggap memahami segala risiko yang ada dalam transaksi jual beli dan tidak akan mengajukan klaim kepada Bank dan/atau pegawainya dalam bentuk apa pun.Rumah123 adalah situs teknologi jual beli dan sewa properti terdepan di Indonesia, yang hadir sejak tahun 2007 dan telah melayani jutaan orang di Indonesia.","Rumah123 senantiasa berkomitmen untuk membuat pengalaman 'Jual Beli dan Sewa Properti Lebih Mudah' dengan dukungan dari developer terkemuka serta agen profesional.Layanan Pengaduan KonsumenDirektorat Jenderal Perlindungan Konsumen dan Tertib Niaga (Ditjen PKTN)WhatsApp Ditjen PKTN 0853 1111 1010E-commerce dan Platform Online Terbaik BI Awards 2024Download Aplikasi Rumah123Kembali ke atas © 99.co 2014 — 2026Rumah123 (PT Web Marketing Indonesia) 
 merupakan bagian dari 99 Group..","Pada Hari Kamis , 24 September 2026 08:09, Tabanan, Tabanan, Bali

Kerambitan, TabananDiperbarui 24 September 2026 oleh Bank Tabungan NegaraOverviewInformasi Rumah DijualLokasi PropertiData dan informasi Info Lelang mengikuti keadaan terkini dan apa adanya berdasarkan catatan administratif Bank yang dapat berubah sewaktu-waktu. Peminat aset dianggap memahami segala risiko yang ada dalam transaksi jual beli dan tidak akan mengajukan klaim kepada Bank dan/atau pegawainya dalam bentuk apa pun.Rumah123 adalah situs teknologi jual beli dan sewa properti terdepan di Indonesia, yang hadir sejak tahun 2007 dan telah melayani jutaan orang di Indonesia. Rumah123 senantiasa berkomitmen untuk membuat pengalaman 'Jual Beli dan Sewa Properti Lebih Mudah' dengan dukungan dari developer terkemuka serta agen profesional.Layanan Pengaduan KonsumenDirektorat Jenderal Perlindungan Konsumen dan Tertib Niaga (Ditjen PKTN)WhatsApp Ditjen PKTN 0853 1111 1010E-commerce dan Platform Online Terbaik BI Awards 2024Download Aplikasi Rumah123Kembali ke atas © 99.co 2014 — 2026Rumah123 (PT Web Marketing Indonesia) 
 merupakan bagian dari 99 Group.",Rumah123,"Dajan Peken, 82114, Tabanan, Tabanan, Bali, Indonesia",-8.536609490935,115.13552944186335,5,"2, 7","kejaksaan, kejatibali, kejaritabanan, tabanan, news"
Rumah Siap Lelang Perumahan Mandung V No 20 Blok G Kel Sembung Gede Kec Kerambitan Kabupaten Tabanan Bali,2026-09-24T08:09:01.000Z,"Kabupaten Tabanan, Bali, Indonesia","Rumah Siap Lelang Perumahan Mandung V, No. 20, Blok G, Kel. Sembung Gede, Kec. Kerambitan, Kabupaten Tabanan, Bali - Rumah123","Kerambitan, TabananDiperbarui 24 September 2026 oleh Bank Tabungan NegaraOverviewInformasi Rumah DijualLokasi PropertiData dan informasi Info Lelang mengikuti keadaan terkini dan apa adanya berdasarkan catatan administratif Bank yang dapat berubah sewaktu-waktu. Peminat aset dianggap memahami segala risiko yang ada dalam transaksi jual beli dan tidak akan mengajukan klaim kepada Bank dan/atau pegawainya dalam bentuk apa pun.Rumah123 adalah situs teknologi jual beli dan sewa properti terdepan di Indonesia, yang hadir sejak tahun 2007 dan telah melayani jutaan orang di Indonesia.","Rumah123 senantiasa berkomitmen untuk membuat pengalaman 'Jual Beli dan Sewa Properti Lebih Mudah' dengan dukungan dari developer terkemuka serta agen profesional.Layanan Pengaduan KonsumenDirektorat Jenderal Perlindungan Konsumen dan Tertib Niaga (Ditjen PKTN)WhatsApp Ditjen PKTN 0853 1111 1010E-commerce dan Platform Online Terbaik BI Awards 2024Download Aplikasi Rumah123Kembali ke atas © 99.co 2014 — 2026Rumah123 (PT Web Marketing Indonesia) 
 merupakan bagian dari 99 Group..","Pada Hari Kamis , 24 September 2026 08:09, Tabanan, Tabanan, Bali

Kerambitan, TabananDiperbarui 24 September 2026 oleh Bank Tabungan NegaraOverviewInformasi Rumah DijualLokasi PropertiData dan informasi Info Lelang mengikuti keadaan terkini dan apa adanya berdasarkan catatan administratif Bank yang dapat berubah sewaktu-waktu. Peminat aset dianggap memahami segala risiko yang ada dalam transaksi jual beli dan tidak akan mengajukan klaim kepada Bank dan/atau pegawainya dalam bentuk apa pun.Rumah123 adalah situs teknologi jual beli dan sewa properti terdepan di Indonesia, yang hadir sejak tahun 2007 dan telah melayani jutaan orang di Indonesia. Rumah123 senantiasa berkomitmen untuk membuat pengalaman 'Jual Beli dan Sewa Properti Lebih Mudah' dengan dukungan dari developer terkemuka serta agen profesional.Layanan Pengaduan KonsumenDirektorat Jenderal Perlindungan Konsumen dan Tertib Niaga (Ditjen PKTN)WhatsApp Ditjen PKTN 0853 1111 1010E-commerce dan Platform Online Terbaik BI Awards 2024Download Aplikasi Rumah123Kembali ke atas © 99.co 2014 — 2026Rumah123 (PT Web Marketing Indonesia) 
 merupakan bagian dari 99 Group.",Rumah123,"Dajan Peken, 82114, Tabanan, Tabanan, Bali, Indonesia",-8.536609490935,115.13552944186335,5,"2, 7","kejaksaan, kejatibali, kejaritabanan, tabanan, news"
Berita Tentang Bupati Sanjaya Buka Pelatihan Kehumasan PWI Tabanan,2026-09-24T06:26:18.000Z,"Kabupaten Tabanan, Bali, Indonesia",Berita Tentang Bupati Sanjaya Buka Pelatihan Kehumasan PWI Tabanan - BaliNews.id,"Jumat, 25 September 2026·Edisi BaliRead in EnglishCek FaktaViewBaliNews.idBerita Bali · Nasional · InternasionalENBerlanggananBerandaBaliNasionalInternasionalEkonomiPariwisataHukumPolitikLingkunganBudayaLifestyleBali CheckBali InsightPojok NarasiSemua berita dengan topik ini.0 beritaBelum ada berita untuk kategori ini..",,"Pada Hari Kamis , 24 September 2026 06:26, Tabanan, Tabanan, Bali

Jumat, 25 September 2026·Edisi BaliRead in EnglishCek FaktaViewBaliNews.idBerita Bali · Nasional · InternasionalENBerlanggananBerandaBaliNasionalInternasionalEkonomiPariwisataHukumPolitikLingkunganBudayaLifestyleBali CheckBali InsightPojok NarasiSemua berita dengan topik ini.0 beritaBelum ada berita untuk kategori ini.",BaliNews.id,"Dajan Peken, 82114, Tabanan, Tabanan, Bali, Indonesia",-8.536609490935,115.13552944186335,5,"2, 7","kejaksaan, kejatibali, kejaritabanan, tabanan, news"
SIM Keliling di Bali 25 September 2026 Cek Lokasinya,2026-09-24T23:00:54.000Z,"Kabupaten Tabanan, Bali, Indonesia","SIM Keliling di Bali 25 September 2026, Cek Lokasinya - BALIPOST.com","Mobil layanan SIM Keliling. (BP/Istimewa)MANGUPURA, BALIPOST.com – Bagi masyarakat Bali yang hari ini hendak memperpanjang SIM A dan C, bisa memanfaatkan layanan SIM Keliling, Jumat (25/9).Hari ini, SIM Keliling ada di 4 kabupaten.","Yaitu Badung, Tabanan, Jembrana, dan Klungkung.Masyarakat bisa datang di tempat tersebut dengan membawa persyaratan KTP elektronik dengan fotoccopy, SIM lama yang masih aktif dengan fotocopy, dan surat keterangan sehat dan psikologi.Untuk ikut dalam proses perpanjangan SIM, segini biaya yang perlu disiapkan berdasarkan Peraturan Pemerintah (PP) Nomor 76 Tahun 2020:SIM A (Mobil): Rp80.000SIM C (Motor): Rp75.000Lalu, ada pula biaya lainnya yang dikenakan. Biaya ini terkait dokumen administratif perpanjangan SIM yang dilakukan di lokasi SIM.Jika tes dilakukan di fasilitas kesehatan lain, maka bisa jadi tarifnya berbeda:Biaya tes kesehatan: Rp35.000Biaya tes psikologi: Rp60.000Masyarakat bisa mendatangi layanan perpanjangan SIM keliling di bawah ini:Polres Badung, bertempat di Damkar Dalung (Timur Pasar Dalung) dan Mall Pelayanan Publik Puspem Badung, dari pukul 08.00 WITA sampai dengan selesai.Polres Tabanan, bertempat di Mal Pelayanan Publik Tabanan, mulai pukul 08.00 WITA sampai selesai, dan Pasar Senggol Tabanan mulai dari pukul 18.00 sampai 20.00 WITA.Polres Jembrana, bertempat di Pasar Senggol Pekutatan dari pukul 08.00 WITA sampai selesai.Polres Klungkung, bertempat di depan Kantor Bupati Klungkung dan Polsubsektor Nusa Penida Klungkung mulai pukul 08.30 WITA sampai selesai.Dari layanan SIM Keliling ini, masyarakat diharapkan dapat lebih mudah mengurus perpanjangan SIM tanpa harus datang langsung ke kantor Satpas.Untuk memastikan tidak ada perubahan mendadak, jadwal terbaru bisa dipantau melalui akun resmi Ditlantas Polda Bali maupun Polres setempat.","Pada Hari Kamis , 24 September 2026 23:00, Tabanan, Tabanan, Bali

Mobil layanan SIM Keliling. (BP/Istimewa)MANGUPURA, BALIPOST.com – Bagi masyarakat Bali yang hari ini hendak memperpanjang SIM A dan C, bisa memanfaatkan layanan SIM Keliling, Jumat (25/9).Hari ini, SIM Keliling ada di 4 kabupaten. Yaitu Badung, Tabanan, Jembrana, dan Klungkung.Masyarakat bisa datang di tempat tersebut dengan membawa persyaratan KTP elektronik dengan fotoccopy, SIM lama yang masih aktif dengan fotocopy, dan surat keterangan sehat dan psikologi.Untuk ikut dalam proses perpanjangan SIM, segini biaya yang perlu disiapkan berdasarkan Peraturan Pemerintah (PP) Nomor 76 Tahun 2020:SIM A (Mobil): Rp80.000SIM C (Motor): Rp75.000Lalu, ada pula biaya lainnya yang dikenakan. Biaya ini terkait dokumen administratif perpanjangan SIM yang dilakukan di lokasi SIM.Jika tes dilakukan di fasilitas kesehatan lain, maka bisa jadi tarifnya berbeda:Biaya tes kesehatan: Rp35.000Biaya tes psikologi: Rp60.000Masyarakat bisa mendatangi layanan perpanjangan SIM keliling di bawah ini:Polres Badung, bertempat di Damkar Dalung (Timur Pasar Dalung) dan Mall Pelayanan Publik Puspem Badung, dari pukul 08.00 WITA sampai dengan selesai.Polres Tabanan, bertempat di Mal Pelayanan Publik Tabanan, mulai pukul 08.00 WITA sampai selesai, dan Pasar Senggol Tabanan mulai dari pukul 18.00 sampai 20.00 WITA.Polres Jembrana, bertempat di Pasar Senggol Pekutatan dari pukul 08.00 WITA sampai selesai.Polres Klungkung, bertempat di depan Kantor Bupati Klungkung dan Polsubsektor Nusa Penida Klungkung mulai pukul 08.30 WITA sampai selesai.Dari layanan SIM Keliling ini, masyarakat diharapkan dapat lebih mudah mengurus perpanjangan SIM tanpa harus datang langsung ke kantor Satpas.Untuk memastikan tidak ada perubahan mendadak, jadwal terbaru bisa dipantau melalui akun resmi Ditlantas Polda Bali maupun Polres setempat. (Agung Dharmada/Balipost)",BALIPOST.com,"Dajan Peken, 82114, Tabanan, Tabanan, Bali, Indonesia",-8.536609490935,115.13552944186335,5,"2, 7","kejaksaan, kejatibali, kejaritabanan, tabanan, news"
P3TGAI Tingkatkan Jaringan Irigasi di DI Payangan Dukung Optimalisasi Distribusi Air bagi Petani,2026-09-24T09:22:52.000Z,"Kabupaten Tabanan, Bali, Indonesia","P3-TGAI Tingkatkan Jaringan Irigasi di D.I. Payangan, Dukung Optimalisasi Distribusi Air bagi Petani - Ditjen SDA","Foto: Petani beraktivitas di sekitar jaringan irigasi yang telah ditingkatkan melalui P3-TGAI Tahun Anggaran 2026 di Daerah Irigasi (D.I.) Payangan, Desa Marga Dauh Puri, Kecamatan Marga, Kabupaten Tabanan, untuk mendukung optimalisasi distribusi air ke lahan pertanian.
      
            Tabanan, 24 September 2026 – Balai Wilayah Sungai (BWS) Bali Penida, Direktorat Jenderal Sumber Daya Air, Kementerian Pekerjaan Umum melalui Program Percepatan Peningkatan Tata Guna Air Irigasi (P3-TGAI) terus mendorong peningkatan fungsi jaringan irigasi untuk mendukung kebutuhan air pertanian. Salah satunya melalui kegiatan yang dilaksanakan oleh Perkumpulan Petani Pemakai Air (P3A) Subak Tempek Uma Kaang Delodan pada Daerah Irigasi (D.I.) Payangan, Desa Marga Dauh Puri, Kecamatan Marga, Kabupaten Tabanan.
Kegiatan P3-TGAI tersebut berupa Peningkatan Jaringan Irigasi sepanjang 413 meter pada jaringan tersier.","Pekerjaan dilaksanakan mulai 19 Juni 2026 dan ditargetkan selesai pada 2 Agustus 2026. Berdasarkan data pelaksanaan, pekerjaan fisik telah selesai 100 persen.
Peningkatan jaringan irigasi tersebut memberikan manfaat pada areal pertanian seluas 20 hektare dengan penerima manfaat sebanyak 47 kepala keluarga.","Pada Hari Kamis , 24 September 2026 09:22, Tabanan, Tabanan, Bali

Foto: Petani beraktivitas di sekitar jaringan irigasi yang telah ditingkatkan melalui P3-TGAI Tahun Anggaran 2026 di Daerah Irigasi (D.I.) Payangan, Desa Marga Dauh Puri, Kecamatan Marga, Kabupaten Tabanan, untuk mendukung optimalisasi distribusi air ke lahan pertanian.
      
            Tabanan, 24 September 2026 – Balai Wilayah Sungai (BWS) Bali Penida, Direktorat Jenderal Sumber Daya Air, Kementerian Pekerjaan Umum melalui Program Percepatan Peningkatan Tata Guna Air Irigasi (P3-TGAI) terus mendorong peningkatan fungsi jaringan irigasi untuk mendukung kebutuhan air pertanian. Salah satunya melalui kegiatan yang dilaksanakan oleh Perkumpulan Petani Pemakai Air (P3A) Subak Tempek Uma Kaang Delodan pada Daerah Irigasi (D.I.) Payangan, Desa Marga Dauh Puri, Kecamatan Marga, Kabupaten Tabanan.
Kegiatan P3-TGAI tersebut berupa Peningkatan Jaringan Irigasi sepanjang 413 meter pada jaringan tersier. Pekerjaan dilaksanakan mulai 19 Juni 2026 dan ditargetkan selesai pada 2 Agustus 2026. Berdasarkan data pelaksanaan, pekerjaan fisik telah selesai 100 persen.
Peningkatan jaringan irigasi tersebut memberikan manfaat pada areal pertanian seluas 20 hektare dengan penerima manfaat sebanyak 47 kepala keluarga. Kegiatan ini dilaksanakan untuk mendukung kelancaran distribusi air sekaligus mengurangi kehilangan air pada jaringan irigasi yang sebelumnya mengalami permasalahan akibat kondisi tanah yang poros.
Dalam pelaksanaannya, masyarakat petani memiliki peran aktif sejak tahap perencanaan hingga pekerjaan fisik. P3A bersama masyarakat petani terlibat dalam survei penentuan lokasi, perencanaan dan desain, serta penyusunan Rencana Anggaran Biaya (RAB) bersama Konsultan Manajemen Balai (KMB) dan Tenaga Pendamping Masyarakat (TPM). Sebelum pekerjaan dimulai, masyarakat juga bergotong royong membersihkan jaringan dan kemudian turut terlibat sebagai pekerja selama pelaksanaan pekerjaan fisik.
PPK Operasi dan Pemeliharaan Sumber Daya Air (OP SDA) II Bali Penida, I Made Duarsa Parimartha, menjelaskan bahwa keterlibatan masyarakat menjadi bagian penting dalam pelaksanaan P3-TGAI karena program tersebut tidak hanya berfokus pada peningkatan jaringan, tetapi juga mendorong masyarakat untuk turut menjaga keberlanjutan fungsi irigasi.
“P3-TGAI bukan hanya tentang memperbaiki jaringan irigasi, tetapi juga bagaimana masyarakat petani ikut terlibat sejak perencanaan sampai pelaksanaan. Dengan keterlibatan tersebut, diharapkan jaringan yang sudah diperbaiki dapat terus dijaga dan dimanfaatkan secara optimal,” ujar Duarsa Parimartha.
Setelah peningkatan jaringan dilakukan, masyarakat merasakan berkurangnya kehilangan air dan waktu tunggu petani di bagian hilir untuk mendapatkan air ke petak sawah menjadi lebih singkat. Perbaikan tersebut juga mendukung peningkatan Indeks Pertanaman (IP) karena lebih banyak debit air yang dapat didistribusikan ke petak-petak sawah serta memberikan manfaat ekonomi melalui keterlibatan petani sebagai pekerja.
Dukung Kesiapsiagaan Irigasi Menghadapi Musim Kemarau
Memasuki musim kemarau, ketersediaan air menjadi salah satu tantangan dalam pengelolaan irigasi. Berdasarkan kondisi yang disampaikan masyarakat, debit air di wilayah tersebut biasanya mengalami penurunan sekitar 20–30 persen dari kondisi normal selama musim kemarau. Untuk menyesuaikan dengan ketersediaan air, sebagian petak sawah ditanami palawija, sayuran, atau bunga.
Dalam kondisi air yang terbatas, petani menerapkan sistem pembagian air secara bergantian ke masing-masing petak sawah. Pembagian air untuk setiap petak biasanya dilakukan maksimal selama setengah hari. Jaringan irigasi yang telah diperbaiki turut mendukung optimalisasi pembagian air karena lebih banyak debit air yang dapat didistribusikan.
I Made Duarsa Parimartha menyampaikan bahwa kondisi jaringan irigasi yang baik menjadi salah satu bagian penting dalam mendukung pengelolaan sumber daya air, terutama ketika ketersediaan debit mengalami penurunan pada musim kemarau.
“Ketika debit air berkurang, pengaturan distribusi menjadi semakin penting. Jaringan yang sudah diperbaiki diharapkan dapat membantu mengurangi kehilangan air sehingga pembagian air kepada petani dapat dilakukan secara lebih optimal,” jelasnya.
Gotong Royong Jaga Keberlanjutan Jaringan
Keberlanjutan manfaat P3-TGAI juga didukung oleh komitmen P3A dan masyarakat petani untuk menjaga jaringan irigasi setelah pekerjaan selesai. Pemeliharaan dilakukan melalui kegiatan gotong royong secara berkala, terutama sebelum memasuki musim tanam padi, agar jaringan tetap berfungsi dengan baik.
Melalui P3-TGAI, Balai Wilayah Sungai (BWS) Bali Penida, Direktorat Jenderal Sumber Daya Air, Kementerian Pekerjaan Umum mendorong peningkatan fungsi jaringan irigasi sekaligus memperkuat peran masyarakat dalam pengelolaan dan pemeliharaan infrastruktur jaringan irigasi. Dengan jaringan yang terpelihara dan distribusi air yang dikelola secara optimal, manfaat irigasi diharapkan dapat terus mendukung kegiatan pertanian dan produktivitas petani di D.I. Payangan, Kabupaten Tabanan.

Penulis: Ni Made Yunantari Dewi.",Ditjen SDA,"Dajan Peken, 82114, Tabanan, Tabanan, Bali, Indonesia",-8.536609490935,115.13552944186335,5,"2, 7","kejaksaan, kejatibali, kejaritabanan, tabanan, news"
Dua Guru NU Bali Ikuti Latihan Bela Negara di Rindam IXUdayana,2026-09-24T23:50:00.000Z,"Kabupaten Tabanan, Bali, Indonesia",Dua Guru NU Bali Ikuti Latihan Bela Negara di Rindam IX/Udayana - RRI.co.id,"Regional
                                                
                                            
                                                                            
                                    
                                    
                                        
                                            25 Sep 2026 06:50
                                            WIB
                                        
                                        
                                             Singaraja
                                        
                                    
                                    
                                                                                                                                
                                                                                
                                        
                                            
                                                Editor -
                                                Santi Mulyawati
                                            
                                        
                                    
                                

                                                                                                                                    

                                

                                                                                                            
                                        
                                                                                    
                                                
                                                    
                                                

                                                                                                    
                                                        Dua utusan Pengurus Wilayah Persatuan Guru Nahdlatul Ulama (PW PERGUNU) Bali mengikuti Latihan Kader Bela Negara yang diselenggarakan Badan Kesatuan Bangsa dan Politik (Kesbangpol) Provinsi Bali di Dodik Bela Negara Rindam IX/Udayana, Kediri, Tabanan. (Foto: Dok.","PW Pergunu Bali)
                                                    
                                                                                            
                                                                                                            
                                
                                RRI.CO.ID, Tabanan - Dua utusan Pengurus Wilayah Persatuan Guru Nahdlatul Ulama (PW PERGUNU) Bali mengikuti Latihan Kader Bela Negara yang diselenggarakan Badan Kesatuan Bangsa dan Politik (Kesbangpol) Provinsi Bali di Dodik Bela Negara Rindam IX/Udayana, Kediri, Tabanan. Kegiatan berlangsung selama empat hari, 21–24 September 2026.Moh.","Pada Hari Kamis , 24 September 2026 23:50, Tabanan, Tabanan, Bali

Regional
                                                
                                            
                                                                            
                                    
                                    
                                        
                                            25 Sep 2026 06:50
                                            WIB
                                        
                                        
                                             Singaraja
                                        
                                    
                                    
                                                                                                                                
                                                                                
                                        
                                            
                                                Editor -
                                                Santi Mulyawati
                                            
                                        
                                    
                                

                                                                                                                                    

                                

                                                                                                            
                                        
                                                                                    
                                                
                                                    
                                                

                                                                                                    
                                                        Dua utusan Pengurus Wilayah Persatuan Guru Nahdlatul Ulama (PW PERGUNU) Bali mengikuti Latihan Kader Bela Negara yang diselenggarakan Badan Kesatuan Bangsa dan Politik (Kesbangpol) Provinsi Bali di Dodik Bela Negara Rindam IX/Udayana, Kediri, Tabanan. (Foto: Dok. PW Pergunu Bali)
                                                    
                                                                                            
                                                                                                            
                                
                                RRI.CO.ID, Tabanan - Dua utusan Pengurus Wilayah Persatuan Guru Nahdlatul Ulama (PW PERGUNU) Bali mengikuti Latihan Kader Bela Negara yang diselenggarakan Badan Kesatuan Bangsa dan Politik (Kesbangpol) Provinsi Bali di Dodik Bela Negara Rindam IX/Udayana, Kediri, Tabanan. Kegiatan berlangsung selama empat hari, 21–24 September 2026.Moh. Sahlan dan A. Hirzan Anwari menjadi bagian dari 325 peserta yang berasal dari berbagai unsur masyarakat se-Bali. Peserta terdiri atas tokoh agama, tokoh adat, tokoh masyarakat, organisasi kemasyarakatan, hingga komunitas tingkat pratama Tahun Anggaran 2026.Kegiatan dibuka secara resmi oleh Kepala Pusat Bela Negara Badan Cadangan Nasional Kementerian Pertahanan RI, Brigjen TNI Luhut Marpaung. Dalam sambutannya, ia menekankan pentingnya peserta menjadi penggerak nilai-nilai bela negara setelah kembali ke lingkungan masing-masing.""Saya berharap kepada para peserta yang berasal dari berbagai unsur, bisa menginternalisasikan nilai-nilai bela negara di lingkungannya masing-masing dengan beragam pendekatan,” ujarnya.Selama pelatihan, para peserta mendapatkan pembinaan semi militer yang mencakup latihan baris-berbaris, kedisiplinan waktu, kepedulian sosial, hingga tata cara mengikuti apel dan upacara. Selain pembentukan karakter, peserta juga memperoleh materi bela negara dari berbagai perspektif kehidupan bermasyarakat.Materi yang diberikan meliputi perlindungan tanah adat, kesiapsiagaan menghadapi bencana, serta literasi digital dan penggunaan media sosial secara bijak. Sesi tersebut menjadi ruang diskusi bagi peserta untuk mengangkat berbagai persoalan yang berkembang di tengah masyarakat.Di sela pematerian literasi digital, A. Hirzan Anwari mengajukan pertanyaan mengenai langkah pemerintah dalam menghadapi maraknya judi online dan pinjaman online. Menurutnya, kedua persoalan tersebut memiliki dampak sosial yang besar dan dapat melemahkan ketahanan masyarakat apabila tidak ditangani secara serius.Rangkaian kegiatan ditutup oleh Danrindam IX/Udayana, Brigjen TNI Anwar, S.H., yang mengapresiasi semangat seluruh peserta selama mengikuti pelatihan. Ia berharap para kader mampu menjadi pelopor bela negara serta menumbuhkan nilai persatuan, disiplin, dan kepedulian di lingkungan masing-masing. 


                                
                                
                                
                                
                                
                                            
                                        
                                                                    

                                


                                
                                                                    
                                    
                                
                                                                                                                                                                                
                            
                            
                                                                        
                                                                
                                    
                                        
                                            Berita
                                        
                                    
                                    Terbaru Lainnya
                                
                                
                            
                            
                                    
                                    
                                        Memuat berita terbaru.....",RRI.co.id,"Dajan Peken, 82114, Tabanan, Tabanan, Bali, Indonesia",-8.536609490935,115.13552944186335,5,"2, 7","kejaksaan, kejatibali, kejaritabanan, tabanan, news"
Amarta Pasut Beach Retreat by Nakula Perkenalkan Yuna Wellness,2026-09-24T10:05:00.000Z,"Kabupaten Tabanan, Bali, Indonesia",Amarta Pasut Beach Retreat by Nakula Perkenalkan Yuna Wellness - kilasbali.com,"TABANAN, Kilasbali.com – Baru saja, Amarta Pasut Beach Retreat by Nakula memperkenalkan Yuna Wellness, destinasi wellness baru yang memadukan aktivitas fisik, pemulihan, perawatan kecantikan, dan nutrisi dalam suasana tenang Pasut Beach yang berpasir hitam eksotis di Desa Tibubiyu, Kecamatan Kerambitan, Kabupaten Tabanan, Bali.Dikelilingi lanskap yang damai dengan pemandangan sungai yang menenangkan, Yuna dirancang sebagai perpanjangan dari filosofi slow living Amarta untuk menghadirkan ruang khusus, di mana para tamu dapat menjadikan wellbeing sebagai bagian alami dari pengalaman menginap mereka.Pembukaan Yuna ini menjadi evolusi alami dari pengalaman untuk menghadirkan fasilitas wellness khusus di tengah destinasi yang sejak awal dibentuk oleh alam dan ritme kehidupan yang lebih tenang. Bagi para tamu yang menginap, penduduk Bali, maupun wisatawan, Yuna menghadirkan aktivitas fisik, pemulihan, dan self-care yang dapat dinikmati sesuai kebutuhan masing-masing.Menurut CEO Nakula Christian Sunjoto, nama Yuna terinspirasi dari interpretasi dalam bahasa Jepang yang berkaitan dengan kelembutan, keanggunan, koneksi, keindahan, dan mimpi, nilai-nilai yang mencerminkan filosofi di balik pengalaman yang ditawarkan.Juga menghadirkan pendekatan dan memberikan kesempatan bagi para tamu untuk bergerak, memulihkan tubuh, mengisi kembali energi, dan merawat diri dengan cara yang dapat menjadi bagian alami dari kehidupan sehari-hari.“Orang-orang kini mencari cara yang lebih bermakna untuk bepergian, dan Bali memiliki energi spiritual dan restoratif, bahkan kami melihat para wisatawan semakin terhubung dengan hal tersebut.","Melalui Yuna Wellness Bali, kami ingin menciptakan pengalaman yang membantu para tamu memperlambat ritme, menikmati setiap momen, dan pulang dengan perasaan ysng kembali berenergi, baik secara fisik maupun mental,” ujar Christian Sunjoto, Selasa (22/9/2026).Inti dari pengalaman Yuna adalah beragam pilihan aktivitas fisik dan pemulihan, sehinggs para tamu dapat memulai hari dengan yoga, berlatih secara mandiri di gym dengan fasilitas lengkap, atau mengikuti sesi latihan privat bersama personal trainer, yang memberikan pilihan berbeda, baik untuk meningkatkan mobilitas dan mendukung pemulihan tubuh maupun membangun kekuatan melalui latihan yang lebih dinamis.Setelah berlatih, ritme beralih menuju pemulihan melalui sauna, cold plunge, jacuzzi, dan infinity pool yang memberikan kebebasan bagi para tamu untuk menciptakan ritual pemulihan setelah berolahraga atau sekadar menikmati waktu untuk bersantai.Termasuk berbagai pilihan pijat yang terinspirasi dari tradisi wellness Indonesia meliputi, Balinese Relaxation Massage, Javanese Deep Tissue Massage, Hot Stone Massage, Yoga Stretch Massage, dan Foot Massage.Adapun perawatan wajah mencakup Moringa Glow Facial dan Cucumber Aloe Vera Facial, serta berbagai perawatan Dermalogica, termasuk express facial, deep purifying, dan perawatan yang berfokus pada hidrasi. Serta layanan kecantikan dan salon seperti, perawatan rambut, wajah, dan kuku, sekaligus memadukan kebugaran, pemulihan, treatment, dan personal care dalam satu tempat.Retreat ini menawarkan Wellness Package khusus yang menggabungkan pengalaman menginap dengan fasilitas Yuna dalam sebuah weekend escape dengan harga relatif terjangkau, yang mencakup minimum menginap dua malam dengan sarapan, makan siang atau makan malam setiap hari, serta sekali perawatan spa untuk dua orang, sekeligus menjadikan wellness sebagai bagian dari masa menginap.Bagi penduduk Bali maupun wisatawan juga dapat menjadikan Yuna sebagai bagian dari rutinitas wellness, baik untuk menikmati satu hari yang restoratif di tepi sungai maupun untuk membangun rutinitas yang lebih konsisten.","Pada Hari Kamis , 24 September 2026 10:05, Tabanan, Tabanan, Bali

TABANAN, Kilasbali.com – Baru saja, Amarta Pasut Beach Retreat by Nakula memperkenalkan Yuna Wellness, destinasi wellness baru yang memadukan aktivitas fisik, pemulihan, perawatan kecantikan, dan nutrisi dalam suasana tenang Pasut Beach yang berpasir hitam eksotis di Desa Tibubiyu, Kecamatan Kerambitan, Kabupaten Tabanan, Bali.Dikelilingi lanskap yang damai dengan pemandangan sungai yang menenangkan, Yuna dirancang sebagai perpanjangan dari filosofi slow living Amarta untuk menghadirkan ruang khusus, di mana para tamu dapat menjadikan wellbeing sebagai bagian alami dari pengalaman menginap mereka.Pembukaan Yuna ini menjadi evolusi alami dari pengalaman untuk menghadirkan fasilitas wellness khusus di tengah destinasi yang sejak awal dibentuk oleh alam dan ritme kehidupan yang lebih tenang. Bagi para tamu yang menginap, penduduk Bali, maupun wisatawan, Yuna menghadirkan aktivitas fisik, pemulihan, dan self-care yang dapat dinikmati sesuai kebutuhan masing-masing.Menurut CEO Nakula Christian Sunjoto, nama Yuna terinspirasi dari interpretasi dalam bahasa Jepang yang berkaitan dengan kelembutan, keanggunan, koneksi, keindahan, dan mimpi, nilai-nilai yang mencerminkan filosofi di balik pengalaman yang ditawarkan.Juga menghadirkan pendekatan dan memberikan kesempatan bagi para tamu untuk bergerak, memulihkan tubuh, mengisi kembali energi, dan merawat diri dengan cara yang dapat menjadi bagian alami dari kehidupan sehari-hari.“Orang-orang kini mencari cara yang lebih bermakna untuk bepergian, dan Bali memiliki energi spiritual dan restoratif, bahkan kami melihat para wisatawan semakin terhubung dengan hal tersebut. Melalui Yuna Wellness Bali, kami ingin menciptakan pengalaman yang membantu para tamu memperlambat ritme, menikmati setiap momen, dan pulang dengan perasaan ysng kembali berenergi, baik secara fisik maupun mental,” ujar Christian Sunjoto, Selasa (22/9/2026).Inti dari pengalaman Yuna adalah beragam pilihan aktivitas fisik dan pemulihan, sehinggs para tamu dapat memulai hari dengan yoga, berlatih secara mandiri di gym dengan fasilitas lengkap, atau mengikuti sesi latihan privat bersama personal trainer, yang memberikan pilihan berbeda, baik untuk meningkatkan mobilitas dan mendukung pemulihan tubuh maupun membangun kekuatan melalui latihan yang lebih dinamis.Setelah berlatih, ritme beralih menuju pemulihan melalui sauna, cold plunge, jacuzzi, dan infinity pool yang memberikan kebebasan bagi para tamu untuk menciptakan ritual pemulihan setelah berolahraga atau sekadar menikmati waktu untuk bersantai.Termasuk berbagai pilihan pijat yang terinspirasi dari tradisi wellness Indonesia meliputi, Balinese Relaxation Massage, Javanese Deep Tissue Massage, Hot Stone Massage, Yoga Stretch Massage, dan Foot Massage.Adapun perawatan wajah mencakup Moringa Glow Facial dan Cucumber Aloe Vera Facial, serta berbagai perawatan Dermalogica, termasuk express facial, deep purifying, dan perawatan yang berfokus pada hidrasi. Serta layanan kecantikan dan salon seperti, perawatan rambut, wajah, dan kuku, sekaligus memadukan kebugaran, pemulihan, treatment, dan personal care dalam satu tempat.Retreat ini menawarkan Wellness Package khusus yang menggabungkan pengalaman menginap dengan fasilitas Yuna dalam sebuah weekend escape dengan harga relatif terjangkau, yang mencakup minimum menginap dua malam dengan sarapan, makan siang atau makan malam setiap hari, serta sekali perawatan spa untuk dua orang, sekeligus menjadikan wellness sebagai bagian dari masa menginap.Bagi penduduk Bali maupun wisatawan juga dapat menjadikan Yuna sebagai bagian dari rutinitas wellness, baik untuk menikmati satu hari yang restoratif di tepi sungai maupun untuk membangun rutinitas yang lebih konsisten. Pilihan pass dan membership yang fleksibel tersedia mulai dari akses harian sampai mingguan hingga keanggotaan bulanan, enam bulan, dan tahunan.Manfaat membership mencakup akses ke fasilitas wellness dan penghematan 20% untuk perawatan spa dan bersantap di Lilly by the Sea Restaurant, serta spa credit hingga IDR 10.000.000, tergantung pada jenis membership yang dipilih.Dengan mengikuti itinerary wellness yang telah ditentukan dapat memberikan ruang dan kebebasan bagi setiap tamu untuk menemukan rutinitas yang terasa lebih tepat dan mengesankan. (Kb/djo)",kilasbali.com,"Dajan Peken, 82114, Tabanan, Tabanan, Bali, Indonesia",-8.536609490935,115.13552944186335,5,"2, 7","kejaksaan, kejatibali, kejaritabanan, tabanan, news"
Petani Cabai Waspadai Musim Hujan Bunga Rontok hingga Busuk Akar Mengintai,2026-09-24T05:13:34.000Z,"Kabupaten Tabanan, Bali, Indonesia","Petani Cabai Waspadai Musim Hujan, Bunga Rontok hingga Busuk Akar Mengintai - nusabali.com","TABANAN, NusaBali.com – 
Petani cabai di Desa Baturiti, Kecamatan Baturiti, Tabanan, mulai mewaspadai datangnya musim hujan. Curah hujan tinggi tidak hanya berpotensi mengganggu pertumbuhan tanaman, tetapi juga dapat menyebabkan bunga cabai rontok sehingga tanaman gagal menghasilkan buah.

                                                        
                            Petani cabai Baturiti, I Nyoman Sudiyasa, Rabu (23/9/2026) mengatakan, musim hujan memiliki tantangan tersendiri bagi tanaman cabai.","Selain bunga yang rentan rontok, tanaman juga berisiko mengalami pembusukan apabila lahan terlalu banyak menampung air. “Kalau musim hujan, paling bikin bedengan yang tinggi,” ujar Sudiyasa.
Bedengan yang dibuat lebih tinggi menjadi salah satucara petani mengurangi risiko tanaman terendam.","Pada Hari Kamis , 24 September 2026 05:13, Tabanan, Tabanan, Bali

TABANAN, NusaBali.com – 
Petani cabai di Desa Baturiti, Kecamatan Baturiti, Tabanan, mulai mewaspadai datangnya musim hujan. Curah hujan tinggi tidak hanya berpotensi mengganggu pertumbuhan tanaman, tetapi juga dapat menyebabkan bunga cabai rontok sehingga tanaman gagal menghasilkan buah.

                                                        
                            Petani cabai Baturiti, I Nyoman Sudiyasa, Rabu (23/9/2026) mengatakan, musim hujan memiliki tantangan tersendiri bagi tanaman cabai. Selain bunga yang rentan rontok, tanaman juga berisiko mengalami pembusukan apabila lahan terlalu banyak menampung air. “Kalau musim hujan, paling bikin bedengan yang tinggi,” ujar Sudiyasa.
Bedengan yang dibuat lebih tinggi menjadi salah satucara petani mengurangi risiko tanaman terendam. Menurut Sudiyasa, posisi tanaman perlu dibuat lebih tinggi agar air hujan tidak menggenang terlalu lama di sekitar perakaran.
Genangan menjadi persoalan terutama bagi tanaman cabai yang masih kecil. Jika terlalu lama terendam, tanaman dapat mengalami pembusukan hingga mati. “Kalau masih kecil direndam terus, mati juga. Busuk akar,” katanya.
Selain persoalan genangan, hujan yang disertai angin kencang juga berpotensi merusak pertanaman cabai. Karena itu, kondisi cuaca menjadi salah satu faktor yang sangat menentukan keberhasilan produksi setelah petani sebelumnya menghadapi tekanan akibat kekeringan.
Sudiyasa mengatakan air hujan yang berlebihan juga dapat mengganggu fase pembungaan. Bunga yang rontok tentu berdampak langsung terhadap jumlah buah yang dapat dipanen.
Namun, petani kini tidak sepenuhnya mengandalkan kondisi alam.
Perawatan tanaman dilakukan lebih intensif untuk mengurangi risiko kerusakan selama musim hujan. Menurut Sudiyasa, sudah tersedia berbagai perlakuan untuk membantu mengendalikan bunga rontok maupun serangan hama dan penyakit.
Dengan perawatan yang rutin, risiko tersebut masih dapat ditekan.“Kalau perawatannya bagus dan rutin, aman. Semuanya bisa dikendalikan,” ujarnya.
Karena itu, memasuki musim hujan petani harus melakukan penyesuaian dalam teknik budidaya. Selain meninggikan bedengan, pengelolaan air dan perawatan tanaman menjadi bagian penting untuk menjaga tanaman tetap produktif.
Tantangan musim hujan datang setelah petani cabai Baturiti sebelumnya menghadapi persoalan kekurangan air. Sudiyasa mengatakan hampir setengah pertanaman cabai di wilayahnya terdampak kekeringan.
Pasokan air dari saluran irigasi masih tersedia, tetapi debitnya terbatas. Akibatnya, produksi cabai di lahannya diperkirakan turun hampir 50 persen. 
Dalam kondisi normal, satu pohon cabai dapat menghasilkan sekitar 0,8 hingga 1 kilogram. Satu kali tanam juga dapat dipanen berulang kali hingga sekitar satu tahun apabila tanaman tumbuh baik dan mendapatkan perawatan yang memadai. Namun, perubahan cuaca membuat kemampuan produksi tersebut tidak selalu dapat dicapai.
Setelah kekurangan air pada musim kemarau, petani kini harus mengantisipasi kelebihan air pada musim hujan. Dua kondisi yang berlawanan tersebut sama-sama berpengaruh terhadap produktivitas tanaman. “Kalau ada angin pas hujan, bisa mati semua,” ujar Sudiyasa. *may",nusabali.com,"Dajan Peken, 82114, Tabanan, Tabanan, Bali, Indonesia",-8.536609490935,115.13552944186335,5,"2, 7","kejaksaan, kejatibali, kejaritabanan, tabanan, news"
Utusan PW PERGUNU Bali Ikut Kegiatan Latihan Kader Bela Negara di Rindam IXUdayana,2026-09-24T08:21:50.000Z,"Kabupaten Tabanan, Bali, Indonesia",Utusan PW PERGUNU Bali Ikut Kegiatan Latihan Kader Bela Negara di Rindam IX/Udayana - balisharing.com,"TABANAN – Dua utusan Pengurus Wilayah Persatuan Guru Nahdlatul Ulama’ (PW PERGUNU) Bali, Moh. Sahlan dan A.","Hirzan Anwari, memenuhi permohonan peserta dalam kegiatan Latihan Kader Bela Negara oleh Badan Kesatuan Bangsa dan Politik Provinsi Bali, di Dodik Bela Negara Rindam IX/Udayana, Kediri, Tabanan Bali. Kegiatan ini berlangsung selama empat hari, 21 – 24 September 2026.Peserta terdiri dari beberapa unsur masyarakat, meliputi Tokoh Agama, Tokoh Adat, Toko Masyarakat, Organisasi Masyarakat, dan Komunitas tingkat pratama se-Provinsi Bali tahun anggaran 2026.Acara dimulai dengan upacara sekaligus pembukaan kegiatan secara resmi oleh Kepala Pusat Bela Negara Bacadnas Kemenhan RI, Brigjen TNI Luhut Marpaung.Dalam sambutannya, ia berharap semua pihak yang menjadi bagian dari kader bela negara kelak bisa mempertanggung jawabkan amanah di lingkungannya masing-masing.","Pada Hari Kamis , 24 September 2026 08:21, Tabanan, Tabanan, Bali

TABANAN – Dua utusan Pengurus Wilayah Persatuan Guru Nahdlatul Ulama’ (PW PERGUNU) Bali, Moh. Sahlan dan A. Hirzan Anwari, memenuhi permohonan peserta dalam kegiatan Latihan Kader Bela Negara oleh Badan Kesatuan Bangsa dan Politik Provinsi Bali, di Dodik Bela Negara Rindam IX/Udayana, Kediri, Tabanan Bali. Kegiatan ini berlangsung selama empat hari, 21 – 24 September 2026.Peserta terdiri dari beberapa unsur masyarakat, meliputi Tokoh Agama, Tokoh Adat, Toko Masyarakat, Organisasi Masyarakat, dan Komunitas tingkat pratama se-Provinsi Bali tahun anggaran 2026.Acara dimulai dengan upacara sekaligus pembukaan kegiatan secara resmi oleh Kepala Pusat Bela Negara Bacadnas Kemenhan RI, Brigjen TNI Luhut Marpaung.Dalam sambutannya, ia berharap semua pihak yang menjadi bagian dari kader bela negara kelak bisa mempertanggung jawabkan amanah di lingkungannya masing-masing. “Saya berharap kepada para peserta yang berasal dari berbagai unsur, bisa menginternalisasikan nila-nilai bela negara di lingkungannya masing-masing dengan beragam pendekatan.” ujarnya.Peserta yang berjumlah 325 orang ini digembleng dengan pelatihan semi militer, seperti cara baris-berbaris pada saat apel dan upacara, peduli terhadap sesama, disiplin waktu, dan lain sebagainya.Selain itu, mereka juga diberikan bekal materi tentang bela negara dari berbagai aspek. Seperti menjaga tanah adat, bijak menggunakan media sosial, tanggap terhadap bencana, dan lain-lain.Di sela-sela pematerian tentang bijak menggunakan media sosial, A. Hirzan Anwari sebagai utusan PW PERGUNU Bali bertanya mengenai bagaimana sikap bijak Pemerintah Bali menangani persoalan judi online (judol)dan pinjaman online (pinjol) yang berseliweran di jagat maya.Menurut Hirzan, meski dua persoalan tersebut tidak masuk dalam materi, namun sangat berpengaruh buruk terhadap nasib masyarakat dan dapat menjadi salah satu penyebab rapuhnya pondasi bela negara.Kegiatan ini ditutup oleh Danrindam IX/Udayana, Brigjen TNI Anwar, S.H. Dalam sambutannya ia mengapresiasi semangat semua unsur yang menjadi peserta dan berharap agar bisa menjadi pionir bela negara di lingkungan sekitarnya. (bs)",balisharing.com,"Dajan Peken, 82114, Tabanan, Tabanan, Bali, Indonesia",-8.536609490935,115.13552944186335,5,"2, 7","kejaksaan, kejatibali, kejaritabanan, tabanan, news"
Latihan Kader Bela Negara Tingkat Pratama di Tabanan Resmi Ditutup 325 Peserta seBali Jadi Duta Bela Negara,2026-09-25T02:50:56.000Z,"Kabupaten Tabanan, Bali, Indonesia","Latihan Kader Bela Negara Tingkat Pratama di Tabanan Resmi Ditutup, 325 Peserta se-Bali Jadi Duta Bela Negara - analisnews.co.id","Latihan Kader Bela Negara Tingkat Pratama di Tabanan Resmi Ditutup, 325 Peserta se-Bali Jadi Duta Bela Negara


Analisnews.co.id — TABANAN | Dewan Pimpinan Daerah Forum Bela Negara (DPW FBN) RI Provinsi Bali yang diwakili 37 anggota untuk mengikuti Latihan Kader Bela Negara bersama Toga, Tomas, Toda, Ormas dan Komunitas Tingkat Pratama Tahun Anggaran 2026, Kamis 24 September 2026 resmi ditutup.

Kegiatan yang digelar oleh Kementerian Pertahanan Republik Indonesia melalui Badan Cadangan Nasional (Bacadnas) selama tiga hari mulai 22 hingga 24 September 2026 di Detasemen Pendidikan (Dodik) Bela Negara Rindam lX/Udayana tersebut diikuti sebanyak 325 peserta dari seluruh Bali.
Penutupan latihan kader Bela Negara dipimpin langsung oleh Danrindam lX/Udayana, Brigjen TNI Anwar SH. Dalam amanatnya, Rindam lX/Udayana diberikan amanah oleh Kementerian Pertahanan untuk menyelenggarakan pelatihan Kader Bela Negara, seperti Toga, Tomas, Toda dan Ormas, dan komunitas tingkat Pertama.
Brigjen TNI Anwar mendorong para kader yang telah dilatih diharapkan menjadi duta Bela Negara di daerah masing-masing dan mampu menyebarluaskan nilai-nilai cinta tanah air, kesadaran berbangsa dan bernegara, setia kepada Pancasila, serta rela berkorban untuk kepentingan bangsa dan Negara
“Untuk itu, setelah kembali ke lingkungan masing-masing, diharapkan menjadi motor penggerak kesadaran bela negara.

Menurutnya kegiatan semacam ini dinilai sangat penting dan positif bagi peserta, dengan begitu luasnya negara kita, mencakup beraneka ragam suku, seni dan budaya, rasa cinta tanah air dirasa cukup kuat sehingga program seperti ini penting dilanjutkan untuk gelombang selanjutnya.
DPW FBN RI Bali Antusias
Ketua DPW Forum Bela Negara (FBN) RI Bali, Ida Bagus Putu Parta, S.E., S.H., mengaku bangga mengikuti pelatihan bela negara di tengah-tengah pengurus DPW maupun DPD FBN RI se-Bali serta para kader bela negara lainnya.
“Sejak awal pembukaan 22 hingga 24 September, rekan-rekan anggota FBN RI Bali antusias, semua bugar mengikuti hingga penutupan,” ujarnya.
Menurutnya, seluruh proses belajar di kelas maupun yang melibatkan fisik, anggota FBN RI sangat antusias dan melahap semua kegiatan tersebut.
“Rekan-rekan semua sangat menikmati kegiatan angkatan pertama Latsar Bela Negara Provinsi Bali 2026 ini.","Selain kegiatan fisik maupun mental yang digembleng di Dodik oleh Kementerian Pertahanan,” katanya.
Ia menambahkan, pelatihan ini memiliki dampak strategis dalam rangka memperkuat soliditas organisasi dan menjadi pionir dalam memajukan serta mengembangkan FBN RI hingga tingkat Kabupaten/Kota dan Kecamatan.

Latihan tersebut merupakan bagian dari program kementrian pertahanan, FBN RI Bali, senantiasa menginterpretasikan sekaligus menyebarluaskan nilai-nilai bela negara di tengah masyarakat, urainya.
Siap Gelar TOT Hingga Sekolah
Sementara itu, Ketua I DPW FBN RI Bali, Dr. Dra.","Pada Hari Jumat , 25 September 2026 02:50, Tabanan, Tabanan, Bali

Latihan Kader Bela Negara Tingkat Pratama di Tabanan Resmi Ditutup, 325 Peserta se-Bali Jadi Duta Bela Negara


Analisnews.co.id — TABANAN | Dewan Pimpinan Daerah Forum Bela Negara (DPW FBN) RI Provinsi Bali yang diwakili 37 anggota untuk mengikuti Latihan Kader Bela Negara bersama Toga, Tomas, Toda, Ormas dan Komunitas Tingkat Pratama Tahun Anggaran 2026, Kamis 24 September 2026 resmi ditutup.

Kegiatan yang digelar oleh Kementerian Pertahanan Republik Indonesia melalui Badan Cadangan Nasional (Bacadnas) selama tiga hari mulai 22 hingga 24 September 2026 di Detasemen Pendidikan (Dodik) Bela Negara Rindam lX/Udayana tersebut diikuti sebanyak 325 peserta dari seluruh Bali.
Penutupan latihan kader Bela Negara dipimpin langsung oleh Danrindam lX/Udayana, Brigjen TNI Anwar SH. Dalam amanatnya, Rindam lX/Udayana diberikan amanah oleh Kementerian Pertahanan untuk menyelenggarakan pelatihan Kader Bela Negara, seperti Toga, Tomas, Toda dan Ormas, dan komunitas tingkat Pertama.
Brigjen TNI Anwar mendorong para kader yang telah dilatih diharapkan menjadi duta Bela Negara di daerah masing-masing dan mampu menyebarluaskan nilai-nilai cinta tanah air, kesadaran berbangsa dan bernegara, setia kepada Pancasila, serta rela berkorban untuk kepentingan bangsa dan Negara
“Untuk itu, setelah kembali ke lingkungan masing-masing, diharapkan menjadi motor penggerak kesadaran bela negara.

Menurutnya kegiatan semacam ini dinilai sangat penting dan positif bagi peserta, dengan begitu luasnya negara kita, mencakup beraneka ragam suku, seni dan budaya, rasa cinta tanah air dirasa cukup kuat sehingga program seperti ini penting dilanjutkan untuk gelombang selanjutnya.
DPW FBN RI Bali Antusias
Ketua DPW Forum Bela Negara (FBN) RI Bali, Ida Bagus Putu Parta, S.E., S.H., mengaku bangga mengikuti pelatihan bela negara di tengah-tengah pengurus DPW maupun DPD FBN RI se-Bali serta para kader bela negara lainnya.
“Sejak awal pembukaan 22 hingga 24 September, rekan-rekan anggota FBN RI Bali antusias, semua bugar mengikuti hingga penutupan,” ujarnya.
Menurutnya, seluruh proses belajar di kelas maupun yang melibatkan fisik, anggota FBN RI sangat antusias dan melahap semua kegiatan tersebut.
“Rekan-rekan semua sangat menikmati kegiatan angkatan pertama Latsar Bela Negara Provinsi Bali 2026 ini. Selain kegiatan fisik maupun mental yang digembleng di Dodik oleh Kementerian Pertahanan,” katanya.
Ia menambahkan, pelatihan ini memiliki dampak strategis dalam rangka memperkuat soliditas organisasi dan menjadi pionir dalam memajukan serta mengembangkan FBN RI hingga tingkat Kabupaten/Kota dan Kecamatan.

Latihan tersebut merupakan bagian dari program kementrian pertahanan, FBN RI Bali, senantiasa menginterpretasikan sekaligus menyebarluaskan nilai-nilai bela negara di tengah masyarakat, urainya.
Siap Gelar TOT Hingga Sekolah
Sementara itu, Ketua I DPW FBN RI Bali, Dr. Dra. Ni Made Cantiari, M.Si., dorong Kader Bela Negara yang profesional harus selalu siap mengawal Merah Putih sebagai lambang negara.
“Kader yang akan kita bentuk nantinya, diharapkan mampu mengamalkan nilai-nilai Pancasila, UUD 1945, Bhinneka Tunggal Ika dan menjaga NKRI,” tegasnya.
Selain itu, setelah kegiatan ini, para alumni akan melaksanakan Training of Trainer (TOT) untuk menyebarkan pengaruh di tingkat masyarakat dan sekolah, mulai dari TK, SD, SMP, SMA hingga perguruan tinggi.
“Implementasinya NKRI harga mati,” ujarnya.
Dr. Cantiari juga menegaskan, bagi kader FBN RI Bali yang telah melewati pelatihan secara profesional, harus tetap menjaga kelestarian seni dan budaya yang merupakan ujung tombak pariwisata Bali.
“Pegang teguh amanah pejuang, jaga Bali, jaga keamanan Bali, jangan sampai tanah Indonesia lepas. Junjung profesionalitas para generasi muda menuju Indonesia Emas 2045,” pesannya.
Pesan Pendiri FBN Bali
Tokoh penting sekaligus pendiri FBN RI Bali, Ir. Nyoman Partana, S.H., M.H., memaparkan perjalanan Dewan Pimpinan Wilayah Forum Bela Negara Provinsi Bali.
Ia mengaku sangat bangga melihat penerus FBN RI Bali yang sangat antusias dan kompak mengikuti Latihan Kader Bela Negara.
“Semangat itu harus terus melekat di jiwa generasi saat ini, demi keberlangsungan penerus bangsa,” katanya.

Nyoman Partana juga mengutip pesan Jenderal (Purn) Ryamizard Ryacudu, mantan Menteri Pertahanan, yang menitipkan pesan agar Organisasi Bela Negara harus maju dan berkembang sesuai dengan perkembangan zaman.
Acara penutupan ditandai dengan pelepasan tanda peserta, kemudian dilanjutkan dengan penyerahan sertifikat secara simbolis, oleh Danrindam lX/Udayana, Brigjen TNI Anwar SH.
Turut hadir jajaran Rindam IX/Udayana, Perwakilan Polres Tabanan, perwakilan Kesbangpol Provinsi Bali, serta pengurus DPW Forum Bela Negara (FBN) RI Bali. (Ranu)
FBN RI Bali, Bela Negara, Kemhan RI, Tabnana, Rindam lX/Udayana",analisnews.co.id,"Dajan Peken, 82114, Tabanan, Tabanan, Bali, Indonesia",-8.536609490935,115.13552944186335,5,"2, 7","kejaksaan, kejatibali, kejaritabanan, tabanan, news"
Jadwal Pelayanan SIM Keliling Kabupaten Tabanan September 2026 Besok di Mall Pelayanan Publik Tribun,2026-09-24T15:55:08.000Z,"Kabupaten Tabanan, Bali, Indonesia","Jadwal Pelayanan SIM Keliling Kabupaten Tabanan September 2026, Besok di Mall Pelayanan Publik - Tribun-bali.com","Lagi liatin aja dulu	
		
	
	
	You don't have permission for this request..",,"Pada Hari Kamis , 24 September 2026 15:55, Tabanan, Tabanan, Bali

Lagi liatin aja dulu	
		
	
	
	You don't have permission for this request.",bali.com,"Dajan Peken, 82114, Tabanan, Tabanan, Bali, Indonesia",-8.536609490935,115.13552944186335,5,"2, 7","kejaksaan, kejatibali, kejaritabanan, tabanan, news"
Jadwal Pelayanan Samsat Keliling Kabupaten Tabanan September 2026 Lokasi di Pasar Senggol BPD Tribun,2026-09-24T15:55:11.000Z,"Kabupaten Tabanan, Bali, Indonesia","Jadwal Pelayanan Samsat Keliling Kabupaten Tabanan September 2026, Lokasi di Pasar Senggol BPD - Tribun-bali.com","Lagi liatin aja dulu	
		
	
	
	You don't have permission for this request..",,"Pada Hari Kamis , 24 September 2026 15:55, Tabanan, Tabanan, Bali

Lagi liatin aja dulu	
		
	
	
	You don't have permission for this request.",bali.com,"Dajan Peken, 82114, Tabanan, Tabanan, Bali, Indonesia",-8.536609490935,115.13552944186335,5,"2, 7","kejaksaan, kejatibali, kejaritabanan, tabanan, news"
Cuaca Bali Besok Jumat 25 September 2026 Tabanan Hujan Ringan Bangli Diprediksi Suhu Lebih Dingin,2026-09-24T13:14:20.000Z,"Kabupaten Tabanan, Bali, Indonesia","Cuaca Bali Besok Jumat, 25 September 2026: Tabanan Hujan Ringan, Bangli Diprediksi Suhu Lebih Dingin - Tribunnews.com","403 ERROR


Request blocked.
We can't connect to the server for this app or website at this time. There might be too much traffic or a configuration error.","Try again later, or contact the app or website owner.

If you provide content to customers through CloudFront, you can find steps to troubleshoot and help prevent this error by reviewing the CloudFront documentation.


Generated by cloudfront (CloudFront)
Request ID: PiB7lwM_2wA5IlAb-COhQ0tzAGxUqBQ5gcN6jfHxrjs8Pac95Ln9oQ==.","Pada Hari Kamis , 24 September 2026 13:14, Tabanan, Tabanan, Bali

403 ERROR


Request blocked.
We can't connect to the server for this app or website at this time. There might be too much traffic or a configuration error. Try again later, or contact the app or website owner.

If you provide content to customers through CloudFront, you can find steps to troubleshoot and help prevent this error by reviewing the CloudFront documentation.


Generated by cloudfront (CloudFront)
Request ID: PiB7lwM_2wA5IlAb-COhQ0tzAGxUqBQ5gcN6jfHxrjs8Pac95Ln9oQ==",Tribunnews.com,"Dajan Peken, 82114, Tabanan, Tabanan, Bali, Indonesia",-8.536609490935,115.13552944186335,5,"2, 7","kejaksaan, kejatibali, kejaritabanan, tabanan, news"
Bhabin Sudimara Hadiri Musrenbang Desa Tahun Anggaran 2027,2026-09-24T09:13:15.000Z,"Kabupaten Tabanan, Bali, Indonesia",Bhabin Sudimara Hadiri Musrenbang Desa Tahun Anggaran 2027 - Jejak Kasus,"Polres Tabanan – Polsek Tabanan –
Tabanan, Kamis 24 September 2026 – Bhabinkamtibmas Desa Sudimara, Aiptu I Ngh Buda Yasa, S.H., menghadiri kegiatan Musyawarah Perencanaan Pembangunan (Musrenbang) Desa Sudimara Tahun Anggaran 2027, yang berlangsung pada Rabu, 23 September 2026, bertempat di Ruang Rapat Desa Sudimara.Kegiatan berlangsung mulai pukul 19.00 Wita hingga 21.45 Wita dan dihadiri oleh unsur pemerintahan desa, tokoh masyarakat serta pihak terkait lainnya. Dalam kegiatan tersebut, dibahas berbagai usulan dan rencana pembangunan Desa Sudimara yang akan menjadi bahan dalam penyusunan perencanaan pembangunan desa untuk Tahun Anggaran 2027.Seijin Kapolres Tabanan AKBP I Putu Bayu Pati, S.","I. K., M.","Pada Hari Kamis , 24 September 2026 09:13, Tabanan, Tabanan, Bali

Polres Tabanan – Polsek Tabanan –
Tabanan, Kamis 24 September 2026 – Bhabinkamtibmas Desa Sudimara, Aiptu I Ngh Buda Yasa, S.H., menghadiri kegiatan Musyawarah Perencanaan Pembangunan (Musrenbang) Desa Sudimara Tahun Anggaran 2027, yang berlangsung pada Rabu, 23 September 2026, bertempat di Ruang Rapat Desa Sudimara.Kegiatan berlangsung mulai pukul 19.00 Wita hingga 21.45 Wita dan dihadiri oleh unsur pemerintahan desa, tokoh masyarakat serta pihak terkait lainnya. Dalam kegiatan tersebut, dibahas berbagai usulan dan rencana pembangunan Desa Sudimara yang akan menjadi bahan dalam penyusunan perencanaan pembangunan desa untuk Tahun Anggaran 2027.Seijin Kapolres Tabanan AKBP I Putu Bayu Pati, S. I. K., M. H., Kapolsek Tabanan Kompol I.Made Berata. S.H.,M.H., menyampaikan bahwa,”
Kehadiran Bhabinkamtibmas Desa Sudimara merupakan bentuk dukungan Polri dalam mengawal setiap kegiatan masyarakat serta mempererat sinergi dengan pemerintah desa dan seluruh elemen masyarakat.Aiptu I Ngh Buda Yasa, S.H., juga mengajak seluruh peserta Musrenbang untuk bersama-sama menjaga situasi kamtibmas agar tetap aman dan kondusif, sehingga setiap tahapan pembangunan di Desa Sudimara dapat berjalan dengan baik.Selama kegiatan berlangsung, situasi berjalan dengan aman, tertib dan lancar.*Humas Polsek Tabanan*Navigasi pos",Jejak Kasus,"Dajan Peken, 82114, Tabanan, Tabanan, Bali, Indonesia",-8.536609490935,115.13552944186335,5,"2, 7","kejaksaan, kejatibali, kejaritabanan, tabanan, news"
Jadwal SIM Keliling di Bali Jumat 259 Silakan Cek Lokasinya,2026-09-24T23:37:00.000Z,"Kabupaten Tabanan, Bali, Indonesia","Jadwal SIM Keliling di Bali Jumat (25/9), Silakan Cek Lokasinya! - JPNN.com","Please enable cookies.
    
      
        Sorry, you have been blocked
        You are unable to access jpnn.com
      

      

      
          
            Why have I been blocked?

            This website is using a security service to protect itself from online attacks. The action you just performed triggered the security solution.","There are several actions that could trigger this block including submitting a certain word or phrase, a SQL command or malformed data.
          

          
            What can I do to resolve this?

            You can email the site owner to let them know you were blocked. Please include what you were doing when this page came up and the Cloudflare Ray ID found at the bottom of this page.
          
        

      
      Cloudflare Ray ID: a40786bdf8cef44c
      •
      
        Your IP:
        
        182.253.163.242
        •
      
      Performance & security by Cloudflare.","Pada Hari Kamis , 24 September 2026 23:37, Tabanan, Tabanan, Bali

Please enable cookies.
    
      
        Sorry, you have been blocked
        You are unable to access jpnn.com
      

      

      
          
            Why have I been blocked?

            This website is using a security service to protect itself from online attacks. The action you just performed triggered the security solution. There are several actions that could trigger this block including submitting a certain word or phrase, a SQL command or malformed data.
          

          
            What can I do to resolve this?

            You can email the site owner to let them know you were blocked. Please include what you were doing when this page came up and the Cloudflare Ray ID found at the bottom of this page.
          
        

      
      Cloudflare Ray ID: a40786bdf8cef44c
      •
      
        Your IP:
        
        182.253.163.242
        •
      
      Performance & security by Cloudflare",JPNN.com,"Dajan Peken, 82114, Tabanan, Tabanan, Bali, Indonesia",-8.536609490935,115.13552944186335,5,"2, 7","kejaksaan, kejatibali, kejaritabanan, tabanan, news"
Sindikat Jual Beli Bayi BaliJakarta Ditangkap Harga Rp2335 Juta Bali Populer,2026-09-24T10:33:09.000Z,"Kabupaten Tabanan, Bali, Indonesia","Sindikat Jual Beli Bayi Bali-Jakarta Ditangkap, Harga Rp23-35 Juta - Bali Populer - Bali Populer","BALIPOPULER -- Polres Bangli membongkar sindikat jual beli bayi Bali-Jakarta yang dilakukan melalui media sosial. Tiga orang yang berhasil diamankan, yakni IWD (35), JH alias Ria (26) dan CS (18).","Ketiganya telah ditetapkan sebagai tersangka dan ditahan di Rutan Polres Bangli. Tersangka JH alias Ria dan CS ditangkap di Jakarta, sedangkan IWD ditangkap di Kintamani.
    
 Baca Juga: Pengusaha Truk di Karangasem yang Membakar Sopirnya Hidup-hidup Jadi Tersangka “Modus jual belinya melalui Tiktok dan WhatsApp lalu dilanjutkan dengan serah terima di Kintamani,” kata Kasat Reskrim Polres Bangli AKP Ngakan Ketut Erawan dalan jumpa pers, Kamis 24 September 2026.
    
 Terbongkarnya kasus ini bermula dari informasi mengenai adanya bayi yang dirawat oleh seseorang di Kintamani.","Pada Hari Kamis , 24 September 2026 10:33, Tabanan, Tabanan, Bali

BALIPOPULER -- Polres Bangli membongkar sindikat jual beli bayi Bali-Jakarta yang dilakukan melalui media sosial. Tiga orang yang berhasil diamankan, yakni IWD (35), JH alias Ria (26) dan CS (18). Ketiganya telah ditetapkan sebagai tersangka dan ditahan di Rutan Polres Bangli. Tersangka JH alias Ria dan CS ditangkap di Jakarta, sedangkan IWD ditangkap di Kintamani.
    
 Baca Juga: Pengusaha Truk di Karangasem yang Membakar Sopirnya Hidup-hidup Jadi Tersangka “Modus jual belinya melalui Tiktok dan WhatsApp lalu dilanjutkan dengan serah terima di Kintamani,” kata Kasat Reskrim Polres Bangli AKP Ngakan Ketut Erawan dalan jumpa pers, Kamis 24 September 2026.
    
 Terbongkarnya kasus ini bermula dari informasi mengenai adanya bayi yang dirawat oleh seseorang di Kintamani. Polisi yang melakukan penyelidikan mendalam, memperoleh dugaan bayi itu merupakan hasil jual beli. Transaksi dilakukan antara IWD dan si pembeli berinisial IJY dengan JH alias Ria sebagai penjual. Mereka bertransaksi di Jalan Raya Kintamani, 31 Juli 2026. Dalam transaksi, IJY membeli bayi itu seharga Rp24 juta. Ria lalu menyerahkan bayi itu kepada IWD. Sebalikny IWD menyerahkan besaran uang yang disepakati kepada Ria. Setelah bertransaksi, IWD dan IJY membawa bayi itu. IWD menerima uang sebesar Rp2,5 juta sebagai uang jasa. Kasus jual beli kembali terjadi Agustus 2026 lalu. IWD menawarkan bayi yang ditawarkan JH alias Ria kepada calon pembeli berinisial JS. Awalnya, JH alias Ria dan IWD menyepakati harga bayi sebesar Rp23 juta. Namun oleh IWD bayi itu ditawarkan kepada JS senilai Rp35 juta. Transaksi kemudian dilakukan di Jalan Raya Catur Kintamani, 31 Agustus 2026. Usai bertransaksi, IWD membawa bayi itu ke dalam mobil.
                            
                                                        

                            


                            
                            							
								
								        
								    
								
								
								    Artikel Selanjutnya
								    
								        Anggaran Pemadaman Capai Rp60 Milair, Karhutla Kalimantan Tak Kunjung Padam
								    
								
                                
                                    
                                
							
                            
                            
                                Dilarang mengambil dan/atau menayangkan ulang sebagian atau keseluruhan artikel di atas untuk konten akun media sosial komersil tanpa seizin redaksi.
                            

                                                            
                                    Editor: Made Arya
                                
                                                        
                            




                            
                                
                            


                            
                            
    Tags
    


                            
                                
                            

                            


                            
                            




                        
                        
                        
                            
                                                            
                            
                            
                            
                            
                                
                            
                            
                                
                                
                            
                            
                                
                            

                            
                                                
                            Rekomendasi
                                
                            
                                                        

                            

                            
                            
                                Terkini
                                
                                                                                            
                                                        
                                                    
                                                
                                                                                        
                                                
                                                
                                                    Kamis, 24 September 2026 | 17:33 WIB",Bali Populer,"Dajan Peken, 82114, Tabanan, Tabanan, Bali, Indonesia",-8.536609490935,115.13552944186335,5,"2, 7","kejaksaan, kejatibali, kejaritabanan, tabanan, news"
