title,when_,where,who,what,why,how,source_agent_report,location_name,latitude,longitude,category,data_of_information,hashtags
Truk Kontainer Tabrak Pembatas Jembatan hingga Terjun ke Jurang di Tabanan Kernet Tewas,2026-10-01T04:48:00.000Z,"Kabupaten Tabanan, Bali, Indonesia","Truk Kontainer Tabrak Pembatas Jembatan hingga Terjun ke Jurang di Tabanan, Kernet Tewas - Kompas.com","TABANAN, KOMPAS.com – Truk kontainer bernomor polisi L 9233 UX terjun ke jurang setelah menabrak pagar pembatas Jembatan Yeh Bakung di Desa Lalanglinggah, Kecamatan Selemadeg Barat (Selbar), Kabupaten Tabanan, Bali.
Kepala Seksi (Kasi) Humas Polres Tabanan, Iptu Ni Luh Putu Wiwik Endrayani, mengatakan bahwa kecelakaan itu terjadi Rabu (30/9/2026) sekitar pukul 13.30 Wita.
Kernet truk, Ferry Aprianto (29), tewas dalam kecelakaan tersebut. Sopir truk, Aris Sagita (33), mengalami luka dan mendapat perawatan di Puskesmas Selbar.""Truk datang dari arah barat atau Gilimanuk menuju Denpasar.","Setibanya di lokasi kejadian, diduga ada mobil box yang menyalip dari arah timur,"" ungkap Wiwik saat dikonfirmasi, Kamis (1/10/2026).
Baca juga: Diserahkan ke Imigrasi, 2 WN Iran Pencuri Uang Pedagang di Tabanan Tunggu Dideportasi
Menurut Wiwik, mobil box tersebut diduga mengambil jalur sebelah kiri atau sisi utara jalan. Sopir truk kontainer kemudian membanting kemudi ke kiri untuk menghindari kendaraan tersebut.




""Akibatnya, truk menabrak pagar pembatas jembatan dan terjun ke jurang,"" katanya.Wiwik mengatakan, kernet truk, Ferry, mengalami luka robek pada paha kiri serta mengeluarkan darah dari telinga dan hidung.
Ferry dinyatakan meninggal dunia di lokasi kejadian.","Pada Hari Kamis , 1 Oktober 2026 04:48, Tabanan, Tabanan, Bali

TABANAN, KOMPAS.com – Truk kontainer bernomor polisi L 9233 UX terjun ke jurang setelah menabrak pagar pembatas Jembatan Yeh Bakung di Desa Lalanglinggah, Kecamatan Selemadeg Barat (Selbar), Kabupaten Tabanan, Bali.
Kepala Seksi (Kasi) Humas Polres Tabanan, Iptu Ni Luh Putu Wiwik Endrayani, mengatakan bahwa kecelakaan itu terjadi Rabu (30/9/2026) sekitar pukul 13.30 Wita.
Kernet truk, Ferry Aprianto (29), tewas dalam kecelakaan tersebut. Sopir truk, Aris Sagita (33), mengalami luka dan mendapat perawatan di Puskesmas Selbar.""Truk datang dari arah barat atau Gilimanuk menuju Denpasar. Setibanya di lokasi kejadian, diduga ada mobil box yang menyalip dari arah timur,"" ungkap Wiwik saat dikonfirmasi, Kamis (1/10/2026).
Baca juga: Diserahkan ke Imigrasi, 2 WN Iran Pencuri Uang Pedagang di Tabanan Tunggu Dideportasi
Menurut Wiwik, mobil box tersebut diduga mengambil jalur sebelah kiri atau sisi utara jalan. Sopir truk kontainer kemudian membanting kemudi ke kiri untuk menghindari kendaraan tersebut.




""Akibatnya, truk menabrak pagar pembatas jembatan dan terjun ke jurang,"" katanya.Wiwik mengatakan, kernet truk, Ferry, mengalami luka robek pada paha kiri serta mengeluarkan darah dari telinga dan hidung.
Ferry dinyatakan meninggal dunia di lokasi kejadian. Jenazahnya kemudian dievakuasi ke RS Singasana Nyitdah menggunakan ambulans jenazah.
Baca juga: Pria di Tabanan Curi Brankas Kakaknya, Diduga Bakar Rumah untuk Hilangkan Jejak

Sementara itu, Aris mengalami luka robek pada bagian belakang kepala dan luka pada dahi. Dia dalam kondisi sadar dan menjalani perawatan di Puskesmas Selbar.
Polisi masih menangani kecelakaan tersebut. Unit Gakkum Satlantas Polres Tabanan telah mendatangi lokasi dan meminta keterangan dari pihak yang terlibat.
Identitas mobil box yang disebut dalam kronologi kecelakaan tersebut belum diketahui.




  

    
        Bayangkan seorang anak Indonesia bercita-cita menjadi dokter tetapi hanya memiliki satu buku lusuh untuk belajar. Bersama Ekspedisi Kata ke Nyata Kompas.com, Anda bisa membantu mengubah kisah itu. Mari hadirkan akses literasi bagi anak-anak di berbagai pelosok Indonesia melalui donasi lewat tautan https://bit.ly/JagatLiterasi2026. Setiap kebaikan yang Anda berikan bukan hanya membuka jendela pengetahuan, tetapi juga membuka masa depan mereka.",Kompas.com,"Dajan Peken, 82114, Tabanan, Tabanan, Bali, Indonesia",-8.536609490935,115.13552944186335,5,"2, 7","kejaksaan, kejatibali, kejaritabanan, tabanan, news"
BKSDA Bali Lepasliarkan 1 Ekor Trenggiling di Hutan Pura Besi Kalung Tabanan,2026-10-05T04:20:00.000Z,"Kabupaten Tabanan, Bali, Indonesia",BKSDA Bali Lepasliarkan 1 Ekor Trenggiling di Hutan Pura Besi Kalung Tabanan - RRI.co.id,"BKSDA Bali Lepasliarkan 1 Ekor Trenggiling di Hutan Pura Besi Kalung Tabanan (Foto: BKSDA Bali)
                                                    
                                                                                            
                                                                                                            
                                
                                RRI.CO.ID, Tabanan - Balai Konservasi Sumber Daya Alam (BKSDA) Bali bersama Friends of Nature People and Forest (FNPF) melepasliarkan 1 ekor trenggiling (Manis javanica) di kawasan suci hutan Pura Luhur Besi Kalung, Banjar Utu, Desa Babahan, Kecamatan Penebel, Kabupaten Tabanan, pada Jumat, 2 Oktober 2026. Satwa dilindungi berjenis kelamin jantan dengan berat 5 kg tersebut merupakan hasil evakuasi Tim Wildlife Rescue Unit (WRU) BKSDA Bali di Setra Desa Adat Renon.","Sebelum dilepasliarkan, trenggiling dewasa tersebut telah menjalani rehabilitasi dan habituasi selama 2 hari di FNPF Tabanan hingga dinyatakan sehat berdasarkan surat keterangan pemeriksaan medis tertanggal 1 Oktober 2026.Petugas Resor KSDA Badung-Denpasar-Tabanan, I Nyoman Raka Sudana, menegaskan status perlindungan satwa tersebut. ""Satwa trenggiling ini termasuk jenis dilindungi berdasarkan Peraturan Menteri Lingkungan Hidup dan Kehutanan Nomor 106 tahun 2018, lampiran nomor 84, IUCN: Critically, CITES: Appendiks I,"" ujar I Nyoman Raka Sudana.Sementara itu, Jero Mangku Gede Pura Luhur Besi Kalung, I Gede Pasek Dwija Putra, menyatakan komitmen masyarakat adat dalam menjaga kelestarian satwa liar di area pura.","Pada Hari Senin , 5 Oktober 2026 04:20, Tabanan, Tabanan, Bali

BKSDA Bali Lepasliarkan 1 Ekor Trenggiling di Hutan Pura Besi Kalung Tabanan (Foto: BKSDA Bali)
                                                    
                                                                                            
                                                                                                            
                                
                                RRI.CO.ID, Tabanan - Balai Konservasi Sumber Daya Alam (BKSDA) Bali bersama Friends of Nature People and Forest (FNPF) melepasliarkan 1 ekor trenggiling (Manis javanica) di kawasan suci hutan Pura Luhur Besi Kalung, Banjar Utu, Desa Babahan, Kecamatan Penebel, Kabupaten Tabanan, pada Jumat, 2 Oktober 2026. Satwa dilindungi berjenis kelamin jantan dengan berat 5 kg tersebut merupakan hasil evakuasi Tim Wildlife Rescue Unit (WRU) BKSDA Bali di Setra Desa Adat Renon. Sebelum dilepasliarkan, trenggiling dewasa tersebut telah menjalani rehabilitasi dan habituasi selama 2 hari di FNPF Tabanan hingga dinyatakan sehat berdasarkan surat keterangan pemeriksaan medis tertanggal 1 Oktober 2026.Petugas Resor KSDA Badung-Denpasar-Tabanan, I Nyoman Raka Sudana, menegaskan status perlindungan satwa tersebut. ""Satwa trenggiling ini termasuk jenis dilindungi berdasarkan Peraturan Menteri Lingkungan Hidup dan Kehutanan Nomor 106 tahun 2018, lampiran nomor 84, IUCN: Critically, CITES: Appendiks I,"" ujar I Nyoman Raka Sudana.Sementara itu, Jero Mangku Gede Pura Luhur Besi Kalung, I Gede Pasek Dwija Putra, menyatakan komitmen masyarakat adat dalam menjaga kelestarian satwa liar di area pura. ""Pura Besi Kalung yang berbatasan langsung dengan tanah perkebunan/tegalan dan sudah memiliki Pararem tentang larangan berburu lokasi ini merupakan habitatnya, kami sangat mendukung upaya-upaya pelestarian satwa di lokasi ini dan kami akan ikut menjaga dari perburuan liar,"" kata I Gede Pasek Dwija Putra.Kepala Balai KSDA Bali, Ratna Hendratmoko, turut mengajak masyarakat untuk aktif melaporkan keberadaan atau temuan satwa liar yang membutuhkan penanganan melalui Call Center WRU Balai KSDA Bali agar segera ditangani sesuai kaidah konservasi. 


                                
                                
                                
                                
                                
                                            
                                        
                                                                    

                                


                                
                                                                    
                                    
                                
                                                                                                                                                                                
                            
                            
                                                                        
                                                                
                                    
                                        
                                            Berita
                                        
                                    
                                    Terbaru Lainnya
                                
                                
                            
                            
                                    
                                    
                                        Memuat berita terbaru.....",RRI.co.id,"Dajan Peken, 82114, Tabanan, Tabanan, Bali, Indonesia",-8.536609490935,115.13552944186335,5,"2, 7","kejaksaan, kejatibali, kejaritabanan, tabanan, news"
Kodim Tabanan Perkuat Kemampuan Aparat Kewilayahan,2026-10-05T04:28:00.000Z,"Kabupaten Tabanan, Bali, Indonesia",Kodim Tabanan Perkuat Kemampuan Aparat Kewilayahan - RRI.co.id,"Kodim Tabanan Perkuat Kemampuan Aparat Kewilayahan (Foto : Kodim 1619 Tabanan)
                                                    
                                                                                            
                                                                                                            
                                
                                RRI.CO.ID, Tabanan – Kodim 1619/Tabanan menggelar kegiatan Peningkatan Kemampuan Aparat Komando Kewilayahan (Apkowil) Tersebar Tahun Anggaran 2026 di Makodim 1619/Tabanan, Jumat 2 Oktober 2026. Kegiatan ini menjadi upaya memperkuat kemampuan personel dalam menjalankan tugas kewilayahan sekaligus mendukung pembinaan teritorial yang berkualitas.Kegiatan yang dihadiri Pasi Komsos Korem 163/Wsa dan diikuti Kasdim, Perwira Staf, para Danramil dan anggota jajaran Kodim 1619/Tabanan tersebut mengusung tema “Melalui Kegiatan Peningkatan Kemampuan Aparat Komando Kewilayahan Tersebar, kita bangun aparat komando kewilayahan yang unggul, modern dan humanis dalam mendukung terwujudnya pembinaan teritorial yang berkualitas"".","Materi yang diberikan mencakup penanganan stunting, Sapta Marga dan Sumpah Prajurit, lima kemampuan teritorial, Sisrendal Binter, ketatalaksanaan Binter, sikap teritorial serta netralitas TNI. Pembekalan tersebut diarahkan untuk meningkatkan pengetahuan dan kesiapan personel dalam menghadapi perubahan serta dinamika yang berkembang di wilayah.","Pada Hari Senin , 5 Oktober 2026 04:28, Tabanan, Tabanan, Bali

Kodim Tabanan Perkuat Kemampuan Aparat Kewilayahan (Foto : Kodim 1619 Tabanan)
                                                    
                                                                                            
                                                                                                            
                                
                                RRI.CO.ID, Tabanan – Kodim 1619/Tabanan menggelar kegiatan Peningkatan Kemampuan Aparat Komando Kewilayahan (Apkowil) Tersebar Tahun Anggaran 2026 di Makodim 1619/Tabanan, Jumat 2 Oktober 2026. Kegiatan ini menjadi upaya memperkuat kemampuan personel dalam menjalankan tugas kewilayahan sekaligus mendukung pembinaan teritorial yang berkualitas.Kegiatan yang dihadiri Pasi Komsos Korem 163/Wsa dan diikuti Kasdim, Perwira Staf, para Danramil dan anggota jajaran Kodim 1619/Tabanan tersebut mengusung tema “Melalui Kegiatan Peningkatan Kemampuan Aparat Komando Kewilayahan Tersebar, kita bangun aparat komando kewilayahan yang unggul, modern dan humanis dalam mendukung terwujudnya pembinaan teritorial yang berkualitas"". Materi yang diberikan mencakup penanganan stunting, Sapta Marga dan Sumpah Prajurit, lima kemampuan teritorial, Sisrendal Binter, ketatalaksanaan Binter, sikap teritorial serta netralitas TNI. Pembekalan tersebut diarahkan untuk meningkatkan pengetahuan dan kesiapan personel dalam menghadapi perubahan serta dinamika yang berkembang di wilayah. Kasdim 1619/Tabanan Mayor Inf I Gede Nariada mengatakan, kemampuan Apkowil perlu terus ditingkatkan agar personel mampu menjalankan tugas secara profesional dan responsif terhadap kondisi di lapangan.“Apkowil harus selalu waspada dan peka terhadap perkembangan wilayah, termasuk menghadapi cuaca ekstrem, kemarau berkepanjangan dan potensi bencana kebakaran, sehingga dapat memberikan imbauan serta membantu penanganan secara cepat sesuai tugas dan kewenangan,” ujarnya.Kegiatan tersebut diharapkan semakin memperkuat kemampuan aparat kewilayahan dalam berkomunikasi, memahami kondisi masyarakat dan merespons berbagai persoalan di wilayah. Dengan kemampuan yang terus diperbarui, Apkowil diharapkan mampu mendukung pembinaan teritorial yang unggul, modern dan humanis. 


                                
                                
                                
                                
                                
                                            
                                        
                                                                    

                                


                                
                                                                    
                                    
                                
                                                                                                                                                                                
                            
                            
                                                                        
                                                                
                                    
                                        
                                            Berita
                                        
                                    
                                    Terbaru Lainnya
                                
                                
                            
                            
                                    
                                    
                                        Memuat berita terbaru.....",RRI.co.id,"Dajan Peken, 82114, Tabanan, Tabanan, Bali, Indonesia",-8.536609490935,115.13552944186335,5,"2, 7","kejaksaan, kejatibali, kejaritabanan, tabanan, news"
Operasi Gabungan Timpora Tabanan Amankan Empat WNA Nigeria,2026-09-30T09:59:00.000Z,"Kabupaten Tabanan, Bali, Indonesia",Operasi Gabungan Timpora Tabanan Amankan Empat WNA Nigeria - RRI.co.id,"Operasi Gabungan Timpora Tabanan amankan empat WNA Nigeria  terindikasi melanggar ketentuan Keimigrasian (Foto : Humas  Kantor Imigrasi Kelas III Non TPI Tabanan)
                                                    
                                                                                            
                                                                                                            
                                
                                RRI.CO.ID, Tabanan - Kantor Imigrasi Kelas III Non TPI Tabanan bersama dengan anggota Tim Pengawasan Orang Asing (TIMPORA) Kabupaten Tabanan yang terdiri dari unsur TNI, POLRI, Kejaksaan, dan Organisasi Perangkat Daerah di Kabupaten Tabanan serta Kantor Wilayah Direktorat Jenderal Imigrasi Bali melaksanakan Operasi Gabungan sebagai upaya memperkuat pengawasan terhadap keberadaan dan kegiatan Orang Asing di wilayah Kabupaten Tabanan Kamis, 24 September 2026.Menyasar wilayah Desa Batuaji, Kecamatan Kerambitan, Kabupaten Tabanan, Kegiatan diawali dengan pengarahan singkat mengenai teknis pelaksanaan operasi yang disampaikan oleh Ketua Tim Operasi Gabungan sebelum seluruh anggota bergerak menuju lokasi. Setibanya di lokasi, petugas mendapati seorang Warga Negara Nigeria berinisial VU yang berupaya menghindari pemeriksaan dengan mengendarai sepeda motor meninggalkan sebuah rumah kos.","Petugas kemudian melakukan pengejaran dan mengamankan yang bersangkutan untuk dilakukan pemeriksaan. Dari hasil pemeriksaan awal, VU tidak dapat menunjukkan paspor maupun dokumen izin tinggal yang dimilikinya di Indonesia.","Pada Hari Rabu , 30 September 2026 09:59, Tabanan, Tabanan, Bali

Operasi Gabungan Timpora Tabanan amankan empat WNA Nigeria  terindikasi melanggar ketentuan Keimigrasian (Foto : Humas  Kantor Imigrasi Kelas III Non TPI Tabanan)
                                                    
                                                                                            
                                                                                                            
                                
                                RRI.CO.ID, Tabanan - Kantor Imigrasi Kelas III Non TPI Tabanan bersama dengan anggota Tim Pengawasan Orang Asing (TIMPORA) Kabupaten Tabanan yang terdiri dari unsur TNI, POLRI, Kejaksaan, dan Organisasi Perangkat Daerah di Kabupaten Tabanan serta Kantor Wilayah Direktorat Jenderal Imigrasi Bali melaksanakan Operasi Gabungan sebagai upaya memperkuat pengawasan terhadap keberadaan dan kegiatan Orang Asing di wilayah Kabupaten Tabanan Kamis, 24 September 2026.Menyasar wilayah Desa Batuaji, Kecamatan Kerambitan, Kabupaten Tabanan, Kegiatan diawali dengan pengarahan singkat mengenai teknis pelaksanaan operasi yang disampaikan oleh Ketua Tim Operasi Gabungan sebelum seluruh anggota bergerak menuju lokasi. Setibanya di lokasi, petugas mendapati seorang Warga Negara Nigeria berinisial VU yang berupaya menghindari pemeriksaan dengan mengendarai sepeda motor meninggalkan sebuah rumah kos. Petugas kemudian melakukan pengejaran dan mengamankan yang bersangkutan untuk dilakukan pemeriksaan. Dari hasil pemeriksaan awal, VU tidak dapat menunjukkan paspor maupun dokumen izin tinggal yang dimilikinya di Indonesia. Berdasarkan keterangan pemilik kos, terdapat tiga WNA lainnya yang tinggal di dua kamar berbeda di lokasi tersebut. Petugas kemudian melakukan pemeriksaan terhadap kamar-kamar yang diinformasikan ditempati oleh WNA. Dalam pelaksanaan pemeriksaan, tiga WNA lainnya tidak kooperatif dan berupaya menghindari pemeriksaan dengan mengunci pintu kamar dari dalam. Dengan persetujuan dan bantuan pemilik kos, petugas akhirnya menemukan ketiga WNA tersebut. Mereka masing-masing berinisial OKA, LOA, dan CHA, seluruhnya berkewarganegaraan Nigeria. OKA ditemukan di kamar kos lantai dua dan tidak dapat menunjukkan paspor serta izin tinggalnya, sedangkan LOA dan CHA ditemukan bersembunyi di dalam kamar mandi kamar kos di lantai satu. Dari empat WNA yang diperiksa di lokasi, hanya satu orang yang dapat menunjukkan paspor dan dokumen izin tinggalnya. WNA tersebut selanjutnya dibawa ke Kantor Imigrasi Kelas III Non TPI Tabanan untuk menjalani pemeriksaan lebih lanjut mengenai dokumen perjalanan, izin tinggal, serta keberadaan dan kegiatan mereka di wilayah Indonesia. Berdasarkan hasil pemeriksaan lanjutan oleh petugas Imigrasi, keempat WNA tersebut dinyatakan melakukan pelanggaran terhadap ketentuan keimigrasian dan dikenai Tindakan Administratif Keimigrasian berupa Deportasi berdasarkan Pasal 75 ayat (1) Undang-Undang Nomor 6 Tahun 2011 tentang Keimigrasian sebagaimana telah beberapa kali diubah, terakhir dengan Undang-Undang Nomor 63 Tahun 2024.Sebagai tindak lanjut, Tim Penindakan Keimigrasian Kantor Imigrasi Kelas III Non TPI Tabanan melakukan pemindahan terhadap keempat WNA tersebut ke Rumah Detensi Imigrasi Denpasar untuk menjalani pendetensian dan menunggu pelaksanaan proses deportasi sesuai dengan ketentuan peraturan perundang-undangan.“Keempat WNA berkebangsaan Nigeria yang berhasil diamankan dalam operasi gabungan ini merupakan bentuk kerja sama dan sinergi lintas instansi yang baik di Kabupaten Tabanan. Saya mengharapkan seluruh instansi yang tergabung dalam TIMPORA Kabupaten Tabanan untuk selalu dapat bersinergi menjaga keamanan dan ketertiban wilayah Tabanan,” ujar Reynald Christian selaku Ketua Tim Operasi Gabungan. 


                                
                                
                                
                                
                                
                                            
                                        
                                                                    

                                


                                
                                                                    
                                    
                                
                                                                                                                                                                                
                            
                            
                                                                        
                                                                
                                    
                                        
                                            Berita
                                        
                                    
                                    Terbaru Lainnya
                                
                                
                            
                            
                                    
                                    
                                        Memuat berita terbaru.....",RRI.co.id,"Dajan Peken, 82114, Tabanan, Tabanan, Bali, Indonesia",-8.536609490935,115.13552944186335,5,"2, 7","kejaksaan, kejatibali, kejaritabanan, tabanan, news"
Hari Kesaktian Pancasila Kodim Tabanan Teguhkan Semangat Persatuan Kebangsaan,2026-10-04T05:23:00.000Z,"Kabupaten Tabanan, Bali, Indonesia","Hari Kesaktian Pancasila, Kodim Tabanan Teguhkan Semangat Persatuan Kebangsaan - RRI.co.id","Hari Kesaktian Pancasila, Kodim Tabanan Teguhkan Semangat Persatuan Kebangsaan (Foto : Humas Kodim 1619 Tabanan)
                                                    
                                                                                            
                                                                                                            
                                
                                RRI.CO.ID, Tabanan – Personel Kodim 1619/Tabanan mengikuti Upacara Peringatan Hari Kesaktian Pancasila Tahun 2026 di Kantor Bupati Tabanan, Kamis 1 September 2026. Upacara tersebut mengusung tema “Pancasila Pemersatu Bangsa Menuju Indonesia Berdaulat, Adil dan Makmur.” Upacara tersebut dihadiri Kasdim 1619/Tabanan Letkol (Har) Inf I Gede Nariada yang mewakili Dandim.","Sementara itu, personel Kodim 1619/Tabanan turut menjadi bagian dari pasukan upacara bersama unsur Rindam IX/Udayana, Polres Tabanan, ASN Pemkab Tabanan dan pelajar. Upacara dipimpin Wakil Bupati Tabanan I Made Dirga, S.Sos.","Pada Hari Minggu , 4 Oktober 2026 05:23, Tabanan, Tabanan, Bali

Hari Kesaktian Pancasila, Kodim Tabanan Teguhkan Semangat Persatuan Kebangsaan (Foto : Humas Kodim 1619 Tabanan)
                                                    
                                                                                            
                                                                                                            
                                
                                RRI.CO.ID, Tabanan – Personel Kodim 1619/Tabanan mengikuti Upacara Peringatan Hari Kesaktian Pancasila Tahun 2026 di Kantor Bupati Tabanan, Kamis 1 September 2026. Upacara tersebut mengusung tema “Pancasila Pemersatu Bangsa Menuju Indonesia Berdaulat, Adil dan Makmur.” Upacara tersebut dihadiri Kasdim 1619/Tabanan Letkol (Har) Inf I Gede Nariada yang mewakili Dandim. Sementara itu, personel Kodim 1619/Tabanan turut menjadi bagian dari pasukan upacara bersama unsur Rindam IX/Udayana, Polres Tabanan, ASN Pemkab Tabanan dan pelajar. Upacara dipimpin Wakil Bupati Tabanan I Made Dirga, S.Sos. selaku inspektur upacara.Peringatan berlangsung dengan rangkaian penghormatan, mengheningkan cipta, pembacaan Pancasila, Pembukaan UUD 1945, Naskah Ikrar dan doa. Kehadiran unsur TNI, Polri, pemerintah daerah dan pelajar turut mencerminkan keterlibatan berbagai elemen dalam memperingati momentum penting kebangsaan tersebut.Kasdim 1619/Tabanan Letkol (Har) Inf I Gede Nariada mengatakan Hari Kesaktian Pancasila menjadi momentum untuk mengingat kembali pentingnya mengamalkan nilai Pancasila dalam kehidupan sehari-hari. “Pancasila harus terus kita hadirkan dalam kehidupan sehari-hari, baik melalui gotong royong, saling menghargai maupun kepedulian terhadap sesama,” tegasnya.Melalui peringatan tersebut, semangat mengamalkan Pancasila diharapkan semakin tumbuh di tengah masyarakat, sehingga persatuan, gotong royong dan penghargaan terhadap keberagaman tetap menjadi kekuatan dalam kehidupan berbangsa menuju Indonesia yang berdaulat, adil dan makmur. 


                                
                                
                                
                                
                                
                                            
                                        
                                                                    

                                


                                
                                                                    
                                    
                                
                                                                                                                                                                                
                            
                            
                                                                        
                                                                
                                    
                                        
                                            Berita
                                        
                                    
                                    Terbaru Lainnya
                                
                                
                            
                            
                                    
                                    
                                        Memuat berita terbaru.....",RRI.co.id,"Dajan Peken, 82114, Tabanan, Tabanan, Bali, Indonesia",-8.536609490935,115.13552944186335,5,"2, 7","kejaksaan, kejatibali, kejaritabanan, tabanan, news"
Kejari Tabanan Gandeng Kodim Tabanan Perkuat Supremasi Hukum,2026-02-27T08:00:00.000Z,"Kabupaten Tabanan, Bali, Indonesia",Kejari Tabanan Gandeng Kodim Tabanan Perkuat Supremasi Hukum - RRI.co.id,"Kejaksaan Negeri Tabanan menandatangani Perjanjian Kerja Sama (PKS) dengan Komando Distrik Militer 1619/Tabanan di Kantor Kejaksaan Negeri Tabanan (Foto : Humas Kodim 1619 Tabanan)
                                                    
                                                                                            
                                                                                                            
                                
                                RRI.CO.ID, Tabanan – Memperkuat sinergitas antar lembaga negara di bidang penegakan hukum dan dukungan institusional, Kejaksaan Negeri Tabanan menandatangani Perjanjian Kerja Sama (PKS) dengan Komando Distrik Militer 1619/Tabanan di Kantor Kejaksaan Negeri Tabanan, Jumat 27 Februari 2026.Penandatanganan kerja sama tersebut dilaksanakan sebagai tidak lanjut dari kerjasama yang telah dilaksanakan oleh Kejaksaan Negeri RI dengan TNI yang merupakan langkah strategis dalam memperkuat koordinasi dan kolaborasi kedua institusi dalam pelaksanaan penegakan hukum. Perjanjian Kerja Sama ini mencakup dukungan di bidang pengamanan, pengawalan kegiatan strategis, pertukaran informasi, serta peningkatan koordinasi dalam rangka mendukung stabilitas dan supremasi hukum di wilayah Kabupaten Tabanan.Kasdim 1619/Tabanan Mayor Kav I Nyoman Arya Jayantara menyampaikan kerja sama ini merupakan bentuk konkret komitmen TNI AD, khususnya Kodim 1619/Tabanan, dalam mendukung tugas-tugas penegakan hukum yang dilaksanakan oleh Kejaksaan.“Kerja sama ini bukan hanya sebatas penandatanganan dokumen, tetapi merupakan wujud nyata sinergitas antara TNI dan Kejaksaan dalam menjaga stabilitas keamanan serta mendukung proses penegakan hukum yang profesional, transparan, dan berkeadilan di wilayah Tabanan.","Kami siap memberikan dukungan sesuai tugas dan fungsi kami,” ujar Mayor Kav Arya Jayantara.Kasdim juga menambahkan kolaborasi lintas institusi menjadi kunci utama dalam menghadapi dinamika tantangan hukum dan keamanan yang semakin kompleks, sehingga diperlukan soliditas dan komunikasi yang berkesinambungan.Dengan ditandatanganinya Perjanjian Kerja Sama ini, diharapkan hubungan kelembagaan antara Kejaksaan Negeri Tabanan dan Kodim 1619/Tabanan semakin solid, harmonis, dan mampu memberikan kontribusi nyata agar tercipta situasi wilayah yang aman, tertib, kondusif serta masyarakat yang terlindungi oleh hukum. Berita
                                        
                                    
                                    Terbaru Lainnya
                                
                                
                            
                            
                                    
                                    
                                        Memuat berita terbaru......","Pada Hari Jumat , 27 Februari 2026 08:00, Tabanan, Tabanan, Bali

Kejaksaan Negeri Tabanan menandatangani Perjanjian Kerja Sama (PKS) dengan Komando Distrik Militer 1619/Tabanan di Kantor Kejaksaan Negeri Tabanan (Foto : Humas Kodim 1619 Tabanan)
                                                    
                                                                                            
                                                                                                            
                                
                                RRI.CO.ID, Tabanan – Memperkuat sinergitas antar lembaga negara di bidang penegakan hukum dan dukungan institusional, Kejaksaan Negeri Tabanan menandatangani Perjanjian Kerja Sama (PKS) dengan Komando Distrik Militer 1619/Tabanan di Kantor Kejaksaan Negeri Tabanan, Jumat 27 Februari 2026.Penandatanganan kerja sama tersebut dilaksanakan sebagai tidak lanjut dari kerjasama yang telah dilaksanakan oleh Kejaksaan Negeri RI dengan TNI yang merupakan langkah strategis dalam memperkuat koordinasi dan kolaborasi kedua institusi dalam pelaksanaan penegakan hukum. Perjanjian Kerja Sama ini mencakup dukungan di bidang pengamanan, pengawalan kegiatan strategis, pertukaran informasi, serta peningkatan koordinasi dalam rangka mendukung stabilitas dan supremasi hukum di wilayah Kabupaten Tabanan.Kasdim 1619/Tabanan Mayor Kav I Nyoman Arya Jayantara menyampaikan kerja sama ini merupakan bentuk konkret komitmen TNI AD, khususnya Kodim 1619/Tabanan, dalam mendukung tugas-tugas penegakan hukum yang dilaksanakan oleh Kejaksaan.“Kerja sama ini bukan hanya sebatas penandatanganan dokumen, tetapi merupakan wujud nyata sinergitas antara TNI dan Kejaksaan dalam menjaga stabilitas keamanan serta mendukung proses penegakan hukum yang profesional, transparan, dan berkeadilan di wilayah Tabanan. Kami siap memberikan dukungan sesuai tugas dan fungsi kami,” ujar Mayor Kav Arya Jayantara.Kasdim juga menambahkan kolaborasi lintas institusi menjadi kunci utama dalam menghadapi dinamika tantangan hukum dan keamanan yang semakin kompleks, sehingga diperlukan soliditas dan komunikasi yang berkesinambungan.Dengan ditandatanganinya Perjanjian Kerja Sama ini, diharapkan hubungan kelembagaan antara Kejaksaan Negeri Tabanan dan Kodim 1619/Tabanan semakin solid, harmonis, dan mampu memberikan kontribusi nyata agar tercipta situasi wilayah yang aman, tertib, kondusif serta masyarakat yang terlindungi oleh hukum. 


                                
                                
                                
                                
                                
                                            
                                        
                                                                    

                                


                                
                                                                    
                                    
                                
                                                                                                                                                                                
                            
                            
                                                                        
                                                                
                                    
                                        
                                            Berita
                                        
                                    
                                    Terbaru Lainnya
                                
                                
                            
                            
                                    
                                    
                                        Memuat berita terbaru.....",RRI.co.id,"Dajan Peken, 82114, Tabanan, Tabanan, Bali, Indonesia",-8.536609490935,115.13552944186335,5,"2, 7","kejaksaan, kejatibali, kejaritabanan, tabanan, news"
Pemkab Tabanan Lepas Puluhan Peserta KSPAN Tabanan Ikuti Muspa Bali 2026,2026-09-29T04:42:00.000Z,"Kabupaten Tabanan, Bali, Indonesia",Pemkab Tabanan Lepas Puluhan Peserta KSPAN Tabanan Ikuti Muspa Bali 2026 - RRI.co.id,"Pemerintah Kabupaten Tabanan melepas perwakilan peserta Kelompok Siswa Peduli AIDS dan Narkoba (KSPAN) Kabupaten Tabanan (Foto : Humas Pemkab Tabanan)
                                                    
                                                                                            
                                                                                                            
                                
                                RRI.CO.ID, Tabanan – Pemerintah Kabupaten Tabanan melepas perwakilan peserta Kelompok Siswa Peduli AIDS dan Narkoba (KSPAN) Kabupaten Tabanan, Senin 28 September 2026 di Kantor Bupati Tabanan. Perwakilan KSPAN Kabupaten Tabanan akan mengikuti Temu Remaja KSPAN Provinsi Bali (Muspa Bali II) Tahun 2026 di Wisma Nangun Kerti, Pancasari, Buleleng, 29–30 September 2026.","Pelepasan 20 kontingen (10 orang Siswa SMP N 2 Tabanan dan 10 orang Siswa SMA N 2 Tabanan) beserta 4 orang Guru pendamping dilaksanakan Wakil Bupati Tabanan selaku Ketua KPA dan BNK Kabupaten Tabanan.Wabup Dirga mendorong KPA untuk terus memperkuat upaya pencegahan HIV/AIDS dan narkoba melalui inovasi serta sosialisasi yang lebih luas, termasuk dengan melibatkan pelajar. Menurutnya, edukasi kepada generasi muda perlu dilakukan secara berkelanjutan agar pemahaman mengenai HIV/AIDS dan bahaya narkoba dapat menjangkau lebih banyak sekolah, hingga ke tingkat Desa dan Kecamatan.","Pada Hari Selasa , 29 September 2026 04:42, Tabanan, Tabanan, Bali

Pemerintah Kabupaten Tabanan melepas perwakilan peserta Kelompok Siswa Peduli AIDS dan Narkoba (KSPAN) Kabupaten Tabanan (Foto : Humas Pemkab Tabanan)
                                                    
                                                                                            
                                                                                                            
                                
                                RRI.CO.ID, Tabanan – Pemerintah Kabupaten Tabanan melepas perwakilan peserta Kelompok Siswa Peduli AIDS dan Narkoba (KSPAN) Kabupaten Tabanan, Senin 28 September 2026 di Kantor Bupati Tabanan. Perwakilan KSPAN Kabupaten Tabanan akan mengikuti Temu Remaja KSPAN Provinsi Bali (Muspa Bali II) Tahun 2026 di Wisma Nangun Kerti, Pancasari, Buleleng, 29–30 September 2026. Pelepasan 20 kontingen (10 orang Siswa SMP N 2 Tabanan dan 10 orang Siswa SMA N 2 Tabanan) beserta 4 orang Guru pendamping dilaksanakan Wakil Bupati Tabanan selaku Ketua KPA dan BNK Kabupaten Tabanan.Wabup Dirga mendorong KPA untuk terus memperkuat upaya pencegahan HIV/AIDS dan narkoba melalui inovasi serta sosialisasi yang lebih luas, termasuk dengan melibatkan pelajar. Menurutnya, edukasi kepada generasi muda perlu dilakukan secara berkelanjutan agar pemahaman mengenai HIV/AIDS dan bahaya narkoba dapat menjangkau lebih banyak sekolah, hingga ke tingkat Desa dan Kecamatan. Wabup Dirga juga mengajak para pelajar yang tergabung dalam KSPAN untuk memanfaatkan kegiatan tersebut sebagai ruang belajar, membangun kepemimpinan, serta mengembangkan kreativitas dalam menyampaikan pesan-pesan edukasi. Selain itu, kegiatan positif KSPAN ini diharapkannya agar dikemas dalam konten media sosial, sehingga dapat menjangkau lebih banyak masyarakat sekaligus mengajak sekolah lainnya turut berperan dalam upaya pencegahan HIV/AIDS dan narkoba, khususnya di Kabupaten Tabanan. Wabup Dirga juga berharap para peserta mengikuti seluruh rangkaian dengan sungguh-sungguh dan membawa pengalaman serta pengetahuan positif untuk diterapkan di Kabupaten Tabanan.""Kami ucapkan terima kasih kepada Kepala Sekolah dan Wakil Kepala Sekolah yang sempat hadir dan pembina juga yang lainnya dan adik-adik yang mewakili daripada SMP dan SMA, kami ucapkan banyak terima kasih. Dan kami harapkan pada adik-adik yang bertugas nanti disana yang belajar, baik lomba maupun belajar ikuti dengan seksama, nggih. Biar apa yang didapatkan positif-positifnya disana, ayo kita bawa ke daerah untuk disampaikan kepada rekan-rekan kita,"" ujar Wabup Dirga.Muspa Bali II Tahun 2026 mengusung tema “Melalui Muspa Bali Ciptakan Generasi Muda Sehat, Cerdas dan Berkarakter Menuju Ending AIDS 2030”. Perwakilan KSPAN Kabupaten Tabanan dari jenjang SMP dan SMA akan mengikuti rangkaian kegiatan bersama kontingen Kabupaten/Kota se-Bali, yang meliputi temu KSPAN, capacity building, serta sejumlah lomba edukatif.


                                
                                
                                
                                
                                
                                            
                                        
                                                                    

                                


                                
                                                                    
                                    
                                
                                                                                                                                                                                
                            
                            
                                                                        
                                                                
                                    
                                        
                                            Berita
                                        
                                    
                                    Terbaru Lainnya
                                
                                
                            
                            
                                    
                                    
                                        Memuat berita terbaru.....",RRI.co.id,"Dajan Peken, 82114, Tabanan, Tabanan, Bali, Indonesia",-8.536609490935,115.13552944186335,5,"2, 7","kejaksaan, kejatibali, kejaritabanan, tabanan, news"
BPBD Tabanan Imbau Warga Waspada Angin Kencang,2025-01-31T08:00:00.000Z,"Kabupaten Tabanan, Bali, Indonesia",BPBD Tabanan Imbau Warga Waspada Angin Kencang - RRI.co.id,"Regional
                                                
                                            
                                                                            
                                    
                                    
                                        
                                            31 Jan 2025 15:00
                                            WIB
                                        
                                        
                                             Denpasar
                                        
                                    
                                    
                                                                                                                                
                                                                                
                                        
                                            
                                                Editor -
                                                Ni Nyoman Kasih
                                            
                                        
                                    
                                

                                                                                                                                    

                                

                                                                                                            
                                        
                                                                                    
                                                
                                                    
                                                

                                                                                                    
                                                        BPBD Tabanan Imbau Warga Waspada, Angin Kencang Diprediksi Melanda Bali (foto: Freepik)
                                                    
                                                                                            
                                                                                                            
                                
                                KBRN Denpasar: Angin kencang diperkirakan akan melanda sejumlah wilayah di Bali dalam beberapa hari terakhir. Badan Penanggulangan Bencana Daerah (BPBD) Tabanan mengimbau masyarakat untuk meningkatkan kewaspadaan guna mengurangi risiko akibat cuaca ekstrem ini.","Kepala Pelaksana BPBD Tabanan, I Nyoman Sridana Giri, kepada RRI di Denpasar menegaskan pentingnya langkah antisipasi, terutama bagi masyarakat yang beraktivitas di luar ruangan. ""Kita tidak bisa memprediksi kapan angin kencang datang.","Pada Hari Jumat , 31 Januari 2025 08:00, Tabanan, Tabanan, Bali

Regional
                                                
                                            
                                                                            
                                    
                                    
                                        
                                            31 Jan 2025 15:00
                                            WIB
                                        
                                        
                                             Denpasar
                                        
                                    
                                    
                                                                                                                                
                                                                                
                                        
                                            
                                                Editor -
                                                Ni Nyoman Kasih
                                            
                                        
                                    
                                

                                                                                                                                    

                                

                                                                                                            
                                        
                                                                                    
                                                
                                                    
                                                

                                                                                                    
                                                        BPBD Tabanan Imbau Warga Waspada, Angin Kencang Diprediksi Melanda Bali (foto: Freepik)
                                                    
                                                                                            
                                                                                                            
                                
                                KBRN Denpasar: Angin kencang diperkirakan akan melanda sejumlah wilayah di Bali dalam beberapa hari terakhir. Badan Penanggulangan Bencana Daerah (BPBD) Tabanan mengimbau masyarakat untuk meningkatkan kewaspadaan guna mengurangi risiko akibat cuaca ekstrem ini. Kepala Pelaksana BPBD Tabanan, I Nyoman Sridana Giri, kepada RRI di Denpasar menegaskan pentingnya langkah antisipasi, terutama bagi masyarakat yang beraktivitas di luar ruangan. ""Kita tidak bisa memprediksi kapan angin kencang datang. Oleh karena itu, kami mengimbau masyarakat untuk menghindari pohon besar ketika angin mulai bertiup kencang. Selain itu, sebaiknya menunda kegiatan di kebun atau ladang jika kondisi cuaca tidak memungkinkan,"" ujarnya. Ia mencontohkan angin puting beliung di Desa Senganan sebagai ancaman yang bisa terjadi secara tiba-tiba. Oleh karena itu, masyarakat yang berada di ladang atau tengah menggembalakan ternak diminta segera kembali ke rumah saat angin mulai bertiup kencang. Tak hanya bagi warga di darat, BPBD juga mengingatkan para nelayan agar tidak memaksakan diri melaut saat gelombang tinggi. ""Kami sudah menyampaikan kepada nelayan agar lebih berhati-hati dan tidak memaksakan diri melaut jika kondisi gelombang sudah mulai tinggi. Begitu juga dengan para pengelola usaha di kawasan pantai, seperti di Keletcung, kami imbau untuk lebih waspada dan mengingatkan pengunjung agar tidak berenang saat ombak sedang besar,"" tambahnya. BPBD Tabanan juga menyoroti keterbatasan tim penyelamatan yang saat ini baru tersedia di kawasan Tanah Lot. Oleh karena itu, kesadaran dan kewaspadaan masyarakat menjadi faktor utama dalam mengurangi risiko akibat angin kencang dan gelombang tinggi. Masyarakat diimbau untuk terus memantau informasi cuaca dari sumber resmi dan segera melaporkan jika terjadi situasi darurat akibat cuaca ekstrem. 


                                
                                
                                
                                
                                
                                            
                                        
                                                                    

                                


                                
                                
                                                                                                                                                                                
                            
                            
                                                                        
                                                                
                                    
                                        
                                            Berita
                                        
                                    
                                    Terbaru Lainnya
                                
                                
                            
                            
                                    
                                    
                                        Memuat berita terbaru.....",RRI.co.id,"Dajan Peken, 82114, Tabanan, Tabanan, Bali, Indonesia",-8.536609490935,115.13552944186335,5,"2, 7","kejaksaan, kejatibali, kejaritabanan, tabanan, news"
Bupati Sanjaya Hadiri Acara Kenal Pamit Kapolres Tabanan,2025-07-10T07:00:00.000Z,"Kabupaten Tabanan, Bali, Indonesia",Bupati Sanjaya Hadiri Acara Kenal Pamit Kapolres Tabanan - RRI.co.id,"Bupati Tabanan I Komang Gede Sanjaya menghadiri Acara Kenal Pamit Kapolres Tabanan (Foto : Humas Pemkab Tabanan)
                                                    
                                                                                            
                                                                                                            
                                
                                
                                                                            KBRN, Tabanan : Bupati Tabanan I Komang Gede Sanjaya didampingi Wakil Bupati Tabanan I Made Dirga menghadiri acara Kenal Pamit Kapolres Tabanan yang di Gedung Kesenian I Ketut Marya, Rabu (9/6/2025). Acara yang berlangsung penuh kehangatan dan nuansa haru ini turut dihadiri oleh Ketua DPRD Kabupaten Tabanan, jajaran Forkopimda, Sekda dan jajaran, para tokoh masyarakat, serta undangan terkait lainnya.","Kegiatan ini menjadi momentum penting untuk mempererat silaturahmi dan memperkuat sinergi antara Pemerintah Kabupaten Tabanan dengan jajaran kepolisian.Bupati Sanjaya menyampaikan apresiasi dan rasa terima kasih kepada AKBP Chandra Citra Kesuma, S.I.K., M.H., yang kini resmi bertugas sebagai Kapolres Gianyar. Menurut Bupati Sanjaya, AKBP Chandra Citra Kesuma merupakan sosok pemimpin yang tegas dan hangat dalam membangun komunikasi, koordinasi, dan sinergi bersama lintas sektor selama menjabat Kapolres Tabanan.“Terima kasih atas dedikasi dan ngayah yang luar biasa selama bertugas di Tabanan.","Pada Hari Kamis , 10 Juli 2025 07:00, Tabanan, Tabanan, Bali

Bupati Tabanan I Komang Gede Sanjaya menghadiri Acara Kenal Pamit Kapolres Tabanan (Foto : Humas Pemkab Tabanan)
                                                    
                                                                                            
                                                                                                            
                                
                                
                                                                            KBRN, Tabanan : Bupati Tabanan I Komang Gede Sanjaya didampingi Wakil Bupati Tabanan I Made Dirga menghadiri acara Kenal Pamit Kapolres Tabanan yang di Gedung Kesenian I Ketut Marya, Rabu (9/6/2025). Acara yang berlangsung penuh kehangatan dan nuansa haru ini turut dihadiri oleh Ketua DPRD Kabupaten Tabanan, jajaran Forkopimda, Sekda dan jajaran, para tokoh masyarakat, serta undangan terkait lainnya. Kegiatan ini menjadi momentum penting untuk mempererat silaturahmi dan memperkuat sinergi antara Pemerintah Kabupaten Tabanan dengan jajaran kepolisian.Bupati Sanjaya menyampaikan apresiasi dan rasa terima kasih kepada AKBP Chandra Citra Kesuma, S.I.K., M.H., yang kini resmi bertugas sebagai Kapolres Gianyar. Menurut Bupati Sanjaya, AKBP Chandra Citra Kesuma merupakan sosok pemimpin yang tegas dan hangat dalam membangun komunikasi, koordinasi, dan sinergi bersama lintas sektor selama menjabat Kapolres Tabanan.“Terima kasih atas dedikasi dan ngayah yang luar biasa selama bertugas di Tabanan. Berkat kepemimpinan beliau, stabilitas keamanan dan ketertiban masyarakat terjaga dengan sangat baik, termasuk dalam pelaksanaan Pemilukada yang berjalan aman dan lancar,” ujarnya.Bupati Sanjaya juga mengapresiasi kontribusi AKBP Chandra dalam mendukung program swasembada pangan yang menjadi arahan dari Presiden dan Kapolri. “Di Tabanan Pak Kapolres hadir memberikan bibit cabe kepada masyarakat secara cuma-cuma, secara gratis, pekerjaan yang sangat mulia. Kita ucapkan terimakasih kepada Pak Chandra sudah membuat terobosan yang sangat luar biasa buat petani Tabanan. Dengan ini, Tabanan sebagai daerah agraris yang subur dapat membantu menjaga stabilitas kebutuhan pokok dan menekan inflasi,"" tegasnya.Bupati Sanjaya beserta seluruh jajaran Forkopimda menyambut dengan hangat Kapolres Tabanan AKBP I Putu Bayu Pati, S.I.K., M.H., yang sebelumnya menjabat sebagai Kanit 2 Subdit I Dittipidsiber Bareskrim Polri. Bupati Sanjaya berharap, Kapolres yang baru mampu melanjutkan dan meningkatkan program-program yang telah berjalan dengan baik di Tabanan. “Kami ucapkan selamat datang kepada Bapak Kapolres dan keluarga di Tabanan. Mari kita jalin koordinasi yang erat demi terwujudnya Tabanan Era Baru yang Aman, Unggul, dan Madani,” pungkasnya.Sementara itu, dalam sambutan perpisahannya, AKBP Chandra menyampaikan terimakasih kepada seluruh pihak atas dukungan dan kerja sama selama dirinya menjabat di Tabanan. “Saya ucapkan terimakasih kepada Bapak Bupati, Wakil Bupati, jajaran Forkopimda, dan seluruh elemen dinas yang telah mendukung kami di Tabanan. Kepada Kapolres Tabanan kami ucapkan selamat datang, saya izin titip wilayah Kabupaten Tabanan,” tutupnya sembari pamit undur diri dan memohon doa restu untuk penugasan di tempat yang baru.Kapolres Tabanan AKBP I Putu Bayu Pati mengungkapkan rasa syukurnya bisa mengemban tugas sebagai Kapolres Tabanan. Ia menyadari, bahwa tugas ini bukanlah tanggung jawab yang ringan, namun dengan dukungan seluruh elemen masyarakat, ia optimis dapat membawa kemajuan dan dampak positif bagi Kabupaten Tabanan. “Saya mohon dukungan dan kerjasama dari seluruh personil Polres Tabanan unsur Forkopimda, para tokoh agama, tokoh adat, tokoh masyarakat serta seluruh lapisan masyarakat Kabupaten Tabanan. Saya percaya dengan kerjasama yang telah terjalin selama ini kita dapat mewujudkan Tabanan yang aman, damai dan sejahtera,"" tutupnya.
                                                                    


                                
                                
                                
                                
                                
                                            
                                        
                                                                    

                                


                                
                                
                                                                                                                                                                                
                            
                            
                                                                        
                                                                
                                    
                                        
                                            Berita
                                        
                                    
                                    Terbaru Lainnya
                                
                                
                            
                            
                                    
                                    
                                        Memuat berita terbaru.....",RRI.co.id,"Dajan Peken, 82114, Tabanan, Tabanan, Bali, Indonesia",-8.536609490935,115.13552944186335,5,"2, 7","kejaksaan, kejatibali, kejaritabanan, tabanan, news"
Babinsa dan Pecalang Dauh Peken Kawal Pemakaman di Setra Gandamayu,2026-10-04T05:14:00.000Z,"Kabupaten Tabanan, Bali, Indonesia",Babinsa dan Pecalang Dauh Peken Kawal Pemakaman di Setra Gandamayu - RRI.co.id,"Babinsa dan Pecalang Dauh Peken Kawal Pemakaman di  Setra Gandamayu (Foto : Humas Kodim 1619 Tabanan)
                                                    
                                                                                            
                                                                                                            
                                
                                RRI.CO.ID, Tabanan – Babinsa Desa Dauh Peken Kotamil 1619-01/Tabanan Serka (K) Widiarkeni melaksanakan pengamanan prosesi pemakaman warga dari rumah duka hingga Setra Gandamayu, Desa Dauh Peken, Tabanan, Sabtu 3 Oktober 2026. Pengamanan dilakukan untuk membantu kelancaran rangkaian prosesi sekaligus memastikan perjalanan menuju lokasi pemakaman berlangsung tertib.Dalam pelaksanaannya, Babinsa berkoordinasi dengan Bhabinkamtibmas serta Pecalang Adat setempat.","Koordinasi tersebut dilakukan untuk mengatur pergerakan warga dan iring-iringan menuju setra, terutama pada sejumlah titik yang membutuhkan pengaturan selama prosesi berlangsung.Serka (K) Widiarkeni mengatakan, kehadiran Babinsa dalam kegiatan masyarakat merupakan bagian dari upaya menjaga hubungan yang dekat dengan warga sekaligus memberikan dukungan pada setiap kegiatan sosial kemasyarakatan di wilayah binaan. “Pengamanan ini kami lakukan agar seluruh rangkaian prosesi dapat berjalan dengan baik.","Pada Hari Minggu , 4 Oktober 2026 05:14, Tabanan, Tabanan, Bali

Babinsa dan Pecalang Dauh Peken Kawal Pemakaman di  Setra Gandamayu (Foto : Humas Kodim 1619 Tabanan)
                                                    
                                                                                            
                                                                                                            
                                
                                RRI.CO.ID, Tabanan – Babinsa Desa Dauh Peken Kotamil 1619-01/Tabanan Serka (K) Widiarkeni melaksanakan pengamanan prosesi pemakaman warga dari rumah duka hingga Setra Gandamayu, Desa Dauh Peken, Tabanan, Sabtu 3 Oktober 2026. Pengamanan dilakukan untuk membantu kelancaran rangkaian prosesi sekaligus memastikan perjalanan menuju lokasi pemakaman berlangsung tertib.Dalam pelaksanaannya, Babinsa berkoordinasi dengan Bhabinkamtibmas serta Pecalang Adat setempat. Koordinasi tersebut dilakukan untuk mengatur pergerakan warga dan iring-iringan menuju setra, terutama pada sejumlah titik yang membutuhkan pengaturan selama prosesi berlangsung.Serka (K) Widiarkeni mengatakan, kehadiran Babinsa dalam kegiatan masyarakat merupakan bagian dari upaya menjaga hubungan yang dekat dengan warga sekaligus memberikan dukungan pada setiap kegiatan sosial kemasyarakatan di wilayah binaan. “Pengamanan ini kami lakukan agar seluruh rangkaian prosesi dapat berjalan dengan baik. Kami juga berkoordinasi dengan Bhabinkamtibmas dan Pecalang Adat untuk bersama-sama membantu kelancaran perjalanan warga hingga ke setra,” ujarnya.Pengamanan berlangsung hingga seluruh rangkaian prosesi tiba di Setra Gandamayu. Kehadiran aparat kewilayahan bersama unsur keamanan adat menjadi bagian dari upaya memberikan rasa aman dan membantu keluarga serta masyarakat menjalankan prosesi pemakaman dengan tertib. 


                                
                                
                                
                                
                                
                                            
                                        
                                                                    

                                


                                
                                                                    
                                    
                                
                                                                                                                                                                                
                            
                            
                                                                        
                                                                
                                    
                                        
                                            Berita
                                        
                                    
                                    Terbaru Lainnya
                                
                                
                            
                            
                                    
                                    
                                        Memuat berita terbaru.....",RRI.co.id,"Dajan Peken, 82114, Tabanan, Tabanan, Bali, Indonesia",-8.536609490935,115.13552944186335,5,"2, 7","kejaksaan, kejatibali, kejaritabanan, tabanan, news"
Babinsa Jatiluwih Amankan Piodalan di Pura Luhur Pucak Petali,2026-10-01T02:21:00.000Z,"Kabupaten Tabanan, Bali, Indonesia",Babinsa Jatiluwih Amankan Piodalan di Pura Luhur Pucak Petali - RRI.co.id,"Babinsa Jatiluwih Amankan Piodalan di Pura Luhur Pucak Petali (Foto : Humas Kodim 1619 Tabanan)
                                                    
                                                                                            
                                                                                                            
                                
                                RRI.CO.ID, Tabanan – Babinsa Desa Jatiluwih Koramil 1619-08/Penebel Kopda I Gede Putu Ardayasa melaksanakan pengamanan rangkaian upacara piodalan di Pura Luhur Pucak Petali, Desa Jatiluwih, Kecamatan Penebel, Tabanan, Rabu 30 Septemberb2026. Pengamanan dilakukan untuk mendukung kelancaran pelaksanaan kegiatan keagamaan masyarakat di kawasan pura.Dalam pelaksanaannya, Babinsa bersama Bhabinkamtibmas dan Pecalang Adat mengatur arus lalu lintas serta menjaga ketertiban masyarakat di sekitar lokasi upacara.","Pengaturan dilakukan menyesuaikan situasi di lapangan, terutama saat warga mulai berdatangan dan meninggalkan pura. Kehadiran petugas di sejumlah titik juga untuk membantu mengantisipasi kepadatan kendaraan serta memberikan kelancaran bagi masyarakat yang melaksanakan persembahyangan.","Pada Hari Kamis , 1 Oktober 2026 02:21, Tabanan, Tabanan, Bali

Babinsa Jatiluwih Amankan Piodalan di Pura Luhur Pucak Petali (Foto : Humas Kodim 1619 Tabanan)
                                                    
                                                                                            
                                                                                                            
                                
                                RRI.CO.ID, Tabanan – Babinsa Desa Jatiluwih Koramil 1619-08/Penebel Kopda I Gede Putu Ardayasa melaksanakan pengamanan rangkaian upacara piodalan di Pura Luhur Pucak Petali, Desa Jatiluwih, Kecamatan Penebel, Tabanan, Rabu 30 Septemberb2026. Pengamanan dilakukan untuk mendukung kelancaran pelaksanaan kegiatan keagamaan masyarakat di kawasan pura.Dalam pelaksanaannya, Babinsa bersama Bhabinkamtibmas dan Pecalang Adat mengatur arus lalu lintas serta menjaga ketertiban masyarakat di sekitar lokasi upacara. Pengaturan dilakukan menyesuaikan situasi di lapangan, terutama saat warga mulai berdatangan dan meninggalkan pura. Kehadiran petugas di sejumlah titik juga untuk membantu mengantisipasi kepadatan kendaraan serta memberikan kelancaran bagi masyarakat yang melaksanakan persembahyangan. Dengan pengamanan tersebut, aktivitas keagamaan dapat berlangsung tanpa mengganggu kelancaran pengguna jalan di sekitar kawasan pura. Babinsa Desa Jatiluwih Kopda I Gede Putu Ardayasa mengatakan, pengamanan dilakukan bersama unsur terkait sebagai bentuk dukungan terhadap kegiatan keagamaan masyarakat.“Pengamanan kami lakukan bersama Bhabinkamtibmas dan Pecalang Adat, terutama untuk membantu mengatur lalu lintas dan menjaga ketertiban masyarakat selama rangkaian piodalan berlangsung,” kata Ardayasa.Pengamanan bersama tersebut diharapkan dapat memberikan rasa nyaman bagi masyarakat yang melaksanakan persembahyangan sekaligus menjaga kelancaran aktivitas warga di sekitar Pura Luhur Pucak Petali. 


                                
                                
                                
                                
                                
                                            
                                        
                                                                    

                                


                                
                                                                    
                                    
                                
                                                                                                                                                                                
                            
                            
                                                                        
                                                                
                                    
                                        
                                            Berita
                                        
                                    
                                    Terbaru Lainnya
                                
                                
                            
                            
                                    
                                    
                                        Memuat berita terbaru.....",RRI.co.id,"Dajan Peken, 82114, Tabanan, Tabanan, Bali, Indonesia",-8.536609490935,115.13552944186335,5,"2, 7","kejaksaan, kejatibali, kejaritabanan, tabanan, news"
Beban Gaji PPPK Dialihkan ke APBN 2027 Gubernur Sulsel Sebut Angin Segar,2026-10-01T05:03:00.000Z,"Kabupaten Tabanan, Bali, Indonesia","Beban Gaji PPPK Dialihkan ke APBN 2027, Gubernur Sulsel Sebut Angin Segar - Kompas.com","MAKASSAR, KOMPAS.com - Badan Anggaran Dewan Perwakilan Rakyat (Banggar DPR) RI dan Pemerintah Pusat sepakat mengalihkan beban pembiayaan gaji Pegawai Pemerintah dengan Perjanjian Kerja (PPPK) daerah ke Anggaran Pendapatan dan Belanja Negara (APBN) 2027.
Pemerintah pusat mengalokasikan anggaran sebesar Rp 23 triliun dalam APBN 2027 khusus untuk pembayaran gaji PPPK Guru dan Tenaga Kesehatan di daerah.Gubernur Sulsel Andi Sudirman mengungkapkan rasa syukur karena beban fiskal belanja pegawai daerah kini dapat terbagi dengan pemerintah pusat.
Kebijakan ini juga disebutnya sebagai salah satu usulan yang sebelumnya gencar disuarakan oleh pemerintah daerah.
""Alhamdulillah, itu usulan kita kemarin bahwa sebaiknya PPPK disamakan dengan PNS dan menjadi beban APBN untuk kemudian tetap bisa mengabdi di daerah. Saya pikir ini suatu terobosan dari Bapak Presiden Prabowo melalui kementerian terkait,"" ujar Andi Sudirman saat ditemui di Rumah Jabatan Gubernur Sulsel, Jalan Sungai Tangka, Kota Makassar, Kamis (1/10/2026).
Baca juga: SD Mirip Kandang Ayam di Gowa Viral, Gubernur Sulsel Merespons




Ia menjelaskan, keterbatasan anggaran serta efisiensi di tingkat daerah selama ini membuat pembiayaan PPPK secara keseluruhan tidak dapat terakomodasi secara optimal melalui Anggaran Pendapatan dan Belanja Daerah (APBD).
Oleh karena itu, pengambilalihan pembiayaan gaji PPPK sektor pendidikan dan kesehatan oleh pemerintah pusat dinilai memberikan kepastian sekaligus angin segar bagi keuangan daerah.
""Tentu kita apresiasi melalui kementerian terkait bahwa akhirnya penantian para PPPK kita lebih ada kejelasan tentang bagaimana kemudian pusat bisa mengambil alih.","Karena memang pembebanan secara keseluruhan di daerah tidak bisa ter-cover sepenuhnya lantaran keterbatasan dan efisiensi yang terjadi di daerah,"" lanjutnya.
Dengan beralihnya beban gaji PPPK ke APBN, Andi Sudirman optimistis ruang fiskal daerah akan semakin terbuka sehingga dapat dialokasikan lebih besar untuk pembangunan wilayah serta pelayanan publik.Sementara para tenaga PPPK juga dapat bekerja lebih tenang dan fokus.
""Ini sangat membantu fiskal daerah, alhamdulillah,"" tegasnya.
Respons Penambahan Transfer ke Daerah
Selain kebijakan gaji PPPK, Andi Sudirman turut menanggapi keputusan DPR RI terkait penetapan alokasi Transfer ke Daerah (TKD) secara nasional yang mengalami peningkatan hingga mencapai sekitar Rp 735 triliun.
Ia optimistis penambahan alokasi anggaran tersebut akan semakin meningkatkan semangat daerah dalam meningkatkan kualitas pelayanan kepada masyarakat.
""Kita sangat bersyukur, saya yakin Bapak Presiden selalu memperhatikan daerah. Penambahan-penambahan itu tentu akan menambah semangat pelayanan di daerah,"" tuturnya.
Baca juga: Pemerintah Siapkan Dana Rp 23,0 Triliun untuk Peralihan Status Guru PPPK
Minta Pemda Jaga Amanah Presiden
Ia pun mengingatkan seluruh jajaran pemerintah daerah untuk menjaga amanah penambahan anggaran tersebut agar tepat sasaran dan berdampak langsung bagi masyarakat.
""Yang paling penting, kita harus memahami bahwa Bapak Presiden memberikan transfer tambahan ini tidak lain kecuali untuk pembangunan yang betul-betul berdampak,"" katanya.




  

    
        Bayangkan seorang anak Indonesia bercita-cita menjadi dokter tetapi hanya memiliki satu buku lusuh untuk belajar.","Pada Hari Kamis , 1 Oktober 2026 05:03, Tabanan, Tabanan, Bali

MAKASSAR, KOMPAS.com - Badan Anggaran Dewan Perwakilan Rakyat (Banggar DPR) RI dan Pemerintah Pusat sepakat mengalihkan beban pembiayaan gaji Pegawai Pemerintah dengan Perjanjian Kerja (PPPK) daerah ke Anggaran Pendapatan dan Belanja Negara (APBN) 2027.
Pemerintah pusat mengalokasikan anggaran sebesar Rp 23 triliun dalam APBN 2027 khusus untuk pembayaran gaji PPPK Guru dan Tenaga Kesehatan di daerah.Gubernur Sulsel Andi Sudirman mengungkapkan rasa syukur karena beban fiskal belanja pegawai daerah kini dapat terbagi dengan pemerintah pusat.
Kebijakan ini juga disebutnya sebagai salah satu usulan yang sebelumnya gencar disuarakan oleh pemerintah daerah.
""Alhamdulillah, itu usulan kita kemarin bahwa sebaiknya PPPK disamakan dengan PNS dan menjadi beban APBN untuk kemudian tetap bisa mengabdi di daerah. Saya pikir ini suatu terobosan dari Bapak Presiden Prabowo melalui kementerian terkait,"" ujar Andi Sudirman saat ditemui di Rumah Jabatan Gubernur Sulsel, Jalan Sungai Tangka, Kota Makassar, Kamis (1/10/2026).
Baca juga: SD Mirip Kandang Ayam di Gowa Viral, Gubernur Sulsel Merespons




Ia menjelaskan, keterbatasan anggaran serta efisiensi di tingkat daerah selama ini membuat pembiayaan PPPK secara keseluruhan tidak dapat terakomodasi secara optimal melalui Anggaran Pendapatan dan Belanja Daerah (APBD).
Oleh karena itu, pengambilalihan pembiayaan gaji PPPK sektor pendidikan dan kesehatan oleh pemerintah pusat dinilai memberikan kepastian sekaligus angin segar bagi keuangan daerah.
""Tentu kita apresiasi melalui kementerian terkait bahwa akhirnya penantian para PPPK kita lebih ada kejelasan tentang bagaimana kemudian pusat bisa mengambil alih. Karena memang pembebanan secara keseluruhan di daerah tidak bisa ter-cover sepenuhnya lantaran keterbatasan dan efisiensi yang terjadi di daerah,"" lanjutnya.
Dengan beralihnya beban gaji PPPK ke APBN, Andi Sudirman optimistis ruang fiskal daerah akan semakin terbuka sehingga dapat dialokasikan lebih besar untuk pembangunan wilayah serta pelayanan publik.Sementara para tenaga PPPK juga dapat bekerja lebih tenang dan fokus.
""Ini sangat membantu fiskal daerah, alhamdulillah,"" tegasnya.
Respons Penambahan Transfer ke Daerah
Selain kebijakan gaji PPPK, Andi Sudirman turut menanggapi keputusan DPR RI terkait penetapan alokasi Transfer ke Daerah (TKD) secara nasional yang mengalami peningkatan hingga mencapai sekitar Rp 735 triliun.
Ia optimistis penambahan alokasi anggaran tersebut akan semakin meningkatkan semangat daerah dalam meningkatkan kualitas pelayanan kepada masyarakat.
""Kita sangat bersyukur, saya yakin Bapak Presiden selalu memperhatikan daerah. Penambahan-penambahan itu tentu akan menambah semangat pelayanan di daerah,"" tuturnya.
Baca juga: Pemerintah Siapkan Dana Rp 23,0 Triliun untuk Peralihan Status Guru PPPK
Minta Pemda Jaga Amanah Presiden
Ia pun mengingatkan seluruh jajaran pemerintah daerah untuk menjaga amanah penambahan anggaran tersebut agar tepat sasaran dan berdampak langsung bagi masyarakat.
""Yang paling penting, kita harus memahami bahwa Bapak Presiden memberikan transfer tambahan ini tidak lain kecuali untuk pembangunan yang betul-betul berdampak,"" katanya.




  

    
        Bayangkan seorang anak Indonesia bercita-cita menjadi dokter tetapi hanya memiliki satu buku lusuh untuk belajar. Bersama Ekspedisi Kata ke Nyata Kompas.com, Anda bisa membantu mengubah kisah itu. Mari hadirkan akses literasi bagi anak-anak di berbagai pelosok Indonesia melalui donasi lewat tautan https://bit.ly/JagatLiterasi2026. Setiap kebaikan yang Anda berikan bukan hanya membuka jendela pengetahuan, tetapi juga membuka masa depan mereka.",Kompas.com,"Dajan Peken, 82114, Tabanan, Tabanan, Bali, Indonesia",-8.536609490935,115.13552944186335,5,"2, 7","kejaksaan, kejatibali, kejaritabanan, tabanan, news"
Babinsa dan Warga Desa Bersiap Bangun Jembatan Penghubung Antarbanjar,2026-10-04T05:24:00.000Z,"Kabupaten Tabanan, Bali, Indonesia",Babinsa dan Warga Desa Bersiap Bangun Jembatan Penghubung Antarbanjar - RRI.co.id,"Babinsa dan Warga Desa Bersiap Bangun Jembatan Penghubung Antarbanjar (Foto : Humas Kodim 1619 Tabanan)
                                                    
                                                                                            
                                                                                                            
                                
                                RRI.CO.ID, Tabanan – Upaya memperlancar akses antarwilayah di Desa Bangli, Kecamatan Baturiti, dimulai dari gotong royong membersihkan area yang akan menjadi lokasi pembangunan jembatan penghubung antarbanjar. Kegiatan tersebut melibatkan Babinsa Desa Bangli Koramil 1619-07/Baturiti Serma I Putu Darma Putra bersama masyarakat Br.","Umapoh, Kamis 1 Oktober 2026.Pembersihan dilakukan dengan menata dan membersihkan area sekitar lokasi pembangunan agar siap digunakan untuk tahapan pekerjaan berikutnya. Kehadiran Babinsa di tengah masyarakat sekaligus memperkuat semangat gotong royong dalam mendukung pembangunan fasilitas yang nantinya menunjang aktivitas dan mobilitas warga.Bagi masyarakat, pembangunan jembatan tersebut diharapkan dapat mempermudah hubungan antarbanjar serta mendukung akses warga dalam menjalankan berbagai aktivitas sehari-hari.","Pada Hari Minggu , 4 Oktober 2026 05:24, Tabanan, Tabanan, Bali

Babinsa dan Warga Desa Bersiap Bangun Jembatan Penghubung Antarbanjar (Foto : Humas Kodim 1619 Tabanan)
                                                    
                                                                                            
                                                                                                            
                                
                                RRI.CO.ID, Tabanan – Upaya memperlancar akses antarwilayah di Desa Bangli, Kecamatan Baturiti, dimulai dari gotong royong membersihkan area yang akan menjadi lokasi pembangunan jembatan penghubung antarbanjar. Kegiatan tersebut melibatkan Babinsa Desa Bangli Koramil 1619-07/Baturiti Serma I Putu Darma Putra bersama masyarakat Br. Umapoh, Kamis 1 Oktober 2026.Pembersihan dilakukan dengan menata dan membersihkan area sekitar lokasi pembangunan agar siap digunakan untuk tahapan pekerjaan berikutnya. Kehadiran Babinsa di tengah masyarakat sekaligus memperkuat semangat gotong royong dalam mendukung pembangunan fasilitas yang nantinya menunjang aktivitas dan mobilitas warga.Bagi masyarakat, pembangunan jembatan tersebut diharapkan dapat mempermudah hubungan antarbanjar serta mendukung akses warga dalam menjalankan berbagai aktivitas sehari-hari. Karena itu, keterlibatan masyarakat sejak tahap awal menjadi bagian penting dalam mewujudkan pembangunan yang dikerjakan secara bersama-sama.Serma I Putu Darma Putra mengatakan, kegiatan gotong royong ini merupakan bentuk kepedulian bersama terhadap pembangunan di lingkungan desa. “Kami bersama masyarakat bergotong royong membersihkan lokasi agar persiapannya lebih baik. Harapannya, pembangunan jembatan ini nantinya dapat memberikan manfaat dan mempermudah akses masyarakat,” ucapnya.Pembersihan lokasi menjadi langkah awal sebelum pembangunan jembatan penghubung tersebut dilaksanakan. Dukungan masyarakat diharapkan terus terjaga sehingga pembangunan dapat berjalan sesuai rencana dan memberikan manfaat bagi warga di wilayah Desa Bangli. 


                                
                                
                                
                                
                                
                                            
                                        
                                                                    

                                


                                
                                                                    
                                    
                                
                                                                                                                                                                                
                            
                            
                                                                        
                                                                
                                    
                                        
                                            Berita
                                        
                                    
                                    Terbaru Lainnya
                                
                                
                            
                            
                                    
                                    
                                        Memuat berita terbaru.....",RRI.co.id,"Dajan Peken, 82114, Tabanan, Tabanan, Bali, Indonesia",-8.536609490935,115.13552944186335,5,"2, 7","kejaksaan, kejatibali, kejaritabanan, tabanan, news"
GSJT Soroti Santunan Korban KM Virgo Rp 50 Juta Minta Beasiswa Anak Korban,2026-09-30T17:18:00.000Z,"Kabupaten Tabanan, Bali, Indonesia","GSJT Soroti Santunan Korban KM Virgo Rp 50 Juta, Minta Beasiswa Anak Korban - Kompas.com","SURABAYA, KOMPAS.com - Gerakan Sopir Jawa Timur (GSJT) menilai santunan Rp 50 juta bagi korban meninggal dunia kecelakaan KM Virgo Transport 8 tidak lagi cukup untuk memenuhi kebutuhan keluarga yang ditinggalkan.
Hal itu disampaikan GSJT saat menggelar aksi demonstrasi di depan Kantor Dinas Perhubungan (Dishub) Jawa Timur, Rabu (30/9/2026).Sekitar 600 truk dan towing yang dibawa sopir dari berbagai daerah di Jawa Timur dan luar provinsi ikut dalam aksi tersebut hingga menyebabkan jalan diblokade.
Baca juga: 4 Jenazah Korban KM Virgo Ditemukan di Perairan Kalteng, Akan Dievakuasi ke Banjarmasin
Dalam aksi itu, GSJT menyuarakan sejumlah tuntutan, di antaranya penghapusan barcode bersubsidi, pembiayaan penyesuaian dimensi kendaraan GSJT, serta penghentian pelarangan kendaraan dengan muatan lebih untuk naik kapal.
Mereka juga menuntut pertanggungjawaban pemerintah terkait kemacetan di Pelabuhan Ketapang, Banyuwangi, pemberian beasiswa bagi anak korban kecelakaan kapal, serta revisi PMK Nomor 15/PMK.010/2017 terkait besaran santunan korban kecelakaan.




Berdasarkan aturan tersebut, Jasa Raharja memberikan jaminan sebesar Rp 50 juta untuk korban meninggal dunia dan Rp 20 juta untuk perawatan korban selamat.
“Kalau yang hari ini terjadi itu kan Rp 50 juta. Nah, hari ini tidak relevan lagi Rp 50 juta.","Karena ya uang itu dipakai kirim doa sampai 40 hari pasti sudah habis,” kata Koordinator GSJT Supriyono, Rabu (30/9/2026).GSJT meminta pemerintah menjamin pendidikan dan keberlangsungan hidup keluarga korban secara layak. Supriyono berharap anak-anak korban meninggal dunia mendapatkan beasiswa pendidikan karena kehilangan tulang punggung keluarga.
Baca juga: Dari Balikpapan hingga Karanganyar, Perjalanan Terakhir Jenazah Jevon Korban KM Virgo Transport 8
“Terus bagaimana anak-anak mereka yang mereka jadi tulang punggung keluarga, sehingga harapan kami itu akan ada subsidi ataupun ada semacam beasiswa bagi anak-anak yang ditinggal dan juga dari Jasa Marga,” jelasnya.
Selain soal santunan, GSJT menyoroti kemacetan panjang di Pelabuhan Ketapang, Banyuwangi, yang disebut mencapai 13 hingga 20 kilometer.
Sopir truk sempat memblokade akses sebagai bentuk protes terhadap kebijakan yang diterapkan Kantor Kesyahbandaran dan Otoritas Pelabuhan (KSOP).Supriyono mengatakan kondisi tersebut berdampak pada meningkatnya biaya yang harus dikeluarkan sopir karena harus menginap dan mengeluarkan lebih banyak biaya bahan bakar minyak (BBM).
“Harapan kami untuk dihadirkan para pemangku kebijakan di Banyuwangi berkaitan soal kemacetan yang sampai 20 kilo, yang akhirnya menyebabkan kawan-kawan pengemudi truk khususnya itu melakukan pembengkakan biaya, solarnya lebih banyak dan biaya hidup mereka lebih tinggi,” kata Supriyono.




  



    
        Bayangkan seorang anak Indonesia bercita-cita menjadi dokter tetapi hanya memiliki satu buku lusuh untuk belajar.","Pada Hari Rabu , 30 September 2026 17:18, Tabanan, Tabanan, Bali

SURABAYA, KOMPAS.com - Gerakan Sopir Jawa Timur (GSJT) menilai santunan Rp 50 juta bagi korban meninggal dunia kecelakaan KM Virgo Transport 8 tidak lagi cukup untuk memenuhi kebutuhan keluarga yang ditinggalkan.
Hal itu disampaikan GSJT saat menggelar aksi demonstrasi di depan Kantor Dinas Perhubungan (Dishub) Jawa Timur, Rabu (30/9/2026).Sekitar 600 truk dan towing yang dibawa sopir dari berbagai daerah di Jawa Timur dan luar provinsi ikut dalam aksi tersebut hingga menyebabkan jalan diblokade.
Baca juga: 4 Jenazah Korban KM Virgo Ditemukan di Perairan Kalteng, Akan Dievakuasi ke Banjarmasin
Dalam aksi itu, GSJT menyuarakan sejumlah tuntutan, di antaranya penghapusan barcode bersubsidi, pembiayaan penyesuaian dimensi kendaraan GSJT, serta penghentian pelarangan kendaraan dengan muatan lebih untuk naik kapal.
Mereka juga menuntut pertanggungjawaban pemerintah terkait kemacetan di Pelabuhan Ketapang, Banyuwangi, pemberian beasiswa bagi anak korban kecelakaan kapal, serta revisi PMK Nomor 15/PMK.010/2017 terkait besaran santunan korban kecelakaan.




Berdasarkan aturan tersebut, Jasa Raharja memberikan jaminan sebesar Rp 50 juta untuk korban meninggal dunia dan Rp 20 juta untuk perawatan korban selamat.
“Kalau yang hari ini terjadi itu kan Rp 50 juta. Nah, hari ini tidak relevan lagi Rp 50 juta. Karena ya uang itu dipakai kirim doa sampai 40 hari pasti sudah habis,” kata Koordinator GSJT Supriyono, Rabu (30/9/2026).GSJT meminta pemerintah menjamin pendidikan dan keberlangsungan hidup keluarga korban secara layak. Supriyono berharap anak-anak korban meninggal dunia mendapatkan beasiswa pendidikan karena kehilangan tulang punggung keluarga.
Baca juga: Dari Balikpapan hingga Karanganyar, Perjalanan Terakhir Jenazah Jevon Korban KM Virgo Transport 8
“Terus bagaimana anak-anak mereka yang mereka jadi tulang punggung keluarga, sehingga harapan kami itu akan ada subsidi ataupun ada semacam beasiswa bagi anak-anak yang ditinggal dan juga dari Jasa Marga,” jelasnya.
Selain soal santunan, GSJT menyoroti kemacetan panjang di Pelabuhan Ketapang, Banyuwangi, yang disebut mencapai 13 hingga 20 kilometer.
Sopir truk sempat memblokade akses sebagai bentuk protes terhadap kebijakan yang diterapkan Kantor Kesyahbandaran dan Otoritas Pelabuhan (KSOP).Supriyono mengatakan kondisi tersebut berdampak pada meningkatnya biaya yang harus dikeluarkan sopir karena harus menginap dan mengeluarkan lebih banyak biaya bahan bakar minyak (BBM).
“Harapan kami untuk dihadirkan para pemangku kebijakan di Banyuwangi berkaitan soal kemacetan yang sampai 20 kilo, yang akhirnya menyebabkan kawan-kawan pengemudi truk khususnya itu melakukan pembengkakan biaya, solarnya lebih banyak dan biaya hidup mereka lebih tinggi,” kata Supriyono.




  



    
        Bayangkan seorang anak Indonesia bercita-cita menjadi dokter tetapi hanya memiliki satu buku lusuh untuk belajar. Bersama Ekspedisi Kata ke Nyata Kompas.com, Anda bisa membantu mengubah kisah itu. Mari hadirkan akses literasi bagi anak-anak di berbagai pelosok Indonesia melalui donasi lewat tautan https://bit.ly/JagatLiterasi2026. Setiap kebaikan yang Anda berikan bukan hanya membuka jendela pengetahuan, tetapi juga membuka masa depan mereka.",Kompas.com,"Dajan Peken, 82114, Tabanan, Tabanan, Bali, Indonesia",-8.536609490935,115.13552944186335,5,"2, 7","kejaksaan, kejatibali, kejaritabanan, tabanan, news"
Kepolisian Sosialisasi SMA Taruna Bhayangkara di SMPN 2 Gianyar,2026-10-01T08:04:00.000Z,"Kabupaten Tabanan, Bali, Indonesia",Kepolisian Sosialisasi SMA Taruna Bhayangkara di SMPN 2 Gianyar - RRI.co.id,"Polsek Gianyar Sosialisasikan Penerimaan SMA Kemala Taruna Bhayangkara di SMPN 2 Gianyar (Foto: Polres Gianyar)
                                                    
                                                                                            
                                                                                                            
                                
                                RRI.CO.ID, Gianyar - Polsek Gianyar melalui Kanit Binmas Iptu I Komang Iwan Setiawan melaksanakan sosialisasi penerimaan siswa baru SMA Kemala Taruna Bhayangkara Tahun Anggaran 2027/2028 di SMP Negeri 2 Gianyar pada Kamis, 1 Oktober 2026. Kegiatan sambang tersebut diterima langsung oleh Kepala SMP Negeri 2 Gianyar I Wayan Nuratna bersama para guru dan siswa.","Sosialisasi ini bertujuan memberikan informasi awal dan pemahaman kepada para siswa mengenai kesempatan melanjutkan pendidikan ke jenjang menengah kejuruan/keberbakatan kepolisian. Selain sosialisasi pendidikan, petugas Bhabinkamtibmas Kelurahan Bitera turut menyampaikan pesan keamanan dan ketertiban masyarakat (Kamtibmas).","Pada Hari Kamis , 1 Oktober 2026 08:04, Tabanan, Tabanan, Bali

Polsek Gianyar Sosialisasikan Penerimaan SMA Kemala Taruna Bhayangkara di SMPN 2 Gianyar (Foto: Polres Gianyar)
                                                    
                                                                                            
                                                                                                            
                                
                                RRI.CO.ID, Gianyar - Polsek Gianyar melalui Kanit Binmas Iptu I Komang Iwan Setiawan melaksanakan sosialisasi penerimaan siswa baru SMA Kemala Taruna Bhayangkara Tahun Anggaran 2027/2028 di SMP Negeri 2 Gianyar pada Kamis, 1 Oktober 2026. Kegiatan sambang tersebut diterima langsung oleh Kepala SMP Negeri 2 Gianyar I Wayan Nuratna bersama para guru dan siswa. Sosialisasi ini bertujuan memberikan informasi awal dan pemahaman kepada para siswa mengenai kesempatan melanjutkan pendidikan ke jenjang menengah kejuruan/keberbakatan kepolisian. Selain sosialisasi pendidikan, petugas Bhabinkamtibmas Kelurahan Bitera turut menyampaikan pesan keamanan dan ketertiban masyarakat (Kamtibmas). Para siswa diimbau untuk bersama-sama menjaga kondusivitas lingkungan sekolah serta dapat memanfaatkan Hotline Polisi 110 jika menemukan potensi gangguan Kamtibmas. Kapolsek Gianyar, Kompol I Made Adi Suryawan, menyampaikan bahwa kegiatan ini merupakan wujud pelayanan Polri untuk mendekatkan diri kepada masyarakat, khususnya kalangan pelajar.""Kami berharap melalui kegiatan sosialisasi ini para siswa memperoleh informasi yang jelas mengenai penerimaan SMA Kemala Taruna Bhayangkara, sekaligus semakin memahami pentingnya menjaga keamanan dan ketertiban di lingkungan sekolah. Sinergi antara Polri, pihak sekolah, guru dan siswa sangat penting dalam menciptakan lingkungan pendidikan yang aman, nyaman dan kondusif,"" ujar Kompol I Made Adi Suryawan. 


                                
                                
                                
                                
                                
                                            
                                        
                                                                    

                                


                                
                                                                    
                                    
                                
                                                                                                                                                                                
                            
                            
                                                                        
                                                                
                                    
                                        
                                            Berita
                                        
                                    
                                    Terbaru Lainnya
                                
                                
                            
                            
                                    
                                    
                                        Memuat berita terbaru.....",RRI.co.id,"Dajan Peken, 82114, Tabanan, Tabanan, Bali, Indonesia",-8.536609490935,115.13552944186335,5,"2, 7","kejaksaan, kejatibali, kejaritabanan, tabanan, news"
Kapolda Bali Hadiri Puncak PeringatanHUT ke81 TNI,2026-10-05T02:59:00.000Z,"Kabupaten Tabanan, Bali, Indonesia",Kapolda Bali Hadiri Puncak PeringatanHUT ke-81 TNI - RRI.co.id,"Kapolda Bali Irjen Pol. Daniel Adityajaya menyerahkan potongan tumpeng kepada Danrem 163/Wira Satya dalam peringatan HUT ke-81 TNI di Makorem 163/Wira Satya.(Foto:Humas Polda Bali)
                                                    
                                                                                            
                                                                                                            
                                
                                RRI.CO.ID, Denpasar - Soliditas TNI dan Polri kembali terlihat dalam peringatan HUT ke-81 TNI di Makorem 163/Wira Satya, Denpasar, Senin, 5 Oktober 2026.","Kapolda Bali, Irjen Pol. Daniel Adityajaya, S.H., S.I.K., M.Si., hadir bersama jajaran Polda Bali sebagai bentuk apresiasi terhadap TNI.Kehadiran Kapolda Bali menjadi bagian dari suasana keakraban antara kedua institusi dalam menjaga keamanan dan ketertiban di Bali.","Pada Hari Senin , 5 Oktober 2026 02:59, Tabanan, Tabanan, Bali

Kapolda Bali Irjen Pol. Daniel Adityajaya menyerahkan potongan tumpeng kepada Danrem 163/Wira Satya dalam peringatan HUT ke-81 TNI di Makorem 163/Wira Satya.(Foto:Humas Polda Bali)
                                                    
                                                                                            
                                                                                                            
                                
                                RRI.CO.ID, Denpasar - Soliditas TNI dan Polri kembali terlihat dalam peringatan HUT ke-81 TNI di Makorem 163/Wira Satya, Denpasar, Senin, 5 Oktober 2026. Kapolda Bali, Irjen Pol. Daniel Adityajaya, S.H., S.I.K., M.Si., hadir bersama jajaran Polda Bali sebagai bentuk apresiasi terhadap TNI.Kehadiran Kapolda Bali menjadi bagian dari suasana keakraban antara kedua institusi dalam menjaga keamanan dan ketertiban di Bali. Momen tersebut semakin hangat saat tradisi pemotongan tumpeng dilakukan dalam rangkaian peringatan HUT ke-81 TNI.Kapolda Bali secara khusus menyerahkan potongan tumpeng pertama kepada Danrem 163/Wira Satya sebagai simbol penghormatan dan persaudaraan antara TNI dan Polri. Dalam kesempatan tersebut, Kapolda Bali juga menyampaikan ucapan selamat serta harapan agar sinergitas kedua institusi terus terjaga.“Selamat Hari Ulang Tahun ke-81 Tentara Nasional Indonesia. Semoga TNI semakin profesional, dicintai rakyat, dan senantiasa menjadi pilar utama dalam menjaga kedaulatan NKRI,” ujar Irjen Pol. Daniel Adityajaya.Kapolda Bali menegaskan Polda Bali siap terus memperkuat sinergitas dan kolaborasi bersama TNI untuk menjaga keamanan di Bali. Sementara itu, jajaran Korem 163/Wira Satya menyampaikan apresiasi atas kehadiran dan perhatian Kapolda Bali beserta seluruh jajaran Polda Bali.“Polda Bali siap terus memperkuat sinergitas dan kolaborasi bersama TNI demi menjaga keamanan bumi Dewata,” kata Irjen Pol. Daniel Adityajaya.Peringatan HUT ke-81 TNI di Makorem 163/Wira Satya berlangsung khidmat dan penuh suasana kekeluargaan. Kegiatan kemudian ditutup dengan ramah tamah bersama para undangan. 


                                
                                
                                
                                
                                
                                            
                                        
                                                                    

                                


                                
                                                                    
                                    
                                
                                                                                                                                                                                
                            
                            
                                                                        
                                                                
                                    
                                        
                                            Berita
                                        
                                    
                                    Terbaru Lainnya
                                
                                
                            
                            
                                    
                                    
                                        Memuat berita terbaru.....",RRI.co.id,"Dajan Peken, 82114, Tabanan, Tabanan, Bali, Indonesia",-8.536609490935,115.13552944186335,5,"2, 7","kejaksaan, kejatibali, kejaritabanan, tabanan, news"
Sebanyak 11 Personel Kodim Klungkung Resmi Sandang Pangkat Baru,2026-10-04T05:32:00.000Z,"Kabupaten Tabanan, Bali, Indonesia",Sebanyak 11 Personel Kodim Klungkung Resmi Sandang Pangkat Baru - RRI.co.id,"Dandim 1610/Klungkung Letkol Kav Sidik Pramono memimpin acara korps raport kenaikan pangkat 11 personel Kodim 1610/Klungkung.(Foto:Pendim1610/Klungkung)
                                                    
                                                                                            
                                                                                                            
                                
                                RRI.CO.ID, Klungkung - Kodim 1610/Klungkung menggelar acara korps raport kenaikan pangkat periode 1 Oktober 2026 di Aula Makodim 1610/Klungkung, Kamis (1/10/2026). Sebanyak 11 personel yang terdiri dari 9 prajurit dan 2 PNS resmi menyandang pangkat baru.Acara dipimpin Dandim 1610/Klungkung Letkol Kav Sidik Pramono, S.Sos., M.M., M.Han.","Kegiatan diikuti Perwira Staf, Danramil jajaran, Bintara, Tamtama, PNS serta perwakilan Persit KCK Kodim 1610/Klungkung.Dalam amanatnya, Sidik Pramono mengatakan kenaikan pangkat menjadi kebanggaan dan kebahagiaan bagi personel yang menerimanya. Menurutnya, kenaikan pangkat merupakan penghargaan atas kemampuan dan pelaksanaan tugas prajurit maupun PNS.“Kenaikan pangkat merupakan prestasi dan sekaligus wujud penghormatan dan penghargaan terhadap standar kemampuan prajurit, baik dalam keseharian maupun penugasannya,” ujar Sidik Pramono.Ia menegaskan kenaikan pangkat bukan sekadar penghargaan, tetapi juga membawa tanggung jawab yang lebih besar.","Pada Hari Minggu , 4 Oktober 2026 05:32, Tabanan, Tabanan, Bali

Dandim 1610/Klungkung Letkol Kav Sidik Pramono memimpin acara korps raport kenaikan pangkat 11 personel Kodim 1610/Klungkung.(Foto:Pendim1610/Klungkung)
                                                    
                                                                                            
                                                                                                            
                                
                                RRI.CO.ID, Klungkung - Kodim 1610/Klungkung menggelar acara korps raport kenaikan pangkat periode 1 Oktober 2026 di Aula Makodim 1610/Klungkung, Kamis (1/10/2026). Sebanyak 11 personel yang terdiri dari 9 prajurit dan 2 PNS resmi menyandang pangkat baru.Acara dipimpin Dandim 1610/Klungkung Letkol Kav Sidik Pramono, S.Sos., M.M., M.Han. Kegiatan diikuti Perwira Staf, Danramil jajaran, Bintara, Tamtama, PNS serta perwakilan Persit KCK Kodim 1610/Klungkung.Dalam amanatnya, Sidik Pramono mengatakan kenaikan pangkat menjadi kebanggaan dan kebahagiaan bagi personel yang menerimanya. Menurutnya, kenaikan pangkat merupakan penghargaan atas kemampuan dan pelaksanaan tugas prajurit maupun PNS.“Kenaikan pangkat merupakan prestasi dan sekaligus wujud penghormatan dan penghargaan terhadap standar kemampuan prajurit, baik dalam keseharian maupun penugasannya,” ujar Sidik Pramono.Ia menegaskan kenaikan pangkat bukan sekadar penghargaan, tetapi juga membawa tanggung jawab yang lebih besar. Karena itu, personel yang mendapat kenaikan pangkat diminta menjadikan momentum tersebut sebagai dorongan untuk meningkatkan kinerja dan profesionalisme.“Kenaikan pangkat bukan hadiah, melainkan kepercayaan dan amanah dari pimpinan, bangsa dan negara. Semakin tinggi pangkat tentu semakin besar tanggung jawab yang diemban,” tegasnya.Sidik Pramono juga menyampaikan ucapan selamat kepada seluruh personel yang memperoleh kenaikan pangkat. Ia berharap pangkat baru dapat menjadi motivasi untuk memberikan pengabdian terbaik dalam menjalankan tugas ke depan.Sebanyak 9 prajurit memperoleh kenaikan pangkat, yakni 4 orang menjadi Serma, 2 orang menjadi Sertu, 1 orang menjadi Kopka, 1 orang menjadi Koptu dan 1 orang menjadi Kopda. Sementara dua personel PNS yang naik pangkat yakni PNS I Dewa Ayu Ari Putri dan PNS Siti Hadijah.Kenaikan pangkat tersebut menjadi bagian dari pembinaan personel di lingkungan Kodim 1610/Klungkung. Momentum ini diharapkan dapat mendorong personel meningkatkan disiplin, kinerja dan profesionalisme dalam melaksanakan tugas. 


                                
                                
                                
                                
                                
                                            
                                        
                                                                    

                                


                                
                                                                    
                                    
                                
                                                                                                                                                                                
                            
                            
                                                                        
                                                                
                                    
                                        
                                            Berita
                                        
                                    
                                    Terbaru Lainnya
                                
                                
                            
                            
                                    
                                    
                                        Memuat berita terbaru.....",RRI.co.id,"Dajan Peken, 82114, Tabanan, Tabanan, Bali, Indonesia",-8.536609490935,115.13552944186335,5,"2, 7","kejaksaan, kejatibali, kejaritabanan, tabanan, news"
KONASPI XII Seribuan Pakar dan Akademisi Godok Deklarasi Bali,2026-10-03T01:45:00.000Z,"Kabupaten Tabanan, Bali, Indonesia",KONASPI XII: Seribuan Pakar dan Akademisi Godok Deklarasi Bali - RRI.co.id,"RRI.CO.ID, Nusa Dua - Sebanyak 1.694 akademisi dari 12 Lembaga Pendidikan Tenaga Kependidikan (LPTK) Negeri hadir dalam Konvensi Nasional Pendidikan Indonesia (KONASPI) XII. Agenda dua tahunan yang mengetengahkan tema ""Transformasi Pendidikan Menuju Indonesia Emas 2045"" tersebut berlangsung tiga hari (2 - 4 Oktober 2026) di Bali Nusa Dua Convention Center (BNDCC).Universitas Pendidikan Ganesha (Undiksha) bertindak sebagai tuan rumah dalam event yang mengusung tiga isu utama.","Ketiga isu itu meliputi penguatan karakter kebangsaan, peningkatan mutu guru, dan mewujudkan KONASPI sebagai muara munculnya inovasi dari para pakar serta pengambil kebijakan.Rektor Undiksha, Prof. Dr.","Pada Hari Sabtu , 3 Oktober 2026 01:45, Tabanan, Tabanan, Bali

RRI.CO.ID, Nusa Dua - Sebanyak 1.694 akademisi dari 12 Lembaga Pendidikan Tenaga Kependidikan (LPTK) Negeri hadir dalam Konvensi Nasional Pendidikan Indonesia (KONASPI) XII. Agenda dua tahunan yang mengetengahkan tema ""Transformasi Pendidikan Menuju Indonesia Emas 2045"" tersebut berlangsung tiga hari (2 - 4 Oktober 2026) di Bali Nusa Dua Convention Center (BNDCC).Universitas Pendidikan Ganesha (Undiksha) bertindak sebagai tuan rumah dalam event yang mengusung tiga isu utama. Ketiga isu itu meliputi penguatan karakter kebangsaan, peningkatan mutu guru, dan mewujudkan KONASPI sebagai muara munculnya inovasi dari para pakar serta pengambil kebijakan.Rektor Undiksha, Prof. Dr. I Wayan Lasmawan, M.Pd., berharap, kehadiran pakar, akademisi dan praktisi dapat melahirkan ide, gagasan serta pemikiran inovatif. Semua itu untuk mewujudkan pengelolaan pendidikan yang memperkuat dan mempercepat terwujudnya Indonesia Emas 2045.""Kita berharap melalui KONASPI akan lahir Deklarasi Bali, yang nanti akan memuat beberapa poin penting untuk bisa kita sampaikan kepada pemerintah melalui kementerian, kepada DPR RI,"" katanya kepada wartawan usai pembukaan KONASPI XII di BNDCC, Jumat 02 Oktober 2026.""Tujuannya agar betul-betul pendidikan, khususnya pendidikan tinggi bisa terkelola dengan baik, sebagaimana yang diamanahkan oleh konstitusi kita,"" lanjutnya.Lasmawan mengakui, pendidikan di Indonesia menghadapi tantangan tidak ringan. Salah satunya mengembalikan marwah pendidikan yang hadir dalam upaya membangun sumber daya manusia (SDM) berkualitas dan kompeten.""Sehingga perbaikan mutu guru, kemudian perbaikan ruang-ruang kelas dari sisi dimensi kualitas pembelajaran adalah sebuah keharusan,"" ujar Lasmawan dalam kegiatan yang dihadiri Menteri Pendidikan Tinggi, Sains, dan Teknologi Republik Indonesia, Prof. Brian Yuliarto, S.T., M.Eng., Ph.D., serta Menteri Pendidikan Dasar dan Menengah Republik Indonesia Prof. Dr. Abdul Mu'ti, M.Ed.""Karena akan lahir sebuah hasil pendidikan yang baik, manakala dimulai dari ruang-ruang kelas kecil, ruang-ruang kelas sempit, terjadinya sebuah dialog akademik, dan terjadinya sebuah pengakuan kepada peserta didik untuk menemukan dan mengembangkan potensi secara optimal,"" imbuhnya.Menteri Pendidikan Tinggi, Sains, dan Teknologi Republik Indonesia, Prof. Brian Yuliarto, S.T., M.Eng., Ph.D., menekankan, posisi penting dosen dan LPTK dalam membangun Indonesia Emas 2045. Menurutnya, Indonesia bersama 107 negara di dunia saat ini sedang bekontestasi untuk naik kelas.""Kesempatan itu tidak setiap saat terbuka. Itu terbuka ketika jumlah penduduk produktif kita lebih banyak dari penduduk berusia tidak produktif,"" tegasnya.""Itu hanya terbuka sampai 2040. Kalau kita gagal, kita menunggu lagi,"" imbuhnya.Brian mengakui, asa ini menjadi pekerjaan rumah seluruh pihak. Oleh karenanya, seluruh LPTK di Indonesia diharap mampu meningkatkan inovasi untuk melahirkan SDM guru berkualitas dan kompeten.""Karena guru-guru itu nantinya diharapkan melahirkan orang-orang hebat,"" ujar Menteri Brian.",RRI.co.id,"Dajan Peken, 82114, Tabanan, Tabanan, Bali, Indonesia",-8.536609490935,115.13552944186335,5,"2, 7","kejaksaan, kejatibali, kejaritabanan, tabanan, news"
World Animal Day Masyarakat Diminta Perhatikan Kesejahteraan Hewan,2026-10-04T00:39:00.000Z,"Kabupaten Tabanan, Bali, Indonesia","World Animal Day, Masyarakat Diminta Perhatikan Kesejahteraan Hewan - RRI.co.id","RRI.CO.ID, Badung - Pemerintah Kabupaten Badung mendorong masyarakat untuk meningkatkan kepedulian terhadap kesejahteraan hewan, khususnya hewan peliharaan, dalam momentum Hari Hewan Sedunia yang diperingati setiap 4 Oktober. Kepala Bidang Kesehatan Hewan Dinas Pertanian dan Pangan Kabupaten Badung, Drh.","I Gusti Ngurah Narendra Putra, kepada RRI.CO.ID, Sabtu, 3 Oktober 2026 mengatakan pihaknya terus memberikan pembinaan kepada masyarakat melalui Pusat Kesehatan Hewan atau Puskeswan di masing-masing kecamatan.Menurutnya, pemerintah juga telah menyiapkan sumber daya manusia yang memiliki kompetensi di bidang kesejahteraan hewan untuk memperkuat pembinaan dan pengawasan di masyarakat. “Kami dari Pemerintah Daerah Kabupaten Badung melalui Dinas Pertanian dan Pangan selalu menghimbau kepada masyarakat untuk selalu memperhatikan kesejahteraan hewan, baik yang ada di dalam organisasi maupun individu,” ujarnya.Ia mengungkapkan, masyarakat perlu memahami konsep lima kebebasan dalam kesejahteraan hewan, termasuk memastikan hewan terbebas dari rasa lapar dan haus, penyakit, serta perlakuan yang dapat menimbulkan penderitaan.","Pada Hari Minggu , 4 Oktober 2026 00:39, Tabanan, Tabanan, Bali

RRI.CO.ID, Badung - Pemerintah Kabupaten Badung mendorong masyarakat untuk meningkatkan kepedulian terhadap kesejahteraan hewan, khususnya hewan peliharaan, dalam momentum Hari Hewan Sedunia yang diperingati setiap 4 Oktober. Kepala Bidang Kesehatan Hewan Dinas Pertanian dan Pangan Kabupaten Badung, Drh. I Gusti Ngurah Narendra Putra, kepada RRI.CO.ID, Sabtu, 3 Oktober 2026 mengatakan pihaknya terus memberikan pembinaan kepada masyarakat melalui Pusat Kesehatan Hewan atau Puskeswan di masing-masing kecamatan.Menurutnya, pemerintah juga telah menyiapkan sumber daya manusia yang memiliki kompetensi di bidang kesejahteraan hewan untuk memperkuat pembinaan dan pengawasan di masyarakat. “Kami dari Pemerintah Daerah Kabupaten Badung melalui Dinas Pertanian dan Pangan selalu menghimbau kepada masyarakat untuk selalu memperhatikan kesejahteraan hewan, baik yang ada di dalam organisasi maupun individu,” ujarnya.Ia mengungkapkan, masyarakat perlu memahami konsep lima kebebasan dalam kesejahteraan hewan, termasuk memastikan hewan terbebas dari rasa lapar dan haus, penyakit, serta perlakuan yang dapat menimbulkan penderitaan. Menurutnya, pemahaman tersebut masih perlu terus disosialisasikan karena sebagian masyarakat belum mengetahui cara memperlakukan hewan peliharaan dengan baik.Narendra menjelaskan, perlakuan yang tidak tepat terhadap hewan dapat menimbulkan berbagai dampak. Pada anjing, misalnya, kekerasan dan penelantaran dapat menyebabkan perubahan perilaku sehingga hewan menjadi lebih agresif.Sementara pada hewan ternak, kesejahteraan hewan yang tidak diperhatikan dapat berdampak terhadap kualitas daging. Ia juga menilai isu kesejahteraan hewan dapat berpengaruh terhadap citra pariwisata Bali apabila kasus kekerasan terhadap hewan terus terjadi.“Kalau kita di Bali ini tidak memperhatikan kesejahteraan hewan, itu menjadi sorotan bagi masyarakat dunia dan bisa mempengaruhi pariwisata itu sendiri,” ungkapnya.Dalam penanganan kasus kekerasan dan penelantaran hewan, Pemerintah Kabupaten Badung mengacu pada ketentuan peraturan yang berlaku dan berkoordinasi dengan Satuan Polisi Pamong Praja. Narendra menyebut, laporan terkait penelantaran maupun pembuangan hewan, termasuk anak anjing, dapat ditindaklanjuti melalui pembinaan maupun teguran. Dalam sejumlah kasus, masyarakat yang melakukan penelantaran hewan juga dapat dikenai tindak pidana ringan sesuai ketentuan yang berlaku. Ia mengatakan, pemerintah daerah saat ini belum memiliki tempat penampungan khusus hewan. Namun, penanganan anjing liar dilakukan melalui kerja sama dengan sejumlah shelter. Sosialisasi mengenai kesejahteraan hewan juga dilakukan secara langsung melalui kegiatan vaksinasi door-to-dooryang dilaksanakan tim Puskeswan dan vaksinator di rumah-rumah masyarakat.Selain pemerintah, masyarakat juga memiliki peran penting dalam mencegah kekerasan terhadap hewan. Masyarakat yang menemukan dugaan kekerasan terhadap hewan dapat melaporkannya kepada Dinas Pertanian dan Pangan maupun Satuan Polisi Pamong Praja di wilayah masing-masing.Narendra mengajak pemerintah, perguruan tinggi, lembaga perlindungan anak atau LPA, lembaga swadaya masyarakat, serta masyarakat untuk bersama-sama meningkatkan kesejahteraan hewan di Bali. “Mari kita bekerja bersama-sama, saling bahu-membahu untuk selalu meningkatkan kualitas kesejahteraan hewan, terutama yang ada di Kabupaten Badung pada khususnya dan umumnya yang ada di Bali, sehingga isu-isu kekerasan hewan itu tidak terjadi lagi,” pungkasnya.",RRI.co.id,"Dajan Peken, 82114, Tabanan, Tabanan, Bali, Indonesia",-8.536609490935,115.13552944186335,5,"2, 7","kejaksaan, kejatibali, kejaritabanan, tabanan, news"
Tim Indonesia Lampaui Target di Asian Games 2026 dengan 5 Emas dan 9 Rekor,2026-10-05T04:23:00.000Z,"Kabupaten Tabanan, Bali, Indonesia",Tim Indonesia Lampaui Target di Asian Games 2026 dengan 5 Emas dan 9 Rekor - RRI.co.id,"RRI.CO.ID, Nagoya - Perjuangan Tim Indonesia pada Asian Games ke-20 Aichi-Nagoya 2026 resmi ditutup dengan torehan prestasi membanggakan. Kontingen Merah Putih mengakhiri kompetisi di posisi ke-16 klasemen akhir dengan mengumpulkan total 39 medali, terdiri dari 5 medali emas, 11 perak, dan 23 perunggu, sekaligus melampaui target awal sebanyak 4 medali emas.Selain melampaui target, atlet-atlet Indonesia juga berhasil menorehkan 9 rekor baru di tingkat dunia, Asia, dan Asian Games.","Seluruh 5 medali emas Indonesia disumbangkan dari cabang olahraga olimpiade, yakni angkat besi melalui Rahmat Erwin Abdullah, panjat tebing lewat Desak Made Rita Kusuma Dewi, panahan melalui Nurisa Dian Ashrifah, serta bulu tangkis beregu putra dan ganda putra Leo Rolly Carnando/Daniel Marthin.Penampilan monumental ditunjukkan Rahmat Erwin Abdullah di nomor 75 kg angkat besi yang memecahkan rekor dunia, Asia, dan Asian Games dengan angkatan clean & jerk 206 kg serta total angkatan 366 kg. Di cabor panjat tebing, Desak Made Rita mengukir rekor Asia dan Asian Games nomor women's speed dengan waktu 6,062 detik, sementara Aditya Tri Syahri memperbarui rekor Asian Games men's speed dengan 4,62 detik.","Pada Hari Senin , 5 Oktober 2026 04:23, Tabanan, Tabanan, Bali

RRI.CO.ID, Nagoya - Perjuangan Tim Indonesia pada Asian Games ke-20 Aichi-Nagoya 2026 resmi ditutup dengan torehan prestasi membanggakan. Kontingen Merah Putih mengakhiri kompetisi di posisi ke-16 klasemen akhir dengan mengumpulkan total 39 medali, terdiri dari 5 medali emas, 11 perak, dan 23 perunggu, sekaligus melampaui target awal sebanyak 4 medali emas.Selain melampaui target, atlet-atlet Indonesia juga berhasil menorehkan 9 rekor baru di tingkat dunia, Asia, dan Asian Games. Seluruh 5 medali emas Indonesia disumbangkan dari cabang olahraga olimpiade, yakni angkat besi melalui Rahmat Erwin Abdullah, panjat tebing lewat Desak Made Rita Kusuma Dewi, panahan melalui Nurisa Dian Ashrifah, serta bulu tangkis beregu putra dan ganda putra Leo Rolly Carnando/Daniel Marthin.Penampilan monumental ditunjukkan Rahmat Erwin Abdullah di nomor 75 kg angkat besi yang memecahkan rekor dunia, Asia, dan Asian Games dengan angkatan clean & jerk 206 kg serta total angkatan 366 kg. Di cabor panjat tebing, Desak Made Rita mengukir rekor Asia dan Asian Games nomor women's speed dengan waktu 6,062 detik, sementara Aditya Tri Syahri memperbarui rekor Asian Games men's speed dengan 4,62 detik. Sejarah baru juga tercipta lewat cabor panahan saat Nurisa Dian Ashrifah meraih emas pertama Indonesia di nomor compound putri, serta tim bulu tangkis beregu putra yang mengakhiri penantian emas selama 28 tahun. Chef de Mission (CdM) Tim Indonesia, Todotua Pasaribu, mengapresiasi tinggi seluruh perjuangan atlet, pelatih, NOC Indonesia, Kemenpora, dan seluruh pihak terkait atas keberhasilan melampaui target tersebut.""Alhamdulillah, puji syukur. Final per hari ini, setelah kita mengetahui total medali yang dicapai dan diraih oleh Tim Indonesia sebanyak 39 medali, terdiri dari 5 emas, 11 perak dan 23 perunggu. Tentunya ini adalah capaian yang terbaik. Berdasarkan target yang diberikan Kemenpora, 4 emas, maka Tim Indonesia dalam Asian Games ini bisa mencapai sebanyak 5 emas,"" ujar Todotua Pasaribu.Todotua menambahkan, kesuksesan ini tidak lepas dari koordinasi dan konsolidasi yang kuat antara tim CdM, Kemenpora, NOC Indonesia, dan seluruh federasi cabang olahraga. Selain cabor utama, cabor baru seperti teqball, padel, MMA, surfing, dan E-Sport juga turut memperluas spektrum medali Indonesia.""Asian Games adalah ajang pertarungan yang penuh dengan tantangan. Tapi dengan koordinasi yang baik, dengan konsolidasi yang baik, kami dengan NOC, dengan Kemenpora dan khususnya para cabang olahraga yang mengikuti kompetisi ini, kita berkoordinasi dengan baik. Segala sesuatu tantangan-tantangan yang ada, secara nonteknis bisa kita selesaikan dengan baik,"" pungkasnya.",RRI.co.id,"Dajan Peken, 82114, Tabanan, Tabanan, Bali, Indonesia",-8.536609490935,115.13552944186335,5,"2, 7","kejaksaan, kejatibali, kejaritabanan, tabanan, news"
Klungkung Siap Jadi Percontohan Pengelolaan Sampah Nasional,2026-10-05T04:32:00.000Z,"Kabupaten Tabanan, Bali, Indonesia",Klungkung Siap Jadi Percontohan Pengelolaan Sampah Nasional - RRI.co.id,"Bupati Satria Sambut Menteri LH di TOSS Center, Klungkung Siap Jadi Percontohan Pengelolaan Sampah Nasional. (Foto: Humas Pemkab Klungkung)
                                                    
                                                                                            
                                                                                                            
                                
                                RRI.CO.ID, Klungkung - Bupati Klungkung, I Made Satria, menerima kunjungan kerja Menteri Lingkungan Hidup Republik Indonesia, Mohammad Jumhur Hidayat, di Tempat Olah Sampah Setempat (TOSS) Center, Desa Kusamba, Kecamatan Dawan pada Sabtu, 03 Oktober 2026.","Kunjungan ini dilakukan untuk memastikan kesiapan serta inisiatif proaktif pemerintah daerah dalam mengimplementasikan sistem pengelolaan sampah mandiri dan berkelanjutan.Dalam peninjauannya, Menteri Mohammad Jumhur Hidayat menyampaikan apresiasi tinggi atas langkah progresif Pemkab Klungkung yang telah membangun kemandirian pengelolaan sampah melalui penerapan konsep ekonomi sirkular (circular economy). Kolaborasi strategis antara pemerintah daerah dan pihak swasta (ketiga) dalam mengoperasikan teknologi pengolahan sampah dinilai sebagai terobosan nyata.“Jadi, saya sangat mengapresiasi langkah positif yang telah dilakukan Pemkab Klungkung dalam menangani sampah dengan teknologi pirolisis.","Pada Hari Senin , 5 Oktober 2026 04:32, Tabanan, Tabanan, Bali

Bupati Satria Sambut Menteri LH di TOSS Center, Klungkung Siap Jadi Percontohan Pengelolaan Sampah Nasional. (Foto: Humas Pemkab Klungkung)
                                                    
                                                                                            
                                                                                                            
                                
                                RRI.CO.ID, Klungkung - Bupati Klungkung, I Made Satria, menerima kunjungan kerja Menteri Lingkungan Hidup Republik Indonesia, Mohammad Jumhur Hidayat, di Tempat Olah Sampah Setempat (TOSS) Center, Desa Kusamba, Kecamatan Dawan pada Sabtu, 03 Oktober 2026. Kunjungan ini dilakukan untuk memastikan kesiapan serta inisiatif proaktif pemerintah daerah dalam mengimplementasikan sistem pengelolaan sampah mandiri dan berkelanjutan.Dalam peninjauannya, Menteri Mohammad Jumhur Hidayat menyampaikan apresiasi tinggi atas langkah progresif Pemkab Klungkung yang telah membangun kemandirian pengelolaan sampah melalui penerapan konsep ekonomi sirkular (circular economy). Kolaborasi strategis antara pemerintah daerah dan pihak swasta (ketiga) dalam mengoperasikan teknologi pengolahan sampah dinilai sebagai terobosan nyata.“Jadi, saya sangat mengapresiasi langkah positif yang telah dilakukan Pemkab Klungkung dalam menangani sampah dengan teknologi pirolisis. Upaya ini sungguh luar biasa; semoga ke depannya berhasil dan tentunya terus berkelanjutan,” ujar Menteri Jumhur Hidayat.Ia juga menegaskan komitmen pemerintah pusat untuk menduplikasi model inovatif ini ke berbagai daerah di Indonesia. “Jika pengelolaan teknologi pirolisis ini berhasil, saya akan duplikasikan ke daerah-daerah lainnya. Mungkin tidak hanya di Bali, tetapi kabupaten dan provinsi lain juga dapat memanfaatkan model pengelolaan sampah ini secara maksimal,” tambahnya.Menanggapi apresiasi tersebut, Bupati Satria menyampaikan rasa bangga sekaligus menyambut hangat kunjungan Menteri Lingkungan Hidup RI ke Kabupaten Klungkung. Bupati Satria menegaskan bahwa keberhasilan pengelolaan sampah berbasis teknologi pirolisis di TOSS Center Kusamba merupakan wujud komitmen nyata daerah dalam menghadirkan solusi jangka panjang terhadap persoalan lingkungan.“Kami di jajaran Pemerintah Kabupaten Klungkung merasa sangat bangga dan berterima kasih atas kunjungan serta perhatian langsung Bapak Menteri Lingkungan Hidup ke TOSS Center Kusamba. Penanganan sampah bukan lagi sekadar tantangan daerah, melainkan tanggung jawab bersama demi kelestarian masa depan.Bupati juga menambahkan bahwa akselerasi dan optimalisasi teknologi pirolisis ini sangat membutuhkan dukungan berkelanjutan dari pemerintah pusat, baik dari sisi kebijakan, penguatan kapasitas, maupun fasilitasi sarana prasarana pendukung. “Melalui momentum kunjungan ini, kami berharap Bapak Menteri dapat terus memberikan bimbingan dan intervensi pusat, sehingga pengelolaan sampah di Klungkung benar-benar berjalan maksimal, mandiri, dan dapat menjadi inspirasi bagi daerah lain di Indonesia,” pungkasnya. 


                                
                                
                                
                                
                                
                                            
                                        
                                                                    

                                


                                
                                                                    
                                    
                                
                                                                                                                                                                                
                            
                            
                                                                        
                                                                
                                    
                                        
                                            Berita
                                        
                                    
                                    Terbaru Lainnya
                                
                                
                            
                            
                                    
                                    
                                        Memuat berita terbaru.....",RRI.co.id,"Dajan Peken, 82114, Tabanan, Tabanan, Bali, Indonesia",-8.536609490935,115.13552944186335,5,"2, 7","kejaksaan, kejatibali, kejaritabanan, tabanan, news"
Gempa M38 Guncang Kuta Selatan Getaran Terasa hingga Denpasar,2026-10-02T03:06:00.000Z,"Kabupaten Tabanan, Bali, Indonesia","Gempa M3,8 Guncang Kuta Selatan, Getaran Terasa hingga Denpasar - RRI.co.id","Regional
                                                
                                            
                                                                            
                                    
                                    
                                        
                                            02 Okt 2026 10:06
                                            WIB
                                        
                                        
                                             Singaraja
                                        
                                    
                                    
                                                                                                                                
                                                                                
                                        
                                            
                                                Editor -
                                                Santi Mulyawati
                                            
                                        
                                    
                                

                                                                                                                                    

                                

                                                                                                            
                                        
                                                                                    
                                                
                                                    
                                                

                                                                                                    
                                                        Infografis Balai Besar Meteorologi, Klimatologi, dan Geofisika (BBMKG) Wilayah III Badung. (Foto: Dok.","BBMKG Wilayah III Badung.
                                                    
                                                                                            
                                                                                                            
                                
                                RRI.CO.ID, Singaraja - Gempa bumi tektonik berkekuatan Magnitudo 3,8 mengguncang wilayah Kuta Selatan, Bali, Jumat, 2 Oktober 2026 pukul 08.46.54 WITA. Gempa tersebut berpusat di laut pada jarak sekitar 29 kilometer barat daya Tabanan, dengan kedalaman 86 kilometer.","Pada Hari Jumat , 2 Oktober 2026 03:06, Tabanan, Tabanan, Bali

Regional
                                                
                                            
                                                                            
                                    
                                    
                                        
                                            02 Okt 2026 10:06
                                            WIB
                                        
                                        
                                             Singaraja
                                        
                                    
                                    
                                                                                                                                
                                                                                
                                        
                                            
                                                Editor -
                                                Santi Mulyawati
                                            
                                        
                                    
                                

                                                                                                                                    

                                

                                                                                                            
                                        
                                                                                    
                                                
                                                    
                                                

                                                                                                    
                                                        Infografis Balai Besar Meteorologi, Klimatologi, dan Geofisika (BBMKG) Wilayah III Badung. (Foto: Dok. BBMKG Wilayah III Badung.
                                                    
                                                                                            
                                                                                                            
                                
                                RRI.CO.ID, Singaraja - Gempa bumi tektonik berkekuatan Magnitudo 3,8 mengguncang wilayah Kuta Selatan, Bali, Jumat, 2 Oktober 2026 pukul 08.46.54 WITA. Gempa tersebut berpusat di laut pada jarak sekitar 29 kilometer barat daya Tabanan, dengan kedalaman 86 kilometer. Getaran gempa dirasakan masyarakat di sejumlah wilayah, termasuk Kuta Selatan, Kuta, dan Denpasar.Berdasarkan analisis Badan Meteorologi, Klimatologi, dan Geofisika (BMKG), episenter gempa berada pada koordinat 8,67 derajat Lintang Selatan dan 114,89 derajat Bujur Timur. Dengan memperhatikan lokasi episenter dan kedalaman hiposenternya, gempa tersebut dikategorikan sebagai gempa bumi menengah. Gempa dipicu aktivitas sesar aktif di dasar laut.Hasil analisis mekanisme sumber menunjukkan gempa memiliki pergerakan turun dengan kombinasi mendatar. Mekanisme tersebut dikenal sebagai Normal Right-Lateral Oblique, yang menggambarkan karakter pergerakan sumber gempa. Kedalaman 86 kilometer membuat gempa ini termasuk dalam kategori gempa menengah.Berdasarkan laporan masyarakat dan estimasi peta guncangan atau shakemap BMKG, getaran paling terasa di wilayah Kuta Selatan dan Kuta. Intensitas gempa di kedua wilayah tersebut berada pada skala II-III Modified Mercalli Intensity (MMI). Pada skala tersebut, getaran dapat dirasakan beberapa orang hingga terasa nyata di dalam rumah, termasuk benda-benda ringan yang digantung bergoyang.Sementara itu, wilayah Denpasar merasakan gempa dengan intensitas II MMI. Getaran pada skala tersebut dapat dirasakan nyata di dalam rumah dan sensasinya seperti truk yang sedang melintas. Meski dirasakan di beberapa wilayah, BMKG belum melaporkan adanya dampak kerusakan akibat gempa tersebut.Hingga pukul 09.15 WITA, BMKG menyatakan hasil monitoring belum menunjukkan adanya aktivitas gempa bumi susulan atau aftershock. Pemantauan terhadap aktivitas kegempaan tetap dilakukan untuk mengetahui perkembangan kondisi setelah gempa utama. Informasi terbaru akan disampaikan kepada pemangku kepentingan dan masyarakat apabila terdapat perkembangan.Kepala Balai Besar Meteorologi, Klimatologi, dan Geofisika (BBMKG) Wilayah III Badung, Cahyo Nugroho, mengimbau masyarakat tetap tenang dan tidak mudah terpengaruh informasi yang belum dapat dipertanggungjawabkan. Masyarakat juga diminta menghindari bangunan yang mengalami keretakan atau kerusakan akibat gempa. Langkah tersebut penting untuk mencegah risiko apabila terjadi gempa susulan atau kondisi bangunan tidak stabil.""BMKG akan terus memonitor aktivitas gempabumi susulan serta menyampaikan pemutakhiran informasi kepada stakeholder dan masyarakat,"" ujar Cahyo.BMKG juga mengingatkan masyarakat agar memperoleh informasi kebencanaan melalui kanal resmi dan terverifikasi. Informasi resmi dapat diakses melalui kanal komunikasi BMKG serta situs dan aplikasi resmi yang disediakan untuk masyarakat. Dengan mengandalkan sumber informasi resmi, masyarakat diharapkan tidak ikut menyebarkan kabar yang tidak dapat dipastikan kebenarannya. 


                                
                                
                                
                                
                                
                                            
                                        
                                                                    

                                


                                
                                                                    
                                    
                                
                                                                                                                                                                                
                            
                            
                                                                        
                                                                
                                    
                                        
                                            Berita
                                        
                                    
                                    Terbaru Lainnya
                                
                                
                            
                            
                                    
                                    
                                        Memuat berita terbaru.....",RRI.co.id,"Dajan Peken, 82114, Tabanan, Tabanan, Bali, Indonesia",-8.536609490935,115.13552944186335,5,"2, 7","kejaksaan, kejatibali, kejaritabanan, tabanan, news"
Dandim Klungkung Teguhkan Komitmen Pertahankan Ideologi Pancasila,2026-10-04T05:32:00.000Z,"Kabupaten Tabanan, Bali, Indonesia",Dandim Klungkung Teguhkan Komitmen Pertahankan Ideologi Pancasila - RRI.co.id,"Dandim 1610/Klungkung Letkol Sidik Pramono menghadiri Upacara Peringatan Hari Kesaktian Pancasila di Alun-Alun Ida Dewa Agung Jambe Klungkung.(Foto:Pendim1610/Klungkung)
                                                    
                                                                                            
                                                                                                            
                                
                                RRI.CO.ID, Klungkung - Dandim 1610/Klungkung Letkol Sidik Pramono, S.Sos., M.M., M.Han. menghadiri Upacara Peringatan Hari Kesaktian Pancasila di Alun-Alun Ida Dewa Agung Jambe Klungkung, Rabu (1/10/2026).","Upacara mengusung tema “Pancasila Pemersatu Bangsa Menuju Indonesia Berdaulat, Adil, dan Makmur”.Upacara dipimpin Bupati Klungkung I Made Satria dan diikuti unsur Forkopimda, TNI, Polri, ASN, pelajar serta organisasi kemasyarakatan. Peringatan tersebut menjadi momentum untuk memperkuat komitmen bersama dalam menjaga persatuan dan menjadikan Pancasila sebagai dasar kehidupan berbangsa dan bernegara.Dandim 1610/Klungkung Letkol Sidik Pramono mengatakan peringatan Hari Kesaktian Pancasila bukan sekadar kegiatan seremonial.","Pada Hari Minggu , 4 Oktober 2026 05:32, Tabanan, Tabanan, Bali

Dandim 1610/Klungkung Letkol Sidik Pramono menghadiri Upacara Peringatan Hari Kesaktian Pancasila di Alun-Alun Ida Dewa Agung Jambe Klungkung.(Foto:Pendim1610/Klungkung)
                                                    
                                                                                            
                                                                                                            
                                
                                RRI.CO.ID, Klungkung - Dandim 1610/Klungkung Letkol Sidik Pramono, S.Sos., M.M., M.Han. menghadiri Upacara Peringatan Hari Kesaktian Pancasila di Alun-Alun Ida Dewa Agung Jambe Klungkung, Rabu (1/10/2026). Upacara mengusung tema “Pancasila Pemersatu Bangsa Menuju Indonesia Berdaulat, Adil, dan Makmur”.Upacara dipimpin Bupati Klungkung I Made Satria dan diikuti unsur Forkopimda, TNI, Polri, ASN, pelajar serta organisasi kemasyarakatan. Peringatan tersebut menjadi momentum untuk memperkuat komitmen bersama dalam menjaga persatuan dan menjadikan Pancasila sebagai dasar kehidupan berbangsa dan bernegara.Dandim 1610/Klungkung Letkol Sidik Pramono mengatakan peringatan Hari Kesaktian Pancasila bukan sekadar kegiatan seremonial. Menurutnya, momentum tersebut juga menjadi bentuk penghormatan kepada para pahlawan sekaligus penguatan komitmen terhadap ideologi Pancasila.“Hari Kesaktian Pancasila sekaligus menjadi momentum untuk meneguhkan kembali komitmen kita terhadap ideologi Pancasila. Dimanapun dan sampai kapanpun kita sebagai bangsa harus tetap mempertahankan Pancasila sebagai dasar NKRI,” ujar Sidik Pramono.Ia menegaskan Pancasila harus terus dipertahankan sebagai dasar negara dan menjadi pedoman dalam kehidupan masyarakat. Menurutnya, komitmen tersebut penting untuk memperkokoh persatuan dan kesatuan bangsa.“Pancasila adalah harga mati. Dimomentum bersejarah ini, mari kita tegaskan komitmen dan tekad untuk memperkokoh persatuan dan kesatuan bangsa dan menjadikan Pancasila sebagai pedoman dalam kehidupan berbangsa dan bernegara,” katanya.Sidik Pramono menambahkan, TNI akan terus berperan dalam menjaga kedaulatan bangsa serta keteguhan nilai-nilai Pancasila. Peringatan Hari Kesaktian Pancasila diharapkan menjadi pengingat bersama untuk menjaga keutuhan Negara Kesatuan Republik Indonesia.Upacara berlangsung dengan dihadiri berbagai unsur pemerintahan dan masyarakat di Kabupaten Klungkung. Peringatan ini menjadi momentum untuk memperkuat semangat persatuan dan pengamalan Pancasila dalam kehidupan sehari-hari. 


                                
                                
                                
                                
                                
                                            
                                        
                                                                    

                                


                                
                                                                    
                                    
                                
                                                                                                                                                                                
                            
                            
                                                                        
                                                                
                                    
                                        
                                            Berita
                                        
                                    
                                    Terbaru Lainnya
                                
                                
                            
                            
                                    
                                    
                                        Memuat berita terbaru.....",RRI.co.id,"Dajan Peken, 82114, Tabanan, Tabanan, Bali, Indonesia",-8.536609490935,115.13552944186335,5,"2, 7","kejaksaan, kejatibali, kejaritabanan, tabanan, news"
Orientasi Pencegahan Jadi Prioritas Layanan Kesehatan Pemkab Muba,2026-10-02T06:40:00.000Z,"Kabupaten Tabanan, Bali, Indonesia",Orientasi Pencegahan Jadi Prioritas Layanan Kesehatan Pemkab Muba - RRI.co.id,"Kesehatan
                                                
                                            
                                                                            
                                    
                                    
                                        
                                            02 Okt 2026 13:40
                                            WIB
                                        
                                        
                                             Palembang
                                        
                                    
                                    
                                                                                                                                
                                                                                
                                        
                                            
                                                Editor -
                                                Aditya Abrianto
                                            
                                        
                                    
                                

                                                                                                            
                                                
                                                                                                            Poin Utama
                                                                                                    
                                                
                                                                                                            
                                                            Pemerintah Kabupaten Musi Banyuasin meluncurkan Sigapke Muba sebagai sistem integrasi gerakan dan aplikasi pelaporan kesehatan untuk memperkuat pelayanan kesehatan yang berorientasi pada pencegahan penyakit.
                                                        
                                                                                                            
                                                            Bupati Toha Tohet menekankan bahwa inovasi ini harus menjadi penyemangat bagi semua pihak untuk terus meningkatkan kualitas dan jangkauan pelayanan kesehatan di daerah.
                                                        
                                                                                                            
                                                            Peluncuran Sigapke Muba mencerminkan komitmen pemerintah daerah untuk memberikan pelayanan kesehatan yang adil, tidak membeda-bedakan masyarakat berdasarkan asal-usul atau kondisi ekonomi.
                                                        
                                                                                                    
                                            
                                                                                                    

                                

                                                                                                            
                                        
                                                                                    
                                                
                                                    
                                                

                                                                                                    
                                                        Kegiatan Rapat Koordinasi Dinkes Muba.
(Foto: Dinkominfo Muba)
                                                    
                                                                                            
                                                                                                            
                                
                                RRI.CO.ID, Musi Banyuasin- Pemerintah Kabupaten Musi Banyuasin (Muba) terus mendorong penguatan pelayanan kesehatan yang tidak hanya berorientasi pada pengobatan, tetapi juga pencegahan. Hal itu ditandai dengan peluncuran Sistem Integrasi Gerakan dan Aplikasi Pelaporan Kesehatan Muba (Sigapke Muba) yang diinisiasi Dinas Kesehatan Muba, Kamis 1 Oktober 2026.Bupati Muba Toha Tohet mengtakan inovasi tersebut harus menjadi penyemangat untuk terus meningkatkan pelayanan.",Ia berpesan agar seluruh tenaga kesehatan memberikan pelayanan secara adil dan tidak membeda-bedakan masyarakat berdasarkan asal-usul maupun kondisi ekonomi.“Dalam memberikan pelayanan jangan pilih-pilih. Semua masyarakat mempunyai hak yang sama untuk mendapatkan pelayanan kesehatan.,"Pada Hari Jumat , 2 Oktober 2026 06:40, Tabanan, Tabanan, Bali

Kesehatan
                                                
                                            
                                                                            
                                    
                                    
                                        
                                            02 Okt 2026 13:40
                                            WIB
                                        
                                        
                                             Palembang
                                        
                                    
                                    
                                                                                                                                
                                                                                
                                        
                                            
                                                Editor -
                                                Aditya Abrianto
                                            
                                        
                                    
                                

                                                                                                            
                                                
                                                                                                            Poin Utama
                                                                                                    
                                                
                                                                                                            
                                                            Pemerintah Kabupaten Musi Banyuasin meluncurkan Sigapke Muba sebagai sistem integrasi gerakan dan aplikasi pelaporan kesehatan untuk memperkuat pelayanan kesehatan yang berorientasi pada pencegahan penyakit.
                                                        
                                                                                                            
                                                            Bupati Toha Tohet menekankan bahwa inovasi ini harus menjadi penyemangat bagi semua pihak untuk terus meningkatkan kualitas dan jangkauan pelayanan kesehatan di daerah.
                                                        
                                                                                                            
                                                            Peluncuran Sigapke Muba mencerminkan komitmen pemerintah daerah untuk memberikan pelayanan kesehatan yang adil, tidak membeda-bedakan masyarakat berdasarkan asal-usul atau kondisi ekonomi.
                                                        
                                                                                                    
                                            
                                                                                                    

                                

                                                                                                            
                                        
                                                                                    
                                                
                                                    
                                                

                                                                                                    
                                                        Kegiatan Rapat Koordinasi Dinkes Muba.
(Foto: Dinkominfo Muba)
                                                    
                                                                                            
                                                                                                            
                                
                                RRI.CO.ID, Musi Banyuasin- Pemerintah Kabupaten Musi Banyuasin (Muba) terus mendorong penguatan pelayanan kesehatan yang tidak hanya berorientasi pada pengobatan, tetapi juga pencegahan. Hal itu ditandai dengan peluncuran Sistem Integrasi Gerakan dan Aplikasi Pelaporan Kesehatan Muba (Sigapke Muba) yang diinisiasi Dinas Kesehatan Muba, Kamis 1 Oktober 2026.Bupati Muba Toha Tohet mengtakan inovasi tersebut harus menjadi penyemangat untuk terus meningkatkan pelayanan. Ia berpesan agar seluruh tenaga kesehatan memberikan pelayanan secara adil dan tidak membeda-bedakan masyarakat berdasarkan asal-usul maupun kondisi ekonomi.“Dalam memberikan pelayanan jangan pilih-pilih. Semua masyarakat mempunyai hak yang sama untuk mendapatkan pelayanan kesehatan. Jangan memandang asal-usul maupun sisi ekonomi masyarakat,” tegasnya dalam peluncuran inovasi itu bersama Wakil Bupati Muba Abdur Rohman Husen.Selain peluncuruan inovasi, juga digelar dalam Rapat Koordinasi Bidang Kesehatan Kabupaten Musi Banyuasin Tahun 2026. Rakor mengusung tema “Penguatan Koordinasi Lintas Program dan Lintas Sektor dalam Meningkatkan Kualitas Pelayanan dan Derajat Kesehatan Masyarakat Kabupaten Musi Banyuasin” dan diikuti jajaran Dinas Kesehatan, Direktur tiga RSUD, dokter, perawat, tenaga kesehatan, TP PKK serta DWP Muba.Bupati menyampaikan apresiasi atas kinerja Dinas Kesehatan Muba yang terus menghadirkan inovasi dan meningkatkan kualitas pelayanan kepada masyarakat. Apresiasi juga disampaikan kepada seluruh tenaga kesehatan yang selama ini menjadi garda terdepan dalam memberikan pelayanan kesehatan hingga ke tengah masyarakat.“Terima kasih kepada seluruh tenaga kesehatan di lingkungan Pemerintah Kabupaten Musi Banyuasin. Saya mengapresiasi apa yang sudah dilakukan dan berbagai capaian yang telah diraih Dinas Kesehatan,” katanya.Sementara itu, Asisten Bidang Pemerintahan dan Kesra Setda Muba Ardiansyah yang juga Plt Kepala Dinas Kesehatan Muba mengatakan Sigape Muba melengkapi sejumlah inovasi pelayanan kesehatan yang telah dikembangkan Dinkes Muba.Di antaranya Program Banak Mude (Bayi Aman, Mama UHC Pulang Dapat Akte), BASANAK (Bantuan Sayang Anak), ePus PADEK, eDinkes, GASKEN (Gerakan ASN Sehat melalui Pemeriksaan Kesehatan Gratis), serta pelayanan kesehatan yang turun langsung ke masyarakat.“Melalui rakor ini kami ingin memetakan persoalan yang dihadapi di lapangan. Sehingga koordinasi dari tingkat kabupaten hingga desa dapat semakin baik dan pelayanan kepada masyarakat terus meningkat,” kata Ardiansyah.Ardiansyah menyebutkan, pelayanan kesehatan Muba didukung tiga RSUD, 30 puskesmas, satu Labkesmas, 131 Pustu, 306 Poskesdes, empat Poskeskel dan 514 Posyandu dengan total 4.312 pegawai atau tenaga kesehatan. Pada periode Juni 2025-Juli 2026, Dinkes Muba juga menerima sembilan penghargaan tingkat Provinsi Sumatera Selatan.Dalam kegiatan tersebut, Bupati menyerahkan secara simbolis bantuan Program Basanak berupa susu bagi ibu hamil dan balita, hadiah doorprize bagi tenaga kesehatan, serta dilaksanakan juga penyerahan penghargaan dari Kepala BPJS Kesehatan Cabang Sekayu Susiana kepada Plt Kepala Dinas Kesehatan Muba. Kegiatan turut dihadiri Kasat Binmas Polres Muba AKP Ade Nurdin, Jaksa Kejari Muba Ary Anugerah Permana, para kepala perangkat daerah serta tenaga kesehatan di lingkungan Pemkab Muba. 


                                
                                
                                
                                
                                
                                            
                                        
                                                                    

                                


                                
                                                                    
                                    
                                
                                                                                                                                                                                
                            
                            
                                                                        
                                                                
                                    
                                        
                                            Berita
                                        
                                    
                                    Terbaru Lainnya
                                
                                
                            
                            
                                    
                                    
                                        Memuat berita terbaru.....",RRI.co.id,"Dajan Peken, 82114, Tabanan, Tabanan, Bali, Indonesia",-8.536609490935,115.13552944186335,5,"2, 7","kejaksaan, kejatibali, kejaritabanan, tabanan, news"
Bahlil Tantang Golkar Bali Tingkatkan Perolehan Kursi pada Pemilu 2029,2026-10-04T00:45:00.000Z,"Kabupaten Tabanan, Bali, Indonesia",Bahlil Tantang Golkar Bali Tingkatkan Perolehan Kursi pada Pemilu 2029 - RRI.co.id,"RRI.CO.ID, Denpasar - Gde Sumarjaya Linggih alias Demer secara resmi dilantik sebagai Ketua DPD Partai Golkar Bali periode 2025-2030. Pelantikan yang berlangsung Monumen Gong Perdamaian Dunia, Desa Budaya Kertalangu, Denpasar, Sabtu 03 Oktober 2026 tersebut dihadiri Ketua Umum DPP Partai Golkar Bahlil Lahadalia.Sejumlah elite Partai Golkar hadir dalam pelantikan tersebut.","Di antaranya Sekretaris Jenderal Partai Golkar Muhammad Sarmuji, Wakil Ketua Umum Partai Golkar Maman Abdurahman, Mukhtarudin, Dyah Roro Esti Widya Putri, Christina Aryani, dan Putri Komarudin.Bahlil usai melantik kepengurusan DPD Golkar Bali menantang kadernya di Pulau Dewata meningkatkan perolehan kursi pada Pemilu 2029. Ia pun meminta seluruh jajaran Partai Golkar di Bali, mulai tingkat desa, kecamatan, kabupaten/kota hingga provinsi, tetap solid dan bergerak membesarkan partai.""Saya mendorong Golkar Bali meningkatkan perolehan kursi di DPRD Bali maupun DPRD kabupaten/kota pada Pemilu 2029.","Pada Hari Minggu , 4 Oktober 2026 00:45, Tabanan, Tabanan, Bali

RRI.CO.ID, Denpasar - Gde Sumarjaya Linggih alias Demer secara resmi dilantik sebagai Ketua DPD Partai Golkar Bali periode 2025-2030. Pelantikan yang berlangsung Monumen Gong Perdamaian Dunia, Desa Budaya Kertalangu, Denpasar, Sabtu 03 Oktober 2026 tersebut dihadiri Ketua Umum DPP Partai Golkar Bahlil Lahadalia.Sejumlah elite Partai Golkar hadir dalam pelantikan tersebut. Di antaranya Sekretaris Jenderal Partai Golkar Muhammad Sarmuji, Wakil Ketua Umum Partai Golkar Maman Abdurahman, Mukhtarudin, Dyah Roro Esti Widya Putri, Christina Aryani, dan Putri Komarudin.Bahlil usai melantik kepengurusan DPD Golkar Bali menantang kadernya di Pulau Dewata meningkatkan perolehan kursi pada Pemilu 2029. Ia pun meminta seluruh jajaran Partai Golkar di Bali, mulai tingkat desa, kecamatan, kabupaten/kota hingga provinsi, tetap solid dan bergerak membesarkan partai.""Saya mendorong Golkar Bali meningkatkan perolehan kursi di DPRD Bali maupun DPRD kabupaten/kota pada Pemilu 2029. Target tersebut sekaligus diarahkan untuk memperkuat keterwakilan Golkar di DPR RI,"" katanya.""Saya meminta kepada pengurus Golkar Provinsi Bali agar menaikkan kursi di DPR Provinsi, DPR kabupaten/kota, dan juga kalau bisa di DPR RI,"" imbuh BahlilPada Pemilu 2024, Partai Golkar memeroleh satu kursi DPR RI dari daerah pemilihan Bali. Perolehan tersebut turun dibandingkan Pemilu 2019 yang menghasilkan dua kursi DPR RI.Di tingkat DPRD Provinsi Bali, Golkar kebagian tujuh kursi pada Pemilu 2024. Torehan itu rurun satu kursi dibanding Pemilu 2019 yang memeroleh delapan kursi.Sementara di tingkat DPRD kabupaten/kota, Golkar memeroleh 11 kursi di Badung dan Buleleng, tujuh kursi di Denpasar dan Karangasem. Selain itu, Golkar mendapat enam kursi di Jembrana, lima kursi masing-masing di Bangli dan Gianyar, empat kursi di Tabanan, serta tiga kursi di Klungkung.Tidak hanya target politik, Bahlil mengingatkan jajaran Golkar Bali agar menjadikan partai sebagai wadah pengabdian kepada masyarakat. ""Jadikanlah partai ini sebagai instrumen perjuangan, pengabdian kita kepada Ibu Pertiwi untuk memperjuangkan hak-hak rakyat dalam rangka mencerdaskan rakyat Indonesia, khususnya di Provinsi Bali,"" ujarnya.Ketua DPD Partai Golkar Bali Gde Sumarjaya Linggih di tempat yang sama mengatakan, pihaknya bersama jajaran pengurus sedang memperkuat empat aspek utama untuk menghadapi Pemilu 2029. Keempat aspek itu yakni sumber daya manusia, jaringan, manajemen, dan logistik.Demer mengatakan Golkar Bali mulai menyiapkan sumber daya manusia sekaligus memperkuat jaringan organisasi hingga tingkat bawah. ""Kita sudah merancang semuanya di Bali mengikuti arahan-arahan DPP. Dalam menyukseskan partai tentu ada beberapa yang harus dipenuhi. Pertama ada orang, kemudian ada jaringan. Kami sudah mulai siap dengan orang dan jaringan,"" kata Demer.Dari sisi manajemen, Demer mengatakan Golkar Bali akan memperkuat digitalisasi mulai dari perencanaan, pengorganisasian, pelaksanaan hingga pengawasan. Menurutnya, sistem digital juga akan dimanfaatkan untuk mendukung kajian dan pengambilan keputusan organisasi, termasuk penggunaan kecerdasan buatan atau artificial intelligence (AI) dalam pengembangan manajemen partai.""Manajemen juga kami akan perbaiki berbasis digital. Termasuk perencanaannya, pengorganisasiannya, action-nya, termasuk controlling-nya juga. Kami akan coba melalui sistem digital yang mau tidak mau kita akan mempergunakan,"" sebutnya.Selain Sumber Daya Manusia (SDM), jaringan dan manajemen, Demer menilai aspek logistik juga menjadi faktor penting dalam menjalankan roda organisasi. ""Orang siap, jaringan siap, manajemen siap. Nah, ini tentang logistik perlu dipikirkan bersama. Perlu dibantu oleh DPP,"" paparnya.Demer juga mengajak seluruh kader, termasuk generasi muda dan Gen Z, untuk aktif berorganisasi serta berkontribusi dalam membesarkan Partai Golkar. ""Selama kita mau bekerja keras, selama kita mau mengabdi, berkarya, berbakti di partai ini, saya yakin kita mempunyai masa depan,"" tutupnya.",RRI.co.id,"Dajan Peken, 82114, Tabanan, Tabanan, Bali, Indonesia",-8.536609490935,115.13552944186335,5,"2, 7","kejaksaan, kejatibali, kejaritabanan, tabanan, news"
Pemerintah Apresiasi Pengesahan RUU APBN,2026-10-05T04:37:00.000Z,"Kabupaten Tabanan, Bali, Indonesia",Pemerintah Apresiasi Pengesahan RUU APBN - RRI.co.id,"RRI.CO.ID, Jakarta - Dewan Perwakilan Rakyat (DPR) menyetujui Rancangan Undang-Undang (RUU) tentang Anggaran Pendapatan dan Belanja Negara (APBN) Tahun Anggaran (TA) 2027 untuk disahkan menjadi Undang-Undang. Kesepakatan tersebut tercapai dalam Rapat Paripurna DPR yang membahas Pembicaraan Tingkat II/Pengambilan Keputusan atas RUU tentang APBN TA 2027 di Jakarta dikutip dari kemenkeu.go.id.Menteri Keuangan (Menkeu) Suahasil Nazara saat menyampaikan Pendapat Akhir Pemerintah terhadap RUU APBN TA 2027 mengapresiasi atas dukungan dan persetujuan terhadap RAPBN 2027.","Persetujuan tersebut menunjukkan hasil dari proses pembahasan yang dinamis dan konstruktif antara Pemerintah dan DPR.“Atas nama Pemerintah, kami menyampaikan apresiasi dan penghargaan yang setinggi-tingginya kepada seluruh Pimpinan dan Anggota Dewan Perwakilan Rakyat atas dukungan dan persetujuannya terhadap RAPBN 2027 untuk ditetapkan menjadi Undang-Undang. Persetujuan ini merupakan hasil dari proses pembahasan yang sangat dinamis dan konstruktif antara Pemerintah dan DPR,” ungkapnya.Meskipun pembahasan RAPBN Tahun 2027 dilaksanakan di tengah ketidakpastian global yang masih tinggi, Menkeu Suahasil memastikan fundamental ekonomi Indonesia tetap menunjukkan ketahanan yang kuat.","Pada Hari Senin , 5 Oktober 2026 04:37, Tabanan, Tabanan, Bali

RRI.CO.ID, Jakarta - Dewan Perwakilan Rakyat (DPR) menyetujui Rancangan Undang-Undang (RUU) tentang Anggaran Pendapatan dan Belanja Negara (APBN) Tahun Anggaran (TA) 2027 untuk disahkan menjadi Undang-Undang. Kesepakatan tersebut tercapai dalam Rapat Paripurna DPR yang membahas Pembicaraan Tingkat II/Pengambilan Keputusan atas RUU tentang APBN TA 2027 di Jakarta dikutip dari kemenkeu.go.id.Menteri Keuangan (Menkeu) Suahasil Nazara saat menyampaikan Pendapat Akhir Pemerintah terhadap RUU APBN TA 2027 mengapresiasi atas dukungan dan persetujuan terhadap RAPBN 2027. Persetujuan tersebut menunjukkan hasil dari proses pembahasan yang dinamis dan konstruktif antara Pemerintah dan DPR.“Atas nama Pemerintah, kami menyampaikan apresiasi dan penghargaan yang setinggi-tingginya kepada seluruh Pimpinan dan Anggota Dewan Perwakilan Rakyat atas dukungan dan persetujuannya terhadap RAPBN 2027 untuk ditetapkan menjadi Undang-Undang. Persetujuan ini merupakan hasil dari proses pembahasan yang sangat dinamis dan konstruktif antara Pemerintah dan DPR,” ungkapnya.Meskipun pembahasan RAPBN Tahun 2027 dilaksanakan di tengah ketidakpastian global yang masih tinggi, Menkeu Suahasil memastikan fundamental ekonomi Indonesia tetap menunjukkan ketahanan yang kuat. APBN tetap menjadi instrumen yang kredibel untuk menumbuhkan ekonomi dan melindungi masyarakat. Sepanjang tahun 2026, APBN telah bekerja secara fleksibel dan responsif dalam menghadapi berbagai tantangan, termasuk dalam menangani bencana, menjaga stabilitas harga dan ketersediaan energi dan pangan, sekaligus memberikan stimulus dalam menjaga daya beli masyarakat dan keberlanjutan dunia usaha. Namun, pemerintah memastikan bahwa fleksibilitas tersebut tetap dijalankan dengan prinsip kehati-hatian dan disiplin fiskal.“Sejalan dengan arah kebijakan tersebut, arsitektur RAPBN 2027 didesain untuk menjawab dua kebutuhan sekaligus, yaitu merespons ketidakpastian global dan mempercepat agenda pembangunan nasional, tanpa mengorbankan keberlanjutan fiskal,” ungkap Menkeu Suahasil.Pemerintah dan DPR menyepakati strategi ekonomi dan fiskal 2027 yang tertuang dalam RAPBN 2027 diarahkan untuk mendorong pertumbuhan yang lebih tinggi dan mempercepat peningkatan kesejahteraan. Kebijakan fiskal 2027 dirancang tetap ekspansif secara kolaboratif, terarah, dan terukur, dengan defisit sebesar 2,40 persen terhadap Produk Domestik Bruto (PDB). Dengan desain tersebut, APBN 2027 dipastikan tetap pro-growth, pro-welfare, sekaligus berkelanjutan. Selanjutnya, pendapatan negara diperkirakan sebesar Rp3.435,1 triliun, belanja negara sebesar Rp4.106,3 triliun dan ditopang pembiayaan yang inovatif dan terukur sebesar Rp671,2 triliun.“Angka-angka ini bukan sekadar target fiskal. Di baliknya terdapat tanggung jawab Pemerintah untuk menjaga momentum pembangunan sekaligus memastikan setiap rupiah dikelola secara hati-hati dan memberikan manfaat nyata bagi seluruh masyarakat Indonesia,” terang Menkeu Suahasil.Selain itu, pemerintah juga memastikan bahwa negara hadir dalam setiap denyut nadi kehidupan rakyat, antara lain melalui Anggaran Pendidikan sebesar Rp824,0 triliun, Anggaran Perlindungan Sosial sebesar Rp539,7 triliun, Anggaran Ketahanan Pangan sebesar Rp195,3 triliun, dan Transfer ke Daerah dialokasikan sebesar Rp735,0 triliun. “APBN dan APBD menjadi satu kesatuan, bekerja dalam satu tarikan napas bersama agar setiap rupiah anggaran memberikan manfaat yang semakin nyata dan merata bagi masyarakat. Sinergi pusat dan daerah diarahkan untuk membangkitkan ekonomi, melindungi rakyat, meningkatkan kualitas layanan publik, dan menghadirkan kesejahteraan dari Sabang sampai Merauke, dari Pulau Miangas sampai Pulau Rote,” paparnya.RAPBN 2027, Menurut Menkeu Suahasil difokuskan untuk mendukung 8 klaster Program Kerja Prioritas Nasional (PKPN) dan satu program pendukung (enabler), yang meliputi 60 program kerja. Kedelapan klaster PKPN tersebut, yaitu kedaulatan pangan; kemandirian energi dan air; pendidikan; kesehatan; hilirisasi dan industrialisasi; infrastruktur, perumahan, dan ketahanan bencana; penguatan ekonomi kerakyatan dan pembangunan desa; dan penurunan kemiskinan. Sementara itu, program pendukung adalah penguatan di bidang pertahanan dan keamanan, penegakan hukum, tata kelola pemerintahan, percepatan digitalisasi, dan diplomasi ekonomi. Untuk mendukung pengelolaan APBN yang sehat dan kredibel tersebut, APBN 2027 disusun dengan berlandaskan asumsi dasar ekonomi makro yang telah disepakati Pemerintah dan DPR, yaitu pertumbuhan ekonomi sebesar 6,0 persen; inflasi sebesar 2,5 persen; suku bunga SBN 10 tahun di kisaran 6,9 persen; dan nilai tukar rupiah pada kisaran Rp17.500 per dolar AS. Sementara itu, Indonesian Crude Price (ICP) disepakati sebesar US$75 per barel, dengan lifting minyak sebesar 612,5 ribu barel per hari dan lifting gas sebesar 954 ribu barel setara minyak per hari. Menkeu Suahasil menambahkan, stabilitas dan pertumbuhan ekonomi yang tinggi menjadi faktor pendorong percepatan peningkatan kesejahteraan masyarakat. Angka kemiskinan ditargetkan turun ke rentang 6,0 persen hingga 6,5 persen; tingkat pengangguran terbuka berada pada rentang 4,30 persen hingga 4,87 persen; Rasio Gini ditargetkan terus membaik, dalam rentang 0,360 hingga 0,365; Indeks Modal Manusia (IMM) juga ditargetkan membaik menjadi 0,575. Sementara itu, proporsi lapangan kerja formal mencapai 40,81 persen. “Ke depan, Pemerintah mengharapkan dukungan dan kerja sama dari Dewan Perwakilan Rakyat dalam mengawal pelaksanaan APBN Tahun Anggaran 2027. Dengan sinergi yang kuat, kami yakin APBN 2027 dapat dilaksanakan secara efektif dan akuntabel untuk menjaga stabilitas, mendorong pertumbuhan, dan akselerasi meningkatkan kesejahteraan,” pungkas Menkeu Suahasil.",RRI.co.id,"Dajan Peken, 82114, Tabanan, Tabanan, Bali, Indonesia",-8.536609490935,115.13552944186335,5,"2, 7","kejaksaan, kejatibali, kejaritabanan, tabanan, news"
Revitalisasi Sekolah di Bali Naik Tajam 401 Satuan Pendidikan Dapat Bantuan 2026,2026-10-03T01:42:00.000Z,"Kabupaten Tabanan, Bali, Indonesia","Revitalisasi Sekolah di Bali Naik Tajam, 401 Satuan Pendidikan Dapat Bantuan 2026 - RRI.co.id","Menteri Pendidikan Dasar dan Menengah (Mendikdasmen) Abdul Mu’ti didampingi Wali Kota Denpasar, I Gusti Ngurah Jaya Negara meninjau proyek bantuan revitalisasi di SD Negeri 15 Dangin Puri, Desa Dangin Puri Kelod, Jumat 02 Oktober 2026. (Foto:Humas Pemkot Denpasar).
                                                    
                                                                                            
                                                                                                            
                                
                                RRI.CO.ID, Denpasar — Pemerintah pusat menambah alokasi program revitalisasi sekolah di Kota Denpasar pada 2026.","Sebanyak 26 sekolah dari berbagai jenjang pendidikan mendapat bantuan revitalisasi dengan total anggaran mencapai Rp18,891 miliar, meningkat dibandingkan 2025 yang hanya mencakup sembilan sekolah.Hal tersebut disampaikan Menteri Pendidikan Dasar dan Menengah (Mendikdasmen) Abdul Mu’ti saat didampingi Wali Kota Denpasar I Gusti Ngurah Jaya Negara meninjau proyek revitalisasi SD Negeri 15 Dangin Puri, Desa Dangin Puri Kelod, Jumat 02 Oktober 2026. Abdul Mu’ti mengatakan peningkatan program revitalisasi di Denpasar merupakan bagian dari kenaikan alokasi revitalisasi satuan pendidikan di Bali.","Pada Hari Sabtu , 3 Oktober 2026 01:42, Tabanan, Tabanan, Bali

Menteri Pendidikan Dasar dan Menengah (Mendikdasmen) Abdul Mu’ti didampingi Wali Kota Denpasar, I Gusti Ngurah Jaya Negara meninjau proyek bantuan revitalisasi di SD Negeri 15 Dangin Puri, Desa Dangin Puri Kelod, Jumat 02 Oktober 2026. (Foto:Humas Pemkot Denpasar).
                                                    
                                                                                            
                                                                                                            
                                
                                RRI.CO.ID, Denpasar — Pemerintah pusat menambah alokasi program revitalisasi sekolah di Kota Denpasar pada 2026. Sebanyak 26 sekolah dari berbagai jenjang pendidikan mendapat bantuan revitalisasi dengan total anggaran mencapai Rp18,891 miliar, meningkat dibandingkan 2025 yang hanya mencakup sembilan sekolah.Hal tersebut disampaikan Menteri Pendidikan Dasar dan Menengah (Mendikdasmen) Abdul Mu’ti saat didampingi Wali Kota Denpasar I Gusti Ngurah Jaya Negara meninjau proyek revitalisasi SD Negeri 15 Dangin Puri, Desa Dangin Puri Kelod, Jumat 02 Oktober 2026. Abdul Mu’ti mengatakan peningkatan program revitalisasi di Denpasar merupakan bagian dari kenaikan alokasi revitalisasi satuan pendidikan di Bali. Pada 2026, sebanyak 401 sekolah di seluruh jenjang pendidikan di Bali mendapatkan bantuan dengan total anggaran Rp272,66 miliar. Jumlah tersebut meningkat dibandingkan 2025 yang mencakup 188 satuan pendidikan dengan anggaran Rp156,961 miliar. Selain meningkatkan sarana dan prasarana pendidikan, program revitalisasi juga memberikan dampak terhadap penyerapan tenaga kerja. Di Bali, sebanyak 2.649 tenaga kerja terserap melalui program revitalisasi pada 2025. Jumlah tersebut meningkat menjadi 5.580 tenaga kerja pada 2026. “Ini menunjukkan bahwa revitalisasi tidak hanya berdampak pada peningkatan mutu satuan pendidikan, tetapi juga berdampak pada penyerapan tenaga kerja di daerah,” ujar Abdul Mu’ti.Ia mengatakan pembangunan dan perbaikan sekolah dilakukan secara bertahap berdasarkan skala prioritas, terutama untuk satuan pendidikan yang mengalami kerusakan berat. Pemerintah menargetkan seluruh sekolah di Indonesia dapat diperbaiki secara bertahap hingga akhir 2028.Sementara itu, Wali Kota Denpasar I Gusti Ngurah Jaya Negara mengatakan Pemkot Denpasar telah menyampaikan berbagai dokumen yang diperlukan terkait program revitalisasi kepada pemerintah pusat. Khusus SD Negeri 15 Dangin Puri, bantuan revitalisasi yang diterima mencapai sekitar Rp478 juta.Anggaran tersebut digunakan untuk memperbaiki empat ruang kelas, menata halaman, serta membenahi sejumlah fasilitas kamar mandi. Jaya Negara menyebut tambahan program revitalisasi tersebut memberikan dukungan terhadap peningkatan kualitas sarana dan prasarana pendidikan di Denpasar.“Ini juga sangat membantu kami di Kota Denpasar. Apalagi sekarang di tahun 2026 itu totalnya hampir Rp80 miliar, ada peningkatan yang sangat signifikan,” kata Jaya Negara.Ia menyampaikan terima kasih kepada pemerintah pusat atas perhatian terhadap peningkatan sarana pendidikan di Kota Denpasar. “Terima kasih untuk perhatian yang diberikan kepada Kota Denpasar. Kami berharap peningkatan sarana pendidikan ini dapat juga menunjang program pendidikan di Kota Denpasar,” pungkasnya. 


                                
                                
                                
                                
                                
                                            
                                        
                                                                    

                                


                                
                                                                    
                                    
                                
                                                                                                                                                                                
                            
                            
                                                                        
                                                                
                                    
                                        
                                            Berita
                                        
                                    
                                    Terbaru Lainnya
                                
                                
                            
                            
                                    
                                    
                                        Memuat berita terbaru.....",RRI.co.id,"Dajan Peken, 82114, Tabanan, Tabanan, Bali, Indonesia",-8.536609490935,115.13552944186335,5,"2, 7","kejaksaan, kejatibali, kejaritabanan, tabanan, news"
Presiden FIFA Gianni Infantino Tiba di Jakarta Hadiri Final FIFA ASEAN Cup,2026-10-05T04:31:00.000Z,"Kabupaten Tabanan, Bali, Indonesia",Presiden FIFA Gianni Infantino Tiba di Jakarta Hadiri Final FIFA ASEAN Cup - RRI.co.id,"Presiden FIFA Gianni Infantino Tiba di Jakarta untuk Hadiri Final FIFA ASEAN Cup 2026 (Foto: Kemenpora.go.id)
                                                    
                                                                                            
                                                                                                            
                                
                                RRI.CO.ID, Jakarta - Presiden FIFA Gianni Infantino tiba di Bandara Halim Perdanakusuma, Jakarta, pada Minggu 4 Oktober 2026) sore dan disambut langsung oleh Ketua Umum PSSI Erick Thohir. Kunjungan Infantino ke Indonesia bertujuan untuk bertemu Presiden RI Prabowo Subianto serta menghadiri laga final FIFA ASEAN Cup 2026 yang mempertemukan Timnas Indonesia melawan Thailand di Stadion Utama Gelora Bung Karno (SUGBK), Jakarta, pada Senin 5 Oktober 2026 pukul 21.00 WITA.Sebelum laga puncak tersebut digelar, SUGBK juga memanggungkan laga perebutan tempat ke-3 antara Vietnam dan Malaysia.","Ketua Umum PSSI, Erick Thohir, menyampaikan bahwa sejumlah pemimpin negara dari kawasan Asia Tenggara dan wilayah Asia lainnya turut diundang untuk menghadiri penutupan turnamen perdana bentukan FIFA di Asia Tenggara tersebut.""Rencana Presiden Gianni akan bertemu Bapak Presiden Prabowo Subianto. Dan tanggal 5 Oktobernya di GBK mengundang beberapa presiden dari negara Asia Tenggara dan juga Asia lainnya, dan tentu penutupan, pertandingan final nanti,"" ujar Ketum PSSI Erick Thohir.","Pada Hari Senin , 5 Oktober 2026 04:31, Tabanan, Tabanan, Bali

Presiden FIFA Gianni Infantino Tiba di Jakarta untuk Hadiri Final FIFA ASEAN Cup 2026 (Foto: Kemenpora.go.id)
                                                    
                                                                                            
                                                                                                            
                                
                                RRI.CO.ID, Jakarta - Presiden FIFA Gianni Infantino tiba di Bandara Halim Perdanakusuma, Jakarta, pada Minggu 4 Oktober 2026) sore dan disambut langsung oleh Ketua Umum PSSI Erick Thohir. Kunjungan Infantino ke Indonesia bertujuan untuk bertemu Presiden RI Prabowo Subianto serta menghadiri laga final FIFA ASEAN Cup 2026 yang mempertemukan Timnas Indonesia melawan Thailand di Stadion Utama Gelora Bung Karno (SUGBK), Jakarta, pada Senin 5 Oktober 2026 pukul 21.00 WITA.Sebelum laga puncak tersebut digelar, SUGBK juga memanggungkan laga perebutan tempat ke-3 antara Vietnam dan Malaysia. Ketua Umum PSSI, Erick Thohir, menyampaikan bahwa sejumlah pemimpin negara dari kawasan Asia Tenggara dan wilayah Asia lainnya turut diundang untuk menghadiri penutupan turnamen perdana bentukan FIFA di Asia Tenggara tersebut.""Rencana Presiden Gianni akan bertemu Bapak Presiden Prabowo Subianto. Dan tanggal 5 Oktobernya di GBK mengundang beberapa presiden dari negara Asia Tenggara dan juga Asia lainnya, dan tentu penutupan, pertandingan final nanti,"" ujar Ketum PSSI Erick Thohir. 


                                
                                
                                
                                
                                
                                            
                                        
                                                                    

                                


                                
                                                                    
                                    
                                
                                                                                                                                                                                
                            
                            
                                                                        
                                                                
                                    
                                        
                                            Berita
                                        
                                    
                                    Terbaru Lainnya
                                
                                
                            
                            
                                    
                                    
                                        Memuat berita terbaru.....",RRI.co.id,"Dajan Peken, 82114, Tabanan, Tabanan, Bali, Indonesia",-8.536609490935,115.13552944186335,5,"2, 7","kejaksaan, kejatibali, kejaritabanan, tabanan, news"
Lampaui Target Nasional Inflasi Bali Capai 379 Persen pada September 2026,2026-10-05T01:42:00.000Z,"Kabupaten Tabanan, Bali, Indonesia","Lampaui Target Nasional, Inflasi Bali Capai 3,79 Persen pada September 2026 - RRI.co.id","Regional
                                                
                                            
                                                                            
                                    
                                    
                                        
                                            05 Okt 2026 08:42
                                            WIB
                                        
                                        
                                             Singaraja
                                        
                                    
                                    
                                                                                                                                
                                                                                
                                        
                                            
                                                Editor -
                                                Santi Mulyawati
                                            
                                        
                                    
                                

                                                                                                            
                                                
                                                                                                            Poin Utama
                                                                                                    
                                                
                                                                                                            
                                                            Inflasi tahunan Bali pada September 2026 mencapai 3,79 persen, melampaui batas atas target nasional sebesar 3,5 persen (2,5 persen plus minus 1 persen).
                                                        
                                                                                                            
                                                            Kepala BPS Provinsi Bali Agus Gede Hendrayana Hermawan mengumumkan lonjakan inflasi ini didorong oleh kenaikan harga kelompok pengeluaran pokok, terutama makanan, minuman, dan transportasi.
                                                        
                                                                                                    
                                            
                                                                                                    

                                

                                                                                                            
                                        
                                                                                    
                                                
                                                    
                                                

                                                                                                    
                                                        Badan Pusat Statistik (BPS) Provinsi Bali mencatat inflasi tahunan (year-on-year) mencapai 3,79 persen pada September 2026. Angka ini melampaui batas atas rentang sasaran inflasi nasional yang ditetapkan pemerintah sebesar 2,5 persen plus minus 1 persen.","(Foto: Dok. Kementerian Pariwisata).
                                                    
                                                                                            
                                                                                                            
                                
                                RRI.CO.ID, Singaraja - Badan Pusat Statistik (BPS) Provinsi Bali mencatat inflasi tahunan (year-on-year) mencapai 3,79 persen pada September 2026.","Pada Hari Senin , 5 Oktober 2026 01:42, Tabanan, Tabanan, Bali

Regional
                                                
                                            
                                                                            
                                    
                                    
                                        
                                            05 Okt 2026 08:42
                                            WIB
                                        
                                        
                                             Singaraja
                                        
                                    
                                    
                                                                                                                                
                                                                                
                                        
                                            
                                                Editor -
                                                Santi Mulyawati
                                            
                                        
                                    
                                

                                                                                                            
                                                
                                                                                                            Poin Utama
                                                                                                    
                                                
                                                                                                            
                                                            Inflasi tahunan Bali pada September 2026 mencapai 3,79 persen, melampaui batas atas target nasional sebesar 3,5 persen (2,5 persen plus minus 1 persen).
                                                        
                                                                                                            
                                                            Kepala BPS Provinsi Bali Agus Gede Hendrayana Hermawan mengumumkan lonjakan inflasi ini didorong oleh kenaikan harga kelompok pengeluaran pokok, terutama makanan, minuman, dan transportasi.
                                                        
                                                                                                    
                                            
                                                                                                    

                                

                                                                                                            
                                        
                                                                                    
                                                
                                                    
                                                

                                                                                                    
                                                        Badan Pusat Statistik (BPS) Provinsi Bali mencatat inflasi tahunan (year-on-year) mencapai 3,79 persen pada September 2026. Angka ini melampaui batas atas rentang sasaran inflasi nasional yang ditetapkan pemerintah sebesar 2,5 persen plus minus 1 persen. (Foto: Dok. Kementerian Pariwisata).
                                                    
                                                                                            
                                                                                                            
                                
                                RRI.CO.ID, Singaraja - Badan Pusat Statistik (BPS) Provinsi Bali mencatat inflasi tahunan (year-on-year) mencapai 3,79 persen pada September 2026. Angka ini melampaui batas atas rentang sasaran inflasi nasional yang ditetapkan pemerintah sebesar 2,5 persen plus minus 1 persen.Kepala BPS Provinsi Bali, Agus Gede Hendrayana Hermawan, dalam rilis Berita Resmi Statistik di Denpasar, Kamis, 1 Oktober 2026, menyatakan bahwa lonjakan inflasi tahunan ini didorong oleh kenaikan harga pada sejumlah kelompok pengeluaran pokok, terutama makanan, minuman, dan transportasi.""Ini yang kedua kalinya (melampaui target). Di bulan Februari yang lalu juga sempat melampaui 3,5 persen akibat pengaruh kenaikan harga BBM. Untuk bulan September ini, pendorong utamanya adalah bensin, cabai rawit, dan daging ayam ras,"" ungkap Agus.Berdasarkan data BPS Bali, secara year on year, komoditas bensin menyumbang andil inflasi terbesar yakni 0,42 persen dengan tingkat inflasi mencapai 8 persen secara tahunan. Sementara itu, komoditas cabai rawit mencatatkan lonjakan harga paling ekstrem dengan inflasi mencapai 76,48 persen (andil 0,23 persen), disusul daging ayam ras yang mengalami inflasi 6,64 persen (andil 0,19 persen).Tingginya harga daging ayam ras di pasaran dipicu oleh peningkatan biaya produksi di tingkat peternak, khususnya harga pakan. Sedangkan meroketnya harga cabai rawit disebabkan oleh faktor cuaca musim kemarau dan serangan Organisme Pengganggu Tanaman (OPT) yang menggerus ketersediaan pasokan di tengah permintaan yang stabil.Sementara itu, secara bulanan (month-to-month), inflasi Bali pada September 2026 tercatat sebesar 0,32 persen. Meski angkanya berada di bawah 0,5 persen, BPS Bali menilai inflasi bulanan ini tergolong tinggi jika dibandingkan tren historis pada bulan yang sama di tahun-tahun sebelumnya, di mana pada September 2025 Bali justru mengalami deflasi 0,01 persen.Dari empat wilayah Indeks Harga Konsumen (IHK) di Bali, tiga di antaranya mencatatkan inflasi tahunan di atas target sasaran nasional. Kabupaten Tabanan mencatat inflasi tertinggi sebesar 4,54 persen, disusul Kabupaten Badung (3,95 persen), dan Kota Singaraja (3,87 persen). Hanya Kota Denpasar yang masih berada dalam batas aman dengan inflasi 3,42 persen. 


                                
                                
                                
                                
                                
                                            
                                        
                                                                    

                                


                                
                                                                    
                                    
                                
                                                                                                                                                                                
                            
                            
                                                                        
                                                                
                                    
                                        
                                            Berita
                                        
                                    
                                    Terbaru Lainnya
                                
                                
                            
                            
                                    
                                    
                                        Memuat berita terbaru.....",RRI.co.id,"Dajan Peken, 82114, Tabanan, Tabanan, Bali, Indonesia",-8.536609490935,115.13552944186335,5,"2, 7","kejaksaan, kejatibali, kejaritabanan, tabanan, news"
Keselamatan Pasien Harus Terjaga dalam Pengobatan Pentakit Tidak Menular,2026-10-05T04:33:00.000Z,"Kabupaten Tabanan, Bali, Indonesia",Keselamatan Pasien Harus Terjaga dalam Pengobatan Pentakit Tidak Menular - RRI.co.id,"RRI.CO.ID, Jakarta - Kementerian Kesehatan menegaskan pentingnya memastikan keselamatan pasien pada setiap tahapan pelayanan kesehatan, khususnya bagi pasien dengan penyakit tidak menular (PTM) yang membutuhkan perawatan jangka panjang. Hal tersebut disampaikan Wakil Menteri Kesehatan Prof.","Dante Saksono Harbuwono di Jakarta dikutip kemenkes.go.id.“Keselamatan pasien harus hadir sepanjang perjalanan hidup pasien, terutama pada penyakit tidak menular yang memerlukan pengelolaan jangka panjang. Mutu dan keselamatan harus hadir di setiap titik pelayanan, mulai dari pencegahan, deteksi dini, diagnosis, pengobatan, hingga rehabilitasi dan perawatan jangka panjang,” ujar Prof.","Pada Hari Senin , 5 Oktober 2026 04:33, Tabanan, Tabanan, Bali

RRI.CO.ID, Jakarta - Kementerian Kesehatan menegaskan pentingnya memastikan keselamatan pasien pada setiap tahapan pelayanan kesehatan, khususnya bagi pasien dengan penyakit tidak menular (PTM) yang membutuhkan perawatan jangka panjang. Hal tersebut disampaikan Wakil Menteri Kesehatan Prof. Dante Saksono Harbuwono di Jakarta dikutip kemenkes.go.id.“Keselamatan pasien harus hadir sepanjang perjalanan hidup pasien, terutama pada penyakit tidak menular yang memerlukan pengelolaan jangka panjang. Mutu dan keselamatan harus hadir di setiap titik pelayanan, mulai dari pencegahan, deteksi dini, diagnosis, pengobatan, hingga rehabilitasi dan perawatan jangka panjang,” ujar Prof. Dante.Prof. Dante mengatakan perjalanan pasien dengan PTM dapat berlangsung panjang dan kompleks. Dalam setiap tahapan terdapat titik-titik kritis yang dapat menimbulkan risiko keselamatan, mulai dari keterlambatan atau kesalahan diagnosis, kesalahan penggunaan obat, hingga risiko pasien jatuh maupun kesalahan identifikasi pasien. Karena itu, keselamatan pasien tidak cukup hanya dilihat dari hasil pengobatan, tetapi juga dari bagaimana pelayanan diberikan secara aman pada setiap tahap. “Kita tidak cukup bertanya apa penyakitnya dan bagaimana mengobatinya. Kita juga harus memastikan bagaimana pelayanan itu diberikan dengan aman di setiap tahap perjalanan pasien,” kata Prof. Dante.Prof. Dante mengatakan, untuk memperkuat mutu dan keselamatan pelayanan, Kemenkes terus mendorong penerapan standar pelayanan dan akreditasi fasilitas kesehatan. Saat ini, lebih dari 96 persen rumah sakit telah terakreditasi oleh lembaga penyelenggara akreditasi yang ditetapkan Kementerian Kesehatan. Penguatan keselamatan pasien juga didukung melalui pemanfaatan teknologi digital. Platform SATUSEHAT membantu mendokumentasikan riwayat penyakit, hasil pemeriksaan laboratorium, dan pengobatan pasien sehingga informasi kesehatan dapat tersedia secara lebih berkesinambungan ketika pasien berpindah layanan. “Dengan dokumentasi informasi kesehatan yang lebih baik, kita dapat mengurangi risiko kesalahan akibat informasi yang tidak lengkap dan memastikan pelayanan berlangsung lebih berkesinambungan,” ujar Prof. Dante.Selain penguatan sistem pelayanan, Prof. Dante menekankan pentingnya keterlibatan pasien dan keluarga sebagai bagian dari upaya menjaga keselamatan pasien. Pasien perlu memahami kondisi kesehatannya, mengetahui pilihan terapi yang tersedia, berani bertanya dan menyampaikan kekhawatiran, mengenali tanda bahaya, serta terlibat dalam pengambilan keputusan terkait pelayanan kesehatannya. Sementara keluarga berperan dalam mendukung kepatuhan pengobatan, memantau kondisi pasien, dan memastikan perawatan berjalan dengan baik. WHO Indonesia juga menekankan keselamatan pasien merupakan fondasi pelayanan kesehatan berkualitas sekaligus bagian penting dalam membangun kepercayaan masyarakat terhadap sistem kesehatan. Deputy Head of WHO Indonesia, Tara Kessaram, menyampaikan secara global sekitar 1 dari 10 pasien mengalami bahaya atau cedera selama menerima pelayanan kesehatan, dan sekitar setengah dari insiden tersebut dinilai dapat dicegah. “Keselamatan pasien harus dilindungi di seluruh rentang proses perawatan (continuum of care), mulai dari pencegahan, diagnosis yang tepat waktu dan akurat, pengobatan dan manajemen obat, rujukan, transisi perawatan, pemantauan jangka panjang, hingga dukungan perawatan mandiri,” ujar Tara.",RRI.co.id,"Dajan Peken, 82114, Tabanan, Tabanan, Bali, Indonesia",-8.536609490935,115.13552944186335,5,"2, 7","kejaksaan, kejatibali, kejaritabanan, tabanan, news"
KPA Bali Perkuat Edukasi HIVAIDS dan Narkoba,2026-09-30T10:11:00.000Z,"Kabupaten Tabanan, Bali, Indonesia",KPA Bali Perkuat Edukasi HIV/AIDS dan Narkoba - RRI.co.id,"Sebanyak 225 siswa anggota KSPAN dari kabupaten dan kota di Bali mengikuti Temu Remaja KSPAN atau Muspa Bali 2 di Wisma Nangun Kerti, Desa Pancasari, Buleleng.(Foto:Ist)
                                                    
                                                                                            
                                                                                                            
                                
                                RRI.CO.ID, Buleleng - Komisi Penanggulangan AIDS atau KPA Provinsi Bali memperkuat edukasi pencegahan HIV-AIDS dan penyalahgunaan narkoba melalui Temu Remaja KSPAN atau Muspa Bali 2. Kegiatan yang berlangsung selama dua hari, Selasa, 29 September hingga Rabu, 30 September 2026, digelar di Wisma Nangun Kerti, Desa Pancasari, Kecamatan Sukasada, Buleleng.Sebanyak 225 siswa yang tergabung dalam Kelompok Siswa Peduli AIDS dan Narkoba atau KSPAN mengikuti kegiatan tersebut.","Peserta merupakan perwakilan terpilih dari kabupaten dan kota di Bali yang aktif dalam kegiatan KSPAN di sekolah masing-masing.Ketua Panitia Muspa Bali 2, AA Ngr Patria Nugraha mengatakan, kegiatan tersebut menjadi sarana sosialisasi dan edukasi yang melibatkan ratusan siswa KSPAN. Informasi yang diperoleh diharapkan dapat diteruskan kepada teman sebaya, lingkungan sekolah, dan masyarakat.""Dari data Dinas Kesehatan Provinsi Bali, penemuan kasus baru di Bali sejak Januari sampai April 2026 sekitar 678 kasus, dan sebarannya sudah meluas ke seluruh kabupaten kota di Provinsi Bali,"" ujarnya.Muspa Bali 2 juga menjadi ruang peningkatan pemahaman siswa mengenai HIV-AIDS, kesehatan reproduksi remaja, penyakit menular seksual, serta pencegahan penyalahgunaan narkoba.","Pada Hari Rabu , 30 September 2026 10:11, Tabanan, Tabanan, Bali

Sebanyak 225 siswa anggota KSPAN dari kabupaten dan kota di Bali mengikuti Temu Remaja KSPAN atau Muspa Bali 2 di Wisma Nangun Kerti, Desa Pancasari, Buleleng.(Foto:Ist)
                                                    
                                                                                            
                                                                                                            
                                
                                RRI.CO.ID, Buleleng - Komisi Penanggulangan AIDS atau KPA Provinsi Bali memperkuat edukasi pencegahan HIV-AIDS dan penyalahgunaan narkoba melalui Temu Remaja KSPAN atau Muspa Bali 2. Kegiatan yang berlangsung selama dua hari, Selasa, 29 September hingga Rabu, 30 September 2026, digelar di Wisma Nangun Kerti, Desa Pancasari, Kecamatan Sukasada, Buleleng.Sebanyak 225 siswa yang tergabung dalam Kelompok Siswa Peduli AIDS dan Narkoba atau KSPAN mengikuti kegiatan tersebut. Peserta merupakan perwakilan terpilih dari kabupaten dan kota di Bali yang aktif dalam kegiatan KSPAN di sekolah masing-masing.Ketua Panitia Muspa Bali 2, AA Ngr Patria Nugraha mengatakan, kegiatan tersebut menjadi sarana sosialisasi dan edukasi yang melibatkan ratusan siswa KSPAN. Informasi yang diperoleh diharapkan dapat diteruskan kepada teman sebaya, lingkungan sekolah, dan masyarakat.""Dari data Dinas Kesehatan Provinsi Bali, penemuan kasus baru di Bali sejak Januari sampai April 2026 sekitar 678 kasus, dan sebarannya sudah meluas ke seluruh kabupaten kota di Provinsi Bali,"" ujarnya.Muspa Bali 2 juga menjadi ruang peningkatan pemahaman siswa mengenai HIV-AIDS, kesehatan reproduksi remaja, penyakit menular seksual, serta pencegahan penyalahgunaan narkoba. Kegiatan tersebut meliputi temu forum guru KSPAN, temu KSPAN, capacity building, pentas seni, lomba mading tematis, tutor sebaya, video edukasi on the spot, dan cari jejak KSPAN.Sekretaris Dinas Kesehatan Provinsi Bali dr. Komang Perdana M.Si yang membacakan sambutan Wakil Gubernur Bali Nyoman Giri Prasta mengatakan, kegiatan tersebut menjadi momentum untuk memperkuat kepedulian generasi muda terhadap kesehatan. Ia juga menyampaikan pentingnya kolaborasi pelajar, sekolah, pemerintah, dan pihak terkait dalam pencegahan HIV-AIDS dan narkoba.""Lembaga pendidikan merupakan ruang yang tepat untuk edukasi tentang HIV-AIDS kepada siswa. Kolaborasi antara pelajar, sekolah, pemerintah, serta berbagai pihak terkait diperlukan agar upaya pencegahan HIV-AIDS dan narkoba dapat dilakukan secara berkelanjutan,"" katanya.Melalui Muspa KSPAN Bali 2026, para peserta diharapkan tidak hanya menjadi penerima informasi, tetapi juga mampu berperan sebagai agen perubahan di lingkungan sekolah dan masyarakat. Kegiatan tersebut juga diharapkan memperkuat peran KSPAN dalam menyebarluaskan informasi yang benar serta membangun lingkungan yang sehat dan bebas stigma terhadap orang dengan HIV. 


                                
                                
                                
                                
                                
                                            
                                        
                                                                    

                                


                                
                                                                    
                                    
                                
                                                                                                                                                                                
                            
                            
                                                                        
                                                                
                                    
                                        
                                            Berita
                                        
                                    
                                    Terbaru Lainnya
                                
                                
                            
                            
                                    
                                    
                                        Memuat berita terbaru.....",RRI.co.id,"Dajan Peken, 82114, Tabanan, Tabanan, Bali, Indonesia",-8.536609490935,115.13552944186335,5,"2, 7","kejaksaan, kejatibali, kejaritabanan, tabanan, news"
Penuhi Stok PMI Tabanan Buka Layanan Donor Darah di Kantor Lama,2020-04-14T07:00:00.000Z,"Kabupaten Tabanan, Bali, Indonesia","Penuhi Stok, PMI Tabanan Buka Layanan Donor Darah di Kantor Lama - BALIPOST.com","Donor darah. (BP/ist)TABANAN, BALIPOST.com – Mewabahnya virus Corona atau Covid-19 tentunya berdampak pada ketersediaan darah di ruang penyimpanan Unit Donor Darah Palang Merah Indonesia (PMI) Tabanan.","Ini disebabkan banyak dibatalkannya kegiatan donor darah.Kendati demikian, Kepala UDD PMI Kabupaten Tabanan dr Nyoman Gede Sumardika, mengatakan untuk bisa memenuhi kebutuhan stok darah yang ada di PMI, pihaknya membuka layanan donor darah di markas lama PMI yang berlokasi di jalan Rama No.3A Tabanan atau di sebelah Taman Makam Pahlawan. Bagi masyarakat yang hendak mendonorkan darahnya bisa datang langsung ke temmpat tersebut dan akan diberikan 1 pcs hand sanitizer.Layanan donor darah di kantor markas lama ini dibuka mulai pukul 08.00 WITA sampai dengan pukul 13.30 WITA tiap harinya.","Pada Hari Selasa , 14 April 2020 07:00, Tabanan, Tabanan, Bali

Donor darah. (BP/ist)TABANAN, BALIPOST.com – Mewabahnya virus Corona atau Covid-19 tentunya berdampak pada ketersediaan darah di ruang penyimpanan Unit Donor Darah Palang Merah Indonesia (PMI) Tabanan. Ini disebabkan banyak dibatalkannya kegiatan donor darah.Kendati demikian, Kepala UDD PMI Kabupaten Tabanan dr Nyoman Gede Sumardika, mengatakan untuk bisa memenuhi kebutuhan stok darah yang ada di PMI, pihaknya membuka layanan donor darah di markas lama PMI yang berlokasi di jalan Rama No.3A Tabanan atau di sebelah Taman Makam Pahlawan. Bagi masyarakat yang hendak mendonorkan darahnya bisa datang langsung ke temmpat tersebut dan akan diberikan 1 pcs hand sanitizer.Layanan donor darah di kantor markas lama ini dibuka mulai pukul 08.00 WITA sampai dengan pukul 13.30 WITA tiap harinya. Selain jam layanan tersebut, kegiatan donor darah juga dilayani di BRSU Tabanan mulai pukul 14.00 WITA sampai 20.00 WITA atau hari libur. “PMI tetap melayani pelayanan darah. Kebutuhan darah tentu tidak bisa ditunda, pasien di rumah sakit yang membutuhkan transfusi tentu harus tetap menjadi perhatian. Dan ini merupakan salah satu upaya kami untuk mengajak masyrakat mendonorkan darahnya,” terangnya.Dan terkait layanan donor darah di kantor lama, lanjut kata dr. Sumardika akan dibuka selama pandemi dan sampai pengambilan donor ke tempat unit donor normal kembali. Pihaknya juga memastikan kegiatan mendonorkan darah tetap aman dilakukan.Masyarakat diimbau selalu menjaga kesehatan, menerapkan perilaku hidup bersih dan sehat, cuci tangan dengan sabun, menerapkan etika bersin dan batuk. “Untuk yang standby di kantor markas lama satu tim, tetapi kalau dibutuhkan lebih untuk di tempat lain, kita siapkan tim lain, maksimal kita punya 3 tim,” ucapnya.Stok darah mulai menipis sejak awal Maret 2020. Padahal permintaan sangat tinggi. Per hari saja permintaanya diangka 15-20 kantong.Data Selasa (14/4) untuk darah A hanya ada untuk jenis Whole Blood (WB) tersedia 5 kantong, jenis Pakced Red Cell (PRC) tersedia 1 kantong dan jenis thrombocyte Concencrate (TC) kosong . Dan darah B jenis darah WB tersedia 3 kantong, darah PRC tersedia 1 kantong dan darah TC kosong. Sementara darah O bisa dibilang sangat menipis.Untuk jenis WB hanya tersedia 5 kantong, jenis PRC tersedia 1 kantong dan jenis TC kosong juga kosong alias tidak ada stok. Dan darah AB jenis darah WB tersedia 15 kantong, untuk jenis PRC ada 6 kantong dan jenis TC juga 6 kantong.Ketersediaan stok darah ini biasanya diperuntukkan untuk seluruh rumah sakit di Tabanan baik swasta maupun negeri. Dimana sekitar 85 persen diperuntukkan untuk pasien di BRSU Tabanan. “Kita hanya bisa berharap wabah virus ini segera berlalu dan bisa beraktifitas normal kembali,” pungkasnya. (Puspawati/balipost)",BALIPOST.com,"Dajan Peken, 82114, Tabanan, Tabanan, Bali, Indonesia",-8.536609490935,115.13552944186335,5,"2, 7","kejaksaan, kejatibali, kejaritabanan, tabanan, news"
Hingga Mei 2017 Baru 61 Persen Jalan di Tabanan Diperbaiki,2017-08-14T07:00:00.000Z,"Kabupaten Tabanan, Bali, Indonesia","Hingga Mei 2017, Baru 61 Persen Jalan di Tabanan Diperbaiki - BALIPOST.com","Perbaikan jalan masih dilakukan menjelang arus mudik Lebaran tahun ini. (BP/kmb)TABANAN, BALIPOST.com – Perbaikan infrastruktur jalan di Tabanan menjadi salah satu fokus utama pembangunan.","Dari data hingga Mei 2017 jumlah jalan yang selesai diperbaiki mencapai 527,189 kilometer atau 61 persen dari total panjang jalan Tabanan yang mencapai 863,218 kilometer.Kepala Bidang Bina Marga Dinas Pekerjaan Umum, Penataan Ruang dan Kawasan Pemukiman Tabanan I Gusti A Gede Khrisna Kamasan beberapa waktu lalu mengatakan Tabanan memiki ruas jalan paling banyak di Bali yaitu sebanyak  302 ruas.Ia melanjutkan,  dalam penyelesaian perbaikan jalan di Tabanan, rata-rata setiap tahun Tabanan mendapatkan bantuan dari pusat untuk hotmix jalan sekitar 50 hingga 70 kilometer. Saat ini Tabanan memiliki jalan rusak yang tergolong berat mencapai 146,021 kilometer atau sekitar 16,92 persen.","Pada Hari Senin , 14 Agustus 2017 07:00, Tabanan, Tabanan, Bali

Perbaikan jalan masih dilakukan menjelang arus mudik Lebaran tahun ini. (BP/kmb)TABANAN, BALIPOST.com – Perbaikan infrastruktur jalan di Tabanan menjadi salah satu fokus utama pembangunan. Dari data hingga Mei 2017 jumlah jalan yang selesai diperbaiki mencapai 527,189 kilometer atau 61 persen dari total panjang jalan Tabanan yang mencapai 863,218 kilometer.Kepala Bidang Bina Marga Dinas Pekerjaan Umum, Penataan Ruang dan Kawasan Pemukiman Tabanan I Gusti A Gede Khrisna Kamasan beberapa waktu lalu mengatakan Tabanan memiki ruas jalan paling banyak di Bali yaitu sebanyak  302 ruas.Ia melanjutkan,  dalam penyelesaian perbaikan jalan di Tabanan, rata-rata setiap tahun Tabanan mendapatkan bantuan dari pusat untuk hotmix jalan sekitar 50 hingga 70 kilometer. Saat ini Tabanan memiliki jalan rusak yang tergolong berat mencapai 146,021 kilometer atau sekitar 16,92 persen. Rusak sedang 41,603 kilometer atau 4,82 persen.Rusak ringan 148,405 kilometer atau 17,19 persen. “Rusak berat paling banyak di wilayah Selemadeg Barat, untuk rusak sedang dan ringan tersebar di seluruh kecamatan,” paparnya.Anggaran perbaikan jalan atau hotmix selama ini kata Khrisna memang bersumber dari bantuan pusat berupa Dana Alokasi Khusus (DAK) yang nilainya setiap tahun rata-rata Rp 64 miliar.Saat ini Dinas Dinas Pekerjaan Umum, Penataan Ruang dan Kawasan Permukiman sedang mengerjakan 11 proyek perbaikan jalan. Perbaikan itu yakni jalan Kebon Padangan-Pasut, jalan kebon Padangan-Jelijih Gelunggang, jalan Yeh Bakung-Bengal, jalan pancoran-Tegal Kontang dan Bajera-Antap serta Belimbing-Banjar Sawah, jalan Nyatnyatan-Munduk Pakel dan jalan Surapati. Jalan Soka-Pura Batu Lumbung dan Senganan Kawan-Biaung.Jalan Simpang Bangli-Apuan dan jalan Abing-Juwuk Legi serta jalan Flamboyan. Serta pengerjaan tiga jembatan antara lain pengerjaan jembatan Kelating-Tibubiu, pengerjaan jembatan Tukad Yeh Mawa (Rejasa-Pesagi) dan pengerjaan jembatan Tukad Yeh Pusut (Wangaya Gede- Mangesta).Sementara untuk proyek di anggaran perubahan, Dinas Pekerjaan Umum, Penataan Ruang dan Kawasan Pemukiman tidak ada mengambil pekerjaan yang besar, hal itu karena terbentur dengan waktu serta pengetatan anggaran oleh Pemkab Tabanan. (Wira Sanjiwani/balipost)",BALIPOST.com,"Dajan Peken, 82114, Tabanan, Tabanan, Bali, Indonesia",-8.536609490935,115.13552944186335,5,"2, 7","kejaksaan, kejatibali, kejaritabanan, tabanan, news"
Wisata Bali Kebun Raya Eka Karya di Tabanan Buka Kembali,2020-07-22T07:00:00.000Z,"Kabupaten Tabanan, Bali, Indonesia","Wisata Bali, Kebun Raya Eka Karya di Tabanan Buka Kembali - Kompas.com","KOMPAS.com - Lembaga Ilmu Pengetahuan Indonesia (LIPI) membuka kembali Kebun Raya Eka Karya Bali pada Rabu (22/7/2020) dengan penerapan protokol pencegahan Covid-19.
""Pembukaan ini menjadi momentum bagi Kebun Raya Eka Karya Bali untuk kembali memberikan layanan eduwisata dengan standar layanan yang lebih baik sesuai dengan Protokol Kesehatan,"" kata Kepala Balai Konservasi Tumbuhan Kebun Raya Eka Karya Bali LIPI Didit Okta Pribadi dalam keterangan tertulis yang diterima ANTARA, Selasa (21/7/2020).Baca juga: Kebun Raya Bogor Buka Kembali, Pesan Tiket Online Dulu
Pembukaan kembali tersebut merujuk pada Surat Keputusan Kepala LIPI Nomor 155/F/2020 tentang Pembukaan Kembali Layanan Kebun Raya di Lingkungan LIPI dan disertai dengan sejumlah protokol kunjungan di kawasan Kebun Raya.
Kebun Raya Eka Karya Bali kembali dibuka untuk kunjungan umum setelah pihak pengelola menerima Sertifikat Tatanan Kehidupan Era Baru Bidang Pariwisata Menuju Tabanan Aman dan Produktif Nomor 556/2353/DISPAR yang diserahkan oleh Bupati Tabanan Ni Putu Eka Wiryastuti pada Senin (20/7).
Sebelumnya, LIPI telah membuka kembali Kebun Raya Bogor dan Kebun Raya Cibodas pada 7 Juli 2020.




https://kebunraya.id/bal Kebun Raya Eka Karya Bali 
Pembatasan pengunjungDidit mengatakan selain menjalankan protokol kesehatan, pembukaan kembali Kebun Raya Eka Karya Bali juga menerapkan fase nol dengan ketentuan pembatasan kuota pengunjung sebanyak 1.500 orang dalam satu waktu.
""Untuk dapat melangkah ke fase berikutnya, pelaksanaan fase nol ini akan dievaluasi secara bertahap, jika sudah memenuhi standar, baru boleh mengimplementasikan fase selanjutnya dengan penambahan kuota pengunjung,” ujar Didit.
Dia menuturkan ada tiga fase yang harus dilalui hingga mencapai standar pelayanan publik sesuai dengan ketentuan adaptasi kebiasaan baru.
Didit berharap pengunjung dapat mengikuti protokol kunjungan yang berlaku di Kebun Raya Eka Karya Bali untuk bersama-sama membantu mencegah penyebaran pandemi Covid-19.
Baca juga: 5 Tempat Wisata di Tabanan Bali Buka Kembali, Salah Satunya Tanah Lot
Protokol kesehatanSelama berkunjung di Kebun Raya Eka Karya Bali, pengunjung diwajibkan untuk memakai masker dan selalu menjaga jarak aman.
""Kami telah menyediakan fasilitas cuci tangan dengan touchless sanitizer di beberapa titik area kebun, namun disarankan pengunjung untuk selalu membawa hand sanitizer sendiri,"" tutur Didit.
Penyemprotan disinfektan ke fasilitas publik seperti toilet, kursi taman, dan mobil wisata juga dilakukan dengan frekuensi sesering mungkin.Selain itu, informasi mengenai protokol kunjungan di kawasan Kebun Raya Eka Karya Bali akan dipampang di titik-titik strategis, serta diinformasikan secara berkala kepada pengunjung.
Kebun Raya Eka Karya Bali memiliki beberapa spot menarik, seperti Taman Paku yang berisi koleksi tanaman-tanaman paku. Lalu ada Taman Surya Nirwana dengan pemandangan indah ke Danau Beratan dan Bukit Pengelengan.
Tiket online
Tiket masuk Kebun Raya Eka Karya Bali dapat dibeli dalam jaringan (online) melalui https://tiketkebunraya.id yang langsung terintegrasi dengan ponsel pintar.Untuk membeli tiket secara online, harus mendaftar terlebih dahulu dengan klik register pada laman tersebut.
Harga tiket masuk untuk wisatawan domestik Rp 9.000 dan wisatawan asing Rp 17.000.
Tiket masuk mobil juga bisa dibeli secara online, harganya Rp 11.000.","Namun kendaraan roda empat hanya diizinkan masuk pada hari Sabtu dan Minggu.Saat pembelian tiket secara online, dalam web juga terpampang kapasitas total pengunjung pada hari tersebut.
Lokasi
Kebun Raya Eka Karya Bali berada di Jl. Kebun Raya, Candikuning, Kecamatan Baturiti, Tabanan.","Pada Hari Rabu , 22 Juli 2020 07:00, Tabanan, Tabanan, Bali

KOMPAS.com - Lembaga Ilmu Pengetahuan Indonesia (LIPI) membuka kembali Kebun Raya Eka Karya Bali pada Rabu (22/7/2020) dengan penerapan protokol pencegahan Covid-19.
""Pembukaan ini menjadi momentum bagi Kebun Raya Eka Karya Bali untuk kembali memberikan layanan eduwisata dengan standar layanan yang lebih baik sesuai dengan Protokol Kesehatan,"" kata Kepala Balai Konservasi Tumbuhan Kebun Raya Eka Karya Bali LIPI Didit Okta Pribadi dalam keterangan tertulis yang diterima ANTARA, Selasa (21/7/2020).Baca juga: Kebun Raya Bogor Buka Kembali, Pesan Tiket Online Dulu
Pembukaan kembali tersebut merujuk pada Surat Keputusan Kepala LIPI Nomor 155/F/2020 tentang Pembukaan Kembali Layanan Kebun Raya di Lingkungan LIPI dan disertai dengan sejumlah protokol kunjungan di kawasan Kebun Raya.
Kebun Raya Eka Karya Bali kembali dibuka untuk kunjungan umum setelah pihak pengelola menerima Sertifikat Tatanan Kehidupan Era Baru Bidang Pariwisata Menuju Tabanan Aman dan Produktif Nomor 556/2353/DISPAR yang diserahkan oleh Bupati Tabanan Ni Putu Eka Wiryastuti pada Senin (20/7).
Sebelumnya, LIPI telah membuka kembali Kebun Raya Bogor dan Kebun Raya Cibodas pada 7 Juli 2020.




https://kebunraya.id/bal Kebun Raya Eka Karya Bali 
Pembatasan pengunjungDidit mengatakan selain menjalankan protokol kesehatan, pembukaan kembali Kebun Raya Eka Karya Bali juga menerapkan fase nol dengan ketentuan pembatasan kuota pengunjung sebanyak 1.500 orang dalam satu waktu.
""Untuk dapat melangkah ke fase berikutnya, pelaksanaan fase nol ini akan dievaluasi secara bertahap, jika sudah memenuhi standar, baru boleh mengimplementasikan fase selanjutnya dengan penambahan kuota pengunjung,” ujar Didit.
Dia menuturkan ada tiga fase yang harus dilalui hingga mencapai standar pelayanan publik sesuai dengan ketentuan adaptasi kebiasaan baru.
Didit berharap pengunjung dapat mengikuti protokol kunjungan yang berlaku di Kebun Raya Eka Karya Bali untuk bersama-sama membantu mencegah penyebaran pandemi Covid-19.
Baca juga: 5 Tempat Wisata di Tabanan Bali Buka Kembali, Salah Satunya Tanah Lot
Protokol kesehatanSelama berkunjung di Kebun Raya Eka Karya Bali, pengunjung diwajibkan untuk memakai masker dan selalu menjaga jarak aman.
""Kami telah menyediakan fasilitas cuci tangan dengan touchless sanitizer di beberapa titik area kebun, namun disarankan pengunjung untuk selalu membawa hand sanitizer sendiri,"" tutur Didit.
Penyemprotan disinfektan ke fasilitas publik seperti toilet, kursi taman, dan mobil wisata juga dilakukan dengan frekuensi sesering mungkin.Selain itu, informasi mengenai protokol kunjungan di kawasan Kebun Raya Eka Karya Bali akan dipampang di titik-titik strategis, serta diinformasikan secara berkala kepada pengunjung.
Kebun Raya Eka Karya Bali memiliki beberapa spot menarik, seperti Taman Paku yang berisi koleksi tanaman-tanaman paku. Lalu ada Taman Surya Nirwana dengan pemandangan indah ke Danau Beratan dan Bukit Pengelengan.
Tiket online
Tiket masuk Kebun Raya Eka Karya Bali dapat dibeli dalam jaringan (online) melalui https://tiketkebunraya.id yang langsung terintegrasi dengan ponsel pintar.Untuk membeli tiket secara online, harus mendaftar terlebih dahulu dengan klik register pada laman tersebut.
Harga tiket masuk untuk wisatawan domestik Rp 9.000 dan wisatawan asing Rp 17.000.
Tiket masuk mobil juga bisa dibeli secara online, harganya Rp 11.000. Namun kendaraan roda empat hanya diizinkan masuk pada hari Sabtu dan Minggu.Saat pembelian tiket secara online, dalam web juga terpampang kapasitas total pengunjung pada hari tersebut.
Lokasi
Kebun Raya Eka Karya Bali berada di Jl. Kebun Raya, Candikuning, Kecamatan Baturiti, Tabanan. Tempat ini berlokasi di Bedugul, sekitar 60 kilometer dari Denpasar. (Martha Herlinawati S/Erafzon Saptiyulda AS)


  

    
        Bayangkan seorang anak Indonesia bercita-cita menjadi dokter tetapi hanya memiliki satu buku lusuh untuk belajar. Bersama Ekspedisi Kata ke Nyata Kompas.com, Anda bisa membantu mengubah kisah itu. Mari hadirkan akses literasi bagi anak-anak di berbagai pelosok Indonesia melalui donasi lewat tautan https://bit.ly/JagatLiterasi2026. Setiap kebaikan yang Anda berikan bukan hanya membuka jendela pengetahuan, tetapi juga membuka masa depan mereka.",Kompas.com,"Dajan Peken, 82114, Tabanan, Tabanan, Bali, Indonesia",-8.536609490935,115.13552944186335,5,"2, 7","kejaksaan, kejatibali, kejaritabanan, tabanan, news"
Pengeragoan Rest Area Lacks of Visitors,2019-06-20T07:00:00.000Z,"Kabupaten Tabanan, Bali, Indonesia",Pengeragoan Rest Area Lacks of Visitors - BALIPOST.com,"NEGARA, BALIPOST.com – Pengeragoan rest area at Pengeragoan village, Pekutatan, has been operating for a long time. Road users, especially cars and motorbikes, prefer to rest around the Yeh Leh, the border between Jembrana and Tabanan.","Actually, the rest area built by the regional government is mostly taken advantage by trucks especially at night until morning.“In early morning, there are many trucks parked here. In the back, a lot of gazebos are usually used to take a break,” said Anom, 46, a road user.","Pada Hari Kamis , 20 Juni 2019 07:00, Tabanan, Tabanan, Bali

NEGARA, BALIPOST.com – Pengeragoan rest area at Pengeragoan village, Pekutatan, has been operating for a long time. Road users, especially cars and motorbikes, prefer to rest around the Yeh Leh, the border between Jembrana and Tabanan. Actually, the rest area built by the regional government is mostly taken advantage by trucks especially at night until morning.“In early morning, there are many trucks parked here. In the back, a lot of gazebos are usually used to take a break,” said Anom, 46, a road user. This condition is also seen on Wednesday morning (Jun. 19). A number of trucks were being parked in the parking lot of the rest area on the Denpasar-Gilimanuk roadside. Despite minimal lighting, many truck drivers choose to park their vehicles temporarily before continuing the journey. “Here, I can rest for a while, sleep can also made down there (beach side). Unfortunately, it is difficult to find merchants,” said Yopi, one of the truck drivers met last Wednesday. Condition of the building and park of the rest area is still sturdy and new. However, there is still a lot of garbage scattered especially in the front of the vehicle parking lot. Some stalls also look open even though the conditions are quiet. One of the three stalls in the rest area is closed. A different situation was seen around Yeh Leh tourist attraction on the border of Jembrana and Tabanan. Stalls on the beach looked crowded with visitors, especially motorists that were resting. The stalls selling food such as chicken meatballs, noodles and young coconut are open until early morning. Almost every time there are road users stopping by or just taking pictures in the border region. “Well, it is better here, over there many trucks are being parked. While here, there are also many merchants,” explained Anik Hariyati, 32, one of the travelers from East Java who stopped at Yeh Leh. This mother of two said she had stopped by the rest area not too far from Yeh Leh. According to her, it’s more comfortable to rest around Yeh Leh. (Surya Darma/balipost)",BALIPOST.com,"Dajan Peken, 82114, Tabanan, Tabanan, Bali, Indonesia",-8.536609490935,115.13552944186335,5,"2, 7","kejaksaan, kejatibali, kejaritabanan, tabanan, news"
Desa Adat Tabanan Tiadakan Pawai Ogohogoh,2020-03-19T07:00:00.000Z,"Kabupaten Tabanan, Bali, Indonesia",Desa Adat Tabanan Tiadakan Pawai Ogoh-ogoh - BALIPOST.com,"Ogoh-ogoh pada perayaan Nyepi. (BP/dok)TABANAN, BALIPOST.com – Desa Adat Kota Tabanan akhirnya memutuskan untuk menunda kegiatan pengarakan atau pawai ogoh-ogoh pada malam Pengerupukan, Selasa (24/3).","Hal ini sesuai hasil paruman dan koordinasi yang dilaksanakan Rabu (1.8/3) terkait menindaklanjuti Surat Edaran Bersama PHDI Provinsi Bali, MDA Provinsi Bali, dan Pemerintah Provinsi Bali, terkait dengan Pelaksanaan Rangkaian Hari Suci Nyepi Tahun Caka 1942.Bendesa Adat Kota Tabanan I Gusti Gede Ngurah Siwa Genta mengatakan pelaksanaan Ogoh-ogoh akan dilaksanakan setelah siaga COVID-19 ini selesai dan atau dinyatakan aman oleh pemerintah. Nantinya akan dikemas dalam bentuk event seperti parade budaya.Terkait keputusan ini, pihaknya mengimbau agar para Yowana bisa dapat memahami dan tetap menyelesaikan ogoh-ogoh yang telah mereka buat.","Pada Hari Kamis , 19 Maret 2020 07:00, Tabanan, Tabanan, Bali

Ogoh-ogoh pada perayaan Nyepi. (BP/dok)TABANAN, BALIPOST.com – Desa Adat Kota Tabanan akhirnya memutuskan untuk menunda kegiatan pengarakan atau pawai ogoh-ogoh pada malam Pengerupukan, Selasa (24/3). Hal ini sesuai hasil paruman dan koordinasi yang dilaksanakan Rabu (1.8/3) terkait menindaklanjuti Surat Edaran Bersama PHDI Provinsi Bali, MDA Provinsi Bali, dan Pemerintah Provinsi Bali, terkait dengan Pelaksanaan Rangkaian Hari Suci Nyepi Tahun Caka 1942.Bendesa Adat Kota Tabanan I Gusti Gede Ngurah Siwa Genta mengatakan pelaksanaan Ogoh-ogoh akan dilaksanakan setelah siaga COVID-19 ini selesai dan atau dinyatakan aman oleh pemerintah. Nantinya akan dikemas dalam bentuk event seperti parade budaya.Terkait keputusan ini, pihaknya mengimbau agar para Yowana bisa dapat memahami dan tetap menyelesaikan ogoh-ogoh yang telah mereka buat. “Ogoh-ogoh adik Yowana supaya tetap diselesaikan kemudian disimpan dengan rapi, juga disemprot dengan desinfektan, nanti jika kondosi sudah aman terhadap COVID-19, segera kita laksanakan parade budaya/ogoh ogohnya,” terangnya, Kamis (19/3).Selain perihal pengarakan ogoh-ogoh, keputusan lainnya yang telah disepakati terkait dengan pencegahan penyebaran virus COVID-19, yakni rangkaian upacara Pemelastian.Untuk Pemargi Nedunang di soang-soang Khayangan memargi jam 16.00 Wita. Pemelastian dilaksanakan dengan menggunakan kendaraan yang dilakukan oleh masing-masing penanggap yang diatur oleh Prajuru Desa. “Pemargi Palelastian tetep sekadi sane sampun-sampun,” terangnya. (Puspawati/balipost)",BALIPOST.com,"Dajan Peken, 82114, Tabanan, Tabanan, Bali, Indonesia",-8.536609490935,115.13552944186335,5,"2, 7","kejaksaan, kejatibali, kejaritabanan, tabanan, news"
Di Tabanan PAS SD Dikerjakan di Rumah,2020-12-02T08:00:00.000Z,"Kabupaten Tabanan, Bali, Indonesia","Di Tabanan, PAS SD Dikerjakan di Rumah - BALIPOST.com","Seorang siswa mengerjakan soal secara tertulis di rumah. (BP/bit)TABANAN, BALIPOST.com – Hampir seluruh tatanan kegiatan masyarakat berubah di masa pandemi COVID-19.","Tak terkecuali di sektor pendidikan.Tidak hanya belajar di rumah, para siswa juga harus menjalani ujian sekolah atau Penilaian Akhir Semester (PAS) di rumah. Berbeda dengan sebelumnya, soal  PAS kini diambil  ke sekolah oleh orangtua siswa, untuk selanjutnya dikerjakan oleh siswa sesuai dengan jadwal ujian yang diberikan oleh sekolah melalui pengumuman lewat grup WhatsApp (WA).Di kabupaten Tabanan, pelaksanaan PAS untuk jenjang SD sudah dimulai Senin (30/11) dan berakhir Sabtu (5/12). Sementara jenjang SMP mengerjakan soal secara daring.Kepala Dinas  Pendidikan Kabupaten Tabanan I Nyoman Putra mengatakan, sesuai aturan,  siswa wajib mengikuti penilaian akhir semester atau sumatif untuk mengetahui hasil dari proses pembelajaran jarak jauh (PJJ).","Pada Hari Rabu , 2 Desember 2020 08:00, Tabanan, Tabanan, Bali

Seorang siswa mengerjakan soal secara tertulis di rumah. (BP/bit)TABANAN, BALIPOST.com – Hampir seluruh tatanan kegiatan masyarakat berubah di masa pandemi COVID-19. Tak terkecuali di sektor pendidikan.Tidak hanya belajar di rumah, para siswa juga harus menjalani ujian sekolah atau Penilaian Akhir Semester (PAS) di rumah. Berbeda dengan sebelumnya, soal  PAS kini diambil  ke sekolah oleh orangtua siswa, untuk selanjutnya dikerjakan oleh siswa sesuai dengan jadwal ujian yang diberikan oleh sekolah melalui pengumuman lewat grup WhatsApp (WA).Di kabupaten Tabanan, pelaksanaan PAS untuk jenjang SD sudah dimulai Senin (30/11) dan berakhir Sabtu (5/12). Sementara jenjang SMP mengerjakan soal secara daring.Kepala Dinas  Pendidikan Kabupaten Tabanan I Nyoman Putra mengatakan, sesuai aturan,  siswa wajib mengikuti penilaian akhir semester atau sumatif untuk mengetahui hasil dari proses pembelajaran jarak jauh (PJJ). “Kami lebih  ingin tahu feedback dari hasil  proses belajar jarak jauh,” kata Nyoman Putra, Senin (2/12).Dijelaskan, dalam proses PAS ini, pihaknya sudah mengirim soal ke masing-masing satuan pendidikan (sekolah). Orangtua siswa mengambil soal tersebut, kemudian oleh siswa dikerjakan di rumah.Orangtua diharapkan mendampangi dengan baik dan benar, namun diharapkan tidak membantu dalam memberi jawaban. “Fungsi orangtua di sini hanya mendampingi dengan baik dan benar, namun tidak membantu memberitahu jawaban,” ucapnya.Sementara untuk SMP, kata mantan Kabag Umum Setwan Tabanan ini, proses PAS ada yang dilakukan secara sistem daring atau luring. Untuk sistem daring, siswa mengerjakan soal dari rumah dengan jaringan internet dan laptop masing-masing.Sementara bagi mereka yang luring, datang ke sekolah mengerjakan soal menggunakan laptop atau komputer sekolah. Bahkan, menurut Nyoman Putra, pelaksanaan PAS ada pula yang dilakukan tertulis oleh sejumlah siswa yang mengalami masalah jaringan. “Tetapi tidak semua siswa dibantu soal tertulis. Yang ngerjakan soal tertulis yang masalah jaringan. Sebagian besar pelaksanaan PAS dilakukan secara daring,” pungkasnya. (Puspawati/balipost)",BALIPOST.com,"Dajan Peken, 82114, Tabanan, Tabanan, Bali, Indonesia",-8.536609490935,115.13552944186335,5,"2, 7","kejaksaan, kejatibali, kejaritabanan, tabanan, news"
Jadwal PTS Semester II Diundur Disdik Tabanan Tunggu Keputusan Satgas,2022-03-06T08:00:00.000Z,"Kabupaten Tabanan, Bali, Indonesia","Jadwal PTS Semester II Diundur, Disdik Tabanan Tunggu Keputusan Satgas - BALIPOST.com","Kepala dinas pendidikan Tabanan, I Gusti Putu Ngurah Darma Utama. (BP/Bit)TABANAN, BALIPOST.com – Penilaian Tengah Semester (PTS) semester II tahun ajaran 2021/2022 di kabupaten Tabanan yang sejatinya digelar mulai tanggal 8 sampai 10 Maret 2022 mendatang terpaksa diundur.","Ini dikarenakan masih tingginya angka kasus Covid-19 selama sepekan terakhir.Dinas Pendidikan kabupaten Tabanan pun sampai saat ini masih menunggu instruksi lebih lanjut dari Satgas Provinsi untuk skema pelaksanaan PTS nantinya. Kepala dinas pendidikan Tabanan, I Gusti Putu Ngurah Darma Utama mengatakan, untuk pelaksanaan PTS semester II tahun 2022 ini diundur mulai tanggal 10 sampai dengan 12 Maret 2022 mendatang atau melihat perkembangan lebih lanjut kasus COVID-19 di Tabanan.Bahkan untuk keputusan ini pihaknya sudah menginformasikan pada seluruh jajarannya untuk dilanjutkan ke satuan pendidikan masing-masing khususnya SD dan SMP yang merupakan kewenangan kabupaten.","Pada Hari Minggu , 6 Maret 2022 08:00, Tabanan, Tabanan, Bali

Kepala dinas pendidikan Tabanan, I Gusti Putu Ngurah Darma Utama. (BP/Bit)TABANAN, BALIPOST.com – Penilaian Tengah Semester (PTS) semester II tahun ajaran 2021/2022 di kabupaten Tabanan yang sejatinya digelar mulai tanggal 8 sampai 10 Maret 2022 mendatang terpaksa diundur. Ini dikarenakan masih tingginya angka kasus Covid-19 selama sepekan terakhir.Dinas Pendidikan kabupaten Tabanan pun sampai saat ini masih menunggu instruksi lebih lanjut dari Satgas Provinsi untuk skema pelaksanaan PTS nantinya. Kepala dinas pendidikan Tabanan, I Gusti Putu Ngurah Darma Utama mengatakan, untuk pelaksanaan PTS semester II tahun 2022 ini diundur mulai tanggal 10 sampai dengan 12 Maret 2022 mendatang atau melihat perkembangan lebih lanjut kasus COVID-19 di Tabanan.Bahkan untuk keputusan ini pihaknya sudah menginformasikan pada seluruh jajarannya untuk dilanjutkan ke satuan pendidikan masing-masing khususnya SD dan SMP yang merupakan kewenangan kabupaten. “Iya benar, pelaksanaannya diundur mulai tanggal 10 sampai 12 Maret,” terangnya, dikonfirmasi, Minggu (6/3).Terkait teknis pelaksanaannya apakah dilakukan kembali dengan tatap muka atau dilakukan secara daring, lanjut mantan Kadis perhubungan ini mengatakan masih menunggu keputusan satgas. Karena tentunya dalam tiap pengambilan kebijakan, Satgas harus memperhitungkan perkembangan yang ada di daerah. “Masih kita tunggu dulu keputusan satgas, jadi kami belum tahu apakah tatap muka atau daring, yang jelas anak-anak atau siswa diharapkan menggunakan waktu luang di rumah untuk terus meningkatkan pembelajaran mereka,” ucapnya.Hal senada juga disampaikan Sekda Tabanan, I Gede Susila yang mengaku sejauh ini belum tahu terkait teknis pelaksanaan PTS untuk jenjang SD dan SMP. Yang jelas dikatakannya, daerah hanya menunggu instruksi lebih lanjut dari Satgas Provinsi Bali. “Kita tunggu arahan dari Propinsi Bali, kalau diminta tatap muka kami siap, kalau harus daring juga siap, apapun keputusannya tentu di daerah harus mengikuti,” jelasnya. (Puspawati/balipost)",BALIPOST.com,"Dajan Peken, 82114, Tabanan, Tabanan, Bali, Indonesia",-8.536609490935,115.13552944186335,5,"2, 7","kejaksaan, kejatibali, kejaritabanan, tabanan, news"
Hindus Throng Festival at Penataran Agung Temple of Ulundanu Beratan,2019-07-10T07:00:00.000Z,"Kabupaten Tabanan, Bali, Indonesia",Hindus Throng Festival at Penataran Agung Temple of Ulundanu Beratan - BALIPOST.com,"TABANAN, BALIPOST.com — Thousands of pilgrims from various regions thronged Penataran Agung Temple of Ulundanu Beratan, Baturiti, on Tuesday (Jul. 9) that coincided with Anggarakasih Julungwangi.","They came to say prayers in a series of Pujawali Ageng or grandiose ceremonies held at the local temple.Nevertheless, on days such as full moon, new moon and other major Hindu holidays, many Hindus also come to perform joint worship including the Melasti and Nyegara Gunung ceremonies. Regarding the pujawali ageng, Coordinator of Ulundanu Beratan Temple, I Putu Suma Artha, stated the series of pujawali ceremonies had been started since the beginning of the month or precisely on July 2, 2019 consisting of pengalah sasih and negtegan carried out by the supporting pilgrims of the Ulundanu Beratan Temple.","Pada Hari Rabu , 10 Juli 2019 07:00, Tabanan, Tabanan, Bali

TABANAN, BALIPOST.com — Thousands of pilgrims from various regions thronged Penataran Agung Temple of Ulundanu Beratan, Baturiti, on Tuesday (Jul. 9) that coincided with Anggarakasih Julungwangi. They came to say prayers in a series of Pujawali Ageng or grandiose ceremonies held at the local temple.Nevertheless, on days such as full moon, new moon and other major Hindu holidays, many Hindus also come to perform joint worship including the Melasti and Nyegara Gunung ceremonies. Regarding the pujawali ageng, Coordinator of Ulundanu Beratan Temple, I Putu Suma Artha, stated the series of pujawali ceremonies had been started since the beginning of the month or precisely on July 2, 2019 consisting of pengalah sasih and negtegan carried out by the supporting pilgrims of the Ulundanu Beratan Temple. Then, it was resumed on July 6 with the pakeling pujawali ceremony, mendak pekuluh and ngias. Meanwhile, the mecaru and mesucian ceremony were held on Monday or Soma Wage (Jul. 8), and then peak of the pujawali ageng was held on Anggarakasih Julungwangi or Tuesday (Jul. 9) commenced with the piodalan in the respective lawa. After holding the peak of piodalan, there were nganyarin ceremonies for three days and was closed on Sukra Pon or Friday (Jul. 12). “This piodalan is not only an obligation of the supporting pilgrims, but also has the objective to result in harmony as well as prosperity of life for the community or the entire Hindu fellows,” he said. He explained that Ulundanu Beratan Temple is supported by 800 families from 4 satakan villages or gebog satak, consisting of 15 customary villages and three chief of core customary villages and Marga Grand Place serves patron. Ulundanu Beratan Temple at Bedugul is also one of the most popular tourist attractions in Bali, located at Candi Kuning village, Baturiti, Tabanan. Aside from being a historical tourism, the pilgrims can take pleasure in natural attractions and lake water recreation activities. (Puspawati/balipost)",BALIPOST.com,"Dajan Peken, 82114, Tabanan, Tabanan, Bali, Indonesia",-8.536609490935,115.13552944186335,5,"2, 7","kejaksaan, kejatibali, kejaritabanan, tabanan, news"
Video Jadi Klaster COVID19 di Tabanan Manajemen RS Wisma Prashanti Angkat Bicara,2020-06-26T07:00:00.000Z,"Kabupaten Tabanan, Bali, Indonesia","Video: Jadi Klaster COVID-19 di Tabanan, Manajemen RS Wisma Prashanti Angkat Bicara - BALIPOST.com","TABANAN, BALIPOST.com – Manajemen RS Wisma Prashanti akhirnya angkat bicara mengenai penyebab RS tersebut menjadi klaster COVID-19. Direktur Utama, dr.","I Made Surya Agung, MARS, Jumat (26/6), mengakui, ada protokol kesehatan yang dilanggar sehingga terjadi penularan virus. Fatalnya, pelanggaran itu justru dilakukan oleh orang yang diharapkan ikut berperan dalam memutus mata rantai COVID-19.Dirut didampingi Kepala bidang pelayanan medis dan keperawatan dr.","Pada Hari Jumat , 26 Juni 2020 07:00, Tabanan, Tabanan, Bali

TABANAN, BALIPOST.com – Manajemen RS Wisma Prashanti akhirnya angkat bicara mengenai penyebab RS tersebut menjadi klaster COVID-19. Direktur Utama, dr. I Made Surya Agung, MARS, Jumat (26/6), mengakui, ada protokol kesehatan yang dilanggar sehingga terjadi penularan virus. Fatalnya, pelanggaran itu justru dilakukan oleh orang yang diharapkan ikut berperan dalam memutus mata rantai COVID-19.Dirut didampingi Kepala bidang pelayanan medis dan keperawatan dr. Ni Nyoman Astriningsih tegas menjamin protokol kesehatan di rumah sakit dilakukan dengan ketat bahkan berlapis. Sehingga masyarakat yang ingin berobat tidak perlu merasa khawatir ataupun cemas lagi.Bahkan untuk protokol kesehatan ini sudah dilakukan pasca mewabahnya COVID19, mulai dari screening di pintu masuk rumah sakit seperti pengecekan suhu tubuh dan cuci tangan, penataan ruangan front office diberi sekat untuk tidak bersentuhan langsung, dan petugas yang telah dilengkapi Alat Pelindung Diri (APD) mulai dari level 1 sampai dengan level 3 disesuaikan dengan beban tugas mereka masing-masing. “Kami juga ada Poli Screening. Di sini pasien yang baru masuk dan akan rawat inap dilakukan rapid test terlebih dahulu, jika hasilnya reaktif maka pasien bersangkutan akan dirujuk ke RS rujukan, yakni di RSUD Tabanan atau di UPTD RS Nyitdah, karena kami bukan rumah sakit rujukan,” terangnya.Meski demikian pihaknya juga telah menyediakan ruang isolasi dengan 7 tempat tidur, untuk mengantisipasi lonjakan pasien reaktif di Poli Screening. Tentunya lokasinya terpisah dengan ruang rawat inap pasien umum lengkap dengan petugas ber APD sesuai dengan level yang dibutuhkan.“Jujur saja penemuan kasus reaktif di rumah sakit kami sangat tinggi, karena kami menjalankan SOP dan protokol kesehatan yang ada. Jika ada yang reaktif kami langsung koordinasi dengan Gugus Tugas dan merujuk pasien tersebut ke RS rujukan COVID, jadi tidak sampai masuk ke areal dalam di ruangan rawat inap rumah sakit,” ujarnya.Dan yang perlu dipahami, lanjutnya, hasil reaktif pada rapid test belum tentu positif COVID-19 sebelum pasien dilakukan swab test  “Reaktif kebanyakan karena kasus infeksi,” terangnya.Dan terkait kasus yang sebelumnya terjadi akibat ada protokol yang dilanggar karena menggunakan power bargaining, manajemen Wisma Prashanti juga sudah berkoordinasi dengan GTPP COVID-19 Tabanan. Dalam pertemuan tersebut, Ketua Harian GTPP Tabanan yang juga selaku ketua Sekda Tabanan bahkan mengatakan tidak segan akan menurunkan Satpol PP jika ada lagi pihak-pihak yang melanggar SOP ataupun protokol kesehatan alias ‘memengkung’.Sementara itu ditambahkan oleh Kepala Bidang Pelayanan Medis dan Keperawatan dr. Ni Nyoman Astriningsih, menindaklanjuti kasus yang terjadi sebelumnya, pihaknya sudah langsung melakukan rapid test massal. Dari 200 tenaga kesehatan dan karyawan hasilnya nonreakltif. “Kami juga melakukan tracking pencarian kronologis, didapatkan 60 orang kontak erat terhadap pasien ini, dan sudah dilakukan swab, benar ditemukan 3 orang tenaga kesehatan terkonfirmasi positif. Karena tenaga medis memang memiliki risiko tinggi terpapar, namun mereka dalam kondisi stabil tanpa gejala. Ketiganya sudah diisolasi di RS rujukan dan hasil swab sudah kami terima semua negatif,” ucapnya.Dan dari pantauan di rumah sakit, sejumlah pasien pun mengaku tidak khawatir untuk tetap berobat ke RS Wisma Prashanti. Mereka meyakini, protokol kesehatan yang dilakukan pihak rumah sakit sudah sangat ketat.Terkait kewaspadaan terhadap penyebaran virus COVID-19, mereka sudah melakukan anjuran pemerintah dan pihak rumah sakit seperti cuci tangan dan menggunakan masker serta penerapan social distancing. (Puspawati/balipost)",BALIPOST.com,"Dajan Peken, 82114, Tabanan, Tabanan, Bali, Indonesia",-8.536609490935,115.13552944186335,5,"2, 7","kejaksaan, kejatibali, kejaritabanan, tabanan, news"
7 Tempat Wisata Keluarga di Tabanan Bali Mampir Kebun Bunga,2022-09-21T07:00:00.000Z,"Kabupaten Tabanan, Bali, Indonesia","7 Tempat Wisata Keluarga di Tabanan Bali, Mampir Kebun Bunga - Kompas.com","KOMPAS.com - Menghabiskan waktu liburan dengan mengunjungi tempat-tempat wisata di Tabanan bisa menjadi alternatif yang menarik, termasuk jika pergi bersama keluarga.
Jika pergi ke Bali naik pesawat, Kabupaten Tabanan tak begitu jauh dari Bandara I Gusti Ngurah Rai jika ditempuh menggunakan kendaraan. Jaraknya sekitar 30 kilometer, tergantung lokasi wisata yang dituju.","Untuk mencapainya hanya butuh waktu sekitar 1,5 jam.Baca juga: 28 Tempat Wisata Tabanan, Banyak Destinasi Liburan Keluarga
Sementara jika pergi naik mobil, misalnya berangkat dari Pulau Jawa kemudian menyebrang lewat Pelabuhan Ketapang ke Pelabuhan Gilimanuk, beberapa area di Tabanan juga relatif mudah diakses karena berada di kawasan Bali Barat.
Bagi kamu yang pergi liburan bersama keluarga, berikut beberapa pilihan tempat wisata keluarga di Tabanan Bali yang dapat dikunjungi.
Tempat wisata keluarga di Tabanan Bali
1. Tasta zoo
INSTAGRAM @tastazoo Tasta Zoo




Kebun binatang sering kali dijadikan destinasi edukasi seputar satwa, termasuk satwa-satwa liar dan langka yang mungkin tak pernah kita temui pada kehidupan sehari-hari.
Tasta Zoo adalah kebun binatang dan area konservasi yang berlokasi di Br Tegeh, Angseri, Kecamatan Baturiti, Tabanan.
Tak hanya berkeliling melihat koleksi satwanya, pengunjung juga bisa berinteraksi dengan sejumlah satwa, serta berfoto ria dengan latar patung-patung satwa dan Instagramable spot lainnya.
Baca juga: 25 Wisata Bali yang Populer dan Unik, Pas buat Libur Panjang 
Harga tiket masuk Tasta Zoo bagi wisatawan domestik adalah Rp 60.000 pada hari biasa dan Rp 70.000 pada akhir pekan.
Sementara bagi wisatawan mancanegara, harga tiket masuknya Rp 120.000 pada hari biasa dan Rp 200.000 pada akhir pekan.
Tasta Zoo buka pukul 09.00-17.00, dengan waktu check in terakhir pukul 16.30.

2.","Pada Hari Rabu , 21 September 2022 07:00, Tabanan, Tabanan, Bali

KOMPAS.com - Menghabiskan waktu liburan dengan mengunjungi tempat-tempat wisata di Tabanan bisa menjadi alternatif yang menarik, termasuk jika pergi bersama keluarga.
Jika pergi ke Bali naik pesawat, Kabupaten Tabanan tak begitu jauh dari Bandara I Gusti Ngurah Rai jika ditempuh menggunakan kendaraan. Jaraknya sekitar 30 kilometer, tergantung lokasi wisata yang dituju. Untuk mencapainya hanya butuh waktu sekitar 1,5 jam.Baca juga: 28 Tempat Wisata Tabanan, Banyak Destinasi Liburan Keluarga
Sementara jika pergi naik mobil, misalnya berangkat dari Pulau Jawa kemudian menyebrang lewat Pelabuhan Ketapang ke Pelabuhan Gilimanuk, beberapa area di Tabanan juga relatif mudah diakses karena berada di kawasan Bali Barat.
Bagi kamu yang pergi liburan bersama keluarga, berikut beberapa pilihan tempat wisata keluarga di Tabanan Bali yang dapat dikunjungi.
Tempat wisata keluarga di Tabanan Bali
1. Tasta zoo
INSTAGRAM @tastazoo Tasta Zoo




Kebun binatang sering kali dijadikan destinasi edukasi seputar satwa, termasuk satwa-satwa liar dan langka yang mungkin tak pernah kita temui pada kehidupan sehari-hari.
Tasta Zoo adalah kebun binatang dan area konservasi yang berlokasi di Br Tegeh, Angseri, Kecamatan Baturiti, Tabanan.
Tak hanya berkeliling melihat koleksi satwanya, pengunjung juga bisa berinteraksi dengan sejumlah satwa, serta berfoto ria dengan latar patung-patung satwa dan Instagramable spot lainnya.
Baca juga: 25 Wisata Bali yang Populer dan Unik, Pas buat Libur Panjang 
Harga tiket masuk Tasta Zoo bagi wisatawan domestik adalah Rp 60.000 pada hari biasa dan Rp 70.000 pada akhir pekan.
Sementara bagi wisatawan mancanegara, harga tiket masuknya Rp 120.000 pada hari biasa dan Rp 200.000 pada akhir pekan.
Tasta Zoo buka pukul 09.00-17.00, dengan waktu check in terakhir pukul 16.30.

2. Kebun Raya Bali
DOK KEBUN RAYA BALI Piknik di Kebun Raya Bali.
Jika mencari wisata alam, Tabanan memiliki banyak destinasi yang dapat dikunjungi.
Salah satu destinasi alam yang cocok dikunjungi bersama keluarga adalah Kebun Raya Bali.
Lokasinya ada di Jalan Kebun Raya, Candikuning, Kecamatan Baturiti, Kabupaten Tabanan, Bali.
Dikutip dari Kompas.com (01/09/2022), koleksi tanaman bisa kamu lihat dengan mengunjungi area seperti Taman Rhododendron, Taman Anggrek, Rumah Kaca Kaktus, Taman Aquatik, dan lainnya.
Baca juga: Seharian di Kebun Raya Bali, Bisa Apa Saja?
Tak hanya berkeliling melihat koleksi tanaman, pengunjung juga bisa santai di rerumputan sambil melihat pemandangan danau dan perbukitan di sekitar, atau bahkan menyewa spot piknik dan barbeque agar kebersamaan semakin terasa.
Jika lelah berjalan kaki untuk mengelilingi area kebun, kamu bisa memilih naik shuttle bus, sepeda, atau bahkan skuter.

3. Desa Coklat Bali
DOK DESA COKLAT BALI Desa Coklat Bali
Mengetahui proses pengolahan coklat, mulai dari penanaman, pengolahan di pabrik, hingga menyantapnya atau membawa pulang produk coklat menjadi aktivitas menarik yang bisa dijajal bersama keluarga.
Jika penasaran, kamu dan keluarga bisa mampir ke Desa Coklat Bali.
Lokasinya berada di Jalan Raya Marga-Apuan, Km 7, Desa Cau, Kabupaten Tabanan.
""Ini adalah agro-eduwisata, di mana kita juga belajar antara coklat dan Bali. Untuk coklatnya, kami mengenalkan tentang proses kakao menjadi coklat, baik dari proses awal -kami sebutnya bibit, sampai dikonsumsi,"" kata CEO CAU Chocolate Bali, Kadek Surya Prasetya Wiguna kepada Kompas.com, Jumat (26/08/2022).
Baca juga: 5 Aktivitas di Desa Coklat Bali, Seharian Jadi Petani Kakao
Setelah lelah berkeliling, pengunjung bisa santai di restorannya dan mencicipi berbagai menu, termasuk menu berbahan dasar coklat.
Beberapa menu berbahan dasar coklat yang jadi favorit antara lain Raw Cacao Ice Cream, Fruity Cacao Pizza, dan beragam menu minuman coklat.
4. The Blooms Garden
SITUS THE BLOOMS GARDEN The Blooms Garden merupakan salah satu tempat wisata dekat Kebun Raya Bali, Tabanan.Mampir ke taman rekreasi seluas 4,5 hektar, yakni The Blooms Garden, juga bisa dimasukkan ke dalam daftar wisata keluarga di Tabanan yang menarik untuk dikunjungi.
Dikutip dari Kompas.com (04/09/2022), destinasi ini memiliki beberapa area taman bunga yang menonjolkan ciri khas masing-masing. Taman-taman tersebut di antaranya Taman Belanda, Taman Cinta, Taman Dewi Danu, Taman Oval, dan lainnya.
Baca juga: 5 Tempat Wisata Dekat Kebun Raya Bali
Di Taman Belanda, misalnya, penunjung bisa menemukan ornamen dua kincir yang merupakan ikon negara Belanda. Selain mengeksplorasi taman bunga, ada pula aktivitas lain seperti naik ATV, main di playground anak, kulineran di restoran, dan lainnya.
The Blooms Garden berlokasi di Desa Batusea, Kecamatan Baturiti, Tabanan.
Harga tiket masuknya Rp 30.000 untuk dewasa dan Rp 15.000 untuk anak usia 5-12 tahun.
5. Taman Kupu-kupu
SHUTTERSTOCK/GALINA SAVINA Taman Kupu-kupu Bali
Destinasi wisata keluarga di Tabanan lainnya adalah Taman Kupu-kupu, yang berlokasi di Jalan Batukaru, Desa Sesandan, Kecamatan Penebel, Tabanan.
Dikutip dari Kompas.com, (20/09/2022), meski dinamai ""kupu-kupu"", namun destinasi yang berdiri sejak 1996 silam ini tak hanya menghadirkan beragam jenis kupu-kupu. Dikutip dari Tribun Bali, Taman Kupu-kupu turut menghadirkan serangga lain, seperti belalang kayu, kumbang tanduk, hingga tarantula.
Baca juga: 10 Rute Penerbangan Domestik Tersibuk di Dunia, Ada Jakarta-Bali
Untuk menuju ke destinasi ini, pengunjung perlu menempuh perjalanan sekitar 1,5 jam dari bandara atau 40 kilometer.

6. Sila's Agrotourism
SITUS THE SILA'S ARGOTOURISM Area bermain anak di The SILA's Agrotourism, salah satu tempat wisata dekat Kebun Raya Bali.
Sila's Arotourism adalah destinasi lainnya di Tabanan yang dapat dikunjungi bersama keluarga.
Selain memyediakan area rekreasi, tempat ini juga menjadi tempat pendidikan, sekaligus program pelatihan Sumber Daya Manusia (SDM) yang berdiri di atas lahan seluas 10 hektar.
Dikutip dari Kompas.com, beberapa aktivitas luar ruang yang bisa dijajal antara lain berkemah, outbound, flying fox, ATV, mini trail, berkuda, paintball, trekking, bersepeda, dan lainnya.
Baca juga: 6 Tempat Melihat Sunset di Bali, Ada yang Terbaik di Dunia
Jika sekadar ingin bersantai sambil menikmati udara sejuk dan panorama danau serta perbukitan yang menakjubkan, kamu juga bisa duduk di coffee shop yang tersedia sambil memesan menu yang ada di sana.
Untuk tamu yang ingin bermalam bisa coba menginap di Hobbiton dengan harga mulai dari Rp 200.000 per orang per malam, sudah termasuk tempat tidur, sleeping bag, perlengkapan mandi, sarapan, serta perapian.
7. Pantai Pasut
SITUS PEMERINTAH KABUPATEN TABANAN Pantai Pasut di Kabupaten Tabanan, Bali.
Liburan ke Bali, rasanya kurang sah jika tidak mampir ke pantai. 
Tabanan memiliki beberapa pantai yang bisa dikunjungi, dengan karakteristik dan keunikannya masing-masing.
Salah satu pantai populer di Tabanan adalah Tanah Lot atau Pura Tanah Lot, kemudian ada pula Pantai Kedungu, Pantai Soan Galuh, Pantai Kelecung, Pantai Kelating, dan lainnya.
Baca juga: 9 Wisata Pantai di Tabanan Bali, Tak Cuma Tanah Lot
Jika mencari pantai yang dapat dijadikan tempat wisata keluarga, Pantai Pasut bisa jadi pilihan.
Ombak di pantai ini relatif tidak tinggi, sehingga cukup aman untuk dijadikan tempat berenang atau snorkeling.
Selain untuk berenang atau snorkeling, pengunjung pantai berpasir hitam lembut ini bisa bersantai sambil berjemur, bermain pasir, berolahraga, atau berburu foto.
Lokasi Pantai Pasut ada di Jalan Raya Pasut, Desa Tibubiu, Kecamatan Kerambitan, Kabupaten Tabanan.



    
        Bayangkan seorang anak Indonesia bercita-cita menjadi dokter tetapi hanya memiliki satu buku lusuh untuk belajar. Bersama Ekspedisi Kata ke Nyata Kompas.com, Anda bisa membantu mengubah kisah itu. Mari hadirkan akses literasi bagi anak-anak di berbagai pelosok Indonesia melalui donasi lewat tautan https://bit.ly/JagatLiterasi2026. Setiap kebaikan yang Anda berikan bukan hanya membuka jendela pengetahuan, tetapi juga membuka masa depan mereka.",Kompas.com,"Dajan Peken, 82114, Tabanan, Tabanan, Bali, Indonesia",-8.536609490935,115.13552944186335,5,"2, 7","kejaksaan, kejatibali, kejaritabanan, tabanan, news"
Suka Duka Sekaa di Jembrana Pelihara Instrumen Jegog,2018-04-14T07:00:00.000Z,"Kabupaten Tabanan, Bali, Indonesia",Suka Duka Sekaa di Jembrana Pelihara Instrumen Jegog - BALIPOST.com,"Sekeha memainkan instrumen Jegog. (BP/dok)NEGARA, BALIPOST.com – Kesenian Jegog yang identik dengan Kabupaten Jembrana disamping memiliki suara gamelan yang khas, perawatannya juga tergolong ekstra dan mahal.","Dalam merawat gamelan Jegog ini, diperlukan tempat dan perlakuan khusus.Sebab dibandingkan gong atau gamelan lainnya, alat musik jegog lebih rentan rusak karena faktor cuaca ataupun tempat penyimpanan yang tak layak. Satu saja bambu yang rusak/pecah diperlukan biaya yang tidak sedikit.Minimal Rp 350 ribu per satu bilah bambu.","Pada Hari Sabtu , 14 April 2018 07:00, Tabanan, Tabanan, Bali

Sekeha memainkan instrumen Jegog. (BP/dok)NEGARA, BALIPOST.com – Kesenian Jegog yang identik dengan Kabupaten Jembrana disamping memiliki suara gamelan yang khas, perawatannya juga tergolong ekstra dan mahal. Dalam merawat gamelan Jegog ini, diperlukan tempat dan perlakuan khusus.Sebab dibandingkan gong atau gamelan lainnya, alat musik jegog lebih rentan rusak karena faktor cuaca ataupun tempat penyimpanan yang tak layak. Satu saja bambu yang rusak/pecah diperlukan biaya yang tidak sedikit.Minimal Rp 350 ribu per satu bilah bambu. Bahan bambu yang digunakan pun jarang ditemukan di Jembrana lagi.Untuk mendapatkan bambu petung (bagian paling belakang) yang berdiameter besar itu, para perajin harus mencari di luar Jembrana, seperti Tabanan dan Karangasem. “Sekarang hampir tidak ada (bambu petung), harus memesan di Tabanan atau Gianyar,” ujar Oka, pemain Jegog asal Kelurahan Sangkaragung.Sehingga ketika gamelan bambu itu pecah, maka akan kesulitan dan biayanya cukup besar. Apalagi, saat pementasan Jegog dilakukan mebarung (adu suara) antar-sekaa, peluang pecahnya bambu cukup besar.Sehingga sekaa harus menyiapkan cadangan gamelan ketika bambu pecah. Begitu halnya dengan bambu lainnya yang lebih kecil seperti bambu jajang atau santong (lebih kecil) untuk suwir, kantil dan barangan masih bisa diperoleh.I Ketut Dernen, seniman penyetel gamelan Jegog asal Pancardawa, Kelurahan Pendem  beberapa waktu lalu mengatakan gamelan Jegog memiliki keistimewaan sehingga perawatannya pun harus ekstra. Bambu yang digunakan pun juga harus yang terpilih.Selain perangkat yang besar, nada suara lazimnya berubah saat berganti cuaca atau iklim. Misalnya, ketika alat musik bambu itu dibawa ke daerah dataran tinggi yang dingin, ketika ditabuh suaranya pasti berubah.Dernen berharap kendatipun instrumen musik ini cukup boros tempat, bisa disetarakan dengan alat musik lainnya. Pascabom Bali tahun 2000 lalu, banyak sekaha di Jembrana yang terpuruk karena minimnya pentas ke luar daerah dan minim pembiayaan. Sedangkan pentas-pentas di dalam Jembrana, bayaran tak sebanding dengan biaya yang dikeluarkan. Padahal perawatan untuk alat musik ini cukup tinggi.Seringkali, biaya untuk transportasi alat, penabuh serta perawatan gambelan lebih besar dari bayaran yang diterima. Untuk membuat seperangkat alat musik Jegog minimal dibutuhkan dana hingga Rp 50 juta.Pria kelahiran tahun 1956 ini selain menabuh juga dikenal kemampuannya dalam menyelaraskan nada gamelan Jegog. Tidak semua seniman memiliki kemampuan menyetel alat musik dari bambu ini.Bahkan Dernen mampu menyetel nada Jegog utuh dalam satu oktaf (do-re-mi-fa-sol-la-si-do). “Sekarang saya lebih banyak kerja kalau dipanggil, ada yang memanggil saya kerjakan disana. Bayaran tidak menarget, yang penting (gamelan) jadi dan senang sudah jadi,” kata pria berpenampilan sederhana ini.Keahlian seniman yang mengantongi penghargaan Satya Laksana Dharma Kusuma tahun 2013 ini, diperolehnya dari orang tua dan para seniman pembuat Jegog pendahulunya. Sisa bambu Jegog yang sudah rusak atau pecah biasanya tidak lagi dipergunakan dan dibuang.Namun di tangan orang-orang kreatif, limbah bambu Jegog itu dimanfaatkan lagi untuk hal lainnya. Seperti yang dilakukan sejumlah siswa dan guru SMAN 2 Negara.Bambu bekas gamelan Jegog yang menumpuk dan tidak bisa digunakan lagi, dimanfaatkan kembali. Seperti untuk pot tanaman misalnya.Kepala SMAN 2 Negara, I Wayan Sudiarta mengatakan sekolah sengaja memanfaatkan bambu gamelan Jegog sekolah yang rusak itu agar berguna kembali. “Dari pada tidak digunakan dan menumpuk, kami manfaatkan untuk pot tanaman untuk di sekitar sekolah,” terangnya.SMAN 2 Negara merupakan salah satu SMA yang memiliki gamelan Jegog ini dan sering tampil dengan penabuh para siswa. Selain pot bunga, bambu yang diantaranya berdiameter besar ini juga bisa dimanfaatkan untuk kerajinan lainnya seperti asbak atau tempat pensil. (Surya Dharma/balipost)",BALIPOST.com,"Dajan Peken, 82114, Tabanan, Tabanan, Bali, Indonesia",-8.536609490935,115.13552944186335,5,"2, 7","kejaksaan, kejatibali, kejaritabanan, tabanan, news"
Kasus DID Tabanan KPK Panggil Eks Wakil Ketua DPRD,2022-02-04T08:00:00.000Z,"Kabupaten Tabanan, Bali, Indonesia","Kasus DID Tabanan, KPK Panggil Eks Wakil Ketua DPRD - Kompas.com","JAKARTA, KOMPAS.com - Penyidik Komisi Pemberantasan Korupsi (KPK) menjadwalkan pemeriksaan terhadap mantan Wakil Ketua DPRD Kabupaten Tabanan periode 2017-2019, I Made Meliani pada Jumat (3/2/2022).
I Made Meliani akan diperiksa sebagai saksi terkait kasus dugaan korupsi pemberian dan penerimaan hadiah atau janji pengurusan dana insentif daerah (DID) Kabupaten Tabanan, Bali, tahun anggaran 2018.""Pemeriksaan akan dilakukan Kantor Perwakilan BPKP Provinsi Bali, Jl Tantular Nomor 3054, Panjer, Denpasar Selatan, Kota Denpasar,"" ujar Pelaksana Tugas Juru Bicara KPK Ali Fikri, melalui keterangan tertulis, Jumat.
Selain eks Wakil Ketua DPRD Tabanan, KPK juga mengagendakan pemeriksaan terhadap Ketua Komisi I DPRD Tabanan tahun 2016 I Putu Eka Putra Cahyadi; Kepala Badan Keuangan Daerah Tabanan tahun 2016-2017 I Made Sukada dan Kepala Bagian Umum Setda Kabupaten Tabanan tahun 2017 I Made Sumerta Yasa.
Baca juga: Kasus DID Tabanan, KPK Panggil 4 Manajer Hotel di Jakarta sebagai Saksi
Kemudian, Kepala Badan Perencanaan Penelitian dan Pengembangan (Bappelitbang) Tabanan Ida Bagus Wiratmaja; Kasubid Kasda Pemkab Tabanan Ni Made Wasasih; eks plh Sekda Pemkab Karangasem I Made Sujana Erawan; eks Kadis PU I Made Yudiana dan Kepala Dinas Perpustakaan dan Arsip Dewa Ayu Budiarti.




Selain itu, ajudan Bupati Tabanan I Ketut Suwita; Direktur PT Dayu I Made Purniarta; Direktris CV Panugrah Ni Made Maharini; Direktris CV Kerang Mutiara Utama I Nyoman Ely Krisnawati dan Direktur CV Nitra Sakti I Nyoman Yupi Astika turut diperiksa sebagai saksi.Hingga kini, ujar Ali, tim penyidik masih terus mengumpulkan dan melengkapi bukti-bukti terkait dugaan korupsi dana insentif daerah Kabupaten Tabanan.
Ia mengatakan, KPK akan menjelaskan konstruksi perkara dan siapa saja pihak-pihak yang akan ditetapakan sebagai tersangka pada saat penyelidikan tersebut dinilai cukup.
""Kami pastikan setelah penyidikan cukup, kami akan sampaikan kontruksi utuh perkara dan pihak-pihak yang ditetapkan sebagai tersangka,"" kata Ali.
Baca juga: KPK Telusuri Aktivitas Pihak-pihak yang Terkait Pengurusan DID Tabanan
Dalam kasus ini, KPK telah melakukan penggeledahan di sejumlah tempat di Kabupaten Tabanan, Bali, pada Rabu (27/10/2021).
Lokasi yang digeledah antara lain Kantor Dinas PUPR, Kantor Bapelitbang, Kantor Badan Keuangan Daerah Tabanan, Kantor DPRD, serta rumah kediaman pihak yang terkait dengan perkara tersebut.




  

    
        Bayangkan seorang anak Indonesia bercita-cita menjadi dokter tetapi hanya memiliki satu buku lusuh untuk belajar. Bersama Ekspedisi Kata ke Nyata Kompas.com, Anda bisa membantu mengubah kisah itu.","Mari hadirkan akses literasi bagi anak-anak di berbagai pelosok Indonesia melalui donasi lewat tautan https://bit.ly/JagatLiterasi2026. Setiap kebaikan yang Anda berikan bukan hanya membuka jendela pengetahuan, tetapi juga membuka masa depan mereka.","Pada Hari Jumat , 4 Februari 2022 08:00, Tabanan, Tabanan, Bali

JAKARTA, KOMPAS.com - Penyidik Komisi Pemberantasan Korupsi (KPK) menjadwalkan pemeriksaan terhadap mantan Wakil Ketua DPRD Kabupaten Tabanan periode 2017-2019, I Made Meliani pada Jumat (3/2/2022).
I Made Meliani akan diperiksa sebagai saksi terkait kasus dugaan korupsi pemberian dan penerimaan hadiah atau janji pengurusan dana insentif daerah (DID) Kabupaten Tabanan, Bali, tahun anggaran 2018.""Pemeriksaan akan dilakukan Kantor Perwakilan BPKP Provinsi Bali, Jl Tantular Nomor 3054, Panjer, Denpasar Selatan, Kota Denpasar,"" ujar Pelaksana Tugas Juru Bicara KPK Ali Fikri, melalui keterangan tertulis, Jumat.
Selain eks Wakil Ketua DPRD Tabanan, KPK juga mengagendakan pemeriksaan terhadap Ketua Komisi I DPRD Tabanan tahun 2016 I Putu Eka Putra Cahyadi; Kepala Badan Keuangan Daerah Tabanan tahun 2016-2017 I Made Sukada dan Kepala Bagian Umum Setda Kabupaten Tabanan tahun 2017 I Made Sumerta Yasa.
Baca juga: Kasus DID Tabanan, KPK Panggil 4 Manajer Hotel di Jakarta sebagai Saksi
Kemudian, Kepala Badan Perencanaan Penelitian dan Pengembangan (Bappelitbang) Tabanan Ida Bagus Wiratmaja; Kasubid Kasda Pemkab Tabanan Ni Made Wasasih; eks plh Sekda Pemkab Karangasem I Made Sujana Erawan; eks Kadis PU I Made Yudiana dan Kepala Dinas Perpustakaan dan Arsip Dewa Ayu Budiarti.




Selain itu, ajudan Bupati Tabanan I Ketut Suwita; Direktur PT Dayu I Made Purniarta; Direktris CV Panugrah Ni Made Maharini; Direktris CV Kerang Mutiara Utama I Nyoman Ely Krisnawati dan Direktur CV Nitra Sakti I Nyoman Yupi Astika turut diperiksa sebagai saksi.Hingga kini, ujar Ali, tim penyidik masih terus mengumpulkan dan melengkapi bukti-bukti terkait dugaan korupsi dana insentif daerah Kabupaten Tabanan.
Ia mengatakan, KPK akan menjelaskan konstruksi perkara dan siapa saja pihak-pihak yang akan ditetapakan sebagai tersangka pada saat penyelidikan tersebut dinilai cukup.
""Kami pastikan setelah penyidikan cukup, kami akan sampaikan kontruksi utuh perkara dan pihak-pihak yang ditetapkan sebagai tersangka,"" kata Ali.
Baca juga: KPK Telusuri Aktivitas Pihak-pihak yang Terkait Pengurusan DID Tabanan
Dalam kasus ini, KPK telah melakukan penggeledahan di sejumlah tempat di Kabupaten Tabanan, Bali, pada Rabu (27/10/2021).
Lokasi yang digeledah antara lain Kantor Dinas PUPR, Kantor Bapelitbang, Kantor Badan Keuangan Daerah Tabanan, Kantor DPRD, serta rumah kediaman pihak yang terkait dengan perkara tersebut.




  

    
        Bayangkan seorang anak Indonesia bercita-cita menjadi dokter tetapi hanya memiliki satu buku lusuh untuk belajar. Bersama Ekspedisi Kata ke Nyata Kompas.com, Anda bisa membantu mengubah kisah itu. Mari hadirkan akses literasi bagi anak-anak di berbagai pelosok Indonesia melalui donasi lewat tautan https://bit.ly/JagatLiterasi2026. Setiap kebaikan yang Anda berikan bukan hanya membuka jendela pengetahuan, tetapi juga membuka masa depan mereka.    
                    Batas akses KARIN
                    
                        Kamu sudah mencapai batas akses KARIN.
                        Gabung membership Kompas.com+ MAX untuk bertanya lebih banyak dan memahami berita dengan lebih leluasa.
                    
                
            
                    
                    
                    Tidak akurat
                
                
                    
                    
                    Tidak relevan
                
                
                    
                    
                    Menyinggung
                
                
                    
                    
                    Terlalu lama
                
                
                    
                    
                    Isu privasi
                
                
                    
                    
                    Lainnya
                
            
            
                    Khusus Member
                    
                        Akses Tanya Langsung Tersedia untuk Member
                        Gabung membership Kompas.com+ MAX untuk bertanya lebih banyak dan memahami berita dengan lebih leluasa.",Kompas.com,"Dajan Peken, 82114, Tabanan, Tabanan, Bali, Indonesia",-8.536609490935,115.13552944186335,5,"2, 7","kejaksaan, kejatibali, kejaritabanan, tabanan, news"
Awasi Peredaran Truk Pengangkut Penjual LPG 3 Kg Ditempeli Stiker,2018-05-06T07:00:00.000Z,"Kabupaten Tabanan, Bali, Indonesia","Awasi Peredaran, Truk Pengangkut Penjual LPG 3 Kg Ditempeli Stiker - BALIPOST.com","Untuk mengawasi penjualan LPG 3 Kg, Pertamina menerapkan peraturan baru dimana truk pengangkut harus ditempeli stiker yang berisi identitas nama Agen dan nomor barcode. (BP/san)TABANAN, BALIPOST.com – Kebutuhan masyarakat yang masih tinggi akan LPG ukuran 3 kilogram membuat peredaran tabung gas berwarna hijau ini diawasi ketat agar tidak disalahgunakan.","Tabanan sendiri tahun ini kouta tabung LPG 3 kg nya mengalami peningkatan sebanyak dua persen. Untuk mengawasi agar kouta ini tidak keluar dari wilayah Tabanan atau dijual ke daerah lain, pihak Pertamina saat ini mengharuskan seluruh agen untuk menempelkan stiker identitas pada truk pengangkut dari pangkalannya.Bagi truk pengangkut yang tidak ditempeli stiker akan diberikan sanksi oleh Pertamina.","Pada Hari Minggu , 6 Mei 2018 07:00, Tabanan, Tabanan, Bali

Untuk mengawasi penjualan LPG 3 Kg, Pertamina menerapkan peraturan baru dimana truk pengangkut harus ditempeli stiker yang berisi identitas nama Agen dan nomor barcode. (BP/san)TABANAN, BALIPOST.com – Kebutuhan masyarakat yang masih tinggi akan LPG ukuran 3 kilogram membuat peredaran tabung gas berwarna hijau ini diawasi ketat agar tidak disalahgunakan. Tabanan sendiri tahun ini kouta tabung LPG 3 kg nya mengalami peningkatan sebanyak dua persen. Untuk mengawasi agar kouta ini tidak keluar dari wilayah Tabanan atau dijual ke daerah lain, pihak Pertamina saat ini mengharuskan seluruh agen untuk menempelkan stiker identitas pada truk pengangkut dari pangkalannya.Bagi truk pengangkut yang tidak ditempeli stiker akan diberikan sanksi oleh Pertamina. Kepala Pelaksana Tim Pengendali Inflasi Daerah (TPID) Tabanan, I Gusti Putu Ekayana, Minggu (6/5) mengatakan mulai tahun 2018 ini kouta LPG 3 kg di Tabanan naik dua persen atau menjadi 18.426 tabung. Ia juga menambahkan harga LPG yang dibeli oleh agen ke Pertamina mengalami kenaikan Rp 250 yaitu dari Rp 13.300 menjadi 13.550.Kenaikan harga pembelian LPG 3 kg di tingkat agen ini menurut Ekayana tidak mempengaruhi harga jual di Agen yaitu tetap sesuai HET (Harga Eceran Tertinggi) yaitu Rp 14.500.Hal terbaru yang juga diterapkan tahun 2018 dalam hal pengawasan distribusi LPG 3 kg lanjut Ekayana adalah penempelan stiker pada truk pengakut LPG 3 kilogram. Dijelaskan Ekayana setiap agen memiliki pangkalan masing-masing. Setiap pangkalan ini memiliki truk pengangkut. Pada truk pengangkut inilah harus ditempeli stiker yang tertera nama agen resmi penyalur tabung 3 kilogram. Jika pada truk tidak terpasang stiker, hal ini dianggap tidak resmi dan agen yang melakukan keteledoran kata Ekayana akan mendapatkan sanksi dari Pertamina. ‘’Sanksinya berupa sanksi admin dari Pertamina,’’ papar Ekayana.Adanya stiker ini menurutnya adalah sebagai cara agar distribusi LPG 3 kilogram tidak keluar ke daerah lain. Sebab, menurut Ekayana setiap daerah memiliki kouta masing-masing dan sudah diperhitungkan sesuai kebutuhan masyarakatnya. Jika ada kouta yang keluar tentu kebutuhan LPG 3 kilogram di suatu daerah akan menjadi terganggu dan menimbulkan kelangkaan. Karenanya dengan adanya stiker, masyarakat bisa tahu darimana LPG 3 kilogram tersebut berasal sehingga bisa dilaporkan jika menjualnya diluar daerah yang tidak sesuai dengan  informasi di stiker yang tercantum.‘’Misalkan tertulis agen yang beralamatkan di Tabanan, tetapi truknya menurunkan LPG 3 kilogram di Singaraja. Ini bisa dilaporkan dan mendapatkan sanksi,’’ jelas Ekayana.Untuk saat ini menjelang Galungan dan Kuningan menurut Ekayana tidak ada kelangkaan stok LPG 3 kilogram. Meski diakuinya harga ditingkat pengecer masih di atas HET atau berkisar antara Rp 18.000 hingga Rp 20.000. ‘’Harga di pengecer memang belum bisa sesuai harga HET karena perdagang memperhitungkan biaya tranpostrasi dan lainnya. Tetapi jika masyarakat ingin membeli LPG 3 kg sesuai harga HET bisa langsung membeli ke pangkalan atau agen atau SPBU yang juga menjual tabung gas,’’ ujarnya. (wira sanjiwani/balipost)",BALIPOST.com,"Dajan Peken, 82114, Tabanan, Tabanan, Bali, Indonesia",-8.536609490935,115.13552944186335,5,"2, 7","kejaksaan, kejatibali, kejaritabanan, tabanan, news"
Kombinasi Pertanian dan Pariwisata Jadi Keunggulan Tabanan di Bali,2023-06-24T07:00:00.000Z,"Kabupaten Tabanan, Bali, Indonesia","Kombinasi Pertanian dan Pariwisata, Jadi Keunggulan Tabanan di Bali - Kompas.com","KOMPAS.com - Kabupaten Tabanan di Provinsi Bali berupaya menggabungkan potensi daerah mereka yaitu pertanian, dengan sektor pariwisata.
Cara ini menjadi salah satu langkah strategis untuk memanfaatkan kekuatan Tabanan di sektor pertanian, seperti disampaikan oleh Bupati Tabanan I Komang Gede Sanjaya.“Jadi kalau kami membajak sawah, bagaimana kearifan lokal para pekerja di sawah bisa (sekaligus) menjadi atraksi pariwisata. Begitu juga saat aktivitas (biji) kopi dipetik, bisa jadi atraksi, itulah bonusnya,” kata Sanjaya saat ditemui di kantor Kompas Gramedia Jakarta, Jumat (23/6/2023).
Baca juga: Tabanan, Lumbung Padinya Bali dengan Keindahan Alam Lengkap
Untuk beberapa aktivitas, seperti melihat proses membajak sawah sampai memetik biji kopi, wisatawan mancanegara sampai rela membayar.
Lebih lanjut, Sanjaya menjelaskan, pariwisata mencakup makna yang luas.","Bukan hanya sekadar mengunjungi tempat wisata yang indah, tetapi juga menikmati atau bahkan mencoba pengalaman unik.





Oleh karena itu, ia menilai aktivitas yang berkaitan dengan pertanian sebagai sektor paling utama di Tabanan, bisa dijadikan sebagai sarana wisata sekaligus.
“Jadi pariwisata sebagai daya dukung pertanian itu. Sektor pertanian sebagai hulu, dan bonusnya pariwisata,” ungkapnya.
Tabanan yang kaya keindahan alam
Menurut Sanjaya, Tabanan agak berbeda dari kabupaten atau kota lainnya di Bali karena lebih fokus bergerak pada bidang pertanian.
“Hampir 75 persen masyarakat Tabanan bergerak di pertanian.","Pada Hari Sabtu , 24 Juni 2023 07:00, Tabanan, Tabanan, Bali

KOMPAS.com - Kabupaten Tabanan di Provinsi Bali berupaya menggabungkan potensi daerah mereka yaitu pertanian, dengan sektor pariwisata.
Cara ini menjadi salah satu langkah strategis untuk memanfaatkan kekuatan Tabanan di sektor pertanian, seperti disampaikan oleh Bupati Tabanan I Komang Gede Sanjaya.“Jadi kalau kami membajak sawah, bagaimana kearifan lokal para pekerja di sawah bisa (sekaligus) menjadi atraksi pariwisata. Begitu juga saat aktivitas (biji) kopi dipetik, bisa jadi atraksi, itulah bonusnya,” kata Sanjaya saat ditemui di kantor Kompas Gramedia Jakarta, Jumat (23/6/2023).
Baca juga: Tabanan, Lumbung Padinya Bali dengan Keindahan Alam Lengkap
Untuk beberapa aktivitas, seperti melihat proses membajak sawah sampai memetik biji kopi, wisatawan mancanegara sampai rela membayar.
Lebih lanjut, Sanjaya menjelaskan, pariwisata mencakup makna yang luas. Bukan hanya sekadar mengunjungi tempat wisata yang indah, tetapi juga menikmati atau bahkan mencoba pengalaman unik.





Oleh karena itu, ia menilai aktivitas yang berkaitan dengan pertanian sebagai sektor paling utama di Tabanan, bisa dijadikan sebagai sarana wisata sekaligus.
“Jadi pariwisata sebagai daya dukung pertanian itu. Sektor pertanian sebagai hulu, dan bonusnya pariwisata,” ungkapnya.
Tabanan yang kaya keindahan alam
Menurut Sanjaya, Tabanan agak berbeda dari kabupaten atau kota lainnya di Bali karena lebih fokus bergerak pada bidang pertanian.
“Hampir 75 persen masyarakat Tabanan bergerak di pertanian. Kami masyarakat agraris, 25 persennya baru pariwisata,” ujar dia.Baca juga: Pantai Nyanyi Tabanan Bali: Jam Buka, Tiket Masuk, dan Aktivitas
Kendati tidak berfokus utama pada pariwisata, Sanjaya menjelaskan bahwa bentang alam di Tabanan merupakan salah satu yang terlengkap di Bali. Mulai dari pantai, gunung, sawah, hingga danau, semua dimiliki oleh Tabanan.
“Tabanan ada gunung, danau Beratan itu atraksi yang baik sekali. Kami juga punya sawah sebagai heritage, sawah abadi,” kata dia.
Namun, ia mengakui bahwa sampai saat ini, pantai dan pura di Tanah Lot masih menjadi daya tarik utama bagi wisatawan domestik maupun mancanegara.
UNSPLASH/NICK FEWINGS Pura Tanah Lot, salah satu kawasan wisata pantai di Tabanan, Bali. Berikut nama-nama bulan dalam Kalender Saka Bali.
“Sampai saat ini kunjungan terbanyak yang dikunjungi adalah Tanah Lot. Kalau ada pura di tengah laut, pasti Tanah Lot,” terangnya.
Selain Tanah Lot, beberapa atraksi wisata di Tabanan yang cukup ramai dikunjungi wisatawan antara lain seperti The Blooms Garden, Danau Beratan, Jatiluwih, Pantai Soka, Kebun Raya Bali, Taman Kupu-kupu, dan Museum Subak.
Baca juga: 9 Wisata Pantai di Tabanan Bali, Tak Cuma Tanah Lot
Di luar dari atraksi yang cukup populer di atas, wisatawan juga bisa mengeksplorasi Tabanan lebih lama lagi saat berkunjung, untuk bisa mendapatkan sejumlah hidden gem di sana.
Mulai dari air terjun, gua tempat melihat matahari terbenam (sunset), terasering yang terjaga, dan masih banyak lagi potensi alam lainnya di Tabanan.


  

    
        Bayangkan seorang anak Indonesia bercita-cita menjadi dokter tetapi hanya memiliki satu buku lusuh untuk belajar. Bersama Ekspedisi Kata ke Nyata Kompas.com, Anda bisa membantu mengubah kisah itu. Mari hadirkan akses literasi bagi anak-anak di berbagai pelosok Indonesia melalui donasi lewat tautan https://bit.ly/JagatLiterasi2026. Setiap kebaikan yang Anda berikan bukan hanya membuka jendela pengetahuan, tetapi juga membuka masa depan mereka.",Kompas.com,"Dajan Peken, 82114, Tabanan, Tabanan, Bali, Indonesia",-8.536609490935,115.13552944186335,5,"2, 7","kejaksaan, kejatibali, kejaritabanan, tabanan, news"
Warga Diam di Rumah Jalan di Tabanan Lengang,2020-03-26T07:00:00.000Z,"Kabupaten Tabanan, Bali, Indonesia","Warga Diam di Rumah, Jalan di Tabanan Lengang - BALIPOST.com","TABANAN, BALIPOST.com – Suasana ruas jalan di Kabupaten Tabanan pada Kamis (26/3) atau pasca-Nyepi bampak lengang. Masyarakat telah banyak yang mengikuti himbauan pemerintah untuk tetap berada di rumah masing-masing.Jajaran kepolisian serta sejumlah pecalang pun ikut mengamankan instruksi pemerintah tersebut.",Sejumlah kendaraan yang melintas pun dihentikan oleh jajaran Satlantas Polres Tabanan.Ada diantaranya yang diperbolehkan melintas karena memang pekerjaan atau yang sifatnya penting. Sementara ada pula yang diminta untuk balik pulang ke rumah.Seperti disampaikan Kasat Lantas Polres Tabanan Iptu Ni Luh Putu Wila.,"Pada Hari Kamis , 26 Maret 2020 07:00, Tabanan, Tabanan, Bali

TABANAN, BALIPOST.com – Suasana ruas jalan di Kabupaten Tabanan pada Kamis (26/3) atau pasca-Nyepi bampak lengang. Masyarakat telah banyak yang mengikuti himbauan pemerintah untuk tetap berada di rumah masing-masing.Jajaran kepolisian serta sejumlah pecalang pun ikut mengamankan instruksi pemerintah tersebut. Sejumlah kendaraan yang melintas pun dihentikan oleh jajaran Satlantas Polres Tabanan.Ada diantaranya yang diperbolehkan melintas karena memang pekerjaan atau yang sifatnya penting. Sementara ada pula yang diminta untuk balik pulang ke rumah.Seperti disampaikan Kasat Lantas Polres Tabanan Iptu Ni Luh Putu Wila. Untuk kendaraan seperti truk yang melintas di jalan Denpasar-Gilimanuk, pihaknya menerapkan selektif prioritas. Artinya truk yang tidak mengangkut barang atau bahan pokok diarahkan dulu ke Terminal Pesiapan. “Tetapi jika mengangkut kebutuhan pokok kita jalankan, dan untuk kendaraan roda dua kita arahkan kembali pulang jika disekitar sini,” terangnya.Di sisi lain, selain himbauan agar tidak keluar rumah pada Kamis, Bupati Tabanan Ni Putu Eka Wiryastuti juga mengeluarkan surat edaran yang memerintahkan pengelola kafe dan pusat hiburan umum di Tabanan untuk menutup operasional usahanya sampai 30 Maret 2020. Kebijakan ini dikeluarkan lantaran penyebaran virus Corona yang makin meluas, dengan melakukan pembatasan kegiatan keramaian. (Puspawati/balipost)",BALIPOST.com,"Dajan Peken, 82114, Tabanan, Tabanan, Bali, Indonesia",-8.536609490935,115.13552944186335,5,"2, 7","kejaksaan, kejatibali, kejaritabanan, tabanan, news"
Sejarah Pura Luhur Batukaru di Tabanan,2024-05-18T07:00:00.000Z,"Kabupaten Tabanan, Bali, Indonesia",Sejarah Pura Luhur Batukaru di Tabanan - Kompas.com,"KOMPAS.com - Bali dikenal memiliki banyak pura yang digunakan oleh umat Hindu untuk beribadah.
Pura bersejarah dan dianggap paling suci oleh masyarakat Bali adalah Pura Sad Kahyangan Jagad, yakni enam pura utama yang menjadi pilar Pulau Bali.Salah satu Pura Sad Kahyangan Jagad adalah Pura Luhur Batukaru, yang terletak di Desa Wangaya Gede, Kecamatan Penebel, Kabupaten Tabanan.
Lokasi pura ini berada di wilayah barat Pulau Bali, tepatnya di lereng selatan Gunung Batukaru.
Berikut ini sejarah Pura Luhur Batukaru dan fungsinya.
Baca juga: Sejarah Pura Goa Lawah di Bali




Sejarah Pura Luhur Batukaru
Melansir kesrasetda.bulelengkab.go.id, Pura Batukaru adalah stana Dewa Mahadewa.
Persembahyangan di Pura Luhur Batukaru dimaksudkan umat Hindu untuk memuja Tuhan Ida Sang Hyang Widhi Wasa dalam manifestasinya sebagai Dewa Mahadewa.
Dewa Mahadewa diberi gelar Ratu Hyang Tumuwuh, sebutan Tuhan sebagai yang menumbuhkan tumbuh-tumbuhan dengan menggunakan air secara benar.Nama pura ini kemungkinan besar diambil dari nama Gunung Batukaru.
Pura Luhur Batukaru termasuk Pura Sad Kahyangan yang disebut dalam Lontar Kusuma Dewa.
Konon, Pura Luhur Batukaru sudah ada pada abad ke-11, sebagaimana Pura Sad Kahyangan lainnya, yakni Pura Besakih, Pura Lempuyang Luhur, Pura Goa Lawah, Pura Luhur Uluwatu, dan Pura Pusering Jagat.
Tokoh yang mendirikan Pura Luhur Batukaru dan Pura Sad Kahyangan lainnya adalah Mpu Kuturan.
Mpu Kuturan adalah seorang pandita dari Jawa yang berperan menyatukan umat Hindu di Bali, sekaligus membangun banyak tempat suci di sana.
Baca juga: Sejarah Pura Lempuyang Luhur di Bali
Para ahli berpendapat bahwa Mpu Kuturan mendirikan Pura Sad Kahyangan Jagat untuk memotivasi umat menjaga keseimbangan eksistensi Sad Kerti, yaitu Atma Kerti, Samudra Kerti, Wana Kerti, Danu Kerti, Jagat Kerti, dan Jana Kerti.




  

Diduga, Pura Luhur Batukaru dulunya berfungsi sebagai tempat pemujaan dan tempat bertapa sebagai media Atma Kerti (membangun ketakwaan pada Tuhan) oleh tokoh-tokoh spiritual di daerah Tabanan..",,"Pada Hari Sabtu , 18 Mei 2024 07:00, Tabanan, Tabanan, Bali

KOMPAS.com - Bali dikenal memiliki banyak pura yang digunakan oleh umat Hindu untuk beribadah.
Pura bersejarah dan dianggap paling suci oleh masyarakat Bali adalah Pura Sad Kahyangan Jagad, yakni enam pura utama yang menjadi pilar Pulau Bali.Salah satu Pura Sad Kahyangan Jagad adalah Pura Luhur Batukaru, yang terletak di Desa Wangaya Gede, Kecamatan Penebel, Kabupaten Tabanan.
Lokasi pura ini berada di wilayah barat Pulau Bali, tepatnya di lereng selatan Gunung Batukaru.
Berikut ini sejarah Pura Luhur Batukaru dan fungsinya.
Baca juga: Sejarah Pura Goa Lawah di Bali




Sejarah Pura Luhur Batukaru
Melansir kesrasetda.bulelengkab.go.id, Pura Batukaru adalah stana Dewa Mahadewa.
Persembahyangan di Pura Luhur Batukaru dimaksudkan umat Hindu untuk memuja Tuhan Ida Sang Hyang Widhi Wasa dalam manifestasinya sebagai Dewa Mahadewa.
Dewa Mahadewa diberi gelar Ratu Hyang Tumuwuh, sebutan Tuhan sebagai yang menumbuhkan tumbuh-tumbuhan dengan menggunakan air secara benar.Nama pura ini kemungkinan besar diambil dari nama Gunung Batukaru.
Pura Luhur Batukaru termasuk Pura Sad Kahyangan yang disebut dalam Lontar Kusuma Dewa.
Konon, Pura Luhur Batukaru sudah ada pada abad ke-11, sebagaimana Pura Sad Kahyangan lainnya, yakni Pura Besakih, Pura Lempuyang Luhur, Pura Goa Lawah, Pura Luhur Uluwatu, dan Pura Pusering Jagat.
Tokoh yang mendirikan Pura Luhur Batukaru dan Pura Sad Kahyangan lainnya adalah Mpu Kuturan.
Mpu Kuturan adalah seorang pandita dari Jawa yang berperan menyatukan umat Hindu di Bali, sekaligus membangun banyak tempat suci di sana.
Baca juga: Sejarah Pura Lempuyang Luhur di Bali
Para ahli berpendapat bahwa Mpu Kuturan mendirikan Pura Sad Kahyangan Jagat untuk memotivasi umat menjaga keseimbangan eksistensi Sad Kerti, yaitu Atma Kerti, Samudra Kerti, Wana Kerti, Danu Kerti, Jagat Kerti, dan Jana Kerti.




  

Diduga, Pura Luhur Batukaru dulunya berfungsi sebagai tempat pemujaan dan tempat bertapa sebagai media Atma Kerti (membangun ketakwaan pada Tuhan) oleh tokoh-tokoh spiritual di daerah Tabanan.",Kompas.com,"Dajan Peken, 82114, Tabanan, Tabanan, Bali, Indonesia",-8.536609490935,115.13552944186335,5,"2, 7","kejaksaan, kejatibali, kejaritabanan, tabanan, news"
Mantan Bupati Tabanan Ni Putu Eka Wiryastuti Ditetapkan sebagai Tersangka Korupsi Dana Insentif Daerah,2022-03-24T07:00:00.000Z,"Kabupaten Tabanan, Bali, Indonesia",Mantan Bupati Tabanan Ni Putu Eka Wiryastuti Ditetapkan sebagai Tersangka Korupsi Dana Insentif Daerah - Kompas.com,"JAKARTA, KOMPAS.com - Komisi Pemberantasan Korupsi (KPK) mengumumkan mantan Bupati Tabanan, Ni Putu Eka Wiryastuti, sebagai tersangka kasus dugaan korupsi pengurusan dana insentif daerah (DID), Tabanan, Bali tahun 2018.
Eks Bupati Tabanan itu ditetapkan tersangka bersama seorang Dosen I Dewa Nyoman Wiratmaja dan Kepala Seksi Dana Alokasi Khusus Fisik II, Direktorat Jenderal Perimbangan Keuangan, Kementerian Keuangan tahun 2017, Rifa Surya.""KPK menemukan bukti permulaan yang cukup dan meningkatkan perkara ini ke tahap penyidikan pada Oktober 2021,"" ujar Wakil Ketua KPK Lili Pintauli Siregar, dalam konferensi pers, di Gedung Merah Putih KPK, Jakarta, Kamis (24/3/2022).
Baca juga: KPK Duga Dana Insentif Daerah Tabanan Digunakan Tak Sesuai Peruntukannya
Lili menerangkan, Ni Putu Eka Wiryastuti selaku Bupati Tabanan periode 2010-2021 dalam melaksanakan tugasnya mengangkat I Dewa Nyoman Wiratmaja sebagai staf khusus bidang ekonomi dan pembangunan.
Sekitar Agustus 2017, ujar dia, ada inisiatif Bupati Tabanan dua periode itu untuk mengajukan permohonan DID dari pemerintah pusat senilai Rp 65 miliar.




""Untuk merealisasikan keinginannya tersebut, tersangka NPEW (Ni Putu Eka Wiryastuti) memerintahkan tersangka IDNW (I Dewa Nyoman Wiratmaja) menyiapkan seluruh kelengkapan administrasi permohonan pengajuan dana DID dimaksud dan menemui serta berkomunikasi dengan beberapa pihak yang dapat memuluskan usulan tersebut,"" papar Lili.
Adapun pihak yang ditemui I Dewa Nyoman Wiratmaja yaitu Yaya Purnomo dan Rifa Surya yang diduga memiliki kewenangan dan dapat mengawal usulan dana DID untuk Kabupaten Tabanantahun 2018.
Baca juga: KPK Periksa Penggunaan DID untuk Proyek di Pemkab Tabanan
Yaya Purnomo dan Rifa Surya kemudian diduga mengajukan syarat khusus untuk mengawal usulan DID pada Ni Putu Eka Wiryastuti dengan meminta sejumlah uang sebagai fee dengan sebutan “dana adat istiadat”.""Dan permintaan ini lalu diteruskan tersangka IDNW pada tersangka NPEW dan mendapat persetujuan,"" ucap Lili.
""Nilai fee yang ditentukan oleh Yaya Purnomo dan tersangka RS (Rifa Surya) diduga sebesar 2,5 persen dari alokasi dana DID yang nantinya akan didapat oleh Kabupaten Tabanan di Tahun Anggaran 2018,"" sambungnya.
Lebih lanjut, sekitar Agustus-Desember 2017, kata Lili, diduga dilakukan penyerahan uangsecara bertahap oleh I Dewa Nyoman Wiratmaja kepada Yaya Purnomo dan Rifa Surya di salah satu hotel di Jakarta.
Menurut Lili, pemberian uang oleh Ni Putu Eka Wiryastuti melalui I Dewa Nyoman Wiratmaja diduga Rp 600 juta dan 55.300 dollar Amerika
Baca juga: KPK Telusuri Aktivitas Pihak-pihak yang Terkait Pengurusan DID Tabanan
Saat ini, ujar dia, tim penyidik masih akan terus mendalami dugaan adanya aliran uang pada pihak-pihak lain yang diduga juga punya andil dalam pengurusan dana DID untuk Kabupaten Tabanan Tahun Anggaran 2018.
Atas perbuatannya, Ni Putu Eka Wiryastuti dan I Dewa Nyoman Wiratmaja sebagai pihak pemberi disangkakan melanggar Pasal 5 Ayat 1 huruf a atau huruf b atau Pasal 13 Undang-Undang Nomor 31 Tahun 1999.
Sementara itu, Rifa Surya sebagai pihak penerima disangkakan melanggar Pasal 12 huruf a atau Pasal 11 Undang-Undang Nomor 31 Tahun 1999.




  

    
        Bayangkan seorang anak Indonesia bercita-cita menjadi dokter tetapi hanya memiliki satu buku lusuh untuk belajar. Bersama Ekspedisi Kata ke Nyata Kompas.com, Anda bisa membantu mengubah kisah itu.","Mari hadirkan akses literasi bagi anak-anak di berbagai pelosok Indonesia melalui donasi lewat tautan https://bit.ly/JagatLiterasi2026. Setiap kebaikan yang Anda berikan bukan hanya membuka jendela pengetahuan, tetapi juga membuka masa depan mereka.","Pada Hari Kamis , 24 Maret 2022 07:00, Tabanan, Tabanan, Bali

JAKARTA, KOMPAS.com - Komisi Pemberantasan Korupsi (KPK) mengumumkan mantan Bupati Tabanan, Ni Putu Eka Wiryastuti, sebagai tersangka kasus dugaan korupsi pengurusan dana insentif daerah (DID), Tabanan, Bali tahun 2018.
Eks Bupati Tabanan itu ditetapkan tersangka bersama seorang Dosen I Dewa Nyoman Wiratmaja dan Kepala Seksi Dana Alokasi Khusus Fisik II, Direktorat Jenderal Perimbangan Keuangan, Kementerian Keuangan tahun 2017, Rifa Surya.""KPK menemukan bukti permulaan yang cukup dan meningkatkan perkara ini ke tahap penyidikan pada Oktober 2021,"" ujar Wakil Ketua KPK Lili Pintauli Siregar, dalam konferensi pers, di Gedung Merah Putih KPK, Jakarta, Kamis (24/3/2022).
Baca juga: KPK Duga Dana Insentif Daerah Tabanan Digunakan Tak Sesuai Peruntukannya
Lili menerangkan, Ni Putu Eka Wiryastuti selaku Bupati Tabanan periode 2010-2021 dalam melaksanakan tugasnya mengangkat I Dewa Nyoman Wiratmaja sebagai staf khusus bidang ekonomi dan pembangunan.
Sekitar Agustus 2017, ujar dia, ada inisiatif Bupati Tabanan dua periode itu untuk mengajukan permohonan DID dari pemerintah pusat senilai Rp 65 miliar.




""Untuk merealisasikan keinginannya tersebut, tersangka NPEW (Ni Putu Eka Wiryastuti) memerintahkan tersangka IDNW (I Dewa Nyoman Wiratmaja) menyiapkan seluruh kelengkapan administrasi permohonan pengajuan dana DID dimaksud dan menemui serta berkomunikasi dengan beberapa pihak yang dapat memuluskan usulan tersebut,"" papar Lili.
Adapun pihak yang ditemui I Dewa Nyoman Wiratmaja yaitu Yaya Purnomo dan Rifa Surya yang diduga memiliki kewenangan dan dapat mengawal usulan dana DID untuk Kabupaten Tabanantahun 2018.
Baca juga: KPK Periksa Penggunaan DID untuk Proyek di Pemkab Tabanan
Yaya Purnomo dan Rifa Surya kemudian diduga mengajukan syarat khusus untuk mengawal usulan DID pada Ni Putu Eka Wiryastuti dengan meminta sejumlah uang sebagai fee dengan sebutan “dana adat istiadat”.""Dan permintaan ini lalu diteruskan tersangka IDNW pada tersangka NPEW dan mendapat persetujuan,"" ucap Lili.
""Nilai fee yang ditentukan oleh Yaya Purnomo dan tersangka RS (Rifa Surya) diduga sebesar 2,5 persen dari alokasi dana DID yang nantinya akan didapat oleh Kabupaten Tabanan di Tahun Anggaran 2018,"" sambungnya.
Lebih lanjut, sekitar Agustus-Desember 2017, kata Lili, diduga dilakukan penyerahan uangsecara bertahap oleh I Dewa Nyoman Wiratmaja kepada Yaya Purnomo dan Rifa Surya di salah satu hotel di Jakarta.
Menurut Lili, pemberian uang oleh Ni Putu Eka Wiryastuti melalui I Dewa Nyoman Wiratmaja diduga Rp 600 juta dan 55.300 dollar Amerika
Baca juga: KPK Telusuri Aktivitas Pihak-pihak yang Terkait Pengurusan DID Tabanan
Saat ini, ujar dia, tim penyidik masih akan terus mendalami dugaan adanya aliran uang pada pihak-pihak lain yang diduga juga punya andil dalam pengurusan dana DID untuk Kabupaten Tabanan Tahun Anggaran 2018.
Atas perbuatannya, Ni Putu Eka Wiryastuti dan I Dewa Nyoman Wiratmaja sebagai pihak pemberi disangkakan melanggar Pasal 5 Ayat 1 huruf a atau huruf b atau Pasal 13 Undang-Undang Nomor 31 Tahun 1999.
Sementara itu, Rifa Surya sebagai pihak penerima disangkakan melanggar Pasal 12 huruf a atau Pasal 11 Undang-Undang Nomor 31 Tahun 1999.




  

    
        Bayangkan seorang anak Indonesia bercita-cita menjadi dokter tetapi hanya memiliki satu buku lusuh untuk belajar. Bersama Ekspedisi Kata ke Nyata Kompas.com, Anda bisa membantu mengubah kisah itu. Mari hadirkan akses literasi bagi anak-anak di berbagai pelosok Indonesia melalui donasi lewat tautan https://bit.ly/JagatLiterasi2026. Setiap kebaikan yang Anda berikan bukan hanya membuka jendela pengetahuan, tetapi juga membuka masa depan mereka.    
                    Batas akses KARIN
                    
                        Kamu sudah mencapai batas akses KARIN.
                        Gabung membership Kompas.com+ MAX untuk bertanya lebih banyak dan memahami berita dengan lebih leluasa.
                    
                
            
                    
                    
                    Tidak akurat
                
                
                    
                    
                    Tidak relevan
                
                
                    
                    
                    Menyinggung
                
                
                    
                    
                    Terlalu lama
                
                
                    
                    
                    Isu privasi
                
                
                    
                    
                    Lainnya
                
            
            
                    Khusus Member
                    
                        Akses Tanya Langsung Tersedia untuk Member
                        Gabung membership Kompas.com+ MAX untuk bertanya lebih banyak dan memahami berita dengan lebih leluasa.",Kompas.com,"Dajan Peken, 82114, Tabanan, Tabanan, Bali, Indonesia",-8.536609490935,115.13552944186335,5,"2, 7","kejaksaan, kejatibali, kejaritabanan, tabanan, news"
Setelah Solo Cacing Tanah Muncul dalam Jumlah Banyak di Tabanan Bali Ini Faktanya,2020-04-30T07:00:00.000Z,"Kabupaten Tabanan, Bali, Indonesia","Setelah Solo, Cacing Tanah Muncul dalam Jumlah Banyak di Tabanan Bali, Ini Faktanya - Kompas.com","KOMPAS.com- Kemunculan cacing tanah dalam jumlah banyak kembali membuat heboh masyarakat pada Rabu (29/4/2020) pagi.
Setelah bermunculan di Solo dan sekitarnya, kini cacing tanah muncul di Tabanan, Bali.
Salah satu saksi mata dari warga Desa Tua Kecamatan Marga, Tabanan, Bali I Putu Paramarta mengatakan, kejadian berlangsung pukul 06.00 WITA.Awalnya dia mengira ada lulut atau ulat emas yang keluar dari dalam tanah
Namun setelah menyaksikan lebih dekat, ternyata ada banyak cacing di halaman rumahnya.
""Tadi saya sempat tanya ke teman, apa pagi ini di rumahnya juga ada cacing yang keluar. Dia bilang enggak ada,"" kata Paramarta.




Baca juga: Sederet Fakta Lengkap Munculnya Cacing Tanah Terus-Menerus Secara Misterius
Jadi makanan ayam dan bebek
Shutterstock Bebek menyeberang jalan.
Kemunculan cacing tersebut berlangsung dalam waktu tak begitu lama, yaitu sampai pukul 08.00 WITA.
Menurutnya, setelah bermunculan, cacing tanah itu dimakan ayam dan bebek.
Dia sendiri mengumpulkan cacing tanah itu untuk diberikan kepada bebeknya.
""Sudah hilang sekitar jam 08.00 WITA.","Dipatok ayam, sama saya berikan ke bebek. Besok pagi mau tak liatin lagi apa bakal muncul lagi atau tidak,"" katanya.
Baca juga: Geger Cacing Keluar dari Tanah dalam Jumlah Banyak di Bali 

 Cacing tanah muncul di Pasar Gede Solo
Penjelasan ahli
Dosen Laboratorium Biologi Tanah, Konsentrasi Tanah dan Lingkungan dari Fakulitas Pertanian Universitas Udayana Ni Luh Kartini mengatakan, keluarnya cacing pasti disebabkan kondisi tanah yang bermasalah.Kemungkinan pertama ialah adanya penggunaan pestisida, herbisida, dan pupuk kimia berlebihan secara terus menerus.
Kedua, kondisi tanah mengalami perubahan suhu secara drastis sehingga cacing tanah merasa terganggu.
Kemungkinan terakhir ialah adanya genangan air tanah.
Baca juga: Harganya Mahal, Cacing Tanah Banyak Dicari Tukang Obat dan Peternak
""Kalau cacing tanah keluar dari sarangnya yaitu tanah dan sampai menantang sinar matahari ini terjadi karena ekologi sudah tidak cocok untuk hidup cacing tanah,"" kata doktor di bidang cacing tanah dan pupuk hayati mikoriza tahun 1997 di Fakultas Pertanian Universitas Padjadjaran ini, saat dihubungi, Rabu (29/4/2020).
Menurutnya, ada jenis cacing yang bisa membuat lubang sehingga bisa masuk dan keluar dari permukaan hingga kedalaman tanah.
Cacing yang tinggal di kedalaman berarti merasa nyaman.
Namun jika ada masalah di dalam tanah maka mereka akan keluar.
Baca juga: Cacing Keluar dari Tanah dalam Jumlah Banyak, BPBD: Mungkin Ada Anomali
Sebelumnya di Solo
Istimewa Cacing keluar dari dalam tanah terjadi di Pasar Gede Solo, Jawa Tengah, Sabtu (18/4/2020).Pada Sabtu (18/4/2020), kejadian serupa terjadi di Solo, Jawa Tengah, tepatnya di kawasan Pasar Gede.
Seorang pedagang bakso di Pasar Gede, Marsono mengatakan, cacing keluar dari taman pada pukul 05.30 WIB.
Cacing terus bermunculan hingga ke jalan raya sampai siang hari.
""Cacing ini muncul dari taman.","Pada Hari Kamis , 30 April 2020 07:00, Tabanan, Tabanan, Bali

KOMPAS.com- Kemunculan cacing tanah dalam jumlah banyak kembali membuat heboh masyarakat pada Rabu (29/4/2020) pagi.
Setelah bermunculan di Solo dan sekitarnya, kini cacing tanah muncul di Tabanan, Bali.
Salah satu saksi mata dari warga Desa Tua Kecamatan Marga, Tabanan, Bali I Putu Paramarta mengatakan, kejadian berlangsung pukul 06.00 WITA.Awalnya dia mengira ada lulut atau ulat emas yang keluar dari dalam tanah
Namun setelah menyaksikan lebih dekat, ternyata ada banyak cacing di halaman rumahnya.
""Tadi saya sempat tanya ke teman, apa pagi ini di rumahnya juga ada cacing yang keluar. Dia bilang enggak ada,"" kata Paramarta.




Baca juga: Sederet Fakta Lengkap Munculnya Cacing Tanah Terus-Menerus Secara Misterius
Jadi makanan ayam dan bebek
Shutterstock Bebek menyeberang jalan.
Kemunculan cacing tersebut berlangsung dalam waktu tak begitu lama, yaitu sampai pukul 08.00 WITA.
Menurutnya, setelah bermunculan, cacing tanah itu dimakan ayam dan bebek.
Dia sendiri mengumpulkan cacing tanah itu untuk diberikan kepada bebeknya.
""Sudah hilang sekitar jam 08.00 WITA. Dipatok ayam, sama saya berikan ke bebek. Besok pagi mau tak liatin lagi apa bakal muncul lagi atau tidak,"" katanya.
Baca juga: Geger Cacing Keluar dari Tanah dalam Jumlah Banyak di Bali 

 Cacing tanah muncul di Pasar Gede Solo
Penjelasan ahli
Dosen Laboratorium Biologi Tanah, Konsentrasi Tanah dan Lingkungan dari Fakulitas Pertanian Universitas Udayana Ni Luh Kartini mengatakan, keluarnya cacing pasti disebabkan kondisi tanah yang bermasalah.Kemungkinan pertama ialah adanya penggunaan pestisida, herbisida, dan pupuk kimia berlebihan secara terus menerus.
Kedua, kondisi tanah mengalami perubahan suhu secara drastis sehingga cacing tanah merasa terganggu.
Kemungkinan terakhir ialah adanya genangan air tanah.
Baca juga: Harganya Mahal, Cacing Tanah Banyak Dicari Tukang Obat dan Peternak
""Kalau cacing tanah keluar dari sarangnya yaitu tanah dan sampai menantang sinar matahari ini terjadi karena ekologi sudah tidak cocok untuk hidup cacing tanah,"" kata doktor di bidang cacing tanah dan pupuk hayati mikoriza tahun 1997 di Fakultas Pertanian Universitas Padjadjaran ini, saat dihubungi, Rabu (29/4/2020).
Menurutnya, ada jenis cacing yang bisa membuat lubang sehingga bisa masuk dan keluar dari permukaan hingga kedalaman tanah.
Cacing yang tinggal di kedalaman berarti merasa nyaman.
Namun jika ada masalah di dalam tanah maka mereka akan keluar.
Baca juga: Cacing Keluar dari Tanah dalam Jumlah Banyak, BPBD: Mungkin Ada Anomali
Sebelumnya di Solo
Istimewa Cacing keluar dari dalam tanah terjadi di Pasar Gede Solo, Jawa Tengah, Sabtu (18/4/2020).Pada Sabtu (18/4/2020), kejadian serupa terjadi di Solo, Jawa Tengah, tepatnya di kawasan Pasar Gede.
Seorang pedagang bakso di Pasar Gede, Marsono mengatakan, cacing keluar dari taman pada pukul 05.30 WIB.
Cacing terus bermunculan hingga ke jalan raya sampai siang hari.
""Cacing ini muncul dari taman. Kalau cacing itu dikumpulkan ada satu ember. Jumlah cacingnya banyak,"" kata Marsono.
Sumber: Kompas.com (Penulis: Imam Rosidin | Editor: David Oliver Purba, Robertus Belarminus)




  

    
        Bayangkan seorang anak Indonesia bercita-cita menjadi dokter tetapi hanya memiliki satu buku lusuh untuk belajar. Bersama Ekspedisi Kata ke Nyata Kompas.com, Anda bisa membantu mengubah kisah itu. Mari hadirkan akses literasi bagi anak-anak di berbagai pelosok Indonesia melalui donasi lewat tautan https://bit.ly/JagatLiterasi2026. Setiap kebaikan yang Anda berikan bukan hanya membuka jendela pengetahuan, tetapi juga membuka masa depan mereka.    
                    Batas akses KARIN
                    
                        Kamu sudah mencapai batas akses KARIN.
                        Gabung membership Kompas.com+ MAX untuk bertanya lebih banyak dan memahami berita dengan lebih leluasa.
                    
                
            
                    
                    
                    Tidak akurat
                
                
                    
                    
                    Tidak relevan
                
                
                    
                    
                    Menyinggung
                
                
                    
                    
                    Terlalu lama
                
                
                    
                    
                    Isu privasi
                
                
                    
                    
                    Lainnya
                
            
            
                    Khusus Member
                    
                        Akses Tanya Langsung Tersedia untuk Member
                        Gabung membership Kompas.com+ MAX untuk bertanya lebih banyak dan memahami berita dengan lebih leluasa.",Kompas.com,"Dajan Peken, 82114, Tabanan, Tabanan, Bali, Indonesia",-8.536609490935,115.13552944186335,5,"2, 7","kejaksaan, kejatibali, kejaritabanan, tabanan, news"
Resep Sambal Sager Gerih Sambal dari Ikan Asin Khas Tabanan Bali,2021-03-14T08:00:00.000Z,"Kabupaten Tabanan, Bali, Indonesia","Resep Sambal Sager Gerih, Sambal dari Ikan Asin Khas Tabanan Bali - Kompas.com","KOMPAS.com - Kamu pencinta masakan pedas? Kamu bisa coba resep sambel sager gerih.
Sager gerih dalam arti harafiahnya adalah lawar ikan kering. Terkenal sebagai sambal khas Kabupaten Tabanan yang disajikan bersama nasi sele atau nasi yang dicampur dengan ketela.Ikuti cara membuat sambal sager gerih dalam buku “Pawon Bali” karya Nanik Mirna Agung terbitan PT Gramedia Pustaka Utama.
Baca juga: Resep Sambal Sere, Sambal Pelengkap Makanan Bali 
Resep sambal sager gerih
Bahan:

20 gram ikan asin
60 gram bawang merah
20 gram cabai rawit
4 gram terasi
5 gram garam
2 gram kemangi
30 gram kelapa panggang

Baca juga: Resep Sambal Bawang Merah Utuh, Sambal yang Viral di TikTok



Cara membuat sambal sager gerih:
1.","Rajang bawang merah, bawang putih, dan cabai rawit. Goreng secara terpisah.
2.","Pada Hari Minggu , 14 Maret 2021 08:00, Tabanan, Tabanan, Bali

KOMPAS.com - Kamu pencinta masakan pedas? Kamu bisa coba resep sambel sager gerih.
Sager gerih dalam arti harafiahnya adalah lawar ikan kering. Terkenal sebagai sambal khas Kabupaten Tabanan yang disajikan bersama nasi sele atau nasi yang dicampur dengan ketela.Ikuti cara membuat sambal sager gerih dalam buku “Pawon Bali” karya Nanik Mirna Agung terbitan PT Gramedia Pustaka Utama.
Baca juga: Resep Sambal Sere, Sambal Pelengkap Makanan Bali 
Resep sambal sager gerih
Bahan:

20 gram ikan asin
60 gram bawang merah
20 gram cabai rawit
4 gram terasi
5 gram garam
2 gram kemangi
30 gram kelapa panggang

Baca juga: Resep Sambal Bawang Merah Utuh, Sambal yang Viral di TikTok



Cara membuat sambal sager gerih:
1. Rajang bawang merah, bawang putih, dan cabai rawit. Goreng secara terpisah.
2. Parut kelapa yang sudah dipanggang.
3. Goreng teri asin dan rajang kecil-kecil. Campurkan semua bahan dan tambahkan daun kemangi yang telah dirajang kecil-kecil.
4. Sajikan.
Buku “Pawon Bali” karya Nanik Mirna Agung terbitan PT Gramedia Pustaka Utama bisa dibeli di Gramedia.com. 


  

    
        Bayangkan seorang anak Indonesia bercita-cita menjadi dokter tetapi hanya memiliki satu buku lusuh untuk belajar. Bersama Ekspedisi Kata ke Nyata Kompas.com, Anda bisa membantu mengubah kisah itu. Mari hadirkan akses literasi bagi anak-anak di berbagai pelosok Indonesia melalui donasi lewat tautan https://bit.ly/JagatLiterasi2026. Setiap kebaikan yang Anda berikan bukan hanya membuka jendela pengetahuan, tetapi juga membuka masa depan mereka.",Kompas.com,"Dajan Peken, 82114, Tabanan, Tabanan, Bali, Indonesia",-8.536609490935,115.13552944186335,5,"2, 7","kejaksaan, kejatibali, kejaritabanan, tabanan, news"
Bupati Tabanan Dorong Desa Wisata Kembangkan Kuliner,2013-07-17T07:00:00.000Z,"Kabupaten Tabanan, Bali, Indonesia",Bupati Tabanan Dorong Desa Wisata Kembangkan Kuliner - Kompas.com,"TABANAN, KOMPAS.com - Bupati Tabanan Ni Putu Eka Wiryastuti mendorong desa wisata di daerahnya mengembangkan kuliner khas perdesaan sebagai upaya menarik minat wisatawan. ""Tentu saja kami akan mendukung pengembangan kuliner oleh masyarakat desa wisata,"" katanya di Tabanan, Bali, Selasa (16/7/2013).Putu Eka menilai kuliner khas Bali pada umumnya monoton sehingga tidak mampu menarik minat wisatawan untuk mencicipinya.","""Kalau saja masyarakat di desa wisata mampu meramu dan menyajikan kuliner yang menggugah selera, tentu wisatawan akan betah dan ini berarti membuka kesempatan kerja bagi masyarakat perdesaan,"" kata putri pertama mantan Bupati Tabanan, Adi Wiryatama itu.Wiryastuti sangat bangga dengan kuliner yang disajikan anggota Padepokan Wirawana, Kecamatan Penebel. ""Masakannya bercita rasa tinggi dan cara penyajiannya juga tidak kalah dengan hotel berbintang,"" katanya.Padepokan itu mampu menyuguhkan ""entil"" atau ketupat khas Penebel yang disajikan bersama ""steak"" ayam dan gurami ""crispy"".Bupati baru menyadari ternyata di Tabanan selain terdapat potensi sumber daya alam yang melimpah, juga memiliki tenaga-tenaga terampil dalam bidang kuliner.","Pada Hari Rabu , 17 Juli 2013 07:00, Tabanan, Tabanan, Bali

TABANAN, KOMPAS.com - Bupati Tabanan Ni Putu Eka Wiryastuti mendorong desa wisata di daerahnya mengembangkan kuliner khas perdesaan sebagai upaya menarik minat wisatawan. ""Tentu saja kami akan mendukung pengembangan kuliner oleh masyarakat desa wisata,"" katanya di Tabanan, Bali, Selasa (16/7/2013).Putu Eka menilai kuliner khas Bali pada umumnya monoton sehingga tidak mampu menarik minat wisatawan untuk mencicipinya. ""Kalau saja masyarakat di desa wisata mampu meramu dan menyajikan kuliner yang menggugah selera, tentu wisatawan akan betah dan ini berarti membuka kesempatan kerja bagi masyarakat perdesaan,"" kata putri pertama mantan Bupati Tabanan, Adi Wiryatama itu.Wiryastuti sangat bangga dengan kuliner yang disajikan anggota Padepokan Wirawana, Kecamatan Penebel. ""Masakannya bercita rasa tinggi dan cara penyajiannya juga tidak kalah dengan hotel berbintang,"" katanya.Padepokan itu mampu menyuguhkan ""entil"" atau ketupat khas Penebel yang disajikan bersama ""steak"" ayam dan gurami ""crispy"".Bupati baru menyadari ternyata di Tabanan selain terdapat potensi sumber daya alam yang melimpah, juga memiliki tenaga-tenaga terampil dalam bidang kuliner. ""Menu yang disajikan oleh warga kita mampu menggugah selera siapa pun untuk mencicipi karena penyajiannya yang sangat apik di samping juga cara penyajiannya,"" katanya.Sementara  Wayan Wirawan selaku pengurus padepokan mengakui bahwa anggotanya mendapat pelatihan dari koki berpengalaman internasional di Bali. ""Anggota kami di Padepokan Wirawana saat ini berjumlah 30 orang. Kemampuan mereka tidak perlu diragukan lagi karena sudah mendapat pelatihan dari ’chef-chef’ andal,"" katanya.



Padepokan, lanjut Wirawan, juga memberdayakan masyarakat sekitar terutama kaum wanita yang tergabung dalam Kelompok Wanita Tani untuk menciptakan lingkungan bersih dan sehat.


  
""Selain mengembangkan kuliner, kami juga memberdayakan kaum perempuan untuk memilah sampah menjadi bank sampah. Selain mampu menciptakan lingkungan yang bersih dan sehat. Program ini juga bisa menambah pemasukan ibu-ibu kita,"" tambah Wirawan.
    
        Bayangkan seorang anak Indonesia bercita-cita menjadi dokter tetapi hanya memiliki satu buku lusuh untuk belajar. Bersama Ekspedisi Kata ke Nyata Kompas.com, Anda bisa membantu mengubah kisah itu. Mari hadirkan akses literasi bagi anak-anak di berbagai pelosok Indonesia melalui donasi lewat tautan https://bit.ly/JagatLiterasi2026. Setiap kebaikan yang Anda berikan bukan hanya membuka jendela pengetahuan, tetapi juga membuka masa depan mereka.",Kompas.com,"Dajan Peken, 82114, Tabanan, Tabanan, Bali, Indonesia",-8.536609490935,115.13552944186335,5,"2, 7","kejaksaan, kejatibali, kejaritabanan, tabanan, news"
Perumahan Terjangkau di Bawah Rp 200 Juta di Kabupaten Tabanan Pilihan Ekonomis,2024-08-04T07:00:00.000Z,"Kabupaten Tabanan, Bali, Indonesia",Perumahan Terjangkau di Bawah Rp 200 Juta di Kabupaten Tabanan: Pilihan Ekonomis - Kompas.com,"KOMPAS.com - Kabupaten Tabanan di Bali sedang menarik perhatian dari para calon pemilik rumah.
Sebagai pusat perhatian, daerah tersebut menawarkan berbagai pilihan rumah subsidi dengan harga terjangkau.
Masyarakat dapat mengakses inforamsi terkait rumah dengan harga kurang dari Rp 200 juta melalui Sistem Informasi Kumpulan Pengembang (Sikumbang).Berikut adalah beberapa pilihan rumah terjangkau di Kabupaten Tabanan:

Perumahan Taman Indah Lestari: Tipe 30/60
Terletak di Kerambitan, Kabupaten Tabanan, perumahan ini dibangun PT Puri Gita Asri seharga Rp 149 juta.
Masing-masing rumah dibuat seluas 30/60 meter persegi. Sebanyak 26 rumah telah terjual, sisanya masih 22 unit lagi.





Bca Pesona Jadi Thp 3: Tipe 25
Perumahan satu ini dikembangkan oleh PT Bumi Cempaka Asri yang terletak di Kediri, Kabupaten Tabanan.","Menawarkan 114 rumah dengan harga Rp 168 juta.
Luas bangunan rumah dibuat 25/60 meter persegi. Hingga saat ini, sudah terjual 95 rumah dan masih tersisa 19 unit lagi. 

Gedong Mandung V: Tipe 36
Berlokasi di Kerambitan, Kabupaten Tabanan, proyek perumahan ini dikembangkan oleh PT Gedong Becik Raindra seharga Rp 168 juta.
Bangunan rumah dibuat seluas 36/60 meter persegi.","Pada Hari Minggu , 4 Agustus 2024 07:00, Tabanan, Tabanan, Bali

KOMPAS.com - Kabupaten Tabanan di Bali sedang menarik perhatian dari para calon pemilik rumah.
Sebagai pusat perhatian, daerah tersebut menawarkan berbagai pilihan rumah subsidi dengan harga terjangkau.
Masyarakat dapat mengakses inforamsi terkait rumah dengan harga kurang dari Rp 200 juta melalui Sistem Informasi Kumpulan Pengembang (Sikumbang).Berikut adalah beberapa pilihan rumah terjangkau di Kabupaten Tabanan:

Perumahan Taman Indah Lestari: Tipe 30/60
Terletak di Kerambitan, Kabupaten Tabanan, perumahan ini dibangun PT Puri Gita Asri seharga Rp 149 juta.
Masing-masing rumah dibuat seluas 30/60 meter persegi. Sebanyak 26 rumah telah terjual, sisanya masih 22 unit lagi.





Bca Pesona Jadi Thp 3: Tipe 25
Perumahan satu ini dikembangkan oleh PT Bumi Cempaka Asri yang terletak di Kediri, Kabupaten Tabanan. Menawarkan 114 rumah dengan harga Rp 168 juta.
Luas bangunan rumah dibuat 25/60 meter persegi. Hingga saat ini, sudah terjual 95 rumah dan masih tersisa 19 unit lagi. 

Gedong Mandung V: Tipe 36
Berlokasi di Kerambitan, Kabupaten Tabanan, proyek perumahan ini dikembangkan oleh PT Gedong Becik Raindra seharga Rp 168 juta.
Bangunan rumah dibuat seluas 36/60 meter persegi. Hingga saat ini, masih tersedia 12 rumah dari total 26 unit yang disediakan.

Graha Kita Tahaf Ii: Tipe 35/66
Perumahan keempat ini terletak di Salamadeg Timur, Kabupaten Tabanan. Total rumah yang ditawarkan 24 unti seharga Rp 168 juta.
Bangunan rumah dibuat seluas 35/66 meter persgei. PT Jatayu Dewata masih memasarkan sisa satu rumah lagi. 

Bca Multi Jadi Ix Thp 3: Tipe 25
Di Kediri, Kabupaten Tabanan, terdapat perumahan dengan total 136 unit. Saat ini, telah terjual 95 rumah dengan harga Rp 168 juta per unit.
Bangunan-bangunan rumah dibuat seluas 25/60 meter persegi. PT Bumi Cempaka Asri masih memasarkan 41 rumah lagi.





  




    
        Bayangkan seorang anak Indonesia bercita-cita menjadi dokter tetapi hanya memiliki satu buku lusuh untuk belajar. Bersama Ekspedisi Kata ke Nyata Kompas.com, Anda bisa membantu mengubah kisah itu. Mari hadirkan akses literasi bagi anak-anak di berbagai pelosok Indonesia melalui donasi lewat tautan https://bit.ly/JagatLiterasi2026. Setiap kebaikan yang Anda berikan bukan hanya membuka jendela pengetahuan, tetapi juga membuka masa depan mereka.",Kompas.com,"Dajan Peken, 82114, Tabanan, Tabanan, Bali, Indonesia",-8.536609490935,115.13552944186335,5,"2, 7","kejaksaan, kejatibali, kejaritabanan, tabanan, news"
Tabanan Arsip Page 599 of 599,2026-09-25T16:08:02.000Z,"Kabupaten Tabanan, Bali, Indonesia",Tabanan Arsip | Page 599 of 599 - BALIPOST.com,"Pemuda Ini Sewa Mobil Untuk Curi GabahTabanan Senin, 13 Maret 2017 | 17:22:04 TABANAN, BALIPOST.com – Berdalih untuk memenuhi kebutuhan hidup dan berfoya-foya, tiga pemuda hanya tamatan SMP asal desa Sangketan, kecamatan Penebel diciduk Polisi. Ketiganya diamankan,...Galian C Kelating Akhirnya Ditutup SementaraTabanan Kamis, 9 Maret 2017 | 16:44:04 TABANAN, BALIPOST.com – Sehari setelah Ombudsman Republik Indonesia (ORI) Bali turun mengusut ijin aktivitas galian C di desa Kelating, kecamatan Kerambitan, Kamis (9/3) giliran Kepala....",,"Pada Hari Jumat , 25 September 2026 16:08, Tabanan, Tabanan, Bali

Pemuda Ini Sewa Mobil Untuk Curi GabahTabanan Senin, 13 Maret 2017 | 17:22:04 TABANAN, BALIPOST.com – Berdalih untuk memenuhi kebutuhan hidup dan berfoya-foya, tiga pemuda hanya tamatan SMP asal desa Sangketan, kecamatan Penebel diciduk Polisi. Ketiganya diamankan,...Galian C Kelating Akhirnya Ditutup SementaraTabanan Kamis, 9 Maret 2017 | 16:44:04 TABANAN, BALIPOST.com – Sehari setelah Ombudsman Republik Indonesia (ORI) Bali turun mengusut ijin aktivitas galian C di desa Kelating, kecamatan Kerambitan, Kamis (9/3) giliran Kepala...",BALIPOST.com,"Dajan Peken, 82114, Tabanan, Tabanan, Bali, Indonesia",-8.536609490935,115.13552944186335,5,"2, 7","kejaksaan, kejatibali, kejaritabanan, tabanan, news"
Belajar Tentang Herbal dan Kopi Aktivitas Wisata Baru di Tabanan,2016-12-13T08:00:00.000Z,"Kabupaten Tabanan, Bali, Indonesia","Belajar Tentang Herbal dan Kopi, Aktivitas Wisata Baru di Tabanan - Kompas.com","JAKARTA, KOMPAS.com - Bali kini memiliki obyek wisata edukasi baru bernama Bali Secret Garden. Wisatawan bisa belajar tentang kekayaan herbal Indonesia yang belum banyak diketahui.","Misalnya, pembuatan lulur tradisional dan keunggulan kopi Tanah Air.""Ini objek wisata dan edukasi herborist pertama di Bali Utara. Namanya Bali Secret Garden.","Pada Hari Selasa , 13 Desember 2016 08:00, Tabanan, Tabanan, Bali

JAKARTA, KOMPAS.com - Bali kini memiliki obyek wisata edukasi baru bernama Bali Secret Garden. Wisatawan bisa belajar tentang kekayaan herbal Indonesia yang belum banyak diketahui. Misalnya, pembuatan lulur tradisional dan keunggulan kopi Tanah Air.""Ini objek wisata dan edukasi herborist pertama di Bali Utara. Namanya Bali Secret Garden. Wahananya telah resmi dibuka per 9 Desember 2016 oleh Menteri Pariwisata Arief Yahya. Ini menjadi destinasi baru pariwisata Bali,” terang Ketua Tim Percepatan Wisata Kuliner dan Belanja Kemenpar, Vita Datau Messakh seperti dikutip dari siaran pers Kementerian Pariwisata kepada KompasTravel, Senin (12/12/2016).Secara arsitektur, bangunan Secret Garden Village adalah perpaduan unsur modern dan tradisional khas Bali. Bangunan di Secret Garden Village ini terinspirasi dari pegunungan yang ada di sekitar Tabanan.Di Bali Secret Garden, wisatawan bisa mengunjungi Oemah Herborist Factory Outlet dan menjumpai salah satu produk kecantikan yang terkenal dengan lulur khas Bali-nya. Di area ini, pengunjung akan diajak mengunjungi Beauty Heritage Museum yang menyimpan sejarah dunia kecantikan dan kosmetik di Indonesia. Pengunjung juga bisa membuat kosmetik dari bahan alami di area mini plant serta menonton film pendek tentang kosmetik Indonesia dari masa ke masa.
Selanjutnya, ada wisata edukasi tentang kopi di Black Eye Coffee and Roastery yang bisa dinikmati. Di bagian ini, pengunjung bisa mempelajari proses pembuatan kopi berkualitas tinggi yang diracik langsung oleh para barista.
Dok. Bali Secret Garden Bagi pecinta kopi, Black Eye Coffee memberikan Anda kesempatan untuk menjelajah museum kopi, melihat proses pembuatan mulai dari pemrosesan biji mentah hingga menjadi kopi bubuk berkualitas tinggi, menyesap lezatnya kopi dari berbagai macam jenis, dan tentunya memilih berbagai jenis kopi untuk Anda bawa pulang.Sambil beristirahat sejenak, pengunjung juga bisa menikmati berbagai jenis kopi khas Nusantara seperti Kopi Toraja, Aceh, Lampung, Jawa, dan kopi dari beragam daerah lain.




“Kopi yang diolah di sini semuanya adalah kopi khas Nusantara, namun pengolahannya menggunakan mesin yang modern,” tambah Vita.
Bagi pecinta kopi, Black Eye Coffee memberikan Anda kesempatan untuk menjelajah museum kopi, melihat proses pembuatan mulai dari proses pengolahan biji mentah hingga menjadi kopi bubuk berkualitas tinggi, menyesap lezatnya kopi dari berbagai macam jenis, dan tentunya memilih berbagai jenis kopi untuk Anda bawa pulang.
Selain dua aktivitas tersebut, Anda dapat menikmati indahnya alam Bedugul yang dikelilingi perbukitan sambil menikmati kuliner lezat khas Bali dan menu internasional di Rice View Resto. Tempat makan ini khusus untuk BBQ, sementara The Luwus Resto yang menyediakan menu Nusantara dan menu masakan Asia.
“Menu tradisional Tabanan Bebek Luwung menjadi makanan andalan tempat ini, selain makanan seafood dan makanan Western lainnya. Bebek luwung diolah dengan bumbu khas Bali yang memberikan pengalaman rasa secara lengkap,” terang wanita yang juga menjabat Ketua Akademi Gastronomi Indonesia itu.Dok. Bali Secret Garden Gourmet Bali Secret GardenBagi yang suka swafoto, silahkan arahkan pandangan ke Beauty Garden dengan hiasan taman yang indah. 
“Konsep Gourmet Beauty tersaji secara indah dan dapat diekpresikan sebagai usaha menggabungkan pengalaman panca indra yang lengkap visual, rasa, penciuman, pendengaran dan sentuhan. Sangat cocok untuk wisata keluarga. Ini menjadi aset promosi untuk mendatangkan wisatawan mancanegara khususnya wisatawan gastronomi,” tambah Vita.
Menpar Arief Yahya menilai objek wisata baru ini berhasil menggabungkan pariwisata dan ekonomi kreatif. Menurutnya, Secret Garden Village akan ikut membantu upaya pemerintah meningkatkan kontribusi pariwisata dan ekonomi kreatif.
“Bangsa ini hanya bisa menangkan persaingan di ekonomi kreatif.‎ Kita akan menangkan persaingan dengan relatif mudah di pariwisata dan ekonomi kreatif,” jelasnya.
Dia memaparkan objek wisata di kawasan Bali Utara ini menggabungkan ekonomi kreatif kuliner dan fashion khususnya produk kosmetik. Dua pilihan tersebut dinilai sangat bagus, karena kedua sektor tersebut merupakan penyumbang terbesar devisa dari ekonomi kreatif.
Dok. Bali Secret Garden Gourmet Bali Secret Garden Pemilik Secret Garden Village, Billy Hartono Salim mengharapkan keberadaan objek baru ini dapat menjadi ikon baru di Bali khususnya di Kabupaten Tabanan.
“Keberadaan objek baru ini sekaligus untuk menempatkan investasi tidak terbatas di Bali selatan saja, tetapi ke utara,” jelas Billy yang beruntung bisa dihadiri Menpar Arief Yahya.
Bagi yang ingin menyambangi Bali Secret Garden, lokasinya terbilang mudah dijangkau. Destinasi wisata dengan slogan ""The Next Iconic Destination of Bali Island"" itu terletak di Tabanan Km 36.


  


        Bayangkan seorang anak Indonesia bercita-cita menjadi dokter tetapi hanya memiliki satu buku lusuh untuk belajar. Bersama Ekspedisi Kata ke Nyata Kompas.com, Anda bisa membantu mengubah kisah itu. Mari hadirkan akses literasi bagi anak-anak di berbagai pelosok Indonesia melalui donasi lewat tautan https://bit.ly/JagatLiterasi2026. Setiap kebaikan yang Anda berikan bukan hanya membuka jendela pengetahuan, tetapi juga membuka masa depan mereka.",Kompas.com,"Dajan Peken, 82114, Tabanan, Tabanan, Bali, Indonesia",-8.536609490935,115.13552944186335,5,"2, 7","kejaksaan, kejatibali, kejaritabanan, tabanan, news"
Bus yang Angkut 42 Siswa SMP di Surabaya Kecelakaan di Tabanan Pihak Sekolah Beri Layanan Trauma Healing,2022-06-21T07:00:00.000Z,"Kabupaten Tabanan, Bali, Indonesia","Bus yang Angkut 42 Siswa SMP di Surabaya Kecelakaan di Tabanan, Pihak Sekolah Beri Layanan ""Trauma Healing"" - Kompas.com","SURABAYA, KOMPAS.com - Rombongan siswa Sekolah Menengah Pertama (SMP) Labschool Unesa 2 Surabaya telah tiba di Surabaya, Senin (20/6/2022) setelah bus yang membawa mereka mengalami tabrakan beruntun di Baturiti, Tabanan, Bali.
Kecelakaan tersebut mengakibatkan satu orang tewas dan delapan lainnya luka-luka.
Baca juga: Pengakuan Sopir Bus, Tersangka Tabrakan Beruntun di Tabanan Bali: Kalau Saya Buang ke Kiri, Korban Mungkin Lebih BanyakSebanyak 42 siswa dan empat guru yang berada di dalam bus, semuanya kini tengah menjalani trauma healing dari tim Satuan Mitigasi Crisis Center (SMCC) Universitas Negeri Surabaya (UNESA).
Wakil Bidang Akademik Badan Pengelolaan Labschool Unesa, Widya Nusantara menerangkan bahwa trauma healing tersebut melibatkan semua siswa dan guru yang tergabung dalam rombongan study tour ke Bali.
Baca juga: Sebelum Tabrakan Beruntun di Tabanan, Penumpang Cium Bau Terbakar lalu Bus Melaju Zig-zag




Menurutnya, penumpang bus tentu merasakan syok usai mengalami kejadian tersebut.
""Sebagai orangtua tentulah ada rasa khawatir. Karena itu kita berikan penanganan juga.","Siswa aman dan ini kita kembalikan kondisi psikologisnya dan kita harapkan orangtua juga tenang,” kata Widya kepada Kompas.com, Selasa (21/6/2022).
Baca juga: Kecelakaan Maut di Baturiti Tabanan, Sopir Bus Pariwisata Jadi Tersangka


Widya menjelaskan, sejak rombongan korban tiba di Surabaya, tim SMCC telah melakukan asesmen untuk memastikan bahwa kondisi siswa baik-baik saja.
Ternyata ada empat orang yang mengalami luka terkena serpihan kaca, termasuk satu guru olahraga. 
“Kami sudah cek. Clear, tidak ada yang sampai parah.","Pada Hari Selasa , 21 Juni 2022 07:00, Tabanan, Tabanan, Bali

SURABAYA, KOMPAS.com - Rombongan siswa Sekolah Menengah Pertama (SMP) Labschool Unesa 2 Surabaya telah tiba di Surabaya, Senin (20/6/2022) setelah bus yang membawa mereka mengalami tabrakan beruntun di Baturiti, Tabanan, Bali.
Kecelakaan tersebut mengakibatkan satu orang tewas dan delapan lainnya luka-luka.
Baca juga: Pengakuan Sopir Bus, Tersangka Tabrakan Beruntun di Tabanan Bali: Kalau Saya Buang ke Kiri, Korban Mungkin Lebih BanyakSebanyak 42 siswa dan empat guru yang berada di dalam bus, semuanya kini tengah menjalani trauma healing dari tim Satuan Mitigasi Crisis Center (SMCC) Universitas Negeri Surabaya (UNESA).
Wakil Bidang Akademik Badan Pengelolaan Labschool Unesa, Widya Nusantara menerangkan bahwa trauma healing tersebut melibatkan semua siswa dan guru yang tergabung dalam rombongan study tour ke Bali.
Baca juga: Sebelum Tabrakan Beruntun di Tabanan, Penumpang Cium Bau Terbakar lalu Bus Melaju Zig-zag




Menurutnya, penumpang bus tentu merasakan syok usai mengalami kejadian tersebut.
""Sebagai orangtua tentulah ada rasa khawatir. Karena itu kita berikan penanganan juga. Siswa aman dan ini kita kembalikan kondisi psikologisnya dan kita harapkan orangtua juga tenang,” kata Widya kepada Kompas.com, Selasa (21/6/2022).
Baca juga: Kecelakaan Maut di Baturiti Tabanan, Sopir Bus Pariwisata Jadi Tersangka


Widya menjelaskan, sejak rombongan korban tiba di Surabaya, tim SMCC telah melakukan asesmen untuk memastikan bahwa kondisi siswa baik-baik saja.
Ternyata ada empat orang yang mengalami luka terkena serpihan kaca, termasuk satu guru olahraga. 
“Kami sudah cek. Clear, tidak ada yang sampai parah. Yang lecet dikit pun baik-baik saja dan beraktivitas seperti biasanya. Namun secara psikis perlu diberikan penanganan. Ini kami pihak sekolah dan SMCC benar-benar fokus penanganan psikologis dan pendampingan. Untuk aktivitas sekolah kami undur dulu sampai penanganan selesai,” terangnya.
Baca juga: PN Surabaya Izinkan Pasangan Beda Agama Menikah, Ini PertimbangannyaWiryo Nuryono, Ketua Divisi  SMCC UNESA menyatakan, sekitar 20 personel yang terdiri dari konselor dan psikolog UNESA terlibat untuk memberikan penanganan kepada seluruh siswa baik kelas VII maupun kelas VIII.
Penanganan juga menyasar kepada guru dan orangtua siswa. 
Ada penanganan yang bersifat individual dan ada yang berkelompok, didasarkan pada tingkat trauma atau kondisi psikis yang dialami siswa.
“Untuk yang individual ada timnya sendiri, pendekatannya sendiri dan ruangannya sendiri. Begitu pun yang kelompok. Semua sudah disiapkan dan ini sedang proses healing. Nanti teman-teman dari Pemkot mau ke sini, kami sudah koordinasi. Kita sama-sama beri treatment,” ucapnya.  
Baca juga: Kronologi Kecelakaan Beruntun Bus Pariwisata Tabrak 10 Kendaraan di Tabanan Bali
Melihat kondisi keparahan trauma yang dialami korban, Wiryo tidak bisa menargetkan kapan semua korban kembali normal, sebab kondisi psikologi masing-masing korban tidak sama.
“Mengenai sampai kapan treatment ini berlangsung, belum bisa ditentukan, karena trauma seseorang kadang bisa ditangani cepat kadang bisa lama. Tidak bisa diprediksi. Namun kami tetap memberikan yang terbaik sampai semua kembali pulih,” pungkas dia.
Rombongan siswa SMP Labschool Unesa 2 Surabaya berangkat ke Bali dalam rangka study tour.
Mereka bertolak dari Surabaya pada Jumat melalui jalur utara, menggunakan tiga kendaraan yakni dua bus pariwisata dan satu Hiace.
Total ada 88 orang yang ikut dalam rombongan itu. Rinciannya, 62 siswa kelas VII dan VIII, 25 guru, dan satu keluarga guru.
Namun bus yang membawa 46 orang mengalami kecelakaan beruntun di Baturiti, Tabanan.




  

    
        Bayangkan seorang anak Indonesia bercita-cita menjadi dokter tetapi hanya memiliki satu buku lusuh untuk belajar. Bersama Ekspedisi Kata ke Nyata Kompas.com, Anda bisa membantu mengubah kisah itu. Mari hadirkan akses literasi bagi anak-anak di berbagai pelosok Indonesia melalui donasi lewat tautan https://bit.ly/JagatLiterasi2026. Setiap kebaikan yang Anda berikan bukan hanya membuka jendela pengetahuan, tetapi juga membuka masa depan mereka.",Kompas.com,"Dajan Peken, 82114, Tabanan, Tabanan, Bali, Indonesia",-8.536609490935,115.13552944186335,5,"2, 7","kejaksaan, kejatibali, kejaritabanan, tabanan, news"
Berita Kilas Daerah Kabupaten Tabanan Hari Ini,2024-07-17T05:27:07.000Z,"Kabupaten Tabanan, Bali, Indonesia",Berita Kilas Daerah Kabupaten Tabanan Hari Ini - kilasdaerah.kompas.com,"TABANAN
                    

            
    
        
            
                
                
                
                    Tabanan Jadi Kabupaten Terbaik III Tekan Kemiskinan dan Stunting di Jawa-Bali
                    Salah satu inovasi yang terbukti mampu mendukung percepatan penurunan stunting di Kabupaten Tabanan adalah program unggulan Bupati Ngantor di Desa.
                    
                        
                            
                                TABANAN
                            
                            
                                5 Juni 2026
                            
                        
                    
                
            
        
    
    
                                      
            
                
                    
                    
                    
                        Kunjungan Ke-55 Program 'Bungan Desa', Bupati Tabanan Fokus Kembangkan Potensi Lokal
                        
                            
                                
                                    TABANAN
                                
                                
                                    30 Juli 2024
                                
                            
                        
                    
                
            
                          
            
                
                    
                    
                    
                        Ikuti Pesan Bung Karno, Bupati Tabanan Dorong KTNA Jaga Kemandirian Pangan
                        
                            
                                
                                    TABANAN
                                
                                
                                    29 Juli 2024
                                
                            
                        
                    
                
            
                          
            
                
                    
                    
                    
                        Ketua TP-PKK Tabanan Intensifkan Program Sosial di Marga dan Baturiti
                        
                            
                                
                                    TABANAN
                                
                                
                                    27 Juli 2024
                                
                            
                        
                    
                
            
                    

        

                
            
                
                    Feature
                
            

            
    
        
            
            
            
                Ketua TP-PKK Tabanan Intensifkan Program Sosial di Marga dan Baturiti
                
                    
                        
                            TABANAN
                        
                        
                            27 Juli 2024
                        
                    
                
            
        
    

        
        
                
            
                
                    All News
                
            

            
                 
    
        
            
            
            
                Ngantor di Desa Buahan, Bupati Tabanan Apresiasi Inovasi Mi Kelor yang Unik dan Sehat
                
                    
                        
                            TABANAN
                        
                        
                            26 Juli 2024
                        
                    
                
            
        
    

    
        
            
            
            
                Lestarikan Budaya dan Tradisi, Bupati Tabanan Pimpin Bhakti Penganyar di 2 Pura Suci di Jatim
                
                    
                        
                            TABANAN
                        
                        
                            23 Juli 2024
                        
                    
                
            
        
    

    
        
            
            
            
                Ceria dan Penuh Semangat, Anak-anak Belajar Story Telling bersama Bunda PAUD Tabanan
                
                    
                        
                            TABANAN
                        
                        
                            17 Juli 2024
                        
                    
                
            
        
    

    
        
            
            
            
                Festival Jatiluwih V Sukses Digelar, Bupati Tabanan Apresiasi Seluruh Pihak yang Terlibat
                
                    
                        
                            TABANAN
                        
                        
                            17 Juli 2024.",,"Pada Hari Rabu , 17 Juli 2024 05:27, Tabanan, Tabanan, Bali

TABANAN
                    

            
    
        
            
                
                
                
                    Tabanan Jadi Kabupaten Terbaik III Tekan Kemiskinan dan Stunting di Jawa-Bali
                    Salah satu inovasi yang terbukti mampu mendukung percepatan penurunan stunting di Kabupaten Tabanan adalah program unggulan Bupati Ngantor di Desa.
                    
                        
                            
                                TABANAN
                            
                            
                                5 Juni 2026
                            
                        
                    
                
            
        
    
    
                                      
            
                
                    
                    
                    
                        Kunjungan Ke-55 Program 'Bungan Desa', Bupati Tabanan Fokus Kembangkan Potensi Lokal
                        
                            
                                
                                    TABANAN
                                
                                
                                    30 Juli 2024
                                
                            
                        
                    
                
            
                          
            
                
                    
                    
                    
                        Ikuti Pesan Bung Karno, Bupati Tabanan Dorong KTNA Jaga Kemandirian Pangan
                        
                            
                                
                                    TABANAN
                                
                                
                                    29 Juli 2024
                                
                            
                        
                    
                
            
                          
            
                
                    
                    
                    
                        Ketua TP-PKK Tabanan Intensifkan Program Sosial di Marga dan Baturiti
                        
                            
                                
                                    TABANAN
                                
                                
                                    27 Juli 2024
                                
                            
                        
                    
                
            
                    

        

                
            
                
                    Feature
                
            

            
    
        
            
            
            
                Ketua TP-PKK Tabanan Intensifkan Program Sosial di Marga dan Baturiti
                
                    
                        
                            TABANAN
                        
                        
                            27 Juli 2024
                        
                    
                
            
        
    

        
        
                
            
                
                    All News
                
            

            
                 
    
        
            
            
            
                Ngantor di Desa Buahan, Bupati Tabanan Apresiasi Inovasi Mi Kelor yang Unik dan Sehat
                
                    
                        
                            TABANAN
                        
                        
                            26 Juli 2024
                        
                    
                
            
        
    

    
        
            
            
            
                Lestarikan Budaya dan Tradisi, Bupati Tabanan Pimpin Bhakti Penganyar di 2 Pura Suci di Jatim
                
                    
                        
                            TABANAN
                        
                        
                            23 Juli 2024
                        
                    
                
            
        
    

    
        
            
            
            
                Ceria dan Penuh Semangat, Anak-anak Belajar Story Telling bersama Bunda PAUD Tabanan
                
                    
                        
                            TABANAN
                        
                        
                            17 Juli 2024
                        
                    
                
            
        
    

    
        
            
            
            
                Festival Jatiluwih V Sukses Digelar, Bupati Tabanan Apresiasi Seluruh Pihak yang Terlibat
                
                    
                        
                            TABANAN
                        
                        
                            17 Juli 2024",kilasdaerah.kompas.com,"Dajan Peken, 82114, Tabanan, Tabanan, Bali, Indonesia",-8.536609490935,115.13552944186335,5,"2, 7","kejaksaan, kejatibali, kejaritabanan, tabanan, news"
Perangkat Desa di Tabanan Tilap Dana Desa Uang Rp 850 Juta Ditransfer ke Rekening Pribadi,2025-09-25T07:00:00.000Z,"Kabupaten Tabanan, Bali, Indonesia","Perangkat Desa di Tabanan Tilap Dana Desa, Uang Rp 850 Juta Ditransfer ke Rekening Pribadi - Kompas.com","TABANAN, KOMPAS.com – Kejaksaan Negeri (Kejari) Tabanan menahan seorang perangkat Desa Jegu, Kecamatan Penebel, Kabupaten Tabanan, Bali, berinisial IGPPW.
Pria yang menjabat sebagai Kepala Urusan (Kaur) Perencanaan sekaligus operator Sistem Keuangan Desa (Siskeudes) itu diduga menilal dana desa sebesar Rp 850,5 juta.
Kepala Seksi Intelijen Kejari Tabanan, Putu Nuryanto, mengatakan dana tersebut IGPPW transfer ke rekening pribadi IGPPW.""Modusnya, tersangka mentransfer kas desa ke rekening pribadinya tanpa sepengetahuan bendahara, sekretaris desa, maupun kepala desa,"" kata Nuryanto, Kamis (25/9/2025).
Baca juga: Plt Bupati Nduga Salurkan Dana Desa Rp 4 Miliar untuk 2 Distrik
Perbuatan itu diduga dilakukan tersangka sejak Oktober 2023 hingga 2024.




Selama periode tersebut, IGPPW diduga 18 kali mentransfer dana desa ke rekening pribadinya dengan total Rp 267,5 juta pada 2023.
Kemudian pada 2024, IGPPW kembali melakukan 46 kali transaksi dengan total Rp 583 juta.
""Tersangka bisa melakukan itu karena menguasai user ID, password, dan token internet banking desa. Seharusnya akses itu tidak boleh digunakan tanpa persetujuan perangkat desa lain,"" jelasnya.Baca juga: Eks Kades di Sergai Ditahan gara-gara Korupsi Dana Desa Rp 214 Juta
Untuk menutupi aksinya, IGPPW disebut memanipulasi laporan transaksi dengan menghapus namanya dari bukti transfer sebelum diserahkan ke kepala desa dan bendahara desa.
Aksi IGPPW terbongkar pada Oktober 2024 ketika sekretaris desa menemukan kejanggalan.
Honor kegiatan rutin desa, seperti posyandu dan kebersihan, sering terlambat dibayarkan.","Saat rekening kas desa diperiksa, saldo yang tersisa hanya Rp 900 ribu.
Berdasarkan audit Badan Pengawasan Keuangan dan Pembangunan (BPKP) Provinsi Bali, perbuatan IGPPW menimbulkan kerugian negara senilai Rp 850.552.992.
Atas perbuatannya, IGPPW disangka dengan Pasal 2 ayat (1), Pasal 3, dan Pasal 9 juncto Pasal 18 Undang-Undang Tipikor serta Pasal 64 ayat (1) KUHP.
""Jaksa Penuntut Umum melakukan penahanan selama 20 hari ke depan, terhitung sejak 23 September hingga 12 Oktober 2025, di Lapas Kelas IIA Kerobokan,"" pungkas Nuryanto.




  

    
        Bayangkan seorang anak Indonesia bercita-cita menjadi dokter tetapi hanya memiliki satu buku lusuh untuk belajar. Bersama Ekspedisi Kata ke Nyata Kompas.com, Anda bisa membantu mengubah kisah itu.","Pada Hari Kamis , 25 September 2025 07:00, Tabanan, Tabanan, Bali

TABANAN, KOMPAS.com – Kejaksaan Negeri (Kejari) Tabanan menahan seorang perangkat Desa Jegu, Kecamatan Penebel, Kabupaten Tabanan, Bali, berinisial IGPPW.
Pria yang menjabat sebagai Kepala Urusan (Kaur) Perencanaan sekaligus operator Sistem Keuangan Desa (Siskeudes) itu diduga menilal dana desa sebesar Rp 850,5 juta.
Kepala Seksi Intelijen Kejari Tabanan, Putu Nuryanto, mengatakan dana tersebut IGPPW transfer ke rekening pribadi IGPPW.""Modusnya, tersangka mentransfer kas desa ke rekening pribadinya tanpa sepengetahuan bendahara, sekretaris desa, maupun kepala desa,"" kata Nuryanto, Kamis (25/9/2025).
Baca juga: Plt Bupati Nduga Salurkan Dana Desa Rp 4 Miliar untuk 2 Distrik
Perbuatan itu diduga dilakukan tersangka sejak Oktober 2023 hingga 2024.




Selama periode tersebut, IGPPW diduga 18 kali mentransfer dana desa ke rekening pribadinya dengan total Rp 267,5 juta pada 2023.
Kemudian pada 2024, IGPPW kembali melakukan 46 kali transaksi dengan total Rp 583 juta.
""Tersangka bisa melakukan itu karena menguasai user ID, password, dan token internet banking desa. Seharusnya akses itu tidak boleh digunakan tanpa persetujuan perangkat desa lain,"" jelasnya.Baca juga: Eks Kades di Sergai Ditahan gara-gara Korupsi Dana Desa Rp 214 Juta
Untuk menutupi aksinya, IGPPW disebut memanipulasi laporan transaksi dengan menghapus namanya dari bukti transfer sebelum diserahkan ke kepala desa dan bendahara desa.
Aksi IGPPW terbongkar pada Oktober 2024 ketika sekretaris desa menemukan kejanggalan.
Honor kegiatan rutin desa, seperti posyandu dan kebersihan, sering terlambat dibayarkan. Saat rekening kas desa diperiksa, saldo yang tersisa hanya Rp 900 ribu.
Berdasarkan audit Badan Pengawasan Keuangan dan Pembangunan (BPKP) Provinsi Bali, perbuatan IGPPW menimbulkan kerugian negara senilai Rp 850.552.992.
Atas perbuatannya, IGPPW disangka dengan Pasal 2 ayat (1), Pasal 3, dan Pasal 9 juncto Pasal 18 Undang-Undang Tipikor serta Pasal 64 ayat (1) KUHP.
""Jaksa Penuntut Umum melakukan penahanan selama 20 hari ke depan, terhitung sejak 23 September hingga 12 Oktober 2025, di Lapas Kelas IIA Kerobokan,"" pungkas Nuryanto.




  

    
        Bayangkan seorang anak Indonesia bercita-cita menjadi dokter tetapi hanya memiliki satu buku lusuh untuk belajar. Bersama Ekspedisi Kata ke Nyata Kompas.com, Anda bisa membantu mengubah kisah itu. Mari hadirkan akses literasi bagi anak-anak di berbagai pelosok Indonesia melalui donasi lewat tautan https://bit.ly/JagatLiterasi2026. Setiap kebaikan yang Anda berikan bukan hanya membuka jendela pengetahuan, tetapi juga membuka masa depan mereka.",Kompas.com,"Dajan Peken, 82114, Tabanan, Tabanan, Bali, Indonesia",-8.536609490935,115.13552944186335,5,"2, 7","kejaksaan, kejatibali, kejaritabanan, tabanan, news"
Pemuka Agama di Tabanan Bali Jadi Tersangka Pelecehan Seksual,2023-10-13T07:00:00.000Z,"Kabupaten Tabanan, Bali, Indonesia",Pemuka Agama di Tabanan Bali Jadi Tersangka Pelecehan Seksual - Kompas.com,"TABANAN, KOMPAS.com - Polres Tabanan menetapkan seorang pemuka agama berinisial KDA di Kabupaten Tabanan, Provinsi Bali, atas kasus dugaan pelecehan seksual terhadap seorang perempuan berinisial NCK (22). Kapolres Tabanan, AKBP Leo Dedy Defretes mengatakan tersangka dijerat Pasal 6 huruf a Undang-undang RI No 12 tahun 2022 tentang Tindak Pidana Kekerasan Seksual (TPKS).
""Konstruksi pasal yang kami pakai adalah UU No 12 tahun 2022 Pasal 6 huruf a tentang TPKS,"" ujarnya, Jumat (13/10/2023) dalam keterangan pers di Mapolres Tabanan.Baca juga: Kasus Pelecehan Seksual, 2 Eks Mahasiswa FK Unand Divonis 9 Bulan Penjara
Polisi masih mendalami penyidikan penanganan kasus tersebut.","Dalam proses penyidikan itu, penyidik berkoordinasi dengan Jaksa Penuntut Umum (JPU) terkait pasal yang disangkakan.
Menurutnya, tak menutup kemungkinan polisi akan mengenakan pasal tambahan terhadap tersangka. ""Kami mohon waktu, dalam proses penyidikan ini tidak berhenti sampai di pasal ini saja.","Pada Hari Jumat , 13 Oktober 2023 07:00, Tabanan, Tabanan, Bali

TABANAN, KOMPAS.com - Polres Tabanan menetapkan seorang pemuka agama berinisial KDA di Kabupaten Tabanan, Provinsi Bali, atas kasus dugaan pelecehan seksual terhadap seorang perempuan berinisial NCK (22). 
Kapolres Tabanan, AKBP Leo Dedy Defretes mengatakan tersangka dijerat Pasal 6 huruf a Undang-undang RI No 12 tahun 2022 tentang Tindak Pidana Kekerasan Seksual (TPKS).
""Konstruksi pasal yang kami pakai adalah UU No 12 tahun 2022 Pasal 6 huruf a tentang TPKS,"" ujarnya, Jumat (13/10/2023) dalam keterangan pers di Mapolres Tabanan.Baca juga: Kasus Pelecehan Seksual, 2 Eks Mahasiswa FK Unand Divonis 9 Bulan Penjara
Polisi masih mendalami penyidikan penanganan kasus tersebut. Dalam proses penyidikan itu, penyidik berkoordinasi dengan Jaksa Penuntut Umum (JPU) terkait pasal yang disangkakan.
Menurutnya, tak menutup kemungkinan polisi akan mengenakan pasal tambahan terhadap tersangka. 




""Kami mohon waktu, dalam proses penyidikan ini tidak berhenti sampai di pasal ini saja. Kami akan koordinasi dengan kejaksaan untuk kemungkinan menggunakan penambahan pasal lain,"" sambung dia.Hingga saat ini, polisi telah memeriksa setidaknya tujuh orang saksi dan mengumpulkan sejumlah barang bukti dalam kasus tersebut.
""Kami melakukan pendalaman dan kemungkinan dilakukan pemanggilan terhadap saksi-saksi lainnya,"" katanya.
Adapun tersangka diduga melecehkan korban di sebuah kos-kosan di Desa Pandak Gede, Kecamatan Kediri, Kabupaten Tabanan, pada, Kamis (21/9/2023) malam.
Baca juga: Dugaan Pelecehan Seksual di UIN Salatiga, Polisi Sebut Belum Ada Laporan 
Kejadian dugaan pelecehan seksual ini sempat diunggah oleh pegiat media sosial dan viral.




  

    
        Bayangkan seorang anak Indonesia bercita-cita menjadi dokter tetapi hanya memiliki satu buku lusuh untuk belajar. Bersama Ekspedisi Kata ke Nyata Kompas.com, Anda bisa membantu mengubah kisah itu. Mari hadirkan akses literasi bagi anak-anak di berbagai pelosok Indonesia melalui donasi lewat tautan https://bit.ly/JagatLiterasi2026. Setiap kebaikan yang Anda berikan bukan hanya membuka jendela pengetahuan, tetapi juga membuka masa depan mereka.",Kompas.com,"Dajan Peken, 82114, Tabanan, Tabanan, Bali, Indonesia",-8.536609490935,115.13552944186335,5,"2, 7","kejaksaan, kejatibali, kejaritabanan, tabanan, news"
Ketua SMSI Tabanan Disorot Rangkap Jabatan hingga Kedekatan dengan Kekuasaan Dipertanyakan SMSI Pusat Didorong Turun Tangan,2026-09-25T14:02:00.000Z,"Kabupaten Tabanan, Bali, Indonesia","Ketua SMSI Tabanan Disorot: Rangkap Jabatan hingga Kedekatan dengan Kekuasaan Dipertanyakan, SMSI Pusat Didorong Turun Tangan - suryaindonesia.net","403 Forbidden
Request forbidden by administrative rules..",,"Pada Hari Jumat , 25 September 2026 14:02, Tabanan, Tabanan, Bali

403 Forbidden
Request forbidden by administrative rules.",suryaindonesia.net,"Dajan Peken, 82114, Tabanan, Tabanan, Bali, Indonesia",-8.536609490935,115.13552944186335,5,"2, 7","kejaksaan, kejatibali, kejaritabanan, tabanan, news"
Pendaki 80 Tahun Tersesat di Gunung Batukaru Tabanan Tim SAR Gunakan Drone untuk Pencarian,2026-04-26T07:00:00.000Z,"Kabupaten Tabanan, Bali, Indonesia","Pendaki 80 Tahun Tersesat di Gunung Batukaru Tabanan, Tim SAR Gunakan Drone untuk Pencarian - Kompas.com","TABANAN, KOMPAS.com — Seorang pendaki lanjut usia (lansia) hilang diduga tersesat di Gunung Batukaru, Kecamatan Penebel, Kabupaten Tabanan, Bali. Hingga Minggu (26/4/2026), tim SAR gabungan masih melakukan upaya pencarian terhadap korban.
Korban diketahui bernama Made Dibya (80), warga asal Penebel, Tabanan.","Ia dilaporkan terpisah dari rombongan saat melakukan pendakian pada Sabtu (25/4/2026) sekitar pukul 14.00 Wita.Kepala Basarnas Bali, I Nyoman Sidakarya menyebut, Basarnas menerima laporan kejadian tersebut pada Minggu pukul 04.40 Wita dari BPBD Kabupaten Tabanan.
Baca juga: Sempat Digendong, Pendaki Wanita Ditemukan Lemas di Bukit Pao Bangka Tengah
Berdasarkan informasi, Made Dibya awalnya mendaki bersama 13 orang lainnya melalui jalur Desa Sarin Buana sekitar pukul 06.00 Wita.




Namun, dalam perjalanan hanya 10 orang yang melanjutkan pendakian.
“Sore harinya, saat rombongan sudah kembali ke titik awal, baru disadari ada satu orang yang belum bergabung,” ucap dia, Minggu dalam keterangannya.Pencarian awal dilakukan oleh BPBD Kabupaten Tabanan bersama warga setempat. Namun belum membuahkan hasil.
Baca juga: Dua Pendaki Pemula Tersesat di Gunung Lawu, Ditemukan Selamat
Untuk memperluas pencarian, Basarnas Bali mengerahkan tujuh personel ke lokasi pada Minggu pagi.","Pada Hari Minggu , 26 April 2026 07:00, Tabanan, Tabanan, Bali

TABANAN, KOMPAS.com — Seorang pendaki lanjut usia (lansia) hilang diduga tersesat di Gunung Batukaru, Kecamatan Penebel, Kabupaten Tabanan, Bali. 
Hingga Minggu (26/4/2026), tim SAR gabungan masih melakukan upaya pencarian terhadap korban.
Korban diketahui bernama Made Dibya (80), warga asal Penebel, Tabanan. Ia dilaporkan terpisah dari rombongan saat melakukan pendakian pada Sabtu (25/4/2026) sekitar pukul 14.00 Wita.Kepala Basarnas Bali, I Nyoman Sidakarya menyebut, Basarnas menerima laporan kejadian tersebut pada Minggu pukul 04.40 Wita dari BPBD Kabupaten Tabanan.
Baca juga: Sempat Digendong, Pendaki Wanita Ditemukan Lemas di Bukit Pao Bangka Tengah
Berdasarkan informasi, Made Dibya awalnya mendaki bersama 13 orang lainnya melalui jalur Desa Sarin Buana sekitar pukul 06.00 Wita.




Namun, dalam perjalanan hanya 10 orang yang melanjutkan pendakian.
“Sore harinya, saat rombongan sudah kembali ke titik awal, baru disadari ada satu orang yang belum bergabung,” ucap dia, Minggu dalam keterangannya.Pencarian awal dilakukan oleh BPBD Kabupaten Tabanan bersama warga setempat. Namun belum membuahkan hasil.
Baca juga: Dua Pendaki Pemula Tersesat di Gunung Lawu, Ditemukan Selamat
Untuk memperluas pencarian, Basarnas Bali mengerahkan tujuh personel ke lokasi pada Minggu pagi. 
Tim dilengkapi dengan peralatan pendakian, perlengkapan medis, serta drone thermal guna menyisir area dari udara.
Selain Basarnas, operasi SAR juga melibatkan personel Polsek Penebel, BPBD Kabupaten Tabanan, masyarakat setempat, serta rekan korban.
Pencarian terus dilakukan dengan menyisir jalur pendakian dan area sekitar lokasi terakhir korban terlihat.




  

    
        Bayangkan seorang anak Indonesia bercita-cita menjadi dokter tetapi hanya memiliki satu buku lusuh untuk belajar. Bersama Ekspedisi Kata ke Nyata Kompas.com, Anda bisa membantu mengubah kisah itu. Mari hadirkan akses literasi bagi anak-anak di berbagai pelosok Indonesia melalui donasi lewat tautan https://bit.ly/JagatLiterasi2026. Setiap kebaikan yang Anda berikan bukan hanya membuka jendela pengetahuan, tetapi juga membuka masa depan mereka.",Kompas.com,"Dajan Peken, 82114, Tabanan, Tabanan, Bali, Indonesia",-8.536609490935,115.13552944186335,5,"2, 7","kejaksaan, kejatibali, kejaritabanan, tabanan, news"
Anjing Rabies Gigit 15 Pendaki di Tabanan Dinas Pertanian Siapkan Vaksinasi Massal,2025-09-23T07:00:00.000Z,"Kabupaten Tabanan, Bali, Indonesia","Anjing Rabies Gigit 15 Pendaki di Tabanan, Dinas Pertanian Siapkan Vaksinasi Massal - Kompas.com","TABANAN, KOMPAS.com - Kasus gigitan anjing rabies terjadi di Kabupaten Tabanan, Provinsi Bali, di mana 15 pendaki menjadi korban gigitan anjing liar di kawasan Gunung Batukaru.
Kepala Bidang Peternakan dan Kesehatan Hewan Dinas Pertanian Kabupaten Tabanan, Gde Eka Parta Ariana, mengungkapkan bahwa hasil uji laboratorium terhadap sampel otak anjing tersebut dinyatakan positif rabies.
Baca juga: 6 Orang Dirawat di UGD Puskesmas Usai Anjing Rabies Gigit 15 Pendaki di TabananMenindaklanjuti temuan ini, Dinas Pertanian Kabupaten Tabanan akan menggelar vaksinasi massal di wilayah di mana anjing tersebut ditemukan.
""Sebagai langkah pencegahan, vaksinasi massal rabies akan digelar pada Kamis (25/9/2025) di Dusun Tibu Dalem, Desa Pujungan,"" ujar Gde Eka Parta Ariana dalam keterangannya pada Selasa (23/9/2025).
Vaksinasi darurat ini akan dipusatkan di wilayah yang terdampak untuk memutus potensi penyebaran rabies.



Sementara itu, anjing liar tanpa pemilik akan ditangani lembaga swadaya masyarakat (LSM) dan dipindahkan ke shelter penampungan.
Baca juga: Anjing Liar Diduga Rabies yang Gigit 15 Pendaki di Tabanan Dieliminasi, Sampel Otak Diteliti
Gde Eka menambahkan bahwa vaksinasi massal ini merupakan upaya perlindungan masyarakat.
“Hasil laboratorium yang positif rabies ini menjadi perhatian serius. Vaksinasi darurat adalah bentuk kewaspadaan,"" ucapnya.




  

    
        Bayangkan seorang anak Indonesia bercita-cita menjadi dokter tetapi hanya memiliki satu buku lusuh untuk belajar.","Bersama Ekspedisi Kata ke Nyata Kompas.com, Anda bisa membantu mengubah kisah itu. Mari hadirkan akses literasi bagi anak-anak di berbagai pelosok Indonesia melalui donasi lewat tautan https://bit.ly/JagatLiterasi2026.","Pada Hari Selasa , 23 September 2025 07:00, Tabanan, Tabanan, Bali

TABANAN, KOMPAS.com - Kasus gigitan anjing rabies terjadi di Kabupaten Tabanan, Provinsi Bali, di mana 15 pendaki menjadi korban gigitan anjing liar di kawasan Gunung Batukaru.
Kepala Bidang Peternakan dan Kesehatan Hewan Dinas Pertanian Kabupaten Tabanan, Gde Eka Parta Ariana, mengungkapkan bahwa hasil uji laboratorium terhadap sampel otak anjing tersebut dinyatakan positif rabies.
Baca juga: 6 Orang Dirawat di UGD Puskesmas Usai Anjing Rabies Gigit 15 Pendaki di TabananMenindaklanjuti temuan ini, Dinas Pertanian Kabupaten Tabanan akan menggelar vaksinasi massal di wilayah di mana anjing tersebut ditemukan.
""Sebagai langkah pencegahan, vaksinasi massal rabies akan digelar pada Kamis (25/9/2025) di Dusun Tibu Dalem, Desa Pujungan,"" ujar Gde Eka Parta Ariana dalam keterangannya pada Selasa (23/9/2025).
Vaksinasi darurat ini akan dipusatkan di wilayah yang terdampak untuk memutus potensi penyebaran rabies.



Sementara itu, anjing liar tanpa pemilik akan ditangani lembaga swadaya masyarakat (LSM) dan dipindahkan ke shelter penampungan.
Baca juga: Anjing Liar Diduga Rabies yang Gigit 15 Pendaki di Tabanan Dieliminasi, Sampel Otak Diteliti
Gde Eka menambahkan bahwa vaksinasi massal ini merupakan upaya perlindungan masyarakat.
“Hasil laboratorium yang positif rabies ini menjadi perhatian serius. Vaksinasi darurat adalah bentuk kewaspadaan,"" ucapnya.




  

    
        Bayangkan seorang anak Indonesia bercita-cita menjadi dokter tetapi hanya memiliki satu buku lusuh untuk belajar. Bersama Ekspedisi Kata ke Nyata Kompas.com, Anda bisa membantu mengubah kisah itu. Mari hadirkan akses literasi bagi anak-anak di berbagai pelosok Indonesia melalui donasi lewat tautan https://bit.ly/JagatLiterasi2026. Setiap kebaikan yang Anda berikan bukan hanya membuka jendela pengetahuan, tetapi juga membuka masa depan mereka.",Kompas.com,"Dajan Peken, 82114, Tabanan, Tabanan, Bali, Indonesia",-8.536609490935,115.13552944186335,5,"2, 7","kejaksaan, kejatibali, kejaritabanan, tabanan, news"
Got Tersumbat Sampah Empat Rumah Kebanjiran,2021-01-14T08:00:00.000Z,"Kabupaten Tabanan, Bali, Indonesia","Got Tersumbat Sampah, Empat Rumah Kebanjiran - BALIPOST.com","Kondisi rumah warga yang terendam banjir. (BP/Bit)TABANAN, BALIPOST.com – Saluran air (got) tersumbat sampah menyebabkan, ditambah hujan deras yang terjadi Rabu malam membuat empat rumah di Banjar Lumajang, Desa Samsam, Kerambitan, Tabanan terendam banjir, Kamis (14/1).Ketinggian air bahkan mencapai sepaha orang dewasa.","Empat pemilik rumah tersebut masing-masing, Dewa Ketut Muliarta, Dewa Nyoman Widia, Sri Rohmania dan Kadarwati. “Sebelumnya tidak pernah, baru kali ini, got nya tersumbat sampah kayu jadi airnya meluap,” beber Sri Rohmania, salah satu pemilik rumah sekaligus warung lalapan.Air banjir yang masuk mulai pukul 08.00 wita tersebut membuat sejumlah barang elektronik miliknya ikut terendam banjir.","Pada Hari Kamis , 14 Januari 2021 08:00, Tabanan, Tabanan, Bali

Kondisi rumah warga yang terendam banjir. (BP/Bit)TABANAN, BALIPOST.com – Saluran air (got) tersumbat sampah menyebabkan, ditambah hujan deras yang terjadi Rabu malam membuat empat rumah di Banjar Lumajang, Desa Samsam, Kerambitan, Tabanan terendam banjir, Kamis (14/1).Ketinggian air bahkan mencapai sepaha orang dewasa. Empat pemilik rumah tersebut masing-masing, Dewa Ketut Muliarta, Dewa Nyoman Widia, Sri Rohmania dan Kadarwati. “Sebelumnya tidak pernah, baru kali ini, got nya tersumbat sampah kayu jadi airnya meluap,” beber Sri Rohmania, salah satu pemilik rumah sekaligus warung lalapan.Air banjir yang masuk mulai pukul 08.00 wita tersebut membuat sejumlah barang elektronik miliknya ikut terendam banjir. Beruntung sisi got bisa dibongkar yang membuat air tak meluap sampai perumahan. “Kelian dan Perbekel sudah cek tadi untuk penanganan,” ucap Rohmania.Kejadian alam lainnya juga terjadi di rumah milik I Made Suarta di Banjar Apit Yeh, Desa Gunung Salak, Kecamatan Selemadeg Timur yang tertimbun longsor dari tanah sawah yang ada diatas rumahnya, pada Kamis pukul 06.10 wita. Beruntung material longsor tak menimbun merajan atau rumah I Made Suarta.Kapolsek Selemadeg Timur AKP Ida Bagus Mehendra saat dikonfirmasi menyebutkan, material longsor tidak sampai menimbulkan korban jiwa. Yang tertimpa hanya halaman rumah milik I Made Suarta. Dan pembersihan material sudah dilakukan secara gotong royong, tidak ada kerugian material yang ditimbulkan.Untuk itu AKP Ida Bagus Mahendra menghimbau masyarakat ditengah cuaca musim penghujan selalu waspada. Bila terjadi bencana alam segera melapor ke BPBD Tabanan atau ke Kantor Polisi terdekat guna mendapat penanganan lebih lanjut bila dibutuhkan alat-alat berat untuk keperluan evakuasi. (Puspawati/Balipost)",BALIPOST.com,"Dajan Peken, 82114, Tabanan, Tabanan, Bali, Indonesia",-8.536609490935,115.13552944186335,5,"2, 7","kejaksaan, kejatibali, kejaritabanan, tabanan, news"
Sektor Pariwisata Dongkrak PAD Tabanan,2026-08-02T07:00:00.000Z,"Kabupaten Tabanan, Bali, Indonesia",Sektor Pariwisata Dongkrak PAD Tabanan - BALIPOST.com,"Aktivitas wisatawan di DTW Tanah Lot salah satu gambaran geliat sektor pariwisata Tabanan.(BP/istimewa)SINGASANA, BALIPOST.com – Geliat sektor usaha dan pariwisata di Kabupaten Tabanan mulai berdampak terhadap penerimaan daerah. Sejumlah sektor pajak bahkan mencatat realisasi melampaui target, di tengah upaya pemerintah daerah memperkuat Pendapatan Asli Daerah (PAD) untuk menopang pembangunan dan pelayanan publik.Berdasarkan data Badan Keuangan Daerah (Bakeuda) Kabupaten Tabanan per 16 Juli 2026, realisasi PAD mencapai Rp331,97 miliar atau 35,80 persen dari target tahun 2026 sebesar Rp927,17 miliar.","Dari capaian tersebut, pajak daerah menjadi kontributor terbesar dengan realisasi Rp216,13 miliar atau 48,51 persen dari target yang ditetapkan.Menariknya, sejumlah sektor usaha justru mampu melampaui target penerimaan pajak. Di antaranya pajak karaoke, bar dan spa.","Pada Hari Minggu , 2 Agustus 2026 07:00, Tabanan, Tabanan, Bali

Aktivitas wisatawan di DTW Tanah Lot salah satu gambaran geliat sektor pariwisata Tabanan.(BP/istimewa)SINGASANA, BALIPOST.com – Geliat sektor usaha dan pariwisata di Kabupaten Tabanan mulai berdampak terhadap penerimaan daerah. Sejumlah sektor pajak bahkan mencatat realisasi melampaui target, di tengah upaya pemerintah daerah memperkuat Pendapatan Asli Daerah (PAD) untuk menopang pembangunan dan pelayanan publik.Berdasarkan data Badan Keuangan Daerah (Bakeuda) Kabupaten Tabanan per 16 Juli 2026, realisasi PAD mencapai Rp331,97 miliar atau 35,80 persen dari target tahun 2026 sebesar Rp927,17 miliar. Dari capaian tersebut, pajak daerah menjadi kontributor terbesar dengan realisasi Rp216,13 miliar atau 48,51 persen dari target yang ditetapkan.Menariknya, sejumlah sektor usaha justru mampu melampaui target penerimaan pajak. Di antaranya pajak karaoke, bar dan spa. Selain itu, pajak olahraga dan kebugaran, penyelenggaraan kesenian, vila hingga pondok wisata juga mencatat realisasi di atas target.Kondisi tersebut menjadi salah satu indikator bergeraknya aktivitas ekonomi di Tabanan, terutama sektor usaha yang berkaitan dengan pariwisata dan jasa. Di sisi lain, peningkatan penerimaan pajak juga tidak terlepas dari kepatuhan masyarakat maupun pelaku usaha dalam memenuhi kewajiban perpajakannya.Kepala Bakeuda Tabanan, Dra. Ni Wayan Mariati, mengatakan capaian hingga pertengahan tahun memberikan optimisme bagi pemerintah daerah dalam mengejar target PAD 2026.“Realisasi PAD hingga pertengahan tahun ini memberikan gambaran positif. Capaian semester I ini tentu jadi acuan sekaligus menumbuhkan optimisme target PAD Tahun 2026 dapat tercapai sesuai yang telah ditetapkan,” jelas Mariati.Menurutnya, Bakeuda akan terus memperkuat pengelolaan pendapatan melalui intensifikasi dan ekstensifikasi sumber-sumber PAD. Peningkatan kualitas pelayanan kepada wajib pajak serta koordinasi dengan seluruh perangkat daerah pengelola pendapatan juga terus dilakukan.Mariati berharap kolaborasi pemerintah daerah, pelaku usaha dan masyarakat dapat terus diperkuat. Kepatuhan dalam memenuhi kewajiban pajak dan retribusi, kata dia, akan menjadi salah satu penopang pencapaian target pendapatan daerah hingga akhir tahun.“Kolaborasi seluruh perangkat daerah, dukungan para pelaku usaha, dan kepatuhan masyarakat sebagai wajib pajak, kami optimistis target PAD tahun 2026 dapat direalisasikan optimal. Pendapatan yang berhasil dihimpun nantinya akan kembali kepada masyarakat dalam bentuk pembangunan dan peningkatan kualitas pelayanan publik,” pungkasnya.Terpisah, Bupati Tabanan, Dr. I Komang Gede Sanjaya, mengapresiasi kinerja perangkat daerah, pelaku usaha dan masyarakat yang turut berkontribusi terhadap peningkatan penerimaan daerah. Menurutnya, capaian tersebut menunjukkan aktivitas ekonomi di Tabanan terus bergerak dan kesadaran masyarakat dalam memenuhi kewajiban perpajakan semakin baik.“Astungkara, capaian Pendapatan Asli Daerah hingga pertengahan tahun ini menunjukkan perkembangan yang baik. Ini menjadi bukti bahwa aktivitas ekonomi di Kabupaten Tabanan terus bergerak positif dan kesadaran masyarakat serta pelaku usaha dalam memenuhi kewajiban perpajakan semakin meningkat,” ujarnya.Sanjaya mengatakan, pemerintah daerah akan terus melakukan inovasi dalam pengelolaan pendapatan sekaligus mengoptimalkan berbagai potensi PAD yang masih dapat dikembangkan.“Pendapatan Asli Daerah merupakan salah satu fondasi penting dalam mewujudkan pembangunan yang berkelanjutan. Semakin kuat kapasitas fiskal daerah, semakin besar pula kemampuan pemerintah menghadirkan pelayanan publik yang berkualitas, pembangunan infrastruktur, serta berbagai program yang berpihak kepada kesejahteraan masyarakat,” tegasnya.Ia menambahkan, penguatan PAD tidak semata-mata diarahkan untuk meningkatkan penerimaan daerah. Optimalisasi pendapatan juga harus berjalan beriringan dengan pertumbuhan ekonomi serta peningkatan kualitas pelayanan kepada masyarakat.(Puspawati/balipost)",BALIPOST.com,"Dajan Peken, 82114, Tabanan, Tabanan, Bali, Indonesia",-8.536609490935,115.13552944186335,5,"2, 7","kejaksaan, kejatibali, kejaritabanan, tabanan, news"
Kantor Bupati Tabanan Dipasangi Patung Sapi dan Patih,2023-11-22T08:00:00.000Z,"Kabupaten Tabanan, Bali, Indonesia",Kantor Bupati Tabanan Dipasangi Patung Sapi dan Patih - BALIPOST.com,"TABANAN, BALIPOST.com – Sebagai upaya mempercantik wajah kota Tabanan, Pemerintah Kabupaten Tabanan melakukan pembangunan hingga penataan infrastruktur di berbagai lini. Teranyar, dilakukan pemasangan patung sapi dan patung patih di areal kantor Bupati Tabanan.Dalam proses pengerjaannya, Bupati Tabanan, I Komang Gede Sanjaya mengawasi tiap perkembangan pembangunan untuk memastikan pembangunan sesuai dengan rencana dan sesuai standar kualitas.","Seperti yang berlangsung pada Senin (20/11), saat melakukan peninjauan, Bupati Sanjaya memberikan arahan langsung pemasangan patung yang menjadi bagian integral dari perubahan visual dan peningkatan lingkungan di kantor pemerintahan.Sanjaya mengatakan, renovasi ini bukan hanya sekadar perubahan fisik, namun juga simbol dari semangat pemerintah dalam meningkatkan kualitas layanan kepada masyarakat. Perubahan ini diharapkan dapat menciptakan lingkungan kerja yang lebih produktif, kreatif, dan nyaman bagi semua yang terlibat dalam tugas pemerintahan di Tabanan.Pihaknya juga berharap agar proses pengerjaan dapat selesai tepat waktu.","Pada Hari Rabu , 22 November 2023 08:00, Tabanan, Tabanan, Bali

TABANAN, BALIPOST.com – Sebagai upaya mempercantik wajah kota Tabanan, Pemerintah Kabupaten Tabanan melakukan pembangunan hingga penataan infrastruktur di berbagai lini. Teranyar, dilakukan pemasangan patung sapi dan patung patih di areal kantor Bupati Tabanan.Dalam proses pengerjaannya, Bupati Tabanan, I Komang Gede Sanjaya mengawasi tiap perkembangan pembangunan untuk memastikan pembangunan sesuai dengan rencana dan sesuai standar kualitas. Seperti yang berlangsung pada Senin (20/11), saat melakukan peninjauan, Bupati Sanjaya memberikan arahan langsung pemasangan patung yang menjadi bagian integral dari perubahan visual dan peningkatan lingkungan di kantor pemerintahan.Sanjaya mengatakan, renovasi ini bukan hanya sekadar perubahan fisik, namun juga simbol dari semangat pemerintah dalam meningkatkan kualitas layanan kepada masyarakat. Perubahan ini diharapkan dapat menciptakan lingkungan kerja yang lebih produktif, kreatif, dan nyaman bagi semua yang terlibat dalam tugas pemerintahan di Tabanan.Pihaknya juga berharap agar proses pengerjaan dapat selesai tepat waktu. Selain itu, pembangunan harus sesuai spesifikasi dan kualitas yang sudah ditentukan. (Puspawati/balipost)Simak selengkapnya di video",BALIPOST.com,"Dajan Peken, 82114, Tabanan, Tabanan, Bali, Indonesia",-8.536609490935,115.13552944186335,5,"2, 7","kejaksaan, kejatibali, kejaritabanan, tabanan, news"
Kapolres Tabanan Dampingi Wakil Ketua DPR RI dan jajaran DPR RI Kunjungi Keluarga Korban Kasus Pengeroyokan di Buleleng,2026-07-29T07:00:00.000Z,"Kabupaten Tabanan, Bali, Indonesia",Kapolres Tabanan Dampingi Wakil Ketua DPR RI dan jajaran DPR RI Kunjungi Keluarga Korban Kasus Pengeroyokan di Buleleng - suryaindonesia.net,"403 Forbidden
Request forbidden by administrative rules..",,"Pada Hari Rabu , 29 Juli 2026 07:00, Tabanan, Tabanan, Bali

403 Forbidden
Request forbidden by administrative rules.",suryaindonesia.net,"Dajan Peken, 82114, Tabanan, Tabanan, Bali, Indonesia",-8.536609490935,115.13552944186335,5,"2, 7","kejaksaan, kejatibali, kejaritabanan, tabanan, news"
Rekonstruksi Pengeroyokan Pencuri Ayam di Tabanan 18 Adegan Diperagakan Tersangka Tetap 5,2026-09-21T07:00:00.000Z,"Kabupaten Tabanan, Bali, Indonesia","Rekonstruksi Pengeroyokan Pencuri Ayam di Tabanan, 18 Adegan Diperagakan, Tersangka Tetap 5 - Kompas.com","TABANAN, KOMPAS.com - Polisi merampungkan rekonstruksi kasus pengeroyokan yang mengakibatkan pencuri ayam tewas di Kabupaten Tabanan, Bali.
Kepala Seksi (Kasi) Humas Polres Tabanan, Iptu Ni Putu Wiwik Endrayani, mengatakan bahwa rekonstruksi digelar di halaman Mapolres Tabanan pada Kamis (17/9/2026).
""Rekonstruksi diikuti lima tersangka dan saksi yang berada di lokasi kejadian. Dihadiri pihak Kejaksaan Negeri (Kejari) Tabanan, tim kuasa hukum tersangka, serta penyidik Satreskrim Polres Tabanan,"" ujar Wiwik saat dikonfirmasi, Senin (21/9/2026).Dia menjelaskan, rekonstruksi dilakukan untuk memperagakan rangkaian kejadian pidana pengeroyokan berdasarkan perkara yang ditangani penyidik.
Baca juga: Koster Minta Warga Tak Main Hakim Sendiri Usai Pencuri Ayam Tewas Dikeroyok di Bali
Dikonfirmasi terpisah, Kasat Reskrim Polres Tabanan, AKP Made Teddy Satria Permana, mengatakan bahwa rekonstruksi tidak menemukan fakta baru dalam perkara tersebut.




Dia juga memastikan bahwa jumlah tersangka dalam perkara tersebut masih tetap lima orang.
""Tidak ada fakta baru, masih sama dengan BAP (Berita Acara Pemeriksaan).","Tersangka masih lima, belum ada penambahan,"" kata Teddy.
Menurut Teddy, setelah rekonstruksi, penyidik akan berkoordinasi dengan Kejari Tabanan untuk proses selanjutnya.""Setelah rekonstruksi kami koordinasi dengan kejaksaan untuk pengiriman berkas perkara,"" ujarnya.
Baca juga: 5 Tersangka Pengeroyokan Pencuri Ayam di Tabanan Ajukan Penangguhan Penahanan

Para tersangka disangkakan Pasal 262 ayat (1) atau ayat (4) terkait kekerasan yang dilakukan secara terang-terangan atau di muka umum secara bersama-sama terhadap orang atau barang hingga mengakibatkan kematian.
Adapun pengeroyokan itu terjadi di Banjar Juwuk Legi, Desa Batunya, Kecamatan Baturiti, pada 24 Juli 2026 dini hari.
Insiden tersebut menewaskan seorang pria asal Desa Sidetapa, Kecamatan Banjar, Kabupaten Buleleng, berinisial KD.
Pria itu tewas dihakimi massa ussai terpergok diduga mencuri seekor ayam aduan.
Baca juga: Pencuri Ayam yang Tewas di Bali Ternyata Sudah Diincar Polres Badung, 4 Kali Lolos Penggerebekan




  

    
        Bayangkan seorang anak Indonesia bercita-cita menjadi dokter tetapi hanya memiliki satu buku lusuh untuk belajar. Bersama Ekspedisi Kata ke Nyata Kompas.com, Anda bisa membantu mengubah kisah itu.","Pada Hari Senin , 21 September 2026 07:00, Tabanan, Tabanan, Bali

TABANAN, KOMPAS.com - Polisi merampungkan rekonstruksi kasus pengeroyokan yang mengakibatkan pencuri ayam tewas di Kabupaten Tabanan, Bali.
Kepala Seksi (Kasi) Humas Polres Tabanan, Iptu Ni Putu Wiwik Endrayani, mengatakan bahwa rekonstruksi digelar di halaman Mapolres Tabanan pada Kamis (17/9/2026).
""Rekonstruksi diikuti lima tersangka dan saksi yang berada di lokasi kejadian. Dihadiri pihak Kejaksaan Negeri (Kejari) Tabanan, tim kuasa hukum tersangka, serta penyidik Satreskrim Polres Tabanan,"" ujar Wiwik saat dikonfirmasi, Senin (21/9/2026).Dia menjelaskan, rekonstruksi dilakukan untuk memperagakan rangkaian kejadian pidana pengeroyokan berdasarkan perkara yang ditangani penyidik.
Baca juga: Koster Minta Warga Tak Main Hakim Sendiri Usai Pencuri Ayam Tewas Dikeroyok di Bali
Dikonfirmasi terpisah, Kasat Reskrim Polres Tabanan, AKP Made Teddy Satria Permana, mengatakan bahwa rekonstruksi tidak menemukan fakta baru dalam perkara tersebut.




Dia juga memastikan bahwa jumlah tersangka dalam perkara tersebut masih tetap lima orang.
""Tidak ada fakta baru, masih sama dengan BAP (Berita Acara Pemeriksaan). Tersangka masih lima, belum ada penambahan,"" kata Teddy.
Menurut Teddy, setelah rekonstruksi, penyidik akan berkoordinasi dengan Kejari Tabanan untuk proses selanjutnya.""Setelah rekonstruksi kami koordinasi dengan kejaksaan untuk pengiriman berkas perkara,"" ujarnya.
Baca juga: 5 Tersangka Pengeroyokan Pencuri Ayam di Tabanan Ajukan Penangguhan Penahanan

Para tersangka disangkakan Pasal 262 ayat (1) atau ayat (4) terkait kekerasan yang dilakukan secara terang-terangan atau di muka umum secara bersama-sama terhadap orang atau barang hingga mengakibatkan kematian.
Adapun pengeroyokan itu terjadi di Banjar Juwuk Legi, Desa Batunya, Kecamatan Baturiti, pada 24 Juli 2026 dini hari.
Insiden tersebut menewaskan seorang pria asal Desa Sidetapa, Kecamatan Banjar, Kabupaten Buleleng, berinisial KD.
Pria itu tewas dihakimi massa ussai terpergok diduga mencuri seekor ayam aduan.
Baca juga: Pencuri Ayam yang Tewas di Bali Ternyata Sudah Diincar Polres Badung, 4 Kali Lolos Penggerebekan




  

    
        Bayangkan seorang anak Indonesia bercita-cita menjadi dokter tetapi hanya memiliki satu buku lusuh untuk belajar. Bersama Ekspedisi Kata ke Nyata Kompas.com, Anda bisa membantu mengubah kisah itu. Mari hadirkan akses literasi bagi anak-anak di berbagai pelosok Indonesia melalui donasi lewat tautan https://bit.ly/JagatLiterasi2026. Setiap kebaikan yang Anda berikan bukan hanya membuka jendela pengetahuan, tetapi juga membuka masa depan mereka.",Kompas.com,"Dajan Peken, 82114, Tabanan, Tabanan, Bali, Indonesia",-8.536609490935,115.13552944186335,5,"2, 7","kejaksaan, kejatibali, kejaritabanan, tabanan, news"
Pemkab Tabanan Buka Lelang Jabatan Empat Kursi Kadis Diperebutkan,2026-03-11T07:00:00.000Z,"Kabupaten Tabanan, Bali, Indonesia","Pemkab Tabanan Buka Lelang Jabatan, Empat Kursi Kadis Diperebutkan - BALIPOST.com","Bupati Tabanan, I Komang Gede Sanjaya. (BP/bit)SINGASANA, BALIPOST.com – Pemerintah Kabupaten Tabanan mulai membuka seleksi terbuka atau lelang jabatan untuk mengisi empat kursi kepala dinas yang kosong akibat pensiun dan mutasi pejabat sebelumnya.","Proses pendaftaran telah dibuka sejak 9 Maret hingga 27 Maret 2026.Empat jabatan yang dilelang tersebut meliputi Kepala Dinas Pekerjaan Umum dan Penataan Ruang (PUPR), Kepala Dinas Koperasi, UKM dan Tenaga Kerja, Kepala Dinas Pemberdayaan Masyarakat dan Desa, serta Sekretaris DPRD Kabupaten Tabanan.Bupati Tabanan, Komang Gede Sanjaya mengatakan pengisian jabatan dilakukan melalui mekanisme seleksi terbuka setelah terbentuk panitia seleksi (pansel). Menurutnya, proses tersebut juga harus melalui persetujuan dari pemerintah pusat dan provinsi.","Pada Hari Rabu , 11 Maret 2026 07:00, Tabanan, Tabanan, Bali

Bupati Tabanan, I Komang Gede Sanjaya. (BP/bit)SINGASANA, BALIPOST.com – Pemerintah Kabupaten Tabanan mulai membuka seleksi terbuka atau lelang jabatan untuk mengisi empat kursi kepala dinas yang kosong akibat pensiun dan mutasi pejabat sebelumnya. Proses pendaftaran telah dibuka sejak 9 Maret hingga 27 Maret 2026.Empat jabatan yang dilelang tersebut meliputi Kepala Dinas Pekerjaan Umum dan Penataan Ruang (PUPR), Kepala Dinas Koperasi, UKM dan Tenaga Kerja, Kepala Dinas Pemberdayaan Masyarakat dan Desa, serta Sekretaris DPRD Kabupaten Tabanan.Bupati Tabanan, Komang Gede Sanjaya mengatakan pengisian jabatan dilakukan melalui mekanisme seleksi terbuka setelah terbentuk panitia seleksi (pansel). Menurutnya, proses tersebut juga harus melalui persetujuan dari pemerintah pusat dan provinsi. “Pengisian jabatan yang kosong ini dilakukan berproses karena harus menunggu persetujuan dari BKN maupun Pemerintah Provinsi Bali,” ujarnya, Rabu (11/3).Sanjaya pun mengajak pejabat yang memenuhi syarat untuk ikut mendaftar dalam seleksi tersebut. Ia berharap proses lelang jabatan dapat berjalan lancar sehingga posisi yang kosong segera terisi. “Karena sekarang sudah berproses, saya rasa bulan depan (April) kekosongan pejabat sudah bisa terisi,” tegasnya.Sementara itu, Kepala BKPSDM Tabanan I Nyoman Sastra Wiguna menjelaskan bahwa pengumuman seleksi telah dipublikasikan melalui situs resmi BKPSDM. Bersamaan dengan pengumuman tersebut juga dibuka penerimaan berkas bagi calon pendaftar.Menurutnya, tahapan seleksi dimulai dari seleksi administrasi dan penilaian rekam jejak yang berlangsung 10–30 Maret 2026. Hasilnya akan diumumkan pada 30 Maret 2026.Selanjutnya peserta akan mengikuti assessment test pada 1 April, penulisan makalah 6 April, serta tes wawancara pada 7 April 2026. Hasil penilaian makalah dan wawancara diumumkan pada hari yang sama, disusul pengumuman hasil assessment pada 9 April. Pengumuman hasil akhir seleksi juga dijadwalkan pada 9 April 2026.Sastra menambahkan, masih ada beberapa jabatan lain di lingkungan Pemkab Tabanan yang kosong, namun belum bisa langsung dilelang karena masih menunggu persetujuan administrasi dari Badan Kepegawaian Negara (BKN). “Yang sudah mendapat persetujuan itu yang terlebih dahulu diproses untuk seleksi terbuka,” tegasnya. (Dewi Puspawati/balipost)",BALIPOST.com,"Dajan Peken, 82114, Tabanan, Tabanan, Bali, Indonesia",-8.536609490935,115.13552944186335,5,"2, 7","kejaksaan, kejatibali, kejaritabanan, tabanan, news"
Tabanan Arsip Page 474 of 596,2025-08-18T08:10:12.000Z,"Kabupaten Tabanan, Bali, Indonesia",Tabanan Arsip | Page 474 of 596 - BALIPOST.com,"Di Tabanan, Ada Istri “Gantikan” Posisi Suami di DPRDTabanan Rabu, 24 April 2019 | 08:51:28 TABANAN, BALIPOST.com - Ada yang menarik dari perhelatan Pemilu 2019 tahun ini khususnya untuk calon legislatif DPRD tingkat II Kabupaten Tabanan. Dari raihan suara...Oknum Ketua KPPS di Tabanan Diduga Lakukan Kecurangan, Bawaslu Mengaku Masih PendalamanTabanan Rabu, 24 April 2019 | 08:39:28 TABANAN, BALIPOST.com - Proses penyelidikan terkait kecurangan yang dilakukan oknum Ketua KPPS TPS 29, IWS di Banjar Pangkung, Desa Delod Peken, Tabanan terus dilakukan...DBD Merebak Lagi, April Ini Tabanan Data 12 KasusTabanan Selasa, 23 April 2019 | 08:05:01 TABANAN, BALIPOST.com - Kasus Demam Berdarah Denque (DBD) jika dilihat dari siklus lima tahunan seharusnya akan terus mengalami peningkatan dan April adalah puncaknya.","Kabid...Terjun ke Penjualan Online, Produk Bumda Tabanan Mulai Dikirim ke Luar BaliTabanan Senin, 22 April 2019 | 12:56:08 TABANAN, BALIPOST.com - Untuk memperluas pasar produknya, Bumda Tabanan dalam hal ini Perusahaan Daerah Dharma Santhika (PDDS) mulai terjun ke penjualan online. Dengan memasang...Sebaran Personel TNI Belum MerataTabanan Jumat, 19 April 2019 | 20:35:24 DENPASAR, BALIPOST.com - Pimpinan TNI AD saat ini sangat konsen terhadap kondisi tidak meratanya jumlah personel TNI AD antara satuan di wilayah Pulau Jawa...Nabrak Truk Parkir, Pemotor TewasTabanan Jumat, 19 April 2019 | 17:44:35 TABANAN, BALIPOST.com - Seorang pemotor tewas karena menabrak truk parkir di Bypass Soekarno, Banjar Sanggulan, Desa Banjar Anyar, Kediri, Tabanan.","Pada Hari Senin , 18 Agustus 2025 08:10, Tabanan, Tabanan, Bali

Di Tabanan, Ada Istri “Gantikan” Posisi Suami di DPRDTabanan Rabu, 24 April 2019 | 08:51:28 TABANAN, BALIPOST.com - Ada yang menarik dari perhelatan Pemilu 2019 tahun ini khususnya untuk calon legislatif DPRD tingkat II Kabupaten Tabanan. Dari raihan suara...Oknum Ketua KPPS di Tabanan Diduga Lakukan Kecurangan, Bawaslu Mengaku Masih PendalamanTabanan Rabu, 24 April 2019 | 08:39:28 TABANAN, BALIPOST.com - Proses penyelidikan terkait kecurangan yang dilakukan oknum Ketua KPPS TPS 29, IWS di Banjar Pangkung, Desa Delod Peken, Tabanan terus dilakukan...DBD Merebak Lagi, April Ini Tabanan Data 12 KasusTabanan Selasa, 23 April 2019 | 08:05:01 TABANAN, BALIPOST.com - Kasus Demam Berdarah Denque (DBD) jika dilihat dari siklus lima tahunan seharusnya akan terus mengalami peningkatan dan April adalah puncaknya. Kabid...Terjun ke Penjualan Online, Produk Bumda Tabanan Mulai Dikirim ke Luar BaliTabanan Senin, 22 April 2019 | 12:56:08 TABANAN, BALIPOST.com - Untuk memperluas pasar produknya, Bumda Tabanan dalam hal ini Perusahaan Daerah Dharma Santhika (PDDS) mulai terjun ke penjualan online. Dengan memasang...Sebaran Personel TNI Belum MerataTabanan Jumat, 19 April 2019 | 20:35:24 DENPASAR, BALIPOST.com - Pimpinan TNI AD saat ini sangat konsen terhadap kondisi tidak meratanya jumlah personel TNI AD antara satuan di wilayah Pulau Jawa...Nabrak Truk Parkir, Pemotor TewasTabanan Jumat, 19 April 2019 | 17:44:35 TABANAN, BALIPOST.com - Seorang pemotor tewas karena menabrak truk parkir di Bypass Soekarno, Banjar Sanggulan, Desa Banjar Anyar, Kediri, Tabanan. Lokasinya di depan Hardy's...Bawaslu Bali Keluarkan Rekomendasi Pencoblosan Ulang di 3 TPSTabanan Kamis, 18 April 2019 | 18:48:20 DENPASAR, BALIPOST.com - Potensi adanya Pemungutan Suara Ulang (PSU) bertambah. Tidak hanya di Jembrana dan Denpasar, tapi juga di Tabanan.
Bawaslu bahkan sudah mengeluarkan rekomendasi...Dibuka Juni 2019, Taman Bunga DTW Ulun Danu Beratan Rampung 75 PersenTabanan Kamis, 18 April 2019 | 17:30:12 TABANAN, BALIPOST.com - Untuk meningkatkan kunjungan ke DTW Ulun Danu Beratan, pihak manajemen membuat destinasi baru berupa taman bunga yang dinamakan The Bloom Garden....Bupati Eka dan Adi Wiryatama Nyoblos di TPS 15 AngseriTabanan Rabu, 17 April 2019 | 13:25:45 TABANAN, BALIPOST.com - Bupati Tabanan Ni Putu Eka Wiryastuti dan Ketua DPRD Bali Adi Wiryatama menggunakan hak pilihnya di TPS 15 Desa Angseri, Kecamatan...Panca Wali Krama Besakih Usai, Masih Ada Jenazah Belum Diambil di BRSU TabananTabanan Selasa, 16 April 2019 | 06:51:46 TABANAN, BALIPOST.com - Meski Karya Agung Panca Wali Krama di Besakih usai,  masih ada jenazah di Kamar Jenazah BRSU Tabanan yang belum diambil. Berdasarkan...  Muat lebih  Ikuti Medsos Kami173,303FansSuka21,009PengikutMengikuti6,115PengikutMengikuti4,560PelangganBerlanggananKategoriBali61268Hukum31178Denpasar30415Nasional23159Kesehatan16032Sosial16027Badung14682Ekonomi14548Mikro8190Pariwisata7778Politik7720Gianyar7424Jembrana6797Karangasem6675Peristiwa6499",BALIPOST.com,"Dajan Peken, 82114, Tabanan, Tabanan, Bali, Indonesia",-8.536609490935,115.13552944186335,5,"2, 7","kejaksaan, kejatibali, kejaritabanan, tabanan, news"
Tabanan Arsip Page 151 of 594,2020-09-11T15:09:34.000Z,"Kabupaten Tabanan, Bali, Indonesia",Tabanan Arsip | Page 151 of 594 - BALIPOST.com,"Lapas Tabanan Jajaki Asimilasi Perikanan untuk Warga BinaanTabanan Selasa, 27 Mei 2025 | 17:15:07 TABANAN, BALIPOST.com - Lembaga Pemasyarakatan (Lapas) Kelas IIB Tabanan terus mendorong peran aktif dalam mendukung ketahanan pangan nasional. Terbaru, pihak Lapas menjajaki kerjasama budidaya...Waspadai Penipuan Berkedok Aktivasi Identitas Kependudukan DigitalTabanan Senin, 26 Mei 2025 | 17:53:46 TABANAN, BALIPOST.com - Masyarakat Tabanan diminta waspada terhadap upaya penipuan yang mengatasnamakan Dinas Kependudukan dan Pencatatan Sipil (Disdukcapil) Kabupaten Tabanan dalam proses aktivasi Identitas...Cegah DBD, Lapas Tabanan Fogging Seluruh AreaTabanan Senin, 26 Mei 2025 | 15:53:06 TABANAN, BALIPOST.com - Mencegah penyebaran penyakit Demam Berdarah Dengue (DBD) di tengah kondisi cuaca ekstrem dan tingkat hunian warga binaan yang cukup padat, Lembaga...Libur Panjang Kenaikan Yesus Kristus, Ini 10 Alasan Buat Kunjungi Pantai Cinta KedunguTabanan Senin, 26 Mei 2025 | 15:35:37 DENPASAR, BALIPOST.com - Libur akhir pekan serangkaian Kenaikan Yesus Kristus yang jatuh pada 29 Mei 2025 segera tiba.","Liburan ke pantai tentu menjadi salah...Nangun Sat Kerthi Loka Bali: Desa Apuan Punya Potensi Pertanian Herbal MenjanjikanTabanan Senin, 26 Mei 2025 | 12:18:59 TABANAN, BALIPOST.com - Desa Apuan di Kecamatan Baturiti, Tabanan, menyimpan potensi pertanian herbal yang menjanjikan. Salah satu yang menonjol adalah bunga rosela yang dikenal kaya...Pohon Timpa Bangunan Pura Pucak Empelan Hingga SekolahTabanan Minggu, 25 Mei 2025 | 17:34:03 TABANAN, BALIPOST.com - Sebuah pohon beringin berukuran besar tumbang di areal Pura Pucak Empelan Dalem Semeru, Banjar Umadiwang, Desa Batannyuh, Kecamatan Marga, Kabupaten Tabanan,...Rem Blong, Truk Sebabkan Lakalantas Beruntun di SelemadegTabanan Sabtu, 24 Mei 2025 | 20:42:50 TABANAN, BALIPOST.com - Kecelakaan lalu lintas beruntun melibatkan enam kendaraan terjadi di Jalan Nasional jurusan Denpasar–Gilimanuk, wilayah Banjar Dinas Payan, Desa Antap, Kecamatan Selemadeg,...Anggota DPRD Tabanan, I Wayan Gindera Tutup UsiaTabanan Sabtu, 24 Mei 2025 | 13:22:41 TABANAN, BALIPOST.com - Partai Golkar Tabanan berduka, pasalnya salah satu kader senior asal Nyitdah Kediri, I Wayan Gindera tutup usia di ICU RS Tabanan,...Polres Tabanan Amankan 10 Tersangka Narkoba dan 83 Paket SabuTabanan Sabtu, 24 Mei 2025 | 07:42:31 TABANAN, BALIPOST.com - Polres Tabanan berhasil mengungkap delapan kasus penyalahgunaan narkoba jenis sabu-sabu dalam kurun waktu dua bulan terakhir, dari 26 Maret hingga 23...Truk Fuso Tabrak Motor dan Pembatas Jembatan di AntapTabanan Jumat, 23 Mei 2025 | 16:12:54 TABANAN, BALIPOST.com - Kecelakaan lalu lintas terjadi di Jalan Nasional Denpasar–Gilimanuk, tepatnya di Banjar Dinas Payan, Desa Antap, Kecamatan Selemadeg, Kabupaten Tabanan, Jumat (23/5)....","Pada Hari Jumat , 11 September 2020 15:09, Tabanan, Tabanan, Bali

Lapas Tabanan Jajaki Asimilasi Perikanan untuk Warga BinaanTabanan Selasa, 27 Mei 2025 | 17:15:07 TABANAN, BALIPOST.com - Lembaga Pemasyarakatan (Lapas) Kelas IIB Tabanan terus mendorong peran aktif dalam mendukung ketahanan pangan nasional. Terbaru, pihak Lapas menjajaki kerjasama budidaya...Waspadai Penipuan Berkedok Aktivasi Identitas Kependudukan DigitalTabanan Senin, 26 Mei 2025 | 17:53:46 TABANAN, BALIPOST.com - Masyarakat Tabanan diminta waspada terhadap upaya penipuan yang mengatasnamakan Dinas Kependudukan dan Pencatatan Sipil (Disdukcapil) Kabupaten Tabanan dalam proses aktivasi Identitas...Cegah DBD, Lapas Tabanan Fogging Seluruh AreaTabanan Senin, 26 Mei 2025 | 15:53:06 TABANAN, BALIPOST.com - Mencegah penyebaran penyakit Demam Berdarah Dengue (DBD) di tengah kondisi cuaca ekstrem dan tingkat hunian warga binaan yang cukup padat, Lembaga...Libur Panjang Kenaikan Yesus Kristus, Ini 10 Alasan Buat Kunjungi Pantai Cinta KedunguTabanan Senin, 26 Mei 2025 | 15:35:37 DENPASAR, BALIPOST.com - Libur akhir pekan serangkaian Kenaikan Yesus Kristus yang jatuh pada 29 Mei 2025 segera tiba. Liburan ke pantai tentu menjadi salah...Nangun Sat Kerthi Loka Bali: Desa Apuan Punya Potensi Pertanian Herbal MenjanjikanTabanan Senin, 26 Mei 2025 | 12:18:59 TABANAN, BALIPOST.com - Desa Apuan di Kecamatan Baturiti, Tabanan, menyimpan potensi pertanian herbal yang menjanjikan. Salah satu yang menonjol adalah bunga rosela yang dikenal kaya...Pohon Timpa Bangunan Pura Pucak Empelan Hingga SekolahTabanan Minggu, 25 Mei 2025 | 17:34:03 TABANAN, BALIPOST.com - Sebuah pohon beringin berukuran besar tumbang di areal Pura Pucak Empelan Dalem Semeru, Banjar Umadiwang, Desa Batannyuh, Kecamatan Marga, Kabupaten Tabanan,...Rem Blong, Truk Sebabkan Lakalantas Beruntun di SelemadegTabanan Sabtu, 24 Mei 2025 | 20:42:50 TABANAN, BALIPOST.com - Kecelakaan lalu lintas beruntun melibatkan enam kendaraan terjadi di Jalan Nasional jurusan Denpasar–Gilimanuk, wilayah Banjar Dinas Payan, Desa Antap, Kecamatan Selemadeg,...Anggota DPRD Tabanan, I Wayan Gindera Tutup UsiaTabanan Sabtu, 24 Mei 2025 | 13:22:41 TABANAN, BALIPOST.com - Partai Golkar Tabanan berduka, pasalnya salah satu kader senior asal Nyitdah Kediri, I Wayan Gindera tutup usia di ICU RS Tabanan,...Polres Tabanan Amankan 10 Tersangka Narkoba dan 83 Paket SabuTabanan Sabtu, 24 Mei 2025 | 07:42:31 TABANAN, BALIPOST.com - Polres Tabanan berhasil mengungkap delapan kasus penyalahgunaan narkoba jenis sabu-sabu dalam kurun waktu dua bulan terakhir, dari 26 Maret hingga 23...Truk Fuso Tabrak Motor dan Pembatas Jembatan di AntapTabanan Jumat, 23 Mei 2025 | 16:12:54 TABANAN, BALIPOST.com - Kecelakaan lalu lintas terjadi di Jalan Nasional Denpasar–Gilimanuk, tepatnya di Banjar Dinas Payan, Desa Antap, Kecamatan Selemadeg, Kabupaten Tabanan, Jumat (23/5)....  Muat lebih",BALIPOST.com,"Dajan Peken, 82114, Tabanan, Tabanan, Bali, Indonesia",-8.536609490935,115.13552944186335,5,"2, 7","kejaksaan, kejatibali, kejaritabanan, tabanan, news"
Mimpi Punya Rumah Tabanan Bali Cek di Sini Harga Cuma Rp 168 Juta,2025-03-30T07:00:00.000Z,"Kabupaten Tabanan, Bali, Indonesia","Mimpi Punya Rumah Tabanan Bali? Cek di Sini, Harga Cuma Rp 168 Juta - Kompas.com","KOMPAS.com - Kabupaten Tabanan di Bali kini tengah menarik perhatian calon pemilik rumah.
Daerah ini menjadi sorotan karena menawarkan berbagai pilihan rumah subsidi dengan harga terjangkau, yang bisa diakses melalui Sistem Informasi Kumpulan Pengembang (Sikumbang).Menariknya, harga rumah tersebut ditawarkan di bawah Rp 200 juta.
Berikut adalah beberapa pilihan rumah yang bisa dipertimbangkan di Kabupaten Tabanan:
1. Perumahan Taman Indah Lestari: Tipe 30/60
Terletak di Kerambitan, Kabupaten Tabanan, proyek ini dikembangkan oleh PT Puri Gita Asri.




Rumah tapak ini dirancang dengan luas bangunan 30 meter persegi dan luas lahan 60 meter persegi.
Terdapat 48 rumah yang ditawarkan dengan harga Rp 149 juta per unit.
Hingga kini, 26 unit sudah terjual, dan 22 rumah lainnya masih tersedia.
2.","Bca Pesona Jadi Thp 3: Tipe 25
Perumahan ini terletak di Kediri, Kabupaten Tabanan dan dikembangkan oleh Bumi Cempaka Asri.
Menawarkan 114 rumah dengan luas bangunan 25 meter persegi dan luas lahan 60 meter persegi.
Harga per unit adalah Rp 168 juta, dan masih tersisa 19 rumah lagi.
3. Gedong Mandung V: Tipe 36
Proyek ini berlokasi di Kerambitan, Kabupaten Tabanan dan dikembangkan oleh PT Gedong Becik Raindra.
Dengan luas bangunan 36 meter persegi dan total luas tanah 60 meter persegi, rumah tapak ini dibanderol dengan harga Rp 168 juta per unit.
Dari 26 unit yang tersedia, 12 rumah masih dipasarkan.
4.","Pada Hari Minggu , 30 Maret 2025 07:00, Tabanan, Tabanan, Bali

KOMPAS.com - Kabupaten Tabanan di Bali kini tengah menarik perhatian calon pemilik rumah.
Daerah ini menjadi sorotan karena menawarkan berbagai pilihan rumah subsidi dengan harga terjangkau, yang bisa diakses melalui Sistem Informasi Kumpulan Pengembang (Sikumbang).Menariknya, harga rumah tersebut ditawarkan di bawah Rp 200 juta.
Berikut adalah beberapa pilihan rumah yang bisa dipertimbangkan di Kabupaten Tabanan:
1. Perumahan Taman Indah Lestari: Tipe 30/60
Terletak di Kerambitan, Kabupaten Tabanan, proyek ini dikembangkan oleh PT Puri Gita Asri.




Rumah tapak ini dirancang dengan luas bangunan 30 meter persegi dan luas lahan 60 meter persegi.
Terdapat 48 rumah yang ditawarkan dengan harga Rp 149 juta per unit.
Hingga kini, 26 unit sudah terjual, dan 22 rumah lainnya masih tersedia.
2. Bca Pesona Jadi Thp 3: Tipe 25
Perumahan ini terletak di Kediri, Kabupaten Tabanan dan dikembangkan oleh Bumi Cempaka Asri.
Menawarkan 114 rumah dengan luas bangunan 25 meter persegi dan luas lahan 60 meter persegi.
Harga per unit adalah Rp 168 juta, dan masih tersisa 19 rumah lagi.
3. Gedong Mandung V: Tipe 36
Proyek ini berlokasi di Kerambitan, Kabupaten Tabanan dan dikembangkan oleh PT Gedong Becik Raindra.
Dengan luas bangunan 36 meter persegi dan total luas tanah 60 meter persegi, rumah tapak ini dibanderol dengan harga Rp 168 juta per unit.
Dari 26 unit yang tersedia, 12 rumah masih dipasarkan.
4. Graha Kita Tahaf II: Tipe 35/66
Terletak di Salamadeg Timur, Kabupaten Tabanan, proyek ini dikembangkan oleh PT Jatayu Dewata.
Tersedia total 24 rumah, dengan harga Rp 168 juta per unit.
Rumah tapak ini dirancang dengan luas bangunan 35 meter persegi dan luas lahan 66 meter persegi.
5. Bca Multi Jadi IX Thp 3: Tipe 25
Proyek perumahan ini juga berada di Kediri, Kabupaten Tabanan, dan menawarkan total 136 unit.
Dengan harga per unit Rp 168 juta, luas bangunan dirancang 25 meter persegi serta luas tanah 60 meter persegi.
Saat ini, masih ada 41 rumah lagi yang dipasarkan.
Kabupaten Tabanan, dengan berbagai pilihan rumah subsidi yang terjangkau, menarik minat berbagai kalangan calon pembeli.
Dengan harga yang bersaing dan fasilitas yang memadai, Tabanan menjadi pilihan yang tepat bagi mereka yang ingin memiliki rumah di Bali tanpa harus merogoh kocek terlalu dalam.
Dengan banyaknya pilihan perumahan yang ada, diharapkan para calon pemilik rumah dapat menemukan tempat tinggal yang sesuai dengan kebutuhan dan anggaran mereka.




  

    
        Bayangkan seorang anak Indonesia bercita-cita menjadi dokter tetapi hanya memiliki satu buku lusuh untuk belajar. Bersama Ekspedisi Kata ke Nyata Kompas.com, Anda bisa membantu mengubah kisah itu. Mari hadirkan akses literasi bagi anak-anak di berbagai pelosok Indonesia melalui donasi lewat tautan https://bit.ly/JagatLiterasi2026. Setiap kebaikan yang Anda berikan bukan hanya membuka jendela pengetahuan, tetapi juga membuka masa depan mereka.",Kompas.com,"Dajan Peken, 82114, Tabanan, Tabanan, Bali, Indonesia",-8.536609490935,115.13552944186335,5,"2, 7","kejaksaan, kejatibali, kejaritabanan, tabanan, news"
Bupati Tabanan Diputuskan Resmi Bercerai Sang Suami Ajukan Banding,2017-09-22T07:00:00.000Z,"Kabupaten Tabanan, Bali, Indonesia","Bupati Tabanan Diputuskan Resmi Bercerai, Sang Suami Ajukan Banding - Kompas.com","TABANAN, KOMPAS.com - Bupati Tabanan, Bali, Ni Putu Eka Wiryastuti, dinyatakan resmi bercerai dari suaminya, I Made Dwi Saputra alias Bambang Aditya pada Selasa (22/8/2017) lalu.Putusan gugatan cerai dari Eka kepada Bambang ketika itu dikabulkan pihak Pengadilan Negeri Tabanan. Namun sang suami, Bambang Aditya mengajukan banding.
Kepala PN Tabanan, I Wayan Gede Rumega mengatakan, adanya perlawan tersebut secara otomatis membuat persidangan akan digelar kembali.“Ada verzet atau perlawanan hukum dari tergugat.","Alasannya karena tidak mengetahui ada gugatan,” kata Rumega saat dikonfirmasi, Kamis (21/9/2017).Rumega menyebutkan, adanya verzet adalah hal biasa dalam persidangan perdata dan merupakan hak dari tergugat.Dalam penyampaian gugatan ke pengadilan, disebutkan pihaknya sudah melayangkan surat pemberitahuan yang ditujukan kepada alamat sesuai Kartu Tanda Pengenal (KTP). “Jika alamatnya tidak diketahui maka kami bisa mengumumkan di media masa terkait adanya gugatan hukum,” jelasnya.
Baca juga: Ditangkap di Jakpus, Ini Alasan Anggota DPRD Tabanan Konsumsi SabuBambang Aditya yang menikah dengan Ni Putu Eka Wiryastuti pada Desember 2012 sempat ke PN Tabanan untuk mengambil putusan persidangan perceraiannya sekitar Jumat (15/9/2017).Tergugat mengaku tidak mengetahui adanya gugatan karena sedang berada di Jakarta.“Karena alasan itu, makanya ada perlawanan hukum,” terang Rumega.Dengan adanya upaya hukum tersebut, pihak pengadilan PN Tabanan secara otomatis belum bisa membuka detail perkara Bupati Tabanan dua periode itu.Untuk proses sidang, akan mulai berjalan dan tertutup untuk umum.Baca juga: Cerai Susuk, Cara Perceraian TKW Asal Banyuwangi
Berita ini sudah tayang di Tribunnews.com, Jumat 22 September 2017 dengan judul Status Janda Bupati Cantik Ini Dibatalkan, Suami Banding
Kompas TV Parade Gebogan Jadi Pembuka Festival Tanah Lot





  

    
        Bayangkan seorang anak Indonesia bercita-cita menjadi dokter tetapi hanya memiliki satu buku lusuh untuk belajar.","Pada Hari Jumat , 22 September 2017 07:00, Tabanan, Tabanan, Bali

TABANAN, KOMPAS.com - Bupati Tabanan, Bali, Ni Putu Eka Wiryastuti, dinyatakan resmi bercerai dari suaminya, I Made Dwi Saputra alias Bambang Aditya pada Selasa (22/8/2017) lalu.Putusan gugatan cerai dari Eka kepada Bambang ketika itu dikabulkan pihak Pengadilan Negeri Tabanan. Namun sang suami, Bambang Aditya mengajukan banding.
Kepala PN Tabanan, I Wayan Gede Rumega mengatakan, adanya perlawan tersebut secara otomatis membuat persidangan akan digelar kembali.“Ada verzet atau perlawanan hukum dari tergugat. Alasannya karena tidak mengetahui ada gugatan,” kata Rumega saat dikonfirmasi, Kamis (21/9/2017).Rumega menyebutkan, adanya verzet adalah hal biasa dalam persidangan perdata dan merupakan hak dari tergugat.Dalam penyampaian gugatan ke pengadilan, disebutkan pihaknya sudah melayangkan surat pemberitahuan yang ditujukan kepada alamat sesuai Kartu Tanda Pengenal (KTP). 



“Jika alamatnya tidak diketahui maka kami bisa mengumumkan di media masa terkait adanya gugatan hukum,” jelasnya.
Baca juga: Ditangkap di Jakpus, Ini Alasan Anggota DPRD Tabanan Konsumsi SabuBambang Aditya yang menikah dengan Ni Putu Eka Wiryastuti pada Desember 2012 sempat ke PN Tabanan untuk mengambil putusan persidangan perceraiannya sekitar Jumat (15/9/2017).Tergugat mengaku tidak mengetahui adanya gugatan karena sedang berada di Jakarta.“Karena alasan itu, makanya ada perlawanan hukum,” terang Rumega.Dengan adanya upaya hukum tersebut, pihak pengadilan PN Tabanan secara otomatis belum bisa membuka detail perkara Bupati Tabanan dua periode itu.Untuk proses sidang, akan mulai berjalan dan tertutup untuk umum.Baca juga: Cerai Susuk, Cara Perceraian TKW Asal Banyuwangi
Berita ini sudah tayang di Tribunnews.com, Jumat 22 September 2017 dengan judul Status Janda Bupati Cantik Ini Dibatalkan, Suami Banding
Kompas TV Parade Gebogan Jadi Pembuka Festival Tanah Lot





  

    
        Bayangkan seorang anak Indonesia bercita-cita menjadi dokter tetapi hanya memiliki satu buku lusuh untuk belajar. Bersama Ekspedisi Kata ke Nyata Kompas.com, Anda bisa membantu mengubah kisah itu. Mari hadirkan akses literasi bagi anak-anak di berbagai pelosok Indonesia melalui donasi lewat tautan https://bit.ly/JagatLiterasi2026. Setiap kebaikan yang Anda berikan bukan hanya membuka jendela pengetahuan, tetapi juga membuka masa depan mereka.    
                    Batas akses KARIN
                    
                        Kamu sudah mencapai batas akses KARIN.
                        Gabung membership Kompas.com+ MAX untuk bertanya lebih banyak dan memahami berita dengan lebih leluasa.
                    
                
            
                    
                    
                    Tidak akurat
                
                
                    
                    
                    Tidak relevan
                
                
                    
                    
                    Menyinggung
                
                
                    
                    
                    Terlalu lama
                
                
                    
                    
                    Isu privasi
                
                
                    
                    
                    Lainnya
                
            
            
                    Khusus Member
                    
                        Akses Tanya Langsung Tersedia untuk Member
                        Gabung membership Kompas.com+ MAX untuk bertanya lebih banyak dan memahami berita dengan lebih leluasa.",Kompas.com,"Dajan Peken, 82114, Tabanan, Tabanan, Bali, Indonesia",-8.536609490935,115.13552944186335,5,"2, 7","kejaksaan, kejatibali, kejaritabanan, tabanan, news"
Tabanan Arsip Page 530 of 575,2026-02-08T13:38:27.000Z,"Kabupaten Tabanan, Bali, Indonesia",Tabanan Arsip | Page 530 of 575 - BALIPOST.com,"Terbakar, Mobil Pengantar Pengantin LudesTabanan Jumat, 30 Maret 2018 | 12:56:44 TABANAN, BALIPOST.com - Sebuah mobil pengantar pengantin tiba-tiba terbakar saat melintas di jalan raya Denpasar - Gilimanuk tepatnya di sebelah timur jembatan Selabih Wanasari, Jumat...Warga Binaan Lapas Dilatih Buat TempeTabanan Rabu, 28 Maret 2018 | 11:30:00 TABANAN, BALIPOST.com - Dua puluh warga binaan lapas IIB, Kabupaten Tabanan dilatih membuat tempe, selasa (27/3). Pelatihan itu diberikan untuk menambah keterampilan, dengan harapan...Permintaan Darah Didominasi Pasien HDTabanan Rabu, 28 Maret 2018 | 10:05:50 TABANAN, BALIPOST.com - Jika lima tahun kebelakang permintaan darah di BRSU Tabanan didominasi pasien Demam Berdarah Denque (DBD).","Maka tahun ini permintaan darah tahun...Lulus TK Tidak Harus Pintar Baca TulisTabanan Selasa, 27 Maret 2018 | 16:32:59 TABANAN, BALIPOST.com – Selama ini masih banyak orang tua yang salah beranggapan mengenai anak lulusan Taman Kanak-kanak (TK) maupun Pendidikan Anak Usia Dini  (PAUD)....Ngamuk, ODGJ Diamankan Satpol PPTabanan Selasa, 27 Maret 2018 | 09:49:45 TABANAN, BALIPOST.com - Anak Agung Ngurah Bagus Mahaputra (41) warga Banjar Tengah, Desa Kerambitan, Kecamatan Kerambitan terpaksa diamankan petugas Satpol PP Tabanan, Senin (26/3)...Panen Raya, Harga Gabah Masih Di Atas HPPTabanan Minggu, 25 Maret 2018 | 16:34:08 TABANAN, BALIPOST.com - Memasuki panen raya, ketersediaan padi tentu melimpah. Namun meski ketersediaan melimpah, petani di Tabanan masih bisa menjual harga gabahnya di atas...Cegah Rabies, 55 Ekor Anjing DieleminasiTabanan Minggu, 25 Maret 2018 | 16:22:42 TABANAN, BALIPOST.com – Sebagai tindak lanjut terjadinya kasus gigitan anjing rabies di kecamatan Tabanan, digelar eleminasi selektif di tiga banjar yaitu  Banjar Delod Peken...2018, Nekosake akan Dibentuk di TabananTabanan Sabtu, 24 Maret 2018 | 11:58:08 TABANAN, BALIPOST.com - Setiap desa di Tabanan terus didorong untuk menggali dan memaksimalkan pemanfaatan potensi yang dimiliki.","Pada Hari Minggu , 8 Februari 2026 13:38, Tabanan, Tabanan, Bali

Terbakar, Mobil Pengantar Pengantin LudesTabanan Jumat, 30 Maret 2018 | 12:56:44 TABANAN, BALIPOST.com - Sebuah mobil pengantar pengantin tiba-tiba terbakar saat melintas di jalan raya Denpasar - Gilimanuk tepatnya di sebelah timur jembatan Selabih Wanasari, Jumat...Warga Binaan Lapas Dilatih Buat TempeTabanan Rabu, 28 Maret 2018 | 11:30:00 TABANAN, BALIPOST.com - Dua puluh warga binaan lapas IIB, Kabupaten Tabanan dilatih membuat tempe, selasa (27/3). Pelatihan itu diberikan untuk menambah keterampilan, dengan harapan...Permintaan Darah Didominasi Pasien HDTabanan Rabu, 28 Maret 2018 | 10:05:50 TABANAN, BALIPOST.com - Jika lima tahun kebelakang permintaan darah di BRSU Tabanan didominasi pasien Demam Berdarah Denque (DBD). Maka tahun ini permintaan darah tahun...Lulus TK Tidak Harus Pintar Baca TulisTabanan Selasa, 27 Maret 2018 | 16:32:59 TABANAN, BALIPOST.com – Selama ini masih banyak orang tua yang salah beranggapan mengenai anak lulusan Taman Kanak-kanak (TK) maupun Pendidikan Anak Usia Dini  (PAUD)....Ngamuk, ODGJ Diamankan Satpol PPTabanan Selasa, 27 Maret 2018 | 09:49:45 TABANAN, BALIPOST.com - Anak Agung Ngurah Bagus Mahaputra (41) warga Banjar Tengah, Desa Kerambitan, Kecamatan Kerambitan terpaksa diamankan petugas Satpol PP Tabanan, Senin (26/3)...Panen Raya, Harga Gabah Masih Di Atas HPPTabanan Minggu, 25 Maret 2018 | 16:34:08 TABANAN, BALIPOST.com - Memasuki panen raya, ketersediaan padi tentu melimpah. Namun meski ketersediaan melimpah, petani di Tabanan masih bisa menjual harga gabahnya di atas...Cegah Rabies, 55 Ekor Anjing DieleminasiTabanan Minggu, 25 Maret 2018 | 16:22:42 TABANAN, BALIPOST.com – Sebagai tindak lanjut terjadinya kasus gigitan anjing rabies di kecamatan Tabanan, digelar eleminasi selektif di tiga banjar yaitu  Banjar Delod Peken...2018, Nekosake akan Dibentuk di TabananTabanan Sabtu, 24 Maret 2018 | 11:58:08 TABANAN, BALIPOST.com - Setiap desa di Tabanan terus didorong untuk menggali dan memaksimalkan pemanfaatan potensi yang dimiliki. Tidak hanya pembentukan Bumdes, Tabanan juga mendorong...",BALIPOST.com,"Dajan Peken, 82114, Tabanan, Tabanan, Bali, Indonesia",-8.536609490935,115.13552944186335,5,"2, 7","kejaksaan, kejatibali, kejaritabanan, tabanan, news"
5 Tersangka Pengeroyokan Pencuri Ayam di Tabanan Ajukan Penangguhan Penahanan,2026-08-14T07:00:00.000Z,"Kabupaten Tabanan, Bali, Indonesia",5 Tersangka Pengeroyokan Pencuri Ayam di Tabanan Ajukan Penangguhan Penahanan - Kompas.com,"TABANAN, KOMPAS.com - Lima tersangka pengeroyokan yang menewaskan terduga pencuri ayam di Banjar Juwuk Legi, Desa Batunya, Kecamatan Baturiti, Kabupaten Tabanan, Bali, mengajukan permohonan penangguhan penahanan.
""Kami mengajukan permohonan penangguhan penahanan empat hari lalu,"" ujar kuasa hukum para tersangka, I Nyoman Agung Sariawan, dikonfirmasi Jumat (14/8/2026).Saat ini, pihaknya masih menunggu keputusan Polres Tabanan terkait permohonan tersebut.
Baca juga: Kejari Tabanan Selidiki Dugaan Korupsi Anggaran Dinkes, Kerugian Rp 300 Juta
Ada tersangka bapak dan anak
Menurut Agung, salah satu pertimbangan pengajuan penangguhan penahanan berkaitan dengan kondisi keluarga.
Dari lima tersangka, terdapat dua orang yang merupakan bapak dan anak.




""Memang salah satunya, dua orang dari tersangka itu orangtuanya dan anaknya. Bapak dan anak, sehingga istrinya di rumah, ibu rumah tangga, dia tidak bisa mengerjakan kehidupan sehari-hari karena kedua orang ini sebagai tulang punggung,"" jelas Agung.
Baca juga: Terduga Pencuri Ayam yang Tewas Dimassa di Tabanan Ternyata DPO Kasus Pencurian Laptop dan Konter HP
Selain itu, Agung menyebut salah satu tersangka baru menyelesaikan pendidikan dan tengah mempersiapkan diri untuk bekerja di luar negeri.""Satu tersangka itu mau ke luar negeri.","Dia sudah tamat mahasiswa, mau berangkat ke luar negeri. Bulan-bulan ini dia sudah mau berangkat ke luar negeri,"" katanya.
Menurut Agung, pihaknya menilai para tersangka memenuhi pertimbangan untuk mendapatkan penangguhan penahanan berdasarkan ketentuan hukum acara pidana.Ia menyebut, para tersangka tidak berpotensi melarikan diri, tidak akan menghilangkan barang bukti, serta tidak akan mengulangi perbuatannya.
""Dasar itulah kami mengajukan.","Pada Hari Jumat , 14 Agustus 2026 07:00, Tabanan, Tabanan, Bali

TABANAN, KOMPAS.com - Lima tersangka pengeroyokan yang menewaskan terduga pencuri ayam di Banjar Juwuk Legi, Desa Batunya, Kecamatan Baturiti, Kabupaten Tabanan, Bali, mengajukan permohonan penangguhan penahanan.
""Kami mengajukan permohonan penangguhan penahanan empat hari lalu,"" ujar kuasa hukum para tersangka, I Nyoman Agung Sariawan, dikonfirmasi Jumat (14/8/2026).Saat ini, pihaknya masih menunggu keputusan Polres Tabanan terkait permohonan tersebut.
Baca juga: Kejari Tabanan Selidiki Dugaan Korupsi Anggaran Dinkes, Kerugian Rp 300 Juta
Ada tersangka bapak dan anak
Menurut Agung, salah satu pertimbangan pengajuan penangguhan penahanan berkaitan dengan kondisi keluarga.
Dari lima tersangka, terdapat dua orang yang merupakan bapak dan anak.




""Memang salah satunya, dua orang dari tersangka itu orangtuanya dan anaknya. Bapak dan anak, sehingga istrinya di rumah, ibu rumah tangga, dia tidak bisa mengerjakan kehidupan sehari-hari karena kedua orang ini sebagai tulang punggung,"" jelas Agung.
Baca juga: Terduga Pencuri Ayam yang Tewas Dimassa di Tabanan Ternyata DPO Kasus Pencurian Laptop dan Konter HP
Selain itu, Agung menyebut salah satu tersangka baru menyelesaikan pendidikan dan tengah mempersiapkan diri untuk bekerja di luar negeri.""Satu tersangka itu mau ke luar negeri. Dia sudah tamat mahasiswa, mau berangkat ke luar negeri. Bulan-bulan ini dia sudah mau berangkat ke luar negeri,"" katanya.
Menurut Agung, pihaknya menilai para tersangka memenuhi pertimbangan untuk mendapatkan penangguhan penahanan berdasarkan ketentuan hukum acara pidana.Ia menyebut, para tersangka tidak berpotensi melarikan diri, tidak akan menghilangkan barang bukti, serta tidak akan mengulangi perbuatannya.
""Dasar itulah kami mengajukan. Sesuai dengan aturan KUHAP,,"" ujar Agung.
Sebelumnya, Polres Tabanan menetapkan lima orang sebagai tersangka dalam kasus pengeroyokan yang menyebabkan seorang pria meninggal dunia di Juwuk Legi.Kelima tersangka yakni MJ (29), WS (38), KB (21), MK (58), dan ND (53). Mereka merupakan warga Banjar Juwuk Legi, Desa Batunya.
Namun, polisi belum membeberkan peran masing-masing tersangka karena penyidikan masih berlangsung.




  



    
        Bayangkan seorang anak Indonesia bercita-cita menjadi dokter tetapi hanya memiliki satu buku lusuh untuk belajar. Bersama Ekspedisi Kata ke Nyata Kompas.com, Anda bisa membantu mengubah kisah itu. Mari hadirkan akses literasi bagi anak-anak di berbagai pelosok Indonesia melalui donasi lewat tautan https://bit.ly/JagatLiterasi2026. Setiap kebaikan yang Anda berikan bukan hanya membuka jendela pengetahuan, tetapi juga membuka masa depan mereka.",Kompas.com,"Dajan Peken, 82114, Tabanan, Tabanan, Bali, Indonesia",-8.536609490935,115.13552944186335,5,"2, 7","kejaksaan, kejatibali, kejaritabanan, tabanan, news"
Foto Nyanyi Bali dan Valrhona Kembangkan Kebun Kakao Berkelanjutan di Tabanan,2026-03-04T08:00:00.000Z,"Kabupaten Tabanan, Bali, Indonesia",Foto : Nyanyi Bali dan Valrhona Kembangkan Kebun Kakao Berkelanjutan di Tabanan - Kompas.com,"Made Ariani Siswanto, Managing Director Nyanyi Bali; Emmanuelle Brun, Head of Strategic Growth & New Ventures, Valrhona; dan Nyoman Astari Siswanto, Director Nyanyi Bali, di Valrhona Cocoa Forest, Bali.(Dok Nyanyi Bali).",,"Pada Hari Rabu , 4 Maret 2026 08:00, Tabanan, Tabanan, Bali

Made Ariani Siswanto, Managing Director Nyanyi Bali; Emmanuelle Brun, Head of Strategic Growth & New Ventures, Valrhona; dan Nyoman Astari Siswanto, Director Nyanyi Bali, di Valrhona Cocoa Forest, Bali.(Dok Nyanyi Bali)",Kompas.com,"Dajan Peken, 82114, Tabanan, Tabanan, Bali, Indonesia",-8.536609490935,115.13552944186335,5,"2, 7","kejaksaan, kejatibali, kejaritabanan, tabanan, news"
Diduga Frustrasi karena UN Siswi SMP Gantung Diri,2014-05-08T07:00:00.000Z,"Kabupaten Tabanan, Bali, Indonesia","Diduga Frustrasi karena UN, Siswi SMP Gantung Diri - Kompas.com","TABANAN, KOMPAS — Leony Alvionita (14), siswi kelas III SMP Negeri 1 Tabanan, Bali, gantung diri seusai pulang dari mengikuti ujian nasional, Selasa (6/5) sekitar pukul 11.00 Wita. Kepolisian Resor Tabanan menduga siswi tersebut frustrasi karena merasa gagal mengerjakan soal ujian Matematika.”Kami menduga ia takut tidak lulus dan memutuskan gantung diri.","Berdasarkan penelitian di kamar korban, ia tidak dibantu siapa pun dan mengikat tali dasi sekolahnya sendiri di lehernya untuk gantung diri,” kata Kepala Polres Tabanan Ajun Komisaris Besar Dekananto Eko Purwono, di Tabanan, Bali, Rabu.Polisi telah mendalami beberapa keterangan teman dan bukti Blackberry Messenger korban kepada temannya. Dalam pesan itu, sebelum jam siswa tersebut gantung diri, Leony sempat mengeluh kesulitan dan frustrasi mengerjakan soal Matematika.Leony ditemukan ibunya menggantung di kamar tidurnya di lantai dua rumah toko yang disewa keluarganya.","Pada Hari Kamis , 8 Mei 2014 07:00, Tabanan, Tabanan, Bali

TABANAN, KOMPAS — Leony Alvionita (14), siswi kelas III SMP Negeri 1 Tabanan, Bali, gantung diri seusai pulang dari mengikuti ujian nasional, Selasa (6/5) sekitar pukul 11.00 Wita. Kepolisian Resor Tabanan menduga siswi tersebut frustrasi karena merasa gagal mengerjakan soal ujian Matematika.”Kami menduga ia takut tidak lulus dan memutuskan gantung diri. Berdasarkan penelitian di kamar korban, ia tidak dibantu siapa pun dan mengikat tali dasi sekolahnya sendiri di lehernya untuk gantung diri,” kata Kepala Polres Tabanan Ajun Komisaris Besar Dekananto Eko Purwono, di Tabanan, Bali, Rabu.Polisi telah mendalami beberapa keterangan teman dan bukti Blackberry Messenger korban kepada temannya. Dalam pesan itu, sebelum jam siswa tersebut gantung diri, Leony sempat mengeluh kesulitan dan frustrasi mengerjakan soal Matematika.Leony ditemukan ibunya menggantung di kamar tidurnya di lantai dua rumah toko yang disewa keluarganya. Orangtuanya sempat membawa Leony ke rumah sakit, tetapi dia akhirnya meninggal.Pelaksanaan UN SMP juga tercoreng kuatnya dugaan kebocoran soal. Inspektur Jenderal Kementerian Pendidikan dan Kebudayaan Haryono Umar melakukan inspeksi mendadak ke SMPN 67 Jakarta, Rabu (7/5), untuk mengecek laporan kebocoran soal oleh Indonesia Corruption Watch (ICW).Tetap bawa ponsel



Saat ujian Bahasa Inggris, di dalam ruang kelas ditemukan banyak siswa tetap membawa telepon seluler (ponsel) sekalipun dilarang. Tim investigasi Itjen Kemdikbud memeriksa sekitar 71 ponsel siswa dan guru seusai UN. Di telepon milik siswa ditemukan jawaban sesuai tipe soal seperti laporan ICW.Sesuai informasi yang masuk ke ICW sebelumnya, di kalangan siswa beredar jawaban UN sesuai tipe soal yang disertai kata kunci sebagai penanda tipe soal Bahasa Inggris dan Matematika.Di Kediri, Jawa Timur, Polres Kediri Kota juga mengungkap peredaran kunci jawaban UN tingkat SMP untuk mata pelajaran Matematika. Kepala Polres Kediri Kota Ajun Komisaris Besar Budhi Herdi Susianto mengungkapkan, tiga siswa SMP tertangkap saat menggandakan kunci jawaban tersebut di salah satu tempat fotokopi di dekat sekolah yang ada di Jalan Penanggungan, Kota Kediri, Selasa.”Ada selembar kertas berisi 20 paket isian. Ada tulisannya untuk mata pelajaran Matematika. Setiap paket ada 50 jawaban untuk soal pilihan ganda,” ujarnya, Rabu. Setelah dicek dengan bantuan guru, tingkat kecocokan ”bocoran jawaban” dengan soal sampai 80 persen. Kunci tersebut dibeli seharga Rp 250.000 dari pelajar lain.Anggota Polres Kota Padang, Sumatera Barat, menemukan hal serupa di SMPN 15 Padang. Sejumlah siswa berniat mengambil kunci jawaban di tempat fotokopi. Konon, siswa harus membayar hingga Rp 100.000 untuk mendapatkan kunci jawaban itu. Namun, lembar kunci jawaban yang beredar di kalangan peserta ujian itu diragukan kebenarannya sehingga murid diminta tidak memercayainya.Di Jember, Jatim, juga beredar isu bocoran jawaban soal UN di seputaran Kecamatan Kaliwates. Namun, setelah dicek, tidak ada anak yang mengantongi lembar jawaban.Bibit korupsiKoordinator Divisi Monitoring Pelayanan Publik ICW Febri Hendri mengatakan, ada dugaan pembocoran terstruktur. ”Kami menyayangkan terjadinya kecurangan-kecurangan. Ini benih korupsi. Siswa yang masih muda saja sudah curang. Ini awalnya korupsi,” kata Febri.Selain dugaan kebocoran, UN SMP juga diwarnai masalah teknis, seperti tertukarnya paket soal dan jawaban di Kabupaten Pringsewu, Lampung. Akibatnya, murid menggunakan soal fotokopian. (ELN/LUK/AYS/WER/SIR/ZAK/GER)




  

    
        Bayangkan seorang anak Indonesia bercita-cita menjadi dokter tetapi hanya memiliki satu buku lusuh untuk belajar. Bersama Ekspedisi Kata ke Nyata Kompas.com, Anda bisa membantu mengubah kisah itu. Mari hadirkan akses literasi bagi anak-anak di berbagai pelosok Indonesia melalui donasi lewat tautan https://bit.ly/JagatLiterasi2026. Setiap kebaikan yang Anda berikan bukan hanya membuka jendela pengetahuan, tetapi juga membuka masa depan mereka.    
                    Batas akses KARIN
                    
                        Kamu sudah mencapai batas akses KARIN.
                        Gabung membership Kompas.com+ MAX untuk bertanya lebih banyak dan memahami berita dengan lebih leluasa.
                    
                
            
                    
                    
                    Tidak akurat
                
                
                    
                    
                    Tidak relevan
                
                
                    
                    
                    Menyinggung
                
                
                    
                    
                    Terlalu lama
                
                
                    
                    
                    Isu privasi
                
                
                    
                    
                    Lainnya
                
            
            
                    Khusus Member
                    
                        Akses Tanya Langsung Tersedia untuk Member
                        Gabung membership Kompas.com+ MAX untuk bertanya lebih banyak dan memahami berita dengan lebih leluasa.",Kompas.com,"Dajan Peken, 82114, Tabanan, Tabanan, Bali, Indonesia",-8.536609490935,115.13552944186335,5,"2, 7","kejaksaan, kejatibali, kejaritabanan, tabanan, news"
Berita Terkini Harian Wisata Di Tabanan Terbaru Hari Ini,2024-08-08T13:05:28.000Z,"Kabupaten Tabanan, Bali, Indonesia",Berita Terkini Harian Wisata Di Tabanan Terbaru Hari Ini - Kompas.com,"Baca berita tanpa iklan. Gabung Kompas.com+
            
        
        

                
        
        
        

    
            
                
                    #Wisata Di Tabanan                
            

            
                    
                        
                            
                                Semua
                            
                        
                        
                            
                                Artikel
                            
                        
                        
                            
                                Video
                            
                        
                    

                    Ada 10 artikel dan
                            0 video dari tag terkait
                        


                    
                
            
                                
                    
                        
                            
                            
                            
                                Air Panas Alam Angseri Bali: Daya Tarik, Harga Tiket dan Jam Buka
                                
                                    
                                        
                                            Travel                                            
                                        
                                        
                                            8 Agustus 2024
                                        
                                    
                                
                            
                        
                    
                
                                
                    
                        
                            
                            
                            
                                Dari Kopi hingga Cokelat, Daya Tarik Alam dan Wisata di Tabanan Bali
                                
                                    
                                        
                                            Travel                                            
                                        
                                        
                                            24 Juni 2023
                                        
                                    
                                
                            
                        
                    
                
                                
                    
                        
                            
                            
                            
                                7 Tempat Wisata Keluarga di Tabanan Bali, Mampir Kebun Bunga
                                
                                    
                                        
                                            Travel                                            
                                        
                                        
                                            21 September 2022
                                        
                                    
                                
                            
                        
                    
                
                                
                    
                        
                            
                            
                            
                                Rute dan Harga Makanan di Rumah Gemuk Bali
                                
                                    
                                        
                                            Travel                                            
                                        
                                        
                                            23 Januari 2021
                                        
                                    
                                
                            
                        
                    
                
                                
                    
                        
                            
                            
                            
                                10 Tips Berkunjung ke Rumah Gemuk Bali, Datang Sore Hari
                                
                                    
                                        
                                            Travel                                            
                                        
                                        
                                            23 Januari 2021
                                        
                                    
                                
                            
                        
                    
                
                                
                    
                        
                            
                            
                            
                                8 Kegiatan Asyik di Rumah Gemuk Bali, Piknik di Rumah Kaca
                                
                                    
                                        
                                            Travel                                            
                                        
                                        
                                            23 Januari 2021
                                        
                                    
                                
                            
                        
                    
                
                                
                    
                        
                            
                            
                            
                                Rumah Gemuk Bali, Tempat Wisata Bernuansa Romantis di Tabanan
                                
                                    
                                        
                                            Travel                                            
                                        
                                        
                                            22 Januari 2021
                                        
                                    
                                
                            
                        
                    
                
                                
                    
                        
                            
                            
                            
                                Kasus Covid Meningkat, 4 Tempat Wisata di Tabanan Tutup Sementara
                                
                                    
                                        
                                            Travel                                            
                                        
                                        
                                            27 September 2020
                                        
                                    
                                
                            
                        
                    
                
                                
                    
                        
                            
                            
                            
                                5 Tempat Wisata di Tabanan Bali Buka Kembali, Salah Satunya Tanah Lot
                                
                                    
                                        
                                            Travel                                            
                                        
                                        
                                            20 Juli 2020
                                        
                                    
                                
                            
                        
                    
                
                                
                    
                        
                            
                            
                            
                                5 Aktivitas Wisata di Tabanan 
                                
                                    
                                        
                                            Travel                                            
                                        
                                        
                                            1 April 2012
                                        
                                    
                                
                            
                        
                    
                
                            
        

    

        

            
                Baca berita tanpa iklan.","Gabung Kompas.com+
            
        
        
        
            
                Unduh Kompas.com App untuk berita terkini, akurat, dan tepercaya setiap saat
            
            
            
            Arahkan kamera ke kode QR ini untuk download app
        
        
                
            
            
                
            
        
    
    

        


            
                Baca berita tanpa iklan. Gabung Kompas.com+
            
        

        

    



        
	Close Ads.","Pada Hari Kamis , 8 Agustus 2024 13:05, Tabanan, Tabanan, Bali

Baca berita tanpa iklan. Gabung Kompas.com+
            
        
        

                
        
        
        

    
            
                
                    #Wisata Di Tabanan                
            

            
                    
                        
                            
                                Semua
                            
                        
                        
                            
                                Artikel
                            
                        
                        
                            
                                Video
                            
                        
                    

                    Ada 10 artikel dan
                            0 video dari tag terkait
                        


                    
                
            
                                
                    
                        
                            
                            
                            
                                Air Panas Alam Angseri Bali: Daya Tarik, Harga Tiket dan Jam Buka
                                
                                    
                                        
                                            Travel                                            
                                        
                                        
                                            8 Agustus 2024
                                        
                                    
                                
                            
                        
                    
                
                                
                    
                        
                            
                            
                            
                                Dari Kopi hingga Cokelat, Daya Tarik Alam dan Wisata di Tabanan Bali
                                
                                    
                                        
                                            Travel                                            
                                        
                                        
                                            24 Juni 2023
                                        
                                    
                                
                            
                        
                    
                
                                
                    
                        
                            
                            
                            
                                7 Tempat Wisata Keluarga di Tabanan Bali, Mampir Kebun Bunga
                                
                                    
                                        
                                            Travel                                            
                                        
                                        
                                            21 September 2022
                                        
                                    
                                
                            
                        
                    
                
                                
                    
                        
                            
                            
                            
                                Rute dan Harga Makanan di Rumah Gemuk Bali
                                
                                    
                                        
                                            Travel                                            
                                        
                                        
                                            23 Januari 2021
                                        
                                    
                                
                            
                        
                    
                
                                
                    
                        
                            
                            
                            
                                10 Tips Berkunjung ke Rumah Gemuk Bali, Datang Sore Hari
                                
                                    
                                        
                                            Travel                                            
                                        
                                        
                                            23 Januari 2021
                                        
                                    
                                
                            
                        
                    
                
                                
                    
                        
                            
                            
                            
                                8 Kegiatan Asyik di Rumah Gemuk Bali, Piknik di Rumah Kaca
                                
                                    
                                        
                                            Travel                                            
                                        
                                        
                                            23 Januari 2021
                                        
                                    
                                
                            
                        
                    
                
                                
                    
                        
                            
                            
                            
                                Rumah Gemuk Bali, Tempat Wisata Bernuansa Romantis di Tabanan
                                
                                    
                                        
                                            Travel                                            
                                        
                                        
                                            22 Januari 2021
                                        
                                    
                                
                            
                        
                    
                
                                
                    
                        
                            
                            
                            
                                Kasus Covid Meningkat, 4 Tempat Wisata di Tabanan Tutup Sementara
                                
                                    
                                        
                                            Travel                                            
                                        
                                        
                                            27 September 2020
                                        
                                    
                                
                            
                        
                    
                
                                
                    
                        
                            
                            
                            
                                5 Tempat Wisata di Tabanan Bali Buka Kembali, Salah Satunya Tanah Lot
                                
                                    
                                        
                                            Travel                                            
                                        
                                        
                                            20 Juli 2020
                                        
                                    
                                
                            
                        
                    
                
                                
                    
                        
                            
                            
                            
                                5 Aktivitas Wisata di Tabanan 
                                
                                    
                                        
                                            Travel                                            
                                        
                                        
                                            1 April 2012
                                        
                                    
                                
                            
                        
                    
                
                            
        

    

        

            
                Baca berita tanpa iklan. Gabung Kompas.com+
            
        
        
        
            
                Unduh Kompas.com App untuk berita terkini, akurat, dan tepercaya setiap saat
            
            
            
            Arahkan kamera ke kode QR ini untuk download app
        
        
                
            
            
                
            
        
    
    

        


            
                Baca berita tanpa iklan. Gabung Kompas.com+
            
        

        

    



        
	Close Ads",Kompas.com,"Dajan Peken, 82114, Tabanan, Tabanan, Bali, Indonesia",-8.536609490935,115.13552944186335,5,"2, 7","kejaksaan, kejatibali, kejaritabanan, tabanan, news"
Geledah Dinkes Tabanan Kejari Temukan Uang Rp8 Juta di Laci Staf,2026-08-11T07:00:00.000Z,"Kabupaten Tabanan, Bali, Indonesia","Geledah Dinkes Tabanan, Kejari Temukan Uang Rp8 Juta di Laci Staf - BALIPOST.com","Kepala Kejaksaan Negeri Tabanan, Medie, SH, MH. (BP/bit)SINGASANA, BALIPOST.com – Penggeledahan yang dilakukan Tim Penyidik Tindak Pidana Khusus Kejari Tabanan terkait dugaan korupsi pengelolaan anggaran BBM dan pelumas serta makan minum tahun anggaran 2023-2025 di Dinas Kesehatan Tabanan ternyata tidak hanya mengamankan 126 dokumen, laptop dan handphone sebagai barang bukti.","Ternyata dalam penggeledahan tersebut penyidik juga mengamankan uang tunai sebesar Rp 8,012 juta.Kepala Kejaksaan Negeri Tabanan, Medie, SH, MH, mengatakan, uang tunai yang diamankan tersebut ditemukan dalam bentuk kas yang disimpan di laci salah seorang staf Dinas Kesehatan Tabanan.Berdasarkan pengakuan awal, uang tersebut merupakan sisa uang yang sebelumnya diambil dari SPBU rekanan dengan menggunakan SPPD BBM yang diduga fiktif. “Uang tunai kurang lebih Rp8 juta 12 ribu, yang disita dari pegawai di Dinas Kesehatan Tabanan.","Pada Hari Selasa , 11 Agustus 2026 07:00, Tabanan, Tabanan, Bali

Kepala Kejaksaan Negeri Tabanan, Medie, SH, MH. (BP/bit)SINGASANA, BALIPOST.com – Penggeledahan yang dilakukan Tim Penyidik Tindak Pidana Khusus Kejari Tabanan terkait dugaan korupsi pengelolaan anggaran BBM dan pelumas serta makan minum tahun anggaran 2023-2025 di Dinas Kesehatan Tabanan ternyata tidak hanya mengamankan 126 dokumen, laptop dan handphone sebagai barang bukti. Ternyata dalam penggeledahan tersebut penyidik juga mengamankan uang tunai sebesar Rp 8,012 juta.Kepala Kejaksaan Negeri Tabanan, Medie, SH, MH, mengatakan, uang tunai yang diamankan tersebut ditemukan dalam bentuk kas yang disimpan di laci salah seorang staf Dinas Kesehatan Tabanan.Berdasarkan pengakuan awal, uang tersebut merupakan sisa uang yang sebelumnya diambil dari SPBU rekanan dengan menggunakan SPPD BBM yang diduga fiktif. “Uang tunai kurang lebih Rp8 juta 12 ribu, yang disita dari pegawai di Dinas Kesehatan Tabanan. Diakui uang tersebut merupakan sisa hasil atau uang yang diambil dari rekanan SPBU dengan menggunakan SPPD fiktif,” ujar Medie, Selasa (11/8).Penggeledahan merupakan tindak lanjut setelah perkara tersebut ditingkatkan dari tahap penyelidikan ke penyidikan. Sebelumnya, kata Medie, tim telah melakukan penyelidikan dengan memeriksa sekitar 18 saksi. Para saksi yang diperiksa berasal dari staf Dinas Kesehatan Tabanan maupun pihak rekanan. Dari hasil pemeriksaan dan pendalaman tersebut, penyidik menyimpulkan telah menemukan minimal dua alat bukti yang cukup untuk meningkatkan perkara ke tahap penyidikan.Medie mengatakan, dugaan modus dalam perkara tersebut antara lain berkaitan dengan pembuatan surat pertanggungjawaban (SPJ) fiktif. Dokumen tersebut diduga digunakan untuk mempertanggungjawabkan penggunaan anggaran yang dalam pelaksanaannya tidak sesuai dengan kondisi sebenarnya. “Setelah penggeledahan, selanjutnya tim penyidik Kejaksaan Negeri Tabanan akan melakukan pendalaman dokumen dan barang-barang yang disita atau diamankan,” katanya.Selain pendalaman barang bukti, penyidik dalam waktu dekat kembali melakukan pemanggilan terhadap sejumlah saksi. Keterangan para saksi tersebut akan dikonfrontasikan dengan hasil pemeriksaan dokumen dan barang bukti yang telah diamankan.Sedangkan untuk penetapan tersangka dalam kasus ini, menurut Medie, akan dilakukan setelah proses pendalaman alat bukti dan pemeriksaan saksi selesai. Kejari Tabanan menargetkan tahapan tersebut dapat dilakukan paling lambat dalam waktu sekitar satu bulan. “Setelah itu baru penetapan tersangka. Minimal paling lambat satu bulan atau lebih,” tegasnya.Perkara ini berawal dari laporan masyarakat terkait dugaan penyimpangan dalam pengelolaan anggaran pada Dinas Kesehatan Kabupaten Tabanan. Laporan tersebut kemudian ditindaklanjuti dengan penyelidikan. Setelah dilakukan pendalaman, penyidik menemukan adanya indikasi kebenaran atas laporan tersebut sehingga diterbitkan surat perintah penyelidikan.Dugaan tindak pidana korupsi tersebut berkaitan dengan pengelolaan anggaran Belanja Bahan Bakar Minyak (BBM) dan pelumas serta makan dan minum pada Dinas Kesehatan Kabupaten Tabanan untuk tahun anggaran 2023 sampai 2025. Penyidik masih mendalami seluruh rangkaian perkara untuk memastikan kerugian negara dan pihak-pihak yang nantinya dimintai pertanggungjawaban hukum.(Puspawati/balipost)",BALIPOST.com,"Dajan Peken, 82114, Tabanan, Tabanan, Bali, Indonesia",-8.536609490935,115.13552944186335,5,"2, 7","kejaksaan, kejatibali, kejaritabanan, tabanan, news"
2 Pendaki di Tabanan Ditemukan Selamat Setelah Tersesat Sehari,2024-03-05T08:00:00.000Z,"Kabupaten Tabanan, Bali, Indonesia",2 Pendaki di Tabanan Ditemukan Selamat Setelah Tersesat Sehari - Kompas.com,"KOMPAS.com - Dua orang pendaki bernama Sandika (21) dan Eka Putri Pratiwi (24) ditemukan selamat setelah tersesat di Gunung Batukaru, Kabupaten Tabanan, Provinsi Bali.
Mereka dilaporkan hilang setelah melakukan pendakian pada Minggu (3/3/2024) dini hari sekitar pukul 04.00 Wita.
Tim SAR gabungan melakukan pencarian terhadap kedua korban. Sandika dan Eka sempat menghubungi pihak keluarga, tetapi komunikasi itu kemudian terputus.Baca juga: 15 Jam Hilang Kontak, Pendaki Tersesat di Gunung Manglayang Ditemukan Selamat
Kedua pendaki diketahui tersesat di Gunung Batukaru setelah Kantor Pencarian dan Pertolongan Denpasar (Basarnas Bali) menerima informasi dari orangtua korban.
Kepala Kantor Pencarian dan Pertolongan Denpasar I Nyoman Sidakarya menyampaikan, pendaki bernama Sandika terlebih dahulu ditemukan pada Senin (4/3/2024) pukul 07.00 Wita.




""Ia turun dengan kondisi lemas dan berhasil sampai di Pura Malen, Pujungan,"" ujarnya, Selasa (5/3/2024) dalam keterangannya.Pencarian gabungan kemudian dikerahkan.","Pendaki kedua, Ema Putri Pratiwi, akhirnya ditemukan pada Senin sekitar pukul 16.15 Wita.
Baca juga: Tiga Pendaki Tersesat di Gunung Bawakaraeng
Tim SAR gabungan melaksanakan pencarian dengan menyisir sekitar titik pertemuan terakhir antara Eka Putri Pratiwi dan Sandika.
""Tim pencarian yang terdiri dari warga dan pemandu lokal berhasil menemukan Eka Putri Pratiwi dalam keadaan selamat sekitar pukul 16.15 Wita,"" jelasnya.
""Lokasi penemuannya berada 200 meter dari titik awal keduanya dilaporkan hilang,"" tandasnya.




  

    
        Bayangkan seorang anak Indonesia bercita-cita menjadi dokter tetapi hanya memiliki satu buku lusuh untuk belajar. Bersama Ekspedisi Kata ke Nyata Kompas.com, Anda bisa membantu mengubah kisah itu.","Pada Hari Selasa , 5 Maret 2024 08:00, Tabanan, Tabanan, Bali

KOMPAS.com - Dua orang pendaki bernama Sandika (21) dan Eka Putri Pratiwi (24) ditemukan selamat setelah tersesat di Gunung Batukaru, Kabupaten Tabanan, Provinsi Bali.
Mereka dilaporkan hilang setelah melakukan pendakian pada Minggu (3/3/2024) dini hari sekitar pukul 04.00 Wita.
Tim SAR gabungan melakukan pencarian terhadap kedua korban. Sandika dan Eka sempat menghubungi pihak keluarga, tetapi komunikasi itu kemudian terputus.Baca juga: 15 Jam Hilang Kontak, Pendaki Tersesat di Gunung Manglayang Ditemukan Selamat
Kedua pendaki diketahui tersesat di Gunung Batukaru setelah Kantor Pencarian dan Pertolongan Denpasar (Basarnas Bali) menerima informasi dari orangtua korban.
Kepala Kantor Pencarian dan Pertolongan Denpasar I Nyoman Sidakarya menyampaikan, pendaki bernama Sandika terlebih dahulu ditemukan pada Senin (4/3/2024) pukul 07.00 Wita.




""Ia turun dengan kondisi lemas dan berhasil sampai di Pura Malen, Pujungan,"" ujarnya, Selasa (5/3/2024) dalam keterangannya.Pencarian gabungan kemudian dikerahkan. Pendaki kedua, Ema Putri Pratiwi, akhirnya ditemukan pada Senin sekitar pukul 16.15 Wita.
Baca juga: Tiga Pendaki Tersesat di Gunung Bawakaraeng
Tim SAR gabungan melaksanakan pencarian dengan menyisir sekitar titik pertemuan terakhir antara Eka Putri Pratiwi dan Sandika.
""Tim pencarian yang terdiri dari warga dan pemandu lokal berhasil menemukan Eka Putri Pratiwi dalam keadaan selamat sekitar pukul 16.15 Wita,"" jelasnya.
""Lokasi penemuannya berada 200 meter dari titik awal keduanya dilaporkan hilang,"" tandasnya.




  

    
        Bayangkan seorang anak Indonesia bercita-cita menjadi dokter tetapi hanya memiliki satu buku lusuh untuk belajar. Bersama Ekspedisi Kata ke Nyata Kompas.com, Anda bisa membantu mengubah kisah itu. Mari hadirkan akses literasi bagi anak-anak di berbagai pelosok Indonesia melalui donasi lewat tautan https://bit.ly/JagatLiterasi2026. Setiap kebaikan yang Anda berikan bukan hanya membuka jendela pengetahuan, tetapi juga membuka masa depan mereka.",Kompas.com,"Dajan Peken, 82114, Tabanan, Tabanan, Bali, Indonesia",-8.536609490935,115.13552944186335,5,"2, 7","kejaksaan, kejatibali, kejaritabanan, tabanan, news"
Gudang Styrofoam Pabrik di Tabanan Terbakar Kerugian Capai Rp 3 Miliar,2025-10-16T07:00:00.000Z,"Kabupaten Tabanan, Bali, Indonesia","Gudang Styrofoam Pabrik di Tabanan Terbakar, Kerugian Capai Rp 3 Miliar - Kompas.com","TABANAN, KOMPAS.com – Kebakaran melanda gudang milik PT Mitra Jaya Sukses Abadi (MSA) di Banjar Batanduren, Desa Cepaka, Kecamatan Kediri, Kabupaten Tabanan, Bali.
Kasi Humas Polres Tabanan, Iptu I Gusti Made Berata, mengatakan kebakaran itu menimbulkan kerugian yang ditaksir mencapai Rp3 miliar.
Ia menjelaskan, kebakaran terjadi, Rabu (15/10/2025) malam sekitar pukul 18.30 Wita. Api pertama kali diketahui oleh salah satu karyawan yang tengah bekerja di area gudang.""Saat menggerinda, saksi mencium bau asap menyengat.","Ketika menoleh, ia melihat api sudah muncul sekitar lima meter dari tempatnya bekerja,"" kata Berata, Kamis (16/10/2025).
Baca juga: Kebakaran Maut di Pademangan: Renggut 4 Nyawa Termasuk Balita dan Ibu Hamil
Ia menyebutkan, gudang tersebut menyimpan bahan styrofoam yang mudah terbakar. Sehingga api dengan cepat membesar.




Beberapa karyawan berupaya memadamkan api menggunakan alat seadanya, namun tidak berhasil.""Api cepat menjalar ke bagian lain gudang.","Pada Hari Kamis , 16 Oktober 2025 07:00, Tabanan, Tabanan, Bali

TABANAN, KOMPAS.com – Kebakaran melanda gudang milik PT Mitra Jaya Sukses Abadi (MSA) di Banjar Batanduren, Desa Cepaka, Kecamatan Kediri, Kabupaten Tabanan, Bali.
Kasi Humas Polres Tabanan, Iptu I Gusti Made Berata, mengatakan kebakaran itu menimbulkan kerugian yang ditaksir mencapai Rp3 miliar.
Ia menjelaskan, kebakaran terjadi, Rabu (15/10/2025) malam sekitar pukul 18.30 Wita. Api pertama kali diketahui oleh salah satu karyawan yang tengah bekerja di area gudang.""Saat menggerinda, saksi mencium bau asap menyengat. Ketika menoleh, ia melihat api sudah muncul sekitar lima meter dari tempatnya bekerja,"" kata Berata, Kamis (16/10/2025).
Baca juga: Kebakaran Maut di Pademangan: Renggut 4 Nyawa Termasuk Balita dan Ibu Hamil
Ia menyebutkan, gudang tersebut menyimpan bahan styrofoam yang mudah terbakar. Sehingga api dengan cepat membesar.




Beberapa karyawan berupaya memadamkan api menggunakan alat seadanya, namun tidak berhasil.""Api cepat menjalar ke bagian lain gudang. Sekitar 20 menit kemudian, tujuh unit mobil pemadam kebakaran tiba di lokasi untuk memadamkan api,"" ujar Berata.
Baca juga: Kebakaran di Pademangan Tewaskan 4 Orang, Wali Kota Jakut Imbau Warga Jaga Lingkungan
Hingga kini, penyebab pasti kebakaran masih dalam penyelidikan.
Polisi sudah meminta keterangan sejumlah saksi dan melakukan olah tempat kejadin perkara.
""Penyebab kebakaran belum dapat dipastikan. Tidak ada korban jiwa maupun luka, namun kerugian ditaksir Rp 3 miliar,"" kata Berata.




  

    
        Bayangkan seorang anak Indonesia bercita-cita menjadi dokter tetapi hanya memiliki satu buku lusuh untuk belajar. Bersama Ekspedisi Kata ke Nyata Kompas.com, Anda bisa membantu mengubah kisah itu. Mari hadirkan akses literasi bagi anak-anak di berbagai pelosok Indonesia melalui donasi lewat tautan https://bit.ly/JagatLiterasi2026. Setiap kebaikan yang Anda berikan bukan hanya membuka jendela pengetahuan, tetapi juga membuka masa depan mereka.",Kompas.com,"Dajan Peken, 82114, Tabanan, Tabanan, Bali, Indonesia",-8.536609490935,115.13552944186335,5,"2, 7","kejaksaan, kejatibali, kejaritabanan, tabanan, news"
10 Rumah Murah di Lumbung Berasnya Bali Mulai Rp 140 Jutaan I,2023-05-23T07:00:00.000Z,"Kabupaten Tabanan, Bali, Indonesia","10 Rumah Murah di Lumbung Berasnya Bali, Mulai Rp 140 Jutaan (I) - Kompas.com","JAKARTA, KOMPAS.com - Berbeda dengan daerah lain di Bali, Kabupaten Tabanan memiliki keunikan tersendiri.
Kabupaten ini memiliki potensi unggulan di bidang pertanian. Bahkan Kabupaten Tabanan juga dikenal sebagai Lumbung Berasnya Bali.
Selain hamparan sawah, Tabanan juga menyediakan sederet pilihan rumah murah yang terdaftar dalam Sistem Informasi Kumpulan Pengembang (Sikumbang).
Bagi Anda yang tengah mencari rumah murah di Tabanan, berikut sejumlah pilihannya:
1.","BCA Land Kerambitan Tabanan
Perumahan ini berlokasi di Sembung Gede, Kerambitan, Kabupaten Tabanan yang dikembangkan oleh PT Bumi Cempaka Asri.
Tersedia 107 rumah murah dengan 358 unit lain terjual seharga Rp 168 juta untuk luas bangunan 27 meter persegi dan luas lahan 60 meter persegi.




2. Permata Kencana Residence
Dikembangkan oleh PT Krisna Genta Winangun, perumahan ini berlokasi di Bongan, Tabanan, Kabupaten Tabanan.
Terdapat 6 unit rumah subsidi dengan 39 lainnya terjual seharga Rp 168 juta untuk luas bangunan 30 meter persegi dan luas lahan 60 meter persegi.
Baca juga: Dengan Gaji Berapa Rumah Subsidi Bisa Dibeli?3.","Pada Hari Selasa , 23 Mei 2023 07:00, Tabanan, Tabanan, Bali

JAKARTA, KOMPAS.com - Berbeda dengan daerah lain di Bali, Kabupaten Tabanan memiliki keunikan tersendiri.
Kabupaten ini memiliki potensi unggulan di bidang pertanian. Bahkan Kabupaten Tabanan juga dikenal sebagai Lumbung Berasnya Bali.
Selain hamparan sawah, Tabanan juga menyediakan sederet pilihan rumah murah yang terdaftar dalam Sistem Informasi Kumpulan Pengembang (Sikumbang).
Bagi Anda yang tengah mencari rumah murah di Tabanan, berikut sejumlah pilihannya:
1. BCA Land Kerambitan Tabanan
Perumahan ini berlokasi di Sembung Gede, Kerambitan, Kabupaten Tabanan yang dikembangkan oleh PT Bumi Cempaka Asri.
Tersedia 107 rumah murah dengan 358 unit lain terjual seharga Rp 168 juta untuk luas bangunan 27 meter persegi dan luas lahan 60 meter persegi.




2. Permata Kencana Residence
Dikembangkan oleh PT Krisna Genta Winangun, perumahan ini berlokasi di Bongan, Tabanan, Kabupaten Tabanan.
Terdapat 6 unit rumah subsidi dengan 39 lainnya terjual seharga Rp 168 juta untuk luas bangunan 30 meter persegi dan luas lahan 60 meter persegi.
Baca juga: Dengan Gaji Berapa Rumah Subsidi Bisa Dibeli?3. Perumahan Taman Indah Lestari
Berlokasi di Kukuh, Kerambitan, Kabupaten Tabanan, perumahan ini dikembangkan oleh PT Puri Gita Asri.
Tersisa 23 unit rumah murah dengan 26 unit lain terjual seharga Rp 148,5 juta untuk luas bangunan 30 meter persegi dan luas lahan 60 meter persegi.
4. Satya Graha Residence
Perumahan ini dikembangkan oleh PT Lastia Sinar Cemerlang yang berlokasi di Batuaji, Kerambitan, Kabupaten Tabanan.
Masih tersedia 10 rumah subsidi dengan 5 unit lain terjual seharga Rp 168 juta untuk luas bangunan 27 meter persegi dan luas lahan 60 meter persegi.
5. Taman Tirta Residence
Perumahan ini berlokasi di Nyitdah, Kediri, Kabupaten Tabanan yang dikembangkan oleh PT Krisna Genta Winangun.
Tersisa 11 rumah murah dengan 85 lain terjual seharga Rp 168 juta untuk luas bangunan 30 meter persegi dan luas lahan 60 meter persegi.
Bersambung




  

    
        Bayangkan seorang anak Indonesia bercita-cita menjadi dokter tetapi hanya memiliki satu buku lusuh untuk belajar. Bersama Ekspedisi Kata ke Nyata Kompas.com, Anda bisa membantu mengubah kisah itu. Mari hadirkan akses literasi bagi anak-anak di berbagai pelosok Indonesia melalui donasi lewat tautan https://bit.ly/JagatLiterasi2026. Setiap kebaikan yang Anda berikan bukan hanya membuka jendela pengetahuan, tetapi juga membuka masa depan mereka.",Kompas.com,"Dajan Peken, 82114, Tabanan, Tabanan, Bali, Indonesia",-8.536609490935,115.13552944186335,5,"2, 7","kejaksaan, kejatibali, kejaritabanan, tabanan, news"
Foto Warga Tabanan Syok Terbangun dari Tidur Ada King Kobra Sembunyi di Bawah Kasur,2026-09-28T15:49:03.000Z,"Kabupaten Tabanan, Bali, Indonesia","Foto : Warga Tabanan Syok Terbangun dari Tidur, Ada King Kobra Sembunyi di Bawah Kasur - Kompas.com","Yayasan Reptil Asih Tabanan saat mengevakuasi ular king kobra di Desa Batu Aji, Kecamatan Kerambitan, Tabanan, Bali, Senin (28/9/2026).(Yayasan Reptil Asih.).",,"Pada Hari Senin , 28 September 2026 15:49, Tabanan, Tabanan, Bali

Yayasan Reptil Asih Tabanan saat mengevakuasi ular king kobra di Desa Batu Aji, Kecamatan Kerambitan, Tabanan, Bali, Senin (28/9/2026).(Yayasan Reptil Asih.)",Kompas.com,"Dajan Peken, 82114, Tabanan, Tabanan, Bali, Indonesia",-8.536609490935,115.13552944186335,5,"2, 7","kejaksaan, kejatibali, kejaritabanan, tabanan, news"
Jajaran Pemkab Tabanan Gelar Prosesi Mendem Panca Datu,2023-12-29T08:00:00.000Z,"Kabupaten Tabanan, Bali, Indonesia",Jajaran Pemkab Tabanan Gelar Prosesi Mendem Panca Datu - RRI.co.id,"Jajaran Pemkab Tabanan Gelar Prosesi Mendem Panca Datu 
                                                    
                                                                                            
                                                                                                            
                                
                                KBRN,Tabanan : Menyambut Puncak acara Karya Agung di Kantor Bupati Tabanan, Pemerintah Kabupaten Tabanan melaksanakan Upacara Mendem Panca Datu/Batu Permata dalam rangkaian Eed Karya Agung Tawur Panca Wali Krama, Padudusan Agung, Manawa Ratna, Memungkah, Melaspas, Ngenteg Linggih Kantor Bupati Tabanan yang berlangsung di Padmasana Kantor Bupati dan Padmasana RJ Bupati Tabanan, Rabu (27/12/2023).Di bawah komando Bupati Tabanan, Dr. I Komang Gede Sanjaya.,S.E.,M.M, yang saat itu didampingi Wakil Bupati Tabanan, Ketua DPRD Tabanan, Sekda para Asisten dan jajaran Kepala OPD di lingkungan Pemkab Tabanan serta para Prawartaka Karya dan pegawai, jalankan rangkaian upacara dengan semangat spiritual yang tinggi, demi tercapainya harapan bersama yakni Karya yang lascarya, labda karya sida sidaning don.Sebelum lakukan prosesi Mendem Panca Datu, Bupati beserta iringan jajaran, lakukan arak-arakan dari arah pewaregan dengan diiringi barisan pembawa Tedung dan Baleganjur, dengan membawa permata yang akan dilakukan prosesi mendem di Padmasana Kantor Bupati dan RJ Bupati.","Untuk diketahui, Upacara Pancadatu dimaknai sebagai kepercayaan yang disimbolkan dalam lima unsur logam.Simbol-simbol logam tersebut dijelaskan sebagai berikut, yaitu simbol Emas yakni percaya terhadap Brahman, Perunggu sebagai simbol percaya terhadap Atman, Besi sebagai simbol percaya dengan Karmaphala, Baja sebagai simbol percaya terhadap reinkarnasi, sedangkan Mirah atau Permata yakni sebagai simbol percaya terhadap moksa sebagai tujuan akhir.Ribuan Panca Datu dikumpulkan, mulai dari Bupati, Wakil Bupati, Sekda dan seluruh jajaran serta seluruh Pegawai di lingkungan Pemerintah Kabupaten Tabanan. Hal tersebut membuktikan Panca Datu, menjadi bagian dari lima pokok atau tuntunan dasar beragama Hindu yaitu Panca Sradha, sehingga menanam Panca Datu di dasar Padmasana atau Pura yang baru, memiliki arti bahwa pura tersebut telah diubah menjadi “emas” yang sarat dengan sinar-sinar kesucian Ida Sang Hyang Widhi Wasa, Tuhan Yang Maha Esa.“Prosesi Mendem Panca Datu sebagai Penyegjeg Jagat, jadi setiap pegawai menanam 1 batu, sebagai wujud Cihna Bhakti, rasa berkorban dan tulus ikhlas dari kita semua, di kantor yang juga merupakan tempat kita mencari rejeki.","Pada Hari Jumat , 29 Desember 2023 08:00, Tabanan, Tabanan, Bali

Jajaran Pemkab Tabanan Gelar Prosesi Mendem Panca Datu 
                                                    
                                                                                            
                                                                                                            
                                
                                KBRN,Tabanan : Menyambut Puncak acara Karya Agung di Kantor Bupati Tabanan, Pemerintah Kabupaten Tabanan melaksanakan Upacara Mendem Panca Datu/Batu Permata dalam rangkaian Eed Karya Agung Tawur Panca Wali Krama, Padudusan Agung, Manawa Ratna, Memungkah, Melaspas, Ngenteg Linggih Kantor Bupati Tabanan yang berlangsung di Padmasana Kantor Bupati dan Padmasana RJ Bupati Tabanan, Rabu (27/12/2023).Di bawah komando Bupati Tabanan, Dr. I Komang Gede Sanjaya.,S.E.,M.M, yang saat itu didampingi Wakil Bupati Tabanan, Ketua DPRD Tabanan, Sekda para Asisten dan jajaran Kepala OPD di lingkungan Pemkab Tabanan serta para Prawartaka Karya dan pegawai, jalankan rangkaian upacara dengan semangat spiritual yang tinggi, demi tercapainya harapan bersama yakni Karya yang lascarya, labda karya sida sidaning don.Sebelum lakukan prosesi Mendem Panca Datu, Bupati beserta iringan jajaran, lakukan arak-arakan dari arah pewaregan dengan diiringi barisan pembawa Tedung dan Baleganjur, dengan membawa permata yang akan dilakukan prosesi mendem di Padmasana Kantor Bupati dan RJ Bupati. Untuk diketahui, Upacara Pancadatu dimaknai sebagai kepercayaan yang disimbolkan dalam lima unsur logam.Simbol-simbol logam tersebut dijelaskan sebagai berikut, yaitu simbol Emas yakni percaya terhadap Brahman, Perunggu sebagai simbol percaya terhadap Atman, Besi sebagai simbol percaya dengan Karmaphala, Baja sebagai simbol percaya terhadap reinkarnasi, sedangkan Mirah atau Permata yakni sebagai simbol percaya terhadap moksa sebagai tujuan akhir.Ribuan Panca Datu dikumpulkan, mulai dari Bupati, Wakil Bupati, Sekda dan seluruh jajaran serta seluruh Pegawai di lingkungan Pemerintah Kabupaten Tabanan. Hal tersebut membuktikan Panca Datu, menjadi bagian dari lima pokok atau tuntunan dasar beragama Hindu yaitu Panca Sradha, sehingga menanam Panca Datu di dasar Padmasana atau Pura yang baru, memiliki arti bahwa pura tersebut telah diubah menjadi “emas” yang sarat dengan sinar-sinar kesucian Ida Sang Hyang Widhi Wasa, Tuhan Yang Maha Esa.“Prosesi Mendem Panca Datu sebagai Penyegjeg Jagat, jadi setiap pegawai menanam 1 batu, sebagai wujud Cihna Bhakti, rasa berkorban dan tulus ikhlas dari kita semua, di kantor yang juga merupakan tempat kita mencari rejeki. Ini pun juga sebagai syarat lascaryanya Karya Agung yang sedang kita lakukan saat ini,"" ujar Bupati Sanjaya.Siang itu, orang nomor satu di Tabanan mengawali prosesi dengan mendem Batu Permata Mirah, yang menyimbolkan pengorbanan dan niat yang tulus serta harapan untuk dimudahkan dalam menjalankan roda pemerintahan, serta mengembalikan kejayaan dan keagungan Kabupaten Tabanan. Prosesi ini adalah lanjutan dari prosesi Ngelungsur Pawintenan Sari yang telah dilakukan 1 (satu) hari sebelumnya.  


                                
                                
                                
                                
                                
                                            
                                        
                                                                    

                                


                                
                                
                                                                                                                                                                                
                            
                            
                                                                        
                                                                
                                    
                                        
                                            Berita
                                        
                                    
                                    Terbaru Lainnya
                                
                                
                            
                            
                                    
                                    
                                        Memuat berita terbaru.....",RRI.co.id,"Dajan Peken, 82114, Tabanan, Tabanan, Bali, Indonesia",-8.536609490935,115.13552944186335,5,"2, 7","kejaksaan, kejatibali, kejaritabanan, tabanan, news"
Entil Makanan Tradisional Khas Tabanan Bali yang Sarat Filosofi,2026-07-02T07:00:00.000Z,"Kabupaten Tabanan, Bali, Indonesia",Entil Makanan Tradisional Khas Tabanan Bali yang Sarat Filosofi - RRI.co.id,"Kuliner
                                                
                                            
                                                                            
                                    
                                    
                                        
                                            02 Jul 2026 16:17
                                            WIB
                                        
                                        
                                             Denpasar
                                        
                                    
                                    
                                                                                                                                
                                                                                
                                        
                                            
                                                Editor -
                                                Ni Nyoman Kasih
                                            
                                        
                                    
                                

                                                                                                                                    

                                

                                                                                                            
                                        
                                                                                    
                                                
                                                    
                                                

                                                                                                    
                                                        Sumber Foto : Dok.Poros Bali
                                                    
                                                                                            
                                                                                                            
                                
                                RRI.CO.ID. Denpasar - Entil adalah makanan tradisional khas Kabupaten Tabanan Bali, yang sekilas mirip lontong namun memiliki tekstur lebih kenyal dan gurih.","Terbuat dari adonan beras yang terkadang dicampur beras merah, entil dibungkus menggunakan daun kalingidi atau tengelidi dan disajikan dengan kuah santan kaldu,sayur urap serta sambel embe.Sampai saat ini, belum diketemukan bukti pertama kali entil dibuat dan digunakan. Akan tetapi secara etimologis, entil berasal dari kata buntil atau buntilan yang memiliki arti barang bawaan atau bekal.","Pada Hari Kamis , 2 Juli 2026 07:00, Tabanan, Tabanan, Bali

Kuliner
                                                
                                            
                                                                            
                                    
                                    
                                        
                                            02 Jul 2026 16:17
                                            WIB
                                        
                                        
                                             Denpasar
                                        
                                    
                                    
                                                                                                                                
                                                                                
                                        
                                            
                                                Editor -
                                                Ni Nyoman Kasih
                                            
                                        
                                    
                                

                                                                                                                                    

                                

                                                                                                            
                                        
                                                                                    
                                                
                                                    
                                                

                                                                                                    
                                                        Sumber Foto : Dok.Poros Bali
                                                    
                                                                                            
                                                                                                            
                                
                                RRI.CO.ID. Denpasar - Entil adalah makanan tradisional khas Kabupaten Tabanan Bali, yang sekilas mirip lontong namun memiliki tekstur lebih kenyal dan gurih. Terbuat dari adonan beras yang terkadang dicampur beras merah, entil dibungkus menggunakan daun kalingidi atau tengelidi dan disajikan dengan kuah santan kaldu,sayur urap serta sambel embe.Sampai saat ini, belum diketemukan bukti pertama kali entil dibuat dan digunakan. Akan tetapi secara etimologis, entil berasal dari kata buntil atau buntilan yang memiliki arti barang bawaan atau bekal. Hal ini mengidentifikasikan bahwa semenjak entil sudah menjadi makanan yang dipergunakan sebagai buntilan atau bekal dalam perjalanan sejak dahulu kala. Sifatnya yang relatif awet memungkinkan entil dibawa sebagai bekal ketika masyarakat di sekitar lereng Gunung Batukaru melakukan perjalanan jauh untuk merabas hutan ataupun membawa hasil bumi menuju pusat – pusat kerajaan. (ceraken.baliprov.go.id).Buntil maupun entil merupakan salah satu bentuk pengawetan makanan dengan proses perebusan dalam waktu yang lama, sehingga memiliki daya tahan yang cukup lama. Disamping itu,proses pembuatan dan bahan – bahan entil menggunakan bahan – bahan yang bersifat sederhana dan tersedia,seperti beras lokal,daun kalingidi,tali bambu yang tersedia di lingkungan sekitar.Sebagai makana estetika berkaitan dengan proses pembungkusan entil sehingga bisa menarik minat pembeli.Estetika dan kreatifitas dalam entil yang berubah dari waktu kewaktu dan menu serta penyajiannya. jika dahulu menu pendamping entil masih sederhana,kini menu pendamping entil lebih bervariasi dan menggugah selera. Ketika entil disajikan di restorant atau hotel,maka kreatifitas penyajian entil lebih rapi, mempergunakan bahan – bahan premium, serta dinikmati oleh segelintir orang.Makna pelestarian entil ,juga sebagai kebertahanan pohon kalingidi, pohon bambu, beras lokal menjadikan isu pelestarian alam. Jika tanaman tersebut punah maka entil akan ikut punah.Keberdaaan pohon kalingidi menjadi semakin penting seiring dengan bertambahnya kebutuhan. 


                                
                                
                                
                                
                                
                                            
                                        
                                                                    

                                


                                
                                                                    
                                    
                                
                                                                                                                                                                                
                            
                            
                                                                        
                                                                
                                    
                                        
                                            Berita
                                        
                                    
                                    Terbaru Lainnya
                                
                                
                            
                            
                                    
                                    
                                        Memuat berita terbaru.....",RRI.co.id,"Dajan Peken, 82114, Tabanan, Tabanan, Bali, Indonesia",-8.536609490935,115.13552944186335,5,"2, 7","kejaksaan, kejatibali, kejaritabanan, tabanan, news"
Ular Berkepala Dua Ditemukan di Kukuh,2019-08-30T07:00:00.000Z,"Kabupaten Tabanan, Bali, Indonesia",Ular Berkepala Dua Ditemukan di Kukuh - BALIPOST.com,"Ular berkepala dua yang ditemukan di Dusun Tengah, Desa Kukuh Marga, Tabanan. (BP/ist)TABANAN, BALIPOST.com – Gang Arjuna di Dusun Tengah, Desa Kukuh, Marga, Tabanan atau sebelah selatan SMP Negeri 2 Marga, Jumat (30/8) siang sontak ramai didatangi warga.","Mereka silih berganti ingin melihat penemuan ular berkepala dua. Meski berukuran kecil dengan panjang sekitar 40 centimeter, ular ini membuat heboh warga desa setempat.Dari pantauan di lapangan, ular tersebut berwarna kecokelatan.","Pada Hari Jumat , 30 Agustus 2019 07:00, Tabanan, Tabanan, Bali

Ular berkepala dua yang ditemukan di Dusun Tengah, Desa Kukuh Marga, Tabanan. (BP/ist)TABANAN, BALIPOST.com – Gang Arjuna di Dusun Tengah, Desa Kukuh, Marga, Tabanan atau sebelah selatan SMP Negeri 2 Marga, Jumat (30/8) siang sontak ramai didatangi warga. Mereka silih berganti ingin melihat penemuan ular berkepala dua. Meski berukuran kecil dengan panjang sekitar 40 centimeter, ular ini membuat heboh warga desa setempat.Dari pantauan di lapangan, ular tersebut berwarna kecokelatan. Binatang melata ini pertama kali dilihat oleh Gusti Bagus Eka Budaya (42), yang hendak memarkir kendaraannya usai pulang kerja pukul 12.00 Wita. Awalnya ia mengira ular itu tengah memakan katak. Namun, setelah diperhatikan lebih seksama ternyata memiliki dua kepala.Ia pun kaget dan menginformasikan apa yang dilihatnya kepada aparat desa. Oleh karena lokasi penemuan dikenal cukup angker karena tepat di jalan menuju kuburan anak, Eka menghaturkan canang di dekat ular tersebut. “Saya lihat pas pukul 12.00 Wita. Kebetulan hari ini tilem dan jalan menuju setra dikenal tenget. Tidak boleh leteh atau kotor, makanya saya haturkan canang di sana,” ucapnya.Eka sudah mencoba menghubungi orang pintar dan Jro Mangku Dalem untuk menanyakan perihal penemuan ular tersebut. Sementara Jro Mangku Dalem saat itu juga menghaturkan upakara berupa segehan lelipi dan memohon agar diberikan kemakmuran dan jika pertanda kurang baik agar pergi. “Ini aneh dan langka. Kami tidak tahu apakah ini pertanda baik atau buruk. Petunjuk jro mangku agar dibiarkan menghilang sendiri,” pungkasnya. (Dewi Puspawati/balipost)",BALIPOST.com,"Dajan Peken, 82114, Tabanan, Tabanan, Bali, Indonesia",-8.536609490935,115.13552944186335,5,"2, 7","kejaksaan, kejatibali, kejaritabanan, tabanan, news"
Wisata ke Tanah Lot Bali Melihat Sunset hingga Ular Suci,2021-09-10T07:00:00.000Z,"Kabupaten Tabanan, Bali, Indonesia","Wisata ke Tanah Lot Bali, Melihat Sunset hingga Ular Suci - Kompas.com","KOMPAS.com - Banyak Pura di Bali tidak hanya digunakan sebagai tempat ibadah, tetapi juga sebagai tempat berwisata.
itu karena masing-masing pura di Bali memiliki ciri khas dan keindahan panorama alam yang berbeda.Salah satunya adalah pura Tanah Lot atau yang biasa dikenal dengan nama Daerah Tempat Wisata (DTW) Tanah Lot.
Baca juga: Tanah Lot dan Pantai Pandawa, Favorit Turis Saat Bali Buka Kembali
Pura ini memiliki keunikan, yaitu berada di tepi laut. Wisatawan juga dapat menikmati beberapa aktivitas wisata selama berkunjung ke Tanah Lot.
Aktivitas wisata di Tanah Lot
Selain Pura Luhur Tanah Lot, di Daerah Tempat Wisata (DTW) Tanah Lot juga terdapat beberapa pura lain seperti Pura Pakendungan dan Penataran.




Setelah mengunjungi pura-pura, wisatawan bisa menuju beberapa tempat menarik lainnya seperti Air Suci yang terletak berdekatan dengan Pura Luhur Tanah Lot.Bagian Promosi Daerah Tempat Wisata Tanah Lot, Tiang Kadek Niti menjelasan bahwa air suci ini diyakini dapat mengusir aura negatif dalam diri dan menyembuhkan penyakit.
""Biasanya pengunjung meminta air suci ini untuk membasuh muka, tetapi hal ini kembali lagi ke keyakinan masing-masing"" kata dia pada Kompas.com (9/09/2021).

Di depan Pura Luhur Tanah Lot juga terdapat ular suci yang dipercaya sebagai penjaga kawasan dari hal buruk.","Banyak wisatawan yang mengunjungi ular suci ini untuk bisa memegangnya.
Tanah Lot juga terkenal akan pemandangan matahari terbenam atau sunset nya yang indah. Untuk menyaksikan matahari terbenam, wisatawan dapat menuju ke Sunset Terrace yang terletak di sebrang Pura Luhur Tanah Lot.Baca juga: Ini Waktu Kunjungan Terbaik ke Merbabu View & Cafe, Bisa Lihat Sunset
""Tempat ini sangat strategis untuk menikmati sunset dan disini juga terdapat banyak warung makan yang memanjakan lidah"" lanjut Tiang Kadek Niti.
Selain Sunset Terrace, wisatawan juga dapat menikmati sunset dan berfoto di area taman Enjung Galuh.
Berada di kawasan laut, wisatawan tentu bisa bermain di pantai yang berada Daerah Tempat Wisata Tanah Lot yaitu pantai Batu Bolong dan pantai Batu Mejan.
PIXABAY/DEZALB Tanah Lot""Pantai Batu Bolong terletak di sebelah barat Pura Luhur Tanah Lot, untuk menuju pantai ini harus menyusuri jalan turun.","Pada Hari Jumat , 10 September 2021 07:00, Tabanan, Tabanan, Bali

KOMPAS.com - Banyak Pura di Bali tidak hanya digunakan sebagai tempat ibadah, tetapi juga sebagai tempat berwisata.
itu karena masing-masing pura di Bali memiliki ciri khas dan keindahan panorama alam yang berbeda.Salah satunya adalah pura Tanah Lot atau yang biasa dikenal dengan nama Daerah Tempat Wisata (DTW) Tanah Lot.
Baca juga: Tanah Lot dan Pantai Pandawa, Favorit Turis Saat Bali Buka Kembali
Pura ini memiliki keunikan, yaitu berada di tepi laut. Wisatawan juga dapat menikmati beberapa aktivitas wisata selama berkunjung ke Tanah Lot.
Aktivitas wisata di Tanah Lot
Selain Pura Luhur Tanah Lot, di Daerah Tempat Wisata (DTW) Tanah Lot juga terdapat beberapa pura lain seperti Pura Pakendungan dan Penataran.




Setelah mengunjungi pura-pura, wisatawan bisa menuju beberapa tempat menarik lainnya seperti Air Suci yang terletak berdekatan dengan Pura Luhur Tanah Lot.Bagian Promosi Daerah Tempat Wisata Tanah Lot, Tiang Kadek Niti menjelasan bahwa air suci ini diyakini dapat mengusir aura negatif dalam diri dan menyembuhkan penyakit.
""Biasanya pengunjung meminta air suci ini untuk membasuh muka, tetapi hal ini kembali lagi ke keyakinan masing-masing"" kata dia pada Kompas.com (9/09/2021).

Di depan Pura Luhur Tanah Lot juga terdapat ular suci yang dipercaya sebagai penjaga kawasan dari hal buruk. Banyak wisatawan yang mengunjungi ular suci ini untuk bisa memegangnya.
Tanah Lot juga terkenal akan pemandangan matahari terbenam atau sunset nya yang indah. Untuk menyaksikan matahari terbenam, wisatawan dapat menuju ke Sunset Terrace yang terletak di sebrang Pura Luhur Tanah Lot.Baca juga: Ini Waktu Kunjungan Terbaik ke Merbabu View & Cafe, Bisa Lihat Sunset
""Tempat ini sangat strategis untuk menikmati sunset dan disini juga terdapat banyak warung makan yang memanjakan lidah"" lanjut Tiang Kadek Niti.
Selain Sunset Terrace, wisatawan juga dapat menikmati sunset dan berfoto di area taman Enjung Galuh.
Berada di kawasan laut, wisatawan tentu bisa bermain di pantai yang berada Daerah Tempat Wisata Tanah Lot yaitu pantai Batu Bolong dan pantai Batu Mejan.
PIXABAY/DEZALB Tanah Lot""Pantai Batu Bolong terletak di sebelah barat Pura Luhur Tanah Lot, untuk menuju pantai ini harus menyusuri jalan turun. Kalau pantai Batu Mejan, ada di sebelah barat pantai Batu Bolong, tapi jika ombak pasang tidak disarankan untuk ke dua pantai ini"" ujar Tiang Kadek Niti.
Setelah puas berwisata, pengunjung bisa menikmati kuliner warung tradisional sampai restoran di kawasan DTW Tanah Lot. Kuliner yang terkenal di Daerah Tempat Wisata Tanah Lot antara lain rujak, tipat cantok, serta kue klepon.
Pengunjung juga dapat berbelanja beragam varian suvenir di pasar seni yang berada di kawasan Tanah Lot.
Rute dan Harga Tiket Tanah Lot
Tanah Lot terletak di Desa Beraban, Kecamatan Kediri, Kabupaten Tabanan atau sekitar 15 kilometer (km) dari Kota Tabanan.
Baca juga: Pantai Padang Betuah Bengkulu, Tempat Wisata yang Mirip Tanah Lot Bali
Untuk menuju Tanah Lot dari Kota Denpasar, kamu bisa menempuh jarak sekitar 20 kilometer (km) atau sekitaar 50 menit perjalanan melalui daerah Kerobokan lalu melewati Canggu dan Munggu.
Biaya masuk ke Tanah Lot mulai dari Rp 15.000 untuk anak domestik, Rp 20.000 untuk dewasa domestik dan untuk wisatawan mancanegara dikenakan biaya mulai Rp 30.000 hingga Rp 60.000.


  

    
        Bayangkan seorang anak Indonesia bercita-cita menjadi dokter tetapi hanya memiliki satu buku lusuh untuk belajar. Bersama Ekspedisi Kata ke Nyata Kompas.com, Anda bisa membantu mengubah kisah itu. Mari hadirkan akses literasi bagi anak-anak di berbagai pelosok Indonesia melalui donasi lewat tautan https://bit.ly/JagatLiterasi2026. Setiap kebaikan yang Anda berikan bukan hanya membuka jendela pengetahuan, tetapi juga membuka masa depan mereka.",Kompas.com,"Dajan Peken, 82114, Tabanan, Tabanan, Bali, Indonesia",-8.536609490935,115.13552944186335,5,"2, 7","kejaksaan, kejatibali, kejaritabanan, tabanan, news"
4 Pendaki Tersesat di Gunung Batukaru Tabanan Basarnas Lakukan Pencarian,2025-06-30T07:00:00.000Z,"Kabupaten Tabanan, Bali, Indonesia","4 Pendaki Tersesat di Gunung Batukaru Tabanan, Basarnas Lakukan Pencarian - Kompas.com","TABANAN, KOMPAS.com - Empat orang pendaki tersesat saat mendaki Gunung Batukaru di Kecamatan Penebel, Kabupaten Tabanan, Provinsi Bali, Senin (30/6/2025).
Kepala Basarnas Bali, I Nyoman Sidakarya menyampaikan, rombongan pendaki itu berangkat pada Minggu (29/6/2025) sekitar pukul 04.30 Wita dari Kota Denpasar.Petugas siaga Basarnas Bali menerima informasi dari orangtua salah satu pendaki yang bernama Ketut Ganes pada pukul 02.15 Wita.
""Ibunya melaporkan bahwa anaknya berpamitan untuk melakukan pendakian di Gunung Batukaru bersama tiga teman lainnya, satu orang pria dan dua orang wanita,"" ujarnya, Senin.
Baca juga: Lumba-lumba Mati Terdampar di Pesisir Jembrana Bali, Ada Mata Kail Besar Tersangkut di Mulutnya
Orangtua salah satu pendaki itu sempat berkontak dengan pendaki pada Minggu pukul 11.00 Wita melalui telepon genggam.




Namun, selanjutnya sudah tidak bisa lagi dihubungi.
Baca juga: Kronologi Pendaki Malaysia Jatuh di Gunung Rinjani, Terungkap Penyebabnya
Menurut informasi, keempatnya memulai pendakian dari jalur Pujungan. Tim SAR menemukan motor mereka terparkir di area tersebut.Tim SAR gabungan kemudian melakukan pencarian terhadap empat orang pendaki tersebut.
Enam orang personel Tim Rescue Pos Pencarian dan Pertolongan Buleleng berangkat menuju Batukaru pada Senin dini hari pukul 02.30 Wita.Koordinasi juga dilakukan dengan BPBD Kabupaten Tabanan, Polsek Pupuan dan pemandu lokal.
Pada pukul 04.05 Wita, tim SAR gabungan sudah sampai di Pura Siwa, Desa Pujungan.","Setelah persiapan personel dan peralatan SAR, pendakian dimulai pada pukul 04.45 Wita.
Pagi ini, kurang lebih pukul 07.40 Wita, diterima informasi dari pihak keluarga, bahwa keempat pendaki itu dipastikan tersesat.""Target kembali bisa dihubungi dan mengatakan bahwa mereka ada di daerah Wanagiri Kauh dan rencananya akan kembali ke Pujungan,"" imbuh dia.
""Korban tersesat atas nama Ketut Ganes sudah berada di Pujungan pada pukul 08.10 Wita. Sementara 3 teman lainnya berada di Sari Bhuana menunggu penjemputan,"" tutupnya.




  



    
        Bayangkan seorang anak Indonesia bercita-cita menjadi dokter tetapi hanya memiliki satu buku lusuh untuk belajar.","Pada Hari Senin , 30 Juni 2025 07:00, Tabanan, Tabanan, Bali

TABANAN, KOMPAS.com - Empat orang pendaki tersesat saat mendaki Gunung Batukaru di Kecamatan Penebel, Kabupaten Tabanan, Provinsi Bali, Senin (30/6/2025).
Kepala Basarnas Bali, I Nyoman Sidakarya menyampaikan, rombongan pendaki itu berangkat pada Minggu (29/6/2025) sekitar pukul 04.30 Wita dari Kota Denpasar.Petugas siaga Basarnas Bali menerima informasi dari orangtua salah satu pendaki yang bernama Ketut Ganes pada pukul 02.15 Wita.
""Ibunya melaporkan bahwa anaknya berpamitan untuk melakukan pendakian di Gunung Batukaru bersama tiga teman lainnya, satu orang pria dan dua orang wanita,"" ujarnya, Senin.
Baca juga: Lumba-lumba Mati Terdampar di Pesisir Jembrana Bali, Ada Mata Kail Besar Tersangkut di Mulutnya
Orangtua salah satu pendaki itu sempat berkontak dengan pendaki pada Minggu pukul 11.00 Wita melalui telepon genggam.




Namun, selanjutnya sudah tidak bisa lagi dihubungi.
Baca juga: Kronologi Pendaki Malaysia Jatuh di Gunung Rinjani, Terungkap Penyebabnya
Menurut informasi, keempatnya memulai pendakian dari jalur Pujungan. Tim SAR menemukan motor mereka terparkir di area tersebut.Tim SAR gabungan kemudian melakukan pencarian terhadap empat orang pendaki tersebut.
Enam orang personel Tim Rescue Pos Pencarian dan Pertolongan Buleleng berangkat menuju Batukaru pada Senin dini hari pukul 02.30 Wita.Koordinasi juga dilakukan dengan BPBD Kabupaten Tabanan, Polsek Pupuan dan pemandu lokal.
Pada pukul 04.05 Wita, tim SAR gabungan sudah sampai di Pura Siwa, Desa Pujungan. Setelah persiapan personel dan peralatan SAR, pendakian dimulai pada pukul 04.45 Wita.
Pagi ini, kurang lebih pukul 07.40 Wita, diterima informasi dari pihak keluarga, bahwa keempat pendaki itu dipastikan tersesat.""Target kembali bisa dihubungi dan mengatakan bahwa mereka ada di daerah Wanagiri Kauh dan rencananya akan kembali ke Pujungan,"" imbuh dia.
""Korban tersesat atas nama Ketut Ganes sudah berada di Pujungan pada pukul 08.10 Wita. Sementara 3 teman lainnya berada di Sari Bhuana menunggu penjemputan,"" tutupnya.




  



    
        Bayangkan seorang anak Indonesia bercita-cita menjadi dokter tetapi hanya memiliki satu buku lusuh untuk belajar. Bersama Ekspedisi Kata ke Nyata Kompas.com, Anda bisa membantu mengubah kisah itu. Mari hadirkan akses literasi bagi anak-anak di berbagai pelosok Indonesia melalui donasi lewat tautan https://bit.ly/JagatLiterasi2026. Setiap kebaikan yang Anda berikan bukan hanya membuka jendela pengetahuan, tetapi juga membuka masa depan mereka.",Kompas.com,"Dajan Peken, 82114, Tabanan, Tabanan, Bali, Indonesia",-8.536609490935,115.13552944186335,5,"2, 7","kejaksaan, kejatibali, kejaritabanan, tabanan, news"
Wisatawan Asal Australia Hilang Terseret Ombak di Pantai Balian Tabanan,2024-10-17T07:00:00.000Z,"Kabupaten Tabanan, Bali, Indonesia",Wisatawan Asal Australia Hilang Terseret Ombak di Pantai Balian Tabanan - Kompas.com,"KOMPAS.com - Seorang wisatawan mancanegara asal Australia bernama Craig Stewart (56) hilang terseret arus di Pantai Balian, Kecamatan Selemadeg Barat, Kabupaten Tabanan, Provinsi Bali.
Kepala Basarnas Bali, Nyoman Sidakarya mengatakan, kejadian warga negara asing hilang tersebut dilaporkan kali pertama pada Rabu (16/10/2024) malam pukul 19.40 Wita.
""Informasi pertama kali diperoleh dari Kapolsek Selemedeg Barat. Berdasarkan laporan yang kami terima disebutkan identitas korban atas nama Laidley Craig Stewart,"" kata dia, Kamis (17/10/2024) dalam keterangannya.Baca juga: 3 Remaja yang Terseret Ombak Pantai Cilacap Ditemukan Tewas
Usai menerima laporan, personel Basarnas Bali dikerahkan melakukan pencarian.","Namun pencarian pada Rabu malam itu belum membuahkan hasil.
Tim SAR gabungan pun kembali melanjutkan pencarian wisatawan asal Australia tersebut pada Kamis pagi.




""Semalam tim kami berupaya mencari korban dengan penyisiran darat. Hari ini kami memberangkatkan 10 orang dengan pembagian regu pencarian darat dan laut,"" ujar dia.Tim SAR gabungan dibagi menjadi dua regu yang melaksanakan penyisiran di laut dengan menggunakan perahu karet.","Pada Hari Kamis , 17 Oktober 2024 07:00, Tabanan, Tabanan, Bali

KOMPAS.com - Seorang wisatawan mancanegara asal Australia bernama Craig Stewart (56) hilang terseret arus di Pantai Balian, Kecamatan Selemadeg Barat, Kabupaten Tabanan, Provinsi Bali.
Kepala Basarnas Bali, Nyoman Sidakarya mengatakan, kejadian warga negara asing hilang tersebut dilaporkan kali pertama pada Rabu (16/10/2024) malam pukul 19.40 Wita.
""Informasi pertama kali diperoleh dari Kapolsek Selemedeg Barat. Berdasarkan laporan yang kami terima disebutkan identitas korban atas nama Laidley Craig Stewart,"" kata dia, Kamis (17/10/2024) dalam keterangannya.Baca juga: 3 Remaja yang Terseret Ombak Pantai Cilacap Ditemukan Tewas
Usai menerima laporan, personel Basarnas Bali dikerahkan melakukan pencarian. Namun pencarian pada Rabu malam itu belum membuahkan hasil.
Tim SAR gabungan pun kembali melanjutkan pencarian wisatawan asal Australia tersebut pada Kamis pagi.




""Semalam tim kami berupaya mencari korban dengan penyisiran darat. Hari ini kami memberangkatkan 10 orang dengan pembagian regu pencarian darat dan laut,"" ujar dia.Tim SAR gabungan dibagi menjadi dua regu yang melaksanakan penyisiran di laut dengan menggunakan perahu karet. Regu lainnya melaksanakan penyisiran di sepanjang pesisir pantai.
Baca juga: Kakak Adik yang Tewas Terseret Ombak Pantai Kemiren Cilacap Berhasil Ditemukan
Sesuai perhitungan, lanjut dia, penyisiran akan dilakukan dengan metode pararel search.  Luas area sekitar 6 nauctical mile persegi dari arah timur ke barat dari lokasi korban tenggelam.
""Sampai dengan saat ini operasi SAR masih berlangsung dan belum bisa menemukan keberadaan korban.""
""Informasi dari tim di lokasi bahwa kondisi ombak ekstrem dan sementara pencarian dilaksanakan oleh regu darat,"" tutupnya.




  

    
        Bayangkan seorang anak Indonesia bercita-cita menjadi dokter tetapi hanya memiliki satu buku lusuh untuk belajar. Bersama Ekspedisi Kata ke Nyata Kompas.com, Anda bisa membantu mengubah kisah itu. Mari hadirkan akses literasi bagi anak-anak di berbagai pelosok Indonesia melalui donasi lewat tautan https://bit.ly/JagatLiterasi2026. Setiap kebaikan yang Anda berikan bukan hanya membuka jendela pengetahuan, tetapi juga membuka masa depan mereka.",Kompas.com,"Dajan Peken, 82114, Tabanan, Tabanan, Bali, Indonesia",-8.536609490935,115.13552944186335,5,"2, 7","kejaksaan, kejatibali, kejaritabanan, tabanan, news"
Perumda Dharma Santika Jalin Kerja Sama dengan Mariot Group Memasok Hasil Bumi dan Produk UMKM Lokal,2024-07-31T07:00:00.000Z,"Kabupaten Tabanan, Bali, Indonesia",Perumda Dharma Santika Jalin Kerja Sama dengan Mariot Group Memasok Hasil Bumi dan Produk UMKM Lokal - Kompas.com,"KOMPAS.com - Adanya kerja sama yang terjalin antara Perumda Dharma Santika Tabanan dengan Mariot Grup membawa kepastian bagi Usaha Mikro, Kecil, dan Menengah (UMKM), petani, dan peternak terkait penyerapan hasil bumi dan produk yang dihasilkan di daerah itu.
Sekretaris Daerah Kabupaten Tabanan I Gede Susila mengatakan, dengan adanya pasar atau permintaan dari hotel bintang lima dan juga pasar internasional, hasil pertanian, peternakan, serta UMKM dengan cepat terserap.
""Inisiasi kerja sama Perumda Dharma Santika dengan Mariot Group internasional ini sudah luar biasa dampaknya, tidak menimbulkan keraguan bagi para petani kita di Tabanan, karena mampu menembus pasar internasional,"" katanya saat penandatanganan Memorandum of Understanding (MOU) antara Perumda Dharma Santika dan Marriot Group, di Badung, Bali, Rabu (31/7/2024).Baca juga: Panitia Pastikan Stan untuk UMKM di PON 2024 Gratis
Namun demikian, kerja sama tersebut harus membuat para petani, peternak, dan pelaku UMKM berkomitmen memiliki standar dan kualitas terbaik, agar kerja sama tersebut dapat berjalan dengan baik.
“Jangan sampai kerja sama tersebut akan berakhir kurang baik, karena alasan pasokan produksi yang tersendat-sendat, kualitas produksi yang tidak sesuai dengan standar ataupun hal lainnya,” I Gede Susila seperti dikutp dari Antara.




Pemerintah daerah Kabupaten Tabanan, kata dia, akan senantiasa mendorong para pelaku usaha untuk memperluas jaringan usahanya, melalui perusahaan milik daerah untuk mewujudkan Tabanan Era Baru.Sementara itu, Direktur Perumda Dharma Santika Kabupaten Tabanan Kompyang Pasek Wedha menyatakan, kolaborasi dengan Mariot Grup bertujuan untuk memperkuat sinergi antara kedua belah pihak dalam berbagai bidang, terutama dalam mendukung pemasaran dan pemanfaatan produk pertanian, perikanan, dan industri lokal Bali dengan tagline ""By Bali, For Bali.""
Sehubungan dengan inisiatif Marriott Group Internasional, yang terdiri dari 27 hotel yang tersebar di seluruh Bali, kegiatan ini bertujuan untuk memperkuat dan mendukung rantai pasok nilai lokal serta meningkatkan pemberdayaan UMKM, peternak, dan petani di Bali, khususnya di Kabupaten Tabanan.
""Kami menyuplai 7,5 ton hingga 10 ton beras per bulan, telur 6.000-8.000 per hari, itu belum optimal dari potensi 25.000 butir telur per hari. Untuk sayur masih fluktuatif,"" paparnya.
Lebih lanjut ia mengatakan, penandatanganan perjanjian kerja sama tersebut membuka lebih banyak petani dan peternak, serta UMKM untuk menyuplai daging ayam, buah-buahan, ikan, dupa, suvenir, makanan ringan ringan dan juga hasil kerajinan dan hasil bumi lainnya.Baca juga: Perkuat UMKM, Kota Batu Didorong Punya Rumah Kurasi dan Rumah Vokasi
Dia menjelaskan, komitmen berkelanjutan dari Marriott Group Internasional dan Perumda Dharma Santika setelah MOU yang telah ditandatangani sebelumnya pada 30 November 2021 lalu, merupakan langkah strategis untuk meningkatkan kolaborasi antara sektor industri perhotelan dan sektor-sektor ekonomi lokal guna memberikan manfaat yang lebih besar bagi masyarakat, serta mendorong pertumbuhan ekonomi yang berkelanjutan di wilayah Tabanan.
Hal tersebut sejalan dengan Peraturan Gubernur Bali Nomor 99 Tahun 2018 tentang Pemasaran dan Pemanfaatan Produk Pertanian, Perikanan, dan Industri Lokal Bali yang isinya mendorong penggunaan produk-produk lokal Bali dalam berbagai sektor industri dan meningkatkan kesejahteraan petani, nelayan, serta pelaku industri lokal.
""Kolaborasi ini diharapkan dapat memberikan dampak positif terhadap pertumbuhan ekonomi lokal dan menciptakan peluang baru bagi para pelaku usaha di Bali,"" katanya.Sementara itu, Ramesh Jackson, Area Vice President Indonesia & Malaysia Marriott Internasional mengatakan Marriot Group, sebagai salah satu grup hotel internasional terkemuka, berkomitmen untuk mendukung produk-produk lokal Bali dalam operasional hotelnya di seluruh dunia.
Hal ini akan memberikan dampak signifikan terhadap peningkatan penjualan produk UMKM, sekaligus memberikan kesempatan bagi petani dan nelayan lokal untuk memasarkan produk mereka dengan lebih luas.
Dia mengatakan, Marriot Group Internasional berencana untuk memprioritaskan produk-produk lokal dalam kebutuhan hotelnya, termasuk bahan makanan, kerajinan tangan, dan produk lainnya.
Hal ini tidak hanya membantu meningkatkan pendapatan para pelaku UMKM, tetapi juga memberikan kesempatan bagi mereka untuk meningkatkan kualitas produk dan daya saing di pasar global.
Baca juga: Dorong Ekspor, Bea Cukai Jayapura Ajak Pelaku UMKM Manfaatkan Klinik Ekspor


  

    
        Bayangkan seorang anak Indonesia bercita-cita menjadi dokter tetapi hanya memiliki satu buku lusuh untuk belajar.","Bersama Ekspedisi Kata ke Nyata Kompas.com, Anda bisa membantu mengubah kisah itu. Mari hadirkan akses literasi bagi anak-anak di berbagai pelosok Indonesia melalui donasi lewat tautan https://bit.ly/JagatLiterasi2026.","Pada Hari Rabu , 31 Juli 2024 07:00, Tabanan, Tabanan, Bali

KOMPAS.com - Adanya kerja sama yang terjalin antara Perumda Dharma Santika Tabanan dengan Mariot Grup membawa kepastian bagi Usaha Mikro, Kecil, dan Menengah (UMKM), petani, dan peternak terkait penyerapan hasil bumi dan produk yang dihasilkan di daerah itu.
Sekretaris Daerah Kabupaten Tabanan I Gede Susila mengatakan, dengan adanya pasar atau permintaan dari hotel bintang lima dan juga pasar internasional, hasil pertanian, peternakan, serta UMKM dengan cepat terserap.
""Inisiasi kerja sama Perumda Dharma Santika dengan Mariot Group internasional ini sudah luar biasa dampaknya, tidak menimbulkan keraguan bagi para petani kita di Tabanan, karena mampu menembus pasar internasional,"" katanya saat penandatanganan Memorandum of Understanding (MOU) antara Perumda Dharma Santika dan Marriot Group, di Badung, Bali, Rabu (31/7/2024).Baca juga: Panitia Pastikan Stan untuk UMKM di PON 2024 Gratis
Namun demikian, kerja sama tersebut harus membuat para petani, peternak, dan pelaku UMKM berkomitmen memiliki standar dan kualitas terbaik, agar kerja sama tersebut dapat berjalan dengan baik.
“Jangan sampai kerja sama tersebut akan berakhir kurang baik, karena alasan pasokan produksi yang tersendat-sendat, kualitas produksi yang tidak sesuai dengan standar ataupun hal lainnya,” I Gede Susila seperti dikutp dari Antara.




Pemerintah daerah Kabupaten Tabanan, kata dia, akan senantiasa mendorong para pelaku usaha untuk memperluas jaringan usahanya, melalui perusahaan milik daerah untuk mewujudkan Tabanan Era Baru.Sementara itu, Direktur Perumda Dharma Santika Kabupaten Tabanan Kompyang Pasek Wedha menyatakan, kolaborasi dengan Mariot Grup bertujuan untuk memperkuat sinergi antara kedua belah pihak dalam berbagai bidang, terutama dalam mendukung pemasaran dan pemanfaatan produk pertanian, perikanan, dan industri lokal Bali dengan tagline ""By Bali, For Bali.""
Sehubungan dengan inisiatif Marriott Group Internasional, yang terdiri dari 27 hotel yang tersebar di seluruh Bali, kegiatan ini bertujuan untuk memperkuat dan mendukung rantai pasok nilai lokal serta meningkatkan pemberdayaan UMKM, peternak, dan petani di Bali, khususnya di Kabupaten Tabanan.
""Kami menyuplai 7,5 ton hingga 10 ton beras per bulan, telur 6.000-8.000 per hari, itu belum optimal dari potensi 25.000 butir telur per hari. Untuk sayur masih fluktuatif,"" paparnya.
Lebih lanjut ia mengatakan, penandatanganan perjanjian kerja sama tersebut membuka lebih banyak petani dan peternak, serta UMKM untuk menyuplai daging ayam, buah-buahan, ikan, dupa, suvenir, makanan ringan ringan dan juga hasil kerajinan dan hasil bumi lainnya.Baca juga: Perkuat UMKM, Kota Batu Didorong Punya Rumah Kurasi dan Rumah Vokasi
Dia menjelaskan, komitmen berkelanjutan dari Marriott Group Internasional dan Perumda Dharma Santika setelah MOU yang telah ditandatangani sebelumnya pada 30 November 2021 lalu, merupakan langkah strategis untuk meningkatkan kolaborasi antara sektor industri perhotelan dan sektor-sektor ekonomi lokal guna memberikan manfaat yang lebih besar bagi masyarakat, serta mendorong pertumbuhan ekonomi yang berkelanjutan di wilayah Tabanan.
Hal tersebut sejalan dengan Peraturan Gubernur Bali Nomor 99 Tahun 2018 tentang Pemasaran dan Pemanfaatan Produk Pertanian, Perikanan, dan Industri Lokal Bali yang isinya mendorong penggunaan produk-produk lokal Bali dalam berbagai sektor industri dan meningkatkan kesejahteraan petani, nelayan, serta pelaku industri lokal.
""Kolaborasi ini diharapkan dapat memberikan dampak positif terhadap pertumbuhan ekonomi lokal dan menciptakan peluang baru bagi para pelaku usaha di Bali,"" katanya.Sementara itu, Ramesh Jackson, Area Vice President Indonesia & Malaysia Marriott Internasional mengatakan Marriot Group, sebagai salah satu grup hotel internasional terkemuka, berkomitmen untuk mendukung produk-produk lokal Bali dalam operasional hotelnya di seluruh dunia.
Hal ini akan memberikan dampak signifikan terhadap peningkatan penjualan produk UMKM, sekaligus memberikan kesempatan bagi petani dan nelayan lokal untuk memasarkan produk mereka dengan lebih luas.
Dia mengatakan, Marriot Group Internasional berencana untuk memprioritaskan produk-produk lokal dalam kebutuhan hotelnya, termasuk bahan makanan, kerajinan tangan, dan produk lainnya.
Hal ini tidak hanya membantu meningkatkan pendapatan para pelaku UMKM, tetapi juga memberikan kesempatan bagi mereka untuk meningkatkan kualitas produk dan daya saing di pasar global.
Baca juga: Dorong Ekspor, Bea Cukai Jayapura Ajak Pelaku UMKM Manfaatkan Klinik Ekspor


  

    
        Bayangkan seorang anak Indonesia bercita-cita menjadi dokter tetapi hanya memiliki satu buku lusuh untuk belajar. Bersama Ekspedisi Kata ke Nyata Kompas.com, Anda bisa membantu mengubah kisah itu. Mari hadirkan akses literasi bagi anak-anak di berbagai pelosok Indonesia melalui donasi lewat tautan https://bit.ly/JagatLiterasi2026. Setiap kebaikan yang Anda berikan bukan hanya membuka jendela pengetahuan, tetapi juga membuka masa depan mereka.",Kompas.com,"Dajan Peken, 82114, Tabanan, Tabanan, Bali, Indonesia",-8.536609490935,115.13552944186335,5,"2, 7","kejaksaan, kejatibali, kejaritabanan, tabanan, news"
Tips Wisata di The Beach Love Bali Jangan Lupa Cek Ramalan Cuaca,2021-11-29T08:00:00.000Z,"Kabupaten Tabanan, Bali, Indonesia","Tips Wisata di The Beach Love Bali, Jangan Lupa Cek Ramalan Cuaca - Kompas.com","KOMPAS.com - Menghabiskan waktu di kafe di pinggir pantai menjadi salah satu kegiatan yang patut dicoba, salah satunya di The Beach Love. 
Kafe yang menawarkan pemandangan pantai dan tebing ini terletak di Jalan Pantai Kedungu, Belalang, Kediri, Tabanan, Bali.The Beach Love menyediakan menu-menu Western dengan harga mulai dari Rp 15.000 per paket.
Baca juga: The Beach Love, Kafe Tempat Nikmati Panorama Pantai Cinta Kedungu Bali
""Warga setempat menyebut pantainya dengan nama Pantai Cinta Kedungu. Kalau The Beach Love sendiri adalah kafe yang kami kelola dengan konsep outdoor,"" ujar pengelola sekaligus pemilik The Beach Love, Budi, saat dihubungi Kompas.com, Sabtu (27/11/2021).
Ada beberapa hal yang perlu diketahui wisatawan sebelum berkunjung ke The Beach Love.","Berikut ini adalah beberapa tips yang telah dirangkum Kompas.com:




Melakukan reservasi
DOK. Instagram.com/rincee The Beach Love, Tabanan, Bali
The Beach Love didirikan pada 13 September 2020.","Pada Hari Senin , 29 November 2021 08:00, Tabanan, Tabanan, Bali

KOMPAS.com - Menghabiskan waktu di kafe di pinggir pantai menjadi salah satu kegiatan yang patut dicoba, salah satunya di The Beach Love. 
Kafe yang menawarkan pemandangan pantai dan tebing ini terletak di Jalan Pantai Kedungu, Belalang, Kediri, Tabanan, Bali.The Beach Love menyediakan menu-menu Western dengan harga mulai dari Rp 15.000 per paket.
Baca juga: The Beach Love, Kafe Tempat Nikmati Panorama Pantai Cinta Kedungu Bali
""Warga setempat menyebut pantainya dengan nama Pantai Cinta Kedungu. Kalau The Beach Love sendiri adalah kafe yang kami kelola dengan konsep outdoor,"" ujar pengelola sekaligus pemilik The Beach Love, Budi, saat dihubungi Kompas.com, Sabtu (27/11/2021).
Ada beberapa hal yang perlu diketahui wisatawan sebelum berkunjung ke The Beach Love. Berikut ini adalah beberapa tips yang telah dirangkum Kompas.com:




Melakukan reservasi
DOK. Instagram.com/rincee The Beach Love, Tabanan, Bali
The Beach Love didirikan pada 13 September 2020. Meski usianya baru setahun, kafe ini disebut ramai pengunjung, terutama pada akhir pekan dan hari libur.
Oleh sebab itu, pengunjung dianjurkan melakukan reservasi terlebih dahulu sebelum mengunjungi The Beach Love.""Sebenarnya bisa langsung datang, tapi lebih baik booking dulu. Takutnya nanti penuh, apalagi kalau weekend,"" jelas Budi.
Reservasi dapat dilakukan secara daring dengan menghubungi nomor telepon yang tertera di akun Instagram The Beach Love.
Baca juga: 4 Aktivitas di The Beach Love Bali, Lihat Sunset Pantai Cinta Kedungu
Cek ramalan cuaca
Kafe The Beach Love berkonsep outdoor, sehingga sebagian besar areanya tidak beratap. Pemilihan ini bertujuan agar pengunjung dapat lebih leluasa menikmati pemandangan sekitar.
""Untuk saat ini kendalanya memang soal cuaca. Jika seharian hujan, kami terpaksa tutup,"" imbuh Budi.
Oleh sebab itu, pegunjung disarankan memeriksa ramalan cuaca sebelum mengunjungi The Beach Love.
Tidak hanya itu, mereka juga harus rajin mengecek media sosial The Beach Love karena kafe tersebut dapat tutup sewaktu-waktu jika cuaca tidak mendukung.
Baca juga: Dear Pemuda, Berani Coba 7 Aktivitas Ekstrem di Bali Berikut?


  

Datang pada musim kemarau
DOK. Instagram.com/the_beachlove The Beach Love, Tabanan, Bali",Kompas.com,"Dajan Peken, 82114, Tabanan, Tabanan, Bali, Indonesia",-8.536609490935,115.13552944186335,5,"2, 7","kejaksaan, kejatibali, kejaritabanan, tabanan, news"
Di Bali Ada Pohon Beringin Berusia Lebih dari 500 Tahun,2016-12-19T08:00:00.000Z,"Kabupaten Tabanan, Bali, Indonesia","Di Bali, Ada Pohon Beringin Berusia Lebih dari 500 Tahun - Kompas.com","TABANAN, KOMPAS.com - Keindahan wisata di Bali tak selalu soal pantai. Bali juga memiliki wisata flora menarik di daerah Tabanan.Salah satu wisata flora menarik adalah pohon beringin yang berusia ratusan tahun di Desa Baru, Kecamatan Marga, Kabupaten Tabanan, Bali.KompasTravel bersama media trip Fame Hotel berkesempatan untuk melihat dari dekat pohon langka tersebut.Pohon bernama ilmiah Ficus benjamina itu tampak kokoh dengan batang yang cukup besar.","Tinggi pohon mencapai 30 meter dengan diameter kurang lebih enam meter. Akar pohon itu juga cukup panjang dengan menjalar hingga 10 meter.
(BACA: Laklak Pisang, 'Crepe' Asli Tabanan yang Terancam Punah)
Pemandu wisata yang juga warga asli setempat, Demon, mengatakan pohon yang berusia lebih dari 500 tahun sudah dijaga dengan baik oleh warga sejak dulu.



Tak ada warga yang berani merusak atau pun memotong pohon beringin tersebut.""Kami menjaga pohon di sini cukup mudah.","Pada Hari Senin , 19 Desember 2016 08:00, Tabanan, Tabanan, Bali

TABANAN, KOMPAS.com - Keindahan wisata di Bali tak selalu soal pantai. Bali juga memiliki wisata flora menarik di daerah Tabanan.Salah satu wisata flora menarik adalah pohon beringin yang berusia ratusan tahun di Desa Baru, Kecamatan Marga, Kabupaten Tabanan, Bali.KompasTravel bersama media trip Fame Hotel berkesempatan untuk melihat dari dekat pohon langka tersebut.Pohon bernama ilmiah Ficus benjamina itu tampak kokoh dengan batang yang cukup besar. Tinggi pohon mencapai 30 meter dengan diameter kurang lebih enam meter. Akar pohon itu juga cukup panjang dengan menjalar hingga 10 meter.
(BACA: Laklak Pisang, 'Crepe' Asli Tabanan yang Terancam Punah)
Pemandu wisata yang juga warga asli setempat, Demon, mengatakan pohon yang berusia lebih dari 500 tahun sudah dijaga dengan baik oleh warga sejak dulu.



Tak ada warga yang berani merusak atau pun memotong pohon beringin tersebut.""Kami menjaga pohon di sini cukup mudah. Dengan bikin pura saja sudah enggak ada yang berani merusak,"" kata Demon kepada KompasTravel di Bali, Sabtu (17/12/2016).Pura yang dimaksud Demon berada tepat di samping pohon. Pura tersebut bernama Pura Babakan. Penamaan Pura Babakan juga tak terlepas dari pohon beringin tersebut.Babakan sendiri berasal dari batang pohon beringin tua yang sudah dibabak atau disayat.Masyarakat setempat percaya bahwa kulit batang pohon yang disebut masyarakat dengan kayu putih itu memiliki khasiat menyembuhkan berbagai macam penyakit.Kulit batang pohon itu disayat kemudian dihaluskan. Setelah itu diusapkan ke bagian tubuh yang sakit. ""Bisa sembuhkan luka jatuh, kepala pusing, pegal-pegal,"" kata Demon.Masyarakat setempat juga mempunyai tradisi sendiri untuk menjaga pohon tersebut. Salah satu tradisinya adalah dengan melakukan upacara yang dilakukan 210 hari sekali dengan memberikan sesaji.""Tujuannya untuk menjaga dan ucapan terima kasih kepada Tuhan karena telah menumbuhkan pohon di bumi,"" kata Demon.Kendati demikian, pohon ini belum dikenal luas oleh wisatawan lokal. Biasanya wisatawan yang datang berasal dari mancanegara, salah satunya dari Jerman.
    
        Bayangkan seorang anak Indonesia bercita-cita menjadi dokter tetapi hanya memiliki satu buku lusuh untuk belajar. Bersama Ekspedisi Kata ke Nyata Kompas.com, Anda bisa membantu mengubah kisah itu. Mari hadirkan akses literasi bagi anak-anak di berbagai pelosok Indonesia melalui donasi lewat tautan https://bit.ly/JagatLiterasi2026. Setiap kebaikan yang Anda berikan bukan hanya membuka jendela pengetahuan, tetapi juga membuka masa depan mereka.",Kompas.com,"Dajan Peken, 82114, Tabanan, Tabanan, Bali, Indonesia",-8.536609490935,115.13552944186335,5,"2, 7","kejaksaan, kejatibali, kejaritabanan, tabanan, news"
Tabanan Arsip Page 600 of 600,2026-09-29T02:44:31.000Z,"Kabupaten Tabanan, Bali, Indonesia",Tabanan Arsip | Page 600 of 600 - BALIPOST.com,"Ombudsman Usut Ijin Galian C di KelatingTabanan Rabu, 8 Maret 2017 | 16:29:08 TABANAN, BALIPOST.com – Status perijinan galian C di Desa Kelating, Kecamatan Kerambitan, yang diduga bodong rupanya mendapatkan perhatian serius dari Ombudsman Republik Indonesia (ORI)...Dedik Simpan Narkoba di Saku CelanaTabanan Rabu, 8 Maret 2017 | 15:58:34 TABANAN, BALIPOST.com – Anggota satuan narkoba menciduk I Made Ambara alias Dedik (27) di pertigaan jalan Padma, depan UD Manik Mulia, banjar Pande, Kediri,...Membandel, Puluhan PKL DitipiringTabanan Selasa, 7 Maret 2017 | 15:11:14 TABANAN, BALIPOST.com- Meski kerap dilakukan pembinaan oleh petugas buru dan sapa dari Satpol PP Tabanan, rupanya belum membuat efek jera bagi oknum para pedagang....",,"Pada Hari Selasa , 29 September 2026 02:44, Tabanan, Tabanan, Bali

Ombudsman Usut Ijin Galian C di KelatingTabanan Rabu, 8 Maret 2017 | 16:29:08 TABANAN, BALIPOST.com – Status perijinan galian C di Desa Kelating, Kecamatan Kerambitan, yang diduga bodong rupanya mendapatkan perhatian serius dari Ombudsman Republik Indonesia (ORI)...Dedik Simpan Narkoba di Saku CelanaTabanan Rabu, 8 Maret 2017 | 15:58:34 TABANAN, BALIPOST.com – Anggota satuan narkoba menciduk I Made Ambara alias Dedik (27) di pertigaan jalan Padma, depan UD Manik Mulia, banjar Pande, Kediri,...Membandel, Puluhan PKL DitipiringTabanan Selasa, 7 Maret 2017 | 15:11:14 TABANAN, BALIPOST.com- Meski kerap dilakukan pembinaan oleh petugas buru dan sapa dari Satpol PP Tabanan, rupanya belum membuat efek jera bagi oknum para pedagang...",BALIPOST.com,"Dajan Peken, 82114, Tabanan, Tabanan, Bali, Indonesia",-8.536609490935,115.13552944186335,5,"2, 7","kejaksaan, kejatibali, kejaritabanan, tabanan, news"
Tabanan Arsip Page 601 of 602,2026-09-30T11:24:18.000Z,"Kabupaten Tabanan, Bali, Indonesia",Tabanan Arsip | Page 601 of 602 - BALIPOST.com,"Sarana BPBD Tabanan Belum MemadaiTabanan Senin, 6 Maret 2017 | 15:21:44 TABANAN, BALIPOST.com – Beban tugas Badan Penanggulangan Bencana Daerah (BPBD) sebagai salah satu organisasi perangkat daerah cukup berat. Namun, hal itu tidak disertai dukungan...PDDS Diminta Kreatif Sejahterakan PetaniTabanan Sabtu, 4 Maret 2017 | 12:37:54 TABANAN, BALIPOST.com - Setelah melalui proses yang cukup panjang, akhirnya direksi Perusahaan Daerah Dharma Santika (PDDS) dikukuhkan.","Bupati Tabanan Ni Putu Eka Wiryastuti, Jumat...Sistem Keuangan Desa Mulai Dibuat OnlineTabanan Kamis, 2 Maret 2017 | 15:24:20 TABANAN, BALIPOST.com – Salah pos rekening selama ini masih kerap mewarnai laporan keuangan desa. Disamping karena tidak tahu caranya, sistem pelaporan di masing-masing desa...Antisipasi Bencana, Ini Upaya PDAM TabananTabanan Kamis, 2 Maret 2017 | 09:21:56 TABANAN, BALIPOST.com - Musim hujan masih belum usai.","Pada Hari Rabu , 30 September 2026 11:24, Tabanan, Tabanan, Bali

Sarana BPBD Tabanan Belum MemadaiTabanan Senin, 6 Maret 2017 | 15:21:44 TABANAN, BALIPOST.com – Beban tugas Badan Penanggulangan Bencana Daerah (BPBD) sebagai salah satu organisasi perangkat daerah cukup berat. Namun, hal itu tidak disertai dukungan...PDDS Diminta Kreatif Sejahterakan PetaniTabanan Sabtu, 4 Maret 2017 | 12:37:54 TABANAN, BALIPOST.com - Setelah melalui proses yang cukup panjang, akhirnya direksi Perusahaan Daerah Dharma Santika (PDDS) dikukuhkan. Bupati Tabanan Ni Putu Eka Wiryastuti, Jumat...Sistem Keuangan Desa Mulai Dibuat OnlineTabanan Kamis, 2 Maret 2017 | 15:24:20 TABANAN, BALIPOST.com – Salah pos rekening selama ini masih kerap mewarnai laporan keuangan desa. Disamping karena tidak tahu caranya, sistem pelaporan di masing-masing desa...Antisipasi Bencana, Ini Upaya PDAM TabananTabanan Kamis, 2 Maret 2017 | 09:21:56 TABANAN, BALIPOST.com - Musim hujan masih belum usai. Untuk mengantisipasi bencana yang berpotensi merusak jaringannya, PDAM Tabanan menyiagakan tim teknisinya selama 24 jam.Kepala Hubungan...",BALIPOST.com,"Dajan Peken, 82114, Tabanan, Tabanan, Bali, Indonesia",-8.536609490935,115.13552944186335,5,"2, 7","kejaksaan, kejatibali, kejaritabanan, tabanan, news"
43680 Wisatawan Kunjungi Ulun Danu Beratan Sepanjang Oktober 2022,2022-11-15T08:00:00.000Z,"Kabupaten Tabanan, Bali, Indonesia",43.680 Wisatawan Kunjungi Ulun Danu Beratan Sepanjang Oktober 2022 - Kompas.com,"KOMPAS.com - Kunjungan wisatawan ke Daerah Tujuan Wisata Ulun Danu Beratan atau DTW Ulun Danu Beratan mencapai 43.680 pengunjung selama Oktober 2022.
Dikutip dari Tribun Bali, angka itu menunjukkan animo wisatawan yang cukup terus menunjukkan peningkatan ke destinasi andalan di Tabanan, Bali tersebut.“Kalau tingkat kunjungan bulan Oktober 2022 memang lebih meningkat dibanding September. Kalau untuk perbandingan dengan Agustus, masih sedikit rendah.","Bahkan di bulan Agustus kunjungan wisatawan asing cukup tinggi,” ucap Humas DTW Ulun Danu, I Made Sukarata, seperti dikutip Tribun Bali, Selasa (15/11/2022).
Baca juga: 28 Tempat Wisata Tabanan, Banyak Destinasi Liburan Keluarga
Adapun angka wisatawan pada bulan November masih dilakukan penghitungan. Namun, angka rata-rata pengunjung setiap harinya mencapai 1.500 orang, baik wisatawan domestik maupun mancanegara.
“Seperti biasanya memang kunjungan rata-rata ialah sekitar 1.500-an wisatawan per hari di Ulun Danu,” kata dia.




Kenaikan tarif fast boat
Seirinf dengan kenaikan harga Bahan Bakar Minyak (BBM) beberapa waktu lalu, manajemen DTW Ulun Danu melakukan penyesuaian tarif fast boat.
Tarifnya menjadi Rp 200.000 dari semula Rp 150.000.
Apalagi, saat ini fast boat menggunakan pertamax, sementara saat ini menggunakan pertalite.
Baca juga: 7 Tempat Wisata Keluarga di Tabanan Bali, Mampir Kebun BungaHarga pertamax per liternya mencapai sekitar Rp 13.900.
Kendati demikian, Sukarata mengatakan tidak mendapatkan keluhan dari pengunjung.
“Sampai saat ini pengujung tidak ada yang mengeluhkan kenaikan itu,” ungkapnya.
Sedangkan untuk harga tiket masuk untuk wisatawan, harga masih tetap sama.
Baca juga: 9 Wisata Pantai di Tabanan Bali, Tak Cuma Tanah Lot
Untuk wisatawan mancanegara dewasa Rp 75.000 dan anak Rp 50.000.","Pada Hari Selasa , 15 November 2022 08:00, Tabanan, Tabanan, Bali

KOMPAS.com - Kunjungan wisatawan ke Daerah Tujuan Wisata Ulun Danu Beratan atau DTW Ulun Danu Beratan mencapai 43.680 pengunjung selama Oktober 2022.
Dikutip dari Tribun Bali, angka itu menunjukkan animo wisatawan yang cukup terus menunjukkan peningkatan ke destinasi andalan di Tabanan, Bali tersebut.“Kalau tingkat kunjungan bulan Oktober 2022 memang lebih meningkat dibanding September. Kalau untuk perbandingan dengan Agustus, masih sedikit rendah. Bahkan di bulan Agustus kunjungan wisatawan asing cukup tinggi,” ucap Humas DTW Ulun Danu, I Made Sukarata, seperti dikutip Tribun Bali, Selasa (15/11/2022).
Baca juga: 28 Tempat Wisata Tabanan, Banyak Destinasi Liburan Keluarga
Adapun angka wisatawan pada bulan November masih dilakukan penghitungan. Namun, angka rata-rata pengunjung setiap harinya mencapai 1.500 orang, baik wisatawan domestik maupun mancanegara.
“Seperti biasanya memang kunjungan rata-rata ialah sekitar 1.500-an wisatawan per hari di Ulun Danu,” kata dia.




Kenaikan tarif fast boat
Seirinf dengan kenaikan harga Bahan Bakar Minyak (BBM) beberapa waktu lalu, manajemen DTW Ulun Danu melakukan penyesuaian tarif fast boat.
Tarifnya menjadi Rp 200.000 dari semula Rp 150.000.
Apalagi, saat ini fast boat menggunakan pertamax, sementara saat ini menggunakan pertalite.
Baca juga: 7 Tempat Wisata Keluarga di Tabanan Bali, Mampir Kebun BungaHarga pertamax per liternya mencapai sekitar Rp 13.900.
Kendati demikian, Sukarata mengatakan tidak mendapatkan keluhan dari pengunjung.
“Sampai saat ini pengujung tidak ada yang mengeluhkan kenaikan itu,” ungkapnya.
Sedangkan untuk harga tiket masuk untuk wisatawan, harga masih tetap sama.
Baca juga: 9 Wisata Pantai di Tabanan Bali, Tak Cuma Tanah Lot
Untuk wisatawan mancanegara dewasa Rp 75.000 dan anak Rp 50.000. Sedangkan wisatawan domestik dewasa Rp 30.000 dan  anak-anak Rp 20.000.
“Tarif tiket masuk sama. Kami belum berani menaikkan karena sektor pariwisata baru pulih,” tuturnya.



    
        Bayangkan seorang anak Indonesia bercita-cita menjadi dokter tetapi hanya memiliki satu buku lusuh untuk belajar. Bersama Ekspedisi Kata ke Nyata Kompas.com, Anda bisa membantu mengubah kisah itu. Mari hadirkan akses literasi bagi anak-anak di berbagai pelosok Indonesia melalui donasi lewat tautan https://bit.ly/JagatLiterasi2026. Setiap kebaikan yang Anda berikan bukan hanya membuka jendela pengetahuan, tetapi juga membuka masa depan mereka.",Kompas.com,"Dajan Peken, 82114, Tabanan, Tabanan, Bali, Indonesia",-8.536609490935,115.13552944186335,5,"2, 7","kejaksaan, kejatibali, kejaritabanan, tabanan, news"
Tabanan Arsip Page 432 of 589,2025-01-14T06:48:39.000Z,"Kabupaten Tabanan, Bali, Indonesia",Tabanan Arsip | Page 432 of 589 - BALIPOST.com,"Suasana Duka Selimuti Kediaman Bripka AryaTabanan Jumat, 31 Januari 2020 | 14:22:11 TABANAN, BALIPOST.com – Suasana duka menyelimuti kediaman almarhum Bripka I Made Arya, Jumat (31/1) yang berlokasi di Banjar Malmundeh, Desa Pandang Bandung, Kecamatan Kediri....Pedagang Dilatih Manajemen, Dibantu PermodalanTabanan Kamis, 30 Januari 2020 | 13:19:43 TABANAN, BALIPOST.com - PT Sumber Alfaria Trijaya Tbk., (selaku pengelola jaringan Alfamart) membantu usaha mikro masyarakat melalui bantuan permodalan. Kucuran modal ini disupport oleh....",,"Pada Hari Selasa , 14 Januari 2025 06:48, Tabanan, Tabanan, Bali

Suasana Duka Selimuti Kediaman Bripka AryaTabanan Jumat, 31 Januari 2020 | 14:22:11 TABANAN, BALIPOST.com – Suasana duka menyelimuti kediaman almarhum Bripka I Made Arya, Jumat (31/1) yang berlokasi di Banjar Malmundeh, Desa Pandang Bandung, Kecamatan Kediri....Pedagang Dilatih Manajemen, Dibantu PermodalanTabanan Kamis, 30 Januari 2020 | 13:19:43 TABANAN, BALIPOST.com - PT Sumber Alfaria Trijaya Tbk., (selaku pengelola jaringan Alfamart) membantu usaha mikro masyarakat melalui bantuan permodalan. Kucuran modal ini disupport oleh...",BALIPOST.com,"Dajan Peken, 82114, Tabanan, Tabanan, Bali, Indonesia",-8.536609490935,115.13552944186335,5,"2, 7","kejaksaan, kejatibali, kejaritabanan, tabanan, news"
