title,when_,where,who,what,why,how,source_agent_report,location_name,latitude,longitude,category,data_of_information,hashtags
Warga Sukabumi Temukan Jasad Perempuan Tinggal Tulang Belulang di Sungai Mengering,2026-09-28T01:27:00.000Z,"Kabupaten Tabanan, Bali, Indonesia",Warga Sukabumi Temukan Jasad Perempuan Tinggal Tulang Belulang di Sungai Mengering - Kompas.com,"SUKABUMI, KOMPAS.com - Seorang pria, Epul (32), warga Kecamatan Sukalarang, Kabupaten Sukabumi, Jawa Barat, menemukan mayat tanpa identitas di area selokan.
Kasi Humas Polres Sukabumi Kota, Ipda Ade Ruli, membenarkan kejadian warga Kecamatan Sukalarang yang menemukan mayat tanpa identitas itu.Menurut Ade, kejadian itu terjadi saat saksi sedang berada di area selokan yang tak jauh dari area perkebunan.
""Kejadian itu terjadi pada Minggu (27/9/2026) sekitar pukul 07.30 WIB di perkebunan milik warga yang berada di kampung Tangsel RT 001 RW 001, Desa Sukamaju, Kecamatan Sukalarang,"" kata Ade dalam keterangan tertulisnya saat dihubungi Kompas.com via WhatsApp, Minggu (27/9/2026) malam.
""Jadi, saat saksi sedang buang air besar ke selokan, kemudian pada saat bersamaan saksi melihat ada tubuh manusia yang sudah menjadi tengkorak atau hanya menyisakan tulang belulang. Mayat tersebut tergeletak di dalam area sungai yang tengah mengering,"" ujarnya.
Baca juga: TPA Cikundul Sukabumi Kembali Terbakar, Truk Sampah Tak Bisa Masuk




Ade melanjutkan, saat saksi melihat ada mayat manusia di area sungai, ia lantas bergegas untuk menghubungi pihak desa serta kepolisian.
Tak lama berselang, pihak desa dan kepolisian datang ke lokasi penemuan mayat yang sudah menjadi tulang belulang tersebut.
""Saksi langsung melaporkan kejadian tersebut kepada pihak desa dan berkoordinasi dengan piket siaga Polsek Sukalarang,"" ucap Ade.Warga Duga Mayat ODGJ
Dari informasi yang didapat dari warga sekitar, lanjut Ade, mayat tanpa identitas tersebut dicurigai sebagai ODGJ wanita yang sempat dilihat warga di lokasi sekitar.
Sekitar 3 bulan yang lalu, warga yang melihat ODGJ tengah meminta-minta makanan dan berkeliaran di wilayah tersebut sudah satu minggu.
""Kami dapat keterangan dari saksi yang bernama Rahman bahwa 3 bulan sebelum kejadian, saksi sempat melihat dan berinteraksi dengan orang yang jenis kelamin perempuan yang diduga ODGJ berkeliaran selama hampir satu minggu untuk meminta makan kepada para petani, termasuk kepada warga sekitar di area kebun warga,"" ujar Ade.
Baca juga: Warga Sukabumi Serbu Posko Gerebek Desil, Antre Ubah Data agar Bansos Tak Terhenti
""Setelah hampir satu minggu saksi tidak melihat lagi keberadaan wanita tersebut.","Kemudian selanjutnya, tiga bulan terjadi penemuan tengkorak manusia itu,"" imbuh Ade.
Atas penemuan mayat wanita tanpa identitas tersebut, kemudian pihak kepolisian membawanya ke RSUD R Syamsudin SH.
""Jenazah tersebut dibawa ke RSUD R. Syamsudin Kota Sukabumi dan melaporkan kepada pimpinan,"" tutur Ade.




  

    
        Bayangkan seorang anak Indonesia bercita-cita menjadi dokter tetapi hanya memiliki satu buku lusuh untuk belajar.","Pada Hari Senin , 28 September 2026 01:27, Tabanan, Tabanan, Bali

SUKABUMI, KOMPAS.com - Seorang pria, Epul (32), warga Kecamatan Sukalarang, Kabupaten Sukabumi, Jawa Barat, menemukan mayat tanpa identitas di area selokan.
Kasi Humas Polres Sukabumi Kota, Ipda Ade Ruli, membenarkan kejadian warga Kecamatan Sukalarang yang menemukan mayat tanpa identitas itu.Menurut Ade, kejadian itu terjadi saat saksi sedang berada di area selokan yang tak jauh dari area perkebunan.
""Kejadian itu terjadi pada Minggu (27/9/2026) sekitar pukul 07.30 WIB di perkebunan milik warga yang berada di kampung Tangsel RT 001 RW 001, Desa Sukamaju, Kecamatan Sukalarang,"" kata Ade dalam keterangan tertulisnya saat dihubungi Kompas.com via WhatsApp, Minggu (27/9/2026) malam.
""Jadi, saat saksi sedang buang air besar ke selokan, kemudian pada saat bersamaan saksi melihat ada tubuh manusia yang sudah menjadi tengkorak atau hanya menyisakan tulang belulang. Mayat tersebut tergeletak di dalam area sungai yang tengah mengering,"" ujarnya.
Baca juga: TPA Cikundul Sukabumi Kembali Terbakar, Truk Sampah Tak Bisa Masuk




Ade melanjutkan, saat saksi melihat ada mayat manusia di area sungai, ia lantas bergegas untuk menghubungi pihak desa serta kepolisian.
Tak lama berselang, pihak desa dan kepolisian datang ke lokasi penemuan mayat yang sudah menjadi tulang belulang tersebut.
""Saksi langsung melaporkan kejadian tersebut kepada pihak desa dan berkoordinasi dengan piket siaga Polsek Sukalarang,"" ucap Ade.Warga Duga Mayat ODGJ
Dari informasi yang didapat dari warga sekitar, lanjut Ade, mayat tanpa identitas tersebut dicurigai sebagai ODGJ wanita yang sempat dilihat warga di lokasi sekitar.
Sekitar 3 bulan yang lalu, warga yang melihat ODGJ tengah meminta-minta makanan dan berkeliaran di wilayah tersebut sudah satu minggu.
""Kami dapat keterangan dari saksi yang bernama Rahman bahwa 3 bulan sebelum kejadian, saksi sempat melihat dan berinteraksi dengan orang yang jenis kelamin perempuan yang diduga ODGJ berkeliaran selama hampir satu minggu untuk meminta makan kepada para petani, termasuk kepada warga sekitar di area kebun warga,"" ujar Ade.
Baca juga: Warga Sukabumi Serbu Posko Gerebek Desil, Antre Ubah Data agar Bansos Tak Terhenti
""Setelah hampir satu minggu saksi tidak melihat lagi keberadaan wanita tersebut. Kemudian selanjutnya, tiga bulan terjadi penemuan tengkorak manusia itu,"" imbuh Ade.
Atas penemuan mayat wanita tanpa identitas tersebut, kemudian pihak kepolisian membawanya ke RSUD R Syamsudin SH.
""Jenazah tersebut dibawa ke RSUD R. Syamsudin Kota Sukabumi dan melaporkan kepada pimpinan,"" tutur Ade.




  

    
        Bayangkan seorang anak Indonesia bercita-cita menjadi dokter tetapi hanya memiliki satu buku lusuh untuk belajar. Bersama Ekspedisi Kata ke Nyata Kompas.com, Anda bisa membantu mengubah kisah itu. Mari hadirkan akses literasi bagi anak-anak di berbagai pelosok Indonesia melalui donasi lewat tautan https://bit.ly/JagatLiterasi2026. Setiap kebaikan yang Anda berikan bukan hanya membuka jendela pengetahuan, tetapi juga membuka masa depan mereka.",Kompas.com,"Dajan Peken, 82114, Tabanan, Tabanan, Bali, Indonesia",-8.536609490935,115.13552944186335,5,"2, 7","kejaksaan, kejatibali, kejaritabanan, tabanan, news"
Tambang Timah Ilegal di Bangka Barat Ditertibkan 140 Ponton Ditemukan,2026-09-27T06:54:00.000Z,"Kabupaten Tabanan, Bali, Indonesia","Tambang Timah Ilegal di Bangka Barat Ditertibkan, 140 Ponton Ditemukan - Kompas.com","BANGKA, KOMPAS.com - Ratusan ponton tambang timah ilegal ditemukan di laut Tembelok dan Keranggan, Mentok, Bangka Barat, Kepulauan Bangka Belitung.
Polisi mendatangi para penambang dan meminta mereka menjauhi lokasi yang bukan wilayah penambangan tersebut.
Kapolres Bangka Barat AKBP Helen Simanjuntak mengatakan bahwa operasi penertiban kembali dilakukan karena banyak penambang yang bertahan di lokasi terlarang.""Kembali melakukan penertiban terhadap aktivitas penambangan ilegal di perairan Tembelok dan Keranggan, Kecamatan Mentok,"" kata Helen pada awak media, Sabtu (26/9/2026).
Baca juga: Tes Urine Mendadak di Tambang Timah Pangkalpinang, 29 Pekerja Positif Narkoba
Helen mengatakan, patroli dan penertiban yang dimulai sekitar pukul 13.00 WIB tersebut menyasar ponton jenis selam dan user-user yang sebelumnya diketahui beroperasi di kawasan Tembelok dan Keranggan.




Dalam kegiatan tersebut, petugas tidak menemukan adanya aktivitas penambangan yang sedang berlangsung.
Namun, petugas menemukan 140 ponton masih diparkir di kawasan perairan Tembelok dan Keranggan, yang terdiri dari sekitar 100 ponton jenis selam dan 40 ponton user-user.""Kondisi arus laut yang cukup deras disebut menjadi salah satu faktor tidak berlangsungnya aktivitas penyelaman saat petugas melakukan penertiban,"" ujar Helen.
Meski demikian, petugas tetap memberikan imbauan kepada para ojek serta pekerja yang sedang melakukan perbaikan ponton agar tidak kembali melakukan aktivitas penambangan di kawasan tersebut.Helen menegaskan bahwa peringatan disampaikan sebagai bagian dari upaya kepolisian menjaga situasi keamanan sekaligus melindungi ekosistem laut di perairan Tembelok dan Keranggan.
""Personel terus melakukan pemantauan dan memberikan imbauan agar tidak melakukan aktivitas penambangan di kawasan tersebut. Kami juga mengajak masyarakat bersama-sama menjaga ekosistem laut dan segera melaporkan apabila mengetahui adanya aktivitas penambangan,"" ujar Helen.
Baca juga: Kades Minta Tolong Kapolri, Tambang Timah Ilegal Beromset Rp 13,5 Miliar per Bulan Sulit Diberantas
Ia mengatakan bahwa keberadaan ponton ini menjadi perhatian petugas sehingga pemantauan terhadap kawasan tersebut akan terus dilakukan.
Tembelok dan Keranggan merupakan perairan laut dangkal yang berkisar enam sampai delapan meter dan dikenal kaya pasir timah.
Penambang melakukan penyelaman menggunakan selang kompresor dan menyedot pasir timah ke dalam ponton.Kawasan tersebut tidak termasuk izin usaha penambangan serta kegiatan penambangan yang tidak memenuhi standar keselamatan.
Kegiatan penertiban berlangsung aman dan kondusif.
Polres Bangka Barat bersama Ditpolairud Polda juga mengingatkan masyarakat agar tidak memanfaatkan situasi untuk kembali melakukan aktivitas penambangan ilegal di perairan Tembelok dan Keranggan.




  

    
        Bayangkan seorang anak Indonesia bercita-cita menjadi dokter tetapi hanya memiliki satu buku lusuh untuk belajar.","Bersama Ekspedisi Kata ke Nyata Kompas.com, Anda bisa membantu mengubah kisah itu. Mari hadirkan akses literasi bagi anak-anak di berbagai pelosok Indonesia melalui donasi lewat tautan https://bit.ly/JagatLiterasi2026.","Pada Hari Minggu , 27 September 2026 06:54, Tabanan, Tabanan, Bali

BANGKA, KOMPAS.com - Ratusan ponton tambang timah ilegal ditemukan di laut Tembelok dan Keranggan, Mentok, Bangka Barat, Kepulauan Bangka Belitung.
Polisi mendatangi para penambang dan meminta mereka menjauhi lokasi yang bukan wilayah penambangan tersebut.
Kapolres Bangka Barat AKBP Helen Simanjuntak mengatakan bahwa operasi penertiban kembali dilakukan karena banyak penambang yang bertahan di lokasi terlarang.""Kembali melakukan penertiban terhadap aktivitas penambangan ilegal di perairan Tembelok dan Keranggan, Kecamatan Mentok,"" kata Helen pada awak media, Sabtu (26/9/2026).
Baca juga: Tes Urine Mendadak di Tambang Timah Pangkalpinang, 29 Pekerja Positif Narkoba
Helen mengatakan, patroli dan penertiban yang dimulai sekitar pukul 13.00 WIB tersebut menyasar ponton jenis selam dan user-user yang sebelumnya diketahui beroperasi di kawasan Tembelok dan Keranggan.




Dalam kegiatan tersebut, petugas tidak menemukan adanya aktivitas penambangan yang sedang berlangsung.
Namun, petugas menemukan 140 ponton masih diparkir di kawasan perairan Tembelok dan Keranggan, yang terdiri dari sekitar 100 ponton jenis selam dan 40 ponton user-user.""Kondisi arus laut yang cukup deras disebut menjadi salah satu faktor tidak berlangsungnya aktivitas penyelaman saat petugas melakukan penertiban,"" ujar Helen.
Meski demikian, petugas tetap memberikan imbauan kepada para ojek serta pekerja yang sedang melakukan perbaikan ponton agar tidak kembali melakukan aktivitas penambangan di kawasan tersebut.Helen menegaskan bahwa peringatan disampaikan sebagai bagian dari upaya kepolisian menjaga situasi keamanan sekaligus melindungi ekosistem laut di perairan Tembelok dan Keranggan.
""Personel terus melakukan pemantauan dan memberikan imbauan agar tidak melakukan aktivitas penambangan di kawasan tersebut. Kami juga mengajak masyarakat bersama-sama menjaga ekosistem laut dan segera melaporkan apabila mengetahui adanya aktivitas penambangan,"" ujar Helen.
Baca juga: Kades Minta Tolong Kapolri, Tambang Timah Ilegal Beromset Rp 13,5 Miliar per Bulan Sulit Diberantas
Ia mengatakan bahwa keberadaan ponton ini menjadi perhatian petugas sehingga pemantauan terhadap kawasan tersebut akan terus dilakukan.
Tembelok dan Keranggan merupakan perairan laut dangkal yang berkisar enam sampai delapan meter dan dikenal kaya pasir timah.
Penambang melakukan penyelaman menggunakan selang kompresor dan menyedot pasir timah ke dalam ponton.Kawasan tersebut tidak termasuk izin usaha penambangan serta kegiatan penambangan yang tidak memenuhi standar keselamatan.
Kegiatan penertiban berlangsung aman dan kondusif.
Polres Bangka Barat bersama Ditpolairud Polda juga mengingatkan masyarakat agar tidak memanfaatkan situasi untuk kembali melakukan aktivitas penambangan ilegal di perairan Tembelok dan Keranggan.




  

    
        Bayangkan seorang anak Indonesia bercita-cita menjadi dokter tetapi hanya memiliki satu buku lusuh untuk belajar. Bersama Ekspedisi Kata ke Nyata Kompas.com, Anda bisa membantu mengubah kisah itu. Mari hadirkan akses literasi bagi anak-anak di berbagai pelosok Indonesia melalui donasi lewat tautan https://bit.ly/JagatLiterasi2026. Setiap kebaikan yang Anda berikan bukan hanya membuka jendela pengetahuan, tetapi juga membuka masa depan mereka.",Kompas.com,"Dajan Peken, 82114, Tabanan, Tabanan, Bali, Indonesia",-8.536609490935,115.13552944186335,5,"2, 7","kejaksaan, kejatibali, kejaritabanan, tabanan, news"
Penambang Timah Diterkam Buaya di Bangka Ditemukan Tewas Jasad Masih Digigit,2026-09-27T02:59:00.000Z,"Kabupaten Tabanan, Bali, Indonesia","Penambang Timah Diterkam Buaya di Bangka Ditemukan Tewas, Jasad Masih Digigit - Kompas.com","BANGKA, KOMPAS.com - Seorang penambang timah, Sareanda (19), yang sebelumnya dilaporkan hilang setelah diterkam buaya, ditemukan tewas mengapung di kolam tambang di Desa Kusam, Kecamatan Belinyu, Kabupaten Bangka, Kepulauan Bangka Belitung, Sabtu (26/9/2026) sekitar pukul 20.35 WIB.
Korban sebelumnya dilaporkan hilang setelah diterkam buaya saat hendak mencuci pasir timah hasil tambang.Kepala Kantor SAR Pangkalpinang Mikel Rachman Junika mengatakan, jasad warga Desa Kusam tersebut ditemukan tidak jauh dari lokasi pertama kali korban disambar buaya.
""Penemuan terjadi setelah tim SAR gabungan yang bergerak di lapangan terus membuntuti dan menghalau pergerakan predator buas tersebut,"" kata Mikel kepada awak media, Minggu (27/9/2026).
Baca juga: KKP Evakuasi Buaya Coki dari Rumah Warga Bandar Lampung ke Penangkaran Ogan Ilir
Mikel menuturkan, evakuasi berlangsung saat seekor buaya berukuran besar masih terlihat menggigit jasad korban.




""Bersama para penambang terus menghalau buaya tersebut agar menjauh,"" ujar Mikel.
Setelah sekitar dua jam, buaya akhirnya melepaskan gigitannya dan menjauh dari lokasi.
""Personel gabungan bersama warga langsung turun ke dalam air untuk mengevakuasi tubuh korban, yang kemudian segera dibawa ke rumah duka,"" ucap Mikel.
Kronologi penambang diterkam buaya
Peristiwa tersebut terjadi sekitar pukul 18.00 WIB. Korban yang baru selesai menambang dan mengumpulkan pasir timah berniat mencuci hasil tambangnya di atas ponton rajuk.Saat melangkah dari daratan menuju ponton, seekor buaya berukuran besar tiba-tiba muncul dan menyambar tubuh korban, kemudian menyeretnya ke dasar kolam tambang.
Kejadian tersebut disaksikan langsung oleh kakak kandung korban, Tarmizi, yang berada tidak jauh dari lokasi.
Baca juga: Buaya 7 Meter di Sungai Ladongi Koltim Belum Dievakuasi, BPL: Terkendala Lahan Penangkaran
Pihak keluarga dan warga sempat melakukan pencarian sebelum melaporkan kejadian tersebut kepada Basarnas Pangkalpinang pada pukul 18.55 WIB melalui perwakilan keluarga, Wawan.
Merespons laporan tersebut, Basarnas Pangkalpinang menerjunkan tim rescue dari Unit Siaga SAR (USS) Belinyu pada pukul 19.15 WIB untuk melakukan operasi SAR malam hari bersama Polsek Belinyu, keluarga, dan masyarakat setempat.
Mikel mengonfirmasi jasad korban telah berhasil dievakuasi dan diserahkan kepada pihak keluarga.","Dengan ditemukannya korban, operasi SAR dinyatakan selesai dan ditutup.
Kantor SAR Pangkalpinang menyampaikan duka cita kepada keluarga korban serta apresiasi kepada seluruh unsur yang terlibat dalam proses pencarian dan evakuasi.
Sementara itu, seekor buaya sepanjang enam meter telah ditangkap warga di lokasi yang sama. Buaya tersebut diduga merupakan satwa yang menerkam korban.




  



    
        Bayangkan seorang anak Indonesia bercita-cita menjadi dokter tetapi hanya memiliki satu buku lusuh untuk belajar.","Pada Hari Minggu , 27 September 2026 02:59, Tabanan, Tabanan, Bali

BANGKA, KOMPAS.com - Seorang penambang timah, Sareanda (19), yang sebelumnya dilaporkan hilang setelah diterkam buaya, ditemukan tewas mengapung di kolam tambang di Desa Kusam, Kecamatan Belinyu, Kabupaten Bangka, Kepulauan Bangka Belitung, Sabtu (26/9/2026) sekitar pukul 20.35 WIB.
Korban sebelumnya dilaporkan hilang setelah diterkam buaya saat hendak mencuci pasir timah hasil tambang.Kepala Kantor SAR Pangkalpinang Mikel Rachman Junika mengatakan, jasad warga Desa Kusam tersebut ditemukan tidak jauh dari lokasi pertama kali korban disambar buaya.
""Penemuan terjadi setelah tim SAR gabungan yang bergerak di lapangan terus membuntuti dan menghalau pergerakan predator buas tersebut,"" kata Mikel kepada awak media, Minggu (27/9/2026).
Baca juga: KKP Evakuasi Buaya Coki dari Rumah Warga Bandar Lampung ke Penangkaran Ogan Ilir
Mikel menuturkan, evakuasi berlangsung saat seekor buaya berukuran besar masih terlihat menggigit jasad korban.




""Bersama para penambang terus menghalau buaya tersebut agar menjauh,"" ujar Mikel.
Setelah sekitar dua jam, buaya akhirnya melepaskan gigitannya dan menjauh dari lokasi.
""Personel gabungan bersama warga langsung turun ke dalam air untuk mengevakuasi tubuh korban, yang kemudian segera dibawa ke rumah duka,"" ucap Mikel.
Kronologi penambang diterkam buaya
Peristiwa tersebut terjadi sekitar pukul 18.00 WIB. Korban yang baru selesai menambang dan mengumpulkan pasir timah berniat mencuci hasil tambangnya di atas ponton rajuk.Saat melangkah dari daratan menuju ponton, seekor buaya berukuran besar tiba-tiba muncul dan menyambar tubuh korban, kemudian menyeretnya ke dasar kolam tambang.
Kejadian tersebut disaksikan langsung oleh kakak kandung korban, Tarmizi, yang berada tidak jauh dari lokasi.
Baca juga: Buaya 7 Meter di Sungai Ladongi Koltim Belum Dievakuasi, BPL: Terkendala Lahan Penangkaran
Pihak keluarga dan warga sempat melakukan pencarian sebelum melaporkan kejadian tersebut kepada Basarnas Pangkalpinang pada pukul 18.55 WIB melalui perwakilan keluarga, Wawan.
Merespons laporan tersebut, Basarnas Pangkalpinang menerjunkan tim rescue dari Unit Siaga SAR (USS) Belinyu pada pukul 19.15 WIB untuk melakukan operasi SAR malam hari bersama Polsek Belinyu, keluarga, dan masyarakat setempat.
Mikel mengonfirmasi jasad korban telah berhasil dievakuasi dan diserahkan kepada pihak keluarga. Dengan ditemukannya korban, operasi SAR dinyatakan selesai dan ditutup.
Kantor SAR Pangkalpinang menyampaikan duka cita kepada keluarga korban serta apresiasi kepada seluruh unsur yang terlibat dalam proses pencarian dan evakuasi.
Sementara itu, seekor buaya sepanjang enam meter telah ditangkap warga di lokasi yang sama. Buaya tersebut diduga merupakan satwa yang menerkam korban.




  



    
        Bayangkan seorang anak Indonesia bercita-cita menjadi dokter tetapi hanya memiliki satu buku lusuh untuk belajar. Bersama Ekspedisi Kata ke Nyata Kompas.com, Anda bisa membantu mengubah kisah itu. Mari hadirkan akses literasi bagi anak-anak di berbagai pelosok Indonesia melalui donasi lewat tautan https://bit.ly/JagatLiterasi2026. Setiap kebaikan yang Anda berikan bukan hanya membuka jendela pengetahuan, tetapi juga membuka masa depan mereka.",Kompas.com,"Dajan Peken, 82114, Tabanan, Tabanan, Bali, Indonesia",-8.536609490935,115.13552944186335,5,"2, 7","kejaksaan, kejatibali, kejaritabanan, tabanan, news"
Hindus Throng Festival at Penataran Agung Temple of Ulundanu Beratan,2019-07-10T07:00:00.000Z,"Kabupaten Tabanan, Bali, Indonesia",Hindus Throng Festival at Penataran Agung Temple of Ulundanu Beratan - BALIPOST.com,"TABANAN, BALIPOST.com — Thousands of pilgrims from various regions thronged Penataran Agung Temple of Ulundanu Beratan, Baturiti, on Tuesday (Jul. 9) that coincided with Anggarakasih Julungwangi.","They came to say prayers in a series of Pujawali Ageng or grandiose ceremonies held at the local temple.Nevertheless, on days such as full moon, new moon and other major Hindu holidays, many Hindus also come to perform joint worship including the Melasti and Nyegara Gunung ceremonies. Regarding the pujawali ageng, Coordinator of Ulundanu Beratan Temple, I Putu Suma Artha, stated the series of pujawali ceremonies had been started since the beginning of the month or precisely on July 2, 2019 consisting of pengalah sasih and negtegan carried out by the supporting pilgrims of the Ulundanu Beratan Temple.","Pada Hari Rabu , 10 Juli 2019 07:00, Tabanan, Tabanan, Bali

TABANAN, BALIPOST.com — Thousands of pilgrims from various regions thronged Penataran Agung Temple of Ulundanu Beratan, Baturiti, on Tuesday (Jul. 9) that coincided with Anggarakasih Julungwangi. They came to say prayers in a series of Pujawali Ageng or grandiose ceremonies held at the local temple.Nevertheless, on days such as full moon, new moon and other major Hindu holidays, many Hindus also come to perform joint worship including the Melasti and Nyegara Gunung ceremonies. Regarding the pujawali ageng, Coordinator of Ulundanu Beratan Temple, I Putu Suma Artha, stated the series of pujawali ceremonies had been started since the beginning of the month or precisely on July 2, 2019 consisting of pengalah sasih and negtegan carried out by the supporting pilgrims of the Ulundanu Beratan Temple. Then, it was resumed on July 6 with the pakeling pujawali ceremony, mendak pekuluh and ngias. Meanwhile, the mecaru and mesucian ceremony were held on Monday or Soma Wage (Jul. 8), and then peak of the pujawali ageng was held on Anggarakasih Julungwangi or Tuesday (Jul. 9) commenced with the piodalan in the respective lawa. After holding the peak of piodalan, there were nganyarin ceremonies for three days and was closed on Sukra Pon or Friday (Jul. 12). “This piodalan is not only an obligation of the supporting pilgrims, but also has the objective to result in harmony as well as prosperity of life for the community or the entire Hindu fellows,” he said. He explained that Ulundanu Beratan Temple is supported by 800 families from 4 satakan villages or gebog satak, consisting of 15 customary villages and three chief of core customary villages and Marga Grand Place serves patron. Ulundanu Beratan Temple at Bedugul is also one of the most popular tourist attractions in Bali, located at Candi Kuning village, Baturiti, Tabanan. Aside from being a historical tourism, the pilgrims can take pleasure in natural attractions and lake water recreation activities. (Puspawati/balipost)",BALIPOST.com,"Dajan Peken, 82114, Tabanan, Tabanan, Bali, Indonesia",-8.536609490935,115.13552944186335,5,"2, 7","kejaksaan, kejatibali, kejaritabanan, tabanan, news"
Penuhi Stok PMI Tabanan Buka Layanan Donor Darah di Kantor Lama,2020-04-14T07:00:00.000Z,"Kabupaten Tabanan, Bali, Indonesia","Penuhi Stok, PMI Tabanan Buka Layanan Donor Darah di Kantor Lama - BALIPOST.com","Donor darah. (BP/ist)TABANAN, BALIPOST.com – Mewabahnya virus Corona atau Covid-19 tentunya berdampak pada ketersediaan darah di ruang penyimpanan Unit Donor Darah Palang Merah Indonesia (PMI) Tabanan.","Ini disebabkan banyak dibatalkannya kegiatan donor darah.Kendati demikian, Kepala UDD PMI Kabupaten Tabanan dr Nyoman Gede Sumardika, mengatakan untuk bisa memenuhi kebutuhan stok darah yang ada di PMI, pihaknya membuka layanan donor darah di markas lama PMI yang berlokasi di jalan Rama No.3A Tabanan atau di sebelah Taman Makam Pahlawan. Bagi masyarakat yang hendak mendonorkan darahnya bisa datang langsung ke temmpat tersebut dan akan diberikan 1 pcs hand sanitizer.Layanan donor darah di kantor markas lama ini dibuka mulai pukul 08.00 WITA sampai dengan pukul 13.30 WITA tiap harinya.","Pada Hari Selasa , 14 April 2020 07:00, Tabanan, Tabanan, Bali

Donor darah. (BP/ist)TABANAN, BALIPOST.com – Mewabahnya virus Corona atau Covid-19 tentunya berdampak pada ketersediaan darah di ruang penyimpanan Unit Donor Darah Palang Merah Indonesia (PMI) Tabanan. Ini disebabkan banyak dibatalkannya kegiatan donor darah.Kendati demikian, Kepala UDD PMI Kabupaten Tabanan dr Nyoman Gede Sumardika, mengatakan untuk bisa memenuhi kebutuhan stok darah yang ada di PMI, pihaknya membuka layanan donor darah di markas lama PMI yang berlokasi di jalan Rama No.3A Tabanan atau di sebelah Taman Makam Pahlawan. Bagi masyarakat yang hendak mendonorkan darahnya bisa datang langsung ke temmpat tersebut dan akan diberikan 1 pcs hand sanitizer.Layanan donor darah di kantor markas lama ini dibuka mulai pukul 08.00 WITA sampai dengan pukul 13.30 WITA tiap harinya. Selain jam layanan tersebut, kegiatan donor darah juga dilayani di BRSU Tabanan mulai pukul 14.00 WITA sampai 20.00 WITA atau hari libur. “PMI tetap melayani pelayanan darah. Kebutuhan darah tentu tidak bisa ditunda, pasien di rumah sakit yang membutuhkan transfusi tentu harus tetap menjadi perhatian. Dan ini merupakan salah satu upaya kami untuk mengajak masyrakat mendonorkan darahnya,” terangnya.Dan terkait layanan donor darah di kantor lama, lanjut kata dr. Sumardika akan dibuka selama pandemi dan sampai pengambilan donor ke tempat unit donor normal kembali. Pihaknya juga memastikan kegiatan mendonorkan darah tetap aman dilakukan.Masyarakat diimbau selalu menjaga kesehatan, menerapkan perilaku hidup bersih dan sehat, cuci tangan dengan sabun, menerapkan etika bersin dan batuk. “Untuk yang standby di kantor markas lama satu tim, tetapi kalau dibutuhkan lebih untuk di tempat lain, kita siapkan tim lain, maksimal kita punya 3 tim,” ucapnya.Stok darah mulai menipis sejak awal Maret 2020. Padahal permintaan sangat tinggi. Per hari saja permintaanya diangka 15-20 kantong.Data Selasa (14/4) untuk darah A hanya ada untuk jenis Whole Blood (WB) tersedia 5 kantong, jenis Pakced Red Cell (PRC) tersedia 1 kantong dan jenis thrombocyte Concencrate (TC) kosong . Dan darah B jenis darah WB tersedia 3 kantong, darah PRC tersedia 1 kantong dan darah TC kosong. Sementara darah O bisa dibilang sangat menipis.Untuk jenis WB hanya tersedia 5 kantong, jenis PRC tersedia 1 kantong dan jenis TC kosong juga kosong alias tidak ada stok. Dan darah AB jenis darah WB tersedia 15 kantong, untuk jenis PRC ada 6 kantong dan jenis TC juga 6 kantong.Ketersediaan stok darah ini biasanya diperuntukkan untuk seluruh rumah sakit di Tabanan baik swasta maupun negeri. Dimana sekitar 85 persen diperuntukkan untuk pasien di BRSU Tabanan. “Kita hanya bisa berharap wabah virus ini segera berlalu dan bisa beraktifitas normal kembali,” pungkasnya. (Puspawati/balipost)",BALIPOST.com,"Dajan Peken, 82114, Tabanan, Tabanan, Bali, Indonesia",-8.536609490935,115.13552944186335,5,"2, 7","kejaksaan, kejatibali, kejaritabanan, tabanan, news"
Harga Bahan Pangan di Tabanan Mulai Melonjak,2024-04-18T07:00:00.000Z,"Kabupaten Tabanan, Bali, Indonesia",Harga Bahan Pangan di Tabanan Mulai Melonjak - BALIPOST.com,"Pembeli sedang berbelanja di pasar yang ada di Tabanan. (BP/dok)TABANAN, BALIPOST.com – Harga sebagian besar komoditas pangan di sejumlah pasar di Kabupaten Tabanan mulai melonjak.","Bahkan, beberapa komoditas mengalami peningkatan harga di atas 50 persen.Berdasarkan hasil monitoring Dinas Perindustrian dan Perdagangan (Disperindag) Tabanan di sejumlah pasar tradisional, pada minggu ketiga di bulan April, sebagian besar harga bahan pangan mengalami lonjakan. Harga sawi putih naik dari Rp12.000 menjadi Rp18.000 atau naik 50 persen.","Pada Hari Kamis , 18 April 2024 07:00, Tabanan, Tabanan, Bali

Pembeli sedang berbelanja di pasar yang ada di Tabanan. (BP/dok)TABANAN, BALIPOST.com – Harga sebagian besar komoditas pangan di sejumlah pasar di Kabupaten Tabanan mulai melonjak. Bahkan, beberapa komoditas mengalami peningkatan harga di atas 50 persen.Berdasarkan hasil monitoring Dinas Perindustrian dan Perdagangan (Disperindag) Tabanan di sejumlah pasar tradisional, pada minggu ketiga di bulan April, sebagian besar harga bahan pangan mengalami lonjakan. Harga sawi putih naik dari Rp12.000 menjadi Rp18.000 atau naik 50 persen. Sayur hijau naik dari Rp12.000 menjadi Rp20.000 atau naik 67 persen. Kemudian, harga kacang panjang naik dari Rp12.000 menjadi Rp20.000 atau naik 67 persen, dan tomat naik dari Rp28.000 menjadi Rp30.000 atau naik 7 persen.Pada komoditi bumbu-bumbuan, kenaikan terjadi pada bawang merah yang naik dari Rp28.000 per kg menjadi Rp45.000 per kg atau naik 61 persen. Bawang bombay naik dari Rp30.000 per kg menjadi Rp40.0000 per kg atau naik 33 persen, dan cabai keriting naik dari Rp45.000 per kg menjadi Rp50.000 per kg atau naik 11 persen.Kemudian, harga daging ayam ras naik dari Rp40.000 per kg menjadi Rp 42.000 per kg atau naik 5 persen. Minyak Kita dari Rp16.000 menjadi Rp17.000 per kg atau naik 6 persen, dan harga jeruk naik dari Rp16.000 menjadi Rp18.000 per kg atau 13 persen.Petani cabai di Banjar Bangah, Kecamatan Baturiti, Tabanan, Nyoman Sudiasa, Rabu (17/4), mengungkapkan, setelah libur panjang Lebaran, kenaikan harga cabai merah besar maupun cabai merah kecil di tingkat petani terus berlanjut. Terbaru, harga untuk cabai merah kecil sudah menyentuh Rp50.000 per kg, sedangkan untuk cabai merah besar naik ke posisi Rp30.000 per kg. “Kenaikan harga cabai di petani ini terjadi secara bertahap dan terbaru terjadi pada Sabtu lalu,” tuturnya.Prediksinya, lonjakan harga cabai ini dipicu akibat ketersediaan barang di pasaran yang belum kembali normal pascalibur panjang Lebaran. Pasokan dari petani lokal maupun luar Bali belum maksimal sehingga di tengah meningkatnya permintaan pasar membuat kenaikan harga cabai ini terus berlanjut hingga saat ini.“Kemungkinan kenaikan harga cabai ini masih akan terus berlanjut dalam seminggu ke depan. Sehingga itu tentu menguntungkan bagi petani karena bisa mengantongi hasil lebih banyak dari biasanya,” katanya. (kmb/balipost)",BALIPOST.com,"Dajan Peken, 82114, Tabanan, Tabanan, Bali, Indonesia",-8.536609490935,115.13552944186335,5,"2, 7","kejaksaan, kejatibali, kejaritabanan, tabanan, news"
Wisata Bali Kebun Raya Eka Karya di Tabanan Buka Kembali,2020-07-22T07:00:00.000Z,"Kabupaten Tabanan, Bali, Indonesia","Wisata Bali, Kebun Raya Eka Karya di Tabanan Buka Kembali - Kompas.com","KOMPAS.com - Lembaga Ilmu Pengetahuan Indonesia (LIPI) membuka kembali Kebun Raya Eka Karya Bali pada Rabu (22/7/2020) dengan penerapan protokol pencegahan Covid-19.
""Pembukaan ini menjadi momentum bagi Kebun Raya Eka Karya Bali untuk kembali memberikan layanan eduwisata dengan standar layanan yang lebih baik sesuai dengan Protokol Kesehatan,"" kata Kepala Balai Konservasi Tumbuhan Kebun Raya Eka Karya Bali LIPI Didit Okta Pribadi dalam keterangan tertulis yang diterima ANTARA, Selasa (21/7/2020).Baca juga: Kebun Raya Bogor Buka Kembali, Pesan Tiket Online Dulu
Pembukaan kembali tersebut merujuk pada Surat Keputusan Kepala LIPI Nomor 155/F/2020 tentang Pembukaan Kembali Layanan Kebun Raya di Lingkungan LIPI dan disertai dengan sejumlah protokol kunjungan di kawasan Kebun Raya.
Kebun Raya Eka Karya Bali kembali dibuka untuk kunjungan umum setelah pihak pengelola menerima Sertifikat Tatanan Kehidupan Era Baru Bidang Pariwisata Menuju Tabanan Aman dan Produktif Nomor 556/2353/DISPAR yang diserahkan oleh Bupati Tabanan Ni Putu Eka Wiryastuti pada Senin (20/7).
Sebelumnya, LIPI telah membuka kembali Kebun Raya Bogor dan Kebun Raya Cibodas pada 7 Juli 2020.




https://kebunraya.id/bal Kebun Raya Eka Karya Bali 
Pembatasan pengunjung
Didit mengatakan selain menjalankan protokol kesehatan, pembukaan kembali Kebun Raya Eka Karya Bali juga menerapkan fase nol dengan ketentuan pembatasan kuota pengunjung sebanyak 1.500 orang dalam satu waktu.
""Untuk dapat melangkah ke fase berikutnya, pelaksanaan fase nol ini akan dievaluasi secara bertahap, jika sudah memenuhi standar, baru boleh mengimplementasikan fase selanjutnya dengan penambahan kuota pengunjung,” ujar Didit.
Dia menuturkan ada tiga fase yang harus dilalui hingga mencapai standar pelayanan publik sesuai dengan ketentuan adaptasi kebiasaan baru.
Didit berharap pengunjung dapat mengikuti protokol kunjungan yang berlaku di Kebun Raya Eka Karya Bali untuk bersama-sama membantu mencegah penyebaran pandemi Covid-19.
Baca juga: 5 Tempat Wisata di Tabanan Bali Buka Kembali, Salah Satunya Tanah Lot
Protokol kesehatanSelama berkunjung di Kebun Raya Eka Karya Bali, pengunjung diwajibkan untuk memakai masker dan selalu menjaga jarak aman.
""Kami telah menyediakan fasilitas cuci tangan dengan touchless sanitizer di beberapa titik area kebun, namun disarankan pengunjung untuk selalu membawa hand sanitizer sendiri,"" tutur Didit.
Penyemprotan disinfektan ke fasilitas publik seperti toilet, kursi taman, dan mobil wisata juga dilakukan dengan frekuensi sesering mungkin.
Selain itu, informasi mengenai protokol kunjungan di kawasan Kebun Raya Eka Karya Bali akan dipampang di titik-titik strategis, serta diinformasikan secara berkala kepada pengunjung.
Kebun Raya Eka Karya Bali memiliki beberapa spot menarik, seperti Taman Paku yang berisi koleksi tanaman-tanaman paku. Lalu ada Taman Surya Nirwana dengan pemandangan indah ke Danau Beratan dan Bukit Pengelengan.
Tiket online
Tiket masuk Kebun Raya Eka Karya Bali dapat dibeli dalam jaringan (online) melalui https://tiketkebunraya.id yang langsung terintegrasi dengan ponsel pintar.
Untuk membeli tiket secara online, harus mendaftar terlebih dahulu dengan klik register pada laman tersebut.
Harga tiket masuk untuk wisatawan domestik Rp 9.000 dan wisatawan asing Rp 17.000.
Tiket masuk mobil juga bisa dibeli secara online, harganya Rp 11.000.","Namun kendaraan roda empat hanya diizinkan masuk pada hari Sabtu dan Minggu.
Saat pembelian tiket secara online, dalam web juga terpampang kapasitas total pengunjung pada hari tersebut.
Lokasi
Kebun Raya Eka Karya Bali berada di Jl. Kebun Raya, Candikuning, Kecamatan Baturiti, Tabanan.","Pada Hari Rabu , 22 Juli 2020 07:00, Tabanan, Tabanan, Bali

KOMPAS.com - Lembaga Ilmu Pengetahuan Indonesia (LIPI) membuka kembali Kebun Raya Eka Karya Bali pada Rabu (22/7/2020) dengan penerapan protokol pencegahan Covid-19.
""Pembukaan ini menjadi momentum bagi Kebun Raya Eka Karya Bali untuk kembali memberikan layanan eduwisata dengan standar layanan yang lebih baik sesuai dengan Protokol Kesehatan,"" kata Kepala Balai Konservasi Tumbuhan Kebun Raya Eka Karya Bali LIPI Didit Okta Pribadi dalam keterangan tertulis yang diterima ANTARA, Selasa (21/7/2020).Baca juga: Kebun Raya Bogor Buka Kembali, Pesan Tiket Online Dulu
Pembukaan kembali tersebut merujuk pada Surat Keputusan Kepala LIPI Nomor 155/F/2020 tentang Pembukaan Kembali Layanan Kebun Raya di Lingkungan LIPI dan disertai dengan sejumlah protokol kunjungan di kawasan Kebun Raya.
Kebun Raya Eka Karya Bali kembali dibuka untuk kunjungan umum setelah pihak pengelola menerima Sertifikat Tatanan Kehidupan Era Baru Bidang Pariwisata Menuju Tabanan Aman dan Produktif Nomor 556/2353/DISPAR yang diserahkan oleh Bupati Tabanan Ni Putu Eka Wiryastuti pada Senin (20/7).
Sebelumnya, LIPI telah membuka kembali Kebun Raya Bogor dan Kebun Raya Cibodas pada 7 Juli 2020.




https://kebunraya.id/bal Kebun Raya Eka Karya Bali 
Pembatasan pengunjung
Didit mengatakan selain menjalankan protokol kesehatan, pembukaan kembali Kebun Raya Eka Karya Bali juga menerapkan fase nol dengan ketentuan pembatasan kuota pengunjung sebanyak 1.500 orang dalam satu waktu.
""Untuk dapat melangkah ke fase berikutnya, pelaksanaan fase nol ini akan dievaluasi secara bertahap, jika sudah memenuhi standar, baru boleh mengimplementasikan fase selanjutnya dengan penambahan kuota pengunjung,” ujar Didit.
Dia menuturkan ada tiga fase yang harus dilalui hingga mencapai standar pelayanan publik sesuai dengan ketentuan adaptasi kebiasaan baru.
Didit berharap pengunjung dapat mengikuti protokol kunjungan yang berlaku di Kebun Raya Eka Karya Bali untuk bersama-sama membantu mencegah penyebaran pandemi Covid-19.
Baca juga: 5 Tempat Wisata di Tabanan Bali Buka Kembali, Salah Satunya Tanah Lot
Protokol kesehatanSelama berkunjung di Kebun Raya Eka Karya Bali, pengunjung diwajibkan untuk memakai masker dan selalu menjaga jarak aman.
""Kami telah menyediakan fasilitas cuci tangan dengan touchless sanitizer di beberapa titik area kebun, namun disarankan pengunjung untuk selalu membawa hand sanitizer sendiri,"" tutur Didit.
Penyemprotan disinfektan ke fasilitas publik seperti toilet, kursi taman, dan mobil wisata juga dilakukan dengan frekuensi sesering mungkin.
Selain itu, informasi mengenai protokol kunjungan di kawasan Kebun Raya Eka Karya Bali akan dipampang di titik-titik strategis, serta diinformasikan secara berkala kepada pengunjung.
Kebun Raya Eka Karya Bali memiliki beberapa spot menarik, seperti Taman Paku yang berisi koleksi tanaman-tanaman paku. Lalu ada Taman Surya Nirwana dengan pemandangan indah ke Danau Beratan dan Bukit Pengelengan.
Tiket online
Tiket masuk Kebun Raya Eka Karya Bali dapat dibeli dalam jaringan (online) melalui https://tiketkebunraya.id yang langsung terintegrasi dengan ponsel pintar.
Untuk membeli tiket secara online, harus mendaftar terlebih dahulu dengan klik register pada laman tersebut.
Harga tiket masuk untuk wisatawan domestik Rp 9.000 dan wisatawan asing Rp 17.000.
Tiket masuk mobil juga bisa dibeli secara online, harganya Rp 11.000. Namun kendaraan roda empat hanya diizinkan masuk pada hari Sabtu dan Minggu.
Saat pembelian tiket secara online, dalam web juga terpampang kapasitas total pengunjung pada hari tersebut.
Lokasi
Kebun Raya Eka Karya Bali berada di Jl. Kebun Raya, Candikuning, Kecamatan Baturiti, Tabanan. Tempat ini berlokasi di Bedugul, sekitar 60 kilometer dari Denpasar. (Martha Herlinawati S/Erafzon Saptiyulda AS)


  

    
        Bayangkan seorang anak Indonesia bercita-cita menjadi dokter tetapi hanya memiliki satu buku lusuh untuk belajar. Bersama Ekspedisi Kata ke Nyata Kompas.com, Anda bisa membantu mengubah kisah itu. Mari hadirkan akses literasi bagi anak-anak di berbagai pelosok Indonesia melalui donasi lewat tautan https://bit.ly/JagatLiterasi2026. Setiap kebaikan yang Anda berikan bukan hanya membuka jendela pengetahuan, tetapi juga membuka masa depan mereka.",Kompas.com,"Dajan Peken, 82114, Tabanan, Tabanan, Bali, Indonesia",-8.536609490935,115.13552944186335,5,"2, 7","kejaksaan, kejatibali, kejaritabanan, tabanan, news"
Tabanan Sudah Keluarkan SE PPKM Sejumlah Fasilitas Ini Ditutup Sementara,2021-01-10T08:00:00.000Z,"Kabupaten Tabanan, Bali, Indonesia","Tabanan Sudah Keluarkan SE PPKM, Sejumlah Fasilitas Ini Ditutup Sementara - BALIPOST.com","I Gede Susila. (BP/dok)TABANAN, BALIPOST.com – Sejumlah kabupaten/kota di Bali pada 11 hingga 25 Januari menggelar pemberlakuan pembatasan kegiatan masyarakat (PPKM).","Salah satunya adalah Tabanan.Bupati Tabanan Ni Putu Eka Wiryastuti sudah menindaklanjuti dengan mengeluarkan surat edaran (SE). Penerapannya di lapangan nantinya akan dilaksanakan dengan tegas oleh tim yustisi dalam hal ini Satpol PP bersinergi dengan TNI dan Polri.Surat Edaran Nomor 517/120/BPBD ditujukan kepada Camat se-Kabupaten Tabanan, Perbekel, Bendesa Adat maupun Pengelola Gedung atau Tempat Olahraga.","Pada Hari Minggu , 10 Januari 2021 08:00, Tabanan, Tabanan, Bali

I Gede Susila. (BP/dok)TABANAN, BALIPOST.com – Sejumlah kabupaten/kota di Bali pada 11 hingga 25 Januari menggelar pemberlakuan pembatasan kegiatan masyarakat (PPKM). Salah satunya adalah Tabanan.Bupati Tabanan Ni Putu Eka Wiryastuti sudah menindaklanjuti dengan mengeluarkan surat edaran (SE). Penerapannya di lapangan nantinya akan dilaksanakan dengan tegas oleh tim yustisi dalam hal ini Satpol PP bersinergi dengan TNI dan Polri.Surat Edaran Nomor 517/120/BPBD ditujukan kepada Camat se-Kabupaten Tabanan, Perbekel, Bendesa Adat maupun Pengelola Gedung atau Tempat Olahraga. SE ini mengacu pada Perbup Nomor 44 tahun 2020 tentang disiplin penegakan hukum protokol kesehatan sebagai upaya mencegah penyebaran COVID-19 di Tabanan.Menurut Sekretaris Satgas Penanganan Covid19 Tabanan, I Gede Susila, surat edaran tersebut berisi sejumlah poin pengetatan atau pembatasan kegiatan masyarakat. Sejumlah fasilitas publik di Kabupaten, Kecamatan dan Desa dihentikan sementara atau ditutup.Contohnya, kegiatan atau aktivitas di Gedung Kesenian I Ketut Maria dan Taman Garuda Wisnu Serasi (GWS). Kegiatan atau aktivitas di gedung-gedung atau tempat olahraga juga sementara ini dihentikan atau ditutup.Selain itu, seluruh kegiatan atau aktivitas di wantilan atau balai banjar. Edaran ini berlaku sampai batas waktu yang tidak ditentukan. “Pemberlakukan PKM ini, intinya mempertegas kembali aturan-aturan yang sebelumnya sudah pernah dikeluarkan di Tabanan. Seperti pembatasan kegiatan di fasilitas umum seperti lapangan, gedung dan lain sebagainya,” terangnya.Pembatasan jam operasional pedagang juga kembali diatur. Namun kali ini pembatasannya lebih ketat lagi, dulunya buka sampai pukul 22.00 WITA, mulai tanggal 11 Januari nanti batas maksimalnya sampai pukul 21.00 WITA.Kegiatan upacara adat juga dibatasi seperti sebelumnya. Dia mengakui beberapa waktu belakangan ini memang sempat agak longgar. “Kita juga nanti akan mengeluarkan surat edaran penegasan kembali terkait aturan yang sebelumnya, dan penerapannya di lapangan juga nanti akan dilaksanakan dengan tegas oleh tim yustisi dalam hal ini Satpol PP yang bersinergi dengan TNI dan Polri,” tegasnya. (Puspawati/balipost)",BALIPOST.com,"Dajan Peken, 82114, Tabanan, Tabanan, Bali, Indonesia",-8.536609490935,115.13552944186335,5,"2, 7","kejaksaan, kejatibali, kejaritabanan, tabanan, news"
Pengeragoan Rest Area Lacks of Visitors,2019-06-20T07:00:00.000Z,"Kabupaten Tabanan, Bali, Indonesia",Pengeragoan Rest Area Lacks of Visitors - BALIPOST.com,"NEGARA, BALIPOST.com – Pengeragoan rest area at Pengeragoan village, Pekutatan, has been operating for a long time. Road users, especially cars and motorbikes, prefer to rest around the Yeh Leh, the border between Jembrana and Tabanan.","Actually, the rest area built by the regional government is mostly taken advantage by trucks especially at night until morning.“In early morning, there are many trucks parked here. In the back, a lot of gazebos are usually used to take a break,” said Anom, 46, a road user.","Pada Hari Kamis , 20 Juni 2019 07:00, Tabanan, Tabanan, Bali

NEGARA, BALIPOST.com – Pengeragoan rest area at Pengeragoan village, Pekutatan, has been operating for a long time. Road users, especially cars and motorbikes, prefer to rest around the Yeh Leh, the border between Jembrana and Tabanan. Actually, the rest area built by the regional government is mostly taken advantage by trucks especially at night until morning.“In early morning, there are many trucks parked here. In the back, a lot of gazebos are usually used to take a break,” said Anom, 46, a road user. This condition is also seen on Wednesday morning (Jun. 19). A number of trucks were being parked in the parking lot of the rest area on the Denpasar-Gilimanuk roadside. Despite minimal lighting, many truck drivers choose to park their vehicles temporarily before continuing the journey. “Here, I can rest for a while, sleep can also made down there (beach side). Unfortunately, it is difficult to find merchants,” said Yopi, one of the truck drivers met last Wednesday. Condition of the building and park of the rest area is still sturdy and new. However, there is still a lot of garbage scattered especially in the front of the vehicle parking lot. Some stalls also look open even though the conditions are quiet. One of the three stalls in the rest area is closed. A different situation was seen around Yeh Leh tourist attraction on the border of Jembrana and Tabanan. Stalls on the beach looked crowded with visitors, especially motorists that were resting. The stalls selling food such as chicken meatballs, noodles and young coconut are open until early morning. Almost every time there are road users stopping by or just taking pictures in the border region. “Well, it is better here, over there many trucks are being parked. While here, there are also many merchants,” explained Anik Hariyati, 32, one of the travelers from East Java who stopped at Yeh Leh. This mother of two said she had stopped by the rest area not too far from Yeh Leh. According to her, it’s more comfortable to rest around Yeh Leh. (Surya Darma/balipost)",BALIPOST.com,"Dajan Peken, 82114, Tabanan, Tabanan, Bali, Indonesia",-8.536609490935,115.13552944186335,5,"2, 7","kejaksaan, kejatibali, kejaritabanan, tabanan, news"
Di Tabanan PAS SD Dikerjakan di Rumah,2020-12-02T08:00:00.000Z,"Kabupaten Tabanan, Bali, Indonesia","Di Tabanan, PAS SD Dikerjakan di Rumah - BALIPOST.com","Seorang siswa mengerjakan soal secara tertulis di rumah. (BP/bit)TABANAN, BALIPOST.com – Hampir seluruh tatanan kegiatan masyarakat berubah di masa pandemi COVID-19.","Tak terkecuali di sektor pendidikan.Tidak hanya belajar di rumah, para siswa juga harus menjalani ujian sekolah atau Penilaian Akhir Semester (PAS) di rumah. Berbeda dengan sebelumnya, soal  PAS kini diambil  ke sekolah oleh orangtua siswa, untuk selanjutnya dikerjakan oleh siswa sesuai dengan jadwal ujian yang diberikan oleh sekolah melalui pengumuman lewat grup WhatsApp (WA).Di kabupaten Tabanan, pelaksanaan PAS untuk jenjang SD sudah dimulai Senin (30/11) dan berakhir Sabtu (5/12). Sementara jenjang SMP mengerjakan soal secara daring.Kepala Dinas  Pendidikan Kabupaten Tabanan I Nyoman Putra mengatakan, sesuai aturan,  siswa wajib mengikuti penilaian akhir semester atau sumatif untuk mengetahui hasil dari proses pembelajaran jarak jauh (PJJ).","Pada Hari Rabu , 2 Desember 2020 08:00, Tabanan, Tabanan, Bali

Seorang siswa mengerjakan soal secara tertulis di rumah. (BP/bit)TABANAN, BALIPOST.com – Hampir seluruh tatanan kegiatan masyarakat berubah di masa pandemi COVID-19. Tak terkecuali di sektor pendidikan.Tidak hanya belajar di rumah, para siswa juga harus menjalani ujian sekolah atau Penilaian Akhir Semester (PAS) di rumah. Berbeda dengan sebelumnya, soal  PAS kini diambil  ke sekolah oleh orangtua siswa, untuk selanjutnya dikerjakan oleh siswa sesuai dengan jadwal ujian yang diberikan oleh sekolah melalui pengumuman lewat grup WhatsApp (WA).Di kabupaten Tabanan, pelaksanaan PAS untuk jenjang SD sudah dimulai Senin (30/11) dan berakhir Sabtu (5/12). Sementara jenjang SMP mengerjakan soal secara daring.Kepala Dinas  Pendidikan Kabupaten Tabanan I Nyoman Putra mengatakan, sesuai aturan,  siswa wajib mengikuti penilaian akhir semester atau sumatif untuk mengetahui hasil dari proses pembelajaran jarak jauh (PJJ). “Kami lebih  ingin tahu feedback dari hasil  proses belajar jarak jauh,” kata Nyoman Putra, Senin (2/12).Dijelaskan, dalam proses PAS ini, pihaknya sudah mengirim soal ke masing-masing satuan pendidikan (sekolah). Orangtua siswa mengambil soal tersebut, kemudian oleh siswa dikerjakan di rumah.Orangtua diharapkan mendampangi dengan baik dan benar, namun diharapkan tidak membantu dalam memberi jawaban. “Fungsi orangtua di sini hanya mendampingi dengan baik dan benar, namun tidak membantu memberitahu jawaban,” ucapnya.Sementara untuk SMP, kata mantan Kabag Umum Setwan Tabanan ini, proses PAS ada yang dilakukan secara sistem daring atau luring. Untuk sistem daring, siswa mengerjakan soal dari rumah dengan jaringan internet dan laptop masing-masing.Sementara bagi mereka yang luring, datang ke sekolah mengerjakan soal menggunakan laptop atau komputer sekolah. Bahkan, menurut Nyoman Putra, pelaksanaan PAS ada pula yang dilakukan tertulis oleh sejumlah siswa yang mengalami masalah jaringan. “Tetapi tidak semua siswa dibantu soal tertulis. Yang ngerjakan soal tertulis yang masalah jaringan. Sebagian besar pelaksanaan PAS dilakukan secara daring,” pungkasnya. (Puspawati/balipost)",BALIPOST.com,"Dajan Peken, 82114, Tabanan, Tabanan, Bali, Indonesia",-8.536609490935,115.13552944186335,5,"2, 7","kejaksaan, kejatibali, kejaritabanan, tabanan, news"
Video Jadi Klaster COVID19 di Tabanan Manajemen RS Wisma Prashanti Angkat Bicara,2020-06-26T07:00:00.000Z,"Kabupaten Tabanan, Bali, Indonesia","Video: Jadi Klaster COVID-19 di Tabanan, Manajemen RS Wisma Prashanti Angkat Bicara - BALIPOST.com","TABANAN, BALIPOST.com – Manajemen RS Wisma Prashanti akhirnya angkat bicara mengenai penyebab RS tersebut menjadi klaster COVID-19. Direktur Utama, dr.","I Made Surya Agung, MARS, Jumat (26/6), mengakui, ada protokol kesehatan yang dilanggar sehingga terjadi penularan virus. Fatalnya, pelanggaran itu justru dilakukan oleh orang yang diharapkan ikut berperan dalam memutus mata rantai COVID-19.Dirut didampingi Kepala bidang pelayanan medis dan keperawatan dr.","Pada Hari Jumat , 26 Juni 2020 07:00, Tabanan, Tabanan, Bali

TABANAN, BALIPOST.com – Manajemen RS Wisma Prashanti akhirnya angkat bicara mengenai penyebab RS tersebut menjadi klaster COVID-19. Direktur Utama, dr. I Made Surya Agung, MARS, Jumat (26/6), mengakui, ada protokol kesehatan yang dilanggar sehingga terjadi penularan virus. Fatalnya, pelanggaran itu justru dilakukan oleh orang yang diharapkan ikut berperan dalam memutus mata rantai COVID-19.Dirut didampingi Kepala bidang pelayanan medis dan keperawatan dr. Ni Nyoman Astriningsih tegas menjamin protokol kesehatan di rumah sakit dilakukan dengan ketat bahkan berlapis. Sehingga masyarakat yang ingin berobat tidak perlu merasa khawatir ataupun cemas lagi.Bahkan untuk protokol kesehatan ini sudah dilakukan pasca mewabahnya COVID19, mulai dari screening di pintu masuk rumah sakit seperti pengecekan suhu tubuh dan cuci tangan, penataan ruangan front office diberi sekat untuk tidak bersentuhan langsung, dan petugas yang telah dilengkapi Alat Pelindung Diri (APD) mulai dari level 1 sampai dengan level 3 disesuaikan dengan beban tugas mereka masing-masing. “Kami juga ada Poli Screening. Di sini pasien yang baru masuk dan akan rawat inap dilakukan rapid test terlebih dahulu, jika hasilnya reaktif maka pasien bersangkutan akan dirujuk ke RS rujukan, yakni di RSUD Tabanan atau di UPTD RS Nyitdah, karena kami bukan rumah sakit rujukan,” terangnya.Meski demikian pihaknya juga telah menyediakan ruang isolasi dengan 7 tempat tidur, untuk mengantisipasi lonjakan pasien reaktif di Poli Screening. Tentunya lokasinya terpisah dengan ruang rawat inap pasien umum lengkap dengan petugas ber APD sesuai dengan level yang dibutuhkan.“Jujur saja penemuan kasus reaktif di rumah sakit kami sangat tinggi, karena kami menjalankan SOP dan protokol kesehatan yang ada. Jika ada yang reaktif kami langsung koordinasi dengan Gugus Tugas dan merujuk pasien tersebut ke RS rujukan COVID, jadi tidak sampai masuk ke areal dalam di ruangan rawat inap rumah sakit,” ujarnya.Dan yang perlu dipahami, lanjutnya, hasil reaktif pada rapid test belum tentu positif COVID-19 sebelum pasien dilakukan swab test  “Reaktif kebanyakan karena kasus infeksi,” terangnya.Dan terkait kasus yang sebelumnya terjadi akibat ada protokol yang dilanggar karena menggunakan power bargaining, manajemen Wisma Prashanti juga sudah berkoordinasi dengan GTPP COVID-19 Tabanan. Dalam pertemuan tersebut, Ketua Harian GTPP Tabanan yang juga selaku ketua Sekda Tabanan bahkan mengatakan tidak segan akan menurunkan Satpol PP jika ada lagi pihak-pihak yang melanggar SOP ataupun protokol kesehatan alias ‘memengkung’.Sementara itu ditambahkan oleh Kepala Bidang Pelayanan Medis dan Keperawatan dr. Ni Nyoman Astriningsih, menindaklanjuti kasus yang terjadi sebelumnya, pihaknya sudah langsung melakukan rapid test massal. Dari 200 tenaga kesehatan dan karyawan hasilnya nonreakltif. “Kami juga melakukan tracking pencarian kronologis, didapatkan 60 orang kontak erat terhadap pasien ini, dan sudah dilakukan swab, benar ditemukan 3 orang tenaga kesehatan terkonfirmasi positif. Karena tenaga medis memang memiliki risiko tinggi terpapar, namun mereka dalam kondisi stabil tanpa gejala. Ketiganya sudah diisolasi di RS rujukan dan hasil swab sudah kami terima semua negatif,” ucapnya.Dan dari pantauan di rumah sakit, sejumlah pasien pun mengaku tidak khawatir untuk tetap berobat ke RS Wisma Prashanti. Mereka meyakini, protokol kesehatan yang dilakukan pihak rumah sakit sudah sangat ketat.Terkait kewaspadaan terhadap penyebaran virus COVID-19, mereka sudah melakukan anjuran pemerintah dan pihak rumah sakit seperti cuci tangan dan menggunakan masker serta penerapan social distancing. (Puspawati/balipost)",BALIPOST.com,"Dajan Peken, 82114, Tabanan, Tabanan, Bali, Indonesia",-8.536609490935,115.13552944186335,5,"2, 7","kejaksaan, kejatibali, kejaritabanan, tabanan, news"
Awasi Peredaran Truk Pengangkut Penjual LPG 3 Kg Ditempeli Stiker,2018-05-06T07:00:00.000Z,"Kabupaten Tabanan, Bali, Indonesia","Awasi Peredaran, Truk Pengangkut Penjual LPG 3 Kg Ditempeli Stiker - BALIPOST.com","Untuk mengawasi penjualan LPG 3 Kg, Pertamina menerapkan peraturan baru dimana truk pengangkut harus ditempeli stiker yang berisi identitas nama Agen dan nomor barcode. (BP/san)TABANAN, BALIPOST.com – Kebutuhan masyarakat yang masih tinggi akan LPG ukuran 3 kilogram membuat peredaran tabung gas berwarna hijau ini diawasi ketat agar tidak disalahgunakan.","Tabanan sendiri tahun ini kouta tabung LPG 3 kg nya mengalami peningkatan sebanyak dua persen. Untuk mengawasi agar kouta ini tidak keluar dari wilayah Tabanan atau dijual ke daerah lain, pihak Pertamina saat ini mengharuskan seluruh agen untuk menempelkan stiker identitas pada truk pengangkut dari pangkalannya.Bagi truk pengangkut yang tidak ditempeli stiker akan diberikan sanksi oleh Pertamina.","Pada Hari Minggu , 6 Mei 2018 07:00, Tabanan, Tabanan, Bali

Untuk mengawasi penjualan LPG 3 Kg, Pertamina menerapkan peraturan baru dimana truk pengangkut harus ditempeli stiker yang berisi identitas nama Agen dan nomor barcode. (BP/san)TABANAN, BALIPOST.com – Kebutuhan masyarakat yang masih tinggi akan LPG ukuran 3 kilogram membuat peredaran tabung gas berwarna hijau ini diawasi ketat agar tidak disalahgunakan. Tabanan sendiri tahun ini kouta tabung LPG 3 kg nya mengalami peningkatan sebanyak dua persen. Untuk mengawasi agar kouta ini tidak keluar dari wilayah Tabanan atau dijual ke daerah lain, pihak Pertamina saat ini mengharuskan seluruh agen untuk menempelkan stiker identitas pada truk pengangkut dari pangkalannya.Bagi truk pengangkut yang tidak ditempeli stiker akan diberikan sanksi oleh Pertamina. Kepala Pelaksana Tim Pengendali Inflasi Daerah (TPID) Tabanan, I Gusti Putu Ekayana, Minggu (6/5) mengatakan mulai tahun 2018 ini kouta LPG 3 kg di Tabanan naik dua persen atau menjadi 18.426 tabung. Ia juga menambahkan harga LPG yang dibeli oleh agen ke Pertamina mengalami kenaikan Rp 250 yaitu dari Rp 13.300 menjadi 13.550.Kenaikan harga pembelian LPG 3 kg di tingkat agen ini menurut Ekayana tidak mempengaruhi harga jual di Agen yaitu tetap sesuai HET (Harga Eceran Tertinggi) yaitu Rp 14.500.Hal terbaru yang juga diterapkan tahun 2018 dalam hal pengawasan distribusi LPG 3 kg lanjut Ekayana adalah penempelan stiker pada truk pengakut LPG 3 kilogram. Dijelaskan Ekayana setiap agen memiliki pangkalan masing-masing. Setiap pangkalan ini memiliki truk pengangkut. Pada truk pengangkut inilah harus ditempeli stiker yang tertera nama agen resmi penyalur tabung 3 kilogram. Jika pada truk tidak terpasang stiker, hal ini dianggap tidak resmi dan agen yang melakukan keteledoran kata Ekayana akan mendapatkan sanksi dari Pertamina. ‘’Sanksinya berupa sanksi admin dari Pertamina,’’ papar Ekayana.Adanya stiker ini menurutnya adalah sebagai cara agar distribusi LPG 3 kilogram tidak keluar ke daerah lain. Sebab, menurut Ekayana setiap daerah memiliki kouta masing-masing dan sudah diperhitungkan sesuai kebutuhan masyarakatnya. Jika ada kouta yang keluar tentu kebutuhan LPG 3 kilogram di suatu daerah akan menjadi terganggu dan menimbulkan kelangkaan. Karenanya dengan adanya stiker, masyarakat bisa tahu darimana LPG 3 kilogram tersebut berasal sehingga bisa dilaporkan jika menjualnya diluar daerah yang tidak sesuai dengan  informasi di stiker yang tercantum.‘’Misalkan tertulis agen yang beralamatkan di Tabanan, tetapi truknya menurunkan LPG 3 kilogram di Singaraja. Ini bisa dilaporkan dan mendapatkan sanksi,’’ jelas Ekayana.Untuk saat ini menjelang Galungan dan Kuningan menurut Ekayana tidak ada kelangkaan stok LPG 3 kilogram. Meski diakuinya harga ditingkat pengecer masih di atas HET atau berkisar antara Rp 18.000 hingga Rp 20.000. ‘’Harga di pengecer memang belum bisa sesuai harga HET karena perdagang memperhitungkan biaya tranpostrasi dan lainnya. Tetapi jika masyarakat ingin membeli LPG 3 kg sesuai harga HET bisa langsung membeli ke pangkalan atau agen atau SPBU yang juga menjual tabung gas,’’ ujarnya. (wira sanjiwani/balipost)",BALIPOST.com,"Dajan Peken, 82114, Tabanan, Tabanan, Bali, Indonesia",-8.536609490935,115.13552944186335,5,"2, 7","kejaksaan, kejatibali, kejaritabanan, tabanan, news"
Metro Dewata Jurusan Tabanan Resmi Diluncurkan,2020-12-11T08:00:00.000Z,"Kabupaten Tabanan, Bali, Indonesia",Metro Dewata Jurusan Tabanan Resmi Diluncurkan - BALIPOST.com,"Metro Dewata Jurusan Tabanan diluncurkan Jumat (11/12). (BP/bit)TABANAN, BALIPOST.com – Bus Trans Metro Dewata yang disebut dengan nama Teman Bus, untuk koridor I yang melintasi wilayah Tabanan akhirnya resmi diluncurkan, Jumat (11/12).","Yang menarik, selain nyaman dan bersih, bus ini dilengkapi dengan peralatan canggih seperti CCTV, reader kartu non tunai, sensor penghitung jumlah penumpang dan lainnya.Masyarakat tentunya bisa mencoba moda .transportasi darat ini, apalagi hingga 31 Desember 2020 belum dikenai tarif alias gratis. Kepala Dinas Perhubungan Tabanan, I Gusti Darma Utama menjelaskan, ada 31 unit Bus Trans Metro Dewata yang siap memberikan pelayanan perjalanan nyaman dan aman dengan paramudi terlatih sebagai penunjang mobilisasi masyarakat yang terintegrasi dengan layanan angkutan massal lain.Namun dari 31 armada tersebut, lanjut Darma, hanya 28 unit yang beroperasional, dan 3 unit lainnya untuk cadangan.","Pada Hari Jumat , 11 Desember 2020 08:00, Tabanan, Tabanan, Bali

Metro Dewata Jurusan Tabanan diluncurkan Jumat (11/12). (BP/bit)TABANAN, BALIPOST.com – Bus Trans Metro Dewata yang disebut dengan nama Teman Bus, untuk koridor I yang melintasi wilayah Tabanan akhirnya resmi diluncurkan, Jumat (11/12). Yang menarik, selain nyaman dan bersih, bus ini dilengkapi dengan peralatan canggih seperti CCTV, reader kartu non tunai, sensor penghitung jumlah penumpang dan lainnya.Masyarakat tentunya bisa mencoba moda .transportasi darat ini, apalagi hingga 31 Desember 2020 belum dikenai tarif alias gratis. Kepala Dinas Perhubungan Tabanan, I Gusti Darma Utama menjelaskan, ada 31 unit Bus Trans Metro Dewata yang siap memberikan pelayanan perjalanan nyaman dan aman dengan paramudi terlatih sebagai penunjang mobilisasi masyarakat yang terintegrasi dengan layanan angkutan massal lain.Namun dari 31 armada tersebut, lanjut Darma, hanya 28 unit yang beroperasional, dan 3 unit lainnya untuk cadangan. “Program ini untuk meningkatkan lagi minat masyarakat menggunakan angkutan umum sehingga mampu mengurangi penggunaan kendaraan pribadi yang diharapkan mampu mengurangi kemacetan, angka lalu lintas dan polusi udara,” ucapnya.Khusus untuk pelintasan di Tabanan atau koridor I, rute yakni Terminal Pesiapan – Central Parkir Kuta. Juga sudah disiapkan enam titik jemput halte sepanjang By Pass Ir. Soekarno.Untuk waktu headway (jarak antar bus) yang ditentukan yaitu 10 menit, sehingga penumpang tidak menunggu lama di halte. Namun dalam masa pandemi COVID-19, pihaknya tetap menekankan protokol kesehatan (Prokes). Jumlah penumpang dibatasi hanya untuk 12 orang penumpang (setengah dari kapasitas bus). (Puspawati/balipost)",BALIPOST.com,"Dajan Peken, 82114, Tabanan, Tabanan, Bali, Indonesia",-8.536609490935,115.13552944186335,5,"2, 7","kejaksaan, kejatibali, kejaritabanan, tabanan, news"
7 Tempat Wisata Keluarga di Tabanan Bali Mampir Kebun Bunga,2022-09-21T07:00:00.000Z,"Kabupaten Tabanan, Bali, Indonesia","7 Tempat Wisata Keluarga di Tabanan Bali, Mampir Kebun Bunga - Kompas.com","KOMPAS.com - Menghabiskan waktu liburan dengan mengunjungi tempat-tempat wisata di Tabanan bisa menjadi alternatif yang menarik, termasuk jika pergi bersama keluarga.
Jika pergi ke Bali naik pesawat, Kabupaten Tabanan tak begitu jauh dari Bandara I Gusti Ngurah Rai jika ditempuh menggunakan kendaraan. Jaraknya sekitar 30 kilometer, tergantung lokasi wisata yang dituju.","Untuk mencapainya hanya butuh waktu sekitar 1,5 jam.Baca juga: 28 Tempat Wisata Tabanan, Banyak Destinasi Liburan Keluarga
Sementara jika pergi naik mobil, misalnya berangkat dari Pulau Jawa kemudian menyebrang lewat Pelabuhan Ketapang ke Pelabuhan Gilimanuk, beberapa area di Tabanan juga relatif mudah diakses karena berada di kawasan Bali Barat.
Bagi kamu yang pergi liburan bersama keluarga, berikut beberapa pilihan tempat wisata keluarga di Tabanan Bali yang dapat dikunjungi.
Tempat wisata keluarga di Tabanan Bali
1. Tasta zoo
INSTAGRAM @tastazoo Tasta Zoo




Kebun binatang sering kali dijadikan destinasi edukasi seputar satwa, termasuk satwa-satwa liar dan langka yang mungkin tak pernah kita temui pada kehidupan sehari-hari.
Tasta Zoo adalah kebun binatang dan area konservasi yang berlokasi di Br Tegeh, Angseri, Kecamatan Baturiti, Tabanan.
Tak hanya berkeliling melihat koleksi satwanya, pengunjung juga bisa berinteraksi dengan sejumlah satwa, serta berfoto ria dengan latar patung-patung satwa dan Instagramable spot lainnya.
Baca juga: 25 Wisata Bali yang Populer dan Unik, Pas buat Libur Panjang 
Harga tiket masuk Tasta Zoo bagi wisatawan domestik adalah Rp 60.000 pada hari biasa dan Rp 70.000 pada akhir pekan.
Sementara bagi wisatawan mancanegara, harga tiket masuknya Rp 120.000 pada hari biasa dan Rp 200.000 pada akhir pekan.
Tasta Zoo buka pukul 09.00-17.00, dengan waktu check in terakhir pukul 16.30.

2.","Pada Hari Rabu , 21 September 2022 07:00, Tabanan, Tabanan, Bali

KOMPAS.com - Menghabiskan waktu liburan dengan mengunjungi tempat-tempat wisata di Tabanan bisa menjadi alternatif yang menarik, termasuk jika pergi bersama keluarga.
Jika pergi ke Bali naik pesawat, Kabupaten Tabanan tak begitu jauh dari Bandara I Gusti Ngurah Rai jika ditempuh menggunakan kendaraan. Jaraknya sekitar 30 kilometer, tergantung lokasi wisata yang dituju. Untuk mencapainya hanya butuh waktu sekitar 1,5 jam.Baca juga: 28 Tempat Wisata Tabanan, Banyak Destinasi Liburan Keluarga
Sementara jika pergi naik mobil, misalnya berangkat dari Pulau Jawa kemudian menyebrang lewat Pelabuhan Ketapang ke Pelabuhan Gilimanuk, beberapa area di Tabanan juga relatif mudah diakses karena berada di kawasan Bali Barat.
Bagi kamu yang pergi liburan bersama keluarga, berikut beberapa pilihan tempat wisata keluarga di Tabanan Bali yang dapat dikunjungi.
Tempat wisata keluarga di Tabanan Bali
1. Tasta zoo
INSTAGRAM @tastazoo Tasta Zoo




Kebun binatang sering kali dijadikan destinasi edukasi seputar satwa, termasuk satwa-satwa liar dan langka yang mungkin tak pernah kita temui pada kehidupan sehari-hari.
Tasta Zoo adalah kebun binatang dan area konservasi yang berlokasi di Br Tegeh, Angseri, Kecamatan Baturiti, Tabanan.
Tak hanya berkeliling melihat koleksi satwanya, pengunjung juga bisa berinteraksi dengan sejumlah satwa, serta berfoto ria dengan latar patung-patung satwa dan Instagramable spot lainnya.
Baca juga: 25 Wisata Bali yang Populer dan Unik, Pas buat Libur Panjang 
Harga tiket masuk Tasta Zoo bagi wisatawan domestik adalah Rp 60.000 pada hari biasa dan Rp 70.000 pada akhir pekan.
Sementara bagi wisatawan mancanegara, harga tiket masuknya Rp 120.000 pada hari biasa dan Rp 200.000 pada akhir pekan.
Tasta Zoo buka pukul 09.00-17.00, dengan waktu check in terakhir pukul 16.30.

2. Kebun Raya Bali
DOK KEBUN RAYA BALI Piknik di Kebun Raya Bali.
Jika mencari wisata alam, Tabanan memiliki banyak destinasi yang dapat dikunjungi.
Salah satu destinasi alam yang cocok dikunjungi bersama keluarga adalah Kebun Raya Bali.
Lokasinya ada di Jalan Kebun Raya, Candikuning, Kecamatan Baturiti, Kabupaten Tabanan, Bali.
Dikutip dari Kompas.com (01/09/2022), koleksi tanaman bisa kamu lihat dengan mengunjungi area seperti Taman Rhododendron, Taman Anggrek, Rumah Kaca Kaktus, Taman Aquatik, dan lainnya.
Baca juga: Seharian di Kebun Raya Bali, Bisa Apa Saja?
Tak hanya berkeliling melihat koleksi tanaman, pengunjung juga bisa santai di rerumputan sambil melihat pemandangan danau dan perbukitan di sekitar, atau bahkan menyewa spot piknik dan barbeque agar kebersamaan semakin terasa.
Jika lelah berjalan kaki untuk mengelilingi area kebun, kamu bisa memilih naik shuttle bus, sepeda, atau bahkan skuter.

3. Desa Coklat Bali
DOK DESA COKLAT BALI Desa Coklat Bali
Mengetahui proses pengolahan coklat, mulai dari penanaman, pengolahan di pabrik, hingga menyantapnya atau membawa pulang produk coklat menjadi aktivitas menarik yang bisa dijajal bersama keluarga.
Jika penasaran, kamu dan keluarga bisa mampir ke Desa Coklat Bali.
Lokasinya berada di Jalan Raya Marga-Apuan, Km 7, Desa Cau, Kabupaten Tabanan.
""Ini adalah agro-eduwisata, di mana kita juga belajar antara coklat dan Bali. Untuk coklatnya, kami mengenalkan tentang proses kakao menjadi coklat, baik dari proses awal -kami sebutnya bibit, sampai dikonsumsi,"" kata CEO CAU Chocolate Bali, Kadek Surya Prasetya Wiguna kepada Kompas.com, Jumat (26/08/2022).
Baca juga: 5 Aktivitas di Desa Coklat Bali, Seharian Jadi Petani Kakao
Setelah lelah berkeliling, pengunjung bisa santai di restorannya dan mencicipi berbagai menu, termasuk menu berbahan dasar coklat.
Beberapa menu berbahan dasar coklat yang jadi favorit antara lain Raw Cacao Ice Cream, Fruity Cacao Pizza, dan beragam menu minuman coklat.
4. The Blooms Garden
SITUS THE BLOOMS GARDEN The Blooms Garden merupakan salah satu tempat wisata dekat Kebun Raya Bali, Tabanan.Mampir ke taman rekreasi seluas 4,5 hektar, yakni The Blooms Garden, juga bisa dimasukkan ke dalam daftar wisata keluarga di Tabanan yang menarik untuk dikunjungi.
Dikutip dari Kompas.com (04/09/2022), destinasi ini memiliki beberapa area taman bunga yang menonjolkan ciri khas masing-masing. Taman-taman tersebut di antaranya Taman Belanda, Taman Cinta, Taman Dewi Danu, Taman Oval, dan lainnya.
Baca juga: 5 Tempat Wisata Dekat Kebun Raya Bali
Di Taman Belanda, misalnya, penunjung bisa menemukan ornamen dua kincir yang merupakan ikon negara Belanda. Selain mengeksplorasi taman bunga, ada pula aktivitas lain seperti naik ATV, main di playground anak, kulineran di restoran, dan lainnya.
The Blooms Garden berlokasi di Desa Batusea, Kecamatan Baturiti, Tabanan.
Harga tiket masuknya Rp 30.000 untuk dewasa dan Rp 15.000 untuk anak usia 5-12 tahun.
5. Taman Kupu-kupu
SHUTTERSTOCK/GALINA SAVINA Taman Kupu-kupu Bali
Destinasi wisata keluarga di Tabanan lainnya adalah Taman Kupu-kupu, yang berlokasi di Jalan Batukaru, Desa Sesandan, Kecamatan Penebel, Tabanan.
Dikutip dari Kompas.com, (20/09/2022), meski dinamai ""kupu-kupu"", namun destinasi yang berdiri sejak 1996 silam ini tak hanya menghadirkan beragam jenis kupu-kupu. Dikutip dari Tribun Bali, Taman Kupu-kupu turut menghadirkan serangga lain, seperti belalang kayu, kumbang tanduk, hingga tarantula.
Baca juga: 10 Rute Penerbangan Domestik Tersibuk di Dunia, Ada Jakarta-Bali
Untuk menuju ke destinasi ini, pengunjung perlu menempuh perjalanan sekitar 1,5 jam dari bandara atau 40 kilometer.

6. Sila's Agrotourism
SITUS THE SILA'S ARGOTOURISM Area bermain anak di The SILA's Agrotourism, salah satu tempat wisata dekat Kebun Raya Bali.
Sila's Arotourism adalah destinasi lainnya di Tabanan yang dapat dikunjungi bersama keluarga.
Selain memyediakan area rekreasi, tempat ini juga menjadi tempat pendidikan, sekaligus program pelatihan Sumber Daya Manusia (SDM) yang berdiri di atas lahan seluas 10 hektar.
Dikutip dari Kompas.com, beberapa aktivitas luar ruang yang bisa dijajal antara lain berkemah, outbound, flying fox, ATV, mini trail, berkuda, paintball, trekking, bersepeda, dan lainnya.
Baca juga: 6 Tempat Melihat Sunset di Bali, Ada yang Terbaik di Dunia
Jika sekadar ingin bersantai sambil menikmati udara sejuk dan panorama danau serta perbukitan yang menakjubkan, kamu juga bisa duduk di coffee shop yang tersedia sambil memesan menu yang ada di sana.
Untuk tamu yang ingin bermalam bisa coba menginap di Hobbiton dengan harga mulai dari Rp 200.000 per orang per malam, sudah termasuk tempat tidur, sleeping bag, perlengkapan mandi, sarapan, serta perapian.
7. Pantai Pasut
SITUS PEMERINTAH KABUPATEN TABANAN Pantai Pasut di Kabupaten Tabanan, Bali.
Liburan ke Bali, rasanya kurang sah jika tidak mampir ke pantai. 
Tabanan memiliki beberapa pantai yang bisa dikunjungi, dengan karakteristik dan keunikannya masing-masing.
Salah satu pantai populer di Tabanan adalah Tanah Lot atau Pura Tanah Lot, kemudian ada pula Pantai Kedungu, Pantai Soan Galuh, Pantai Kelecung, Pantai Kelating, dan lainnya.
Baca juga: 9 Wisata Pantai di Tabanan Bali, Tak Cuma Tanah Lot
Jika mencari pantai yang dapat dijadikan tempat wisata keluarga, Pantai Pasut bisa jadi pilihan.
Ombak di pantai ini relatif tidak tinggi, sehingga cukup aman untuk dijadikan tempat berenang atau snorkeling.
Selain untuk berenang atau snorkeling, pengunjung pantai berpasir hitam lembut ini bisa bersantai sambil berjemur, bermain pasir, berolahraga, atau berburu foto.
Lokasi Pantai Pasut ada di Jalan Raya Pasut, Desa Tibubiu, Kecamatan Kerambitan, Kabupaten Tabanan.



    
        Bayangkan seorang anak Indonesia bercita-cita menjadi dokter tetapi hanya memiliki satu buku lusuh untuk belajar. Bersama Ekspedisi Kata ke Nyata Kompas.com, Anda bisa membantu mengubah kisah itu. Mari hadirkan akses literasi bagi anak-anak di berbagai pelosok Indonesia melalui donasi lewat tautan https://bit.ly/JagatLiterasi2026. Setiap kebaikan yang Anda berikan bukan hanya membuka jendela pengetahuan, tetapi juga membuka masa depan mereka.",Kompas.com,"Dajan Peken, 82114, Tabanan, Tabanan, Bali, Indonesia",-8.536609490935,115.13552944186335,5,"2, 7","kejaksaan, kejatibali, kejaritabanan, tabanan, news"
Kasus DID Tabanan KPK Panggil Eks Wakil Ketua DPRD,2022-02-04T08:00:00.000Z,"Kabupaten Tabanan, Bali, Indonesia","Kasus DID Tabanan, KPK Panggil Eks Wakil Ketua DPRD - Kompas.com","JAKARTA, KOMPAS.com - Penyidik Komisi Pemberantasan Korupsi (KPK) menjadwalkan pemeriksaan terhadap mantan Wakil Ketua DPRD Kabupaten Tabanan periode 2017-2019, I Made Meliani pada Jumat (3/2/2022).
I Made Meliani akan diperiksa sebagai saksi terkait kasus dugaan korupsi pemberian dan penerimaan hadiah atau janji pengurusan dana insentif daerah (DID) Kabupaten Tabanan, Bali, tahun anggaran 2018.""Pemeriksaan akan dilakukan Kantor Perwakilan BPKP Provinsi Bali, Jl Tantular Nomor 3054, Panjer, Denpasar Selatan, Kota Denpasar,"" ujar Pelaksana Tugas Juru Bicara KPK Ali Fikri, melalui keterangan tertulis, Jumat.
Selain eks Wakil Ketua DPRD Tabanan, KPK juga mengagendakan pemeriksaan terhadap Ketua Komisi I DPRD Tabanan tahun 2016 I Putu Eka Putra Cahyadi; Kepala Badan Keuangan Daerah Tabanan tahun 2016-2017 I Made Sukada dan Kepala Bagian Umum Setda Kabupaten Tabanan tahun 2017 I Made Sumerta Yasa.
Baca juga: Kasus DID Tabanan, KPK Panggil 4 Manajer Hotel di Jakarta sebagai Saksi
Kemudian, Kepala Badan Perencanaan Penelitian dan Pengembangan (Bappelitbang) Tabanan Ida Bagus Wiratmaja; Kasubid Kasda Pemkab Tabanan Ni Made Wasasih; eks plh Sekda Pemkab Karangasem I Made Sujana Erawan; eks Kadis PU I Made Yudiana dan Kepala Dinas Perpustakaan dan Arsip Dewa Ayu Budiarti.




Selain itu, ajudan Bupati Tabanan I Ketut Suwita; Direktur PT Dayu I Made Purniarta; Direktris CV Panugrah Ni Made Maharini; Direktris CV Kerang Mutiara Utama I Nyoman Ely Krisnawati dan Direktur CV Nitra Sakti I Nyoman Yupi Astika turut diperiksa sebagai saksi.Hingga kini, ujar Ali, tim penyidik masih terus mengumpulkan dan melengkapi bukti-bukti terkait dugaan korupsi dana insentif daerah Kabupaten Tabanan.
Ia mengatakan, KPK akan menjelaskan konstruksi perkara dan siapa saja pihak-pihak yang akan ditetapakan sebagai tersangka pada saat penyelidikan tersebut dinilai cukup.
""Kami pastikan setelah penyidikan cukup, kami akan sampaikan kontruksi utuh perkara dan pihak-pihak yang ditetapkan sebagai tersangka,"" kata Ali.
Baca juga: KPK Telusuri Aktivitas Pihak-pihak yang Terkait Pengurusan DID Tabanan
Dalam kasus ini, KPK telah melakukan penggeledahan di sejumlah tempat di Kabupaten Tabanan, Bali, pada Rabu (27/10/2021).
Lokasi yang digeledah antara lain Kantor Dinas PUPR, Kantor Bapelitbang, Kantor Badan Keuangan Daerah Tabanan, Kantor DPRD, serta rumah kediaman pihak yang terkait dengan perkara tersebut.




  

    
        Bayangkan seorang anak Indonesia bercita-cita menjadi dokter tetapi hanya memiliki satu buku lusuh untuk belajar. Bersama Ekspedisi Kata ke Nyata Kompas.com, Anda bisa membantu mengubah kisah itu.","Mari hadirkan akses literasi bagi anak-anak di berbagai pelosok Indonesia melalui donasi lewat tautan https://bit.ly/JagatLiterasi2026. Setiap kebaikan yang Anda berikan bukan hanya membuka jendela pengetahuan, tetapi juga membuka masa depan mereka.","Pada Hari Jumat , 4 Februari 2022 08:00, Tabanan, Tabanan, Bali

JAKARTA, KOMPAS.com - Penyidik Komisi Pemberantasan Korupsi (KPK) menjadwalkan pemeriksaan terhadap mantan Wakil Ketua DPRD Kabupaten Tabanan periode 2017-2019, I Made Meliani pada Jumat (3/2/2022).
I Made Meliani akan diperiksa sebagai saksi terkait kasus dugaan korupsi pemberian dan penerimaan hadiah atau janji pengurusan dana insentif daerah (DID) Kabupaten Tabanan, Bali, tahun anggaran 2018.""Pemeriksaan akan dilakukan Kantor Perwakilan BPKP Provinsi Bali, Jl Tantular Nomor 3054, Panjer, Denpasar Selatan, Kota Denpasar,"" ujar Pelaksana Tugas Juru Bicara KPK Ali Fikri, melalui keterangan tertulis, Jumat.
Selain eks Wakil Ketua DPRD Tabanan, KPK juga mengagendakan pemeriksaan terhadap Ketua Komisi I DPRD Tabanan tahun 2016 I Putu Eka Putra Cahyadi; Kepala Badan Keuangan Daerah Tabanan tahun 2016-2017 I Made Sukada dan Kepala Bagian Umum Setda Kabupaten Tabanan tahun 2017 I Made Sumerta Yasa.
Baca juga: Kasus DID Tabanan, KPK Panggil 4 Manajer Hotel di Jakarta sebagai Saksi
Kemudian, Kepala Badan Perencanaan Penelitian dan Pengembangan (Bappelitbang) Tabanan Ida Bagus Wiratmaja; Kasubid Kasda Pemkab Tabanan Ni Made Wasasih; eks plh Sekda Pemkab Karangasem I Made Sujana Erawan; eks Kadis PU I Made Yudiana dan Kepala Dinas Perpustakaan dan Arsip Dewa Ayu Budiarti.




Selain itu, ajudan Bupati Tabanan I Ketut Suwita; Direktur PT Dayu I Made Purniarta; Direktris CV Panugrah Ni Made Maharini; Direktris CV Kerang Mutiara Utama I Nyoman Ely Krisnawati dan Direktur CV Nitra Sakti I Nyoman Yupi Astika turut diperiksa sebagai saksi.Hingga kini, ujar Ali, tim penyidik masih terus mengumpulkan dan melengkapi bukti-bukti terkait dugaan korupsi dana insentif daerah Kabupaten Tabanan.
Ia mengatakan, KPK akan menjelaskan konstruksi perkara dan siapa saja pihak-pihak yang akan ditetapakan sebagai tersangka pada saat penyelidikan tersebut dinilai cukup.
""Kami pastikan setelah penyidikan cukup, kami akan sampaikan kontruksi utuh perkara dan pihak-pihak yang ditetapkan sebagai tersangka,"" kata Ali.
Baca juga: KPK Telusuri Aktivitas Pihak-pihak yang Terkait Pengurusan DID Tabanan
Dalam kasus ini, KPK telah melakukan penggeledahan di sejumlah tempat di Kabupaten Tabanan, Bali, pada Rabu (27/10/2021).
Lokasi yang digeledah antara lain Kantor Dinas PUPR, Kantor Bapelitbang, Kantor Badan Keuangan Daerah Tabanan, Kantor DPRD, serta rumah kediaman pihak yang terkait dengan perkara tersebut.




  

    
        Bayangkan seorang anak Indonesia bercita-cita menjadi dokter tetapi hanya memiliki satu buku lusuh untuk belajar. Bersama Ekspedisi Kata ke Nyata Kompas.com, Anda bisa membantu mengubah kisah itu. Mari hadirkan akses literasi bagi anak-anak di berbagai pelosok Indonesia melalui donasi lewat tautan https://bit.ly/JagatLiterasi2026. Setiap kebaikan yang Anda berikan bukan hanya membuka jendela pengetahuan, tetapi juga membuka masa depan mereka.    
                    Batas akses KARIN
                    
                        Kamu sudah mencapai batas akses KARIN.
                        Gabung membership Kompas.com+ MAX untuk bertanya lebih banyak dan memahami berita dengan lebih leluasa.
                    
                
            
                    
                    
                    Tidak akurat
                
                
                    
                    
                    Tidak relevan
                
                
                    
                    
                    Menyinggung
                
                
                    
                    
                    Terlalu lama
                
                
                    
                    
                    Isu privasi
                
                
                    
                    
                    Lainnya
                
            
            
                    Khusus Member
                    
                        Akses Tanya Langsung Tersedia untuk Member
                        Gabung membership Kompas.com+ MAX untuk bertanya lebih banyak dan memahami berita dengan lebih leluasa.",Kompas.com,"Dajan Peken, 82114, Tabanan, Tabanan, Bali, Indonesia",-8.536609490935,115.13552944186335,5,"2, 7","kejaksaan, kejatibali, kejaritabanan, tabanan, news"
Suka Duka Sekaa di Jembrana Pelihara Instrumen Jegog,2018-04-14T07:00:00.000Z,"Kabupaten Tabanan, Bali, Indonesia",Suka Duka Sekaa di Jembrana Pelihara Instrumen Jegog - BALIPOST.com,"Sekeha memainkan instrumen Jegog. (BP/dok)NEGARA, BALIPOST.com – Kesenian Jegog yang identik dengan Kabupaten Jembrana disamping memiliki suara gamelan yang khas, perawatannya juga tergolong ekstra dan mahal.","Dalam merawat gamelan Jegog ini, diperlukan tempat dan perlakuan khusus.Sebab dibandingkan gong atau gamelan lainnya, alat musik jegog lebih rentan rusak karena faktor cuaca ataupun tempat penyimpanan yang tak layak. Satu saja bambu yang rusak/pecah diperlukan biaya yang tidak sedikit.Minimal Rp 350 ribu per satu bilah bambu.","Pada Hari Sabtu , 14 April 2018 07:00, Tabanan, Tabanan, Bali

Sekeha memainkan instrumen Jegog. (BP/dok)NEGARA, BALIPOST.com – Kesenian Jegog yang identik dengan Kabupaten Jembrana disamping memiliki suara gamelan yang khas, perawatannya juga tergolong ekstra dan mahal. Dalam merawat gamelan Jegog ini, diperlukan tempat dan perlakuan khusus.Sebab dibandingkan gong atau gamelan lainnya, alat musik jegog lebih rentan rusak karena faktor cuaca ataupun tempat penyimpanan yang tak layak. Satu saja bambu yang rusak/pecah diperlukan biaya yang tidak sedikit.Minimal Rp 350 ribu per satu bilah bambu. Bahan bambu yang digunakan pun jarang ditemukan di Jembrana lagi.Untuk mendapatkan bambu petung (bagian paling belakang) yang berdiameter besar itu, para perajin harus mencari di luar Jembrana, seperti Tabanan dan Karangasem. “Sekarang hampir tidak ada (bambu petung), harus memesan di Tabanan atau Gianyar,” ujar Oka, pemain Jegog asal Kelurahan Sangkaragung.Sehingga ketika gamelan bambu itu pecah, maka akan kesulitan dan biayanya cukup besar. Apalagi, saat pementasan Jegog dilakukan mebarung (adu suara) antar-sekaa, peluang pecahnya bambu cukup besar.Sehingga sekaa harus menyiapkan cadangan gamelan ketika bambu pecah. Begitu halnya dengan bambu lainnya yang lebih kecil seperti bambu jajang atau santong (lebih kecil) untuk suwir, kantil dan barangan masih bisa diperoleh.I Ketut Dernen, seniman penyetel gamelan Jegog asal Pancardawa, Kelurahan Pendem  beberapa waktu lalu mengatakan gamelan Jegog memiliki keistimewaan sehingga perawatannya pun harus ekstra. Bambu yang digunakan pun juga harus yang terpilih.Selain perangkat yang besar, nada suara lazimnya berubah saat berganti cuaca atau iklim. Misalnya, ketika alat musik bambu itu dibawa ke daerah dataran tinggi yang dingin, ketika ditabuh suaranya pasti berubah.Dernen berharap kendatipun instrumen musik ini cukup boros tempat, bisa disetarakan dengan alat musik lainnya. Pascabom Bali tahun 2000 lalu, banyak sekaha di Jembrana yang terpuruk karena minimnya pentas ke luar daerah dan minim pembiayaan. Sedangkan pentas-pentas di dalam Jembrana, bayaran tak sebanding dengan biaya yang dikeluarkan. Padahal perawatan untuk alat musik ini cukup tinggi.Seringkali, biaya untuk transportasi alat, penabuh serta perawatan gambelan lebih besar dari bayaran yang diterima. Untuk membuat seperangkat alat musik Jegog minimal dibutuhkan dana hingga Rp 50 juta.Pria kelahiran tahun 1956 ini selain menabuh juga dikenal kemampuannya dalam menyelaraskan nada gamelan Jegog. Tidak semua seniman memiliki kemampuan menyetel alat musik dari bambu ini.Bahkan Dernen mampu menyetel nada Jegog utuh dalam satu oktaf (do-re-mi-fa-sol-la-si-do). “Sekarang saya lebih banyak kerja kalau dipanggil, ada yang memanggil saya kerjakan disana. Bayaran tidak menarget, yang penting (gamelan) jadi dan senang sudah jadi,” kata pria berpenampilan sederhana ini.Keahlian seniman yang mengantongi penghargaan Satya Laksana Dharma Kusuma tahun 2013 ini, diperolehnya dari orang tua dan para seniman pembuat Jegog pendahulunya. Sisa bambu Jegog yang sudah rusak atau pecah biasanya tidak lagi dipergunakan dan dibuang.Namun di tangan orang-orang kreatif, limbah bambu Jegog itu dimanfaatkan lagi untuk hal lainnya. Seperti yang dilakukan sejumlah siswa dan guru SMAN 2 Negara.Bambu bekas gamelan Jegog yang menumpuk dan tidak bisa digunakan lagi, dimanfaatkan kembali. Seperti untuk pot tanaman misalnya.Kepala SMAN 2 Negara, I Wayan Sudiarta mengatakan sekolah sengaja memanfaatkan bambu gamelan Jegog sekolah yang rusak itu agar berguna kembali. “Dari pada tidak digunakan dan menumpuk, kami manfaatkan untuk pot tanaman untuk di sekitar sekolah,” terangnya.SMAN 2 Negara merupakan salah satu SMA yang memiliki gamelan Jegog ini dan sering tampil dengan penabuh para siswa. Selain pot bunga, bambu yang diantaranya berdiameter besar ini juga bisa dimanfaatkan untuk kerajinan lainnya seperti asbak atau tempat pensil. (Surya Dharma/balipost)",BALIPOST.com,"Dajan Peken, 82114, Tabanan, Tabanan, Bali, Indonesia",-8.536609490935,115.13552944186335,5,"2, 7","kejaksaan, kejatibali, kejaritabanan, tabanan, news"
Diawali Suara Gemuruh Keras Gedung LPBJ Tabanan Ambrol,2021-11-21T08:00:00.000Z,"Kabupaten Tabanan, Bali, Indonesia","Diawali Suara Gemuruh Keras, Gedung LPBJ Tabanan Ambrol - BALIPOST.com","Gedung LPBJ Tabanan ambrol saat hujan mengguyur, Minggu (21/11). (BP/bit)TABANAN, BALIPOST.com – Hujan yang mengguyur wilayah Kabupaten Tabanan pada Minggu (21/11) mengakibatkan satu gedung di areal kantor Bupati Tabanan ambrol.","Gedung yang dimanfaatkan untuk layanan pengadaan barang dan jasa (LPBJ) Kabupaten Tabanan tersebut rusak parah.Kejadian ambruknya gedung LPBJ pertama kali diketahui salah seorang petugas keamanan, Putu Dedik Ardana Putra. Saat itu, ia tengah bertugas berjaga di gedung ruang rapat lantai bawah kantor Bupati Tabanan atau sebelah barat gedung LPBJ.Sekitar pukul 11.30 WITA, terdengar suara gemuruh keras.","Pada Hari Minggu , 21 November 2021 08:00, Tabanan, Tabanan, Bali

Gedung LPBJ Tabanan ambrol saat hujan mengguyur, Minggu (21/11). (BP/bit)TABANAN, BALIPOST.com – Hujan yang mengguyur wilayah Kabupaten Tabanan pada Minggu (21/11) mengakibatkan satu gedung di areal kantor Bupati Tabanan ambrol. Gedung yang dimanfaatkan untuk layanan pengadaan barang dan jasa (LPBJ) Kabupaten Tabanan tersebut rusak parah.Kejadian ambruknya gedung LPBJ pertama kali diketahui salah seorang petugas keamanan, Putu Dedik Ardana Putra. Saat itu, ia tengah bertugas berjaga di gedung ruang rapat lantai bawah kantor Bupati Tabanan atau sebelah barat gedung LPBJ.Sekitar pukul 11.30 WITA, terdengar suara gemuruh keras. “Sempat dengar suara keras, saat dicek ternyata atap gedung LPBJ sudah ambruk, langsung saya kirim video ke WA grup,” terangnya.Kepala BPBD Tabanan, I Nyoman Srinadha Giri mengatakan, bangunan ukuran 12 x 10 meter tersebut ambruk diperkirakan atap bangunan yang telah lapuk. Ditambah lagi hujan dengan intensitas tinggi yang mengguyur Tabanan selama tiga hari belakangan ini membuat atap kian rapuh hingga akhirnya jebol.“Usai mendapat laporan, kami langsung hubungi pihak PLN untuk memutus listrik di tempat itu agar tidak membahayakan saat proses evakuasi, berkas-berkas dan sejumlah komputer juga sudah dipindah ke ruang rapat,” ucapnya.Sementara itu Kepala Bagian LPBJ Dewa Putu Mahendra mengatakan, berkas-berkas termasuk peralatan komputer sudah seluruhnya dipindahkan ke ruang rapat untuk sementara. Ia mengatakan meski tidak ada kendala dalam proses kerja nantinya, karena untuk lelang sudah rampung akhir tahun ini.Hanya saja, memang perlu segera dilakukan langkah-langkah cepat untuk mengantisipasi adanya lelang mendahului (tidak bisa ditunda) di awal 2022 seperti lelang sewa mobil, dan lelang mamin rumah sakit. “Ada lelang mendahului untuk 2022 jadi diantisipasi lebih awal, sedangkan peralatan kita semua kena air dan belum dicek apakah rusak atau tidak,” jelasnya. (Puspawati/balipost)",BALIPOST.com,"Dajan Peken, 82114, Tabanan, Tabanan, Bali, Indonesia",-8.536609490935,115.13552944186335,5,"2, 7","kejaksaan, kejatibali, kejaritabanan, tabanan, news"
Sejarah Pura Luhur Batukaru di Tabanan,2024-05-18T07:00:00.000Z,"Kabupaten Tabanan, Bali, Indonesia",Sejarah Pura Luhur Batukaru di Tabanan - Kompas.com,"KOMPAS.com - Bali dikenal memiliki banyak pura yang digunakan oleh umat Hindu untuk beribadah.
Pura bersejarah dan dianggap paling suci oleh masyarakat Bali adalah Pura Sad Kahyangan Jagad, yakni enam pura utama yang menjadi pilar Pulau Bali.Salah satu Pura Sad Kahyangan Jagad adalah Pura Luhur Batukaru, yang terletak di Desa Wangaya Gede, Kecamatan Penebel, Kabupaten Tabanan.
Lokasi pura ini berada di wilayah barat Pulau Bali, tepatnya di lereng selatan Gunung Batukaru.
Berikut ini sejarah Pura Luhur Batukaru dan fungsinya.
Baca juga: Sejarah Pura Goa Lawah di Bali




Sejarah Pura Luhur Batukaru
Melansir kesrasetda.bulelengkab.go.id, Pura Batukaru adalah stana Dewa Mahadewa.
Persembahyangan di Pura Luhur Batukaru dimaksudkan umat Hindu untuk memuja Tuhan Ida Sang Hyang Widhi Wasa dalam manifestasinya sebagai Dewa Mahadewa.
Dewa Mahadewa diberi gelar Ratu Hyang Tumuwuh, sebutan Tuhan sebagai yang menumbuhkan tumbuh-tumbuhan dengan menggunakan air secara benar.Nama pura ini kemungkinan besar diambil dari nama Gunung Batukaru.
Pura Luhur Batukaru termasuk Pura Sad Kahyangan yang disebut dalam Lontar Kusuma Dewa.
Konon, Pura Luhur Batukaru sudah ada pada abad ke-11, sebagaimana Pura Sad Kahyangan lainnya, yakni Pura Besakih, Pura Lempuyang Luhur, Pura Goa Lawah, Pura Luhur Uluwatu, dan Pura Pusering Jagat.
Tokoh yang mendirikan Pura Luhur Batukaru dan Pura Sad Kahyangan lainnya adalah Mpu Kuturan.
Mpu Kuturan adalah seorang pandita dari Jawa yang berperan menyatukan umat Hindu di Bali, sekaligus membangun banyak tempat suci di sana.
Baca juga: Sejarah Pura Lempuyang Luhur di Bali
Para ahli berpendapat bahwa Mpu Kuturan mendirikan Pura Sad Kahyangan Jagat untuk memotivasi umat menjaga keseimbangan eksistensi Sad Kerti, yaitu Atma Kerti, Samudra Kerti, Wana Kerti, Danu Kerti, Jagat Kerti, dan Jana Kerti.




  

Diduga, Pura Luhur Batukaru dulunya berfungsi sebagai tempat pemujaan dan tempat bertapa sebagai media Atma Kerti (membangun ketakwaan pada Tuhan) oleh tokoh-tokoh spiritual di daerah Tabanan..",,"Pada Hari Sabtu , 18 Mei 2024 07:00, Tabanan, Tabanan, Bali

KOMPAS.com - Bali dikenal memiliki banyak pura yang digunakan oleh umat Hindu untuk beribadah.
Pura bersejarah dan dianggap paling suci oleh masyarakat Bali adalah Pura Sad Kahyangan Jagad, yakni enam pura utama yang menjadi pilar Pulau Bali.Salah satu Pura Sad Kahyangan Jagad adalah Pura Luhur Batukaru, yang terletak di Desa Wangaya Gede, Kecamatan Penebel, Kabupaten Tabanan.
Lokasi pura ini berada di wilayah barat Pulau Bali, tepatnya di lereng selatan Gunung Batukaru.
Berikut ini sejarah Pura Luhur Batukaru dan fungsinya.
Baca juga: Sejarah Pura Goa Lawah di Bali




Sejarah Pura Luhur Batukaru
Melansir kesrasetda.bulelengkab.go.id, Pura Batukaru adalah stana Dewa Mahadewa.
Persembahyangan di Pura Luhur Batukaru dimaksudkan umat Hindu untuk memuja Tuhan Ida Sang Hyang Widhi Wasa dalam manifestasinya sebagai Dewa Mahadewa.
Dewa Mahadewa diberi gelar Ratu Hyang Tumuwuh, sebutan Tuhan sebagai yang menumbuhkan tumbuh-tumbuhan dengan menggunakan air secara benar.Nama pura ini kemungkinan besar diambil dari nama Gunung Batukaru.
Pura Luhur Batukaru termasuk Pura Sad Kahyangan yang disebut dalam Lontar Kusuma Dewa.
Konon, Pura Luhur Batukaru sudah ada pada abad ke-11, sebagaimana Pura Sad Kahyangan lainnya, yakni Pura Besakih, Pura Lempuyang Luhur, Pura Goa Lawah, Pura Luhur Uluwatu, dan Pura Pusering Jagat.
Tokoh yang mendirikan Pura Luhur Batukaru dan Pura Sad Kahyangan lainnya adalah Mpu Kuturan.
Mpu Kuturan adalah seorang pandita dari Jawa yang berperan menyatukan umat Hindu di Bali, sekaligus membangun banyak tempat suci di sana.
Baca juga: Sejarah Pura Lempuyang Luhur di Bali
Para ahli berpendapat bahwa Mpu Kuturan mendirikan Pura Sad Kahyangan Jagat untuk memotivasi umat menjaga keseimbangan eksistensi Sad Kerti, yaitu Atma Kerti, Samudra Kerti, Wana Kerti, Danu Kerti, Jagat Kerti, dan Jana Kerti.




  

Diduga, Pura Luhur Batukaru dulunya berfungsi sebagai tempat pemujaan dan tempat bertapa sebagai media Atma Kerti (membangun ketakwaan pada Tuhan) oleh tokoh-tokoh spiritual di daerah Tabanan.",Kompas.com,"Dajan Peken, 82114, Tabanan, Tabanan, Bali, Indonesia",-8.536609490935,115.13552944186335,5,"2, 7","kejaksaan, kejatibali, kejaritabanan, tabanan, news"
Resep Sambal Sager Gerih Sambal dari Ikan Asin Khas Tabanan Bali,2021-03-14T08:00:00.000Z,"Kabupaten Tabanan, Bali, Indonesia","Resep Sambal Sager Gerih, Sambal dari Ikan Asin Khas Tabanan Bali - Kompas.com","KOMPAS.com - Kamu pencinta masakan pedas? Kamu bisa coba resep sambel sager gerih.
Sager gerih dalam arti harafiahnya adalah lawar ikan kering. Terkenal sebagai sambal khas Kabupaten Tabanan yang disajikan bersama nasi sele atau nasi yang dicampur dengan ketela.Ikuti cara membuat sambal sager gerih dalam buku “Pawon Bali” karya Nanik Mirna Agung terbitan PT Gramedia Pustaka Utama.
Baca juga: Resep Sambal Sere, Sambal Pelengkap Makanan Bali 
Resep sambal sager gerih
Bahan:

20 gram ikan asin
60 gram bawang merah
20 gram cabai rawit
4 gram terasi
5 gram garam
2 gram kemangi
30 gram kelapa panggang

Baca juga: Resep Sambal Bawang Merah Utuh, Sambal yang Viral di TikTok



Cara membuat sambal sager gerih:
1.","Rajang bawang merah, bawang putih, dan cabai rawit. Goreng secara terpisah.
2.","Pada Hari Minggu , 14 Maret 2021 08:00, Tabanan, Tabanan, Bali

KOMPAS.com - Kamu pencinta masakan pedas? Kamu bisa coba resep sambel sager gerih.
Sager gerih dalam arti harafiahnya adalah lawar ikan kering. Terkenal sebagai sambal khas Kabupaten Tabanan yang disajikan bersama nasi sele atau nasi yang dicampur dengan ketela.Ikuti cara membuat sambal sager gerih dalam buku “Pawon Bali” karya Nanik Mirna Agung terbitan PT Gramedia Pustaka Utama.
Baca juga: Resep Sambal Sere, Sambal Pelengkap Makanan Bali 
Resep sambal sager gerih
Bahan:

20 gram ikan asin
60 gram bawang merah
20 gram cabai rawit
4 gram terasi
5 gram garam
2 gram kemangi
30 gram kelapa panggang

Baca juga: Resep Sambal Bawang Merah Utuh, Sambal yang Viral di TikTok



Cara membuat sambal sager gerih:
1. Rajang bawang merah, bawang putih, dan cabai rawit. Goreng secara terpisah.
2. Parut kelapa yang sudah dipanggang.
3. Goreng teri asin dan rajang kecil-kecil. Campurkan semua bahan dan tambahkan daun kemangi yang telah dirajang kecil-kecil.
4. Sajikan.
Buku “Pawon Bali” karya Nanik Mirna Agung terbitan PT Gramedia Pustaka Utama bisa dibeli di Gramedia.com. 


  

    
        Bayangkan seorang anak Indonesia bercita-cita menjadi dokter tetapi hanya memiliki satu buku lusuh untuk belajar. Bersama Ekspedisi Kata ke Nyata Kompas.com, Anda bisa membantu mengubah kisah itu. Mari hadirkan akses literasi bagi anak-anak di berbagai pelosok Indonesia melalui donasi lewat tautan https://bit.ly/JagatLiterasi2026. Setiap kebaikan yang Anda berikan bukan hanya membuka jendela pengetahuan, tetapi juga membuka masa depan mereka.",Kompas.com,"Dajan Peken, 82114, Tabanan, Tabanan, Bali, Indonesia",-8.536609490935,115.13552944186335,5,"2, 7","kejaksaan, kejatibali, kejaritabanan, tabanan, news"
Tabanan Arsip Page 147 of 589,2020-06-29T11:38:32.000Z,"Kabupaten Tabanan, Bali, Indonesia",Tabanan Arsip | Page 147 of 589 - BALIPOST.com,"Tabanan Tata Aset Daerah di BedugulTabanan Senin, 9 Juni 2025 | 15:48:44 TABANAN, BALIPOST.com - Pemerintah Kabupaten Tabanan terus berupaya menata kembali aset daerah di kawasan Bedugul, Desa Candikuning, Kecamatan Baturiti, agar lebih optimal dalam mendukung...Disdukcapil Lakukan Perekaman E-KTP OGGJTabanan Minggu, 8 Juni 2025 | 16:07:58 TABANAN, BALIPOST.com - Di balik suksesnya program perekaman KTP elektronik di kabupaten Tabanan, rupanya ada cerita yang memicu adrenalin dari para petugas Dinas Kependudukan....",,"Pada Hari Senin , 29 Juni 2020 11:38, Tabanan, Tabanan, Bali

Tabanan Tata Aset Daerah di BedugulTabanan Senin, 9 Juni 2025 | 15:48:44 TABANAN, BALIPOST.com - Pemerintah Kabupaten Tabanan terus berupaya menata kembali aset daerah di kawasan Bedugul, Desa Candikuning, Kecamatan Baturiti, agar lebih optimal dalam mendukung...Disdukcapil Lakukan Perekaman E-KTP OGGJTabanan Minggu, 8 Juni 2025 | 16:07:58 TABANAN, BALIPOST.com - Di balik suksesnya program perekaman KTP elektronik di kabupaten Tabanan, rupanya ada cerita yang memicu adrenalin dari para petugas Dinas Kependudukan...",BALIPOST.com,"Dajan Peken, 82114, Tabanan, Tabanan, Bali, Indonesia",-8.536609490935,115.13552944186335,5,"2, 7","kejaksaan, kejatibali, kejaritabanan, tabanan, news"
Kerajaan Tabanan Sejarah Rajaraja Masa Kejayaan dan Keruntuhan,2021-12-14T08:00:00.000Z,"Kabupaten Tabanan, Bali, Indonesia","Kerajaan Tabanan: Sejarah, Raja-raja, Masa Kejayaan, dan Keruntuhan - Kompas.com","KOMPAS.com - Kerajaan Tabanan adalah salah satu dari beberapa kerajaan yang pernah berdiri di Pulau Bali.
Menurut Babad Arya Tabanan, raja pertama Kerajaan Tabanan adalah Arya Kenceng, yang merupakan keturunan Majapahit.
Pada awalnya, kerajaan ini berada di bawah dinasti Gelgel yang saat itu menguasai seluruh Bali.Sejak didirikan pada abad ke-14, Kerajaan Tabanan terus berkembang hingga mencapai masa kejayaan pada abad ke-17, ketika diperintah oleh Sri Magada Sakti.
Baca juga: Kerajaan Jembrana: Sejarah, Raja-raja, dan Keruntuhan
Sejarah berdirinya
Sejarah berdirinya Kerajaan Tabanan berkaitan erat dengan Kerajaan Majapahit. Pada masa pemerintahan Tribhuanatunggadewi (1329-1350), Majapahit ingin menyatukan kembali Bali dalam kekuasaannya.




Karena tidak dapat ditundukkan dengan cara diplomasi, Majapahit mengirim Gajah Mada dan Adityawarman (Arya Damar) bersama para Arya untuk menguasai Bali.
Adityawarman adalah adipati Palembang yang mempunyai hubungan kekerabatan dengan Raja Majapahit dari garis ibu.Dalam serangan itu, Arya Kenceng, putra Adityawarman, memimpin pertempuran dari selatan.","Pada 1343, Bali akhirnya jatuh ke tangan Majapahit.Untuk mengatasi kekosongan pemerintahan di Bali, Raja Majapahit melantik Sri Kresna Kepakisan menjadi Raja Bali pada 1352 M.
Dalam pelantikan itu, juga diadakan pembagian wilayah Bali bagi para Arya, di mana Arya Kenceng ditugaskan di Tabanan.Setelah Arya Kenceng diangkat menjadi Anglurah Tabanan pada 1352, ia segera membangun istana Buahan di Desa Pucangan dan bergelar Bhatara Arya Kenceng.
Arya Kenceng merupakan raja pertama yang menurunkan penguasa Kerajaan Tabanan selanjutnya.
Pada masa kekuasaan raja ketiganya, yaitu Sirarya Ngurah Langwang atau Prabu Singasana, istana dipindahkan dari Desa Pucangan ke Puri Agung Tabanan.
Baca juga: Kerajaan Gianyar: Sejarah, Raja-raja, dan Keruntuhan
Raja-raja Kerajaan Tabanan

Arya Kenceng
Sri Magada Nata/Arya Yasan
Prabu Singasana/Arya Langwang
I Gusti Ngurah Tabanan I
I Gusti Wayahan Pamedekan
I Gusti Made Pamedekan
I Gusti Ngurah Tabanan II
Prabu Nisweng Panida
I Gusti Made Dalang
I Gusti Nengah Malkangin
I Gusti Bolo di Malkangin
I Gusti Agung Badeng
Prabu Magada Sakti
Anglurah Mur Pamade
I Gusti Ngurah Sekar
I Gusti Ngurah Gede
I Gusti Ngurah Made Rai
I Gusti Ngurah Rai Panebel
I Gusti Ngurah Ubung
I Gusti Ngurah Agung I
I Gusti Ngurah Agung II
I Gusti Ngurah Rai Perang
Cokorda Ngurah Ketut
Regen Gusti Ngurah Wayan
Cokorda Ngurah Gede

Baca juga: Kerajaan Bangli: Sejarah, Raja-Raja, Keruntuhan, dan Peninggalan
Masa kejayaan Kerajaan Tabanan
Kejayaan Tabanan terjadi pada masa pemerintahan Raja Ki Gusti Dawuh yang bergelar Sri Magada Sakti (1650-1725).




  

Pada saat itum Tabanan sangat tertib dan aman, yang selanjutnya memisahkan diri dari kekuasaan Kerajaan Gelgel..","Pada Hari Selasa , 14 Desember 2021 08:00, Tabanan, Tabanan, Bali

KOMPAS.com - Kerajaan Tabanan adalah salah satu dari beberapa kerajaan yang pernah berdiri di Pulau Bali.
Menurut Babad Arya Tabanan, raja pertama Kerajaan Tabanan adalah Arya Kenceng, yang merupakan keturunan Majapahit.
Pada awalnya, kerajaan ini berada di bawah dinasti Gelgel yang saat itu menguasai seluruh Bali.Sejak didirikan pada abad ke-14, Kerajaan Tabanan terus berkembang hingga mencapai masa kejayaan pada abad ke-17, ketika diperintah oleh Sri Magada Sakti.
Baca juga: Kerajaan Jembrana: Sejarah, Raja-raja, dan Keruntuhan
Sejarah berdirinya
Sejarah berdirinya Kerajaan Tabanan berkaitan erat dengan Kerajaan Majapahit. Pada masa pemerintahan Tribhuanatunggadewi (1329-1350), Majapahit ingin menyatukan kembali Bali dalam kekuasaannya.




Karena tidak dapat ditundukkan dengan cara diplomasi, Majapahit mengirim Gajah Mada dan Adityawarman (Arya Damar) bersama para Arya untuk menguasai Bali.
Adityawarman adalah adipati Palembang yang mempunyai hubungan kekerabatan dengan Raja Majapahit dari garis ibu.Dalam serangan itu, Arya Kenceng, putra Adityawarman, memimpin pertempuran dari selatan. Pada 1343, Bali akhirnya jatuh ke tangan Majapahit.Untuk mengatasi kekosongan pemerintahan di Bali, Raja Majapahit melantik Sri Kresna Kepakisan menjadi Raja Bali pada 1352 M.
Dalam pelantikan itu, juga diadakan pembagian wilayah Bali bagi para Arya, di mana Arya Kenceng ditugaskan di Tabanan.Setelah Arya Kenceng diangkat menjadi Anglurah Tabanan pada 1352, ia segera membangun istana Buahan di Desa Pucangan dan bergelar Bhatara Arya Kenceng.
Arya Kenceng merupakan raja pertama yang menurunkan penguasa Kerajaan Tabanan selanjutnya.
Pada masa kekuasaan raja ketiganya, yaitu Sirarya Ngurah Langwang atau Prabu Singasana, istana dipindahkan dari Desa Pucangan ke Puri Agung Tabanan.
Baca juga: Kerajaan Gianyar: Sejarah, Raja-raja, dan Keruntuhan
Raja-raja Kerajaan Tabanan

Arya Kenceng
Sri Magada Nata/Arya Yasan
Prabu Singasana/Arya Langwang
I Gusti Ngurah Tabanan I
I Gusti Wayahan Pamedekan
I Gusti Made Pamedekan
I Gusti Ngurah Tabanan II
Prabu Nisweng Panida
I Gusti Made Dalang
I Gusti Nengah Malkangin
I Gusti Bolo di Malkangin
I Gusti Agung Badeng
Prabu Magada Sakti
Anglurah Mur Pamade
I Gusti Ngurah Sekar
I Gusti Ngurah Gede
I Gusti Ngurah Made Rai
I Gusti Ngurah Rai Panebel
I Gusti Ngurah Ubung
I Gusti Ngurah Agung I
I Gusti Ngurah Agung II
I Gusti Ngurah Rai Perang
Cokorda Ngurah Ketut
Regen Gusti Ngurah Wayan
Cokorda Ngurah Gede

Baca juga: Kerajaan Bangli: Sejarah, Raja-Raja, Keruntuhan, dan Peninggalan
Masa kejayaan Kerajaan Tabanan
Kejayaan Tabanan terjadi pada masa pemerintahan Raja Ki Gusti Dawuh yang bergelar Sri Magada Sakti (1650-1725).




  

Pada saat itum Tabanan sangat tertib dan aman, yang selanjutnya memisahkan diri dari kekuasaan Kerajaan Gelgel.",Kompas.com,"Dajan Peken, 82114, Tabanan, Tabanan, Bali, Indonesia",-8.536609490935,115.13552944186335,5,"2, 7","kejaksaan, kejatibali, kejaritabanan, tabanan, news"
