title,when_,where,who,what,why,how,source_agent_report,location_name,latitude,longitude,category,data_of_information,hashtags
Pemkab Tabanan Gelar Sembahyang Bersama di Pura Penataran Agung Lempuyang Madya,2026-09-27T02:08:00.000Z,"Kabupaten Tabanan, Bali, Indonesia",Pemkab Tabanan Gelar Sembahyang Bersama di Pura Penataran Agung Lempuyang Madya - RRI.co.id,"Bupati Tabanan I Komang Gede Sanjaya mengikuti persembahyangan Bhakti Penganyar di Pura Penataran Agung Lempuyang Madya Karangasem (Foto : Humas Pemkab Tabanan)
                                                    
                                                                                            
                                                                                                            
                                
                                RRI.CO.ID, Tabanan – Nuansa sradha bhakti dan kebersamaan mewarnai pelaksanaan Karya Melaspas, Mendem Pedagingan lan Pujawali Catur ring Pura Penataran Agung Lempuyang Madya, Desa Lempuyang, Kecamatan Abang, Kabupaten Karangasem, Sabtu 26 September 2026. Dalam momentum sakral yang bertepatan dengan Rahina Purnama Kapat tersebut, Bupati Tabanan I Komang Gede Sanjaya, mengikuti persembahyangan Bhakti Penganyar Pemerintah Kabupaten Tabanan sebagai wujud bhakti sekaligus dukungan terhadap pelestarian adat, agama, dan budaya Bali.","Bupati Sanjaya turut mengikuti prosesi Mendem Pedagingan di Pura Luhur Lempuyang, khususnya pada kawasan Batu Payogan Dukuh, sebagai bagian dari rangkaian upacara setelah dilaksanakannya penataan dan penyempurnaan pura. Prosesi tersebut menjadi bagian penting dalam mengembalikan fungsi, kesucian, dan kelengkapan niskala pura sebagai tempat suci yang memiliki kedudukan penting dalam kehidupan spiritual masyarakat Bali.Bupati Sanjaya menyampaikan apresiasi atas terselenggaranya rangkaian karya dan Pujawali tersebut.","Pada Hari Minggu , 27 September 2026 02:08, Tabanan, Tabanan, Bali

Bupati Tabanan I Komang Gede Sanjaya mengikuti persembahyangan Bhakti Penganyar di Pura Penataran Agung Lempuyang Madya Karangasem (Foto : Humas Pemkab Tabanan)
                                                    
                                                                                            
                                                                                                            
                                
                                RRI.CO.ID, Tabanan – Nuansa sradha bhakti dan kebersamaan mewarnai pelaksanaan Karya Melaspas, Mendem Pedagingan lan Pujawali Catur ring Pura Penataran Agung Lempuyang Madya, Desa Lempuyang, Kecamatan Abang, Kabupaten Karangasem, Sabtu 26 September 2026. Dalam momentum sakral yang bertepatan dengan Rahina Purnama Kapat tersebut, Bupati Tabanan I Komang Gede Sanjaya, mengikuti persembahyangan Bhakti Penganyar Pemerintah Kabupaten Tabanan sebagai wujud bhakti sekaligus dukungan terhadap pelestarian adat, agama, dan budaya Bali. Bupati Sanjaya turut mengikuti prosesi Mendem Pedagingan di Pura Luhur Lempuyang, khususnya pada kawasan Batu Payogan Dukuh, sebagai bagian dari rangkaian upacara setelah dilaksanakannya penataan dan penyempurnaan pura. Prosesi tersebut menjadi bagian penting dalam mengembalikan fungsi, kesucian, dan kelengkapan niskala pura sebagai tempat suci yang memiliki kedudukan penting dalam kehidupan spiritual masyarakat Bali.Bupati Sanjaya menyampaikan apresiasi atas terselenggaranya rangkaian karya dan Pujawali tersebut. Menurutnya, penataan dan penyempurnaan pura bukan hanya berkaitan dengan pembangunan secara fisik, tetapi juga menjadi bagian dari upaya menjaga keberadaan tempat suci serta keberlanjutan tradisi dan nilai-nilai spiritual yang telah diwariskan para leluhur.Sementara itu, Wakil Menteri Pariwisata RI, Ni Luh Enik Ermawati mengajak seluruh pihak untuk terus menjaga keajegan Bali melalui semangat kebersamaan dan kepedulian terhadap lingkungan. Pesan tersebut salah satunya diwujudkan melalui kegiatan penanaman bambu yang dilaksanakan setelah rangkaian persembahyangan, sebagai bagian dari upaya menjaga kelestarian alam Bali.Melalui pelaksanaan Bhakti Penganyar ini, Pemerintah Kabupaten Tabanan berharap rangkaian Karya Melaspas, Mendem Pedagingan lan Pujawali Catur ring Pura Penataran Agung Lempuyang Madya dapat berjalan lancar dan membawa kerahayuan bagi seluruh umat. Lebih dari itu, momentum ini diharapkan semakin memperkuat komitmen bersama untuk menjaga kesucian tempat suci, melestarikan adat dan budaya, serta mempertahankan semangat sradha bhakti dan gotong royong dalam kehidupan masyarakat Bali.


                                
                                
                                
                                
                                
                                            
                                        
                                                                    

                                


                                
                                                                    
                                    
                                
                                                                                                                                                                                
                            
                            
                                                                        
                                                                
                                    
                                        
                                            Berita
                                        
                                    
                                    Terbaru Lainnya
                                
                                
                            
                            
                                    
                                    
                                        Memuat berita terbaru.....",RRI.co.id,"Dajan Peken, 82114, Tabanan, Tabanan, Bali, Indonesia",-8.536609490935,115.13552944186335,5,"2, 7","kejaksaan, kejatibali, kejaritabanan, tabanan, news"
Pemkab Tabanan Lakasanakan Persembahyangan Bhakti Penganyar di Pura Tuluk Biyu,2026-09-27T02:07:00.000Z,"Kabupaten Tabanan, Bali, Indonesia",Pemkab Tabanan Lakasanakan Persembahyangan Bhakti Penganyar di Pura Tuluk Biyu - RRI.co.id,"Bupati Tabanan I Komang Gede Sanjaya menghadiri Persembahyangan Bhakti Penganyar Pemerintah Kabupaten Tabanan serangkaian Puncak Karya Agung Madewasraya lan Pujawali Ngusaba Purnamaning Sasih Kapat ring Pura Tuluk Biyu Batur (Foto : Humas Pemkab Tabanan)
                                                    
                                                                                            
                                                                                                            
                                
                                RRI.CO.ID, Tabanan – Bupati Tabanan I Komang Gede Sanjaya menghadiri Persembahyangan Bhakti Penganyar Pemerintah Kabupaten Tabanan serangkaian Puncak Karya Agung Madewasraya lan Pujawali Ngusaba Purnamaning Sasih Kapat ring Pura Tuluk Biyu Batur, Desa Batur, Kintamani, Bangli, Sabtu, 26 September 2026. Kehadiran Bupati Sanjaya bersama Sekda dan jajaran Pemkab Tabanan menjadi wujud bhakti sekaligus kebersamaan dalam mendukung pelaksanaan karya yadnya dan memohon kerahayuan bagi seluruh umat serta jagat Bali.","Bhakti Penganyar ini juga menjadi momentum bagi pemerintah daerah untuk turut hadir dan menyatu bersama masyarakat dalam pelaksanaan kegiatan keagamaan, sekaligus memperkuat semangat menyama braya yang menjadi bagian penting dalam kehidupan sosial masyarakat Bali. Selain itu, kehadiran Pemkab Tabanan dalam pelaksanaan Bhakti Penganyar ini merupakan bentuk rasa syukur dan bhakti bersama.Bupati Sanjaya menilai pelaksanaan karya keagamaan juga memiliki makna penting dalam menjaga keberlangsungan adat, agama, tradisi dan budaya Bali.","Pada Hari Minggu , 27 September 2026 02:07, Tabanan, Tabanan, Bali

Bupati Tabanan I Komang Gede Sanjaya menghadiri Persembahyangan Bhakti Penganyar Pemerintah Kabupaten Tabanan serangkaian Puncak Karya Agung Madewasraya lan Pujawali Ngusaba Purnamaning Sasih Kapat ring Pura Tuluk Biyu Batur (Foto : Humas Pemkab Tabanan)
                                                    
                                                                                            
                                                                                                            
                                
                                RRI.CO.ID, Tabanan – Bupati Tabanan I Komang Gede Sanjaya menghadiri Persembahyangan Bhakti Penganyar Pemerintah Kabupaten Tabanan serangkaian Puncak Karya Agung Madewasraya lan Pujawali Ngusaba Purnamaning Sasih Kapat ring Pura Tuluk Biyu Batur, Desa Batur, Kintamani, Bangli, Sabtu, 26 September 2026. Kehadiran Bupati Sanjaya bersama Sekda dan jajaran Pemkab Tabanan menjadi wujud bhakti sekaligus kebersamaan dalam mendukung pelaksanaan karya yadnya dan memohon kerahayuan bagi seluruh umat serta jagat Bali. Bhakti Penganyar ini juga menjadi momentum bagi pemerintah daerah untuk turut hadir dan menyatu bersama masyarakat dalam pelaksanaan kegiatan keagamaan, sekaligus memperkuat semangat menyama braya yang menjadi bagian penting dalam kehidupan sosial masyarakat Bali. Selain itu, kehadiran Pemkab Tabanan dalam pelaksanaan Bhakti Penganyar ini merupakan bentuk rasa syukur dan bhakti bersama.Bupati Sanjaya menilai pelaksanaan karya keagamaan juga memiliki makna penting dalam menjaga keberlangsungan adat, agama, tradisi dan budaya Bali. Menurutnya, nilai-nilai kebersamaan yang tumbuh melalui kegiatan ngayah dan gotong royong merupakan kekuatan yang perlu terus dipelihara di tengah masyarakat.Ia juga menyampaikan apresiasi kepada seluruh pengempon, panitia, krama serta seluruh pihak yang telah bergotong royong sehingga rangkaian Karya Agung Madewasraya dan Pujawali Ngusaba Purnamaning Sasih Kapat dapat terlaksana. Sementara itu, Ketua Panitia Karya Agung Madewasraya, I Wayan Gunawan, menyampaikan apresiasi dan terima kasih atas kehadiran seluruh undangan serta pihak yang telah memberikan dukungan terhadap pelaksanaan karya. Menurutnya, dukungan berbagai pihak menjadi bagian penting dalam kelancaran rangkaian upacara yang dilaksanakan di Pura Tuluk Biyu Batur. “Kami menyampaikan terima kasih kepada seluruh pihak yang telah hadir dan memberikan dukungan, pemikiran maupun tenaga dalam pelaksanaan Karya Agung Madewasraya ini. Semoga seluruh rangkaian karya berjalan lancar dan membawa kerahayuan, kedamaian serta kesejahteraan bagi seluruh masyarakat,” ungkapnya.Usai persembahyangan, Bupati Sanjaya bersama Gubernur Koster menuju tempat prasasti Pura Tuluk Biyu Batur. Dalam kesempatan tersebut Gubernur Bali serta Ketua Pengurus Harian Parisada Hindu Dharma Indonesia (PHDI) Provinsi Bali melaksanakan penandatanganan prasasti. Hal ini menunjukkan komitmen bersama untuk terus bersinergi dan hadir bersama masyarakat dalam menjaga serta melestarikan adat, agama, tradisi dan budaya Bali. 


                                
                                
                                
                                
                                
                                            
                                        
                                                                    

                                


                                
                                                                    
                                    
                                
                                                                                                                                                                                
                            
                            
                                                                        
                                                                
                                    
                                        
                                            Berita
                                        
                                    
                                    Terbaru Lainnya
                                
                                
                            
                            
                                    
                                    
                                        Memuat berita terbaru.....",RRI.co.id,"Dajan Peken, 82114, Tabanan, Tabanan, Bali, Indonesia",-8.536609490935,115.13552944186335,5,"2, 7","kejaksaan, kejatibali, kejaritabanan, tabanan, news"
Sinergi Bapas Denpasar dan Kodim Tabanan Perkuat Pengawasan Warga Binaan,2026-09-25T05:25:00.000Z,"Kabupaten Tabanan, Bali, Indonesia",Sinergi ‎Bapas Denpasar dan Kodim Tabanan Perkuat Pengawasan Warga Binaan - RRI.co.id,"Sinergi ‎Bapas Denpasar dan Kodim Tabanan Perkuat Pengawasan Warga Binaan (Foto : Humas Kodim 1619 Tabanan)
                                                    
                                                                                            
                                                                                                            
                                
                                RRI.CO.ID, Tabanan — Memperkuat sinergi dan koordinasi antar instansi penegak hukum dan keamanan, Balai Pemasyarakatan (Bapas) Kelas I Denpasar, melaksanakan kunjungan silaturahmi ke Komando Distrik Militer 1619/Tabanan. ‎Kegiatan audiensi yang berlangsung di Loby Kodim 1619/Tabanan, Kamis (24/9/2026).‎‎Perwakilan Bapas Kelas I Denpasar di bawah Kementerian Imigrasi dan Pemasyarakatan Bali, I Kadek Dedy Wirawan Arintama bersama dua orang anggota, yang melaksanakan silahturahmi Ke Kodim 1619/Tabanan.","Kehadiran pihak Bapas disambut dengan sangat baik oleh Kepala Staf Kodim (Kasdim) 1619/Tabanan, Mayor Inf I Gede Nariada, yang mewakili Komandan Kodim (Dandim) 1619/Tabanan.‎‎Pertemuan ini berfokus pada peningkatan kolaborasi dalam pengawasan, pembimbingan warga binaan, serta menjaga stabilitas keamanan di wilayah Tabanan. Pihak Bapas Denpasar menyampaikan apresiasi atas keterbukaan Kodim 1619/Tabanan dalam mendukung program-program pemasyarakatan, khususnya yang berkaitan dengan integrasi sosial mantan narapidana di tengah masyarakat.","Pada Hari Jumat , 25 September 2026 05:25, Tabanan, Tabanan, Bali

Sinergi ‎Bapas Denpasar dan Kodim Tabanan Perkuat Pengawasan Warga Binaan (Foto : Humas Kodim 1619 Tabanan)
                                                    
                                                                                            
                                                                                                            
                                
                                RRI.CO.ID, Tabanan — Memperkuat sinergi dan koordinasi antar instansi penegak hukum dan keamanan, Balai Pemasyarakatan (Bapas) Kelas I Denpasar, melaksanakan kunjungan silaturahmi ke Komando Distrik Militer 1619/Tabanan. ‎Kegiatan audiensi yang berlangsung di Loby Kodim 1619/Tabanan, Kamis (24/9/2026).‎‎Perwakilan Bapas Kelas I Denpasar di bawah Kementerian Imigrasi dan Pemasyarakatan Bali, I Kadek Dedy Wirawan Arintama bersama dua orang anggota, yang melaksanakan silahturahmi Ke Kodim 1619/Tabanan. Kehadiran pihak Bapas disambut dengan sangat baik oleh Kepala Staf Kodim (Kasdim) 1619/Tabanan, Mayor Inf I Gede Nariada, yang mewakili Komandan Kodim (Dandim) 1619/Tabanan.‎‎Pertemuan ini berfokus pada peningkatan kolaborasi dalam pengawasan, pembimbingan warga binaan, serta menjaga stabilitas keamanan di wilayah Tabanan. Pihak Bapas Denpasar menyampaikan apresiasi atas keterbukaan Kodim 1619/Tabanan dalam mendukung program-program pemasyarakatan, khususnya yang berkaitan dengan integrasi sosial mantan narapidana di tengah masyarakat. Kedua belah pihak berkomitmen terus menjalin komunikasi yang intensif. Melalui silaturahmi ini, diharapkan program-program penegakan hukum, pembinaan kemasyarakatan, dan ketahanan wilayah di Kabupaten Tabanan dapat berjalan semakin optimal dan berkesinambungan. 


                                
                                
                                
                                
                                
                                            
                                        
                                                                    

                                


                                
                                                                    
                                    
                                
                                                                                                                                                                                
                            
                            
                                                                        
                                                                
                                    
                                        
                                            Berita
                                        
                                    
                                    Terbaru Lainnya
                                
                                
                            
                            
                                    
                                    
                                        Memuat berita terbaru.....",RRI.co.id,"Dajan Peken, 82114, Tabanan, Tabanan, Bali, Indonesia",-8.536609490935,115.13552944186335,5,"2, 7","kejaksaan, kejatibali, kejaritabanan, tabanan, news"
Bupati Sanjaya Kuatkan Pelayanan Kepegawaian di Tabanan,2026-09-27T02:04:00.000Z,"Kabupaten Tabanan, Bali, Indonesia",Bupati Sanjaya Kuatkan Pelayanan Kepegawaian di Tabanan - RRI.co.id,"Bupati Tabanan I Komang Gede Sanjaya saat meresmikan Gedung Kantor Badan Kepegawaian dan Pengembangan Sumber Daya Manusia (BKPSDM) Kabupaten Tabanan (Foto : HUmas Pemkab Tabanan)
                                                    
                                                                                            
                                                                                                            
                                
                                RRI.CO.ID, Tabanan – Upaya meningkatkan kualitas tata kelola pemerintahan melalui penyediaan sarana dan prasarana yang representatif kembali diwujudkan Pemerintah Kabupaten Tabanan melalui peresmian Gedung Kantor Badan Kepegawaian dan Pengembangan Sumber Daya Manusia (BKPSDM) Kabupaten Tabanan. Bupati Tabanan I Komang Gede Sanjaya saat meresmikan Gedung Kantor Badan Kepegawaian dan Pengembangan Sumber Daya Manusia (BKPSDM) Kabupaten Tabanan menegaskan peresmian Gedung Kantor baru tersebut bukan sekadar pembangunan fasilitas fisik, melainkan bagian dari upaya Pemerintah Kabupaten Tabanan dalam meningkatkan kualitas penyelenggaraan pemerintahan, khususnya di bidang pengelolaan Aparatur Sipil Negara dan pengembangan sumber daya manusia.","Menurutnya, keberadaan gedung yang lebih representatif harus diikuti dengan peningkatan profesionalisme aparatur, kualitas pelayanan, serta semangat untuk memberikan manfaat yang lebih besar bagi masyarakat. “Gedung yang baru harus diikuti dengan semangat kerja yang baru, budaya kerja yang semakin baik serta inovasi pelayanan yang semakin kuat.","Pada Hari Minggu , 27 September 2026 02:04, Tabanan, Tabanan, Bali

Bupati Tabanan I Komang Gede Sanjaya saat meresmikan Gedung Kantor Badan Kepegawaian dan Pengembangan Sumber Daya Manusia (BKPSDM) Kabupaten Tabanan (Foto : HUmas Pemkab Tabanan)
                                                    
                                                                                            
                                                                                                            
                                
                                RRI.CO.ID, Tabanan – Upaya meningkatkan kualitas tata kelola pemerintahan melalui penyediaan sarana dan prasarana yang representatif kembali diwujudkan Pemerintah Kabupaten Tabanan melalui peresmian Gedung Kantor Badan Kepegawaian dan Pengembangan Sumber Daya Manusia (BKPSDM) Kabupaten Tabanan. Bupati Tabanan I Komang Gede Sanjaya saat meresmikan Gedung Kantor Badan Kepegawaian dan Pengembangan Sumber Daya Manusia (BKPSDM) Kabupaten Tabanan menegaskan peresmian Gedung Kantor baru tersebut bukan sekadar pembangunan fasilitas fisik, melainkan bagian dari upaya Pemerintah Kabupaten Tabanan dalam meningkatkan kualitas penyelenggaraan pemerintahan, khususnya di bidang pengelolaan Aparatur Sipil Negara dan pengembangan sumber daya manusia. Menurutnya, keberadaan gedung yang lebih representatif harus diikuti dengan peningkatan profesionalisme aparatur, kualitas pelayanan, serta semangat untuk memberikan manfaat yang lebih besar bagi masyarakat. “Gedung yang baru harus diikuti dengan semangat kerja yang baru, budaya kerja yang semakin baik serta inovasi pelayanan yang semakin kuat. Jangan sampai kita hanya membangun kantor yang megah tetapi kinerja pelayanan melemah. Justru sebaliknya, saya berharap gedung baru ini tidak hanya menjadi tempat bekerja, tetapi menjadi rumah pelayanan kepegawaian yang memberikan kemudahan, kepastian, transparansi dan pelayanan yang cepat kepada seluruh ASN di lingkungan Pemerintah Kabupaten Tabanan,” ujar Bupati Sanjaya.Bupati Sanjaya menyampaikan BKPSDM memiliki peran strategis dalam pengelolaan sumber daya aparatur, mengingat kualitas SDM menjadi salah satu fondasi penting dalam keberhasilan pembangunan dan pelayanan publik. Untuk itu, pihaknya berharap jajaran BKPSDM dapat memanfaatkan lingkungan kerja baru tersebut untuk melahirkan berbagai inovasi, sekaligus menjadi perangkat daerah yang responsif, profesional, adaptif terhadap perkembangan teknologi, serta mampu memberikan pelayanan kepegawaian yang mudah, cepat dan akuntabel. Bupati Sanjaya mengapresiasi seluruh pihak yang berkontribusi dalam proses pembangunan hingga tuntasnya pembangunan gedung kantor tersebut. Ia berharap fasilitas yang telah dibangun dapat dimanfaatkan dan dipelihara dengan sebaik-baiknya serta menjadi momentum untuk memperkuat komitmen bersama dalam membangun birokrasi Tabanan yang semakin profesional, berintegritas, melayani dan berorientasi pada hasil.


                                
                                
                                
                                
                                
                                            
                                        
                                                                    

                                


                                
                                                                    
                                    
                                
                                                                                                                                                                                
                            
                            
                                                                        
                                                                
                                    
                                        
                                            Berita
                                        
                                    
                                    Terbaru Lainnya
                                
                                
                            
                            
                                    
                                    
                                        Memuat berita terbaru.....",RRI.co.id,"Dajan Peken, 82114, Tabanan, Tabanan, Bali, Indonesia",-8.536609490935,115.13552944186335,5,"2, 7","kejaksaan, kejatibali, kejaritabanan, tabanan, news"
Bunda Rai Perkuat Sinergi PKK dan Posyandu Tabanan,2026-09-27T02:06:00.000Z,"Kabupaten Tabanan, Bali, Indonesia",Bunda Rai Perkuat Sinergi PKK dan Posyandu Tabanan - RRI.co.id,"RRI.CO.ID, Tabanan – Memperkuat pemahaman dan menyatukan langkah para kader di lapangan, Ketua TP PKK sekaligus Ketua TP Pembina Posyandu Kabupaten Tabanan, Ny. Rai Wahyuni Sanjaya memimpin Sosialisasi Tatap Muka TP PKK Kabupaten Tabanan dengan tema “Transformasi Posyandu 6 Standar Pelayanan Minimal (SPM), Mendekatkan Layanan, Meningkatkan Kualitas Hidup Masyarakat” di Ruang Rapat Utama Jayaning Singasana, Kantor Bupati Tabanan.","Pertemuan ini menjadi ruang penguatan koordinasi sekaligus evaluasi pelaksanaan program PKK dan Posyandu yang memiliki keterkaitan erat dalam pemberdayaan masyarakat.Bunda Rai menjelaskan transformasi Posyandu 6 SPM merupakan salah satu program prioritas nasional yang bertujuan memperluas fungsi Posyandu menjadi pusat pelayanan terpadu di desa/kelurahan. Transformasi tersebut diarahkan untuk mendekatkan layanan dasar, mengintegrasikan berbagai program pemerintah, serta meningkatkan kualitas hidup dan kesejahteraan masyarakat secara menyeluruh.“Pertemuan ini untuk kita mengevaluasi kegiatan kita setiap tahun, khususnya di PKK dan Posyandu.","Pada Hari Minggu , 27 September 2026 02:06, Tabanan, Tabanan, Bali

RRI.CO.ID, Tabanan – Memperkuat pemahaman dan menyatukan langkah para kader di lapangan, Ketua TP PKK sekaligus Ketua TP Pembina Posyandu Kabupaten Tabanan, Ny. Rai Wahyuni Sanjaya memimpin Sosialisasi Tatap Muka TP PKK Kabupaten Tabanan dengan tema “Transformasi Posyandu 6 Standar Pelayanan Minimal (SPM), Mendekatkan Layanan, Meningkatkan Kualitas Hidup Masyarakat” di Ruang Rapat Utama Jayaning Singasana, Kantor Bupati Tabanan. Pertemuan ini menjadi ruang penguatan koordinasi sekaligus evaluasi pelaksanaan program PKK dan Posyandu yang memiliki keterkaitan erat dalam pemberdayaan masyarakat.Bunda Rai menjelaskan transformasi Posyandu 6 SPM merupakan salah satu program prioritas nasional yang bertujuan memperluas fungsi Posyandu menjadi pusat pelayanan terpadu di desa/kelurahan. Transformasi tersebut diarahkan untuk mendekatkan layanan dasar, mengintegrasikan berbagai program pemerintah, serta meningkatkan kualitas hidup dan kesejahteraan masyarakat secara menyeluruh.“Pertemuan ini untuk kita mengevaluasi kegiatan kita setiap tahun, khususnya di PKK dan Posyandu. Kenapa menjadi satu acara, karena kegiatan ini saling beririsan. Saya harapkan sinergi yang sudah terjalin luar biasa selama ini bisa lebih ditingkatkan lagi, agar 10 Program Pokok PKK dan Posyandu dengan 6 SPM ini bisa kita implementasikan dengan lebih baik lagi,” jelasnya. Menurut Bunda Rai, keterkaitan tersebut juga terlihat dari 10 Program Pokok PKK yang mencakup berbagai bidang, seperti kesehatan, pendidikan dan kesejahteraan sosial. Kondisi tersebut semakin memperkuat pentingnya sinergi antara TP PKK dan TP Posyandu, mengingat sebagian besar pengurus dan kader Posyandu juga merupakan pengurus PKK di tingkat desa hingga kecamatan.Sepanjang tahun 2026, TP PKK Kabupaten Tabanan juga telah melaksanakan berbagai kegiatan, mulai dari aksi sosial, sosialisasi dan pembinaan, rapat koordinasi, pasar rakyat, puncak HKG hingga berbagai perlombaan, seperti Aku Hatinya PKK, karaoke, yel-yel dan Posyandu 6 SPM. Bunda Rai menegaskan, berbagai perlombaan tersebut tidak semata-mata menjadi ajang kompetisi, tetapi juga menjadi sarana untuk membangkitkan semangat para kader sekaligus melihat secara langsung kondisi di lapangan.“Kenapa lomba, karena untuk menjadi rangsangan membangkitkan lagi semangat para kader. Di sanalah kesempatan kita untuk lebih melihat keadaan langsung di lapangan,” ungkapnya. Bunda Rai menekankan pentingnya pelaksanaan program secara berjenjang mulai dari kabupaten, kecamatan hingga desa. Berbagai program yang telah berjalan di tingkat provinsi, seperti aksi sosial, pembinaan dan peningkatan kapasitas, turut diteruskan di tingkat Kabupaten Tabanan agar manfaatnya dapat menjangkau masyarakat secara lebih merata.“Kalau kita semua bergerak, akan lebih cepat dan merata masyarakat bisa mendapatkan bantuan. Begitu pula dengan pembinaan dan peningkatan kapasitas, seperti di Posyandu, agar berjenjang juga berjalan. Jangan hanya di kabupaten yang bergerak, tetapi di desa tidak bergerak, karena nanti tidak akan mandeg dan tidak berjalan,” tegasnya.Sementara dalam pelaksanaan transformasi Posyandu 6 SPM, Bunda Rai menyebut Tabanan telah bergerak sejak awal melalui peningkatan kapasitas, sosialisasi, penyusunan program kerja serta penguatan sinergi dengan perangkat daerah terkait. Transformasi tersebut mencakup tiga aspek utama, yakni transformasi kelembagaan, transformasi layanan dan transformasi pembinaan.  Posyandu kini tidak hanya berfokus pada kesehatan, tetapi menjadi pusat pelayanan dasar terpadu yang mencakup pendidikan, kesehatan, pekerjaan umum, perumahan rakyat, ketenteraman dan ketertiban umum serta perlindungan masyarakat, dan sosial. Bunda Rai menjelaskan alur pelaksanaan pelayanan 6 SPM, mulai dari masyarakat datang ke Posyandu, melakukan pendaftaran dan pendataan, verifikasi serta kunjungan rumah, rekapitulasi dan pelaporan, hingga tindak lanjut oleh pemerintah desa/kelurahan dan perangkat daerah. Strategi transformasi turut diarahkan melalui penyatuan persepsi masyarakat, pengembangan pelayanan, peningkatan kapasitas pengurus dan kader, penguatan sarana prasarana, penataan kelembagaan, pemantapan koordinasi kebijakan dan pembinaan, serta penguatan dukungan pendanaan. “Untuk Posyandu dengan 6 SPM, dari awal kita sudah bergerak cepat. Kita melakukan peningkatan kapasitas, sosialisasi, merancang program kerja dan sinergi kita dengan OPD terkait sudah berjalan dengan baik,” jelasnya.Bunda Rai juga mengajak seluruh Ketua TP Posyandu Kecamatan dan Desa serta perangkat daerah terkait untuk mempersiapkan diri dengan baik dalam berbagai kegiatan dan perlombaan TP Posyandu Provinsi Bali, termasuk lomba Ketua TP Posyandu, Telajakan dan PSBS. Kegiatan sosialisasi kemudian dilanjutkan dengan sesi tanya jawab, sehingga para kader dapat berdiskusi secara langsung mengenai materi transformasi Posyandu 6 SPM dan pelaksanaannya di wilayah masing-masing. Kepala Dinas PMD Kabupaten Tabanan, I Gede Ketut Suyana Putra, menyampaikan pemerintah memiliki peran dalam menyusun dan melaksanakan kebijakan pemberdayaan masyarakat dan desa, termasuk melakukan pembinaan serta pendampingan kepada desa. Ia mendorong agar PKK terus dilibatkan dalam setiap proses pembangunan di desa, termasuk penggalian gagasan dan musyawarah. “Harapannya PKK dan Posyandu bisa berjalan maksimal. Intinya adalah pemberdayaan, dan pemberdayaan itu bisa dimulai dari struktur terkecil, yakni keluarga. Tugas ibu-ibu sangatlah berat, karena memberdayakan yang tidak berdaya menjadi berdaya, menjadi penggerak dan memotivasi. Sesuai arahan Bupati dan Ketua TP PKK Kabupaten Tabanan, agar kita tidak lelah untuk terus mengajak generasi muda dan lingkungan sekitar agar berperan aktif dalam pembangunan di wilayah masing-masing,” ujarnya.",RRI.co.id,"Dajan Peken, 82114, Tabanan, Tabanan, Bali, Indonesia",-8.536609490935,115.13552944186335,5,"2, 7","kejaksaan, kejatibali, kejaritabanan, tabanan, news"
IGI Bali Nilai Program Satu Sarjana Buka Akses Pendidikan,2026-09-30T00:32:00.000Z,"Kabupaten Tabanan, Bali, Indonesia",IGI Bali Nilai Program Satu Sarjana Buka Akses Pendidikan - RRI.co.id,"Ketua Wilayah IGI Provinsi Bali I Wayan Gede Suweca Antara membahas dampak program Satu Keluarga Satu Sarjana bagi siswa di Bali.(Foto:Dok)
                                                    
                                                                                            
                                                                                                            
                                
                                RRI.CO.ID, Denpasar - Program Satu Keluarga Satu Sarjana dinilai dapat membuka akses pendidikan tinggi bagi keluarga di Bali, khususnya yang memiliki keterbatasan ekonomi. Dari perspektif guru, program tersebut juga dapat menjadi jembatan bagi siswa yang memiliki potensi namun terkendala biaya untuk melanjutkan pendidikan.Ketua Wilayah Ikatan Guru Indonesia (IGI) Provinsi Bali, I Wayan Gede Suweca Antara, S.Kom., M.Kom., mengatakan dukungan pendidikan tinggi tidak hanya berdampak kepada siswa penerima program.","Menurutnya, pendidikan seorang anak juga berpotensi membawa pengetahuan dan perubahan bagi keluarga.“Program ini sangat penting dan sangat luar biasa sekali karena dari perspektif guru dapat membuka akses pendidikan tinggi untuk semua keluarga dan masyarakat,” ujar I Wayan Gede Suweca Antara.Ia mengatakan kondisi ekonomi keluarga masih menjadi salah satu pertimbangan siswa ketika memilih melanjutkan pendidikan ke perguruan tinggi. Selain biaya, keterbatasan informasi mengenai perguruan tinggi dan beasiswa juga dapat membuat siswa ragu mengambil pendidikan lanjutan.Menurutnya, sekolah dan guru memiliki peran dalam memberikan informasi yang akurat mengenai perguruan tinggi serta peluang beasiswa.","Pada Hari Rabu , 30 September 2026 00:32, Tabanan, Tabanan, Bali

Ketua Wilayah IGI Provinsi Bali I Wayan Gede Suweca Antara membahas dampak program Satu Keluarga Satu Sarjana bagi siswa di Bali.(Foto:Dok)
                                                    
                                                                                            
                                                                                                            
                                
                                RRI.CO.ID, Denpasar - Program Satu Keluarga Satu Sarjana dinilai dapat membuka akses pendidikan tinggi bagi keluarga di Bali, khususnya yang memiliki keterbatasan ekonomi. Dari perspektif guru, program tersebut juga dapat menjadi jembatan bagi siswa yang memiliki potensi namun terkendala biaya untuk melanjutkan pendidikan.Ketua Wilayah Ikatan Guru Indonesia (IGI) Provinsi Bali, I Wayan Gede Suweca Antara, S.Kom., M.Kom., mengatakan dukungan pendidikan tinggi tidak hanya berdampak kepada siswa penerima program. Menurutnya, pendidikan seorang anak juga berpotensi membawa pengetahuan dan perubahan bagi keluarga.“Program ini sangat penting dan sangat luar biasa sekali karena dari perspektif guru dapat membuka akses pendidikan tinggi untuk semua keluarga dan masyarakat,” ujar I Wayan Gede Suweca Antara.Ia mengatakan kondisi ekonomi keluarga masih menjadi salah satu pertimbangan siswa ketika memilih melanjutkan pendidikan ke perguruan tinggi. Selain biaya, keterbatasan informasi mengenai perguruan tinggi dan beasiswa juga dapat membuat siswa ragu mengambil pendidikan lanjutan.Menurutnya, sekolah dan guru memiliki peran dalam memberikan informasi yang akurat mengenai perguruan tinggi serta peluang beasiswa. Pendampingan tersebut diperlukan agar siswa dari keluarga kurang mampu tetap memiliki kepercayaan diri untuk melanjutkan pendidikan.Suweca mengatakan pihak sekolah juga perlu mempertahankan dan mendorong siswa yang memiliki potensi serta membutuhkan dukungan. Dengan informasi yang tepat mengenai program pendidikan dan bantuan biaya, siswa diharapkan dapat melihat kuliah sebagai pilihan yang tetap terbuka.“Ketika informasi Satu Keluarga Satu Sarjana ini kita kuatkan kepada anak-anak, tentunya mereka akan memiliki kepercayaan diri lebih, karena ada yang akan mendukung mereka baik secara finansial atau yang lainnya,” katanya.Ia berharap program tersebut dapat terus dilanjutkan untuk memberikan akses pendidikan tinggi bagi lebih banyak keluarga. Menurutnya, pendidikan yang diperoleh seorang sarjana dapat memberikan pengetahuan bagi keluarga dan selanjutnya turut memperkuat masyarakat. 


                                
                                
                                
                                
                                
                                            
                                        
                                                                    

                                


                                
                                                                    
                                    
                                
                                                                                                                                                                                
                            
                            
                                                                        
                                                                
                                    
                                        
                                            Berita
                                        
                                    
                                    Terbaru Lainnya
                                
                                
                            
                            
                                    
                                    
                                        Memuat berita terbaru.....",RRI.co.id,"Dajan Peken, 82114, Tabanan, Tabanan, Bali, Indonesia",-8.536609490935,115.13552944186335,5,"2, 7","kejaksaan, kejatibali, kejaritabanan, tabanan, news"
Gempa M 47 Guncang Banggai Kepulauan Sulteng BMKG Tidak Berpotensi Tsunami,2026-09-30T17:24:00.000Z,"Kabupaten Tabanan, Bali, Indonesia","Gempa M 4,7 Guncang Banggai Kepulauan Sulteng, BMKG: Tidak Berpotensi Tsunami - Kompas.com","PALU, KOMPAS.com - Gempa bumi bermagnitudo 4,7 mengguncang wilayah Kabupaten Banggai Kepulauan, Sulawesi Tengah (Sulteng), Kamis (1/10/2026) sekitar pukul 00.29 Wita.
Warga menyebut getaran hanya terasa pelan. Badan Meteorologi, Klimatologi, dan Geofisika (BMKG) memastikan tidak berpotensi tsunami.
Warga Banggai Kepulauan, Iyan Bailia mengatakan, bahwa dirinya sempat merasakan gempa tersebut dan tidak lari meninggalkan rumah.""Karena getarannya tidak terlalu kuat, pelan saja,"" kata Iyan.
Berdasarkan informasi BMKG, Gempa tersebut berada pada kedalaman 10 kilometer dan berpusat di laut.
Pengamat Gempa Bumi BMKG Palu, Hendrik mengatakan, gempa tidak berpotensi tsunami.




""Gempa ini di laut, kemudian tidak berpotensi tsunami,"" kata Hendrik saat dikonfirmasi.
Baca juga: Gempa M 4,8 Guncang Kabupaten Kupang, Dirasakan Warga Kota KupangCatat Ada Gempa Lain
Menurut Hendrik, BMKG juga mencatat adanya gempa lain dengan kekuatan magnitudo 2,1 di sekitar lokasi gempa magnitudo 4,7 tersebut.
""Barusan ada satu lagi gempa di dekat situ kekuatannya 2,1,"" ujarnya.
BMKG masih melakukan observasi dan analisis terhadap aktivitas gempa di wilayah tersebut.
""Untuk masyarakat yang tinggal di wilayah pesisir khususnya tidak perlu terlalu khawatir karena ini tidak berpotensi tsunami,"" katanya.
Baca juga: Gempa Tak Bisa Diprediksi, Ini Mitigasi yang Mendesak Dilakukan di Jawa Barat
Hendrik mengimbau warga agar bijaksana dalam menerima informasi terkait gempa bumi.




  

    
        Bayangkan seorang anak Indonesia bercita-cita menjadi dokter tetapi hanya memiliki satu buku lusuh untuk belajar.","Bersama Ekspedisi Kata ke Nyata Kompas.com, Anda bisa membantu mengubah kisah itu. Mari hadirkan akses literasi bagi anak-anak di berbagai pelosok Indonesia melalui donasi lewat tautan https://bit.ly/JagatLiterasi2026.","Pada Hari Rabu , 30 September 2026 17:24, Tabanan, Tabanan, Bali

PALU, KOMPAS.com - Gempa bumi bermagnitudo 4,7 mengguncang wilayah Kabupaten Banggai Kepulauan, Sulawesi Tengah (Sulteng), Kamis (1/10/2026) sekitar pukul 00.29 Wita.
Warga menyebut getaran hanya terasa pelan. Badan Meteorologi, Klimatologi, dan Geofisika (BMKG) memastikan tidak berpotensi tsunami.
Warga Banggai Kepulauan, Iyan Bailia mengatakan, bahwa dirinya sempat merasakan gempa tersebut dan tidak lari meninggalkan rumah.""Karena getarannya tidak terlalu kuat, pelan saja,"" kata Iyan.
Berdasarkan informasi BMKG, Gempa tersebut berada pada kedalaman 10 kilometer dan berpusat di laut.
Pengamat Gempa Bumi BMKG Palu, Hendrik mengatakan, gempa tidak berpotensi tsunami.




""Gempa ini di laut, kemudian tidak berpotensi tsunami,"" kata Hendrik saat dikonfirmasi.
Baca juga: Gempa M 4,8 Guncang Kabupaten Kupang, Dirasakan Warga Kota KupangCatat Ada Gempa Lain
Menurut Hendrik, BMKG juga mencatat adanya gempa lain dengan kekuatan magnitudo 2,1 di sekitar lokasi gempa magnitudo 4,7 tersebut.
""Barusan ada satu lagi gempa di dekat situ kekuatannya 2,1,"" ujarnya.
BMKG masih melakukan observasi dan analisis terhadap aktivitas gempa di wilayah tersebut.
""Untuk masyarakat yang tinggal di wilayah pesisir khususnya tidak perlu terlalu khawatir karena ini tidak berpotensi tsunami,"" katanya.
Baca juga: Gempa Tak Bisa Diprediksi, Ini Mitigasi yang Mendesak Dilakukan di Jawa Barat
Hendrik mengimbau warga agar bijaksana dalam menerima informasi terkait gempa bumi.




  

    
        Bayangkan seorang anak Indonesia bercita-cita menjadi dokter tetapi hanya memiliki satu buku lusuh untuk belajar. Bersama Ekspedisi Kata ke Nyata Kompas.com, Anda bisa membantu mengubah kisah itu. Mari hadirkan akses literasi bagi anak-anak di berbagai pelosok Indonesia melalui donasi lewat tautan https://bit.ly/JagatLiterasi2026. Setiap kebaikan yang Anda berikan bukan hanya membuka jendela pengetahuan, tetapi juga membuka masa depan mereka.",Kompas.com,"Dajan Peken, 82114, Tabanan, Tabanan, Bali, Indonesia",-8.536609490935,115.13552944186335,5,"2, 7","kejaksaan, kejatibali, kejaritabanan, tabanan, news"
PLN Mengajar Puluhan Pelajar Belajar Kelistrikan dan Keselamatan Listrik,2026-09-29T00:40:00.000Z,"Kabupaten Tabanan, Bali, Indonesia","PLN Mengajar, Puluhan Pelajar Belajar Kelistrikan dan Keselamatan Listrik - RRI.co.id","Tim PLN ULP Tabanan berinteraksi dengan siswa SMA Negeri 1 Kerambitan dalam sesi diskusi pada kegiatan PLN Mengajar. (Foto: Humas PLN UID Bali).
                                                    
                                                                                            
                                                                                                            
                                
                                RRI.CO.ID, Tabanan — Sebanyak 50 siswa SMA Negeri 1 Kerambitan, Tabanan, mendapat pembelajaran langsung mengenai dunia ketenagalistrikan, keselamatan penggunaan listrik, dan layanan digital PLN melalui program PLN Mengajar.","Kegiatan yang digelar PLN Unit Pelaksana Pelayanan Pelanggan (UP3) Bali Selatan melalui Unit Layanan Pelanggan (ULP) Tabanan tersebut berlangsung interaktif di SMA Negeri 1 Kerambitan, Desa Kukuh, Kecamatan Kerambitan.Tim PLN ULP Tabanan memberikan materi mengenai ketenagalistrikan, potensi bahaya listrik, serta pengenalan PLN Mobile sebagai kanal layanan digital. Materi disampaikan Manajer ULP Tabanan I Wayan Murtika, Team Leader PP I Komang P.","Pada Hari Selasa , 29 September 2026 00:40, Tabanan, Tabanan, Bali

Tim PLN ULP Tabanan berinteraksi dengan siswa SMA Negeri 1 Kerambitan dalam sesi diskusi pada kegiatan PLN Mengajar. (Foto: Humas PLN UID Bali).
                                                    
                                                                                            
                                                                                                            
                                
                                RRI.CO.ID, Tabanan — Sebanyak 50 siswa SMA Negeri 1 Kerambitan, Tabanan, mendapat pembelajaran langsung mengenai dunia ketenagalistrikan, keselamatan penggunaan listrik, dan layanan digital PLN melalui program PLN Mengajar. Kegiatan yang digelar PLN Unit Pelaksana Pelayanan Pelanggan (UP3) Bali Selatan melalui Unit Layanan Pelanggan (ULP) Tabanan tersebut berlangsung interaktif di SMA Negeri 1 Kerambitan, Desa Kukuh, Kecamatan Kerambitan.Tim PLN ULP Tabanan memberikan materi mengenai ketenagalistrikan, potensi bahaya listrik, serta pengenalan PLN Mobile sebagai kanal layanan digital. Materi disampaikan Manajer ULP Tabanan I Wayan Murtika, Team Leader PP I Komang P. Juniarta, dan Team Leader K3L & KAM I Komang Sutarjana.Para siswa tidak hanya menerima materi, tetapi juga terlibat dalam diskusi, sesi tanya jawab, dan kuis interaktif. Sejumlah siswa mengajukan pertanyaan berdasarkan pengalaman mereka dalam menggunakan listrik sehari-hari. PLN juga memberikan suvenir kepada siswa yang aktif berpartisipasi.Manager PLN UP3 Bali Selatan Alexander J. Manuhuwa mengatakan PLN Mengajar menjadi ruang bagi PLN untuk berbagi pengetahuan sekaligus memperkenalkan dunia ketenagalistrikan kepada pelajar. “PLN Mengajar merupakan kesempatan bagi kami untuk berbagi pengalaman dan pengetahuan tentang kelistrikan secara langsung kepada para siswa. Kami ingin mereka memahami bahwa listrik memberikan banyak manfaat dalam kehidupan, namun penggunaannya juga harus disertai dengan pengetahuan mengenai keselamatan,” ujar Alexander.Selain keselamatan listrik, PLN memperkenalkan PLN Mobile agar generasi muda mengenal berbagai layanan kelistrikan yang kini dapat diakses melalui kanal digital. “Kami juga ingin memperkenalkan bagaimana masyarakat saat ini dapat mengakses layanan PLN melalui kanal digital. Harapannya, siswa mengenal PLN bukan hanya sebagai penyedia listrik, tetapi juga sebagai perusahaan yang terus beradaptasi dengan perkembangan teknologi dan kebutuhan pelanggan,” katanya.Waka Humas SMA Negeri 1 Kerambitan Ni Made Utami Asih mengapresiasi pelaksanaan PLN Mengajar karena memberikan pengetahuan tambahan kepada siswa, khususnya mengenai keselamatan ketenagalistrikan. “Pihak sekolah berterima kasih atas kegiatan edukasi yang diberikan kepada siswa-siswi. Kegiatan seperti ini memberikan pengetahuan tambahan bagi mereka, khususnya agar lebih memahami keselamatan ketenagalistrikan dan lebih berhati-hati dalam menggunakan listrik,” ujar Ni Made Utami.Melalui PLN Mengajar, PLN berharap edukasi mengenai keselamatan listrik dan perkembangan layanan digital dapat semakin dikenal generasi muda. Program tersebut juga menjadi sarana membangun kesadaran penggunaan listrik yang aman sejak lingkungan sekolah. 


                                
                                
                                
                                
                                
                                            
                                        
                                                                    

                                


                                
                                                                    
                                    
                                
                                                                                                                                                                                
                            
                            
                                                                        
                                                                
                                    
                                        
                                            Berita
                                        
                                    
                                    Terbaru Lainnya
                                
                                
                            
                            
                                    
                                    
                                        Memuat berita terbaru.....",RRI.co.id,"Dajan Peken, 82114, Tabanan, Tabanan, Bali, Indonesia",-8.536609490935,115.13552944186335,5,"2, 7","kejaksaan, kejatibali, kejaritabanan, tabanan, news"
Babinsa Jatiluwih Amankan Piodalan di Pura Luhur Pucak Petali,2026-10-01T02:21:00.000Z,"Kabupaten Tabanan, Bali, Indonesia",Babinsa Jatiluwih Amankan Piodalan di Pura Luhur Pucak Petali - RRI.co.id,"Babinsa Jatiluwih Amankan Piodalan di Pura Luhur Pucak Petali (Foto : Humas Kodim 1619 Tabanan)
                                                    
                                                                                            
                                                                                                            
                                
                                RRI.CO.ID, Tabanan – Babinsa Desa Jatiluwih Koramil 1619-08/Penebel Kopda I Gede Putu Ardayasa melaksanakan pengamanan rangkaian upacara piodalan di Pura Luhur Pucak Petali, Desa Jatiluwih, Kecamatan Penebel, Tabanan, Rabu 30 Septemberb2026. Pengamanan dilakukan untuk mendukung kelancaran pelaksanaan kegiatan keagamaan masyarakat di kawasan pura.Dalam pelaksanaannya, Babinsa bersama Bhabinkamtibmas dan Pecalang Adat mengatur arus lalu lintas serta menjaga ketertiban masyarakat di sekitar lokasi upacara.","Pengaturan dilakukan menyesuaikan situasi di lapangan, terutama saat warga mulai berdatangan dan meninggalkan pura. Kehadiran petugas di sejumlah titik juga untuk membantu mengantisipasi kepadatan kendaraan serta memberikan kelancaran bagi masyarakat yang melaksanakan persembahyangan.","Pada Hari Kamis , 1 Oktober 2026 02:21, Tabanan, Tabanan, Bali

Babinsa Jatiluwih Amankan Piodalan di Pura Luhur Pucak Petali (Foto : Humas Kodim 1619 Tabanan)
                                                    
                                                                                            
                                                                                                            
                                
                                RRI.CO.ID, Tabanan – Babinsa Desa Jatiluwih Koramil 1619-08/Penebel Kopda I Gede Putu Ardayasa melaksanakan pengamanan rangkaian upacara piodalan di Pura Luhur Pucak Petali, Desa Jatiluwih, Kecamatan Penebel, Tabanan, Rabu 30 Septemberb2026. Pengamanan dilakukan untuk mendukung kelancaran pelaksanaan kegiatan keagamaan masyarakat di kawasan pura.Dalam pelaksanaannya, Babinsa bersama Bhabinkamtibmas dan Pecalang Adat mengatur arus lalu lintas serta menjaga ketertiban masyarakat di sekitar lokasi upacara. Pengaturan dilakukan menyesuaikan situasi di lapangan, terutama saat warga mulai berdatangan dan meninggalkan pura. Kehadiran petugas di sejumlah titik juga untuk membantu mengantisipasi kepadatan kendaraan serta memberikan kelancaran bagi masyarakat yang melaksanakan persembahyangan. Dengan pengamanan tersebut, aktivitas keagamaan dapat berlangsung tanpa mengganggu kelancaran pengguna jalan di sekitar kawasan pura. Babinsa Desa Jatiluwih Kopda I Gede Putu Ardayasa mengatakan, pengamanan dilakukan bersama unsur terkait sebagai bentuk dukungan terhadap kegiatan keagamaan masyarakat.“Pengamanan kami lakukan bersama Bhabinkamtibmas dan Pecalang Adat, terutama untuk membantu mengatur lalu lintas dan menjaga ketertiban masyarakat selama rangkaian piodalan berlangsung,” kata Ardayasa.Pengamanan bersama tersebut diharapkan dapat memberikan rasa nyaman bagi masyarakat yang melaksanakan persembahyangan sekaligus menjaga kelancaran aktivitas warga di sekitar Pura Luhur Pucak Petali. 


                                
                                
                                
                                
                                
                                            
                                        
                                                                    

                                


                                
                                                                    
                                    
                                
                                                                                                                                                                                
                            
                            
                                                                        
                                                                
                                    
                                        
                                            Berita
                                        
                                    
                                    Terbaru Lainnya
                                
                                
                            
                            
                                    
                                    
                                        Memuat berita terbaru.....",RRI.co.id,"Dajan Peken, 82114, Tabanan, Tabanan, Bali, Indonesia",-8.536609490935,115.13552944186335,5,"2, 7","kejaksaan, kejatibali, kejaritabanan, tabanan, news"
AI Ubah Paradigma Pariwisata Bali di Era Digital,2026-09-28T06:29:00.000Z,"Kabupaten Tabanan, Bali, Indonesia",AI Ubah Paradigma Pariwisata Bali di Era Digital - RRI.co.id,"Pemanfaatan teknologi AI mulai didorong untuk mendukung promosi dan pengembangan pariwisata di Bali.(Foto:Freepik)
                                                    
                                                                                            
                                                                                                            
                                
                                RRI.CO.ID, Denpasar - Perkembangan kecerdasan buatan atau AI mulai mengubah paradigma pengembangan pariwisata, termasuk di Bali. Teknologi ini dinilai dapat membantu promosi, pelayanan, hingga memberikan pengalaman wisata yang lebih sesuai dengan kebutuhan wisatawan.Manager Desa Wisata Penglipuran, I Wayan Suamiarsa, mengatakan pemanfaatan AI mulai didorong bagi generasi muda, terutama dalam pembuatan konten promosi destinasi melalui media sosial.","Meski demikian, pemanfaatan AI dalam pengelolaan dan pelayanan wisata di Penglipuran masih dalam tahap pengembangan.“Memang kita terus mendorong generasi muda untuk memanfaatkan teknologi AI, khususnya dalam pembuatan konten tentang atraksi wisata atau produk-produk wisata yang kita punya,” ujar I Wayan Suamiarsa.Menurutnya, kesiapan sumber daya manusia menjadi salah satu tantangan dalam mengikuti perkembangan teknologi AI di sektor pariwisata. Karena itu, pengelola terus memberikan pelatihan dan penguatan kompetensi, sementara saat ini Penglipuran masih memprioritaskan penguatan sistem pembayaran digital.Sementara itu, Dekan Fakultas Pariwisata Universitas Pendidikan Nasional, Dr.","Pada Hari Senin , 28 September 2026 06:29, Tabanan, Tabanan, Bali

Pemanfaatan teknologi AI mulai didorong untuk mendukung promosi dan pengembangan pariwisata di Bali.(Foto:Freepik)
                                                    
                                                                                            
                                                                                                            
                                
                                RRI.CO.ID, Denpasar - Perkembangan kecerdasan buatan atau AI mulai mengubah paradigma pengembangan pariwisata, termasuk di Bali. Teknologi ini dinilai dapat membantu promosi, pelayanan, hingga memberikan pengalaman wisata yang lebih sesuai dengan kebutuhan wisatawan.Manager Desa Wisata Penglipuran, I Wayan Suamiarsa, mengatakan pemanfaatan AI mulai didorong bagi generasi muda, terutama dalam pembuatan konten promosi destinasi melalui media sosial. Meski demikian, pemanfaatan AI dalam pengelolaan dan pelayanan wisata di Penglipuran masih dalam tahap pengembangan.“Memang kita terus mendorong generasi muda untuk memanfaatkan teknologi AI, khususnya dalam pembuatan konten tentang atraksi wisata atau produk-produk wisata yang kita punya,” ujar I Wayan Suamiarsa.Menurutnya, kesiapan sumber daya manusia menjadi salah satu tantangan dalam mengikuti perkembangan teknologi AI di sektor pariwisata. Karena itu, pengelola terus memberikan pelatihan dan penguatan kompetensi, sementara saat ini Penglipuran masih memprioritaskan penguatan sistem pembayaran digital.Sementara itu, Dekan Fakultas Pariwisata Universitas Pendidikan Nasional, Dr. Ir. Ngakan Nyoman Kutha Krisnawijaya, S.Kom., M.Kom., mengatakan perkembangan pariwisata telah bergerak dari era e-tourism menuju smart tourism. AI memungkinkan pelaku pariwisata memanfaatkan data untuk memberikan layanan yang lebih personal sesuai preferensi wisatawan.“AI itu bisa kita jadikan sebagai tools atau alat dalam mengembangkan bisnis pariwisata kita yang sifatnya menjadi kualitas, bukan lagi kuantitas,” katanya.Ngakan menjelaskan, AI juga dapat membantu pekerjaan yang bersifat repetitif, sehingga sumber daya manusia pariwisata dapat lebih fokus pada pelayanan yang membutuhkan empati. Di sisi lain, penggunaan AI perlu disertai perhatian terhadap privasi data wisatawan dan etika dalam pemanfaatan teknologi.Peringatan Hari Pariwisata Sedunia pada 27 September 2026 menjadi momentum untuk melihat perkembangan teknologi sebagai bagian dari perubahan pariwisata. Pemanfaatan AI diharapkan tetap menempatkan manusia sebagai bagian penting dalam menghadirkan pelayanan, hospitality, dan pengalaman wisata yang nyata. 


                                
                                
                                
                                
                                
                                            
                                        
                                                                    

                                


                                
                                                                    
                                    
                                
                                                                                                                                                                                
                            
                            
                                                                        
                                                                
                                    
                                        
                                            Berita
                                        
                                    
                                    Terbaru Lainnya
                                
                                
                            
                            
                                    
                                    
                                        Memuat berita terbaru.....",RRI.co.id,"Dajan Peken, 82114, Tabanan, Tabanan, Bali, Indonesia",-8.536609490935,115.13552944186335,5,"2, 7","kejaksaan, kejatibali, kejaritabanan, tabanan, news"
Kimnara Space dan Cepaka Learning Center Resmi Dibuka,2026-09-28T04:16:00.000Z,"Kabupaten Tabanan, Bali, Indonesia",Kimnara Space dan Cepaka Learning Center Resmi Dibuka - RRI.co.id,"RRI.CO.ID, Tabanan – Kimnara Space dan Cepaka Learning Center resmi diperkenalkan sebagai percontohan pengelolaan sampah berbasis sumber sekaligus pemberdayaan masyarakat berbasis ekonomi sirkular di Desa Cepaka, Kabupaten Tabanan pada Sabtu, 26 September 2026.‎Inisiatif tersebut digagas COCO Social Fund yang didukung COCO Development Group bersama Pemerintah Desa dan Desa Adat Cepaka. Program ini mengintegrasikan pengelolaan sampah plastik, edukasi lingkungan, serta pengembangan wisata edukasi berbasis ekonomi sirkular.‎Gubernur Bali Wayan Koster dalam kesempatan tersebut diwakili oleh Dr.","Drs. I Made Rentin, AP., M.Si., selaku Staf Ahli Gubernur Bali Bidang Pembangunan Manusia, Kebudayaan, dan Kemasyarakatan.‎Dalam sambutannya, Gubernur Bali melalui Made Rentin memberikan apresiasi terhadap inisiatif COCO Social Fund bersama COCO Development Group, Pemerintah Desa dan Desa Adat Cepaka yang menghadirkan Kimnara Space dan Cepaka Learning Center sebagai model percontohan pengelolaan sampah plastik menjadi bahan bakar alternatif melalui teknologi pirolisis.‎“Pengelolaan sampah berbasis sumber di tingkat desa menjadi salah satu prasyarat penting bagi keberlanjutan pariwisata dan kehidupan masyarakat Bali ke depan,” ujar Made Rentin.‎Model tersebut juga disebut sejalan dengan kebijakan Pemerintah Provinsi Bali, antara lain Peraturan Gubernur Bali Nomor 47 Tahun 2019 tentang Pengelolaan Sampah Berbasis Sumber dan Peraturan Gubernur Bali Nomor 45 Tahun 2019 tentang Bali Energi Bersih.","Pada Hari Senin , 28 September 2026 04:16, Tabanan, Tabanan, Bali

RRI.CO.ID, Tabanan – Kimnara Space dan Cepaka Learning Center resmi diperkenalkan sebagai percontohan pengelolaan sampah berbasis sumber sekaligus pemberdayaan masyarakat berbasis ekonomi sirkular di Desa Cepaka, Kabupaten Tabanan pada Sabtu, 26 September 2026.‎Inisiatif tersebut digagas COCO Social Fund yang didukung COCO Development Group bersama Pemerintah Desa dan Desa Adat Cepaka. Program ini mengintegrasikan pengelolaan sampah plastik, edukasi lingkungan, serta pengembangan wisata edukasi berbasis ekonomi sirkular.‎Gubernur Bali Wayan Koster dalam kesempatan tersebut diwakili oleh Dr. Drs. I Made Rentin, AP., M.Si., selaku Staf Ahli Gubernur Bali Bidang Pembangunan Manusia, Kebudayaan, dan Kemasyarakatan.‎Dalam sambutannya, Gubernur Bali melalui Made Rentin memberikan apresiasi terhadap inisiatif COCO Social Fund bersama COCO Development Group, Pemerintah Desa dan Desa Adat Cepaka yang menghadirkan Kimnara Space dan Cepaka Learning Center sebagai model percontohan pengelolaan sampah plastik menjadi bahan bakar alternatif melalui teknologi pirolisis.‎“Pengelolaan sampah berbasis sumber di tingkat desa menjadi salah satu prasyarat penting bagi keberlanjutan pariwisata dan kehidupan masyarakat Bali ke depan,” ujar Made Rentin.‎Model tersebut juga disebut sejalan dengan kebijakan Pemerintah Provinsi Bali, antara lain Peraturan Gubernur Bali Nomor 47 Tahun 2019 tentang Pengelolaan Sampah Berbasis Sumber dan Peraturan Gubernur Bali Nomor 45 Tahun 2019 tentang Bali Energi Bersih. Pengolahan sampah plastik melalui teknologi pirolisis menghasilkan bahan bakar minyak yang dimanfaatkan untuk operasional truk sampah, traktor petani, dan kendaraan warga. Sementara residu black carbon dapat dimanfaatkan untuk kerajinan masyarakat. ‎‎Selain pengolahan sampah, sebagian keuntungan Kimnara Space dan donasi dari paket edukasi Cepaka Waste Journey dialokasikan untuk mendukung program pengembangan desa, seperti Cepaka Waste Preneur, Petani Cilik, Kelas Literasi, dan pengembangan teknologi pirolisis.‎Made Rentin juga mengajak pelaku usaha, khususnya sektor pariwisata dan perhotelan, untuk mendukung serta mereplikasi model pengelolaan sampah berbasis sumber dan ekonomi sirkular di wilayah masing-masing.‎“Wisata edukasi lingkungan yang dipadukan dengan pemberdayaan masyarakat, seperti paket co-creation yang dikembangkan di Kimnara Space, akan semakin memperkuat citra Bali sebagai destinasi pariwisata yang hijau, bersih, indah dan berkelanjutan, berbasis kearifan lokal,” tegas Made Rentin.‎Peresmian berlangsung di Kimnara Space dan Cepaka Learning Center, Desa Cepaka, Tabanan. Berdasarkan rundown, rangkaian kegiatan meliputi kunjungan lokasi, penyampaian keynote speech, dan seremoni peresmian melalui gunting pita.‎Melalui sambutan tersebut, Made Rentin menyampaikan harapan agar Kimnara Space dan Cepaka Learning Center memberikan manfaat bagi kelestarian lingkungan, kesejahteraan masyarakat desa, serta kemajuan pariwisata Bali yang berkelanjutan.‎",RRI.co.id,"Dajan Peken, 82114, Tabanan, Tabanan, Bali, Indonesia",-8.536609490935,115.13552944186335,5,"2, 7","kejaksaan, kejatibali, kejaritabanan, tabanan, news"
Tambang Timah Ilegal di Bangka Barat Ditertibkan 140 Ponton Ditemukan,2026-09-27T06:54:00.000Z,"Kabupaten Tabanan, Bali, Indonesia","Tambang Timah Ilegal di Bangka Barat Ditertibkan, 140 Ponton Ditemukan - Kompas.com","BANGKA, KOMPAS.com - Ratusan ponton tambang timah ilegal ditemukan di laut Tembelok dan Keranggan, Mentok, Bangka Barat, Kepulauan Bangka Belitung.
Polisi mendatangi para penambang dan meminta mereka menjauhi lokasi yang bukan wilayah penambangan tersebut.
Kapolres Bangka Barat AKBP Helen Simanjuntak mengatakan bahwa operasi penertiban kembali dilakukan karena banyak penambang yang bertahan di lokasi terlarang.""Kembali melakukan penertiban terhadap aktivitas penambangan ilegal di perairan Tembelok dan Keranggan, Kecamatan Mentok,"" kata Helen pada awak media, Sabtu (26/9/2026).
Baca juga: Tes Urine Mendadak di Tambang Timah Pangkalpinang, 29 Pekerja Positif Narkoba
Helen mengatakan, patroli dan penertiban yang dimulai sekitar pukul 13.00 WIB tersebut menyasar ponton jenis selam dan user-user yang sebelumnya diketahui beroperasi di kawasan Tembelok dan Keranggan.




Dalam kegiatan tersebut, petugas tidak menemukan adanya aktivitas penambangan yang sedang berlangsung.
Namun, petugas menemukan 140 ponton masih diparkir di kawasan perairan Tembelok dan Keranggan, yang terdiri dari sekitar 100 ponton jenis selam dan 40 ponton user-user.
""Kondisi arus laut yang cukup deras disebut menjadi salah satu faktor tidak berlangsungnya aktivitas penyelaman saat petugas melakukan penertiban,"" ujar Helen.
Meski demikian, petugas tetap memberikan imbauan kepada para ojek serta pekerja yang sedang melakukan perbaikan ponton agar tidak kembali melakukan aktivitas penambangan di kawasan tersebut.Helen menegaskan bahwa peringatan disampaikan sebagai bagian dari upaya kepolisian menjaga situasi keamanan sekaligus melindungi ekosistem laut di perairan Tembelok dan Keranggan.
""Personel terus melakukan pemantauan dan memberikan imbauan agar tidak melakukan aktivitas penambangan di kawasan tersebut. Kami juga mengajak masyarakat bersama-sama menjaga ekosistem laut dan segera melaporkan apabila mengetahui adanya aktivitas penambangan,"" ujar Helen.
Baca juga: Kades Minta Tolong Kapolri, Tambang Timah Ilegal Beromset Rp 13,5 Miliar per Bulan Sulit Diberantas
Ia mengatakan bahwa keberadaan ponton ini menjadi perhatian petugas sehingga pemantauan terhadap kawasan tersebut akan terus dilakukan.
Tembelok dan Keranggan merupakan perairan laut dangkal yang berkisar enam sampai delapan meter dan dikenal kaya pasir timah.
Penambang melakukan penyelaman menggunakan selang kompresor dan menyedot pasir timah ke dalam ponton.
Kawasan tersebut tidak termasuk izin usaha penambangan serta kegiatan penambangan yang tidak memenuhi standar keselamatan.
Kegiatan penertiban berlangsung aman dan kondusif.
Polres Bangka Barat bersama Ditpolairud Polda juga mengingatkan masyarakat agar tidak memanfaatkan situasi untuk kembali melakukan aktivitas penambangan ilegal di perairan Tembelok dan Keranggan.




  

    
        Bayangkan seorang anak Indonesia bercita-cita menjadi dokter tetapi hanya memiliki satu buku lusuh untuk belajar.","Bersama Ekspedisi Kata ke Nyata Kompas.com, Anda bisa membantu mengubah kisah itu. Mari hadirkan akses literasi bagi anak-anak di berbagai pelosok Indonesia melalui donasi lewat tautan https://bit.ly/JagatLiterasi2026.","Pada Hari Minggu , 27 September 2026 06:54, Tabanan, Tabanan, Bali

BANGKA, KOMPAS.com - Ratusan ponton tambang timah ilegal ditemukan di laut Tembelok dan Keranggan, Mentok, Bangka Barat, Kepulauan Bangka Belitung.
Polisi mendatangi para penambang dan meminta mereka menjauhi lokasi yang bukan wilayah penambangan tersebut.
Kapolres Bangka Barat AKBP Helen Simanjuntak mengatakan bahwa operasi penertiban kembali dilakukan karena banyak penambang yang bertahan di lokasi terlarang.""Kembali melakukan penertiban terhadap aktivitas penambangan ilegal di perairan Tembelok dan Keranggan, Kecamatan Mentok,"" kata Helen pada awak media, Sabtu (26/9/2026).
Baca juga: Tes Urine Mendadak di Tambang Timah Pangkalpinang, 29 Pekerja Positif Narkoba
Helen mengatakan, patroli dan penertiban yang dimulai sekitar pukul 13.00 WIB tersebut menyasar ponton jenis selam dan user-user yang sebelumnya diketahui beroperasi di kawasan Tembelok dan Keranggan.




Dalam kegiatan tersebut, petugas tidak menemukan adanya aktivitas penambangan yang sedang berlangsung.
Namun, petugas menemukan 140 ponton masih diparkir di kawasan perairan Tembelok dan Keranggan, yang terdiri dari sekitar 100 ponton jenis selam dan 40 ponton user-user.
""Kondisi arus laut yang cukup deras disebut menjadi salah satu faktor tidak berlangsungnya aktivitas penyelaman saat petugas melakukan penertiban,"" ujar Helen.
Meski demikian, petugas tetap memberikan imbauan kepada para ojek serta pekerja yang sedang melakukan perbaikan ponton agar tidak kembali melakukan aktivitas penambangan di kawasan tersebut.Helen menegaskan bahwa peringatan disampaikan sebagai bagian dari upaya kepolisian menjaga situasi keamanan sekaligus melindungi ekosistem laut di perairan Tembelok dan Keranggan.
""Personel terus melakukan pemantauan dan memberikan imbauan agar tidak melakukan aktivitas penambangan di kawasan tersebut. Kami juga mengajak masyarakat bersama-sama menjaga ekosistem laut dan segera melaporkan apabila mengetahui adanya aktivitas penambangan,"" ujar Helen.
Baca juga: Kades Minta Tolong Kapolri, Tambang Timah Ilegal Beromset Rp 13,5 Miliar per Bulan Sulit Diberantas
Ia mengatakan bahwa keberadaan ponton ini menjadi perhatian petugas sehingga pemantauan terhadap kawasan tersebut akan terus dilakukan.
Tembelok dan Keranggan merupakan perairan laut dangkal yang berkisar enam sampai delapan meter dan dikenal kaya pasir timah.
Penambang melakukan penyelaman menggunakan selang kompresor dan menyedot pasir timah ke dalam ponton.
Kawasan tersebut tidak termasuk izin usaha penambangan serta kegiatan penambangan yang tidak memenuhi standar keselamatan.
Kegiatan penertiban berlangsung aman dan kondusif.
Polres Bangka Barat bersama Ditpolairud Polda juga mengingatkan masyarakat agar tidak memanfaatkan situasi untuk kembali melakukan aktivitas penambangan ilegal di perairan Tembelok dan Keranggan.




  

    
        Bayangkan seorang anak Indonesia bercita-cita menjadi dokter tetapi hanya memiliki satu buku lusuh untuk belajar. Bersama Ekspedisi Kata ke Nyata Kompas.com, Anda bisa membantu mengubah kisah itu. Mari hadirkan akses literasi bagi anak-anak di berbagai pelosok Indonesia melalui donasi lewat tautan https://bit.ly/JagatLiterasi2026. Setiap kebaikan yang Anda berikan bukan hanya membuka jendela pengetahuan, tetapi juga membuka masa depan mereka.",Kompas.com,"Dajan Peken, 82114, Tabanan, Tabanan, Bali, Indonesia",-8.536609490935,115.13552944186335,5,"2, 7","kejaksaan, kejatibali, kejaritabanan, tabanan, news"
Beban Gaji PPPK Dialihkan ke APBN 2027 Gubernur Sulsel Sebut Angin Segar,2026-10-01T05:03:00.000Z,"Kabupaten Tabanan, Bali, Indonesia","Beban Gaji PPPK Dialihkan ke APBN 2027, Gubernur Sulsel Sebut Angin Segar - Kompas.com","MAKASSAR, KOMPAS.com - Badan Anggaran Dewan Perwakilan Rakyat (Banggar DPR) RI dan Pemerintah Pusat sepakat mengalihkan beban pembiayaan gaji Pegawai Pemerintah dengan Perjanjian Kerja (PPPK) daerah ke Anggaran Pendapatan dan Belanja Negara (APBN) 2027.
Pemerintah pusat mengalokasikan anggaran sebesar Rp 23 triliun dalam APBN 2027 khusus untuk pembayaran gaji PPPK Guru dan Tenaga Kesehatan di daerah.Gubernur Sulsel Andi Sudirman mengungkapkan rasa syukur karena beban fiskal belanja pegawai daerah kini dapat terbagi dengan pemerintah pusat.
Kebijakan ini juga disebutnya sebagai salah satu usulan yang sebelumnya gencar disuarakan oleh pemerintah daerah.
""Alhamdulillah, itu usulan kita kemarin bahwa sebaiknya PPPK disamakan dengan PNS dan menjadi beban APBN untuk kemudian tetap bisa mengabdi di daerah. Saya pikir ini suatu terobosan dari Bapak Presiden Prabowo melalui kementerian terkait,"" ujar Andi Sudirman saat ditemui di Rumah Jabatan Gubernur Sulsel, Jalan Sungai Tangka, Kota Makassar, Kamis (1/10/2026).
Baca juga: SD Mirip Kandang Ayam di Gowa Viral, Gubernur Sulsel Merespons




Ia menjelaskan, keterbatasan anggaran serta efisiensi di tingkat daerah selama ini membuat pembiayaan PPPK secara keseluruhan tidak dapat terakomodasi secara optimal melalui Anggaran Pendapatan dan Belanja Daerah (APBD).
Oleh karena itu, pengambilalihan pembiayaan gaji PPPK sektor pendidikan dan kesehatan oleh pemerintah pusat dinilai memberikan kepastian sekaligus angin segar bagi keuangan daerah.
""Tentu kita apresiasi melalui kementerian terkait bahwa akhirnya penantian para PPPK kita lebih ada kejelasan tentang bagaimana kemudian pusat bisa mengambil alih.","Karena memang pembebanan secara keseluruhan di daerah tidak bisa ter-cover sepenuhnya lantaran keterbatasan dan efisiensi yang terjadi di daerah,"" lanjutnya.Dengan beralihnya beban gaji PPPK ke APBN, Andi Sudirman optimistis ruang fiskal daerah akan semakin terbuka sehingga dapat dialokasikan lebih besar untuk pembangunan wilayah serta pelayanan publik.Sementara para tenaga PPPK juga dapat bekerja lebih tenang dan fokus.
""Ini sangat membantu fiskal daerah, alhamdulillah,"" tegasnya.Respons Penambahan Transfer ke Daerah
Selain kebijakan gaji PPPK, Andi Sudirman turut menanggapi keputusan DPR RI terkait penetapan alokasi Transfer ke Daerah (TKD) secara nasional yang mengalami peningkatan hingga mencapai sekitar Rp 735 triliun.
Ia optimistis penambahan alokasi anggaran tersebut akan semakin meningkatkan semangat daerah dalam meningkatkan kualitas pelayanan kepada masyarakat.
""Kita sangat bersyukur, saya yakin Bapak Presiden selalu memperhatikan daerah. Penambahan-penambahan itu tentu akan menambah semangat pelayanan di daerah,"" tuturnya.
Baca juga: Pemerintah Siapkan Dana Rp 23,0 Triliun untuk Peralihan Status Guru PPPK
Minta Pemda Jaga Amanah Presiden
Ia pun mengingatkan seluruh jajaran pemerintah daerah untuk menjaga amanah penambahan anggaran tersebut agar tepat sasaran dan berdampak langsung bagi masyarakat.
""Yang paling penting, kita harus memahami bahwa Bapak Presiden memberikan transfer tambahan ini tidak lain kecuali untuk pembangunan yang betul-betul berdampak,"" katanya.




  

    
        Bayangkan seorang anak Indonesia bercita-cita menjadi dokter tetapi hanya memiliki satu buku lusuh untuk belajar.","Pada Hari Kamis , 1 Oktober 2026 05:03, Tabanan, Tabanan, Bali

MAKASSAR, KOMPAS.com - Badan Anggaran Dewan Perwakilan Rakyat (Banggar DPR) RI dan Pemerintah Pusat sepakat mengalihkan beban pembiayaan gaji Pegawai Pemerintah dengan Perjanjian Kerja (PPPK) daerah ke Anggaran Pendapatan dan Belanja Negara (APBN) 2027.
Pemerintah pusat mengalokasikan anggaran sebesar Rp 23 triliun dalam APBN 2027 khusus untuk pembayaran gaji PPPK Guru dan Tenaga Kesehatan di daerah.Gubernur Sulsel Andi Sudirman mengungkapkan rasa syukur karena beban fiskal belanja pegawai daerah kini dapat terbagi dengan pemerintah pusat.
Kebijakan ini juga disebutnya sebagai salah satu usulan yang sebelumnya gencar disuarakan oleh pemerintah daerah.
""Alhamdulillah, itu usulan kita kemarin bahwa sebaiknya PPPK disamakan dengan PNS dan menjadi beban APBN untuk kemudian tetap bisa mengabdi di daerah. Saya pikir ini suatu terobosan dari Bapak Presiden Prabowo melalui kementerian terkait,"" ujar Andi Sudirman saat ditemui di Rumah Jabatan Gubernur Sulsel, Jalan Sungai Tangka, Kota Makassar, Kamis (1/10/2026).
Baca juga: SD Mirip Kandang Ayam di Gowa Viral, Gubernur Sulsel Merespons




Ia menjelaskan, keterbatasan anggaran serta efisiensi di tingkat daerah selama ini membuat pembiayaan PPPK secara keseluruhan tidak dapat terakomodasi secara optimal melalui Anggaran Pendapatan dan Belanja Daerah (APBD).
Oleh karena itu, pengambilalihan pembiayaan gaji PPPK sektor pendidikan dan kesehatan oleh pemerintah pusat dinilai memberikan kepastian sekaligus angin segar bagi keuangan daerah.
""Tentu kita apresiasi melalui kementerian terkait bahwa akhirnya penantian para PPPK kita lebih ada kejelasan tentang bagaimana kemudian pusat bisa mengambil alih. Karena memang pembebanan secara keseluruhan di daerah tidak bisa ter-cover sepenuhnya lantaran keterbatasan dan efisiensi yang terjadi di daerah,"" lanjutnya.Dengan beralihnya beban gaji PPPK ke APBN, Andi Sudirman optimistis ruang fiskal daerah akan semakin terbuka sehingga dapat dialokasikan lebih besar untuk pembangunan wilayah serta pelayanan publik.Sementara para tenaga PPPK juga dapat bekerja lebih tenang dan fokus.
""Ini sangat membantu fiskal daerah, alhamdulillah,"" tegasnya.Respons Penambahan Transfer ke Daerah
Selain kebijakan gaji PPPK, Andi Sudirman turut menanggapi keputusan DPR RI terkait penetapan alokasi Transfer ke Daerah (TKD) secara nasional yang mengalami peningkatan hingga mencapai sekitar Rp 735 triliun.
Ia optimistis penambahan alokasi anggaran tersebut akan semakin meningkatkan semangat daerah dalam meningkatkan kualitas pelayanan kepada masyarakat.
""Kita sangat bersyukur, saya yakin Bapak Presiden selalu memperhatikan daerah. Penambahan-penambahan itu tentu akan menambah semangat pelayanan di daerah,"" tuturnya.
Baca juga: Pemerintah Siapkan Dana Rp 23,0 Triliun untuk Peralihan Status Guru PPPK
Minta Pemda Jaga Amanah Presiden
Ia pun mengingatkan seluruh jajaran pemerintah daerah untuk menjaga amanah penambahan anggaran tersebut agar tepat sasaran dan berdampak langsung bagi masyarakat.
""Yang paling penting, kita harus memahami bahwa Bapak Presiden memberikan transfer tambahan ini tidak lain kecuali untuk pembangunan yang betul-betul berdampak,"" katanya.




  

    
        Bayangkan seorang anak Indonesia bercita-cita menjadi dokter tetapi hanya memiliki satu buku lusuh untuk belajar. Bersama Ekspedisi Kata ke Nyata Kompas.com, Anda bisa membantu mengubah kisah itu. Mari hadirkan akses literasi bagi anak-anak di berbagai pelosok Indonesia melalui donasi lewat tautan https://bit.ly/JagatLiterasi2026. Setiap kebaikan yang Anda berikan bukan hanya membuka jendela pengetahuan, tetapi juga membuka masa depan mereka.",Kompas.com,"Dajan Peken, 82114, Tabanan, Tabanan, Bali, Indonesia",-8.536609490935,115.13552944186335,5,"2, 7","kejaksaan, kejatibali, kejaritabanan, tabanan, news"
Jenazah Penumpang Kapal Virgo Sulit Dikenali Lewat Sidik Jari Tim DVI Andalkan Properti yang Digunakan Korban,2026-09-30T04:19:00.000Z,"Kabupaten Tabanan, Bali, Indonesia","Jenazah Penumpang Kapal Virgo Sulit Dikenali Lewat Sidik Jari, Tim DVI Andalkan Properti yang Digunakan Korban - Kompas.com","BANJARMASIN, KOMPAS.com - Tim Disaster Victim Identification (DVI) Bidang Kedokteran dan Kesehatan (Bidokkes) Polda Kalimantan Selatan (Kalsel) terus bekerja untuk mengungkap identitas jenazah korban KM Virgo Transport 8.
Instalasi forensik Rumah Sakit (RS) Bhayangkara Banjarmasin sejauh ini telah menerima 70 jenazah korban di mana 41 telah teridentifikasi dan diserahkan ke pihak keluarga.
Kepala Bidang DVI Biro Kedokteran Kepolisian Pusdokkes Polri, Kombes Pol dr Wahyu Hidajati Dwi Palupi mengatakan, terdapat 29 jenazah yang proses identifikasinya masih berjalan.Baca juga: Penghormatan Terakhir Penumpang KM Virgo Transport 8 Jevon Kepada Ayahnya, Mati Bareng Selamat Bareng Sukses Bareng
Hidajati mengakui jenazah mulai sulit dikenali melalui pemeriksaan sidik jari dikarenakan kondisi jasad sudah rusak.
""Memang kalau jenazah di atas lima hari, itu sidik jari sudah mulai sulit kita dapatkan,"" ujar Hidajati dalam keterangannya yang diterima, Rabu (30/9/2026).




Andalkan ciri gigi, fisik dan properti yang digunakan korban
Untuk mengungkap identitas jenazah, Tim DVI bekerja dengan mengandalkan ciri gigi, ciri fisik dan juga properti yang digunakan korban saat kejadian.
Dari pemeriksaan ciri gigi, fisik dan properti tersebut, identitas sejumlah jenazah akhirnya bisa terungkap.
""Sidik jari sudah sulit lalu kita mengandalkan ciri gigi, ciri fisik dan juga dari pakaian, perhiasan atau properti yang gunakan korban,"" jelas Hidajati.Baca juga: 61 Penumpang KM Virgo Masih Hilang, Penyelaman di Badan Kapal Dilanjutkan
Bagi jenazah yang sulit dikenali dari sidik jari dan tidak memiliki ciri khusus dan properti maka, langkah terakhir untuk mengungkap identitasnya adalah melalui pemeriksaan DNA.
Seluruh sampel DNA tersebut telah dikirim ke RS Mabes Polri di Kramat Jati, Jakarta.
""Pemeriksaan DNA itu butuh waktu, minimal lima hari sehingga kami mohon untuk bersabar bahwa semua proses yang kita laksanakan sekuat tenaga,"" pungkas Hidajati.Sebelumnya, KM Virgo Transport 8 yang membawa 243 penumpang mengalami insiden kecelakaan di Perairan Kalsel dalam pelayaran dari Surabaya menuju Banjarmasin pada Minggu (13/9/2026) dini hari.
Tim SAR gabungan terus melakukan pencarian terhadap sisa penumpang dengan melakukan upaya penyelaman ke dalam bangkai kapal.
Sejauh ini, DVI Bidokkes Polda Kalsel telah berhasil mengidentifikasi 41 jenazah dari 70 jenazah yang masuk ke instalasi forensik Rumah Sakit (RS) Bhayangkara Banjarmasin.
Basarnas juga telah mengumumkan masa perpanjangan operasi pencarian terhadap korban selama 7 hari ke depan.




  

    
        Bayangkan seorang anak Indonesia bercita-cita menjadi dokter tetapi hanya memiliki satu buku lusuh untuk belajar. Bersama Ekspedisi Kata ke Nyata Kompas.com, Anda bisa membantu mengubah kisah itu.","Mari hadirkan akses literasi bagi anak-anak di berbagai pelosok Indonesia melalui donasi lewat tautan https://bit.ly/JagatLiterasi2026. Setiap kebaikan yang Anda berikan bukan hanya membuka jendela pengetahuan, tetapi juga membuka masa depan mereka..","Pada Hari Rabu , 30 September 2026 04:19, Tabanan, Tabanan, Bali

BANJARMASIN, KOMPAS.com - Tim Disaster Victim Identification (DVI) Bidang Kedokteran dan Kesehatan (Bidokkes) Polda Kalimantan Selatan (Kalsel) terus bekerja untuk mengungkap identitas jenazah korban KM Virgo Transport 8.
Instalasi forensik Rumah Sakit (RS) Bhayangkara Banjarmasin sejauh ini telah menerima 70 jenazah korban di mana 41 telah teridentifikasi dan diserahkan ke pihak keluarga.
Kepala Bidang DVI Biro Kedokteran Kepolisian Pusdokkes Polri, Kombes Pol dr Wahyu Hidajati Dwi Palupi mengatakan, terdapat 29 jenazah yang proses identifikasinya masih berjalan.Baca juga: Penghormatan Terakhir Penumpang KM Virgo Transport 8 Jevon Kepada Ayahnya, Mati Bareng Selamat Bareng Sukses Bareng
Hidajati mengakui jenazah mulai sulit dikenali melalui pemeriksaan sidik jari dikarenakan kondisi jasad sudah rusak.
""Memang kalau jenazah di atas lima hari, itu sidik jari sudah mulai sulit kita dapatkan,"" ujar Hidajati dalam keterangannya yang diterima, Rabu (30/9/2026).




Andalkan ciri gigi, fisik dan properti yang digunakan korban
Untuk mengungkap identitas jenazah, Tim DVI bekerja dengan mengandalkan ciri gigi, ciri fisik dan juga properti yang digunakan korban saat kejadian.
Dari pemeriksaan ciri gigi, fisik dan properti tersebut, identitas sejumlah jenazah akhirnya bisa terungkap.
""Sidik jari sudah sulit lalu kita mengandalkan ciri gigi, ciri fisik dan juga dari pakaian, perhiasan atau properti yang gunakan korban,"" jelas Hidajati.Baca juga: 61 Penumpang KM Virgo Masih Hilang, Penyelaman di Badan Kapal Dilanjutkan
Bagi jenazah yang sulit dikenali dari sidik jari dan tidak memiliki ciri khusus dan properti maka, langkah terakhir untuk mengungkap identitasnya adalah melalui pemeriksaan DNA.
Seluruh sampel DNA tersebut telah dikirim ke RS Mabes Polri di Kramat Jati, Jakarta.
""Pemeriksaan DNA itu butuh waktu, minimal lima hari sehingga kami mohon untuk bersabar bahwa semua proses yang kita laksanakan sekuat tenaga,"" pungkas Hidajati.Sebelumnya, KM Virgo Transport 8 yang membawa 243 penumpang mengalami insiden kecelakaan di Perairan Kalsel dalam pelayaran dari Surabaya menuju Banjarmasin pada Minggu (13/9/2026) dini hari.
Tim SAR gabungan terus melakukan pencarian terhadap sisa penumpang dengan melakukan upaya penyelaman ke dalam bangkai kapal.
Sejauh ini, DVI Bidokkes Polda Kalsel telah berhasil mengidentifikasi 41 jenazah dari 70 jenazah yang masuk ke instalasi forensik Rumah Sakit (RS) Bhayangkara Banjarmasin.
Basarnas juga telah mengumumkan masa perpanjangan operasi pencarian terhadap korban selama 7 hari ke depan.




  

    
        Bayangkan seorang anak Indonesia bercita-cita menjadi dokter tetapi hanya memiliki satu buku lusuh untuk belajar. Bersama Ekspedisi Kata ke Nyata Kompas.com, Anda bisa membantu mengubah kisah itu. Mari hadirkan akses literasi bagi anak-anak di berbagai pelosok Indonesia melalui donasi lewat tautan https://bit.ly/JagatLiterasi2026. Setiap kebaikan yang Anda berikan bukan hanya membuka jendela pengetahuan, tetapi juga membuka masa depan mereka.",Kompas.com,"Dajan Peken, 82114, Tabanan, Tabanan, Bali, Indonesia",-8.536609490935,115.13552944186335,5,"2, 7","kejaksaan, kejatibali, kejaritabanan, tabanan, news"
GSJT Soroti Santunan Korban KM Virgo Rp 50 Juta Minta Beasiswa Anak Korban,2026-09-30T17:18:00.000Z,"Kabupaten Tabanan, Bali, Indonesia","GSJT Soroti Santunan Korban KM Virgo Rp 50 Juta, Minta Beasiswa Anak Korban - Kompas.com","SURABAYA, KOMPAS.com - Gerakan Sopir Jawa Timur (GSJT) menilai santunan Rp 50 juta bagi korban meninggal dunia kecelakaan KM Virgo Transport 8 tidak lagi cukup untuk memenuhi kebutuhan keluarga yang ditinggalkan.
Hal itu disampaikan GSJT saat menggelar aksi demonstrasi di depan Kantor Dinas Perhubungan (Dishub) Jawa Timur, Rabu (30/9/2026).Sekitar 600 truk dan towing yang dibawa sopir dari berbagai daerah di Jawa Timur dan luar provinsi ikut dalam aksi tersebut hingga menyebabkan jalan diblokade.
Baca juga: 4 Jenazah Korban KM Virgo Ditemukan di Perairan Kalteng, Akan Dievakuasi ke Banjarmasin
Dalam aksi itu, GSJT menyuarakan sejumlah tuntutan, di antaranya penghapusan barcode bersubsidi, pembiayaan penyesuaian dimensi kendaraan GSJT, serta penghentian pelarangan kendaraan dengan muatan lebih untuk naik kapal.
Mereka juga menuntut pertanggungjawaban pemerintah terkait kemacetan di Pelabuhan Ketapang, Banyuwangi, pemberian beasiswa bagi anak korban kecelakaan kapal, serta revisi PMK Nomor 15/PMK.010/2017 terkait besaran santunan korban kecelakaan.




Berdasarkan aturan tersebut, Jasa Raharja memberikan jaminan sebesar Rp 50 juta untuk korban meninggal dunia dan Rp 20 juta untuk perawatan korban selamat.
“Kalau yang hari ini terjadi itu kan Rp 50 juta. Nah, hari ini tidak relevan lagi Rp 50 juta.","Karena ya uang itu dipakai kirim doa sampai 40 hari pasti sudah habis,” kata Koordinator GSJT Supriyono, Rabu (30/9/2026).GSJT meminta pemerintah menjamin pendidikan dan keberlangsungan hidup keluarga korban secara layak. Supriyono berharap anak-anak korban meninggal dunia mendapatkan beasiswa pendidikan karena kehilangan tulang punggung keluarga.
Baca juga: Dari Balikpapan hingga Karanganyar, Perjalanan Terakhir Jenazah Jevon Korban KM Virgo Transport 8
“Terus bagaimana anak-anak mereka yang mereka jadi tulang punggung keluarga, sehingga harapan kami itu akan ada subsidi ataupun ada semacam beasiswa bagi anak-anak yang ditinggal dan juga dari Jasa Marga,” jelasnya.
Selain soal santunan, GSJT menyoroti kemacetan panjang di Pelabuhan Ketapang, Banyuwangi, yang disebut mencapai 13 hingga 20 kilometer.
Sopir truk sempat memblokade akses sebagai bentuk protes terhadap kebijakan yang diterapkan Kantor Kesyahbandaran dan Otoritas Pelabuhan (KSOP).
Supriyono mengatakan kondisi tersebut berdampak pada meningkatnya biaya yang harus dikeluarkan sopir karena harus menginap dan mengeluarkan lebih banyak biaya bahan bakar minyak (BBM).
“Harapan kami untuk dihadirkan para pemangku kebijakan di Banyuwangi berkaitan soal kemacetan yang sampai 20 kilo, yang akhirnya menyebabkan kawan-kawan pengemudi truk khususnya itu melakukan pembengkakan biaya, solarnya lebih banyak dan biaya hidup mereka lebih tinggi,” kata Supriyono.




  



    
        Bayangkan seorang anak Indonesia bercita-cita menjadi dokter tetapi hanya memiliki satu buku lusuh untuk belajar.","Pada Hari Rabu , 30 September 2026 17:18, Tabanan, Tabanan, Bali

SURABAYA, KOMPAS.com - Gerakan Sopir Jawa Timur (GSJT) menilai santunan Rp 50 juta bagi korban meninggal dunia kecelakaan KM Virgo Transport 8 tidak lagi cukup untuk memenuhi kebutuhan keluarga yang ditinggalkan.
Hal itu disampaikan GSJT saat menggelar aksi demonstrasi di depan Kantor Dinas Perhubungan (Dishub) Jawa Timur, Rabu (30/9/2026).Sekitar 600 truk dan towing yang dibawa sopir dari berbagai daerah di Jawa Timur dan luar provinsi ikut dalam aksi tersebut hingga menyebabkan jalan diblokade.
Baca juga: 4 Jenazah Korban KM Virgo Ditemukan di Perairan Kalteng, Akan Dievakuasi ke Banjarmasin
Dalam aksi itu, GSJT menyuarakan sejumlah tuntutan, di antaranya penghapusan barcode bersubsidi, pembiayaan penyesuaian dimensi kendaraan GSJT, serta penghentian pelarangan kendaraan dengan muatan lebih untuk naik kapal.
Mereka juga menuntut pertanggungjawaban pemerintah terkait kemacetan di Pelabuhan Ketapang, Banyuwangi, pemberian beasiswa bagi anak korban kecelakaan kapal, serta revisi PMK Nomor 15/PMK.010/2017 terkait besaran santunan korban kecelakaan.




Berdasarkan aturan tersebut, Jasa Raharja memberikan jaminan sebesar Rp 50 juta untuk korban meninggal dunia dan Rp 20 juta untuk perawatan korban selamat.
“Kalau yang hari ini terjadi itu kan Rp 50 juta. Nah, hari ini tidak relevan lagi Rp 50 juta. Karena ya uang itu dipakai kirim doa sampai 40 hari pasti sudah habis,” kata Koordinator GSJT Supriyono, Rabu (30/9/2026).GSJT meminta pemerintah menjamin pendidikan dan keberlangsungan hidup keluarga korban secara layak. Supriyono berharap anak-anak korban meninggal dunia mendapatkan beasiswa pendidikan karena kehilangan tulang punggung keluarga.
Baca juga: Dari Balikpapan hingga Karanganyar, Perjalanan Terakhir Jenazah Jevon Korban KM Virgo Transport 8
“Terus bagaimana anak-anak mereka yang mereka jadi tulang punggung keluarga, sehingga harapan kami itu akan ada subsidi ataupun ada semacam beasiswa bagi anak-anak yang ditinggal dan juga dari Jasa Marga,” jelasnya.
Selain soal santunan, GSJT menyoroti kemacetan panjang di Pelabuhan Ketapang, Banyuwangi, yang disebut mencapai 13 hingga 20 kilometer.
Sopir truk sempat memblokade akses sebagai bentuk protes terhadap kebijakan yang diterapkan Kantor Kesyahbandaran dan Otoritas Pelabuhan (KSOP).
Supriyono mengatakan kondisi tersebut berdampak pada meningkatnya biaya yang harus dikeluarkan sopir karena harus menginap dan mengeluarkan lebih banyak biaya bahan bakar minyak (BBM).
“Harapan kami untuk dihadirkan para pemangku kebijakan di Banyuwangi berkaitan soal kemacetan yang sampai 20 kilo, yang akhirnya menyebabkan kawan-kawan pengemudi truk khususnya itu melakukan pembengkakan biaya, solarnya lebih banyak dan biaya hidup mereka lebih tinggi,” kata Supriyono.




  



    
        Bayangkan seorang anak Indonesia bercita-cita menjadi dokter tetapi hanya memiliki satu buku lusuh untuk belajar. Bersama Ekspedisi Kata ke Nyata Kompas.com, Anda bisa membantu mengubah kisah itu. Mari hadirkan akses literasi bagi anak-anak di berbagai pelosok Indonesia melalui donasi lewat tautan https://bit.ly/JagatLiterasi2026. Setiap kebaikan yang Anda berikan bukan hanya membuka jendela pengetahuan, tetapi juga membuka masa depan mereka.",Kompas.com,"Dajan Peken, 82114, Tabanan, Tabanan, Bali, Indonesia",-8.536609490935,115.13552944186335,5,"2, 7","kejaksaan, kejatibali, kejaritabanan, tabanan, news"
Penambang Timah Diterkam Buaya di Bangka Ditemukan Tewas Jasad Masih Digigit,2026-09-27T02:59:00.000Z,"Kabupaten Tabanan, Bali, Indonesia","Penambang Timah Diterkam Buaya di Bangka Ditemukan Tewas, Jasad Masih Digigit - Kompas.com","BANGKA, KOMPAS.com - Seorang penambang timah, Sareanda (19), yang sebelumnya dilaporkan hilang setelah diterkam buaya, ditemukan tewas mengapung di kolam tambang di Desa Kusam, Kecamatan Belinyu, Kabupaten Bangka, Kepulauan Bangka Belitung, Sabtu (26/9/2026) sekitar pukul 20.35 WIB.
Korban sebelumnya dilaporkan hilang setelah diterkam buaya saat hendak mencuci pasir timah hasil tambang.Kepala Kantor SAR Pangkalpinang Mikel Rachman Junika mengatakan, jasad warga Desa Kusam tersebut ditemukan tidak jauh dari lokasi pertama kali korban disambar buaya.
""Penemuan terjadi setelah tim SAR gabungan yang bergerak di lapangan terus membuntuti dan menghalau pergerakan predator buas tersebut,"" kata Mikel kepada awak media, Minggu (27/9/2026).
Baca juga: KKP Evakuasi Buaya Coki dari Rumah Warga Bandar Lampung ke Penangkaran Ogan Ilir
Mikel menuturkan, evakuasi berlangsung saat seekor buaya berukuran besar masih terlihat menggigit jasad korban.




""Bersama para penambang terus menghalau buaya tersebut agar menjauh,"" ujar Mikel.
Setelah sekitar dua jam, buaya akhirnya melepaskan gigitannya dan menjauh dari lokasi.
""Personel gabungan bersama warga langsung turun ke dalam air untuk mengevakuasi tubuh korban, yang kemudian segera dibawa ke rumah duka,"" ucap Mikel.
Kronologi penambang diterkam buaya
Peristiwa tersebut terjadi sekitar pukul 18.00 WIB. Korban yang baru selesai menambang dan mengumpulkan pasir timah berniat mencuci hasil tambangnya di atas ponton rajuk.Saat melangkah dari daratan menuju ponton, seekor buaya berukuran besar tiba-tiba muncul dan menyambar tubuh korban, kemudian menyeretnya ke dasar kolam tambang.
Kejadian tersebut disaksikan langsung oleh kakak kandung korban, Tarmizi, yang berada tidak jauh dari lokasi.
Baca juga: Buaya 7 Meter di Sungai Ladongi Koltim Belum Dievakuasi, BPL: Terkendala Lahan Penangkaran
Pihak keluarga dan warga sempat melakukan pencarian sebelum melaporkan kejadian tersebut kepada Basarnas Pangkalpinang pada pukul 18.55 WIB melalui perwakilan keluarga, Wawan.
Merespons laporan tersebut, Basarnas Pangkalpinang menerjunkan tim rescue dari Unit Siaga SAR (USS) Belinyu pada pukul 19.15 WIB untuk melakukan operasi SAR malam hari bersama Polsek Belinyu, keluarga, dan masyarakat setempat.
Mikel mengonfirmasi jasad korban telah berhasil dievakuasi dan diserahkan kepada pihak keluarga.","Dengan ditemukannya korban, operasi SAR dinyatakan selesai dan ditutup.
Kantor SAR Pangkalpinang menyampaikan duka cita kepada keluarga korban serta apresiasi kepada seluruh unsur yang terlibat dalam proses pencarian dan evakuasi.
Sementara itu, seekor buaya sepanjang enam meter telah ditangkap warga di lokasi yang sama. Buaya tersebut diduga merupakan satwa yang menerkam korban.




  



    
        Bayangkan seorang anak Indonesia bercita-cita menjadi dokter tetapi hanya memiliki satu buku lusuh untuk belajar.","Pada Hari Minggu , 27 September 2026 02:59, Tabanan, Tabanan, Bali

BANGKA, KOMPAS.com - Seorang penambang timah, Sareanda (19), yang sebelumnya dilaporkan hilang setelah diterkam buaya, ditemukan tewas mengapung di kolam tambang di Desa Kusam, Kecamatan Belinyu, Kabupaten Bangka, Kepulauan Bangka Belitung, Sabtu (26/9/2026) sekitar pukul 20.35 WIB.
Korban sebelumnya dilaporkan hilang setelah diterkam buaya saat hendak mencuci pasir timah hasil tambang.Kepala Kantor SAR Pangkalpinang Mikel Rachman Junika mengatakan, jasad warga Desa Kusam tersebut ditemukan tidak jauh dari lokasi pertama kali korban disambar buaya.
""Penemuan terjadi setelah tim SAR gabungan yang bergerak di lapangan terus membuntuti dan menghalau pergerakan predator buas tersebut,"" kata Mikel kepada awak media, Minggu (27/9/2026).
Baca juga: KKP Evakuasi Buaya Coki dari Rumah Warga Bandar Lampung ke Penangkaran Ogan Ilir
Mikel menuturkan, evakuasi berlangsung saat seekor buaya berukuran besar masih terlihat menggigit jasad korban.




""Bersama para penambang terus menghalau buaya tersebut agar menjauh,"" ujar Mikel.
Setelah sekitar dua jam, buaya akhirnya melepaskan gigitannya dan menjauh dari lokasi.
""Personel gabungan bersama warga langsung turun ke dalam air untuk mengevakuasi tubuh korban, yang kemudian segera dibawa ke rumah duka,"" ucap Mikel.
Kronologi penambang diterkam buaya
Peristiwa tersebut terjadi sekitar pukul 18.00 WIB. Korban yang baru selesai menambang dan mengumpulkan pasir timah berniat mencuci hasil tambangnya di atas ponton rajuk.Saat melangkah dari daratan menuju ponton, seekor buaya berukuran besar tiba-tiba muncul dan menyambar tubuh korban, kemudian menyeretnya ke dasar kolam tambang.
Kejadian tersebut disaksikan langsung oleh kakak kandung korban, Tarmizi, yang berada tidak jauh dari lokasi.
Baca juga: Buaya 7 Meter di Sungai Ladongi Koltim Belum Dievakuasi, BPL: Terkendala Lahan Penangkaran
Pihak keluarga dan warga sempat melakukan pencarian sebelum melaporkan kejadian tersebut kepada Basarnas Pangkalpinang pada pukul 18.55 WIB melalui perwakilan keluarga, Wawan.
Merespons laporan tersebut, Basarnas Pangkalpinang menerjunkan tim rescue dari Unit Siaga SAR (USS) Belinyu pada pukul 19.15 WIB untuk melakukan operasi SAR malam hari bersama Polsek Belinyu, keluarga, dan masyarakat setempat.
Mikel mengonfirmasi jasad korban telah berhasil dievakuasi dan diserahkan kepada pihak keluarga. Dengan ditemukannya korban, operasi SAR dinyatakan selesai dan ditutup.
Kantor SAR Pangkalpinang menyampaikan duka cita kepada keluarga korban serta apresiasi kepada seluruh unsur yang terlibat dalam proses pencarian dan evakuasi.
Sementara itu, seekor buaya sepanjang enam meter telah ditangkap warga di lokasi yang sama. Buaya tersebut diduga merupakan satwa yang menerkam korban.




  



    
        Bayangkan seorang anak Indonesia bercita-cita menjadi dokter tetapi hanya memiliki satu buku lusuh untuk belajar. Bersama Ekspedisi Kata ke Nyata Kompas.com, Anda bisa membantu mengubah kisah itu. Mari hadirkan akses literasi bagi anak-anak di berbagai pelosok Indonesia melalui donasi lewat tautan https://bit.ly/JagatLiterasi2026. Setiap kebaikan yang Anda berikan bukan hanya membuka jendela pengetahuan, tetapi juga membuka masa depan mereka.",Kompas.com,"Dajan Peken, 82114, Tabanan, Tabanan, Bali, Indonesia",-8.536609490935,115.13552944186335,5,"2, 7","kejaksaan, kejatibali, kejaritabanan, tabanan, news"
Kodam IXUdayana Salurkan Air Bersih Warga Terdampak Kekeringan,2026-09-30T00:33:00.000Z,"Kabupaten Tabanan, Bali, Indonesia",Kodam IX/Udayana Salurkan Air Bersih Warga Terdampak Kekeringan - RRI.co.id,"Kodam IX/Udayana menyalurkan bantuan air bersih kepada masyarakat terdampak kekeringan di Kampial, Denpasar. (Foto:PendamIXUdayana)
                                                    
                                                                                            
                                                                                                            
                                
                                RRI.CO.ID, Denpasar - Memasuki musim kemarau, Kodam IX/Udayana mengerahkan jajarannya untuk membantu masyarakat yang mengalami kesulitan mendapatkan air bersih.","Langkah tersebut merupakan tindak lanjut perintah Kepala Staf Angkatan Darat Jenderal TNI Maruli Simanjuntak untuk membantu masyarakat terdampak kekeringan.Salah satu penyaluran dilakukan Detasemen Markas Kodam IX/Udayana di Kelurahan Benoa, Banjar Menesa, Desa Adat Kampial, Jalan Raya Kampial, Selasa, 29 September 2026. Bantuan tersebut menyasar 650 kepala keluarga atau sekitar 3.900 jiwa dengan dukungan empat armada mobil tangki air.Kapendam IX/Udayana Kolonel Inf Amrizal Nasution mengatakan penyaluran air bersih menjadi bentuk respons TNI AD terhadap kebutuhan dasar masyarakat yang terdampak kekeringan.","Pada Hari Rabu , 30 September 2026 00:33, Tabanan, Tabanan, Bali

Kodam IX/Udayana menyalurkan bantuan air bersih kepada masyarakat terdampak kekeringan di Kampial, Denpasar. (Foto:PendamIXUdayana)
                                                    
                                                                                            
                                                                                                            
                                
                                RRI.CO.ID, Denpasar - Memasuki musim kemarau, Kodam IX/Udayana mengerahkan jajarannya untuk membantu masyarakat yang mengalami kesulitan mendapatkan air bersih. Langkah tersebut merupakan tindak lanjut perintah Kepala Staf Angkatan Darat Jenderal TNI Maruli Simanjuntak untuk membantu masyarakat terdampak kekeringan.Salah satu penyaluran dilakukan Detasemen Markas Kodam IX/Udayana di Kelurahan Benoa, Banjar Menesa, Desa Adat Kampial, Jalan Raya Kampial, Selasa, 29 September 2026. Bantuan tersebut menyasar 650 kepala keluarga atau sekitar 3.900 jiwa dengan dukungan empat armada mobil tangki air.Kapendam IX/Udayana Kolonel Inf Amrizal Nasution mengatakan penyaluran air bersih menjadi bentuk respons TNI AD terhadap kebutuhan dasar masyarakat yang terdampak kekeringan. Bantuan juga menjadi bagian dari gerakan jajaran Kodam IX/Udayana di Bali, Nusa Tenggara Barat, dan Nusa Tenggara Timur.“Penyaluran air bersih ini merupakan tindak lanjut atas perintah Bapak Kasad Jenderal TNI Maruli Simanjuntak agar jajaran TNI AD hadir membantu masyarakat yang mengalami kesulitan mendapatkan air bersih,” ujar Kolonel Inf Amrizal Nasution.Selain di Kampial, penyaluran air bersih di wilayah Bali juga dilakukan di Desa Bonyoh, Kecamatan Kintamani, Kabupaten Bangli. Untuk wilayah Kampial, bantuan yang disalurkan mencapai sekitar 16.000 liter air bersih menggunakan kendaraan tangki milik Makodam IX/Udayana yang dioperasikan Denmadam IX/Udayana.Kapendam menegaskan Kodam IX/Udayana akan terus berkoordinasi dengan pemerintah daerah dan unsur terkait dalam membantu masyarakat yang terdampak kekeringan. Bantuan diharapkan dapat disalurkan sesuai kebutuhan dan kondisi masing-masing wilayah agar manfaatnya dapat dirasakan masyarakat.“Air bersih merupakan kebutuhan dasar masyarakat, karena itu kami akan terus berkoordinasi dengan pemerintah daerah dan unsur terkait untuk membantu masyarakat yang terdampak kekeringan,” katanya.Penyaluran air bersih tersebut menjadi bagian dari upaya Kodam IX/Udayana membantu masyarakat menghadapi dampak musim kemarau. Kepedulian dan gotong royong diharapkan terus diperkuat agar kebutuhan dasar masyarakat yang terdampak kekeringan dapat terpenuhi. 


                                
                                
                                
                                
                                
                                            
                                        
                                                                    

                                


                                
                                                                    
                                    
                                
                                                                                                                                                                                
                            
                            
                                                                        
                                                                
                                    
                                        
                                            Berita
                                        
                                    
                                    Terbaru Lainnya
                                
                                
                            
                            
                                    
                                    
                                        Memuat berita terbaru.....",RRI.co.id,"Dajan Peken, 82114, Tabanan, Tabanan, Bali, Indonesia",-8.536609490935,115.13552944186335,5,"2, 7","kejaksaan, kejatibali, kejaritabanan, tabanan, news"
Polda Bali Perkuat Keterbukaan Informasi Publik di Era Digital,2026-09-30T10:12:00.000Z,"Kabupaten Tabanan, Bali, Indonesia",Polda Bali Perkuat Keterbukaan Informasi Publik di Era Digital - RRI.co.id,"Polda Bali menggelar rapat koordinasi PPID untuk memperkuat pengelolaan dan keterbukaan informasi publik di era digital di Rupatama Polda Bali.(Foto:HumasPoldaBali)
                                                    
                                                                                            
                                                                                                            
                                
                                Polda Bali terus memperkuat keterbukaan informasi publik di tengah perkembangan teknologi dan dinamika informasi digital. Upaya tersebut dilakukan melalui rapat koordinasi Pejabat Pengelola Informasi dan Dokumentasi (PPID) yang digelar di Rupatama Polda Bali, Rabu (30/9/2026).Kegiatan diikuti pejabat dan pengemban PPID, Kasi Humas jajaran, serta operator PPID di lingkungan Polda Bali.","Rapat koordinasi ini menjadi kesempatan untuk menyamakan pemahaman dan meningkatkan pengelolaan informasi publik di lingkungan Polda Bali dan jajaran.Dalam kegiatan tersebut, peserta mendapat materi tentang pemanfaatan teknologi informasi kehumasan sebagai sarana untuk menciptakan opini positif sekaligus melakukan counter terhadap pemberitaan negatif terkait organisasi Polri.Selain itu, peserta juga mendapat pemaparan mengenai e-Monev dalam mendukung keterbukaan informasi publik, serta penekanan terkait pengunggahan informasi dan pengisian Sistem Pelaporan Informasi Terpadu (SPIT) Polri.Materi lainnya membahas pentingnya membangun ketahanan informasi publik dalam menghadapi disinformasi di era digital. Hal ini menjadi perhatian seiring semakin cepatnya penyebaran informasi di tengah masyarakat.Melalui kegiatan ini, Polda Bali mendorong jajaran PPID dan Humas untuk terus meningkatkan pengelolaan informasi secara cepat, akurat, dan bertanggung jawab.","Pada Hari Rabu , 30 September 2026 10:12, Tabanan, Tabanan, Bali

Polda Bali menggelar rapat koordinasi PPID untuk memperkuat pengelolaan dan keterbukaan informasi publik di era digital di Rupatama Polda Bali.(Foto:HumasPoldaBali)
                                                    
                                                                                            
                                                                                                            
                                
                                Polda Bali terus memperkuat keterbukaan informasi publik di tengah perkembangan teknologi dan dinamika informasi digital. Upaya tersebut dilakukan melalui rapat koordinasi Pejabat Pengelola Informasi dan Dokumentasi (PPID) yang digelar di Rupatama Polda Bali, Rabu (30/9/2026).Kegiatan diikuti pejabat dan pengemban PPID, Kasi Humas jajaran, serta operator PPID di lingkungan Polda Bali. Rapat koordinasi ini menjadi kesempatan untuk menyamakan pemahaman dan meningkatkan pengelolaan informasi publik di lingkungan Polda Bali dan jajaran.Dalam kegiatan tersebut, peserta mendapat materi tentang pemanfaatan teknologi informasi kehumasan sebagai sarana untuk menciptakan opini positif sekaligus melakukan counter terhadap pemberitaan negatif terkait organisasi Polri.Selain itu, peserta juga mendapat pemaparan mengenai e-Monev dalam mendukung keterbukaan informasi publik, serta penekanan terkait pengunggahan informasi dan pengisian Sistem Pelaporan Informasi Terpadu (SPIT) Polri.Materi lainnya membahas pentingnya membangun ketahanan informasi publik dalam menghadapi disinformasi di era digital. Hal ini menjadi perhatian seiring semakin cepatnya penyebaran informasi di tengah masyarakat.Melalui kegiatan ini, Polda Bali mendorong jajaran PPID dan Humas untuk terus meningkatkan pengelolaan informasi secara cepat, akurat, dan bertanggung jawab. Langkah tersebut diharapkan dapat mendukung keterbukaan informasi sekaligus memperkuat komunikasi Polri dengan masyarakat. 


                                
                                
                                
                                
                                
                                            
                                        
                                                                    

                                


                                
                                                                    
                                    
                                
                                                                                                                                                                                
                            
                            
                                                                        
                                                                
                                    
                                        
                                            Berita
                                        
                                    
                                    Terbaru Lainnya
                                
                                
                            
                            
                                    
                                    
                                        Memuat berita terbaru.....",RRI.co.id,"Dajan Peken, 82114, Tabanan, Tabanan, Bali, Indonesia",-8.536609490935,115.13552944186335,5,"2, 7","kejaksaan, kejatibali, kejaritabanan, tabanan, news"
Diduga Hendak Curi Kabel Pria Tewas Kesetrum di Tanjungbalai,2026-10-01T08:49:00.000Z,"Kabupaten Tabanan, Bali, Indonesia","Diduga Hendak Curi Kabel, Pria Tewas Kesetrum di Tanjungbalai - Kompas.com","TANJUNGBALAI, KOMPAS.com - Seorang pria yang belum diketahui identitasnya ditemukan tewas dengan luka bakar di Jalan Tengku Umar, Tanjungbalai, Sumatera Utara, Kamis (1/10/2026).
Pria tersebut diduga meninggal akibat tersengat listrik saat hendak mencuri kabel. Dugaan itu muncul setelah petugas menemukan sebuah tang jepit di tangan kirinya.Selain itu, menurut warga setempat, kasus kehilangan kabel listrik sebelumnya juga kerap terjadi di sekitar Jalan Tengku Umar.
Baca juga: Diserahkan ke Imigrasi, 2 WN Iran Pencuri Uang Pedagang di Tabanan Tunggu Dideportasi
Polisi yang menerima laporan mengenai penemuan jenazah tersebut kemudian mendatangi lokasi dan melakukan olah tempat kejadian perkara (TKP).
Petugas selanjutnya mengevakuasi jasad pria tersebut.




Kepala lingkungan setempat, Fitri, mengatakan, korban pertama kali ditemukan oleh warga yang melintas di sekitar lokasi.""Tadi saya dihubungi oleh warga, katanya ada temuan mayat.","Saya datang ke sini dan langsung menghubungi petugas kepolisian,"" kata Fitri.Korban sering terlihat di sekitar lokasi
Meski identitasnya belum diketahui, Fitri mengatakan pria tersebut bukan orang yang benar-benar asing bagi warga sekitar.
Menurut dia, korban cukup sering terlihat melintas di kawasan Jalan Tengku Umar.""Memang sering melintas di sini. Masyarakat juga tahu, tapi sampai saat ini kami belum tahu nama korban,"" katanya.
Saat ditemukan, tubuh korban dalam kondisi mengalami luka bakar.
Petugas yang memeriksa lokasi juga menemukan sebuah tang jepit berada di tangan kiri korban.Temuan tersebut kemudian memunculkan dugaan bahwa korban tengah beraktivitas di sekitar kabel listrik sebelum tersengat.
Namun, dalam keterangan yang tersedia, belum disebutkan hasil penyelidikan kepolisian mengenai aktivitas korban sebelum ditemukan meninggal dunia.




  

Identitas pria tersebut juga masih belum diketahui..","Pada Hari Kamis , 1 Oktober 2026 08:49, Tabanan, Tabanan, Bali

TANJUNGBALAI, KOMPAS.com - Seorang pria yang belum diketahui identitasnya ditemukan tewas dengan luka bakar di Jalan Tengku Umar, Tanjungbalai, Sumatera Utara, Kamis (1/10/2026).
Pria tersebut diduga meninggal akibat tersengat listrik saat hendak mencuri kabel. Dugaan itu muncul setelah petugas menemukan sebuah tang jepit di tangan kirinya.Selain itu, menurut warga setempat, kasus kehilangan kabel listrik sebelumnya juga kerap terjadi di sekitar Jalan Tengku Umar.
Baca juga: Diserahkan ke Imigrasi, 2 WN Iran Pencuri Uang Pedagang di Tabanan Tunggu Dideportasi
Polisi yang menerima laporan mengenai penemuan jenazah tersebut kemudian mendatangi lokasi dan melakukan olah tempat kejadian perkara (TKP).
Petugas selanjutnya mengevakuasi jasad pria tersebut.




Kepala lingkungan setempat, Fitri, mengatakan, korban pertama kali ditemukan oleh warga yang melintas di sekitar lokasi.""Tadi saya dihubungi oleh warga, katanya ada temuan mayat. Saya datang ke sini dan langsung menghubungi petugas kepolisian,"" kata Fitri.Korban sering terlihat di sekitar lokasi
Meski identitasnya belum diketahui, Fitri mengatakan pria tersebut bukan orang yang benar-benar asing bagi warga sekitar.
Menurut dia, korban cukup sering terlihat melintas di kawasan Jalan Tengku Umar.""Memang sering melintas di sini. Masyarakat juga tahu, tapi sampai saat ini kami belum tahu nama korban,"" katanya.
Saat ditemukan, tubuh korban dalam kondisi mengalami luka bakar.
Petugas yang memeriksa lokasi juga menemukan sebuah tang jepit berada di tangan kiri korban.Temuan tersebut kemudian memunculkan dugaan bahwa korban tengah beraktivitas di sekitar kabel listrik sebelum tersengat.
Namun, dalam keterangan yang tersedia, belum disebutkan hasil penyelidikan kepolisian mengenai aktivitas korban sebelum ditemukan meninggal dunia.




  

Identitas pria tersebut juga masih belum diketahui.",Kompas.com,"Dajan Peken, 82114, Tabanan, Tabanan, Bali, Indonesia",-8.536609490935,115.13552944186335,5,"2, 7","kejaksaan, kejatibali, kejaritabanan, tabanan, news"
Dua Guru NU Bali Ikuti Latihan Bela Negara di Rindam IXUdayana,2026-09-24T23:50:00.000Z,"Kabupaten Tabanan, Bali, Indonesia",Dua Guru NU Bali Ikuti Latihan Bela Negara di Rindam IX/Udayana - RRI.co.id,"Regional
                                                
                                            
                                                                            
                                    
                                    
                                        
                                            25 Sep 2026 06:50
                                            WIB
                                        
                                        
                                             Singaraja
                                        
                                    
                                    
                                                                                                                                
                                                                                
                                        
                                            
                                                Editor -
                                                Santi Mulyawati
                                            
                                        
                                    
                                

                                                                                                                                    

                                

                                                                                                            
                                        
                                                                                    
                                                
                                                    
                                                

                                                                                                    
                                                        Dua utusan Pengurus Wilayah Persatuan Guru Nahdlatul Ulama (PW PERGUNU) Bali mengikuti Latihan Kader Bela Negara yang diselenggarakan Badan Kesatuan Bangsa dan Politik (Kesbangpol) Provinsi Bali di Dodik Bela Negara Rindam IX/Udayana, Kediri, Tabanan. (Foto: Dok.","PW Pergunu Bali)
                                                    
                                                                                            
                                                                                                            
                                
                                RRI.CO.ID, Tabanan - Dua utusan Pengurus Wilayah Persatuan Guru Nahdlatul Ulama (PW PERGUNU) Bali mengikuti Latihan Kader Bela Negara yang diselenggarakan Badan Kesatuan Bangsa dan Politik (Kesbangpol) Provinsi Bali di Dodik Bela Negara Rindam IX/Udayana, Kediri, Tabanan. Kegiatan berlangsung selama empat hari, 21–24 September 2026.Moh.","Pada Hari Kamis , 24 September 2026 23:50, Tabanan, Tabanan, Bali

Regional
                                                
                                            
                                                                            
                                    
                                    
                                        
                                            25 Sep 2026 06:50
                                            WIB
                                        
                                        
                                             Singaraja
                                        
                                    
                                    
                                                                                                                                
                                                                                
                                        
                                            
                                                Editor -
                                                Santi Mulyawati
                                            
                                        
                                    
                                

                                                                                                                                    

                                

                                                                                                            
                                        
                                                                                    
                                                
                                                    
                                                

                                                                                                    
                                                        Dua utusan Pengurus Wilayah Persatuan Guru Nahdlatul Ulama (PW PERGUNU) Bali mengikuti Latihan Kader Bela Negara yang diselenggarakan Badan Kesatuan Bangsa dan Politik (Kesbangpol) Provinsi Bali di Dodik Bela Negara Rindam IX/Udayana, Kediri, Tabanan. (Foto: Dok. PW Pergunu Bali)
                                                    
                                                                                            
                                                                                                            
                                
                                RRI.CO.ID, Tabanan - Dua utusan Pengurus Wilayah Persatuan Guru Nahdlatul Ulama (PW PERGUNU) Bali mengikuti Latihan Kader Bela Negara yang diselenggarakan Badan Kesatuan Bangsa dan Politik (Kesbangpol) Provinsi Bali di Dodik Bela Negara Rindam IX/Udayana, Kediri, Tabanan. Kegiatan berlangsung selama empat hari, 21–24 September 2026.Moh. Sahlan dan A. Hirzan Anwari menjadi bagian dari 325 peserta yang berasal dari berbagai unsur masyarakat se-Bali. Peserta terdiri atas tokoh agama, tokoh adat, tokoh masyarakat, organisasi kemasyarakatan, hingga komunitas tingkat pratama Tahun Anggaran 2026.Kegiatan dibuka secara resmi oleh Kepala Pusat Bela Negara Badan Cadangan Nasional Kementerian Pertahanan RI, Brigjen TNI Luhut Marpaung. Dalam sambutannya, ia menekankan pentingnya peserta menjadi penggerak nilai-nilai bela negara setelah kembali ke lingkungan masing-masing.""Saya berharap kepada para peserta yang berasal dari berbagai unsur, bisa menginternalisasikan nilai-nilai bela negara di lingkungannya masing-masing dengan beragam pendekatan,” ujarnya.Selama pelatihan, para peserta mendapatkan pembinaan semi militer yang mencakup latihan baris-berbaris, kedisiplinan waktu, kepedulian sosial, hingga tata cara mengikuti apel dan upacara. Selain pembentukan karakter, peserta juga memperoleh materi bela negara dari berbagai perspektif kehidupan bermasyarakat.Materi yang diberikan meliputi perlindungan tanah adat, kesiapsiagaan menghadapi bencana, serta literasi digital dan penggunaan media sosial secara bijak. Sesi tersebut menjadi ruang diskusi bagi peserta untuk mengangkat berbagai persoalan yang berkembang di tengah masyarakat.Di sela pematerian literasi digital, A. Hirzan Anwari mengajukan pertanyaan mengenai langkah pemerintah dalam menghadapi maraknya judi online dan pinjaman online. Menurutnya, kedua persoalan tersebut memiliki dampak sosial yang besar dan dapat melemahkan ketahanan masyarakat apabila tidak ditangani secara serius.Rangkaian kegiatan ditutup oleh Danrindam IX/Udayana, Brigjen TNI Anwar, S.H., yang mengapresiasi semangat seluruh peserta selama mengikuti pelatihan. Ia berharap para kader mampu menjadi pelopor bela negara serta menumbuhkan nilai persatuan, disiplin, dan kepedulian di lingkungan masing-masing. 


                                
                                
                                
                                
                                
                                            
                                        
                                                                    

                                


                                
                                                                    
                                    
                                
                                                                                                                                                                                
                            
                            
                                                                        
                                                                
                                    
                                        
                                            Berita
                                        
                                    
                                    Terbaru Lainnya
                                
                                
                            
                            
                                    
                                    
                                        Memuat berita terbaru.....",RRI.co.id,"Dajan Peken, 82114, Tabanan, Tabanan, Bali, Indonesia",-8.536609490935,115.13552944186335,5,"2, 7","kejaksaan, kejatibali, kejaritabanan, tabanan, news"
KPU BaliKodam IXUdayana Perkuat Kerja Sama Pemutakhiran Data Pemilih,2026-10-01T02:25:00.000Z,"Kabupaten Tabanan, Bali, Indonesia",KPU Bali-Kodam IX/Udayana Perkuat Kerja Sama Pemutakhiran Data Pemilih - RRI.co.id,"RRI.CO.ID, Denpasar- Komisi Pemilihan Umum (KPU) Provinsi Bali menggelar audiensi sekaligus pembahasan Perjanjian Kerja Sama (PKS) bersama Komando Daerah Militer (Kodam) IX/Udayana bertempat di Ruang Tamu Pangdam IX/Udayana, Denpasar, pada Selasa 29 September 2026. Kerja sama strategis ini digagas dalam rangka memperkuat sinergitas pelaksanaan tugas dan fungsi kedua lembaga demi mendukung persiapan serta penyelenggaraan Pemilihan Umum (Pemilu) dan Pemilihan di wilayah Provinsi Bali.","Kesepakatan ini melibatkan Ketua KPU Provinsi Bali, I Dewa Agung Gede Lidartawan, bersama Panglima Komando Daerah Militer IX/Udayana, Mayjen TNI Piek Budyakto. Perjanjian Kerja Sama yang berlaku untuk jangka waktu 5 (lima) tahun ini mencakup sejumlah ruang lingkup strategis.","Pada Hari Kamis , 1 Oktober 2026 02:25, Tabanan, Tabanan, Bali

RRI.CO.ID, Denpasar- Komisi Pemilihan Umum (KPU) Provinsi Bali menggelar audiensi sekaligus pembahasan Perjanjian Kerja Sama (PKS) bersama Komando Daerah Militer (Kodam) IX/Udayana bertempat di Ruang Tamu Pangdam IX/Udayana, Denpasar, pada Selasa 29 September 2026. Kerja sama strategis ini digagas dalam rangka memperkuat sinergitas pelaksanaan tugas dan fungsi kedua lembaga demi mendukung persiapan serta penyelenggaraan Pemilihan Umum (Pemilu) dan Pemilihan di wilayah Provinsi Bali. Kesepakatan ini melibatkan Ketua KPU Provinsi Bali, I Dewa Agung Gede Lidartawan, bersama Panglima Komando Daerah Militer IX/Udayana, Mayjen TNI Piek Budyakto. Perjanjian Kerja Sama yang berlaku untuk jangka waktu 5 (lima) tahun ini mencakup sejumlah ruang lingkup strategis. Di antaranya meliputi pertukaran data dan informasi kepemiluan, bantuan pengamanan distribusi logistik, koordinasi serta sosialisasi netralitas TNI, hingga pemanfaatan sarana, prasarana, dan sumber daya manusia di wilayah teritorial Provinsi Bali.Salah satu poin krusial dalam Perjanjian Kerja Sama ini adalah penanganan dan pemutakhiran data penduduk yang beralih status menjadi prajurit TNI maupun purnawirawan secara berkala. Langkah ini menjadi solusi konkret atas hasil pencermatan data turunan Kementerian Dalam Negeri (Kemendagri) pada Pemutakhiran Data Pemilih Berkelanjutan (PDPB) Semester I Tahun 2026, di mana terdata sebanyak 117 orang yang dinyatakan Tidak Memenuhi Syarat (TMS) sebagai pemilih akibat beralih status menjadi anggota TNI.Melalui kesepakatan ini, KPU Bali dan Kodam IX/Udayana berkomitmen melakukan verifikasi, pembersihan, serta perbaikan data secara terpadu guna menjamin keakuratan dan akuntabilitas daftar pemilih di Bali. Di sisi lain, Kodam IX/Udayana turut menegaskan komitmennya untuk menjamin netralitas prajurit serta siap memberikan dukungan pengamanan dan deteksi dini guna mengantisipasi potensi gangguan keamanan selama tahapan pemilu berlangsung.Melalui kerja sama ini, KPU Provinsi Bali dan Kodam IX/Udayana berharap tercipta koordinasi yang intensif dan berkesinambungan. Sinergi lintas lembaga ini menjadi wujud komitmen bersama dalam mengawal penyelenggaraan Pemilu dan Pemilihan di Bali agar dapat berjalan aman, lancar, transparan, dan berintegritas. 


                                
                                
                                
                                
                                
                                            
                                        
                                                                    

                                


                                
                                                                    
                                    
                                
                                                                                                                                                                                
                            
                            
                                                                        
                                                                
                                    
                                        
                                            Berita
                                        
                                    
                                    Terbaru Lainnya
                                
                                
                            
                            
                                    
                                    
                                        Memuat berita terbaru.....",RRI.co.id,"Dajan Peken, 82114, Tabanan, Tabanan, Bali, Indonesia",-8.536609490935,115.13552944186335,5,"2, 7","kejaksaan, kejatibali, kejaritabanan, tabanan, news"
Indonesia Reports Higher Foreign Visits and Domestic Travel,2026-10-01T12:55:00.000Z,"Kabupaten Tabanan, Bali, Indonesia",Indonesia Reports Higher Foreign Visits and Domestic Travel - RRI.co.id,"National
                                                
                                            
                                                                            
                                    
                                    
                                        
                                            01 Okt 2026 19:55
                                            WIB
                                        
                                        
                                             Voice of Indonesia
                                        
                                    
                                    
                                                                                                                                
                                                                                
                                        
                                            
                                                Editor -
                                                Lasti Martina
                                            
                                        
                                    
                                

                                                                                                            
                                                
                                                                                                            Poin Utama
                                                                                                    
                                                
                                                                                                            
                                                            According to the BPS, the number of foreign tourist visits from January to August 2026 reached 10.58 million, a 5.38 percent increase compared to the same period in 2025.
                                                        
                                                                                                            
                                                            The BPS also recorded that domestic tourist trips in August 2026 reached 104.30 million, an 11.47 percent increase compared to August 2025.
                                                        
                                                                                                    
                                            
                                                                                                    

                                

                                                                                                            
                                        
                                                                                    
                                                
                                                    
                                                

                                                                                                    
                                                        File Photo – Foreign tourists visit the Ulun Danu Beratan tourist attraction in Tabanan, Bali. Visits by foreign tourists and trips by domestic tourists in Indonesia continued to rise throughout 2026.","(Photo: Antara/Nyoman Hendra Wibowo)
                                                    
                                                                                            
                                                                                                            
                                
                                RRI.CO.ID, Jakarta – Visits by foreign tourists and trips by domestic tourists in Indonesia continued to rise throughout 2026. This increase reflects robust tourist mobility and is driving greater economic activity linked to the tourism sector across various regions.Central Bureau of Statistics (BPS) recorded that the number of foreign tourist visits from January to August 2026 reached 10.58 million, a 5.38 percent increase compared to the same period in 2025.Deputy for Distribution and Services Statistics at BPS, Ateng Hartono, stated that on a monthly basis, foreign tourist visits in August 2026 reached 1.60 million, up 6.27 percent compared to August 2025.""Thus, the cumulative figure for foreign tourist visits from January to August 2026 reached 10.58 million, a 5.38 percent increase compared to the same period the previous year,"" Ateng said in an official statement, in Jakarta, Thursday, October 1, 2026, as quoted by Antara.In August 2026, tourists holding Malaysian passports accounted for the largest share of visits at 18.52 percent.","Pada Hari Kamis , 1 Oktober 2026 12:55, Tabanan, Tabanan, Bali

National
                                                
                                            
                                                                            
                                    
                                    
                                        
                                            01 Okt 2026 19:55
                                            WIB
                                        
                                        
                                             Voice of Indonesia
                                        
                                    
                                    
                                                                                                                                
                                                                                
                                        
                                            
                                                Editor -
                                                Lasti Martina
                                            
                                        
                                    
                                

                                                                                                            
                                                
                                                                                                            Poin Utama
                                                                                                    
                                                
                                                                                                            
                                                            According to the BPS, the number of foreign tourist visits from January to August 2026 reached 10.58 million, a 5.38 percent increase compared to the same period in 2025.
                                                        
                                                                                                            
                                                            The BPS also recorded that domestic tourist trips in August 2026 reached 104.30 million, an 11.47 percent increase compared to August 2025.
                                                        
                                                                                                    
                                            
                                                                                                    

                                

                                                                                                            
                                        
                                                                                    
                                                
                                                    
                                                

                                                                                                    
                                                        File Photo – Foreign tourists visit the Ulun Danu Beratan tourist attraction in Tabanan, Bali.  Visits by foreign tourists and trips by domestic tourists in Indonesia continued to rise throughout 2026. (Photo: Antara/Nyoman Hendra Wibowo)
                                                    
                                                                                            
                                                                                                            
                                
                                RRI.CO.ID, Jakarta – Visits by foreign tourists and trips by domestic tourists in Indonesia continued to rise throughout 2026. This increase reflects robust tourist mobility and is driving greater economic activity linked to the tourism sector across various regions.Central Bureau of Statistics (BPS) recorded that the number of foreign tourist visits from January to August 2026 reached 10.58 million, a 5.38 percent increase compared to the same period in 2025.Deputy for Distribution and Services Statistics at BPS, Ateng Hartono, stated that on a monthly basis, foreign tourist visits in August 2026 reached 1.60 million, up 6.27 percent compared to August 2025.""Thus, the cumulative figure for foreign tourist visits from January to August 2026 reached 10.58 million, a 5.38 percent increase compared to the same period the previous year,"" Ateng said in an official statement, in Jakarta, Thursday, October 1, 2026, as quoted by Antara.In August 2026, tourists holding Malaysian passports accounted for the largest share of visits at 18.52 percent. They were followed by tourists from Australia (10.75 percent) and China (10.16 percent).Growth was also observed in domestic tourists. The BPS recorded that domestic tourist trips in August 2026 reached 104.30 million, an 11.47 percent increase compared to August 2025.From January to August 2026, the cumulative number of domestic tourist trips totaled 842.15 million. This figure represents a 4.29 percent increase compared to the same period the previous year.Ateng stated that this achievement marks the highest level recorded for this period since 2019, prior to the COVID-19 pandemic. According to him, these figures indicate that public interest and mobility regarding domestic tourism continue to grow year-on-year.The increase in foreign and domestic tourist visits has implications for tourism-related economic activity. Increased tourist mobility has the potential to drive demand for various services, ranging from accommodation and transportation to food and beverages, as well as local economic activities and businesses at tourist destinations.The growth in foreign tourist numbers demonstrates sustained demand from several of Indonesia's key markets, particularly Malaysia, Australia, and China.Meanwhile, the high volume of domestic tourist trips highlights the significant role the domestic market plays in sustaining tourism activity. Domestic tourist movement serves as a vital source of economic activity for various regions, especially destinations that rely on domestic visitors.Thus, the increase in tourist numbers from January to August 2026 reflects not only the growth in mobility among the public and foreign visitors but also indicates increasingly active economic engagement within Indonesia's tourism sector. *** 


                                
                                
                                
                                
                                
                                            
                                        
                                                                    

                                


                                
                                                                    
                                    
                                
                                                                                                                                                                                
                            
                            
                                                                        
                                                                
                                    
                                        
                                            Berita
                                        
                                    
                                    Terbaru Lainnya
                                
                                
                            
                            
                                    
                                    
                                        Memuat berita terbaru.....",RRI.co.id,"Dajan Peken, 82114, Tabanan, Tabanan, Bali, Indonesia",-8.536609490935,115.13552944186335,5,"2, 7","kejaksaan, kejatibali, kejaritabanan, tabanan, news"
Sebanyak 1304 Sentra KI Terbentuk DJKI Siapkan Pembinaan hingga Tahap Hilirisasi,2026-09-26T05:29:00.000Z,"Kabupaten Tabanan, Bali, Indonesia","Sebanyak 1.304 Sentra KI Terbentuk, DJKI Siapkan Pembinaan hingga Tahap Hilirisasi - RRI.co.id","RRI.CO.ID, Jakarta — Sentra Kekayaan Intelektual (KI) di Indonesia melonjak menjadi 1.304 sentra pada 2026, atau bertambah 878 sentra dibandingkan 2025. Direktorat Jenderal Kekayaan Intelektual (DJKI) Kementerian Hukum kini menyiapkan pembinaan bertahap agar Sentra KI tidak sekadar bertambah secara jumlah, tetapi mampu mendampingi kreator, peneliti, inventor, dan pelaku usaha hingga tahap pengembangan dan hilirisasi.Direktur Jenderal Kekayaan Intelektual, Hermansyah Siregar, mengatakan peningkatan jumlah Sentra KI harus diikuti penguatan kapasitas pengelola agar keberadaannya memberikan manfaat nyata bagi ekosistem KI di daerah.","“1.304 Sentra KI yang telah terbentuk menjadi modal penting untuk memperluas akses terhadap ekosistem KI. Selanjutnya, kapasitasnya perlu diperkuat agar dapat mendampingi kreator, peneliti, inventor, dan pelaku usaha dalam melindungi serta mengembangkan karya dan inovasinya,” ujar Hermansyah.Jumlah tersebut meningkat dari 426 Sentra KI pada 2025 menjadi 1.304 Sentra KI pada 2026.","Pada Hari Sabtu , 26 September 2026 05:29, Tabanan, Tabanan, Bali

RRI.CO.ID, Jakarta — Sentra Kekayaan Intelektual (KI) di Indonesia melonjak menjadi 1.304 sentra pada 2026, atau bertambah 878 sentra dibandingkan 2025. Direktorat Jenderal Kekayaan Intelektual (DJKI) Kementerian Hukum kini menyiapkan pembinaan bertahap agar Sentra KI tidak sekadar bertambah secara jumlah, tetapi mampu mendampingi kreator, peneliti, inventor, dan pelaku usaha hingga tahap pengembangan dan hilirisasi.Direktur Jenderal Kekayaan Intelektual, Hermansyah Siregar, mengatakan peningkatan jumlah Sentra KI harus diikuti penguatan kapasitas pengelola agar keberadaannya memberikan manfaat nyata bagi ekosistem KI di daerah. “1.304 Sentra KI yang telah terbentuk menjadi modal penting untuk memperluas akses terhadap ekosistem KI. Selanjutnya, kapasitasnya perlu diperkuat agar dapat mendampingi kreator, peneliti, inventor, dan pelaku usaha dalam melindungi serta mengembangkan karya dan inovasinya,” ujar Hermansyah.Jumlah tersebut meningkat dari 426 Sentra KI pada 2025 menjadi 1.304 Sentra KI pada 2026. Artinya, terdapat tambahan 878 sentra atau pertumbuhan sekitar 206 persen. Pembentukan Sentra KI dilakukan melalui Perjanjian Kerja Sama (PKS) antara Kantor Wilayah Kementerian Hukum dengan perguruan tinggi, Badan Riset dan Inovasi Daerah (BRIDA), maupun lembaga penelitian.Capaian tersebut didukung optimalisasi peran Kantor Wilayah, sinergi dengan Lembaga Layanan Pendidikan Tinggi (LLDIKTI), serta pengendalian, pembinaan, monitoring, dan evaluasi yang dilakukan DJKI terhadap kinerja Kantor Wilayah. Berdasarkan data terbaru, Jawa Barat memiliki jumlah Sentra KI terbanyak dengan 179 sentra. Selanjutnya Jawa Timur 110 sentra dan Daerah Khusus Jakarta 108 sentra.DJKI mengarahkan keberadaan Sentra KI untuk membangun rantai nilai kekayaan intelektual dari hulu hingga hilir. Sentra KI diharapkan mampu mengidentifikasi potensi karya dan inovasi, meningkatkan kesadaran masyarakat untuk memperoleh pelindungan KI, serta membantu mengembangkan KI yang telah terlindungi melalui skema lisensi, waralaba, maupun hilirisasi.“Keberhasilan Sentra KI nantinya tidak hanya diukur dari jumlah yang terbentuk, tetapi dari kemampuan menjalankan fungsi sesuai tingkat kematangannya. Karena itu, pembinaan harus dilakukan secara terarah dan bertahap,” kata Hermansyah.Menurutnya, pertumbuhan Sentra KI juga diharapkan mendorong kreator dan inventor di berbagai daerah semakin aktif menghasilkan karya dan inovasi. Peningkatan tersebut pada akhirnya berpotensi mendorong bertambahnya permohonan pelindungan KI secara nasional.KI yang telah mendapatkan pelindungan selanjutnya dapat dikembangkan menjadi aset bernilai ekonomi melalui lisensi, waralaba, maupun berbagai skema hilirisasi lainnya. “Seluruh rantai ekosistem ini pada akhirnya akan menjadikan KI sebagai pilar utama dalam mengakselerasi pertumbuhan ekonomi makro, membuka lapangan kerja baru, dan meningkatkan daya saing bangsa di kancah global,” jelas Hermansyah.Untuk menentukan pola pembinaan, DJKI akan melakukan penilaian tingkat kematangan atau clustering terhadap Sentra KI. Pada tahap rintisan, pembinaan difokuskan pada edukasi KI, identifikasi potensi karya atau invensi, konsultasi dasar, serta pendampingan penyusunan draf permohonan pelindungan.Sementara tahap berkembang ditujukan bagi Sentra KI yang telah memiliki standar operasional prosedur (SOP) dan sumber daya manusia (SDM) yang memadai. Pada tahap ini, Sentra KI diharapkan mampu melakukan penelusuran dokumen paten (prior art), memfasilitasi kompensasi bagi inventor, serta membangun kemitraan regional.Adapun tahap maju diarahkan pada kemampuan melakukan valuasi KI, menyusun strategi lisensi komersial, melakukan negosiasi alih teknologi dengan mitra industri, hingga mendorong pembentukan spin-off. Untuk mendukung standardisasi pengelolaan, DJKI telah menyusun Buku Panduan Pengelolaan Sentra KI pada Perguruan Tinggi. Panduan tersebut menjadi acuan tata kelola sekaligus diarahkan untuk mendorong Sentra KI berkembang menjadi pusat inkubasi dan hilirisasi hasil riset akademik.DJKI juga merencanakan Forum Koordinasi Nasional Sentra KI sebagai agenda rutin tahunan untuk menyelaraskan pembinaan Sentra KI di berbagai wilayah. Melalui penguatan tersebut, DJKI mendorong kreator, peneliti, inventor, perguruan tinggi, dan pelaku usaha untuk semakin aktif mengidentifikasi dan melindungi karya maupun inovasinya.Pelindungan KI memberikan kepastian hukum sekaligus menjadi dasar bagi pengembangan dan pemanfaatan kekayaan intelektual secara berkelanjutan.",RRI.co.id,"Dajan Peken, 82114, Tabanan, Tabanan, Bali, Indonesia",-8.536609490935,115.13552944186335,5,"2, 7","kejaksaan, kejatibali, kejaritabanan, tabanan, news"
Bukan Sekadar Ritual Ini Makna Simbol dalam Pernikahan Hindu,2026-09-29T00:38:00.000Z,"Kabupaten Tabanan, Bali, Indonesia","Bukan Sekadar Ritual, Ini Makna Simbol dalam Pernikahan Hindu - RRI.co.id","Budaya
                                                
                                            
                                                                            
                                    
                                    
                                        
                                            29 Sep 2026 07:38
                                            WIB
                                        
                                        
                                             Denpasar
                                        
                                    
                                    
                                                                                                                                
                                                                                
                                        
                                            
                                                Editor -
                                                Ni Nyoman Kasih
                                            
                                        
                                    
                                

                                                                                                            
                                                
                                                                                                            Poin Utama
                                                                                                    
                                                
                                                                                                            
                                                            Program Obrolan Galang Kangin membahas makna mendalam dari setiap simbol dan rangkaian dalam upacara pernikahan bersama narasumber Ajik Tibah dan Beli Kejoer.
                                                        
                                                                                                            
                                                            Upacara pernikahan dipandang sebagai tahapan penting yang tidak hanya sekadar melengkapi ritual, tetapi membawa makna dan harapan khusus bagi kehidupan pasangan pengantin.
                                                        
                                                                                                            
                                                            Pernikahan merupakan awal dari tanggung jawab baru, seperti yang dikemukakan Tibah dengan istilah 'teteganan' yang menunjukkan bertambahnya beban tanggung jawab setelah membangun rumah tangga.
                                                        
                                                                                                    
                                            
                                                                                                    

                                

                                                                                                            
                                        
                                                                                    
                                                
                                                    
                                                

                                                                                                    
                                                        Ilustrasi Gambar : Pernikahan dipandang sebagai tahapan penting dalam kehidupan yang membawa tanggung jawab baru bagi pasangan. (Photo : DOK)
                                                    
                                                                                            
                                                                                                            
                                
                                RRI.CO.ID, Denpasar - Program Obrolan Galang Kangin di Pro 4 RRI Denpasar membahas makna simbol dalam rangkaian upacara pernikahan bersama Ajik Tibah dan Beli Kejoer, Selasa, 29 September 2026.","Obrolan tersebut mengajak pendengar memahami bahwa berbagai sarana dan rangkaian dalam upacara pernikahan tidak sekadar menjadi pelengkap, tetapi memiliki makna dan harapan bagi kehidupan pasangan pengantin.Dalam perbincangan, pernikahan dipandang sebagai tahapan penting dalam kehidupan yang membawa tanggung jawab baru bagi pasangan. “Ini kan teteganan,” ujar Tibah saat menjelaskan bertambahnya tanggung jawab setelah seseorang membangun rumah tangga.Tanggung jawab tersebut antara lain berkaitan dengan kehidupan keluarga, pengelolaan rumah tangga, serta pengambilan keputusan bersama antara suami dan istri.","Pada Hari Selasa , 29 September 2026 00:38, Tabanan, Tabanan, Bali

Budaya
                                                
                                            
                                                                            
                                    
                                    
                                        
                                            29 Sep 2026 07:38
                                            WIB
                                        
                                        
                                             Denpasar
                                        
                                    
                                    
                                                                                                                                
                                                                                
                                        
                                            
                                                Editor -
                                                Ni Nyoman Kasih
                                            
                                        
                                    
                                

                                                                                                            
                                                
                                                                                                            Poin Utama
                                                                                                    
                                                
                                                                                                            
                                                            Program Obrolan Galang Kangin membahas makna mendalam dari setiap simbol dan rangkaian dalam upacara pernikahan bersama narasumber Ajik Tibah dan Beli Kejoer.
                                                        
                                                                                                            
                                                            Upacara pernikahan dipandang sebagai tahapan penting yang tidak hanya sekadar melengkapi ritual, tetapi membawa makna dan harapan khusus bagi kehidupan pasangan pengantin.
                                                        
                                                                                                            
                                                            Pernikahan merupakan awal dari tanggung jawab baru, seperti yang dikemukakan Tibah dengan istilah 'teteganan' yang menunjukkan bertambahnya beban tanggung jawab setelah membangun rumah tangga.
                                                        
                                                                                                    
                                            
                                                                                                    

                                

                                                                                                            
                                        
                                                                                    
                                                
                                                    
                                                

                                                                                                    
                                                        Ilustrasi Gambar : Pernikahan dipandang sebagai tahapan penting dalam kehidupan yang membawa tanggung jawab baru bagi pasangan. (Photo : DOK)
                                                    
                                                                                            
                                                                                                            
                                
                                RRI.CO.ID, Denpasar - Program Obrolan Galang Kangin di Pro 4 RRI Denpasar membahas makna simbol dalam rangkaian upacara pernikahan bersama Ajik Tibah dan Beli Kejoer, Selasa, 29 September 2026. Obrolan tersebut mengajak pendengar memahami bahwa berbagai sarana dan rangkaian dalam upacara pernikahan tidak sekadar menjadi pelengkap, tetapi memiliki makna dan harapan bagi kehidupan pasangan pengantin.Dalam perbincangan, pernikahan dipandang sebagai tahapan penting dalam kehidupan yang membawa tanggung jawab baru bagi pasangan. “Ini kan teteganan,” ujar Tibah saat menjelaskan bertambahnya tanggung jawab setelah seseorang membangun rumah tangga.Tanggung jawab tersebut antara lain berkaitan dengan kehidupan keluarga, pengelolaan rumah tangga, serta pengambilan keputusan bersama antara suami dan istri. Karena itu, setiap persoalan dalam kehidupan rumah tangga perlu dibicarakan melalui kesepakatan dan musyawarah agar keputusan yang diambil dapat diterima kedua pihak.“Apapun sesuatu peristiwa harus disepakati, harus ada musyawarah,” ucap Kejoer. Prinsip tersebut menunjukkan pentingnya komunikasi dan kesepakatan dalam menjalani kehidupan bersama setelah pernikahan.Pembahasan juga menyinggung tujuan pernikahan dalam konteks keberlanjutan kehidupan dan generasi. Pernikahan disebut sebagai salah satu tahapan untuk membangun keluarga serta meneruskan keturunan, sekaligus membina hubungan yang baik antara pasangan dan keluarga.Selain memiliki tujuan dalam kehidupan keluarga, setiap rangkaian upacara pernikahan juga mengandung simbol tertentu. “Di dalam setiap rangkaian upacara ini, ada harapan-harapan yang dimiliki oleh pengantin, tapi diwujudkan dalam bentuk simbolis,” ujar Kejoer.Simbol dalam upacara keagamaan Hindu disebut memiliki makna yang mendalam dan menjadi media untuk menyampaikan nilai maupun harapan yang tidak selalu diwujudkan secara langsung. “Agama Hindu, memang agama simbol,” ungkap Kejoer.Salah satu pembahasan juga mengaitkan simbol dengan hubungan kehidupan manusia, termasuk hubungan antara generasi, lingkungan kehidupan, serta tanggung jawab dalam keluarga. Berbagai sarana yang digunakan dalam upacara karenanya tidak hanya dipandang dari bentuknya, tetapi juga dari makna yang terkandung di dalamnya.Melalui dialog tersebut, Ajik Tibah dan Beli Kejoer mengajak masyarakat untuk tidak melihat upacara pernikahan hanya sebagai rangkaian tradisi yang dilaksanakan secara turun-temurun. Pemahaman terhadap simbol dinilai penting agar pelaksanaan upacara dapat disertai kesadaran mengenai nilai, harapan, dan tanggung jawab yang menyertainya. 


                                
                                
                                
                                
                                
                                            
                                        
                                                                    

                                


                                
                                                                    
                                    
                                
                                                                                                                                                                                
                            
                            
                                                                        
                                                                
                                    
                                        
                                            Berita
                                        
                                    
                                    Terbaru Lainnya
                                
                                
                            
                            
                                    
                                    
                                        Memuat berita terbaru.....",RRI.co.id,"Dajan Peken, 82114, Tabanan, Tabanan, Bali, Indonesia",-8.536609490935,115.13552944186335,5,"2, 7","kejaksaan, kejatibali, kejaritabanan, tabanan, news"
Pemkab Gianyar Teguhkan Semangat Persatuan di Hari Kesaktian Pancasila,2026-10-01T02:22:00.000Z,"Kabupaten Tabanan, Bali, Indonesia",Pemkab Gianyar Teguhkan Semangat Persatuan di Hari Kesaktian Pancasila - RRI.co.id,"Pemkab Gianyar Teguhkan Semangat Persatuan di Hari Kesaktian Pancasila (Foto: Pemkab Gianyar)
                                                    
                                                                                            
                                                                                                            
                                
                                RRI.CO.ID, Gianyar - Pemerintah Kabupaten Gianyar memperingati Hari Kesaktian Pancasila melalui upacara di Halaman Kantor Bupati Gianyar pada Kamis, 1 Oktober 2026. Peringatan tersebut menjadi momentum peneguhan komitmen untuk menjaga persatuan serta mempertahankan Pancasila sebagai dasar dan ideologi negara.Dalam upacara yang berlangsung khidmat, Kepala Bagian Organisasi Setda Kabupaten Gianyar, Made Sukania Dwiyani Prajnya Paramita, membacakan Ikrar Hari Kesaktian Pancasila yang ditandatangani oleh Ketua DPR RI, Puan Maharani.","Ikrar tersebut menegaskan bahwa meski perjalanan bangsa sejak 17 Agustus 1945 kerap menghadapi berbagai dinamika dan tantangan, semangat kebersamaan tetap mampu memperkokoh tegaknya Negara Kesatuan Republik Indonesia.""Maka di hadapan Tuhan Yang Maha Esa, dalam memperingati Hari Kesaktian Pancasila, kami membulatkan tekad untuk tetap mempertahankan dan mengamalkan nilai-nilai Pancasila sebagai sumber kekuatan menggalang kebersamaan untuk memperjuangkan, menegakkan kebenaran dan keadilan demi keutuhan Negara Kesatuan Republik Indonesia,"" ujar Sukania Dwiyani.Peringatan Hari Kesaktian Pancasila yang berkaitan dengan peristiwa sejarah 30 September 1965 ini diharapkan tidak hanya sekadar seremonial, tetapi menjadi refleksi bersama untuk terus merawat gotong royong, toleransi, dan keharmonisan di masyarakat. Berita
                                        
                                    
                                    Terbaru Lainnya
                                
                                
                            
                            
                                    
                                    
                                        Memuat berita terbaru......","Pada Hari Kamis , 1 Oktober 2026 02:22, Tabanan, Tabanan, Bali

Pemkab Gianyar Teguhkan Semangat Persatuan di Hari Kesaktian Pancasila (Foto: Pemkab Gianyar)
                                                    
                                                                                            
                                                                                                            
                                
                                RRI.CO.ID, Gianyar - Pemerintah Kabupaten Gianyar memperingati Hari Kesaktian Pancasila melalui upacara di Halaman Kantor Bupati Gianyar pada Kamis, 1 Oktober 2026. Peringatan tersebut menjadi momentum peneguhan komitmen untuk menjaga persatuan serta mempertahankan Pancasila sebagai dasar dan ideologi negara.Dalam upacara yang berlangsung khidmat, Kepala Bagian Organisasi Setda Kabupaten Gianyar, Made Sukania Dwiyani Prajnya Paramita, membacakan Ikrar Hari Kesaktian Pancasila yang ditandatangani oleh Ketua DPR RI, Puan Maharani. Ikrar tersebut menegaskan bahwa meski perjalanan bangsa sejak 17 Agustus 1945 kerap menghadapi berbagai dinamika dan tantangan, semangat kebersamaan tetap mampu memperkokoh tegaknya Negara Kesatuan Republik Indonesia.""Maka di hadapan Tuhan Yang Maha Esa, dalam memperingati Hari Kesaktian Pancasila, kami membulatkan tekad untuk tetap mempertahankan dan mengamalkan nilai-nilai Pancasila sebagai sumber kekuatan menggalang kebersamaan untuk memperjuangkan, menegakkan kebenaran dan keadilan demi keutuhan Negara Kesatuan Republik Indonesia,"" ujar Sukania Dwiyani.Peringatan Hari Kesaktian Pancasila yang berkaitan dengan peristiwa sejarah 30 September 1965 ini diharapkan tidak hanya sekadar seremonial, tetapi menjadi refleksi bersama untuk terus merawat gotong royong, toleransi, dan keharmonisan di masyarakat. 


                                
                                
                                
                                
                                
                                            
                                        
                                                                    

                                


                                
                                                                    
                                    
                                
                                                                                                                                                                                
                            
                            
                                                                        
                                                                
                                    
                                        
                                            Berita
                                        
                                    
                                    Terbaru Lainnya
                                
                                
                            
                            
                                    
                                    
                                        Memuat berita terbaru.....",RRI.co.id,"Dajan Peken, 82114, Tabanan, Tabanan, Bali, Indonesia",-8.536609490935,115.13552944186335,5,"2, 7","kejaksaan, kejatibali, kejaritabanan, tabanan, news"
AI Mulai Ikut Bercerita Seperti Apa Masa Depan Film,2026-09-28T07:02:00.000Z,"Kabupaten Tabanan, Bali, Indonesia","AI Mulai Ikut Bercerita, Seperti Apa Masa Depan Film? - RRI.co.id","Hiburan
                                                
                                            
                                                                            
                                    
                                    
                                        
                                            28 Sep 2026 14:02
                                            WIB
                                        
                                        
                                             Denpasar
                                        
                                    
                                    
                                                                                                                                
                                                                                
                                        
                                            
                                                Editor -
                                                Ni Putu Widyawati
                                            
                                        
                                    
                                

                                                                                                                                    

                                

                                                                                                            
                                        
                                                                                    
                                                
                                                    
                                                

                                                                                                    
                                                        BIAIFF 2026 mempertemukan insan perfilman dari berbagai negara (Foto:dok)
                                                    
                                                                                            
                                                                                                            
                                
                                RRI.CO.ID, Denpasar – Bayangkan membuat sebuah film dengan bantuan teknologi yang mampu menghasilkan visual, karakter, musik hingga berbagai elemen cerita. Perkembangan Artificial Intelligence (AI) kini mulai membuka kemungkinan baru dalam dunia perfilman.Fenomena tersebut menjadi salah satu hal yang diangkat dalam Bali International AI Film Festival (BIAIFF) Season 5.","Festival ini akan digelar pada 30 September 2026 di Paradiso Ubud, Bali, dan menghadirkan berbagai karya film yang memanfaatkan AI dalam proses kreatifnya.Karya yang ditampilkan tidak terbatas pada film pendek. BIAIFF juga membuka ruang untuk dokumenter, film feature, music video, animasi hingga karya eksperimental.","Pada Hari Senin , 28 September 2026 07:02, Tabanan, Tabanan, Bali

Hiburan
                                                
                                            
                                                                            
                                    
                                    
                                        
                                            28 Sep 2026 14:02
                                            WIB
                                        
                                        
                                             Denpasar
                                        
                                    
                                    
                                                                                                                                
                                                                                
                                        
                                            
                                                Editor -
                                                Ni Putu Widyawati
                                            
                                        
                                    
                                

                                                                                                                                    

                                

                                                                                                            
                                        
                                                                                    
                                                
                                                    
                                                

                                                                                                    
                                                        BIAIFF 2026 mempertemukan insan perfilman dari berbagai negara (Foto:dok)
                                                    
                                                                                            
                                                                                                            
                                
                                RRI.CO.ID, Denpasar – Bayangkan membuat sebuah film dengan bantuan teknologi yang mampu menghasilkan visual, karakter, musik hingga berbagai elemen cerita. Perkembangan Artificial Intelligence (AI) kini mulai membuka kemungkinan baru dalam dunia perfilman.Fenomena tersebut menjadi salah satu hal yang diangkat dalam Bali International AI Film Festival (BIAIFF) Season 5. Festival ini akan digelar pada 30 September 2026 di Paradiso Ubud, Bali, dan menghadirkan berbagai karya film yang memanfaatkan AI dalam proses kreatifnya.Karya yang ditampilkan tidak terbatas pada film pendek. BIAIFF juga membuka ruang untuk dokumenter, film feature, music video, animasi hingga karya eksperimental. Kehadiran berbagai format ini menunjukkan semakin luasnya eksplorasi kreator terhadap teknologi AI.Mengusung tema “The Soul of Storytelling, Reimagined by Code”, BIAIFF tidak hanya berbicara tentang kecanggihan teknologi. Festival ini juga mengajak melihat bagaimana AI dapat menjadi medium baru untuk menyampaikan ide dan cerita.Meski teknologi semakin canggih, manusia tetap memiliki peran penting dalam menentukan gagasan, sudut pandang dan pesan yang ingin disampaikan. AI dapat membantu mewujudkan sebuah ide, tetapi cerita tetap membutuhkan perspektif dan pengalaman manusia.Melalui BIAIFF, Bali menjadi salah satu ruang untuk melihat pertemuan antara teknologi dan seni. Menarik untuk melihat apakah perkembangan AI nantinya hanya mengubah cara film dibuat, atau sekaligus mengubah cara manusia bercerita. 


                                
                                
                                
                                
                                
                                            
                                        
                                                                    

                                


                                
                                                                    
                                    
                                
                                                                                                                                                                                
                            
                            
                                                                        
                                                                
                                    
                                        
                                            Berita
                                        
                                    
                                    Terbaru Lainnya
                                
                                
                            
                            
                                    
                                    
                                        Memuat berita terbaru.....",RRI.co.id,"Dajan Peken, 82114, Tabanan, Tabanan, Bali, Indonesia",-8.536609490935,115.13552944186335,5,"2, 7","kejaksaan, kejatibali, kejaritabanan, tabanan, news"
Perubahan Cuaca Cepat Kesiapsiagaan Perlu Diperkuat,2026-09-26T05:29:00.000Z,"Kabupaten Tabanan, Bali, Indonesia","Perubahan Cuaca Cepat, Kesiapsiagaan Perlu Diperkuat - RRI.co.id","Perubahan Cuaca Cepat, Kesiapsiagaan Perlu Diperkuat. (Foto: RRI/Tri Larasati)
                                                    
                                                                                            
                                                                                                            
                                
                                RRI.CO.ID, Denpasar - Perubahan kondisi cuaca yang berlangsung cepat dan dinamis mendorong masyarakat meningkatkan kesiapsiagaan terhadap berbagai potensi dampak hidrometeorologi.","Pemantauan kondisi cuaca secara berkala dinilai penting untuk mendukung langkah antisipasi, termasuk dalam pengelolaan sumber daya air. Prakirawan BBMKG Wilayah III Denpasar, Agus Mahendra, mengatakan kondisi cuaca di Bali dalam beberapa waktu ke depan berpotensi mengalami penurunan curah hujan, khususnya di wilayah Bali bagian utara dan barat.","Pada Hari Sabtu , 26 September 2026 05:29, Tabanan, Tabanan, Bali

Perubahan Cuaca Cepat, Kesiapsiagaan Perlu Diperkuat. (Foto: RRI/Tri Larasati)
                                                    
                                                                                            
                                                                                                            
                                
                                RRI.CO.ID, Denpasar - Perubahan kondisi cuaca yang berlangsung cepat dan dinamis mendorong masyarakat meningkatkan kesiapsiagaan terhadap berbagai potensi dampak hidrometeorologi. Pemantauan kondisi cuaca secara berkala dinilai penting untuk mendukung langkah antisipasi, termasuk dalam pengelolaan sumber daya air. Prakirawan BBMKG Wilayah III Denpasar, Agus Mahendra, mengatakan kondisi cuaca di Bali dalam beberapa waktu ke depan berpotensi mengalami penurunan curah hujan, khususnya di wilayah Bali bagian utara dan barat. ""Potensi curah hujan berkurang khususnya di wilayah Bali bagian utara dan barat, kami himbau untuk bijak menggunakan air bersih untuk mengantisipasi adanya krisis supply air bersih,"" ujar Agus Mahendra pada Jumat, 25 September 2026.Penurunan curah hujan perlu menjadi perhatian, terutama apabila berlangsung dalam periode tertentu dan berpotensi memengaruhi ketersediaan sumber air. Masyarakat, sektor pertanian, maupun pelaku kegiatan yang memiliki ketergantungan terhadap sumber daya air diharapkan dapat melakukan langkah efisiensi dan menghindari penggunaan air secara berlebihan.""Lakukan update secara berkala untuk segala perubahan cuaca terbaru, di website, maupun kanal informasi resmi BMKG,"" katanya.Dengan kesiapsiagaan yang didukung informasi cuaca yang akurat, masyarakat diharapkan mampu beradaptasi terhadap perubahan kondisi atmosfer sekaligus menjaga keberlanjutan pemanfaatan sumber daya alam, khususnya ketersediaan air bersih. 


                                
                                
                                
                                
                                
                                            
                                        
                                                                    

                                


                                
                                                                    
                                    
                                
                                                                                                                                                                                
                            
                            
                                                                        
                                                                
                                    
                                        
                                            Berita
                                        
                                    
                                    Terbaru Lainnya
                                
                                
                            
                            
                                    
                                    
                                        Memuat berita terbaru.....",RRI.co.id,"Dajan Peken, 82114, Tabanan, Tabanan, Bali, Indonesia",-8.536609490935,115.13552944186335,5,"2, 7","kejaksaan, kejatibali, kejaritabanan, tabanan, news"
Perkuat Penerapan Bangunan Hijau GBCI Bali Gandeng Perguruan Tinggi dan Asosiasi,2026-09-27T03:02:00.000Z,"Kabupaten Tabanan, Bali, Indonesia","Perkuat Penerapan Bangunan Hijau, GBCI Bali Gandeng Perguruan Tinggi dan Asosiasi - RRI.co.id","RRI.CO.ID, Denpasar - Green Building Council Indonesia (GBCI) Bali menggelar Indonesia Green Building Festival 2026, di Auditorium Fakultas Teknik Universitas Warmadewa, Sabtu 26 September 2026. Bangun Indonesia : Bali Chapter bertajuk ""Pembangunan ""Hijau"" untuk Masa Depan Bali"" tersebut dirangkaikan dengan penandatangan Memorandum of Agreement (MoA) antara GBCI Bali dengan sejumlah asosiasi dan perguruan tinggi.Perguruan tinggi yang menandatangan MoA, di antaranya Universitas Udayana, Universitas Ngurah Rai dan Universitas Dwijendra.","Sedangkan asosiasi yang menyepakati kerjasama dengan GBCI, di antaranya Ikatan Arsitek Indonesia (IAI), Ikatan Arsitek Lanskap Indonesia (IALI), Persatuan Insinyur Indonesia (PII), dan Himpunan Desainer Interior Indonesia (HDII).Ketua Green Building Council Indonesia (GBCI) Provinsi Bali, Ir. Ar.","Pada Hari Minggu , 27 September 2026 03:02, Tabanan, Tabanan, Bali

RRI.CO.ID, Denpasar - Green Building Council Indonesia (GBCI) Bali menggelar Indonesia Green Building Festival 2026, di Auditorium Fakultas Teknik Universitas Warmadewa, Sabtu 26 September 2026. Bangun Indonesia : Bali Chapter bertajuk ""Pembangunan ""Hijau"" untuk Masa Depan Bali"" tersebut dirangkaikan dengan penandatangan Memorandum of Agreement (MoA) antara GBCI Bali dengan sejumlah asosiasi dan perguruan tinggi.Perguruan tinggi yang menandatangan MoA, di antaranya Universitas Udayana, Universitas Ngurah Rai dan Universitas Dwijendra. Sedangkan asosiasi yang menyepakati kerjasama dengan GBCI, di antaranya Ikatan Arsitek Indonesia (IAI), Ikatan Arsitek Lanskap Indonesia (IALI), Persatuan Insinyur Indonesia (PII), dan Himpunan Desainer Interior Indonesia (HDII).Ketua Green Building Council Indonesia (GBCI) Provinsi Bali, Ir. Ar. Ari Setya Wibawa, S.T., M.M., IAI, CP., IPM., ASEAN Eng., menjelaskan, MoA ini sebagai wujud kolaborasi lintas sektor. Ia tidak memungkiri, sinergitas menjadi langkah strategis dalam pengimplementasian pembangunan hijau.""Kita sebagai tenaga ahli dan asosiasi ahli tidak bisa sendiri, butuh dukungan regulasi, butuh dukungan dunia pendidikan,"" jelasnya kepada wartawan di sela-sela Green Building Festival 2026, Sabtu 26 September 2026.Ari Setya Wibawa pada kesempatan tersebut turut mengapresiasi kehadiran Kepala Badan Pemeriksa Keuangan Republik Indonesia (BPK RI) Perwakilan Bali, I Gusti Ngurah Satria Perwira, S.E., M.M., Ak., CSFA. Kehadiran itu disebut menjadi komitmen komitmen dukungan dalam mewujudkan berdirinya bangunan hijau di Pulau Dewata.""Kebetulan beliau juga berkenan menjadi Dewan Penasehat GBCI Bali,"" ujarnya.""Beliau di BPK punya kartu truf berbentuk program yang konteksnya mendukung keberlanjutan dan pembangunan keberlanjutan,"" lanjutnya.Terkait Indonesia Green Building Festival 2026, Ari menjelaskan, kegiatan ini diselenggarakan di lima kota. Bali disebut menjadi kota keempat dari gelaran Indonesia Green Building Festival 2026.""Kegiatan ini untuk mendorong, bahwa pembangunan hijau ke depan semakin serius, pembangunan hijau semakin dikolaborasikan dengan pemerintah setempat dan pemerintah pusat,"" ungkapnya.",RRI.co.id,"Dajan Peken, 82114, Tabanan, Tabanan, Bali, Indonesia",-8.536609490935,115.13552944186335,5,"2, 7","kejaksaan, kejatibali, kejaritabanan, tabanan, news"
Pemkab Klungkung Terima Bantuan Armada Terpadu dari PT SMI,2026-09-29T00:25:00.000Z,"Kabupaten Tabanan, Bali, Indonesia",Pemkab Klungkung Terima Bantuan Armada Terpadu dari PT SMI - RRI.co.id,"Perkuat Mitigasi Bencana dan Kebersihan, Pemkab Klungkung Terima Bantuan Armada Terpadu dari PT SMI. (Foto: Humas Pemkab Klungkung)
                                                    
                                                                                            
                                                                                                            
                                
                                RRI.CO.ID, Klungkung - Bupati Klungkung, I Made Satria, didampingi Wakil Bupati Klungkung, Tjokorda Gde Surya Putra, meresmikan dan melakukan serah terima Program Armada Terpadu yang meliputi pengadaan kebutuhan Pemadam Kebakaran (Damkar), Mesin Pencacah Kayu, serta Truk Pick-up Sampah di Kantor Bupati Klungkung pada Senin, 28 September 2026.","Program strategis ini dapat terlaksana berkat dukungan dan kemitraan luar biasa dari PT Sarana Multi Infrastruktur (PT SMI) (Persero) melalui program Corporate Social Responsibility (CSR). Adapun bantuan yang diterima Pemkab Klungkung yakni, 1 Unit Mobil Pick-up Pengangkut Limbah Kayu, 1 Unit Motor Roda 3 Pemadam (Damkar), Unit Pompa Portable dan 1 Unit Mesin Pencacah Kayu.Dalam sambutannya, Bupati Satria menyampaikan apresiasi serta ucapan terima kasih yang tulus kepada PT SMI atas dukungannnya dalam mewujudkan pelayanan publik yang lebih baik bagi masyarakat Kabupaten Klungkung.","Pada Hari Selasa , 29 September 2026 00:25, Tabanan, Tabanan, Bali

Perkuat Mitigasi Bencana dan Kebersihan, Pemkab Klungkung Terima Bantuan Armada Terpadu dari PT SMI. (Foto: Humas Pemkab Klungkung)
                                                    
                                                                                            
                                                                                                            
                                
                                RRI.CO.ID, Klungkung - Bupati Klungkung, I Made Satria, didampingi Wakil Bupati Klungkung, Tjokorda Gde Surya Putra, meresmikan dan melakukan serah terima Program Armada Terpadu yang meliputi pengadaan kebutuhan Pemadam Kebakaran (Damkar), Mesin Pencacah Kayu, serta Truk Pick-up Sampah di Kantor Bupati Klungkung pada Senin, 28 September 2026. Program strategis ini dapat terlaksana berkat dukungan dan kemitraan luar biasa dari PT Sarana Multi Infrastruktur (PT SMI) (Persero) melalui program Corporate Social Responsibility (CSR). Adapun bantuan yang diterima Pemkab Klungkung yakni, 1 Unit Mobil Pick-up Pengangkut Limbah Kayu, 1 Unit Motor Roda 3 Pemadam (Damkar), Unit Pompa Portable dan 1 Unit Mesin Pencacah Kayu.Dalam sambutannya, Bupati Satria menyampaikan apresiasi serta ucapan terima kasih yang tulus kepada PT SMI atas dukungannnya dalam mewujudkan pelayanan publik yang lebih baik bagi masyarakat Kabupaten Klungkung. Bupati berharap kehadiran armada ini bukan sekadar menjadi kendaraan atau alat semata, melainkan wujud harapan baru untuk memberikan rasa aman bagi seluruh masyarakat.“Konsep pelayanan publik dalam penanganan darurat menjadi Cepat, Tepat, dan Menjangkau, sehingga tidak ada lagi alasan keterlambatan penanganan akibat kendala akses,” tegas Bupati Satria.Sementara Direktur PT Sarana Multi Infrastruktur (PT SMI), Faaris Pranawa menyampaikan bahwa kolaborasi ini merupakan bukti nyata bahwa pembangunan infrastruktur tidak hanya tentang fisik jalan dan gedung, melainkan juga tentang membangun ketahanan dan keselamatan manusia. Pemerintah Kabupaten Klungkung berharap kemitraan strategis dengan PT SMI ini dapat terus berlanjut guna mendukung program-program kerakyatan lainnya di masa mendatang. 


                                
                                
                                
                                
                                
                                            
                                        
                                                                    

                                


                                
                                                                    
                                    
                                
                                                                                                                                                                                
                            
                            
                                                                        
                                                                
                                    
                                        
                                            Berita
                                        
                                    
                                    Terbaru Lainnya
                                
                                
                            
                            
                                    
                                    
                                        Memuat berita terbaru.....",RRI.co.id,"Dajan Peken, 82114, Tabanan, Tabanan, Bali, Indonesia",-8.536609490935,115.13552944186335,5,"2, 7","kejaksaan, kejatibali, kejaritabanan, tabanan, news"
Hari Bakti Postel Ke81 Perkuat Kolaborasi Komunitas Bali,2026-09-28T06:29:00.000Z,"Kabupaten Tabanan, Bali, Indonesia",Hari Bakti Postel Ke-81 Perkuat Kolaborasi Komunitas Bali - RRI.co.id,"Peringatan Hari Bakti Postel ke-81 di Bali diisi dengan upacara dan kegiatan donor darah.(Foto:Dok)
                                                    
                                                                                            
                                                                                                            
                                
                                RRI.CO.ID, Denpasar - Peringatan Hari Bakti Postel ke-81 di Bali menjadi momentum untuk memperkuat kebersamaan komunitas pos dan telekomunikasi. Rangkaian kegiatan diisi dengan bakti sosial, donor darah, dan upacara peringatan yang melibatkan berbagai unsur terkait.Ketua Panitia Hari Bakti Postel ke-81, I Made Kartha Susila, mengatakan rangkaian kegiatan sebelumnya telah dilaksanakan melalui bakti sosial di dua yayasan.","Bantuan yang diberikan berupa uang dan sembako, sementara kegiatan donor darah pada puncak peringatan diikuti sekitar 70 peserta.“Hari ini kita melaksanakan puncak dari Hari Bakti Postel yang ke-81. Selain upacara, kita juga melaksanakan kegiatan donor darah yang pendaftarnya sudah mencapai 70 orang,” ujar I Made Kartha Susila.Menurutnya, kegiatan tersebut melibatkan komunitas pos dan telekomunikasi serta berbagai unsur penyiaran di wilayah Bali.","Pada Hari Senin , 28 September 2026 06:29, Tabanan, Tabanan, Bali

Peringatan Hari Bakti Postel ke-81 di Bali diisi dengan upacara dan kegiatan donor darah.(Foto:Dok)
                                                    
                                                                                            
                                                                                                            
                                
                                RRI.CO.ID, Denpasar - Peringatan Hari Bakti Postel ke-81 di Bali menjadi momentum untuk memperkuat kebersamaan komunitas pos dan telekomunikasi. Rangkaian kegiatan diisi dengan bakti sosial, donor darah, dan upacara peringatan yang melibatkan berbagai unsur terkait.Ketua Panitia Hari Bakti Postel ke-81, I Made Kartha Susila, mengatakan rangkaian kegiatan sebelumnya telah dilaksanakan melalui bakti sosial di dua yayasan. Bantuan yang diberikan berupa uang dan sembako, sementara kegiatan donor darah pada puncak peringatan diikuti sekitar 70 peserta.“Hari ini kita melaksanakan puncak dari Hari Bakti Postel yang ke-81. Selain upacara, kita juga melaksanakan kegiatan donor darah yang pendaftarnya sudah mencapai 70 orang,” ujar I Made Kartha Susila.Menurutnya, kegiatan tersebut melibatkan komunitas pos dan telekomunikasi serta berbagai unsur penyiaran di wilayah Bali. Dukungan juga datang dari TNI AD yang turut terlibat dalam pelaksanaan upacara peringatan Hari Bakti Postel ke-81.Kepala Balai Monitor Spektrum Frekuensi Radio dan Infrastruktur Digital (Balmon) Kelas I Denpasar, Indra Sofany, mengatakan peringatan Hari Bakti Postel menjadi pengingat sejarah perjuangan dalam merebut kembali jawatan pos, telegram, dan komunikasi pada 1945. Balmon Denpasar juga memiliki peran dalam menjaga penggunaan spektrum frekuensi radio sekaligus mendukung pembangunan infrastruktur digital di Bali.“Balmon Denpasar mempunyai peranan penting dalam kemajuan pembangunan infrastruktur digital, termasuk menjaga spektrum frekuensi radio yang berada di wilayah Bali,” kata Indra Sofany.Indra berharap kondisi Bali tetap aman dan kondusif, termasuk dari gangguan spektrum frekuensi radio. Kolaborasi seluruh komunitas pos dan telekomunikasi diharapkan terus menjaga konektivitas serta mendukung perkembangan ekosistem digital di Bali. 


                                
                                
                                
                                
                                
                                            
                                        
                                                                    

                                


                                
                                                                    
                                    
                                
                                                                                                                                                                                
                            
                            
                                                                        
                                                                
                                    
                                        
                                            Berita
                                        
                                    
                                    Terbaru Lainnya
                                
                                
                            
                            
                                    
                                    
                                        Memuat berita terbaru.....",RRI.co.id,"Dajan Peken, 82114, Tabanan, Tabanan, Bali, Indonesia",-8.536609490935,115.13552944186335,5,"2, 7","kejaksaan, kejatibali, kejaritabanan, tabanan, news"
Gubernur Bali Ucapkan Selamat HUT ke77 Berdirinya Republik Rakyat Tiongkok,2026-09-30T14:29:00.000Z,"Kabupaten Tabanan, Bali, Indonesia",Gubernur Bali Ucapkan Selamat HUT ke-77 Berdirinya Republik Rakyat Tiongkok - RRI.co.id,"RRI.CO.ID, Denpasar- Mewakili Pemerintah Provinsi Bali dan masyarakat Bali, Gubernur Bali, Wayan Koster dihadapan Konsul Jenderal Republik Tiongkok di Denpasar, Mr. Zhang Zhisheng menyampaikan ucapan selamat Hari Ulang Tahun ke-77 Berdirinya Republik Rakyat Tiongkok (1949-2026).“ Semoga Republik Rakyat Tiongkok semakin maju dan hubungan Pemerintah Republik Indonesia dengan Tiongkok, serta Pemerintah Provinsi Bali dengan Tiongkok yang telah baik ini terus ditingkatkan,”ucapnya pada Selasa 29 September 2026.Koster mengucapkan terimakasih kepada Konsul Jenderal Republik Tiongkok di Denpasar, Mr.","Zhang Zhisheng atas kerjasama yang baik selama ini dengan harapan kerjasama yang sudah terjalin terus akan meningkat.Dikatakan, hubungan Bali dengan Tiongkok sudah terjalin sejak lama, selain karena historis, Bali dan Tiongkok juga sudah melakukan kerjasama di sektor budaya, ekonomi, perdagangan sampai ekspor buah - buahan maupun juga industri kerajinan rakyat, kemudian berlanjut kerjasamanya ke sektor pariwisata dan pendidikan.Hubungan ini terus meningkat, bahkan di bidang pariwisata, wisatawan Tiongkok yang berkunjung ke Bali sampai 31 Agustus 2026 itu sudah mencapai 400 ribu lebih orang. Kerjasama terbaru antara Pemerintah Republik Indonesia dengan Tiongkok di Bali ialah adanya kerjasama pembangunan Pengolahan Sampah menjadi Energi Listrik (PSEL), yang telah di groundbreaking pada tanggal 8 Juli 2026 dengan target selesai pada bulan Oktober 2027 atau bisa beroperasi pada bulan November/Desember 2027.PSEL yang dikerjakan oleh Weiming Environment Protection Co., Ltd ini akan mampu mengolah sampah kira - kira mencapai sebanyak 1.500 ton per hari, terutama sampah dari Kota Denpasar dan Kabupaten Badung.Ia berharap kerjasama Bali dan Tiongkok terus meningkat, jika memungkinkan adanya investasi energi bersih, salah satunya Pembangkit Listrik Tenaga Surya (PLTS) yang sedang diproses oleh PT.","Pada Hari Rabu , 30 September 2026 14:29, Tabanan, Tabanan, Bali

RRI.CO.ID, Denpasar- Mewakili Pemerintah Provinsi Bali dan masyarakat Bali, Gubernur Bali, Wayan Koster dihadapan Konsul Jenderal Republik Tiongkok di Denpasar, Mr. Zhang Zhisheng menyampaikan ucapan selamat Hari Ulang Tahun ke-77 Berdirinya Republik Rakyat Tiongkok (1949-2026).“ Semoga Republik Rakyat Tiongkok semakin maju dan hubungan Pemerintah Republik Indonesia dengan Tiongkok, serta Pemerintah Provinsi Bali dengan Tiongkok yang telah baik ini terus ditingkatkan,”ucapnya pada Selasa 29 September 2026.Koster mengucapkan terimakasih kepada Konsul Jenderal Republik Tiongkok di Denpasar, Mr. Zhang Zhisheng atas kerjasama yang baik selama ini dengan harapan kerjasama yang sudah terjalin terus akan meningkat.Dikatakan, hubungan Bali dengan Tiongkok sudah terjalin sejak lama, selain karena historis, Bali dan Tiongkok juga sudah melakukan kerjasama di sektor budaya, ekonomi, perdagangan sampai ekspor buah - buahan maupun juga industri kerajinan rakyat, kemudian berlanjut kerjasamanya ke sektor pariwisata dan pendidikan.Hubungan ini terus meningkat, bahkan di bidang pariwisata, wisatawan Tiongkok yang berkunjung ke Bali sampai 31 Agustus 2026 itu sudah mencapai 400 ribu lebih orang. Kerjasama terbaru antara Pemerintah Republik Indonesia dengan Tiongkok di Bali ialah adanya kerjasama pembangunan Pengolahan Sampah menjadi Energi Listrik (PSEL), yang telah di groundbreaking pada tanggal 8 Juli 2026 dengan target selesai pada bulan Oktober 2027 atau bisa beroperasi pada bulan November/Desember 2027.PSEL yang dikerjakan oleh Weiming Environment Protection Co., Ltd ini akan mampu mengolah sampah kira - kira mencapai sebanyak 1.500 ton per hari, terutama sampah dari Kota Denpasar dan Kabupaten Badung.Ia berharap kerjasama Bali dan Tiongkok terus meningkat, jika memungkinkan adanya investasi energi bersih, salah satunya Pembangkit Listrik Tenaga Surya (PLTS) yang sedang diproses oleh PT. PLN. PLTS di Bali akan dibangun berkapasitas 1.000 sampai 1.500 MWp.“Saya mendengar, China selain memiliki keunggulan teknologi, juga memiliki dana yang cukup, sehingga investasi dari China ke Bali untuk mewujudkan energi bersih sangat kami harapkan guna mendukung Bali Mandiri Energi. Ini kami perlukan agar Bali berkualitas, berdaya saing secara berkelanjutan, dan Bali betul - betul bisa ""survive"" guna terciptanya kesejahteraan dan kebahagiaan masyarakat Bali,”ucap Koster.Konsul Jenderal Republik Tiongkok di Denpasar, Mr. Zhang Zhisheng, dalam sambutannya mengatakan hubungan Tiongkok - Indonesia kini berada pada masa terbaik dalam sejarah. Tiongkok tidak hanya berupaya memajukan dirinya sendiri, melainkan senantiasa memikirkan kepentingan dunia dan nasib kemanusiaan.Sejak memasuki era baru, Presiden Xi Jinping telah mengajukan gagasan besar membangun Komunitas Senasib Sepenanggungan Umat Manusia, serta mengajukan inisiatif pembangunan global, keamanan global, peradaban global, dan inisiatif tata kelola global yang mendorong pembangunan sebagai prioritas, keamanan bersama, saling menghargai peradaban serta mewujudkan sistem dunia yang beragam dan tertib untuk menangani tantangan global.Karena itu, Kedepan, Tiongkok siap bekerja sama dengan Indonesia untuk melaksanakan kesepakatan strategis para pemimpin kedua negara, membangun komunitas senasib sepenanggungan antara Tiongkok - Indonesia, serta memajukan kerja sama berkualitas tinggi di bawah Belt and Road Initiative demi memenuhi cita - cita rakyat kedua negara yaitu kehidupan yang lebih baik, serta secara bersama - sama memajukan perdamaian, kestabilan, kemajuan, dan kemakmuran di tingkat regional dunia.“Kami Konsulat Jenderal Republik Rakyat Tiongkok di Denpasar akan senantiasa menjadi jembatan penghubung, memperdalam dan memperluas kerja sama antarwilayah, serta terus menghadirkan dorongan baru bagi perkembangan hubungan kedua negara,”ucap Koster.Tiongkok dan Indonesia adalah tetangga baik, serta menjadi mitra yang senasib. Dalam setahun terakhir, upaya membangun Komunitas Masa Depan Bersama Tiongkok - Indonesia telah membuahkan hasil, diantaranya seperti :a) Dari segi politik, Pemerintah Tiongkok telah mengundang Presiden Republik Indonesia, Prabowo Subianto untuk menghadiri KTT APEC di Tiongkok pada November tahun ini;b) Diluncurkannya program Kemitraan Tanggap Darurat Berbasis Masyarakat Indonesia, dalam program ini dilakukan oleh Tim Penyelamat Kesejahteraan Masyarakat Shenzhen dengan menyelenggarakan pelatihan layanan publik di berbagai lokasi, seperti di Kota Denpasar dan Buleleng. Pelatihan ini digelar bertujuan untuk meningkatkan kemampuan tanggap darurat serta pengurangan risiko bencana;c) Dari segi ekonomi, Tiongkok tetap menjadi mitra dagang terbesar, dan salah satu sumber investasi asing bagi Indonesia. Khusus untuk Bali, buah salak Bali telah berhasil dikirim ke pasar Tiongkok, dan ekspor produk laut melalui rantai pendingin yang terus berkembang;d) Adanya penerbangan langsung Beijing - Denpasar yang telah kembali beroperasi;e) Provinsi Yunnan, sebagai provinsi sahabat bagi Bali, telah melaksanakan tahap ketiga proyek kerja sama pariwisata pertanian lestari di Kabupaten Tabanan;f) Ada juga PT General Energy Bali (China Huadian Corporation) memegang peran kunci dalam menjamin kestabilan pasokan listrik di Bali. Termasuk proyek Pembangkit Listrik Tenaga Sampah (PSEL) Bali yang didanai oleh Weiming Environment Protection Co., Ltd juga telah mulai dibangun dan diperkirakan selesai dalam satu setengah tahun kedepan. Proyek ini akan menyumbangkan gagasan serta teknologi maju Tiongkok bagi pengelolaan lingkungan hidup di Bali; dang) Pematung Bali telah berpartisipasi dalam Festival Internasional Salju dan Es Harbin selama beberapa tahun berturut-turut, dan musisi Bali telah tampil dengan sukses di Shanghai, Guangzhou, dan kota-kota lainnya.",RRI.co.id,"Dajan Peken, 82114, Tabanan, Tabanan, Bali, Indonesia",-8.536609490935,115.13552944186335,5,"2, 7","kejaksaan, kejatibali, kejaritabanan, tabanan, news"
Seribuan Mahasiswa Poltekkes Denpasar Terlindungi BPJS Ketenagakerjaan,2026-09-29T04:54:00.000Z,"Kabupaten Tabanan, Bali, Indonesia",Seribuan Mahasiswa Poltekkes Denpasar Terlindungi BPJS Ketenagakerjaan - RRI.co.id,"RRI.CO.ID, Denpasar - Sebanyak 1.571 mahasiswa Politeknik Kesehatan Kementerian Kesehatan (Poltekkes Kemenkes) Denpasar telah didaftarkan sebagai peserta BPJS Ketenagakerjaan. Perlindungan tersebut diberikan untuk memastikan mahasiswa terlindungi saat menjalani program magang yang berkaitan dengan dunia kerja.Pendaftaran tersebut merupakan bagian dari kerja sama antara BPJS Ketenagakerjaan Cabang Bali Denpasar dengan Poltekkes Kemenkes Denpasar melalui penandatanganan Perjanjian Kerja Sama (PKS).","Selain mahasiswa magang, kerja sama ini mencakup perlindungan bagi mahasiswa yang mengikuti berbagai kegiatan, seperti penelitian, pengabdian kepada masyarakat, pengembangan minat dan bakat serta kerja praktik.Kepala Kantor Wilayah BPJS Ketenagakerjaan Bali, Nusa Tenggara dan Papua (Banuspa), I Nyoman Suarjaya, mengatakan kerja sama tersebut menjadi bagian dari upaya memperluas perlindungan jaminan sosial ketenagakerjaan di lingkungan pendidikan. “Dengan adanya kerja sama ini, BPJS Ketenagakerjaan berkomitmen untuk memberikan perlindungan kepada mahasiswa yang terlibat dalam berbagai aktivitas yang berhubungan dengan dunia kerja, sehingga mereka dapat menjalani pengalaman tersebut dengan lebih tenang dan terlindungi,” ujar Suarjaya.Ia menjelaskan, perlindungan yang diberikan mencakup program Jaminan Kecelakaan Kerja (JKK) dan Jaminan Kematian (JKM).","Pada Hari Selasa , 29 September 2026 04:54, Tabanan, Tabanan, Bali

RRI.CO.ID, Denpasar - Sebanyak 1.571 mahasiswa Politeknik Kesehatan Kementerian Kesehatan (Poltekkes Kemenkes) Denpasar telah didaftarkan sebagai peserta BPJS Ketenagakerjaan. Perlindungan tersebut diberikan untuk memastikan mahasiswa terlindungi saat menjalani program magang yang berkaitan dengan dunia kerja.Pendaftaran tersebut merupakan bagian dari kerja sama antara BPJS Ketenagakerjaan Cabang Bali Denpasar dengan Poltekkes Kemenkes Denpasar melalui penandatanganan Perjanjian Kerja Sama (PKS). Selain mahasiswa magang, kerja sama ini mencakup perlindungan bagi mahasiswa yang mengikuti berbagai kegiatan, seperti penelitian, pengabdian kepada masyarakat, pengembangan minat dan bakat serta kerja praktik.Kepala Kantor Wilayah BPJS Ketenagakerjaan Bali, Nusa Tenggara dan Papua (Banuspa), I Nyoman Suarjaya, mengatakan kerja sama tersebut menjadi bagian dari upaya memperluas perlindungan jaminan sosial ketenagakerjaan di lingkungan pendidikan. “Dengan adanya kerja sama ini, BPJS Ketenagakerjaan berkomitmen untuk memberikan perlindungan kepada mahasiswa yang terlibat dalam berbagai aktivitas yang berhubungan dengan dunia kerja, sehingga mereka dapat menjalani pengalaman tersebut dengan lebih tenang dan terlindungi,” ujar Suarjaya.Ia menjelaskan, perlindungan yang diberikan mencakup program Jaminan Kecelakaan Kerja (JKK) dan Jaminan Kematian (JKM). Perlindungan JKK menjadi penting karena mahasiswa yang mengikuti magang maupun kerja praktik memiliki risiko mengalami kecelakaan dalam menjalankan aktivitasnya.Menurut Suarjaya, apabila mahasiswa mengalami kecelakaan kerja dalam kegiatan yang tercakup program JKK, BPJS Ketenagakerjaan akan memberikan perlindungan hingga peserta dinyatakan sembuh sesuai dengan ketentuan yang berlaku. Karena itu, ia mengingatkan pentingnya memastikan status kepesertaan BPJS Ketenagakerjaan tetap aktif. Keaktifan kepesertaan berkaitan dengan pembayaran iuran secara tepat waktu.“Peserta akan dipulihkan di rumah sakit mitra kami yaitu Pusat Layanan Kecelakaan Kerja atau PLKK. Seluruh kebutuhan medisnya dipenuhi, tanpa batas biaya, tanpa batas waktu, penghasilan peserta diganti, sampai peserta sembuh, dan sampai kembali bekerja,” ungkapnya.Sementara itu, dari sisi program Jaminan Kematian, apabila peserta meninggal dunia akibat kecelakaan kerja, ahli waris mendapatkan santunan sebesar 48 kali upah yang terdaftar. Sedangkan apabila peserta meninggal dunia bukan akibat kecelakaan kerja, ahli waris mendapatkan santunan sebesar Rp42 juta.BPJS Ketenagakerjaan juga memberikan manfaat beasiswa bagi dua orang anak peserta yang meninggal dunia atau mengalami cacat total tetap akibat kecelakaan kerja, mulai jenjang TK hingga perguruan tinggi sesuai ketentuan yang berlaku. Direktur Poltekkes Denpasar, Dr. Erika Yulita Ichwan, SST., M.Keb., menyambut baik kerja sama tersebut.Ia menilai perlindungan jaminan sosial ketenagakerjaan penting untuk memberikan rasa aman kepada mahasiswa yang mengikuti berbagai kegiatan akademik maupun nonakademik. “Termasuk mahasiswa magang dan kerja praktik,” ujarnya.Menurut Erika, kerja sama tersebut tidak hanya memberikan manfaat bagi mahasiswa, tetapi juga memperkuat hubungan antara institusi pendidikan dengan BPJS Ketenagakerjaan. “Kerja sama ini juga diharapkan dapat mendukung peningkatan kualitas pendidikan sekaligus memperkuat perlindungan sosial mahasiswa ketika menjalani kegiatan yang memiliki keterkaitan dengan dunia kerja,” katanya.Melalui kerja sama tersebut, BPJS Ketenagakerjaan dan Poltekkes Denpasar berharap kesadaran mahasiswa mengenai pentingnya jaminan sosial ketenagakerjaan semakin meningkat. Kerja sama serupa juga diharapkan dapat diperluas ke perguruan tinggi lainnya, sehingga semakin banyak mahasiswa memperoleh perlindungan saat menjalankan kegiatan akademik maupun nonakademik yang memiliki keterkaitan dengan dunia kerja.",RRI.co.id,"Dajan Peken, 82114, Tabanan, Tabanan, Bali, Indonesia",-8.536609490935,115.13552944186335,5,"2, 7","kejaksaan, kejatibali, kejaritabanan, tabanan, news"
Konektivitas Digital Tembus 90 Persen Pemerintah Kejar Kualitas 5G,2026-09-29T00:45:00.000Z,"Kabupaten Tabanan, Bali, Indonesia","Konektivitas Digital Tembus 90 Persen, Pemerintah Kejar Kualitas 5G - RRI.co.id","Wakil Menteri Komunikasi dan Digital Angga Raka Prabowo usai Upacara Peringatan Hari Bhakti Postel ke-81 (Foto : komdigi.go.id)
                                                    
                                                                                            
                                                                                                            
                                
                                RRI.CO.ID, Jakarta - Cakupan konektivitas digital Indonesia saat ini telah mencapai lebih dari 90 persen. Pemerintah kini mengarahkan pembangunan tidak hanya pada perluasan cakupan, tetapi juga peningkatan kualitas layanan agar konektivitas memberikan manfaat nyata bagi masyarakat.","Hal itu dikatakan Wakil Menteri Komunikasi dan Digital Angga Raka Prabowo usai Upacara Peringatan Hari Bhakti Postel ke-81 di Halaman Kantor Pusat PT Pos Indonesia, Bandung, Jawa Barat, Minggu 27 September 2026 dikutip dari komdigi.go.id.“Capaiannya sekarang sudah hampir lebih dari 90 persen konektivitas itu sudah ter-cover, tapi kan tadi yang saya sampaikan, kita tidak hanya bicara tentang konektivitas itu sendiri, kita bicara bagaimana kualitasnya lebih baik,” ujarnya.Menurut Wamen Angga Raka Prabowo, peningkatan kualitas konektivitas membutuhkan sinergi antara pemerintah dan industri di tengah perkembangan teknologi yang semakin cepat. Kolaborasi tersebut menjadi bagian dari upaya menghadirkan infrastruktur dan ekosistem telekomunikasi digital yang lebih baik.“Dibutuhkan sinergi antara pemerintah dan industri, hari ini kan kemajuan teknologi juga begitu cepat, nah inilah semangat itu yang sedang kita tumbuhkan,” jelas Wamen Angga Raka Prabowo.Wamen Angga Raka Prabowo, salah satu langkah yang dilakukan adalah pemanfaatan frekuensi 700 MHz untuk memperluas cakupan layanan 4G dan menutup wilayah yang masih mengalami blank spot.","Pada Hari Selasa , 29 September 2026 00:45, Tabanan, Tabanan, Bali

Wakil Menteri Komunikasi dan Digital Angga Raka Prabowo usai Upacara Peringatan Hari Bhakti Postel ke-81 (Foto : komdigi.go.id)
                                                    
                                                                                            
                                                                                                            
                                
                                RRI.CO.ID, Jakarta - Cakupan konektivitas digital Indonesia saat ini telah mencapai lebih dari 90 persen. Pemerintah kini mengarahkan pembangunan tidak hanya pada perluasan cakupan, tetapi juga peningkatan kualitas layanan agar konektivitas memberikan manfaat nyata bagi masyarakat. Hal itu dikatakan Wakil Menteri Komunikasi dan Digital Angga Raka Prabowo usai Upacara Peringatan Hari Bhakti Postel ke-81 di Halaman Kantor Pusat PT Pos Indonesia, Bandung, Jawa Barat, Minggu 27 September 2026 dikutip dari komdigi.go.id.“Capaiannya sekarang sudah hampir lebih dari 90 persen konektivitas itu sudah ter-cover, tapi kan tadi yang saya sampaikan, kita tidak hanya bicara tentang konektivitas itu sendiri, kita bicara bagaimana kualitasnya lebih baik,” ujarnya.Menurut Wamen Angga Raka Prabowo, peningkatan kualitas konektivitas membutuhkan sinergi antara pemerintah dan industri di tengah perkembangan teknologi yang semakin cepat. Kolaborasi tersebut menjadi bagian dari upaya menghadirkan infrastruktur dan ekosistem telekomunikasi digital yang lebih baik.“Dibutuhkan sinergi antara pemerintah dan industri, hari ini kan kemajuan teknologi juga begitu cepat, nah inilah semangat itu yang sedang kita tumbuhkan,” jelas Wamen Angga Raka Prabowo.Wamen Angga Raka Prabowo, salah satu langkah yang dilakukan adalah pemanfaatan frekuensi 700 MHz untuk memperluas cakupan layanan 4G dan menutup wilayah yang masih mengalami blank spot. Frekuensi tersebut dinilai penting bagi operator seluler dalam memperkuat cakupan layanan.“Baru-baru ini kita baru merilis frekuensi 700 MHz dan 2.600 MHz, 700 MHz bagi teman-teman di operator seluler dan di lingkungan komunikasi sangat penting untuk coverage area, bagaimana 700 MHz digunakan untuk teknologi 4G untuk menutup semua daerah-daerah blank spot kita,” ungkapnya.Sementara itu, frekuensi 2.600 MHz diarahkan untuk mendorong peningkatan kualitas layanan 5G. Pemerintah telah menggelar frekuensi tersebut dan seluruh operator seluler telah memilikinya.“2.600 MHz untuk lompatan kita, untuk kualitas 5G. Seperti kita tahu, 5G kita masih belum luas sebarannya, Alhamdulillah dengan 2.600 MHz ini sudah kita gelar dan semua operator seluler sudah memiliki,” kata Wamen Angga Raka Prabowo.Pemerintah menargetkan perkembangan teknologi 5G di Indonesia semakin besar dan semakin baik dalam tiga tahun ke depan. Peningkatan tersebut terutama diarahkan pada kualitas layanan kepada publik.“Harapannya 3 tahun ke depan kita melihat perkembangan teknologi 5G di Indonesia semakin besar, semakin baik terutama kualitas layanan kepada publik dan juga harga yang terjangkau tentunya,” tegas Wamen Angga Raka Prabowo.Menurut Wamen Angga Raka Prabowo, peningkatan konektivitas dan kualitas layanan merupakan bagian dari arah transformasi digital Kementerian Komunikasi dan Digital yang bertumpu pada tiga hal yakni masyarakat semakin terkoneksi, ekonomi dan inovasi terus tumbuh, serta pemanfaatan teknologi berlangsung secara aman dan bertanggung jawab. “Kita sedang menuju ke arah transformasi digital, dari Kementerian Komunikasi dan Digital sendiri, kita mengedepankan terhubung, tumbuh dan terjaga,” tutur Wamen Angga Raka Prabowo. 


                                
                                
                                
                                
                                
                                            
                                        
                                                                    

                                


                                
                                                                    
                                    
                                
                                                                                                                                                                                
                            
                            
                                                                        
                                                                
                                    
                                        
                                            Berita
                                        
                                    
                                    Terbaru Lainnya
                                
                                
                            
                            
                                    
                                    
                                        Memuat berita terbaru.....",RRI.co.id,"Dajan Peken, 82114, Tabanan, Tabanan, Bali, Indonesia",-8.536609490935,115.13552944186335,5,"2, 7","kejaksaan, kejatibali, kejaritabanan, tabanan, news"
Pendidik Diminta Batasi Ketergantungan Siswa pada AI,2026-09-28T06:28:00.000Z,"Kabupaten Tabanan, Bali, Indonesia",Pendidik Diminta Batasi Ketergantungan Siswa pada AI - RRI.co.id,"Wakil Rektor III ITB Stikom Bali, Yudi Agusta, saat menyampaikan materi dalam International Conference on Leadership in Education (ICLE) 2026 di Badung, Minggu, 27 September 2026. (Foto: dok)
                                                    
                                                                                            
                                                                                                            
                                
                                RRI.CO.ID, Badung — Pendidik perlu membatasi ketergantungan siswa terhadap kecerdasan buatan atau AI dalam proses pembelajaran.","Siswa tidak cukup hanya diajarkan cara menggunakan AI, tetapi perlu memahami dasar teknologi tersebut agar dapat menggunakannya dengan tepat.Wakil Rektor III ITB Stikom Bali, Assoc. Prof.","Pada Hari Senin , 28 September 2026 06:28, Tabanan, Tabanan, Bali

Wakil Rektor III ITB Stikom Bali, Yudi Agusta, saat menyampaikan materi dalam International Conference on Leadership in Education (ICLE) 2026 di Badung, Minggu, 27 September 2026. (Foto: dok)
                                                    
                                                                                            
                                                                                                            
                                
                                RRI.CO.ID, Badung — Pendidik perlu membatasi ketergantungan siswa terhadap kecerdasan buatan atau AI dalam proses pembelajaran. Siswa tidak cukup hanya diajarkan cara menggunakan AI, tetapi perlu memahami dasar teknologi tersebut agar dapat menggunakannya dengan tepat.Wakil Rektor III ITB Stikom Bali, Assoc. Prof. Yudi Agusta, Ph.D., mengatakan mempersiapkan siswa menghadapi AI membutuhkan pemahaman yang lebih mendalam, bukan sekadar mengajarkan cara menggunakan teknologi tersebut. Siswa perlu memahami pengertian AI dan dasar pembentukannya agar dapat menggunakan teknologi tersebut dengan baik.“Kalau kita ingin mempersiapkan siswa, itu agak lebih dalam. Pengertian tentang AI harus dipahami, dasarnya dari mana. Karena AI itu kan dibuat, bukan sesuatu yang langsung jadi,” ujar Yudi saat diwawancarai usai menjadi pembicara dalam International Conference on Leadership in Education (ICLE) 2026 di HARRIS Hotel & Residences Sunset Road, Badung, Minggu, 27 September 2026.Dalam pemaparannya, Yudi mengatakan AI kini banyak digunakan untuk mencari informasi dan membantu menyiapkan materi presentasi. Menurutnya, penggunaan AI dalam pendidikan perlu diarahkan agar siswa tidak bergantung pada hasil yang diberikan teknologi tersebut.Yudi meminta siswa tidak langsung menggunakan jawaban dari AI untuk mengerjakan tugas. Jawaban tersebut perlu diperiksa dan dikembangkan kembali agar siswa tetap menggunakan pemahamannya sendiri.“Kalau dapat jawaban jangan langsung pakai. Harus melakukan sesuatu, minimal tanya balik lima kali. Supaya dapat jawaban yang berbeda dan kemudian nulisnya dengan cara yang berbeda,” katanya.Yudi mengatakan regulasi AI di lingkungan pendidikan sangat diperlukan. Ia menyebut kerangka yang telah disusun UNESCO dapat dipelajari untuk melihat kebutuhan penerapan AI, terutama jika regulasi di Indonesia belum tersedia.“Sangat perlu. Tapi di UNESCO kan sudah ada framework juga. Itu bisa dipelajari dari sana juga. Apa saja yang dibutuhkan untuk bisa menerapkan AI di lingkungan apapun,” ujarnya.Yudi mengatakan pedoman tersebut penting untuk mencegah penggunaan AI yang tidak tepat di lingkungan pendidikan. Jika regulasi belum tersedia, kerangka yang sudah ada dapat dijadikan dasar penerapan AI.“Kalau itu tidak disiapkan otomatis ya tadi bahaya. Penggunaan AI kan berbahaya. Jadi perlu untuk mengikuti kalau memang belum ada regulasi di sini, ada framework di mana-mana. Itu bisa untuk dijadikan dasarnya,” katanya. 


                                
                                
                                
                                
                                
                                            
                                        
                                                                    

                                


                                
                                                                    
                                    
                                
                                                                                                                                                                                
                            
                            
                                                                        
                                                                
                                    
                                        
                                            Berita
                                        
                                    
                                    Terbaru Lainnya
                                
                                
                            
                            
                                    
                                    
                                        Memuat berita terbaru.....",RRI.co.id,"Dajan Peken, 82114, Tabanan, Tabanan, Bali, Indonesia",-8.536609490935,115.13552944186335,5,"2, 7","kejaksaan, kejatibali, kejaritabanan, tabanan, news"
Kodim Klungkung Lepas Dua Prajurit Terima Tiga Anggota,2026-09-30T07:48:00.000Z,"Kabupaten Tabanan, Bali, Indonesia","Kodim Klungkung Lepas Dua Prajurit, Terima Tiga Anggota - RRI.co.id","Dandim 1610/Klungkung Letkol Kav Sidik Pramono memimpin tradisi korps pindah satuan dan penerimaan anggota baru di Lapangan Makodim 1610/Klungkung.(Foto:Pendim1610/Klungkung)
                                                    
                                                                                            
                                                                                                            
                                
                                RRI.CO.ID, Klungkung - Kodim 1610/Klungkung menggelar tradisi korps pindah satuan dan penerimaan anggota baru di Lapangan Makodim 1610/Klungkung. Kegiatan tersebut diikuti Perwira Staf, Danramil jajaran, serta seluruh personel militer dan PNS Kodim 1610/Klungkung.Tradisi korps dipimpin Dandim 1610/Klungkung Letkol Kav Sidik Pramono dan menjadi bagian dari dinamika serta pembinaan karier prajurit.","Dalam kegiatan tersebut, dua prajurit dilepas untuk melanjutkan tugas di satuan baru, sementara tiga anggota lainnya resmi bergabung dengan Kodim 1610/Klungkung.Dua prajurit yang pindah satuan yakni Serka Hamid Muktar ke Kodim 1609/Buleleng dan Serda Zainul ke Kodim 1617/Jembrana. Sementara tiga anggota yang diterima yakni Kopda Arta Hariadi, Kopda I Ketut Juli Eka Putra, dan Praka Dede Murah Krisna.""Tradisi korps yang kita gelar pagi ini memiliki makna penting sebagai bagian dari kesinambungan organisasi TNI AD, khususnya di jajaran Kodim 1610/Klungkung,"" ujar Letkol Kav Sidik Pramono.Dandim menyampaikan apresiasi kepada Serka Hamid Muktar dan Serda Zainul atas dedikasi, kerja keras, serta loyalitas selama bertugas di Kodim 1610/Klungkung.","Pada Hari Rabu , 30 September 2026 07:48, Tabanan, Tabanan, Bali

Dandim 1610/Klungkung Letkol Kav Sidik Pramono memimpin tradisi korps pindah satuan dan penerimaan anggota baru di Lapangan Makodim 1610/Klungkung.(Foto:Pendim1610/Klungkung)
                                                    
                                                                                            
                                                                                                            
                                
                                RRI.CO.ID, Klungkung - Kodim 1610/Klungkung menggelar tradisi korps pindah satuan dan penerimaan anggota baru di Lapangan Makodim 1610/Klungkung. Kegiatan tersebut diikuti Perwira Staf, Danramil jajaran, serta seluruh personel militer dan PNS Kodim 1610/Klungkung.Tradisi korps dipimpin Dandim 1610/Klungkung Letkol Kav Sidik Pramono dan menjadi bagian dari dinamika serta pembinaan karier prajurit. Dalam kegiatan tersebut, dua prajurit dilepas untuk melanjutkan tugas di satuan baru, sementara tiga anggota lainnya resmi bergabung dengan Kodim 1610/Klungkung.Dua prajurit yang pindah satuan yakni Serka Hamid Muktar ke Kodim 1609/Buleleng dan Serda Zainul ke Kodim 1617/Jembrana. Sementara tiga anggota yang diterima yakni Kopda Arta Hariadi, Kopda I Ketut Juli Eka Putra, dan Praka Dede Murah Krisna.""Tradisi korps yang kita gelar pagi ini memiliki makna penting sebagai bagian dari kesinambungan organisasi TNI AD, khususnya di jajaran Kodim 1610/Klungkung,"" ujar Letkol Kav Sidik Pramono.Dandim menyampaikan apresiasi kepada Serka Hamid Muktar dan Serda Zainul atas dedikasi, kerja keras, serta loyalitas selama bertugas di Kodim 1610/Klungkung. Kepada tiga anggota baru, Dandim meminta agar segera menyesuaikan diri dengan dinamika tugas dan memberikan kontribusi positif bagi satuan.""Selamat jalan dan bertugas di satuan yang baru, tetaplah menjadi prajurit yang profesional, disiplin dan bertanggung jawab,"" katanya.Sementara kepada anggota baru, Dandim mengucapkan selamat bergabung dengan keluarga besar Kodim 1610/Klungkung. Tradisi korps tersebut sekaligus menjadi momentum untuk memperkuat soliditas personel dan kemanunggalan TNI dengan rakyat. 


                                
                                
                                
                                
                                
                                            
                                        
                                                                    

                                


                                
                                                                    
                                    
                                
                                                                                                                                                                                
                            
                            
                                                                        
                                                                
                                    
                                        
                                            Berita
                                        
                                    
                                    Terbaru Lainnya
                                
                                
                            
                            
                                    
                                    
                                        Memuat berita terbaru.....",RRI.co.id,"Dajan Peken, 82114, Tabanan, Tabanan, Bali, Indonesia",-8.536609490935,115.13552944186335,5,"2, 7","kejaksaan, kejatibali, kejaritabanan, tabanan, news"
Wamenhaj Tekankan Sociopreneur dalam Bisnis Haji Umrah,2026-09-26T05:27:00.000Z,"Kabupaten Tabanan, Bali, Indonesia",Wamenhaj Tekankan Sociopreneur dalam Bisnis Haji Umrah - RRI.co.id,"Wakil Menteri Haji dan Umrah Dahnil Anzar Simanjuntak saat menyampaikan arahan pada Evaluasi Penyelenggaraan Ibadah Haji Khusus Tahun 1447 Hijriah/2026 Masehi.(Foto:Humas Kemenhaj Bali)
                                                    
                                                                                            
                                                                                                            
                                
                                RRI.CO.ID, Badung - Penyelenggaraan haji dan umrah didorong tidak hanya berorientasi pada keuntungan usaha, tetapi juga menjadi media pengembangan jiwa wirausaha bernilai sosial atau sociopreneur. Konsep tersebut dinilai dapat menciptakan ekosistem usaha haji dan umrah yang sehat sekaligus memberikan keberkahan dalam berbisnis.Wakil Menteri Haji dan Umrah, Dahnil Anzar Simanjuntak, menyampaikan hal tersebut dalam Evaluasi Penyelenggaraan Ibadah Haji Khusus Tahun 1447 Hijriah/2026 Masehi di Hotel Four Points Ungasan.","Kegiatan tersebut dihadiri sekitar 300 perwakilan PPIU, PIHK, asosiasi dan perbankan untuk mengevaluasi penyelenggaraan sekaligus mempersiapkan ibadah haji khusus tahun 1448 Hijriah/2027 Masehi.Menurut Dahnil, masih terdapat pihak travel yang menjadikan jemaah sebagai komoditas dalam penyelenggaraan ibadah haji dan umrah. Ia menyebut laporan jemaah yang gagal berangkat maupun dugaan penipuan oleh oknum penyelenggara masih terus diterima.“Terbukti laporan jemaah gagal berangkat masih banyak.","Pada Hari Sabtu , 26 September 2026 05:27, Tabanan, Tabanan, Bali

Wakil Menteri Haji dan Umrah Dahnil Anzar Simanjuntak saat menyampaikan arahan pada Evaluasi Penyelenggaraan Ibadah Haji Khusus Tahun 1447 Hijriah/2026 Masehi.(Foto:Humas Kemenhaj Bali)
                                                    
                                                                                            
                                                                                                            
                                
                                RRI.CO.ID, Badung - Penyelenggaraan haji dan umrah didorong tidak hanya berorientasi pada keuntungan usaha, tetapi juga menjadi media pengembangan jiwa wirausaha bernilai sosial atau sociopreneur. Konsep tersebut dinilai dapat menciptakan ekosistem usaha haji dan umrah yang sehat sekaligus memberikan keberkahan dalam berbisnis.Wakil Menteri Haji dan Umrah, Dahnil Anzar Simanjuntak, menyampaikan hal tersebut dalam Evaluasi Penyelenggaraan Ibadah Haji Khusus Tahun 1447 Hijriah/2026 Masehi di Hotel Four Points Ungasan. Kegiatan tersebut dihadiri sekitar 300 perwakilan PPIU, PIHK, asosiasi dan perbankan untuk mengevaluasi penyelenggaraan sekaligus mempersiapkan ibadah haji khusus tahun 1448 Hijriah/2027 Masehi.Menurut Dahnil, masih terdapat pihak travel yang menjadikan jemaah sebagai komoditas dalam penyelenggaraan ibadah haji dan umrah. Ia menyebut laporan jemaah yang gagal berangkat maupun dugaan penipuan oleh oknum penyelenggara masih terus diterima.“Terbukti laporan jemaah gagal berangkat masih banyak. Hotline pengaduan kami juga tidak pernah berhenti ada laporan penipuan oleh oknum-oknum penyelenggara ibadah umrah maupun haji khusus,” ujar Dahnil.Dahnil menilai ketiadaan jiwa sociopreneur dapat menyebabkan ekosistem ekonomi haji dan umrah menjadi tidak sehat. Saat ini Kementerian Haji dan Umrah juga tengah melakukan verifikasi terhadap sekitar 3.600 PPIU dan PIHK karena diyakini hampir separuh travel haji dan umrah tidak aktif.Sementara itu, Pelaksana Tugas Kepala Kantor Wilayah Kementerian Haji dan Umrah Provinsi Bali, H. Muhammad Nasihuddin, mengajak masyarakat ikut memonitor dan mengawasi usaha travel haji dan umrah. Masyarakat juga diminta tidak ragu melaporkan dugaan penyimpangan dalam penyelenggaraan ibadah haji dan umrah.“Termasuk oknum ASN kami di Kementerian Haji dan Umrah Provinsi Bali, bila ada yang nakal, bermain-main dan melakukan penyimpangan regulasi dalam pelayanan, silakan laporkan melalui hotline 0811 8885 888,” tegasnya.Kementerian Haji dan Umrah Provinsi Bali mendorong pengawasan dilakukan bersama untuk menjaga kualitas pelayanan kepada jemaah. Langkah tersebut diharapkan dapat mendukung penyelenggaraan haji dan umrah yang sesuai regulasi serta mengedepankan nilai pelayanan dan keberkahan usaha. 


                                
                                
                                
                                
                                
                                            
                                        
                                                                    

                                


                                
                                                                    
                                    
                                
                                                                                                                                                                                
                            
                            
                                                                        
                                                                
                                    
                                        
                                            Berita
                                        
                                    
                                    Terbaru Lainnya
                                
                                
                            
                            
                                    
                                    
                                        Memuat berita terbaru.....",RRI.co.id,"Dajan Peken, 82114, Tabanan, Tabanan, Bali, Indonesia",-8.536609490935,115.13552944186335,5,"2, 7","kejaksaan, kejatibali, kejaritabanan, tabanan, news"
Kemenkum BaliBPHN Perkuat Kolaborasi Fokus Perluas Akses Bantuan Hukum,2026-09-25T05:32:00.000Z,"Kabupaten Tabanan, Bali, Indonesia","Kemenkum Bali-BPHN Perkuat Kolaborasi, Fokus Perluas Akses Bantuan Hukum - RRI.co.id","Kepala Kantor Wilayah Kementerian Hukum Bali, Eem Nurmanah, bersama Kepala Divisi Peraturan Perundang-Undangan dan Pembinaan Hukum, Mustiqo Vitra Ardhiansyah, dengan jajaran BPHN di Jakarta. (Foto:DOK).
                                                    
                                                                                            
                                                                                                            
                                
                                RRI.CO.ID, Jakarta — Kantor Wilayah Kementerian Hukum Bali memperkuat koordinasi dengan Badan Pembinaan Hukum Nasional (BPHN) Kementerian Hukum.","Langkah tersebut untuk memperluas akses bantuan hukum, meningkatkan kualitas regulasi daerah, serta memperkuat pembinaan hukum yang berdampak langsung bagi masyarakat.Koordinasi tersebut dilakukan Kepala Kanwil Kemenkum Bali, Eem Nurmanah, bersama Kepala Divisi Peraturan Perundang-undangan dan Pembinaan Hukum, Mustiqo Vitra Ardhiansyah, dengan jajaran BPHN di Jakarta. Sejumlah agenda strategis dibahas dalam pertemuan tersebut, mulai dari penguatan peran advokat dalam layanan Pos Bantuan Hukum (Posbankum), Analisis dan Evaluasi (Anev) Produk Hukum Daerah, hingga penguatan Indeks Reformasi Hukum (IRH) dan Jaringan Dokumentasi dan Informasi Hukum (JDIH).Kepala Kanwil Kemenkum Bali, Eem Nurmanah, menegaskan kolaborasi dengan BPHN menjadi bagian penting untuk memastikan pembinaan hukum tidak berhenti pada aspek administratif.“Kami berkomitmen memperkuat kolaborasi dengan BPHN agar setiap program pembinaan hukum di Bali dapat dilaksanakan secara terarah dan berkelanjutan, sekaligus menjawab kebutuhan masyarakat, baik melalui penguatan akses bantuan hukum, peningkatan kualitas regulasi, maupun tata kelola JDIH dan IRH,” tegas Eem.Kolaborasi tersebut diharapkan memperkuat pelaksanaan pembinaan hukum di Bali sekaligus memastikan berbagai program yang dijalankan memiliki manfaat yang lebih nyata bagi masyarakat.Dalam koordinasi bersama Kepala BPHN, Min Usihen, salah satu pembahasan diarahkan pada penguatan peran advokat dalam mendukung layanan Posbankum yang didukung Pemerintah Provinsi Bali.","Pada Hari Jumat , 25 September 2026 05:32, Tabanan, Tabanan, Bali

Kepala Kantor Wilayah Kementerian Hukum Bali, Eem Nurmanah, bersama Kepala Divisi Peraturan Perundang-Undangan dan Pembinaan Hukum, Mustiqo Vitra Ardhiansyah, dengan jajaran BPHN di Jakarta. (Foto:DOK).
                                                    
                                                                                            
                                                                                                            
                                
                                RRI.CO.ID, Jakarta — Kantor Wilayah Kementerian Hukum Bali memperkuat koordinasi dengan Badan Pembinaan Hukum Nasional (BPHN) Kementerian Hukum. Langkah tersebut untuk memperluas akses bantuan hukum, meningkatkan kualitas regulasi daerah, serta memperkuat pembinaan hukum yang berdampak langsung bagi masyarakat.Koordinasi tersebut dilakukan Kepala Kanwil Kemenkum Bali, Eem Nurmanah, bersama Kepala Divisi Peraturan Perundang-undangan dan Pembinaan Hukum, Mustiqo Vitra Ardhiansyah, dengan jajaran BPHN di Jakarta. Sejumlah agenda strategis dibahas dalam pertemuan tersebut, mulai dari penguatan peran advokat dalam layanan Pos Bantuan Hukum (Posbankum), Analisis dan Evaluasi (Anev) Produk Hukum Daerah, hingga penguatan Indeks Reformasi Hukum (IRH) dan Jaringan Dokumentasi dan Informasi Hukum (JDIH).Kepala Kanwil Kemenkum Bali, Eem Nurmanah, menegaskan kolaborasi dengan BPHN menjadi bagian penting untuk memastikan pembinaan hukum tidak berhenti pada aspek administratif.“Kami berkomitmen memperkuat kolaborasi dengan BPHN agar setiap program pembinaan hukum di Bali dapat dilaksanakan secara terarah dan berkelanjutan, sekaligus menjawab kebutuhan masyarakat, baik melalui penguatan akses bantuan hukum, peningkatan kualitas regulasi, maupun tata kelola JDIH dan IRH,” tegas Eem.Kolaborasi tersebut diharapkan memperkuat pelaksanaan pembinaan hukum di Bali sekaligus memastikan berbagai program yang dijalankan memiliki manfaat yang lebih nyata bagi masyarakat.Dalam koordinasi bersama Kepala BPHN, Min Usihen, salah satu pembahasan diarahkan pada penguatan peran advokat dalam mendukung layanan Posbankum yang didukung Pemerintah Provinsi Bali. Keterlibatan advokat diharapkan dapat memperluas dukungan bagi masyarakat dalam memperoleh akses informasi dan layanan hukum.Selain itu, Kanwil Kemenkum Bali dan BPHN membahas Anev Produk Hukum Daerah dengan tema kepariwisataan. Evaluasi tersebut diarahkan untuk memastikan regulasi daerah tetap relevan dengan kebutuhan pembangunan dan masyarakat. 


                                
                                
                                
                                
                                
                                            
                                        
                                                                    

                                


                                
                                                                    
                                    
                                
                                                                                                                                                                                
                            
                            
                                                                        
                                                                
                                    
                                        
                                            Berita
                                        
                                    
                                    Terbaru Lainnya
                                
                                
                            
                            
                                    
                                    
                                        Memuat berita terbaru.....",RRI.co.id,"Dajan Peken, 82114, Tabanan, Tabanan, Bali, Indonesia",-8.536609490935,115.13552944186335,5,"2, 7","kejaksaan, kejatibali, kejaritabanan, tabanan, news"
Cegah Alih Fungsi Lahan Pertanian Perlindungan Lahan Kunci Ketahanan Pangan,2026-09-29T04:40:00.000Z,"Kabupaten Tabanan, Bali, Indonesia","Cegah Alih Fungsi Lahan Pertanian, Perlindungan Lahan Kunci Ketahanan Pangan - RRI.co.id","Cegah Alih Fungsi Lahan Pertanian, Perlindungan Lahan Kunci Ketahanan Pangan (Foto: dok)
                                                    
                                                                                            
                                                                                                            
                                
                                RRI.CO.ID, Denpasar - Pengendalian alih fungsi lahan menjadi salah satu langkah penting dalam menjaga ketahanan pangan. Reforma agraria dinilai perlu diikuti kebijakan yang mampu melindungi lahan pertanian produktif sekaligus memastikan petani tetap memperoleh manfaat dari lahannya.Ketua DPC Pemuda Tani Indonesia (PTI) Kabupaten Buleleng, I Kadek Agus Indrawan, mengatakan solusi dalam reforma agraria harus dimulai dengan mempercepat penataan dan kepastian hak atas tanah bagi petani.","Selain itu, lahan pertanian produktif perlu dilindungi melalui pengendalian alih fungsi menjadi permukiman maupun penggunaan nonpertanian.""Bagaimana caranya kita melindungi pertanian yang produktif? Itu kita bisa mengendalikan alih fungsi lahan tersebut, alih fungsi lahan pertanian yang menjadi pemukiman ataupun penggunaan nonpertanian,"" ujarnya.Agus menambahkan, perlindungan lahan juga perlu disertai dukungan usaha setelah penataan tanah, seperti bantuan modal, benih, pupuk, alat dan mesin pertanian, irigasi, teknologi, serta pendampingan. Penguatan kelompok tani dan lembaga ekonomi pertanian juga dinilai penting agar petani memiliki posisi tawar yang lebih kuat dalam pengadaan sarana produksi dan pemasaran hasil.""Dukungan sektor pertanian meliputi bantuan modal, benih, pupuk, alsintan, irigasi, teknologi, serta pendampingan dan pelatihan.","Pada Hari Selasa , 29 September 2026 04:40, Tabanan, Tabanan, Bali

Cegah Alih Fungsi Lahan Pertanian, Perlindungan Lahan Kunci Ketahanan Pangan (Foto: dok)
                                                    
                                                                                            
                                                                                                            
                                
                                RRI.CO.ID, Denpasar - Pengendalian alih fungsi lahan menjadi salah satu langkah penting dalam menjaga ketahanan pangan. Reforma agraria dinilai perlu diikuti kebijakan yang mampu melindungi lahan pertanian produktif sekaligus memastikan petani tetap memperoleh manfaat dari lahannya.Ketua DPC Pemuda Tani Indonesia (PTI) Kabupaten Buleleng, I Kadek Agus Indrawan, mengatakan solusi dalam reforma agraria harus dimulai dengan mempercepat penataan dan kepastian hak atas tanah bagi petani. Selain itu, lahan pertanian produktif perlu dilindungi melalui pengendalian alih fungsi menjadi permukiman maupun penggunaan nonpertanian.""Bagaimana caranya kita melindungi pertanian yang produktif? Itu kita bisa mengendalikan alih fungsi lahan tersebut, alih fungsi lahan pertanian yang menjadi pemukiman ataupun penggunaan nonpertanian,"" ujarnya.Agus menambahkan, perlindungan lahan juga perlu disertai dukungan usaha setelah penataan tanah, seperti bantuan modal, benih, pupuk, alat dan mesin pertanian, irigasi, teknologi, serta pendampingan. Penguatan kelompok tani dan lembaga ekonomi pertanian juga dinilai penting agar petani memiliki posisi tawar yang lebih kuat dalam pengadaan sarana produksi dan pemasaran hasil.""Dukungan sektor pertanian meliputi bantuan modal, benih, pupuk, alsintan, irigasi, teknologi, serta pendampingan dan pelatihan. Penguatan kelembagaan kelompok tani dan koperasi juga terus didorong agar memiliki posisi tawar yang lebih kuat dalam pengadaan sarana produksi hingga pemasaran hasil."" tegasnya.Dengan dukungan tersebut, lahan pertanian diharapkan tetap produktif dan memberikan penghasilan yang layak bagi petani sehingga tekanan untuk mengalihfungsikan lahan dapat ditekan. Upaya ini dinilai penting agar reforma agraria tidak berhenti pada penataan tanah, tetapi benar-benar mendukung keberlanjutan produksi dan ketahanan pangan. 


                                
                                
                                
                                
                                
                                            
                                        
                                                                    

                                


                                
                                                                    
                                    
                                
                                                                                                                                                                                
                            
                            
                                                                        
                                                                
                                    
                                        
                                            Berita
                                        
                                    
                                    Terbaru Lainnya
                                
                                
                            
                            
                                    
                                    
                                        Memuat berita terbaru.....",RRI.co.id,"Dajan Peken, 82114, Tabanan, Tabanan, Bali, Indonesia",-8.536609490935,115.13552944186335,5,"2, 7","kejaksaan, kejatibali, kejaritabanan, tabanan, news"
Dekranasda Gianyar Hadirkan Tiga Kriya Unggulan pada Kriyanusa 2026,2026-09-29T01:01:00.000Z,"Kabupaten Tabanan, Bali, Indonesia",Dekranasda Gianyar Hadirkan Tiga Kriya Unggulan pada Kriyanusa 2026 - RRI.co.id,"RRI.CO.ID, Gianyar - Dewan Kerajinan Nasional Daerah (Dekranasda) Kabupaten Gianyar turut berpartisipasi dalam Kriyanusa 2026 yang berlangsung pada 26–30 September 2026 di Jakarta International Convention Center (JICC), Senayan, Jakarta. Keikutsertaan tersebut menjadi bagian dari upaya memperkenalkan potensi kriya dan wastra Gianyar melalui ajang pameran kerajinan berskala nasional.Kriyanusa 2026 menghadirkan beragam program yang memadukan pameran kerajinan, wastra, kreativitas, dan teknologi, antara lain Pameran Kerajinan Nusantara, Panggung Lokakarya, Digital Immersive Experience, Fashion DNA, Wastra Holo, Membatik Digital, Fashion Show, Talk Show, dan Mini Workshop.","Kegiatan pameran diikuti oleh ratusan peserta dengan total 410 stan.Dalam pameran tersebut, Dekranasda Gianyar menampilkan tiga produk kriya dari pelaku usaha lokal, yakni Krishna Shoes, Wira’s Silver, dan Srisedana Tenun. Krishna Shoes menghadirkan produk sandal yang memanfaatkan kain endek sebagai motif.Penggunaan wastra lokal pada produk alas kaki tersebut menjadi salah satu bentuk pengembangan kain endek ke dalam produk fungsional yang lebih dekat dengan kebutuhan dan gaya masyarakat masa kini.","Pada Hari Selasa , 29 September 2026 01:01, Tabanan, Tabanan, Bali

RRI.CO.ID, Gianyar - Dewan Kerajinan Nasional Daerah (Dekranasda) Kabupaten Gianyar turut berpartisipasi dalam Kriyanusa 2026 yang berlangsung pada 26–30 September 2026 di Jakarta International Convention Center (JICC), Senayan, Jakarta. Keikutsertaan tersebut menjadi bagian dari upaya memperkenalkan potensi kriya dan wastra Gianyar melalui ajang pameran kerajinan berskala nasional.Kriyanusa 2026 menghadirkan beragam program yang memadukan pameran kerajinan, wastra, kreativitas, dan teknologi, antara lain Pameran Kerajinan Nusantara, Panggung Lokakarya, Digital Immersive Experience, Fashion DNA, Wastra Holo, Membatik Digital, Fashion Show, Talk Show, dan Mini Workshop. Kegiatan pameran diikuti oleh ratusan peserta dengan total 410 stan.Dalam pameran tersebut, Dekranasda Gianyar menampilkan tiga produk kriya dari pelaku usaha lokal, yakni Krishna Shoes, Wira’s Silver, dan Srisedana Tenun. Krishna Shoes menghadirkan produk sandal yang memanfaatkan kain endek sebagai motif.Penggunaan wastra lokal pada produk alas kaki tersebut menjadi salah satu bentuk pengembangan kain endek ke dalam produk fungsional yang lebih dekat dengan kebutuhan dan gaya masyarakat masa kini. “Harapan saya dengan keikutsertaan pada pameran Kriyanusa ini, produksi sandal kami yang bermotif kain endek bisa semakin dikenal ke luar daerah,” ujar Ni Luh Putu Krisna Udayani, pelaku usaha Krishna Shoes.Sementara itu, Wira’s Silver menampilkan produk kerajinan perak yang dibuat secara handmade dengan mengedepankan keterampilan dan ketelitian dalam proses pengerjaannya. Produk yang ditampilkan menunjukkan karakter kerajinan perak yang memadukan keterampilan kriya dengan nilai estetika.Produk lainnya, Srisedana Tenun, menampilkan kain tenun ikat dengan teknik pewarnaan air brush serta motif yang memiliki karakter khas Gianyar. Produk tersebut memperlihatkan kreativitas dalam mengembangkan teknik dan motif tenun tanpa meninggalkan identitas lokal yang menjadi bagian dari kekuatan wastra Gianyar.Mewakili Ketua Dekranasda Kabupaten Gianyar, Wakil Ketua Ny. Diana Dewi Agung Mayun, mengatakan bahwa keikutsertaan Gianyar dalam Kriyanusa menjadi kesempatan untuk memperkenalkan keragaman dan kualitas produk kriya daerah kepada masyarakat yang lebih luas. “Melalui Kriyanusa 2026, kami ingin menunjukkan bahwa kriya dan wastra Gianyar memiliki potensi untuk terus berkembang dan dikenal lebih luas. Kreativitas para perajin perlu terus didorong agar mampu menghadirkan produk yang tetap berakar pada budaya lokal, namun dapat mengikuti perkembangan selera dan kebutuhan masyarakat saat ini,” ujar Ny. Diana Dewi Agung Mayun.Selain mengikuti pameran, Ny. Diana Dewi Agung Mayun juga berpartisipasi dalam Parade Pakaian Daerah Dekranasda Kabupaten dan Kota yang berlangsung pada Senin, 28 September 2026 di Panggung Utama Hall B JICC. Dalam kesempatan tersebut, ia tampil mengenakan wastra endek dengan konsep kasual, yang memadukan karakter kain tradisional dengan gaya busana yang lebih modern dan praktis.Program parade tersebut diikuti oleh Ketua atau Wakil Ketua Dekranasda kabupaten/kota peserta Kriyanusa. Keikutsertaan Dekranasda Gianyar dalam Kriyanusa 2026 menjadi bagian dari upaya memperluas ruang promosi bagi pelaku kriya daerah sekaligus memperkenalkan kekayaan wastra dan kerajinan Gianyar kepada masyarakat dari berbagai daerah.Melalui pameran dan berbagai program yang dihadirkan, produk kriya lokal memperoleh kesempatan untuk tampil, dikenal, dan menjangkau pasar yang lebih luas.",RRI.co.id,"Dajan Peken, 82114, Tabanan, Tabanan, Bali, Indonesia",-8.536609490935,115.13552944186335,5,"2, 7","kejaksaan, kejatibali, kejaritabanan, tabanan, news"
Kemenkum Bali Jadi Rujukan Pengelolaan JDIH Kemenko Kumham Imipas,2026-09-29T06:33:00.000Z,"Kabupaten Tabanan, Bali, Indonesia",Kemenkum Bali Jadi Rujukan Pengelolaan JDIH Kemenko Kumham Imipas - RRI.co.id,"Kantor Wilayah Kementerian Hukum Bali menerima kunjungan Kementerian Koordinator Bidang Hukum, Hak Asasi Manusia, Imigrasi, dan Pemasyarakatan (Kemenko Kumham Imipas) dalam rangka studi tiru pembangunan dan pengelolaan Jaringan Dokumentasi dan Informasi Hukum (JDIH). (Foto:Humas Kanwil Kemenkum Bali).
                                                    
                                                                                            
                                                                                                            
                                
                                RRI.CO.ID, DENPASAR — Pengelolaan Jaringan Dokumentasi dan Informasi Hukum (JDIH) Kantor Wilayah Kementerian Hukum Bali menjadi rujukan Kementerian Koordinator Bidang Hukum, Hak Asasi Manusia, Imigrasi, dan Pemasyarakatan (Kemenko Kumham Imipas) dalam mengembangkan layanan dokumentasi hukum berbasis digital.","Hal tersebut disampaikan dalam kunjungan studi tiru Kemenko Kumham Imipas ke Kanwil Kementerian Hukum Bali, Senin 28 September 2026. Kunjungan dipimpin Kepala Biro Hubungan Masyarakat dan Teknologi Informasi Kemenko Kumham Imipas, Mamur Saputra.","Pada Hari Selasa , 29 September 2026 06:33, Tabanan, Tabanan, Bali

Kantor Wilayah Kementerian Hukum Bali menerima kunjungan Kementerian Koordinator Bidang Hukum, Hak Asasi Manusia, Imigrasi, dan Pemasyarakatan (Kemenko Kumham Imipas) dalam rangka studi tiru pembangunan dan pengelolaan Jaringan Dokumentasi dan Informasi Hukum (JDIH). (Foto:Humas Kanwil Kemenkum Bali).
                                                    
                                                                                            
                                                                                                            
                                
                                RRI.CO.ID, DENPASAR — Pengelolaan Jaringan Dokumentasi dan Informasi Hukum (JDIH) Kantor Wilayah Kementerian Hukum Bali menjadi rujukan Kementerian Koordinator Bidang Hukum, Hak Asasi Manusia, Imigrasi, dan Pemasyarakatan (Kemenko Kumham Imipas) dalam mengembangkan layanan dokumentasi hukum berbasis digital. Hal tersebut disampaikan dalam kunjungan studi tiru Kemenko Kumham Imipas ke Kanwil Kementerian Hukum Bali, Senin 28 September 2026. Kunjungan dipimpin Kepala Biro Hubungan Masyarakat dan Teknologi Informasi Kemenko Kumham Imipas, Mamur Saputra. Studi tiru dilakukan untuk menggali pengalaman dan praktik pengelolaan JDIH Kanwil Kementerian Hukum Bali sebagai bahan pengembangan JDIH di lingkungan Kemenko Kumham Imipas. Kepala Divisi Peraturan Perundang-undangan dan Pembinaan Hukum Kanwil Kementerian Hukum Bali, Mustiqo Vitra Ardhiansyah, memaparkan strategi pengelolaan JDIH, termasuk optimalisasi digitalisasi yang telah dilakukan sejak 2019. “Digitalisasi tersebut ditujukan untuk mempercepat penyebarluasan produk hukum agar lebih akurat dan mudah diakses masyarakat. Berbagai dokumen hukum tersedia melalui portal JDIH Kanwil Kementerian Hukum Bali,”jelasnya.Selain mengelola dokumentasi hukum, Kanwil Kementerian Hukum Bali juga membina 32 instansi anggota JDIH di Provinsi Bali melalui pembinaan, pemantauan, dan evaluasi. Dalam kunjungan tersebut, Kepala Biro Hubungan Masyarakat dan Teknologi Informasi Kemenko Kumham Imipas, Mamur Saputra bersama jajaran meninjau Ruang Perpustakaan JDIH dan Perpustakaan Kanwil Kementerian Hukum Bali untuk melihat langsung sarana pendukung pengelolaan dokumentasi dan informasi hukum.Kegiatan tersebut diharapkan memperkuat pertukaran pengalaman dan kolaborasi antarlembaga dalam mewujudkan pengelolaan JDIH yang optimal, transparan, dan mudah diakses masyarakat. 


                                
                                
                                
                                
                                
                                            
                                        
                                                                    

                                


                                
                                                                    
                                    
                                
                                                                                                                                                                                
                            
                            
                                                                        
                                                                
                                    
                                        
                                            Berita
                                        
                                    
                                    Terbaru Lainnya
                                
                                
                            
                            
                                    
                                    
                                        Memuat berita terbaru.....",RRI.co.id,"Dajan Peken, 82114, Tabanan, Tabanan, Bali, Indonesia",-8.536609490935,115.13552944186335,5,"2, 7","kejaksaan, kejatibali, kejaritabanan, tabanan, news"
Reforma Agraria Berperan Penting dalam Memperkuat Ketahanan Pangan Bali,2026-09-29T00:36:00.000Z,"Kabupaten Tabanan, Bali, Indonesia",Reforma Agraria Berperan Penting dalam Memperkuat Ketahanan Pangan Bali - RRI.co.id,"Ilustrasi Reforma Agraria Dinilai Berperan Penting dalam Memperkuat Ketahanan Pangan Bali. (Foto: DOK).
                                                    
                                                                                            
                                                                                                            
                                
                                RRI.CO.ID, Denpasar — Reforma agraria dinilai memiliki dampak signifikan terhadap penguatan ketahanan pangan di Bali, terutama karena memberikan kepastian hukum kepada petani atas lahan yang mereka kelola.","Analis Prasarana dan Sarana Pertanian Dinas Pertanian dan Ketahanan Pangan Provinsi Bali, Dice Siska Ndoen, Sst. M.agb, mengatakan kepastian hukum atas kepemilikan atau penguasaan tanah dapat membuka akses petani terhadap permodalan dan memperkuat kelembagaan usaha para petani.“Reforma agraria sangat berdampak kepada ketahanan pangan Bali.","Pada Hari Selasa , 29 September 2026 00:36, Tabanan, Tabanan, Bali

Ilustrasi Reforma Agraria Dinilai Berperan Penting dalam Memperkuat Ketahanan Pangan Bali. (Foto: DOK).
                                                    
                                                                                            
                                                                                                            
                                
                                RRI.CO.ID, Denpasar — Reforma agraria dinilai memiliki dampak signifikan terhadap penguatan ketahanan pangan di Bali, terutama karena memberikan kepastian hukum kepada petani atas lahan yang mereka kelola. Analis Prasarana dan Sarana Pertanian Dinas Pertanian dan Ketahanan Pangan Provinsi Bali, Dice Siska Ndoen, Sst. M.agb, mengatakan kepastian hukum atas kepemilikan atau penguasaan tanah dapat membuka akses petani terhadap permodalan dan memperkuat kelembagaan usaha para petani.“Reforma agraria sangat berdampak kepada ketahanan pangan Bali. Petani yang sudah memiliki kepastian hukum terhadap aset yang dimiliki dan tanah yang didiami bisa berusaha lebih luas lagi,” ujar Dice, Senin 28 September 2026.Menurut dia, kepastian atas aset juga membuat petani memiliki peluang lebih besar untuk mengakses permodalan dan mengembangkan usaha secara lebih luas. Namun, pemanfaatan lahan hasil reforma agraria masih menghadapi sejumlah kendala.Salah satunya adalah belum seluruh petani tergabung dalam kelompok yang memiliki tata kelola dan manajemen yang baik. Ia mengatakan penguatan kelembagaan petani menjadi penting agar lahan reforma agraria dapat dikelola secara produktif dan berkelanjutan.“Pendekatan kami adalah bagaimana mereka bisa melakukan kegiatan secara berkelompok, ada manajemennya, dan kita perlu kembali menata mereka sehingga mereka mau bersatu,” katanya.Ia menyebut pembentukan kelompok petani di kawasan reforma agraria membutuhkan upaya besar, baik dari petani maupun tenaga penyuluh. Selain sektor pertanian, pengembangan kawasan tersebut juga membutuhkan kolaborasi dengan berbagai sektor lain. Ia menambahkan koperasi, sektor perdagangan, perindustrian, serta instansi teknis lainnya perlu terlibat untuk meningkatkan produktivitas sekaligus taraf hidup masyarakat di kawasan reforma agraria. 


                                
                                
                                
                                
                                
                                            
                                        
                                                                    

                                


                                
                                                                    
                                    
                                
                                                                                                                                                                                
                            
                            
                                                                        
                                                                
                                    
                                        
                                            Berita
                                        
                                    
                                    Terbaru Lainnya
                                
                                
                            
                            
                                    
                                    
                                        Memuat berita terbaru.....",RRI.co.id,"Dajan Peken, 82114, Tabanan, Tabanan, Bali, Indonesia",-8.536609490935,115.13552944186335,5,"2, 7","kejaksaan, kejatibali, kejaritabanan, tabanan, news"
Bukan Jual Beli Ahli Waris Tawarkan Skema Ganti Untung untuk Lahan Sriwedari ke Pemkot Solo,2026-10-01T00:19:00.000Z,"Kabupaten Tabanan, Bali, Indonesia","Bukan Jual Beli, Ahli Waris Tawarkan Skema Ganti Untung untuk Lahan Sriwedari ke Pemkot Solo - Kompas.com","SOLO, KOMPAS.com - Ahli waris KRMT Wiryodiningrat belum menentukan nominal ganti untung yang diminta kepada Pemerintah Kota (Pemkot) Solo terkait lahan Sriwedari, Jawa Tengah.
Koordinator Ahli Waris Wiryodiningrat, Gunadi Joko Pikukuh, mengatakan pihaknya tidak ingin mematok nominal tertentu untuk ganti untung tersebut.Menurut Gunadi, besaran ganti untung dapat ditentukan melalui kesepakatan bersama antara ahli waris dan Pemkot Solo.
""Ya itu sebenarnya bergantung pada kesepakatan bersama. Kita juga tidak mau harus sekian-sekian.",Ganti untung yang layak dan adil. Mengingat ahli waris berdarah-darah mengurus warisan sejak tahun 1970 berapa yang sudah meninggal.,"Pada Hari Kamis , 1 Oktober 2026 00:19, Tabanan, Tabanan, Bali

SOLO, KOMPAS.com - Ahli waris KRMT Wiryodiningrat belum menentukan nominal ganti untung yang diminta kepada Pemerintah Kota (Pemkot) Solo terkait lahan Sriwedari, Jawa Tengah.
Koordinator Ahli Waris Wiryodiningrat, Gunadi Joko Pikukuh, mengatakan pihaknya tidak ingin mematok nominal tertentu untuk ganti untung tersebut.Menurut Gunadi, besaran ganti untung dapat ditentukan melalui kesepakatan bersama antara ahli waris dan Pemkot Solo.
""Ya itu sebenarnya bergantung pada kesepakatan bersama. Kita juga tidak mau harus sekian-sekian. Ganti untung yang layak dan adil. Mengingat ahli waris berdarah-darah mengurus warisan sejak tahun 1970 berapa yang sudah meninggal. Minta ganti rugi moril, materiil, immateriil sudah luar biasa,"" jelas Gunadi dikutip dari Tribun Solo, Selasa (29/9/2026).
Tuntutan tersebut berkaitan dengan lahan Sriwedari seluas 99.899 meter persegi yang diklaim sebagai milik ahli waris.
Baca juga: Sengkarut Lahan Sriwedari Solo: Ahli Waris Sebut Pernyataan Keluarga Wali Kota Cuma Politis




Ahli Waris Tawarkan Pelepasan Hak
Gunadi mengatakan, apabila Pemkot Solo ingin tetap menguasai lahan Sriwedari, pemberian ganti untung kepada ahli waris dapat menjadi salah satu jalan yang ditempuh.
Setelah kesepakatan mengenai ganti untung tercapai, ahli waris disebut bersedia melakukan pelepasan hak atas kepemilikan tanah tersebut kepada Pemkot Solo.
""Karena Sriwedari menjadi ikon kota cagar budaya nggak ada masalah. Panggil aja ahli waris. Mereka mau memberikan ganti untung ahli waris, ahli waris melakukan pelepasan hak atas kepemilikan tanah itu kepada pemkot. Nggak perlu ada jual beli. Pemkot bukan subyek hukum pembeli,"" ujarnya.
Dengan skema tersebut, Gunadi menyebut mekanisme yang ditawarkan bukan berupa transaksi jual beli tanah.
Ahli waris menempatkan pemberian ganti untung dan pelepasan hak sebagai bagian dari penyelesaian yang dapat disepakati bersama dengan Pemkot Solo.
Baca juga: Ahli Waris Wiryodiningrat soal Duduk Perkara Sengketa Tanah Sriwedari hingga Opsi Tempuh Tiga Jalur Hukum
Dasar Tuntutan Ahli Waris
Gunadi mengatakan tuntutan ahli waris berkaitan dengan lahan Sriwedari yang memiliki luas 99.899 meter persegi.
Ia menyebut dasar tuntutan tersebut merujuk pada putusan kasasi Mahkamah Agung No:3249-K/PDT/2012 tanggal 5 Desember 2013 yang menurutnya telah berkekuatan hukum tetap.Menurut Gunadi, dasar tersebut menjadi rujukan ahli waris dalam menyampaikan tuntutan terkait kepemilikan lahan Sriwedari.
Di sisi lain, ahli waris belum menentukan nominal ganti untung yang diminta.
Gunadi kembali menegaskan bahwa besaran tersebut akan bergantung pada kesepakatan bersama dengan Pemkot Solo.
Baca juga: Nina Akbar Tandjung Dukung Pemkot Solo Kelola Sriwedari, Respati Ungkap Soal Kebon Rojo
Nilai Ganti Untung Belum Disepakati
Gambaran mengenai nilai ekonomi lahan Sriwedari sebelumnya muncul dari perkiraan harga tanah di kawasan tersebut.
Agen properti Ety Isworo mengatakan harga tanah yang menghadap langsung Jalan Slamet Riyadi berada pada kisaran Rp 30 juta hingga Rp 55 juta per meter persegi.
""Tanah yang benar-benar menghadap langsung Jl. Slamet Riyadi: sekitar Rp 30–55 juta/m persegi, tergantung segmen lokasi, lebar muka, luas, dan potensi komersial,"" ungkap Ety.
Namun, harga tanah di kawasan tersebut tidak seragam. Ety juga memberikan contoh tanah di Sriwedari seluas 517 meter persegi yang ditawarkan Rp 6,7 miliar atau sekitar Rp 13 juta per meter persegi.
Sementara tanah strategis di kawasan Laweyan dengan akses jalan raya seluas 472 meter persegi ditawarkan sekitar Rp 15 juta per meter persegi.
Karena itu, angka berdasarkan perkiraan harga pasar tersebut tidak dapat disamakan dengan nominal ganti untung.
Hingga kini, berdasarkan keterangan ahli waris, besaran ganti untung untuk lahan Sriwedari masih menunggu kesepakatan bersama dengan Pemkot Solo.
Sebagian artikel ini telah tayang di TribunSolo.com dengan judul Kekeringan dan Karhutla Makin Meluas, Wonogiri Naikkan Status dari Siaga Jadi Tanggap Darurat.




  

    
        Bayangkan seorang anak Indonesia bercita-cita menjadi dokter tetapi hanya memiliki satu buku lusuh untuk belajar. Bersama Ekspedisi Kata ke Nyata Kompas.com, Anda bisa membantu mengubah kisah itu. Mari hadirkan akses literasi bagi anak-anak di berbagai pelosok Indonesia melalui donasi lewat tautan https://bit.ly/JagatLiterasi2026. Setiap kebaikan yang Anda berikan bukan hanya membuka jendela pengetahuan, tetapi juga membuka masa depan mereka.",Kompas.com,"Dajan Peken, 82114, Tabanan, Tabanan, Bali, Indonesia",-8.536609490935,115.13552944186335,5,"2, 7","kejaksaan, kejatibali, kejaritabanan, tabanan, news"
Ngopi Kamtibmas Polresta Denpasar Serap Aspirasi Tokoh Gereja,2026-09-28T04:05:00.000Z,"Kabupaten Tabanan, Bali, Indonesia",Ngopi Kamtibmas Polresta Denpasar Serap Aspirasi Tokoh Gereja - RRI.co.id,"RRI.CO.ID, Denpasar - Polresta Denpasar memperkuat komunikasi dan sinergi dengan tokoh agama serta masyarakat melalui kegiatan Ngopi Kamtibmas bersama Pendeta, Romo dan pengurus majelis gereja se-Kecamatan Denpasar Selatan, Jumat 25 September 2026.Kegiatan yang berlangsung di Gerai Kopi Kamtibmas Polresta Denpasar, Mako Pospol Subsektor Diponegoro, tersebut dihadiri Plt. Wakapolresta Denpasar AKBP I Ketut Widiarta, S.H., S.I.K., M.Si., bersama sejumlah pejabat utama Polresta Denpasar serta para tokoh dan pengurus gereja.AKBP I Ketut Widiarta menjelaskan, Ngopi Kamtibmas merupakan kegiatan rutin yang menjadi ruang komunikasi dua arah antara kepolisian dengan masyarakat.","Forum tersebut dimanfaatkan untuk menyerap aspirasi, mendengarkan keluhan, sekaligus membahas berbagai persoalan keamanan dan ketertiban masyarakat yang berkembang di lingkungan warga.“Melalui kegiatan ini kami berharap para tokoh agama dan pengurus gereja dapat menyampaikan berbagai masukan maupun permasalahan yang ditemukan di lingkungan masing-masing. Setiap informasi akan menjadi bahan bagi kepolisian untuk ditindaklanjuti bersama-sama,” ucapnya.Dalam dialog tersebut, para tokoh gereja menyampaikan sejumlah persoalan yang berkaitan langsung dengan situasi kamtibmas.","Pada Hari Senin , 28 September 2026 04:05, Tabanan, Tabanan, Bali

RRI.CO.ID, Denpasar - Polresta Denpasar memperkuat komunikasi dan sinergi dengan tokoh agama serta masyarakat melalui kegiatan Ngopi Kamtibmas bersama Pendeta, Romo dan pengurus majelis gereja se-Kecamatan Denpasar Selatan, Jumat 25 September 2026.Kegiatan yang berlangsung di Gerai Kopi Kamtibmas Polresta Denpasar, Mako Pospol Subsektor Diponegoro, tersebut dihadiri Plt. Wakapolresta Denpasar AKBP I Ketut Widiarta, S.H., S.I.K., M.Si., bersama sejumlah pejabat utama Polresta Denpasar serta para tokoh dan pengurus gereja.AKBP I Ketut Widiarta menjelaskan, Ngopi Kamtibmas merupakan kegiatan rutin yang menjadi ruang komunikasi dua arah antara kepolisian dengan masyarakat. Forum tersebut dimanfaatkan untuk menyerap aspirasi, mendengarkan keluhan, sekaligus membahas berbagai persoalan keamanan dan ketertiban masyarakat yang berkembang di lingkungan warga.“Melalui kegiatan ini kami berharap para tokoh agama dan pengurus gereja dapat menyampaikan berbagai masukan maupun permasalahan yang ditemukan di lingkungan masing-masing. Setiap informasi akan menjadi bahan bagi kepolisian untuk ditindaklanjuti bersama-sama,” ucapnya.Dalam dialog tersebut, para tokoh gereja menyampaikan sejumlah persoalan yang berkaitan langsung dengan situasi kamtibmas. Salah satunya terkait rencana pelaksanaan perayaan Natal di wilayah Pedungan. Pengurus gereja berharap pengaturan arus lalu lintas selama kegiatan ibadah dapat dikoordinasikan dengan baik, termasuk kemungkinan penerapan rekayasa lalu lintas satu arah pada waktu tertentu.Aspirasi lainnya berkaitan dengan kelangkaan LPG 3 kilogram di wilayah Sidakarya, Denpasar Selatan. Para tokoh agama meminta persoalan tersebut mendapat perhatian, terutama apabila ditemukan dugaan penimbunan maupun pelanggaran hukum.Dalam kesempatan itu, pengurus gereja juga mengapresiasi layanan Polisi 110 yang dinilai membantu masyarakat ketika membutuhkan kehadiran kepolisian. Polisi sekaligus menyosialisasikan layanan tersebut serta Polri Super App sebagai sarana pelayanan kepolisian.Persoalan lain yang turut dibahas yakni perlunya komunikasi yang baik apabila terdapat petugas yang mengaku berasal dari unsur intelijen kepolisian dan menjalankan tugas di lingkungan gereja. Pengurus gereja meminta arahan agar pelaksanaan tugas di lapangan tidak menimbulkan kesalahpahaman dengan jemaat.Sejumlah persoalan kamtibmas lainnya juga disampaikan, di antaranya aktivitas karaoke dan konsumsi minuman keras hingga dini hari di sekitar Kepaon, dugaan tawuran yang melibatkan anak sekolah di wilayah Banjar Kelod Renon, serta kondisi di Jalan Tukad Badung XIV yang beberapa kali ditemukan orang dalam keadaan mabuk hingga terjatuh atau menabrak jalan di sekitar gang buntu.Pengurus Gereja Katedral turut menyampaikan apresiasi atas dukungan personel kepolisian selama kegiatan ibadah Paskah dan Natal. Namun, mereka juga menyampaikan kendala pengaturan parkir ketika kegiatan keagamaan bertepatan dengan pelaksanaan car free day di Lapangan Renon, mengingat lokasi gereja berada di wilayah yang berbatasan dengan Denpasar Timur dan Denpasar Selatan.Apresiasi juga disampaikan terhadap Bhabinkamtibmas dan personel Intelkam yang dinilai aktif menjalin komunikasi dengan pihak gereja di Jalan Tukad Batanghari, Denpasar Selatan.Dalam dialog tersebut turut disampaikan informasi awal mengenai dugaan aktivitas mencurigakan yang diduga berkaitan dengan “nempel paket narkoba” di sekitar Jalan Tukad Musi. Informasi tersebut selanjutnya menjadi bahan untuk ditindaklanjuti oleh pihak kepolisian.Menanggapi berbagai masukan tersebut, Kapolsek Denpasar Selatan menyampaikan bahwa persoalan yang berkaitan dengan kepentingan masyarakat akan dikoordinasikan bersama instansi terkait.Khusus terkait usulan pengaturan lalu lintas saat pelaksanaan ibadah Natal di wilayah Pedungan, pengurus gereja disarankan menyampaikan surat resmi kepada aparat desa, Dinas Perhubungan dan pihak kepolisian. Selanjutnya, rapat koordinasi akan dilakukan untuk mengkaji teknis pengaturan lalu lintas agar kegiatan ibadah berlangsung aman, tertib dan lancar tanpa mengganggu aktivitas masyarakat lainnya.Polresta Denpasar juga mengingatkan masyarakat mengenai pentingnya keterlibatan bersama dalam mencegah penyalahgunaan narkoba, khususnya di kalangan generasi muda dan anak sekolah.Melalui kegiatan tersebut, Polresta Denpasar menegaskan komitmennya untuk terus membuka ruang komunikasi dengan seluruh elemen masyarakat, termasuk tokoh agama dan pengurus rumah ibadah. Sinergi tersebut diharapkan dapat mempercepat penyampaian informasi, mencegah potensi gangguan kamtibmas sejak dini, serta mendukung terciptanya situasi keamanan yang aman, nyaman dan kondusif di wilayah Kota Denpasar.",RRI.co.id,"Dajan Peken, 82114, Tabanan, Tabanan, Bali, Indonesia",-8.536609490935,115.13552944186335,5,"2, 7","kejaksaan, kejatibali, kejaritabanan, tabanan, news"
Kemenkum Bali Perkuat Peran Penyuluh Hukum,2026-09-26T06:16:00.000Z,"Kabupaten Tabanan, Bali, Indonesia",Kemenkum Bali Perkuat Peran Penyuluh Hukum - RRI.co.id,"Kepala Kantor Wilayah Kementerian Hukum Bali, Eem Nurmanah. (Foto:Humas Kanwil Kemenkum Bali).
                                                    
                                                                                            
                                                                                                            
                                
                                RRI.CO.ID, Denpasar — Kantor Wilayah Kementerian Hukum Bali bersama Kementerian Koordinator Bidang Hukum, Hak Asasi Manusia, Imigrasi, dan Pemasyarakatan (Kemenko Kumham Imipas) memperkuat peran Penyuluh Hukum.","Langkah tersebut untuk meningkatkan kesadaran hukum masyarakat sekaligus mendukung capaian Indeks Pembangunan Hukum (IPH) 2026.Penguatan tersebut dilakukan melalui kegiatan Sinkronisasi dan Koordinasi Penguatan Peran Penyuluh Hukum dalam Mendukung Capaian Indeks Pembangunan Hukum Tahun 2026 di Provinsi Bali di Denpasar, Rabu 23 September 2026. Kegiatan tersebut melibatkan unsur kementerian/lembaga, pemerintah daerah, Penyuluh Hukum, paralegal Pos Bantuan Hukum (Posbankum), hingga mahasiswa.Kepala Kantor Wilayah Kementerian Hukum Bali, Eem Nurmanah, mengatakan pembangunan hukum tidak hanya berhenti pada pembentukan peraturan perundang-undangan.","Pada Hari Sabtu , 26 September 2026 06:16, Tabanan, Tabanan, Bali

Kepala Kantor Wilayah Kementerian Hukum Bali, Eem Nurmanah. (Foto:Humas Kanwil Kemenkum Bali).
                                                    
                                                                                            
                                                                                                            
                                
                                RRI.CO.ID, Denpasar — Kantor Wilayah Kementerian Hukum Bali bersama Kementerian Koordinator Bidang Hukum, Hak Asasi Manusia, Imigrasi, dan Pemasyarakatan (Kemenko Kumham Imipas) memperkuat peran Penyuluh Hukum. Langkah tersebut untuk meningkatkan kesadaran hukum masyarakat sekaligus mendukung capaian Indeks Pembangunan Hukum (IPH) 2026.Penguatan tersebut dilakukan melalui kegiatan Sinkronisasi dan Koordinasi Penguatan Peran Penyuluh Hukum dalam Mendukung Capaian Indeks Pembangunan Hukum Tahun 2026 di Provinsi Bali di Denpasar, Rabu 23 September 2026. Kegiatan tersebut melibatkan unsur kementerian/lembaga, pemerintah daerah, Penyuluh Hukum, paralegal Pos Bantuan Hukum (Posbankum), hingga mahasiswa.Kepala Kantor Wilayah Kementerian Hukum Bali, Eem Nurmanah, mengatakan pembangunan hukum tidak hanya berhenti pada pembentukan peraturan perundang-undangan. Hal yang tak kalah penting adalah memastikan hukum dipahami, diterima, dan dilaksanakan masyarakat.Menurut Eem, Penyuluh Hukum memiliki posisi strategis sebagai penghubung antara kebijakan dan norma hukum dengan persoalan yang dihadapi masyarakat. Peran tersebut mencakup penyampaian informasi hukum, identifikasi persoalan, edukasi, hingga mendorong peningkatan kesadaran hukum.""Penyuluh Hukum sesungguhnya berada pada posisi yang sangat dekat dengan masyarakat. Mereka menjadi salah satu penghubung antara kebijakan dan norma hukum yang ditetapkan negara dengan realitas serta kebutuhan hukum yang dihadapi masyarakat sehari-hari,"" ujar Eem. 


                                
                                
                                
                                
                                
                                            
                                        
                                                                    

                                


                                
                                                                    
                                    
                                
                                                                                                                                                                                
                            
                            
                                                                        
                                                                
                                    
                                        
                                            Berita
                                        
                                    
                                    Terbaru Lainnya
                                
                                
                            
                            
                                    
                                    
                                        Memuat berita terbaru.....",RRI.co.id,"Dajan Peken, 82114, Tabanan, Tabanan, Bali, Indonesia",-8.536609490935,115.13552944186335,5,"2, 7","kejaksaan, kejatibali, kejaritabanan, tabanan, news"
Gunung Berapi dan Tsunami Jadi Fokus Utama Risiko Bencana di Bandara Ngurah Rai,2026-09-28T06:29:00.000Z,"Kabupaten Tabanan, Bali, Indonesia",Gunung Berapi dan Tsunami Jadi Fokus Utama Risiko Bencana di Bandara Ngurah Rai - RRI.co.id,"RRI.CO.ID, Badung – Bandara Internasional I Gusti Ngurah Rai Bali menetapkan potensi aktivitas gunung berapi dan tsunami sebagai prioritas utama penanganan kondisi darurat. Pemetaan risiko ini dilakukan untuk menjaga kesiapan operasional bandara dalam menghadapi berbagai ancaman bencana alam di wilayah Bali dan sekitarnya.General Manager PT Angkasa Pura Indonesia (InJourney Airports) Kantor Cabang Bandara Internasional I Gusti Ngurah Rai, Nugroho Jati, mengungkapkan bahwa dari tujuh kategori bencana yang telah dipetakan, ancaman dari aktivitas vulkanik serta tsunami membutuhkan perhatian khusus.“Kami menetapkan klasifikasi disaster yang berpotensi terjadi di Bali.","Dari tujuh kategori yang telah kami tetapkan ada prioritas utama, yaitu volcano activity atau gunung berapi, baik di Gunung Agung dan sekitarnya, tsunami, serta debu vulkanik akibat dari lingkungan sekitar Provinsi Bali,” ujar Nugroho Jati.Ia menjelaskan bahwa setiap potensi bencana memerlukan strategi dan keterlibatan pihak yang berbeda. Penanganan bencana alam seperti letusan gunung berapi atau tsunami akan sangat kontras dengan penanganan krisis non-alam seperti pandemi.“Ini berbeda penanganan ketika ada disaster terkait dengan pandemi, yang tidak ada batas waktu kapan selesai dan melibatkan pihak mana saja.","Pada Hari Senin , 28 September 2026 06:29, Tabanan, Tabanan, Bali

RRI.CO.ID, Badung – Bandara Internasional I Gusti Ngurah Rai Bali menetapkan potensi aktivitas gunung berapi dan tsunami sebagai prioritas utama penanganan kondisi darurat. Pemetaan risiko ini dilakukan untuk menjaga kesiapan operasional bandara dalam menghadapi berbagai ancaman bencana alam di wilayah Bali dan sekitarnya.General Manager PT Angkasa Pura Indonesia (InJourney Airports) Kantor Cabang Bandara Internasional I Gusti Ngurah Rai, Nugroho Jati, mengungkapkan bahwa dari tujuh kategori bencana yang telah dipetakan, ancaman dari aktivitas vulkanik serta tsunami membutuhkan perhatian khusus.“Kami menetapkan klasifikasi disaster yang berpotensi terjadi di Bali. Dari tujuh kategori yang telah kami tetapkan ada prioritas utama, yaitu volcano activity atau gunung berapi, baik di Gunung Agung dan sekitarnya, tsunami, serta debu vulkanik akibat dari lingkungan sekitar Provinsi Bali,” ujar Nugroho Jati.Ia menjelaskan bahwa setiap potensi bencana memerlukan strategi dan keterlibatan pihak yang berbeda. Penanganan bencana alam seperti letusan gunung berapi atau tsunami akan sangat kontras dengan penanganan krisis non-alam seperti pandemi.“Ini berbeda penanganan ketika ada disaster terkait dengan pandemi, yang tidak ada batas waktu kapan selesai dan melibatkan pihak mana saja. Jadi semua akan tergantung pada kondisinya,” tambahnya.Guna memastikan kesiapan seluruh jajaran dalam menghadapi skenario terburuk, Bandara Ngurah Rai menggelar latihan Penanganan Keadaan Darurat (PKD) skala penuh (full-scale exercise). Latihan rutin yang diadakan setiap dua tahun sekali ini merupakan yang pertama kalinya digelar kembali pasca-pandemi.Rangkaian simpul latihan mencakup tiga penanganan utama: simulasi kebakaran gedung (building fire), ancaman keamanan bandara (airport security), hingga penanganan kecelakaan pesawat (aircraft accident) di dalam kawasan bandara yang dilaksanakan hingga malam hari untuk menguji kesiapsiagaan operasional 24 jam.Latihan besar ini melibatkan sebanyak 860 personel gabungan lintas instansi yang tergabung dalam komite keamanan dan keadaan darurat bandar udara. Pihak yang terlibat meliputi TNI/Polri, maskapai, ground handling, Imigrasi, Bea Cukai, Karantina, BASARNAS, Petugas Pemadam Kebakaran daerah, rumah sakit rujukan, hingga AirNav Indonesia.Meski melibatkan ratusan personel dan kegiatan latihan berskala besar di area sisi udara (airside), pihak pengelola memastikan operasional penerbangan di Bandara Internasional I Gusti Ngurah Rai tetap berjalan normal tanpa penutupan maupun pengurangan penerbangan.Pengelola bandara juga telah menerbitkan Notice to Airmen (NOTAM) jauh-jauh hari untuk mengantisipasi potensi penyesuaian jadwal atau dampak delay selama latihan berlangsung.“Untuk latihan ini kita tetap menjaga operasional Bandar Udara I Gusti Ngurah Rai tetap berjalan dengan baik, lancar, dan tidak terganggu. Tidak ada penutupan, tidak ada pengurangan, semua tetap berjalan,” tegas Nugroho. 


                                
                                
                                
                                
                                
                                            
                                        
                                                                    

                                


                                
                                                                    
                                    
                                
                                                                                                                                                                                
                            
                            
                                                                        
                                                                
                                    
                                        
                                            Berita
                                        
                                    
                                    Terbaru Lainnya
                                
                                
                            
                            
                                    
                                    
                                        Memuat berita terbaru.....",RRI.co.id,"Dajan Peken, 82114, Tabanan, Tabanan, Bali, Indonesia",-8.536609490935,115.13552944186335,5,"2, 7","kejaksaan, kejatibali, kejaritabanan, tabanan, news"
Bali Dorong World Rabies Day Jadi Momentum Edukasi,2026-09-26T05:23:00.000Z,"Kabupaten Tabanan, Bali, Indonesia",Bali Dorong World Rabies Day Jadi Momentum Edukasi - RRI.co.id,"Ilustrasi Bali Dorong World Rabies Day Jadi Momentum Edukasi. (Foto:DOK).
                                                    
                                                                                            
                                                                                                            
                                
                                RRI.CO.ID, Denpasar – Gubernur Bali Wyan Koster mendukung pelaksanaan World Rabies Day (WRD) 2026 sebagai momentum untuk meningkatkan kesadaran masyarakat mengenai bahaya rabies.","Tidak hanya itu, momen tersebut sekaligus mendorong kepedulian terhadap kesehatan dan kesejahteraan hewan.Peringatan World Rabies Day 2026 dijadwalkan berlangsung pada 27 September 2026 di Lapangan Bajra Sandhi, Renon, Denpasar. Sejumlah kegiatan disiapkan, antara lain sterilisasi gratis anjing liar, vaksinasi rabies gratis, Pet Fun Walk, Lomba Anjing Sehat, Lomba Makan untuk Anjing, serta berbagai kegiatan edukasi.Koster mengajak masyarakat memanfaatkan kegiatan tersebut sekaligus mengambil bagian dalam upaya bersama memutus mata rantai penyebaran rabies.","Pada Hari Sabtu , 26 September 2026 05:23, Tabanan, Tabanan, Bali

Ilustrasi Bali Dorong World Rabies Day Jadi Momentum Edukasi. (Foto:DOK).
                                                    
                                                                                            
                                                                                                            
                                
                                RRI.CO.ID, Denpasar – Gubernur Bali Wyan Koster mendukung pelaksanaan World Rabies Day (WRD) 2026 sebagai momentum untuk meningkatkan kesadaran masyarakat mengenai bahaya rabies. Tidak hanya itu, momen tersebut sekaligus mendorong kepedulian terhadap kesehatan dan kesejahteraan hewan.Peringatan World Rabies Day 2026 dijadwalkan berlangsung pada 27 September 2026 di Lapangan Bajra Sandhi, Renon, Denpasar. Sejumlah kegiatan disiapkan, antara lain sterilisasi gratis anjing liar, vaksinasi rabies gratis, Pet Fun Walk, Lomba Anjing Sehat, Lomba Makan untuk Anjing, serta berbagai kegiatan edukasi.Koster mengajak masyarakat memanfaatkan kegiatan tersebut sekaligus mengambil bagian dalam upaya bersama memutus mata rantai penyebaran rabies. Menurutnya, pencegahan perlu dimulai dari lingkungan keluarga melalui kepemilikan dan pemeliharaan hewan secara bertanggung jawab.Masyarakat juga diimbau tidak mengabaikan kasus gigitan anjing atau hewan penular rabies lainnya. Jika terjadi gigitan, korban perlu segera mendapatkan penanganan yang tepat dan melaporkan kejadian tersebut kepada pihak terkait.“Kecepatan dalam mengenali risiko dan mengambil tindakan setelah terjadi gigitan menjadi bagian penting dalam mencegah dampak serius akibat rabies,”jelasnya.Di sisi lain, pemilik anjing di Bali diharapkan memastikan hewan peliharaan mendapatkan vaksinasi rabies secara rutin, tidak dibiarkan berkeliaran, serta melakukan sterilisasi sebagai bagian dari pengendalian populasi. Kolaborasi pemerintah, PDHI, tenaga medis veteriner, komunitas pencinta hewan, dan masyarakat menjadi bagian penting dalam memperkuat penanggulangan rabies.“Sinergi ini diharapkan menghasilkan penanganan yang lebih terintegrasi sekaligus memperkuat perlindungan kesehatan masyarakat dan hewan di Bali,”tutupnya. 


                                
                                
                                
                                
                                
                                            
                                        
                                                                    

                                


                                
                                                                    
                                    
                                
                                                                                                                                                                                
                            
                            
                                                                        
                                                                
                                    
                                        
                                            Berita
                                        
                                    
                                    Terbaru Lainnya
                                
                                
                            
                            
                                    
                                    
                                        Memuat berita terbaru.....",RRI.co.id,"Dajan Peken, 82114, Tabanan, Tabanan, Bali, Indonesia",-8.536609490935,115.13552944186335,5,"2, 7","kejaksaan, kejatibali, kejaritabanan, tabanan, news"
PascaBlokade Ketapang Pelabuhan Gilimanuk Kembali Lengang,2026-09-30T00:36:00.000Z,"Kabupaten Tabanan, Bali, Indonesia","Pasca-Blokade Ketapang, Pelabuhan Gilimanuk Kembali Lengang - RRI.co.id","Suasana areal parkir dalam Pelabuhan Gilimanuk kembali lengang pasca kepadatan dan antrean panjang beberapa hari terakhir, Senin 28 September 2026. (Foto: RRI/Suardika)
                                                    
                                                                                            
                                                                                                            
                                
                                RRI.CO.ID, Jembrana - Situasi arus lalu lintas dan aktivitas penyeberangan di Pelabuhan Gilimanuk, Bali, dipastikan telah kembali normal dan terurai pasca-kelumpuhan akibat aksi blokade para sopir truk angkutan barang di Pelabuhan Ketapang, Banyuwangi, Sabtu 26 September 2026 lalu.","Aksi penutupan akses di Pelabuhan Ketapang sebelumnya sempat memicu efek domino yang parah di Selat Bali, hingga menyebabkan kemacetan dan penumpukan kendaraan dari arah Gilimanuk yang mengular sepanjang 7 hingga 10 kilometer. Namun, pergerakan armada kapal penyeberangan sejak Minggu 27 September 2026 berhasil mengurai kepadatan secara bertahap.","Pada Hari Rabu , 30 September 2026 00:36, Tabanan, Tabanan, Bali

Suasana areal parkir dalam Pelabuhan Gilimanuk kembali lengang pasca kepadatan dan antrean panjang beberapa hari terakhir, Senin 28 September 2026. (Foto: RRI/Suardika)
                                                    
                                                                                            
                                                                                                            
                                
                                RRI.CO.ID, Jembrana - Situasi arus lalu lintas dan aktivitas penyeberangan di Pelabuhan Gilimanuk, Bali, dipastikan telah kembali normal dan terurai pasca-kelumpuhan akibat aksi blokade para sopir truk angkutan barang di Pelabuhan Ketapang, Banyuwangi, Sabtu 26 September 2026 lalu. Aksi penutupan akses di Pelabuhan Ketapang sebelumnya sempat memicu efek domino yang parah di Selat Bali, hingga menyebabkan kemacetan dan penumpukan kendaraan dari arah Gilimanuk yang mengular sepanjang 7 hingga 10 kilometer. Namun, pergerakan armada kapal penyeberangan sejak Minggu 27 September 2026 berhasil mengurai kepadatan secara bertahap. Pantauan di lokasi pada hari ini menunjukkan seluruh jalur menuju Pelabuhan Gilimanuk kini bersih dari kemacetan. Areal parkir siap muat hingga Terminal Manuver Gilimanuk yang sebelumnya padat merayap pun tampak lengang. Seluruh kendaraan, baik truk kargo, bus penumpang, maupun kendaraan pribadi, telah terangkut kapal menuju Pelabuhan Ketapang.Kapolsek Kawasan Pelabuhan Gilimanuk, AKP Gusti Kade Alit Murdiasa, mengatakan bahwa ekor antrean kendaraan sudah tidak terlihat sejak Senin 28 September 2026 pagi hari. ""Hari ini, seperti yang nampak dari tadi pagi sejak pukul 08.00 WITA, untuk antrean maupun ekor antrean baik kendaraan kargo, bus, dan kendaraan kecil lainnya sudah tidak terjadi lagi. Di Terminal Manuver Gilimanuk sangat landai hingga pukul 14.00 WITA. Aktivitas kembali lancar, tidak ada kepadatan dan penumpukan kendaraan, serta bongkar muat kapal sesuai jadwal aturan dari BPTD,"" ujar AKP Gusti Alit, ditemui langsung di Gilimanuk, Senin siang.Kelancaran arus penyeberangan ini didukung optimalisasi armada kapal. Berdasarkan data dari Kantor Syahbandar dan Otoritas Pelabuhan (KSOP/KUPP) Kelas II Gilimanuk, sebanyak 28 unit kapal dioperasikan secara maksimal untuk melayani skema penyeberangan Lintas Gilimanuk–Ketapang guna memastikan seluruh sisa antrean kendaraan teratasi sepenuhnya. 


                                
                                
                                
                                
                                
                                            
                                        
                                                                    

                                


                                
                                                                    
                                    
                                
                                                                                                                                                                                
                            
                            
                                                                        
                                                                
                                    
                                        
                                            Berita
                                        
                                    
                                    Terbaru Lainnya
                                
                                
                            
                            
                                    
                                    
                                        Memuat berita terbaru.....",RRI.co.id,"Dajan Peken, 82114, Tabanan, Tabanan, Bali, Indonesia",-8.536609490935,115.13552944186335,5,"2, 7","kejaksaan, kejatibali, kejaritabanan, tabanan, news"
Leapmotor C10 SUV Listrik yang Tawarkan Sensasi Berkendara Berbeda,2026-09-29T00:35:00.000Z,"Kabupaten Tabanan, Bali, Indonesia","Leapmotor C10, SUV Listrik yang Tawarkan Sensasi Berkendara Berbeda - RRI.co.id","Hobi
                                                
                                            
                                                                            
                                    
                                    
                                        
                                            29 Sep 2026 07:35
                                            WIB
                                        
                                        
                                             Denpasar
                                        
                                    
                                    
                                                                                                                                
                                                                                
                                        
                                            
                                                Editor -
                                                Ni Nyoman Kasih
                                            
                                        
                                    
                                

                                                                                                                                    

                                

                                                                                                            
                                        
                                                                    
                                
                                RRI.CO.ID, Denpasar - Pasar kendaraan listrik kembali diramaikan oleh kehadiran Leapmotor C10, sebuah SUV listrik modern yang berada di bawah naungan raksasa otomotif global, Stellantis. Mobil ini hadir untuk menjawab kebutuhan konsumen yang menginginkan SUV ramah lingkungan dengan kombinasi teknologi terkini serta standar kualitas pabrikan internasional yang tangguh.Dari segi tampilan luar, Leapmotor C10 mengusung bahasa desain futuristik namun tetap elegan.","Garis bodinya dirancang aerodinamis dengan sentuhan lampu LED melintang di bagian depan dan belakang, memberikan kesan gagah sekaligus modern. Proporsi ukurannya yang proporsional menjadikannya tampil percaya diri saat melintasi jalanan perkotaan maupun perjalanan jarak jauh.Memasuki bagian interior, kabin Leapmotor C10 menyajikan nuansa minimalis dan lapang dengan material berkualitas tinggi.","Pada Hari Selasa , 29 September 2026 00:35, Tabanan, Tabanan, Bali

Hobi
                                                
                                            
                                                                            
                                    
                                    
                                        
                                            29 Sep 2026 07:35
                                            WIB
                                        
                                        
                                             Denpasar
                                        
                                    
                                    
                                                                                                                                
                                                                                
                                        
                                            
                                                Editor -
                                                Ni Nyoman Kasih
                                            
                                        
                                    
                                

                                                                                                                                    

                                

                                                                                                            
                                        
                                                                    
                                
                                RRI.CO.ID, Denpasar - Pasar kendaraan listrik kembali diramaikan oleh kehadiran Leapmotor C10, sebuah SUV listrik modern yang berada di bawah naungan raksasa otomotif global, Stellantis. Mobil ini hadir untuk menjawab kebutuhan konsumen yang menginginkan SUV ramah lingkungan dengan kombinasi teknologi terkini serta standar kualitas pabrikan internasional yang tangguh.Dari segi tampilan luar, Leapmotor C10 mengusung bahasa desain futuristik namun tetap elegan. Garis bodinya dirancang aerodinamis dengan sentuhan lampu LED melintang di bagian depan dan belakang, memberikan kesan gagah sekaligus modern. Proporsi ukurannya yang proporsional menjadikannya tampil percaya diri saat melintasi jalanan perkotaan maupun perjalanan jarak jauh.Memasuki bagian interior, kabin Leapmotor C10 menyajikan nuansa minimalis dan lapang dengan material berkualitas tinggi. Pengemudi dan penumpang dimanjakan oleh konsol tengah yang bersih dari tombol fisik, didominasi oleh layar sentuh berukuran besar yang mengintegrasikan seluruh pengaturan kendaraan dan sistem hiburan secara intuitif.Tidak hanya mengandalkan estetika, SUV listrik ini juga dibekali dengan performa motor listrik yang responsif serta jarak tempuh yang memadai untuk kebutuhan harian. Dukungan platform teknologi modular dan sistem manajemen baterai yang canggih memastikan penyaluran tenaga berlangsung halus namun tetap bertenaga saat dibutuhkan.Secara keseluruhan, Leapmotor C10 menawarkan nilai lebih di segmen SUV listrik lewat kenyamanan suspensi dan karakter berkendara yang berbeda dari kompetitor sekelasnya. Kehadiran model ini mempertegas komitmen Stellantis dalam menghadirkan alternatif kendaraan listrik yang serbaguna, canggih, dan dapat diandalkan bagi konsumen global. 


                                
                                
                                
                                
                                
                                            
                                        
                                                                    

                                


                                
                                                                    
                                    
                                
                                                                                                                                                                                
                            
                            
                                                                        
                                                                
                                    
                                        
                                            Berita
                                        
                                    
                                    Terbaru Lainnya
                                
                                
                            
                            
                                    
                                    
                                        Memuat berita terbaru.....",RRI.co.id,"Dajan Peken, 82114, Tabanan, Tabanan, Bali, Indonesia",-8.536609490935,115.13552944186335,5,"2, 7","kejaksaan, kejatibali, kejaritabanan, tabanan, news"
Pelindo Lanjutkan Program WISE di Ring 1 Pelabuhan Benoa,2026-09-30T10:13:00.000Z,"Kabupaten Tabanan, Bali, Indonesia",Pelindo Lanjutkan Program WISE di Ring 1 Pelabuhan Benoa - RRI.co.id,"Regional
                                                
                                            
                                                                            
                                    
                                    
                                        
                                            30 Sep 2026 17:13
                                            WIB
                                        
                                        
                                             Denpasar
                                        
                                    
                                    
                                                                                                                                
                                                                                
                                        
                                            
                                                Editor -
                                                Ni Nyoman Kasih
                                            
                                        
                                    
                                

                                                                                                                                    

                                

                                                                                                            
                                        
                                                                                    
                                                
                                                    
                                                

                                                                                                    
                                                        TPST Banjar Pesanggaran. (Foto: Humas Pelindo Benoa)
                                                    
                                                                                            
                                                                                                            
                                
                                RRI.CO.ID, Denpasar - PT Pelabuhan Indonesia (Persero) atau Pelindo melanjutkan program Waste Integrated Solution for Environment (WISE) di TPST Banjar Pesanggaran, Kota Denpasar.","Program yang telah berjalan sejak Januari 2026 ini dilaksanakan dalam dua tahap sebagai bentuk komitmen Pelindo dalam mendukung pengelolaan lingkungan dan pemberdayaan masyarakat di Ring 1 Pelabuhan Benoa.Melalui WISE, Pelindo mendukung penguatan sarana dan kapasitas masyarakat dalam memilah serta mengolah sampah, termasuk melalui budidaya maggot, pengolahan sampah organik dan anorganik, serta pencacahan plastik. Program ini melibatkan lebih dari 150 orang dan juga memberikan edukasi pengelolaan sampah kepada siswa sekolah dasar di sekitar Pesanggaran.Hingga akhir pelaksanaan tahap I dari bulan Januari hingga Mei 2026, sebanyak 12.401 kilogram sampah organik dan 19.253 kilogram sampah anorganik telah dikelola, atau sekitar 31,65 ton sampah.","Pada Hari Rabu , 30 September 2026 10:13, Tabanan, Tabanan, Bali

Regional
                                                
                                            
                                                                            
                                    
                                    
                                        
                                            30 Sep 2026 17:13
                                            WIB
                                        
                                        
                                             Denpasar
                                        
                                    
                                    
                                                                                                                                
                                                                                
                                        
                                            
                                                Editor -
                                                Ni Nyoman Kasih
                                            
                                        
                                    
                                

                                                                                                                                    

                                

                                                                                                            
                                        
                                                                                    
                                                
                                                    
                                                

                                                                                                    
                                                        TPST Banjar Pesanggaran. (Foto: Humas Pelindo Benoa)
                                                    
                                                                                            
                                                                                                            
                                
                                RRI.CO.ID, Denpasar - PT Pelabuhan Indonesia (Persero) atau Pelindo melanjutkan program Waste Integrated Solution for Environment (WISE) di TPST Banjar Pesanggaran, Kota Denpasar. Program yang telah berjalan sejak Januari 2026 ini dilaksanakan dalam dua tahap sebagai bentuk komitmen Pelindo dalam mendukung pengelolaan lingkungan dan pemberdayaan masyarakat di Ring 1 Pelabuhan Benoa.Melalui WISE, Pelindo mendukung penguatan sarana dan kapasitas masyarakat dalam memilah serta mengolah sampah, termasuk melalui budidaya maggot, pengolahan sampah organik dan anorganik, serta pencacahan plastik. Program ini melibatkan lebih dari 150 orang dan juga memberikan edukasi pengelolaan sampah kepada siswa sekolah dasar di sekitar Pesanggaran.Hingga akhir pelaksanaan tahap I dari bulan Januari hingga Mei 2026, sebanyak 12.401 kilogram sampah organik dan 19.253 kilogram sampah anorganik telah dikelola, atau sekitar 31,65 ton sampah. Program juga menghasilkan 30 kilogram maggot, menjalankan empat siklus budidaya maggot, didukung pengembangan 100 ekor ayam petelur, sementara pengelolaan sampah anorganik menghasilkan lima produk olahan limbah.Sub Regional Head Bali Nusra Pelindo, Fariz Hariyoso, mengatakan bahwa WISE merupakan bentuk komitmen Pelindo untuk mendukung solusi lingkungan yang berkelanjutan. “Pengelolaan sampah membutuhkan kolaborasi dan konsistensi. Melalui WISE, kami tidak hanya mendukung sarana, tetapi juga mendorong peningkatan kapasitas masyarakat agar mampu mengelola sampah dan memanfaatkannya secara optimal,” ujar Fariz.Ketua TPST Pesanggaran, I Ketut Agus Pujawan, menyampaikan bahwa program WISE memberikan pengetahuan dan dukungan bagi pengelola TPST. “Dengan adanya sarana dan pelatihan, kami semakin memahami bahwa sampah masih dapat dimanfaatkan dan memiliki nilai. Kami berharap program initerus berlanjut sehingga TPST semakin mandiri dan masyarakat semakin terbiasa memilah sampah dari sumbernya,” ujar Agus.Melalui WISE, Pelindo mendorong pengelolaan sampah yang tidak hanya mengurangi limbah, tetapi juga menciptakan nilai tambah bagi masyarakat. Program ini menjadi bagian dari komitmen Pelindo untuk tumbuh bersama masyarakat sekaligus menjaga keberlanjutan lingkungan di sekitar wilayah operasional Pelabuhan Benoa. 


                                
                                
                                
                                
                                
                                            
                                        
                                                                    

                                


                                
                                                                    
                                    
                                
                                                                                                                                                                                
                            
                            
                                                                        
                                                                
                                    
                                        
                                            Berita
                                        
                                    
                                    Terbaru Lainnya
                                
                                
                            
                            
                                    
                                    
                                        Memuat berita terbaru.....",RRI.co.id,"Dajan Peken, 82114, Tabanan, Tabanan, Bali, Indonesia",-8.536609490935,115.13552944186335,5,"2, 7","kejaksaan, kejatibali, kejaritabanan, tabanan, news"
Menko Airlangga Investasi dan Ekspor Bernilai Tambah Kunci Pertumbuhan Ekonomi,2026-09-26T06:03:00.000Z,"Kabupaten Tabanan, Bali, Indonesia",Menko Airlangga: Investasi dan Ekspor Bernilai Tambah Kunci Pertumbuhan Ekonomi - RRI.co.id,"RRI.CO.ID, Jakarta - Perekonomian global masih diliputi ketidakpastian tinggi melalui tiga kanal risiko utama yang perlu terus diantisipasi, yakni energi dan logistik akibat konflik geopolitik, perdagangan dan investasi akibat meningkatnya proteksionisme, serta pasar keuangan dan fiskal akibat volatilitas global. Meskipun outlook perekonomian global pada 2027 diperkirakan membaik, proses pemulihan masih menghadapi berbagai kerentanan.","Dalam konteks tersebut, penguatan investasi, konektivitas, dan efisiensi logistik nasional menjadi semakin penting untuk menjaga daya tahan dan daya saing perekonomian nasional. Hal itu dikatakan Menteri Koordinator Bidang Perekonomian Airlangga Hartarto dalam acara ANTARA Business Forum “The Synergy Horizon - Positioning Indonesia For The Next Decade, Rabu 23 September 2026 dikutip dari ekon.go.id.Menko Airlangga mengatakan, di tengah dinamika global tersebut, fundamental perekonomian Indonesia hingga saat ini masih menunjukkan kondisi yang tetap terjaga.","Pada Hari Sabtu , 26 September 2026 06:03, Tabanan, Tabanan, Bali

RRI.CO.ID, Jakarta - Perekonomian global masih diliputi ketidakpastian tinggi melalui tiga kanal risiko utama yang perlu terus diantisipasi, yakni energi dan logistik akibat konflik geopolitik, perdagangan dan investasi akibat meningkatnya proteksionisme, serta pasar keuangan dan fiskal akibat volatilitas global. Meskipun outlook perekonomian global pada 2027 diperkirakan membaik, proses pemulihan masih menghadapi berbagai kerentanan. Dalam konteks tersebut, penguatan investasi, konektivitas, dan efisiensi logistik nasional menjadi semakin penting untuk menjaga daya tahan dan daya saing perekonomian nasional. Hal itu dikatakan Menteri Koordinator Bidang Perekonomian Airlangga Hartarto dalam acara ANTARA Business Forum “The Synergy Horizon - Positioning Indonesia For The Next Decade, Rabu 23 September 2026 dikutip dari ekon.go.id.Menko Airlangga mengatakan, di tengah dinamika global tersebut, fundamental perekonomian Indonesia hingga saat ini masih menunjukkan kondisi yang tetap terjaga. Perekonomian nasional tumbuh 5,45% (yoy) pada Semester I-2026, dengan inflasi yang terkendali sebesar 3,19% pada Agustus 2026, serta realisasi investasi mencapai Rp1.010,6 triliun hingga Semester I-2026. Dari sisi kesejahteraan, rasio gini turun menjadi 0,368, tingkat kemiskinan tercatat 8,07%, dan tingkat pengangguran terbuka berada pada 4,65%. Sementara itu, Indonesia juga tetap mempertahankan peringkat dalam kategori layak investasi, yang mencerminkan terjaganya kepercayaan terhadap fundamental dan prospek perekonomian nasional.“Pemerintah menargetkan pertumbuhan ekonomi 6% pada 2027 menuju 8% dalam jangka menengah, tiga syarat utama. Pertama, investasi harus tumbuh lebih cepat daripada PDB, kedua, produktivitas dan kualitas SDM meningkat, dan ketiga yakni ekspor harus semakin bernilai tambah dan logistik semakin efisien,” jelasnya.Menko Airlangga mengungkapkan, kebijakan ekonomi tahun 2027 akan diarahkan melalui sinergi fiskal sebagai katalis, moneter sebagai penjaga stabilitas, dan investasi sebagai penggerak kapasitas produksi serta penciptaan lapangan kerja. Sinergi ketiga kebijakan tersebut menjadi bagian dari upaya mendorong perekonomian nasional untuk tumbuh lebih tinggi dan meningkatkan kesejahteraan masyarakat secara lebih cepat.Menurut Menko Airlangga, untuk memperkecil kesenjangan menuju target pertumbuhan ekonomi, Pemerintah menyiapkan empat strategi, yakni deregulasi dan debottlenecking melalui Peraturan Pemerintah (PP) Nomor 28 Tahun 2025 dan Keputusan Presiden (Keppres) Nomor 4 Tahun 2026, penguatan investasi dan pembiayaan melalui KEK, Danantara, dan KPBU, peningkatan produktivitas melalui program magang dan vokasi, serta perluasan akses pasar melalui 25 perjanjian dagang yang telah diimplementasikan dan 13 perjanjian yang masih dalam proses perundingan, seiring dengan proses aksesi Indonesia menuju OECD. Menko Airlangga mengatakan, Penguatan ketahanan energi, ekonomi hijau, dan ekonomi digital juga terus menjadi bagian penting dalam membangun fondasi pertumbuhan ekonomi nasional. Ketahanan energi Indonesia tercermin dari Indeks Ketahanan Energi 2025 yang berada pada level tahan, sementara potensi energi baru terbarukan mencapai lebih dari 1.000 gigawatt. Upaya transisi energi juga diperkuat melalui inisiatif Just Energy Transition Partnership (JETP) dan Asia Zero Emission Community (AZEC) dengan dukungan pendanaan strategis.Di sisi digital, Indonesia telah menjadi ekonomi digital terbesar di ASEAN, yang didukung perluasan penggunaan QRIS lintas batas. Fondasi menuju target pertumbuhan ekonomi 8% juga diperkuat melalui pengembangan ekosistem pusat data, Artificial Intelligent (AI), semikonduktor, dan talenta digital nasional secara terintegrasi. Komitmen Indonesia dalam pengembangan ekosistem AI global turut ditunjukkan melalui status sebagai founding member World AI Cooperation Organization (WAICO), yang ditandatangani di Shanghai bersama 28 negara pendiri lainnya. Menurut Menko Airlangga, reformasi iklim investasi juga terus diperkuat dengan penerapan Service Level Agreement (SLA) untuk memberikan kepastian waktu dalam proses perizinan, serta pengembangan sistem Online Single Submission (OSS) berbasis risiko. Langkah tersebut menjadi bagian dari upaya menciptakan iklim investasi yang semakin memberikan kepastian, kemudahan, dan pelayanan yang lebih responsif bagi pelaku usaha. Pemerataan investasi juga terus didorong melalui Kawasan Ekonomi Khusus (KEK) sebagai salah satu instrumen utama pembangunan ekonomi di berbagai wilayah. Penguatan industri padat karya juga menjadi bagian penting dalam mendorong pertumbuhan ekonomi yang lebih inklusif, khususnya pada sektor Tekstil dan Produk Tekstil (TPT). Sektor TPT berkontribusi terhadap PDB, dengan menyerap jutaan tenaga kerja, serta mencatatkan nilai ekspor yang signifikan. Penguatan sektor ini dilakukan melalui peningkatan pasokan bahan baku, harmonisasi kebijakan hulu dan hilir, penertiban impor, serta dukungan restrukturisasi dan pembiayaan bagi pelaku industri.Menko Airlangga menambahkan, transformasi ekonomi nasional turut diperkuat melalui integrasi dengan perekonomian global. Indonesia terus berperan aktif dalam berbagai forum dan kerja sama ekonomi internasional, termasuk G20, ASEAN, RCEP, BRICS, serta proses aksesi OECD dan CPTPP. Di saat yang sama, perluasan jaringan kerja sama perdagangan, termasuk melalui Indonesia-European Union Comprehensive Economic Partnership Agreement (IEU-CEPA), terus didorong untuk memperluas akses pasar, meningkatkan daya saing produk nasional, dan membuka peluang investasi. “Kita memiliki pasar domestik yang besar, sumber daya alam yang kuat, bonus demografi, basis industri yang terus berkembang, serta posisi strategis di kawasan. Karena itu, arah kebijakan ke depan harus tetap berfokus pada investasi berkualitas, hilirisasi, peningkatan produktivitas, penguatan daya saing, serta perluasan akses pasar,“ tutur Menko Airlangga.",RRI.co.id,"Dajan Peken, 82114, Tabanan, Tabanan, Bali, Indonesia",-8.536609490935,115.13552944186335,5,"2, 7","kejaksaan, kejatibali, kejaritabanan, tabanan, news"
Pemkot Denpasar Gandeng BWC dan Pepsico Optimalkan Pengolahan Sampah Lokal,2026-09-28T06:29:00.000Z,"Kabupaten Tabanan, Bali, Indonesia",Pemkot Denpasar Gandeng BWC dan Pepsico Optimalkan Pengolahan Sampah Lokal - RRI.co.id,"Pemerintah Kota Denpasar menggandeng Bali Waste Cycle (BWC) dengan dukungan Pepsicomengubah sampah kemasan menjadi produk bernilai guna, termasuk papan multifungsi dan papan petunjuk ramah lingkungan. (Foto:Humas Pemkot Denpasar).
                                                    
                                                                                            
                                                                                                            
                                
                                RRI.CO.ID, Denpasar – Berbagai langkah dilakukan Pemerintah Kota Denpasar dalam upaya penanganan sampah di Kota Denpasar.","Salah satunya dengan menggandeng berbagai pihak dalam mengoptimalkan pengolahan sampah seperti menggandeng BWC dan Pepsico.Founder dan Direktur Bali Waste Cycle (BWC) Olivia Anastasia Padang di Denpasar mengatakan BWC bersama TPS3R Eka Panca Guna Buana Lestari, Desa Pemecutan Kelod, terus mengembangkan kapasitas pengolahan sampah melalui optimalisasi peralatan pengolahan sampah lokal. Upaya tersebut difokuskan pada pengolahan sampah kemasan bekas makanan ringan yang selama ini memiliki tantangan untuk didaur ulang.“Setelah melalui proses pengolahan, material tersebut dapat dimanfaatkan menjadi berbagai produk, salah satunya papan multifungsi untuk mendukung kebutuhan fasilitas public,”ungkapnya.Sementara itu, Perbekel Pemecutan Kelod I Wayan Tantra mengatakan wilayahnya yang terdiri atas 15 banjar masih menghadapi tantangan dalam pengelolaan sampah.","Pada Hari Senin , 28 September 2026 06:29, Tabanan, Tabanan, Bali

Pemerintah Kota Denpasar menggandeng Bali Waste Cycle (BWC) dengan dukungan Pepsicomengubah sampah kemasan menjadi produk bernilai guna, termasuk papan multifungsi dan papan petunjuk ramah lingkungan. (Foto:Humas Pemkot Denpasar).
                                                    
                                                                                            
                                                                                                            
                                
                                RRI.CO.ID, Denpasar – Berbagai langkah dilakukan Pemerintah Kota Denpasar dalam upaya penanganan sampah di Kota Denpasar. Salah satunya dengan menggandeng berbagai pihak dalam mengoptimalkan pengolahan sampah seperti menggandeng BWC dan Pepsico.Founder dan Direktur Bali Waste Cycle (BWC) Olivia Anastasia Padang di Denpasar mengatakan BWC bersama TPS3R Eka Panca Guna Buana Lestari, Desa Pemecutan Kelod, terus mengembangkan kapasitas pengolahan sampah melalui optimalisasi peralatan pengolahan sampah lokal. Upaya tersebut difokuskan pada pengolahan sampah kemasan bekas makanan ringan yang selama ini memiliki tantangan untuk didaur ulang.“Setelah melalui proses pengolahan, material tersebut dapat dimanfaatkan menjadi berbagai produk, salah satunya papan multifungsi untuk mendukung kebutuhan fasilitas public,”ungkapnya.Sementara itu, Perbekel Pemecutan Kelod I Wayan Tantra mengatakan wilayahnya yang terdiri atas 15 banjar masih menghadapi tantangan dalam pengelolaan sampah. Karena itu, desa memaksimalkan peran bank sampah sekaligus memperkuat kemitraan dengan BWC.""Melalui kolaborasi ini, sampah anorganik diolah menggunakan mesin pencacah dan pemroses modern sehingga tidak hanya mengurangi beban residu, tetapi juga menghasilkan produk yang bernilai ekonomis,"" kata Tantra.Senior Director of Corporate Affairs APAC Pepsico Laura Keith mengatakan kolaborasi tersebut menjadi bagian dari dukungan terhadap inovasi lokal dalam membangun sistem pengelolaan sampah yang bertanggung jawab dan berkelanjutan. Pemanfaatan hasil olahan sampah plastik, kata dia, tidak berhenti pada kebutuhan fasilitas publik.Material tersebut juga dikembangkan untuk mendukung pembuatan kaki palsu dengan melibatkan penyandang disabilitas. ""Selain dimanfaatkan sebagai fasilitas umum, hasil olahan sampah plastik juga dikembangkan untuk mendukung pembuatan kaki palsu dengan melibatkan penyandang disabilitas,"" ujarnya. 


                                
                                
                                
                                
                                
                                            
                                        
                                                                    

                                


                                
                                                                    
                                    
                                
                                                                                                                                                                                
                            
                            
                                                                        
                                                                
                                    
                                        
                                            Berita
                                        
                                    
                                    Terbaru Lainnya
                                
                                
                            
                            
                                    
                                    
                                        Memuat berita terbaru.....",RRI.co.id,"Dajan Peken, 82114, Tabanan, Tabanan, Bali, Indonesia",-8.536609490935,115.13552944186335,5,"2, 7","kejaksaan, kejatibali, kejaritabanan, tabanan, news"
PLN Siagakan Sistem Kelistrikan Berlapis untuk Kegiatan Besar di Nusa Dua,2026-09-29T00:39:00.000Z,"Kabupaten Tabanan, Bali, Indonesia",PLN Siagakan Sistem Kelistrikan Berlapis untuk Kegiatan Besar di Nusa Dua - RRI.co.id,"Petugas PLN UP3 Bali Selatan melakukan pemantauan kondisi kelistrikan di area panggung BMW Motorrad Days Bali 2026, Peninsula Island, Nusa Dua, sebagai bagian dari pengamanan pasokan listrik selama kegiatan berlangsung. (Foto:Humas PLN UID Bali).
                                                    
                                                                                            
                                                                                                            
                                
                                RRI.CO.ID, Badung — PLN Unit Pelaksana Pelayanan Pelanggan (UP3) Bali Selatan menyiagakan sistem kelistrikan berlapis untuk memastikan pasokan listrik tetap andal selama kegiatan berskala besar di kawasan Nusa Dua, Badung.","Salah satunya telah diterapkan pada BMW Motorrad Days Bali 2026 di Peninsula Island pada 24–26 September 2026 lalu, dengan kebutuhan daya mencapai 794 kVA.Sistem pengamanan dilakukan dengan menyiapkan pasokan utama dan cadangan untuk mendukung berbagai kebutuhan kegiatan, mulai dari penerangan area UMKM, backstage, perangkat LED, hingga pendingin udara. PLN juga menyiapkan Uninterruptible Power Supply (UPS) untuk perangkat LED di area backstage.","Pada Hari Selasa , 29 September 2026 00:39, Tabanan, Tabanan, Bali

Petugas PLN UP3 Bali Selatan melakukan pemantauan kondisi kelistrikan di area panggung BMW Motorrad Days Bali 2026, Peninsula Island, Nusa Dua, sebagai bagian dari pengamanan pasokan listrik selama kegiatan berlangsung. (Foto:Humas PLN UID Bali).
                                                    
                                                                                            
                                                                                                            
                                
                                RRI.CO.ID, Badung — PLN Unit Pelaksana Pelayanan Pelanggan (UP3) Bali Selatan menyiagakan sistem kelistrikan berlapis untuk memastikan pasokan listrik tetap andal selama kegiatan berskala besar di kawasan Nusa Dua, Badung. Salah satunya telah diterapkan pada BMW Motorrad Days Bali 2026 di Peninsula Island pada 24–26 September 2026 lalu, dengan kebutuhan daya mencapai 794 kVA.Sistem pengamanan dilakukan dengan menyiapkan pasokan utama dan cadangan untuk mendukung berbagai kebutuhan kegiatan, mulai dari penerangan area UMKM, backstage, perangkat LED, hingga pendingin udara. PLN juga menyiapkan Uninterruptible Power Supply (UPS) untuk perangkat LED di area backstage. Seluruh perangkat pendukung diperiksa dan diuji sebelum digunakan, termasuk melalui simulasi tanpa beban dan dengan beban. Manager PLN UP3 Bali Selatan Alexander J. Manuhuwa mengatakan pengamanan kelistrikan untuk kegiatan dengan kebutuhan daya besar membutuhkan persiapan sejak sebelum acara berlangsung.“Kami memastikan kebutuhan kelistrikan di lokasi telah dipersiapkan secara menyeluruh, termasuk sistem cadangan dan kesiapan personel. Pemeriksaan dan pengujian dilakukan sebelum kegiatan untuk memastikan perangkat pendukung dapat berfungsi sesuai kebutuhan,” ujar Alexander dalam keterangan tertulisnya, Senin 28 September 2026.Selain menyiapkan infrastruktur, PLN menempatkan personel di lokasi untuk memantau kondisi pasokan dan merespons kebutuhan teknis selama kegiatan berlangsung. “Kesiapan personel menjadi bagian penting dalam menjaga keandalan pelayanan. Dengan pemantauan langsung di lokasi, kondisi kelistrikan dapat terus diperhatikan dan kebutuhan teknis dapat segera ditindaklanjuti apabila diperlukan,” katanya.Perwakilan BMW Jakarta, Indra Adhiwijaya, mengapresiasi dukungan PLN dalam memastikan kebutuhan kelistrikan selama BMW Motorrad Days Bali 2026 “Kesiapan kelistrikan menjadi salah satu aspek yang kami perhatikan dalam pelaksanaan kegiatan ini. Kami mengapresiasi dukungan PLN UP3 Bali Selatan yang telah mempersiapkan kebutuhan listrik dan personel di lokasi, sehingga kebutuhan operasional selama kegiatan dapat berjalan dengan baik,” ujar Indra.Pengamanan berlapis tersebut menjadi bagian dari layanan PLN UP3 Bali Selatan dalam mendukung kegiatan berskala besar di kawasan Nusa Dua. Penyiapan pasokan utama dan cadangan, perangkat pendukung, serta personel di lapangan dilakukan untuk memastikan kebutuhan listrik penyelenggara, pelaku usaha, dan pengunjung dapat terpenuhi selama kegiatan berlangsung. 


                                
                                
                                
                                
                                
                                            
                                        
                                                                    

                                


                                
                                                                    
                                    
                                
                                                                                                                                                                                
                            
                            
                                                                        
                                                                
                                    
                                        
                                            Berita
                                        
                                    
                                    Terbaru Lainnya
                                
                                
                            
                            
                                    
                                    
                                        Memuat berita terbaru.....",RRI.co.id,"Dajan Peken, 82114, Tabanan, Tabanan, Bali, Indonesia",-8.536609490935,115.13552944186335,5,"2, 7","kejaksaan, kejatibali, kejaritabanan, tabanan, news"
Meta VR Glasses Kacamata VR ringan dengan berat hanya 100 Gram,2026-09-28T03:24:00.000Z,"Kabupaten Tabanan, Bali, Indonesia","Meta VR Glasses, Kacamata VR ringan dengan berat hanya 100 Gram - RRI.co.id","RRI.CO.ID, Denpasar - Meta memperkenalkan perangkat realitas virtual (Virtual Reality/VR) bernama Meta VR Glasses dengan desain yang berbeda dari perangkat VR pada umumnya. Bentuknya lebih mirip kacamata biasa dibandingkan headset VR tradisional dan beratnya hanya sekitar 100 gram.","Dikutip dari Gizchina, pada Kamis, 24 September 2026, disebutkan bahwa bobot yang ringan menjadi salah satu keunggulan utama perangkat ini. Meta memindahkan prosesor, baterai, dan penyimpanan ke perangkat terpisah berukuran saku yang disebut puck.Kacamata tersebut terhubung ke puck menggunakan kabel optik tipis.","Pada Hari Senin , 28 September 2026 03:24, Tabanan, Tabanan, Bali

RRI.CO.ID, Denpasar - Meta memperkenalkan perangkat realitas virtual (Virtual Reality/VR) bernama Meta VR Glasses dengan desain yang berbeda dari perangkat VR pada umumnya. Bentuknya lebih mirip kacamata biasa dibandingkan headset VR tradisional dan beratnya hanya sekitar 100 gram. Dikutip dari Gizchina, pada Kamis, 24 September 2026, disebutkan bahwa bobot yang ringan menjadi salah satu keunggulan utama perangkat ini. Meta memindahkan prosesor, baterai, dan penyimpanan ke perangkat terpisah berukuran saku yang disebut puck.Kacamata tersebut terhubung ke puck menggunakan kabel optik tipis. Menurut Meta, desain ini membuat kacamata sekitar lima kali lebih ringan dibandingkan Quest 3.Meta VR Glasses menggunakan rangka berbahan campuran magnesium dan tidak memiliki tali besar atau komputer berat yang menempel di kepala pengguna. Kacamata tersebut berisi layar, kamera, dan sensor, sedangkan puck bertugas menjalankan sebagian besar proses komputasi. Perangkat puck ini memiliki berat sekitar 300 gram.Puck tersebut menggunakan chip Snapdragon Reality Elite, RAM 12 GB, dan penyimpanan 128 GB. Perangkat ini juga memiliki slot microSD yang dapat digunakan untuk menambah kapasitas penyimpanan hingga 1 TB. Jadi, seluruh sistem sebenarnya tidak hanya berbobot 100 gram. Namun, memindahkan komponen berat dari kepala pengguna dapat membuat perangkat terasa jauh lebih nyaman saat digunakan dalam waktu lama.Meta juga menggunakan layar dengan spesifikasi tinggi. Perangkat ini memiliki dua layar micro-OLED dengan resolusi 2.412 × 2.288 piksel untuk masing-masing mata. Layar tersebut memiliki refresh rate hingga 120 Hz dan kepadatan 37 piksel per derajat. Spesifikasi ini seharusnya membuat tulisan dan gambar terlihat lebih tajam dibandingkan banyak headset VR generasi lama.Meta menggunakan lensa pancake yang dirancang khusus agar perangkat tetap bisa dibuat lebih tipis dan ringkas. Namun, ada kekurangannya, yaitu bidang pandang yang hanya sekitar 70 derajat secara horizontal dan 66 derajat secara vertikal. Angka tersebut lebih sempit dibandingkan Quest 3. Artinya, pengguna mendapatkan perangkat yang jauh lebih ringan, tetapi harus menerima area pandangan VR yang tidak seluas headset VR tradisional.Salah satu hal penting dalam peluncuran Meta VR Glasses adalah perangkat ini menjadi perangkat VR pertama yang mendapatkan sertifikasi IMAX Enhanced. Meta menggunakan teknologi tersebut untuk menjadikan kacamata ini seperti bioskop pribadi. Pengguna dapat menonton film tertentu dalam format 3D dan, untuk film yang mendukung, menggunakan tampilan dengan rasio gambar IMAX yang lebih lebar.Meta juga mengatakan Disney+ akan menyediakan sejumlah film 3D pilihan di platform tersebut. Layanan lain seperti Prime Video, YouTube, ESPN, Plex, dan Crunchyroll juga akan ditambahkan. Di sinilah desain yang hanya sekitar 100 gram menjadi penting. Memakai headset VR yang berat selama 20 menit untuk demonstrasi tentu berbeda dengan memakai perangkat tersebut sepanjang film.Meta juga mengandalkan penggunaan tanpa tangan. Kacamata ini dapat membaca gerakan mata dan tangan sehingga pengguna bisa membuka aplikasi, mengontrol konten, dan menggunakan menu tanpa harus memegang kontroler. Asisten Meta AI juga sudah terintegrasi langsung ke dalam sistem sehingga pengguna dapat mengendalikan kacamata menggunakan suara, gerakan mata, dan gerakan tangan.⁠⁠⁠⁠⁠⁠⁠Meta mengatakan sistem tersebut dapat membuka aplikasi, memutar konten, mengubah ruang kerja, dan menjawab pertanyaan. Ada pula fitur baru bernama Hologram untuk panggilan video. Fitur ini dapat membuat versi digital pengguna yang terlihat lebih nyata, lengkap dengan ekspresi wajah dan suara yang terasa berasal dari arah tertentu.Meta VR Glasses akan dijual dengan harga 1.299,99 dolar AS di Amerika Serikat (sekitar Rp23 juta) dan perusahaan berencana meluncurkannya pada musim semi 2027. Meta belum mengumumkan harga final untuk pasar lainnya. Perangkat ini tersedia dalam dua ukuran, yaitu Standard dan Large, yang dijual sebagai produk dengan pilihan ukuran berbeda.",RRI.co.id,"Dajan Peken, 82114, Tabanan, Tabanan, Bali, Indonesia",-8.536609490935,115.13552944186335,5,"2, 7","kejaksaan, kejatibali, kejaritabanan, tabanan, news"
Sambang Dialogis Bhabinkamtibmas Kesiman Petilan Ajak Warga Waspada Kebakaran,2026-09-30T00:42:00.000Z,"Kabupaten Tabanan, Bali, Indonesia","Sambang Dialogis, Bhabinkamtibmas Kesiman Petilan Ajak Warga Waspada Kebakaran - RRI.co.id","Sambang Dialogis, Bhabinkamtibmas Kesiman Petilan Ajak Warga Waspada Kebakaran dan Manfaatkan Layanan 110 (Foto: Humas Polresta Denpasar)
                                                    
                                                                                            
                                                                                                            
                                
                                RRI.CO.ID, Denpasar - Upaya menjaga keamanan dan ketertiban masyarakat terus dilakukan jajaran Polsek Denpasar Timur (Dentim) lmelalui kegiatan sambang dan dialogis. Bhabinkamtibmas Desa Kesiman Petilan, Aiptu I Made Eka Wiarta bersama Babinsa Serda M.","Shodiq menyambangi warga binaan di Jalan Waribang, Selasa 29 September 2026 pukul 12.20 WITA.Dalam kesempatan tersebut, Bhabinkamtibmas berdialog langsung dengan warga sekaligus menyampaikan pesan-pesan Kamtibmas. Warga diajak meningkatkan kepedulian terhadap keamanan lingkungan, khususnya kewaspadaan terhadap potensi kebakaran dengan memastikan kondisi rumah dan lingkungan tetap aman.Petugas juga mensosialisasikan layanan Polri 110 yang dapat dimanfaatkan masyarakat untuk menyampaikan laporan maupun meminta bantuan kepolisian secara cepat.","Pada Hari Rabu , 30 September 2026 00:42, Tabanan, Tabanan, Bali

Sambang Dialogis, Bhabinkamtibmas Kesiman Petilan Ajak Warga Waspada Kebakaran dan Manfaatkan Layanan 110 (Foto: Humas Polresta Denpasar)
                                                    
                                                                                            
                                                                                                            
                                
                                RRI.CO.ID, Denpasar - Upaya menjaga keamanan dan ketertiban masyarakat terus dilakukan jajaran Polsek Denpasar Timur (Dentim) lmelalui kegiatan sambang dan dialogis. Bhabinkamtibmas Desa Kesiman Petilan, Aiptu I Made Eka Wiarta bersama Babinsa Serda M. Shodiq menyambangi warga binaan di Jalan Waribang, Selasa 29 September 2026 pukul 12.20 WITA.Dalam kesempatan tersebut, Bhabinkamtibmas berdialog langsung dengan warga sekaligus menyampaikan pesan-pesan Kamtibmas. Warga diajak meningkatkan kepedulian terhadap keamanan lingkungan, khususnya kewaspadaan terhadap potensi kebakaran dengan memastikan kondisi rumah dan lingkungan tetap aman.Petugas juga mensosialisasikan layanan Polri 110 yang dapat dimanfaatkan masyarakat untuk menyampaikan laporan maupun meminta bantuan kepolisian secara cepat. Kehadiran Bhabinkamtibmas bersama Babinsa menjadi bagian dari upaya mempererat komunikasi dan sinergi dengan masyarakat dalam menjaga situasi tetap aman dan kondusif.Kapolsek Dentim AKP I Gusti Ngurah Agung Udiana, S.H.,M.H. mengatakan, kegiatan sambang merupakan salah satu upaya untuk memastikan kehadiran Polri benar-benar dirasakan masyarakat. “Kami mengajak masyarakat bersama-sama menjaga keamanan lingkungan, meningkatkan kewaspadaan terhadap potensi kebakaran, serta tidak ragu menghubungi layanan Polri 110 apabila membutuhkan bantuan atau menemukan kejadian yang memerlukan penanganan kepolisian,” ujarnya. 


                                
                                
                                
                                
                                
                                            
                                        
                                                                    

                                


                                
                                                                    
                                    
                                
                                                                                                                                                                                
                            
                            
                                                                        
                                                                
                                    
                                        
                                            Berita
                                        
                                    
                                    Terbaru Lainnya
                                
                                
                            
                            
                                    
                                    
                                        Memuat berita terbaru.....",RRI.co.id,"Dajan Peken, 82114, Tabanan, Tabanan, Bali, Indonesia",-8.536609490935,115.13552944186335,5,"2, 7","kejaksaan, kejatibali, kejaritabanan, tabanan, news"
Imingiming Cepat Kaya Bikin Masyarakat Rentan Terjebak Investasi Bodong,2026-09-30T00:39:00.000Z,"Kabupaten Tabanan, Bali, Indonesia",Iming-iming Cepat Kaya Bikin Masyarakat Rentan Terjebak Investasi Bodong - RRI.co.id,"Ilustrasi : Iming-Iming Cepat Kaya Bikin Masyarakat Rentan Terjebak Investasi Bodong. (Foto:DOK).
                                                    
                                                                                            
                                                                                                            
                                
                                RRI.CO.ID, Denpasar — Keinginan memperoleh keuntungan besar dalam waktu singkat masih membuat masyarakat rentan terjebak investasi bodong.","Rendahnya literasi keuangan dan faktor psikologis berupa keinginan cepat kaya dinilai menjadi pemicu masyarakat mengabaikan risiko investasi ilegal.Akademisi Undiknas Denpasar, Prof. Dr.","Pada Hari Rabu , 30 September 2026 00:39, Tabanan, Tabanan, Bali

Ilustrasi : Iming-Iming Cepat Kaya Bikin Masyarakat Rentan Terjebak Investasi Bodong. (Foto:DOK).
                                                    
                                                                                            
                                                                                                            
                                
                                RRI.CO.ID, Denpasar — Keinginan memperoleh keuntungan besar dalam waktu singkat masih membuat masyarakat rentan terjebak investasi bodong. Rendahnya literasi keuangan dan faktor psikologis berupa keinginan cepat kaya dinilai menjadi pemicu masyarakat mengabaikan risiko investasi ilegal.Akademisi Undiknas Denpasar, Prof. Dr. Ida Bagus Raka Suardana, SE., MM., mengatakan masyarakat perlu lebih kritis terhadap tawaran investasi dengan imbal hasil yang tidak wajar. “Ketika ada tawaran investasi yang kira-kira imbal hasilnya tidak wajar, itu harus sudah dicurigai,” ujar Raka Suardana kepada RRI.CO.ID, Selasa 29 September 2026.Menurutnya, tawaran keuntungan berlipat dalam waktu singkat merupakan salah satu indikator yang perlu diwaspadai. Masyarakat juga kerap terpengaruh ajakan orang terdekat tanpa terlebih dahulu memahami mekanisme dan risiko investasi.Raka Suardana menyebut, kerugian akibat investasi bodong dapat berdampak besar terhadap kondisi ekonomi masyarakat. Bahkan, dana pensiun yang seharusnya digunakan untuk memenuhi kebutuhan masa tua dapat hilang setelah ditempatkan pada investasi ilegal.Ia menilai sosialisasi dan edukasi mengenai literasi keuangan perlu dilakukan secara berkelanjutan, terutama kepada masyarakat di tingkat desa dan pasar yang dinilai masih rentan terhadap tawaran investasi ilegal. “Artinya harus sosialisasi terus-menerus dan tidak bosan-bosan. Tidak hanya oleh OJK, tetapi juga oleh mereka yang memahami, seperti dosen dan mahasiswa,” katanya.Raka Suardana juga mengingatkan masyarakat agar tidak mudah tergiur skema yang menjanjikan keuntungan tinggi hanya dengan menempatkan sejumlah uang. Menurutnya, masyarakat perlu memahami bahwa investasi selalu memiliki risiko.Faktor psikologis berupa keinginan cepat kaya juga menjadi persoalan. Masyarakat terkadang beranggapan dapat menarik kembali dana setelah memperoleh keuntungan dalam beberapa bulan. Namun, ketika dana hendak dicairkan, modal justru tidak dapat dikembalikan.“Banyak orang ingin cepat kaya, ingin cepat keuntungannya tinggi,” ujarnya.Karena itu, Raka Suardana mendorong penguatan edukasi literasi keuangan agar masyarakat mampu mengenali ciri-ciri investasi ilegal, memahami risiko, dan lebih berhati-hati sebelum menempatkan dana. 


                                
                                
                                
                                
                                
                                            
                                        
                                                                    

                                


                                
                                                                    
                                    
                                
                                                                                                                                                                                
                            
                            
                                                                        
                                                                
                                    
                                        
                                            Berita
                                        
                                    
                                    Terbaru Lainnya
                                
                                
                            
                            
                                    
                                    
                                        Memuat berita terbaru.....",RRI.co.id,"Dajan Peken, 82114, Tabanan, Tabanan, Bali, Indonesia",-8.536609490935,115.13552944186335,5,"2, 7","kejaksaan, kejatibali, kejaritabanan, tabanan, news"
Aliansi Pekerja Desak UMSP Bali Rp525 Juta dan UMP Rp45 Juta,2026-09-29T01:00:00.000Z,"Kabupaten Tabanan, Bali, Indonesia","Aliansi Pekerja Desak UMSP Bali Rp5,25 Juta dan UMP Rp4,5 Juta - RRI.co.id","RRI.CO.ID, Denpasar – Aliansi Semeton Pekerja Bali Bersatu mengusulkan UMP Bali 2027 sebesar Rp4,5 juta dan UMSP Rp5,25 juta. Usulan tersebut disampaikan saat audiensi dengan Komisi IV DPRD Bali, Senin, 28 September 2026.Ketua DPD Konfederasi Serikat Pekerja Seluruh Indonesia (KSPSI) Provinsi Bali, I Wayan Madra, mengatakan usulan tersebut mempertimbangkan Kebutuhan Hidup Layak (KHL) pekerja di Bali sebesar Rp5.250.000 per bulan.","Sementara UMP Bali 2026 ditetapkan sebesar Rp3.207.459 per bulan.“UMP Bali Tahun 2026 ditetapkan sebesar Rp3.207.459 per bulan. Pada saat yang sama, berdasarkan perhitungan Kebutuhan Hidup Layak (KHL) yang menjadi acuan Aliansi, kebutuhan hidup layak pekerja di Bali mencapai sekitar Rp5.250.000 per bulan,” kata Madra dalam audiensi.Selisih antara UMP Bali 2026 dan nilai KHL tersebut mencapai sekitar Rp2.042.541 per bulan.","Pada Hari Selasa , 29 September 2026 01:00, Tabanan, Tabanan, Bali

RRI.CO.ID, Denpasar – Aliansi Semeton Pekerja Bali Bersatu mengusulkan UMP Bali 2027 sebesar Rp4,5 juta dan UMSP Rp5,25 juta. Usulan tersebut disampaikan saat audiensi dengan Komisi IV DPRD Bali, Senin, 28 September 2026.Ketua DPD Konfederasi Serikat Pekerja Seluruh Indonesia (KSPSI) Provinsi Bali, I Wayan Madra, mengatakan usulan tersebut mempertimbangkan Kebutuhan Hidup Layak (KHL) pekerja di Bali sebesar Rp5.250.000 per bulan. Sementara UMP Bali 2026 ditetapkan sebesar Rp3.207.459 per bulan.“UMP Bali Tahun 2026 ditetapkan sebesar Rp3.207.459 per bulan. Pada saat yang sama, berdasarkan perhitungan Kebutuhan Hidup Layak (KHL) yang menjadi acuan Aliansi, kebutuhan hidup layak pekerja di Bali mencapai sekitar Rp5.250.000 per bulan,” kata Madra dalam audiensi.Selisih antara UMP Bali 2026 dan nilai KHL tersebut mencapai sekitar Rp2.042.541 per bulan. Atas dasar itu, Aliansi mengusulkan UMP 2027 mendekati KHL sebesar Rp4,5 juta dan UMSP Rp5,25 juta.Ketua Federasi Serikat Pekerja Pariwisata dan Ekonomi Kreatif (PC FSP Parekraf) SPSI Kabupaten Badung, mengatakan UMP Bali perlu lebih mendekati kebutuhan hidup layak pekerja. Ia menyebut angka sekitar Rp4,5 juta sebagai usulan yang dapat menjadi pertimbangan dalam penetapan UMP 2027.“Yang menjadi rekomendasi daripada kami bahwa kami mengharapkan UMP Bali nantinya mendekati kebutuhan hidup layak, walaupun tidak 100 persen. Sedikit tidaknya mendekati Rp4.500.000,” ujarnya.Menurut Ayu Budiasih, nilai KHL tersebut mengacu pada data Susenas BPS 2025. Ia berharap data tersebut menjadi salah satu dasar dalam pembahasan kebijakan pengupahan Bali.Sekretaris Federasi Serikat Pekerja Mandiri (FSPM) Regional Bali, Ida Dewa Made Rai Budi Darsana, mengatakan persoalan upah berkaitan dengan daya beli pekerja dan perputaran ekonomi daerah. Hal tersebut berkaitan dengan sektor pariwisata yang menjadi salah satu penopang perekonomian Bali.“Industri pariwisata pada akhirnya bergantung pada adanya permintaan dan daya beli masyarakat. Upah yang lebih layak akan meningkatkan kemampuan pekerja untuk memenuhi kebutuhan hidup sekaligus membelanjakan pendapatannya kembali di dalam perekonomian daerah,” ujarnya.Rai mengatakan Aliansi merekomendasikan agar penetapan UMP dan UMSP Bali mempertimbangkan nilai KHL. UMP diusulkan sebesar Rp4,5 juta, sedangkan UMSP sebesar Rp5,25 juta.“Dalam hal ini, kami merekomendasikan agar UMP Bali mendekati nilai KHL, yaitu sebesar Rp4.500.000 dan UMSP sebesar Rp5.250.000 yang setara dengan KHL,” katanya.Ketua Komisi IV DPRD Bali, I Nyoman Suwirta, mengatakan aspirasi serikat pekerja akan ditindaklanjuti melalui rekomendasi DPRD Bali. Rekomendasi tersebut selanjutnya akan disampaikan kepada Gubernur Bali.“Setelah ini kami pasti buatkan rekomendasi yang akan disampaikan ke ketua (DPRD), dan setelah itu akan dibuatkan surat ke gubernur,” kata Suwirta.Suwirta mengatakan UMP tidak seharusnya menjadi batas maksimal upah pekerja. Perusahaan perlu mempertimbangkan masa kerja dan kompetensi pekerja dalam menentukan besaran upah.DPRD Bali selanjutnya akan mengkaji formula UMP dan kesesuaiannya dengan kondisi biaya hidup pekerja. Aliansi menyatakan akan mengawal proses pembahasan hingga rekomendasi DPRD disampaikan kepada Gubernur Bali.",RRI.co.id,"Dajan Peken, 82114, Tabanan, Tabanan, Bali, Indonesia",-8.536609490935,115.13552944186335,5,"2, 7","kejaksaan, kejatibali, kejaritabanan, tabanan, news"
Hari Bakti Postel ke81 Komunitas Postel Siar Bali Gelar Aksi Sosial,2026-09-28T06:40:00.000Z,"Kabupaten Tabanan, Bali, Indonesia","Hari Bakti Postel ke-81, Komunitas Postel Siar Bali Gelar Aksi Sosial - RRI.co.id","RRI.CO.ID, Denpasar - Komunitas Postel Siar di wilayah Provinsi Bali menggelar kegiatan bakti sosial dalam rangka memperingati Hari Bakti Postel ke-81 dengan menyalurkan bantuan kepada Yayasan Kanker Anak Bali. Kepala Subbagian Umum Balai Monitor Spektrum Frekuensi Radio dan Infrastruktur Kelas I Denpasar, Ludi Jamal Awaluddin, kepada RRI.CO.ID, Jumat, 25 September 2026 mengatakan kegiatan tersebut menjadi bagian dari bentuk pengabdian komunitas Postel Siar kepada masyarakat.Menurutnya, kegiatan melibatkan komunitas Postel Siar di wilayah Bali dan diwujudkan melalui penyaluran bantuan kepada yayasan yang membutuhkan.","“Kami beserta seluruh komunitas Postel Siar di wilayah Provinsi Bali mengadakan bakti sosial untuk menyerahkan atau menyampaikan bantuan ke panti asuhan yang memang kita tuju,” ujarnya.Ketua Panitia Hari Bakti Postel ke-81 sekaligus perwakilan APJII Bali, Made Kartika, mengatakan kegiatan bakti sosial kali ini dilaksanakan di dua lokasi. Lokasi pertama yang dikunjungi yakni Yayasan Kanker Anak Bali, sedangkan lokasi berikutnya merupakan panti asuhan di kawasan Renon, Denpasar.Menurut Made, pemilihan lokasi dilakukan dengan mempertimbangkan kedekatan lokasi serta kebutuhan bantuan yang dinilai mendesak.","Pada Hari Senin , 28 September 2026 06:40, Tabanan, Tabanan, Bali

RRI.CO.ID, Denpasar - Komunitas Postel Siar di wilayah Provinsi Bali menggelar kegiatan bakti sosial dalam rangka memperingati Hari Bakti Postel ke-81 dengan menyalurkan bantuan kepada Yayasan Kanker Anak Bali. Kepala Subbagian Umum Balai Monitor Spektrum Frekuensi Radio dan Infrastruktur Kelas I Denpasar, Ludi Jamal Awaluddin, kepada RRI.CO.ID, Jumat, 25 September 2026 mengatakan kegiatan tersebut menjadi bagian dari bentuk pengabdian komunitas Postel Siar kepada masyarakat.Menurutnya, kegiatan melibatkan komunitas Postel Siar di wilayah Bali dan diwujudkan melalui penyaluran bantuan kepada yayasan yang membutuhkan. “Kami beserta seluruh komunitas Postel Siar di wilayah Provinsi Bali mengadakan bakti sosial untuk menyerahkan atau menyampaikan bantuan ke panti asuhan yang memang kita tuju,” ujarnya.Ketua Panitia Hari Bakti Postel ke-81 sekaligus perwakilan APJII Bali, Made Kartika, mengatakan kegiatan bakti sosial kali ini dilaksanakan di dua lokasi. Lokasi pertama yang dikunjungi yakni Yayasan Kanker Anak Bali, sedangkan lokasi berikutnya merupakan panti asuhan di kawasan Renon, Denpasar.Menurut Made, pemilihan lokasi dilakukan dengan mempertimbangkan kedekatan lokasi serta kebutuhan bantuan yang dinilai mendesak. “Untuk kali ini, yang kita bawa bantuannya selain berupa uang, juga ada sembako kepada panti asuhan dan yayasan ini,” katanya.Made menambahkan, kegiatan tersebut juga menjadi kesempatan bagi komunitas Postel Siar untuk memperoleh informasi lebih mengenai kondisi dan kebutuhan yayasan yang dikunjungi. Ia mengatakan komunitas Postel Siar terdiri dari berbagai unsur, termasuk penyedia layanan internet dan penyedia layanan seluler.Informasi yang diperoleh dari kunjungan tersebut selanjutnya diharapkan dapat diteruskan kepada instansi masing-masing sebagai bahan pertimbangan apabila terdapat kegiatan sosial maupun bentuk dukungan lainnya. Made juga menyoroti pentingnya penyebaran informasi yang benar di tengah maraknya hoaks di media sosial.Menurutnya, keterlibatan komunitas dalam kegiatan sosial juga dapat menjadi kesempatan untuk memperoleh informasi langsung dari masyarakat dan kemudian menyampaikannya kembali kepada publik secara lebih tepat. Sementara itu, Ludi mengatakan kegiatan sosial tersebut diharapkan tidak berhenti pada peringatan Hari Bakti Postel tahun ini.Ia menyebut komunitas Postel Siar akan terus bertukar informasi mengenai kebutuhan masyarakat yang dapat menjadi dasar pelaksanaan kegiatan bersama pada masa mendatang. “Mungkin tahun ini kita berkunjung ke panti asuhan, mungkin ke depannya kita ada program-program lain yang bisa kita galang bersama untuk kita berbakti sama negara atau masyarakat sekitar kita,” ujarnya.Ludi menegaskan, kegiatan tersebut menjadi bagian dari upaya komunitas Postel Siar untuk memperkuat kepedulian dan pengabdian kepada masyarakat melalui kegiatan yang dapat dilakukan secara bersama-sama. 


                                
                                
                                
                                
                                
                                            
                                        
                                                                    

                                


                                
                                                                    
                                    
                                
                                                                                                                                                                                
                            
                            
                                                                        
                                                                
                                    
                                        
                                            Berita
                                        
                                    
                                    Terbaru Lainnya
                                
                                
                            
                            
                                    
                                    
                                        Memuat berita terbaru.....",RRI.co.id,"Dajan Peken, 82114, Tabanan, Tabanan, Bali, Indonesia",-8.536609490935,115.13552944186335,5,"2, 7","kejaksaan, kejatibali, kejaritabanan, tabanan, news"
Mazda 6e Fastback EV Mewah Hasil Kolaborasi Mazda dengan Tiongkok,2026-09-29T00:36:00.000Z,"Kabupaten Tabanan, Bali, Indonesia","Mazda 6e Fastback, EV Mewah Hasil Kolaborasi Mazda dengan Tiongkok - RRI.co.id","Hobi
                                                
                                            
                                                                            
                                    
                                    
                                        
                                            29 Sep 2026 07:36
                                            WIB
                                        
                                        
                                             Denpasar
                                        
                                    
                                    
                                                                                                                                
                                                                                
                                        
                                            
                                                Editor -
                                                Ni Nyoman Kasih
                                            
                                        
                                    
                                

                                                                                                                                    

                                

                                                                                                            
                                        
                                                                    
                                
                                RRI.CO.ID, Denpasar - Pasar kendaraan listrik di Indonesia kembali dikejutkan dengan langkah berani PT Eurokars Motor Indonesia yang memboyong Mazda 6e Fastback. Sedan listrik premium ini menjadi simbol transformasi sedan legendaris Mazda 6 menuju era elektrifikasi modern.","Menariknya, pengembangan model ini merupakan hasil kolaborasi strategis antara Mazda dengan mitra usahanya di Tiongkok, menggabungkan filosofi desain khas Jepang dengan penguasaan teknologi EV terdepan dari Tiongkok.Dari segi eksterior, Mazda 6e Fastback mempertahankan bahasa desain khas Kodo yang elegan namun tampil lebih futuristik. Tampilan bodinya mengusung gaya fastback aerodinamis dengan grill tertutup beraksen black glossy, pintu frameless tanpa bingkai, serta electric extending rear spoiler yang dapat menyembul secara otomatis pada kecepatan tinggi.","Pada Hari Selasa , 29 September 2026 00:36, Tabanan, Tabanan, Bali

Hobi
                                                
                                            
                                                                            
                                    
                                    
                                        
                                            29 Sep 2026 07:36
                                            WIB
                                        
                                        
                                             Denpasar
                                        
                                    
                                    
                                                                                                                                
                                                                                
                                        
                                            
                                                Editor -
                                                Ni Nyoman Kasih
                                            
                                        
                                    
                                

                                                                                                                                    

                                

                                                                                                            
                                        
                                                                    
                                
                                RRI.CO.ID, Denpasar - Pasar kendaraan listrik di Indonesia kembali dikejutkan dengan langkah berani PT Eurokars Motor Indonesia yang memboyong Mazda 6e Fastback. Sedan listrik premium ini menjadi simbol transformasi sedan legendaris Mazda 6 menuju era elektrifikasi modern. Menariknya, pengembangan model ini merupakan hasil kolaborasi strategis antara Mazda dengan mitra usahanya di Tiongkok, menggabungkan filosofi desain khas Jepang dengan penguasaan teknologi EV terdepan dari Tiongkok.Dari segi eksterior, Mazda 6e Fastback mempertahankan bahasa desain khas Kodo yang elegan namun tampil lebih futuristik. Tampilan bodinya mengusung gaya fastback aerodinamis dengan grill tertutup beraksen black glossy, pintu frameless tanpa bingkai, serta electric extending rear spoiler yang dapat menyembul secara otomatis pada kecepatan tinggi. Sektor pencahayaan dipadukan secara harmonis dengan garis bodi yang tegas namun dinamis, berhasil menyabet penghargaan desain pameran otomotif internasional sebagai 2026 World Car Design of The Year.Masuk ke dalam interior, atmosfer kemewahan dan kekedapan sangat terasa berkat garapan interior yang presisi. Pengemudi dan penumpang disuguhkan layar infotainment sentuh berukuran 14,6 inci, head up display, serta panel instrumen digital serba canggih. Pengalaman berkendara semakin dimanjakan dengan panoramic glass roof yang dilengkapi tirai elektrik, sistem tata suara premium Sony dengan 14 speaker, serta fitur ambient lighting dengan 64 warna yang menciptakan suasana kabin yang menenangkan.Di sektor performa, Mazda 6e Fastback dibekali motor listrik tunggal yang diletakkan di roda belakang. Dapur pacu listrik ini mampu mengeluarkan tenaga hingga 258 PS dengan torsi instan mencapai 320 Nm. Didukung baterai lithium-ion berkapasitas 78 kWh, sedan fastback ini mengklaim jarak tempuh maksimal hingga 560 km, menjadikannya sangat andal baik untuk mobilitas harian maupun perjalanan antar kota.Di pasar Indonesia, Mazda 6e Fastback ditawarkan dengan harga on the road (OTR) sekitar Rp899 juta dengan delapan pilihan warna ikonis seperti soul red crystal dan polymetal gray. Kehadiran kendaraan listrik ini tidak hanya menawarkan alternatif sedan ramah lingkungan berfitur melimpah, tetapi juga membuktikan bahwa sensasi menyatu antara pengemudi dan mobil tetap dapat diwujudkan secara optimal dalam kendaraan listrik murni. 


                                
                                
                                
                                
                                
                                            
                                        
                                                                    

                                


                                
                                                                    
                                    
                                
                                                                                                                                                                                
                            
                            
                                                                        
                                                                
                                    
                                        
                                            Berita
                                        
                                    
                                    Terbaru Lainnya
                                
                                
                            
                            
                                    
                                    
                                        Memuat berita terbaru.....",RRI.co.id,"Dajan Peken, 82114, Tabanan, Tabanan, Bali, Indonesia",-8.536609490935,115.13552944186335,5,"2, 7","kejaksaan, kejatibali, kejaritabanan, tabanan, news"
Putri Koster Dorong Tenun Bali Tembus Panggung Fesyen Dunia,2026-09-26T05:25:00.000Z,"Kabupaten Tabanan, Bali, Indonesia",Putri Koster Dorong Tenun Bali Tembus Panggung Fesyen Dunia - RRI.co.id,Ketua Dewan Kerajinan Nasional Daerah (Dekranasda) Provinsi Bali Ny. Putri Suastini Koster.,"(Foto:Humas Pemprov Bali).
                                                    
                                                                                            
                                                                                                            
                                
                                RRI.CO.ID, Gianyar — Ketua Dewan Kerajinan Nasional Daerah (Dekranasda) Provinsi Bali Ny. Putri Suastini Koster mendorong desainer Bali terus mengembangkan karya berbasis kain tenun tradisional agar mampu menembus pasar dan panggung fesyen internasional.","Pada Hari Sabtu , 26 September 2026 05:25, Tabanan, Tabanan, Bali

Ketua Dewan Kerajinan Nasional Daerah (Dekranasda) Provinsi Bali Ny. Putri Suastini Koster. (Foto:Humas Pemprov Bali).
                                                    
                                                                                            
                                                                                                            
                                
                                RRI.CO.ID, Gianyar — Ketua Dewan Kerajinan Nasional Daerah (Dekranasda) Provinsi Bali Ny. Putri Suastini Koster mendorong desainer Bali terus mengembangkan karya berbasis kain tenun tradisional agar mampu menembus pasar dan panggung fesyen internasional. Menurut Putri Koster, kain tenun endek dan berbagai kain berciri khas Bali tidak hanya memiliki nilai budaya, tetapi juga berpotensi dikembangkan menjadi produk fesyen bernilai tambah sekaligus memperkuat identitas Bali di industri kreatif global.Putri Koster berharap kegiatan yang membuka ruang bagi desainer dan pelaku industri kreatif dapat digelar secara konsisten dan berkelanjutan. Menurutnya, penguatan ekosistem fesyen Bali perlu berjalan beriringan dengan pelestarian serta pengembangan kain tradisional.""Teruslah digaungkan, angkat juga kearifan tenun tradisional kita, hingga suatu saat Bali tidak hanya terkenal karena tariannya, tidak hanya terkenal dengan tembangnya, tetapi suatu saat nanti Bali bisa menjadi kiblat mode dunia selain negara-negara di Eropa,"" ujar Putri Koster.Ia menekankan bahwa upaya membawa fesyen Bali ke tingkat internasional membutuhkan proses, konsistensi, dan dukungan berbagai pihak. Ruang berkarya dan promosi bagi desainer perlu terus diperluas agar karya berbasis budaya Bali semakin dikenal di tingkat nasional maupun internasional.Putri Koster mencontohkan kiprah desainer Bali Nyoman Adi melalui TAKSU yang telah memperoleh kesempatan memperkenalkan karya dalam sejumlah agenda fesyen di luar negeri, termasuk Paris dan Jepang. Menurutnya, pengalaman tersebut menunjukkan bahwa desainer Bali memiliki peluang untuk membawa karya berbasis budaya lokal ke panggung internasional.Karena itu, ia berharap semakin banyak desainer Bali yang tumbuh dan berani mengembangkan karya dengan tetap berpijak pada kekayaan budaya lokal. 


                                
                                
                                
                                
                                
                                            
                                        
                                                                    

                                


                                
                                                                    
                                    
                                
                                                                                                                                                                                
                            
                            
                                                                        
                                                                
                                    
                                        
                                            Berita
                                        
                                    
                                    Terbaru Lainnya
                                
                                
                            
                            
                                    
                                    
                                        Memuat berita terbaru.....",RRI.co.id,"Dajan Peken, 82114, Tabanan, Tabanan, Bali, Indonesia",-8.536609490935,115.13552944186335,5,"2, 7","kejaksaan, kejatibali, kejaritabanan, tabanan, news"
Kemenag Perkuat Bimbingan Remaja Siapkan Keluarga Sakinah,2026-09-25T00:02:00.000Z,"Kabupaten Tabanan, Bali, Indonesia",Kemenag Perkuat Bimbingan Remaja Siapkan Keluarga Sakinah - RRI.co.id,"RRI.CO.ID, Singaraja - Kementerian Agama memperkuat pembinaan remaja dan calon pengantin melalui program Bimbingan Remaja Usia Nikah (BRUN) dan penguatan keluarga sakinah. Program ini diarahkan untuk membantu generasi muda mempersiapkan kehidupan berkeluarga, tidak hanya dari sisi pernikahan, tetapi juga kematangan emosional, spiritual, sosial, dan ekonomi.","Kegiatan BRUN diikuti ratusan mahasiswa, calon pengantin, serta unsur organisasi masyarakat di Gedung Madya Gosana, Pusat Pemerintahan Kabupaten Badung Mangupura, Rabu 23 September 2026.Kepala Kantor Wilayah Kementerian Agama Provinsi Bali, I Gusti Made Sunartha, mengatakan pernikahan mempertemukan dua orang dengan latar belakang, pengalaman, pola pikir, dan karakter yang berbeda. Karena itu, pasangan perlu memiliki kemampuan untuk mengelola perbedaan dalam kehidupan rumah tangga.","Pada Hari Jumat , 25 September 2026 00:02, Tabanan, Tabanan, Bali

RRI.CO.ID, Singaraja - Kementerian Agama memperkuat pembinaan remaja dan calon pengantin melalui program Bimbingan Remaja Usia Nikah (BRUN) dan penguatan keluarga sakinah. Program ini diarahkan untuk membantu generasi muda mempersiapkan kehidupan berkeluarga, tidak hanya dari sisi pernikahan, tetapi juga kematangan emosional, spiritual, sosial, dan ekonomi. Kegiatan BRUN diikuti ratusan mahasiswa, calon pengantin, serta unsur organisasi masyarakat di Gedung Madya Gosana, Pusat Pemerintahan Kabupaten Badung Mangupura, Rabu 23 September 2026.Kepala Kantor Wilayah Kementerian Agama Provinsi Bali, I Gusti Made Sunartha, mengatakan pernikahan mempertemukan dua orang dengan latar belakang, pengalaman, pola pikir, dan karakter yang berbeda. Karena itu, pasangan perlu memiliki kemampuan untuk mengelola perbedaan dalam kehidupan rumah tangga. Menurutnya, pengendalian diri menjadi salah satu hal penting yang perlu dipersiapkan sebelum memasuki kehidupan berkeluarga.“Anda disatukan, tidak disamakan. Karena perbedaan itulah Anda bersatu. Kuncinya adalah pengendalian diri, sama-sama mengendalikan diri,” ujar Sunartha. Ia juga menilai pembekalan bagi remaja usia nikah penting karena kehidupan rumah tangga memiliki dinamika yang tidak selalu sama dengan bayangan sebelum seseorang menikah. Karena itu, generasi muda perlu mendapatkan pengetahuan dan ruang belajar sebelum benar-benar memasuki kehidupan berkeluarga.Direktur Bina KUA dan Keluarga Sakinah Ditjen Bimas Islam Kementerian Agama RI, Ahmad Zayadi, menjelaskan pembinaan keluarga sakinah dilakukan secara berkelanjutan. Pembinaan tersebut mencakup tahap persiapan, pertumbuhan, hingga keberlanjutan keluarga. Skema pembinaan dibangun melalui tiga fase, yakni Start dengan pendekatan edukatif, Grow melalui pendekatan preventif, dan Sustain dengan pendekatan solutif.Pada fase Start, Kemenag menjalankan Bimbingan Remaja Usia Sekolah (BRUS), BRUN, dan Bimbingan Perkawinan bagi calon pengantin. Fase Grow mencakup program SERASI atau Sekolah Relasi Suami-Istri, literasi keuangan keluarga, serta penguatan relasi harmonis. Sementara fase Sustain dilakukan melalui KOMPAK yang mencakup konsultasi, mediasi, pendampingan, dan advokasi, serta penguatan jejaring sosial melalui program LESTARI.“Menikah itu bukan sesuatu ibadah yang pendek, tetapi perjalanan yang sangat panjang. Karena itu, sebelum memasuki pernikahan perlu ada penguatan-penguatan agar mereka memahami diri, menjaga akhlak, menata masa depan, dan mempersiapkan kehidupan berkeluarga,” ujar Zayadi. Ia menegaskan pembinaan keluarga tidak berhenti setelah pasangan menikah, tetapi harus terus dilakukan agar keluarga mampu mengelola relasi, keuangan, dan berbagai persoalan yang muncul dalam kehidupan rumah tangga.Wakil Menteri Agama RI, Romo H. R. Muhammad Syafi’i, saat membuka kegiatan mengingatkan peserta bahwa membangun keluarga merupakan bagian dari ikhtiar manusia untuk memperoleh kebahagiaan di dunia sekaligus mempersiapkan kehidupan akhirat. Ia mengajak mahasiswa dan calon pengantin memahami bahwa kebutuhan membangun keluarga perlu diarahkan pada nilai-nilai agama.“Yang membuat manusia bahagia di dunia itu ketika dia menaati Allah. Apa yang diatur Allah untuk kita, itu sesuai dengan fitrah kita,” tutur Wamenag. Ia menambahkan, kehidupan berkeluarga tidak cukup dibangun atas dasar perasaan, tetapi membutuhkan tanggung jawab, komitmen, pengendalian diri, dan kesediaan untuk terus belajar menjadi pribadi yang lebih baik.Penguatan keluarga melalui BRUN dan layanan keluarga sakinah juga diarahkan untuk mendukung Asta Protas Kementerian Agama Berdampak, khususnya aspek Layanan Keagamaan Berdampak. Layanan tersebut tidak hanya berorientasi pada pencatatan pernikahan, tetapi diperluas hingga penyiapan kehidupan keluarga, pencegahan persoalan rumah tangga, penguatan relasi pasangan, serta pendampingan ketika keluarga menghadapi masalah.Kabid Bimas Islam Kanwil Kemenag Provinsi Bali, Lewa Karma, mengapresiasi kehadiran mahasiswa, masyarakat, dan calon pengantin dari wilayah Denpasar, Badung, dan Tabanan dalam kegiatan tersebut. Ia menyebut BRUN merupakan program nasional yang ditempatkan di Bali dan menjadi bagian dari upaya menyiapkan generasi serta keluarga masa depan. “Kegiatan BRUN ini merupakan bukti nyata kehadiran Kementerian Agama di masyarakat menyiapkan generasi dan keluarga masa depan agar memiliki literasi keluarga SAMAWA yang kelak akan menjadi bagian penting dalam pembangunan bangsa yang memberi dampak positif menuju Indonesia Emas 2045,” ujar Lewa.Kanwil Kemenag Provinsi Bali selanjutnya mendorong agar layanan keagamaan semakin dekat dengan kebutuhan masyarakat. Penguatan keluarga dinilai perlu dimulai sejak sebelum pernikahan melalui kesiapan yang direncanakan dengan baik. Pesan utama program ini adalah agar remaja dan calon pengantin tidak hanya mempersiapkan pesta pernikahan, tetapi juga mempersiapkan kehidupan setelahnya.",RRI.co.id,"Dajan Peken, 82114, Tabanan, Tabanan, Bali, Indonesia",-8.536609490935,115.13552944186335,5,"2, 7","kejaksaan, kejatibali, kejaritabanan, tabanan, news"
Kecelakaan Pesawat hingga Ancaman Bom Bandara Ngurah Rai Uji Respons Darurat,2026-09-26T05:17:00.000Z,"Kabupaten Tabanan, Bali, Indonesia","Kecelakaan Pesawat hingga Ancaman Bom, Bandara Ngurah Rai Uji Respons Darurat - RRI.co.id","RRI.CO.ID, Mangupura – Bandara Internasional I Gusti Ngurah Rai Bali menggelar Airport Emergency Exercise (AEE) atau latihan penanganan keadaan darurat skala penuh pada Rabu, 23 September 2026. Latihan ini melibatkan berbagai instansi dan komunitas bandara untuk menguji kesiapan menghadapi kebakaran, gangguan keamanan, hingga kecelakaan pesawat.General Manager PT Angkasa Pura Indonesia (Persero) atau InJourney Airports Kantor Cabang Bandara Internasional I Gusti Ngurah Rai Bali, Nugroho Jati, mengatakan kesiapsiagaan penting untuk memastikan penanganan keadaan darurat dapat dilakukan secara terkoordinasi.","Bandara Ngurah Rai sebagai pintu gerbang udara utama Bali melayani hingga 24 juta penumpang dan lebih dari 140 ribu pergerakan pesawat setiap tahunnya.“Sebagai pintu gerbang udara utama di Bali yang melayani hingga 24 juta penumpang dan lebih dari 140 ribu pergerakan pesawat setiap tahunnya, langkah mitigasi dan kesiapsiagaan seluruh instansi dalam menghadapi keadaan darurat menjadi sangat penting. Pelaksanaan Airport Emergency Exercise di hari ini menjadi komitmen kami untuk menjaga dan memastikan standar keselamatan, keamanan, dan pelayanan di Bandara I Gusti Ngurah Rai Bali senantiasa terjaga,” ujar Nugroho Jati.AEE mencakup tiga skenario, yakni Building Fire Exercise, Airport Security Exercise, dan Aircraft Accident Exercise.","Pada Hari Sabtu , 26 September 2026 05:17, Tabanan, Tabanan, Bali

RRI.CO.ID, Mangupura – Bandara Internasional I Gusti Ngurah Rai Bali menggelar Airport Emergency Exercise (AEE) atau latihan penanganan keadaan darurat skala penuh pada Rabu, 23 September 2026. Latihan ini melibatkan berbagai instansi dan komunitas bandara untuk menguji kesiapan menghadapi kebakaran, gangguan keamanan, hingga kecelakaan pesawat.General Manager PT Angkasa Pura Indonesia (Persero) atau InJourney Airports Kantor Cabang Bandara Internasional I Gusti Ngurah Rai Bali, Nugroho Jati, mengatakan kesiapsiagaan penting untuk memastikan penanganan keadaan darurat dapat dilakukan secara terkoordinasi. Bandara Ngurah Rai sebagai pintu gerbang udara utama Bali melayani hingga 24 juta penumpang dan lebih dari 140 ribu pergerakan pesawat setiap tahunnya.“Sebagai pintu gerbang udara utama di Bali yang melayani hingga 24 juta penumpang dan lebih dari 140 ribu pergerakan pesawat setiap tahunnya, langkah mitigasi dan kesiapsiagaan seluruh instansi dalam menghadapi keadaan darurat menjadi sangat penting. Pelaksanaan Airport Emergency Exercise di hari ini menjadi komitmen kami untuk menjaga dan memastikan standar keselamatan, keamanan, dan pelayanan di Bandara I Gusti Ngurah Rai Bali senantiasa terjaga,” ujar Nugroho Jati.AEE mencakup tiga skenario, yakni Building Fire Exercise, Airport Security Exercise, dan Aircraft Accident Exercise. Latihan tersebut sekaligus menguji koordinasi, komunikasi, dan komando antarunit serta instansi komunitas bandara, termasuk sejumlah dokumen penanganan keadaan darurat.“Dalam Airport Emergency Exercise ini, fungsi koordinasi, komunikasi, dan komando antar unit dan instansi komunitas bandara diuji. Selain menguji kesiapsiagaan personel, latihan AEE juga menjadi upaya kami untuk menguji berbagai SOP dan dokumen, di antaranya adalah dokumen penanggulangan keadaan darurat bandara atau Airport Emergency Plan (AEP), dokumen program keamanan bandara atau Airport Security Programme (ASP), serta dokumen rencana mitigasi bencana di bandara atau Airport Disaster Management Plan (ADMP),” lanjut Nugroho Jati.Pada Building Fire Exercise, skenario diawali gempa bumi berkekuatan 5,9 skala Richter dengan titik gempa di sekitar Selat Lombok dan kedalaman 8 kilometer. Gempa tersebut memicu kepanikan pengguna jasa dan berdampak terhadap aktivitas di Hotel Novotel yang berada di kawasan bandara hingga terjadi korsleting dan kebakaran di area dapur.Petugas hotel berupaya memadamkan api menggunakan alat pemadam api ringan atau APAR, tetapi api semakin besar dan tidak terkendali. Unit Airport Rescue & Fire Fighting (ARFF) kemudian dikerahkan untuk memadamkan api dan mengevakuasi korban yang terdampak kepulan asap.Skenario kebakaran tersebut menguji kesiapan personel ARFF, jalur komunikasi, serta penerapan Airport Disaster Management Plan (ADMP). Latihan ini difokuskan pada penanganan kebakaran gedung dan evakuasi korban di kawasan bandara.Skenario kedua berupa Airport Security Exercise yang menggambarkan ancaman bom di ruang tunggu keberangkatan General Aviation Terminal (GAT) di sisi selatan runway. Seorang petugas kebersihan dalam skenario tersebut membawa ransel berisi bom rakitan untuk masuk ke area terminal.Personel Airport Security kemudian memeriksa ransel menggunakan mesin x-ray dan menemukan rangkaian bom di dalamnya. Setelah ransel ditinggalkan, dilakukan koordinasi dengan instansi terkait untuk menangani ancaman keamanan tersebut.Latihan ini menguji kesiapan personel Airport Security, peralatan pemeriksaan, serta koordinasi antarinstansi yang tergabung dalam Airport Security Committee, termasuk Pecalang. Dokumen Airport Security Programme (ASP) turut diuji untuk memastikan prosedur penanganan ancaman terhadap keamanan dan keselamatan penerbangan berjalan sesuai ketentuan.AEE ditutup dengan Aircraft Accident Exercise yang mensimulasikan kecelakaan pesawat Boeing 777-200ER milik Angkasa Air dengan nomor penerbangan AA239. Pesawat yang membawa 350 penumpang dan awak tersebut disimulasikan mengalami kecelakaan sesaat setelah touchdown di landasan pacu dan kemudian terbakar.Informasi kecelakaan dalam skenario diterima dari petugas Air Traffic Control (ATC) di menara AirNav Indonesia. Personel ARFF kemudian bergerak menuju lokasi untuk memadamkan api dan mengevakuasi penumpang.Penanganan simulasi melibatkan Kantor Otoritas Bandara, AirNav Indonesia, KNKT, Imigrasi, Bea Cukai, Balai Besar Kekarantinaan Kesehatan, ground handling, maskapai penerbangan, Kepolisian, TNI AU, rumah sakit, dan pemadam kebakaran. Dari 350 penumpang dan awak pesawat dalam skenario tersebut, 187 orang dinyatakan selamat, 143 orang mengalami luka-luka, dan 20 orang dinyatakan meninggal dunia.“Dalam Airport Emergency Exercise skala penuh ini turut diikuti oleh berbagai instansi anggota komunitas bandara dan instansi eksternal lainnya, dengan tujuan untuk memperkuat jalur koordinasi dan komunikasi jika terjadi kondisi darurat yang sebenarnya. Tentunya kami menyampaikan rasa terima kasih dan apresiasi atas keikutsertaan dalam AEE ini,” ujar Nugroho Jati.Sebelum pelaksanaan latihan, Bandara Ngurah Rai telah menyosialisasikan AEE kepada pengguna jasa dan masyarakat umum. Sosialisasi tersebut dilakukan agar latihan tidak berdampak terhadap pelayanan penumpang selama kegiatan berlangsung.“Sebelumnya, kami telah menyampaikan sosialisasi kepada pengguna jasa bandara dan masyarakat umum terkait pelaksanaan AEE ini, sehingga tidak berdampak terhadap pelayanan penumpang. Kami turut menyampaikan terima kasih kepada seluruh pengguna jasa bandara atas atensi dan kerja sama yang baik selama pelaksanaan AEE,” pungkas Nugroho Jati.",RRI.co.id,"Dajan Peken, 82114, Tabanan, Tabanan, Bali, Indonesia",-8.536609490935,115.13552944186335,5,"2, 7","kejaksaan, kejatibali, kejaritabanan, tabanan, news"
Korban Pembakaran di Karangasem Meninggal Dunia Setelah Tujuh Hari Dirawat,2026-09-26T06:17:00.000Z,"Kabupaten Tabanan, Bali, Indonesia",Korban Pembakaran di Karangasem Meninggal Dunia Setelah Tujuh Hari Dirawat - RRI.co.id,"RRI.CO.ID, Denpasar — Korban pembakaran hidup-hidup berinisial IGS, sopir truk asal Karangasem, meninggal dunia setelah menjalani perawatan intensif selama tujuh hari di RSUP Prof. I.G.N.G.","Ngoerah, Denpasar. IGS mengembuskan napas terakhir pada Jumat 25 September 2026 sekitar pukul 07.51 Wita setelah mengalami penurunan kondisi akibat luka bakar luas serta kerusakan pada saluran pernapasan dan paru-paru.Kepala ICU RSUP Prof.","Pada Hari Sabtu , 26 September 2026 06:17, Tabanan, Tabanan, Bali

RRI.CO.ID, Denpasar — Korban pembakaran hidup-hidup berinisial IGS, sopir truk asal Karangasem, meninggal dunia setelah menjalani perawatan intensif selama tujuh hari di RSUP Prof. I.G.N.G. Ngoerah, Denpasar. IGS mengembuskan napas terakhir pada Jumat 25 September 2026 sekitar pukul 07.51 Wita setelah mengalami penurunan kondisi akibat luka bakar luas serta kerusakan pada saluran pernapasan dan paru-paru.Kepala ICU RSUP Prof. Ngoerah, Dr. dr. I Putu Kurniyanta, Sp.An-TI, Subsp.An.Pe. (K), mengatakan kondisi IGS sejak pertama kali tiba di rumah sakit tergolong berat. Pasien sebelumnya sempat mendapat penanganan awal di rumah sakit di Karangasem sebelum dirujuk ke RSUP Prof. Ngoerah.""Pasien ini dirujuk dari rumah sakit Karangasem. Sorenya sekitar pukul 18.00-19.00 baru sampai di RSUP Prof. Ngoerah. Tim kami sudah menjalankan tindakan resusitasi awal,"" ujar Kurniyanta.Berdasarkan hasil evaluasi medis, IGS mengalami luka bakar sekitar 68 persen dari luas permukaan tubuh. Luka tersebut mengenai wajah, leher, dada, bagian belakang tubuh, kedua tangan, hingga kedua kaki.Kondisi korban semakin berat karena tim medis menduga adanya cedera pada saluran pernapasan akibat menghirup udara atau uap panas saat peristiwa pembakaran. Kondisi tersebut berisiko menyebabkan pembengkakan dan penyempitan jalan napas.Karena itu, sejak awal perawatan tim medis melakukan pengamanan jalan napas melalui intubasi dan memasang alat bantu pernapasan yang terhubung dengan ventilator. Pasien juga diberikan obat sedasi agar dapat beristirahat dan penggunaan ventilator berlangsung optimal.""Sejak awal kami melakukan pengamanan pada jalan napasnya karena sangat berisiko mengalami pembengkakan dan menyempit,"" jelas Kurniyanta.Selama menjalani perawatan, tim medis melakukan berbagai tindakan, mulai dari resusitasi cairan, pemberian antibiotik, hingga perawatan luka untuk mencegah infeksi. Perawatan luka pertama dilakukan pada hari ketiga secara bedside karena saat itu kondisi pasien masih bergantung pada alat bantu napas.Namun, memasuki hari keempat hingga hari ketujuh, kondisi IGS mengalami ketidakstabilan hemodinamik. Kurniyanta menjelaskan, kerusakan pada saluran pernapasan dan paru-paru akibat paparan udara panas menjadi salah satu faktor yang memperburuk kondisi pasien.""Uap panas yang masuk ke dalam saluran napas dan paru-parunya cukup melukai organ-organ di dalamnya. Banyak terjadi kerusakan di jalan napas dan paru-parunya. Itu yang menyebabkan kondisinya tidak begitu stabil,"" katanya.Luasnya luka bakar turut memperberat kondisi IGS. Kerusakan pada lapisan kulit yang berfungsi sebagai pelindung tubuh membuat pasien memiliki risiko infeksi yang tinggi.Pada hari keenam hingga ketujuh, tim medis menambahkan obat-obatan untuk membantu mempertahankan fungsi jantung setelah pasien mengalami gangguan hemodinamik. Namun, berbagai upaya medis tersebut belum mampu memperbaiki kondisi korban.Pada Jumat pagi, sekitar pukul 06.00-07.00 Wita, kondisi IGS kembali memburuk hingga tim medis melakukan resusitasi jantung paru. ""Setelah dilakukan pijat jantung, akhirnya kami menyatakan tidak ada respons. Kami kemudian berkomunikasi dengan keluarga dan menyatakan pasien meninggal sekitar pukul 07.51,"" ungkap Kurniyanta.Jenazah IGS hingga Jumat siang masih berada di kamar jenazah RSUP Prof. Ngoerah. Proses pemulangan jenazah masih menunggu penyelesaian administrasi rumah sakit dan koordinasi dengan pihak keluarga.Selama tujuh hari menjalani perawatan, biaya pengobatan IGS disebut mencapai sekitar Rp98 juta. Pihak rumah sakit masih berkoordinasi dengan keluarga terkait penyelesaian administrasi dan proses pemulangan jenazah.",RRI.co.id,"Dajan Peken, 82114, Tabanan, Tabanan, Bali, Indonesia",-8.536609490935,115.13552944186335,5,"2, 7","kejaksaan, kejatibali, kejaritabanan, tabanan, news"
Gianyar Intip Modernisasi Padi 100 Hektar di Jembrana,2026-09-26T05:22:00.000Z,"Kabupaten Tabanan, Bali, Indonesia",Gianyar Intip Modernisasi Padi 100 Hektar di Jembrana - RRI.co.id,"Gianyar Intip Modernisasi Padi 100 Hektar di Jembrana (Foto: Pemkab Gianyar)
                                                    
                                                                                            
                                                                                                            
                                
                                RRI.CO.ID, Gianyar - Pemerintah Kabupaten Gianyar melalui Dinas Pertanian melihat langsung penerapan teknologi modern pada kawasan padi skala luas 100 hektar di Kabupaten Jembrana. Sekretaris Dinas Pertanian Kabupaten Gianyar, I Gusti Ngurah Dibya Presasta, hadir dalam Panen Padi Bersama Program Piloting Perakitan dan Modernisasi Kawasan Padi dengan teknologi Pertanian Modern-Agriculture Advanced System (PM-AAS) di Balai Subak Tibubeleng, Desa Penyaringan, Kecamatan Mendoyo, Kamis 24 September 2026.Kehadiran Dinas Pertanian Gianyar menjadi bagian dari upaya memperluas referensi penerapan teknologi pertanian, sekaligus melihat langsung model pengelolaan kawasan padi skala luas yang dikembangkan di Jembrana.","“Kami hadir untuk melihat secara langsung bagaimana modernisasi pertanian diterapkan di lapangan. Ini menjadi pembelajaran penting bagi Gianyar, terutama bagaimana teknologi dapat diterapkan secara efektif tanpa mengabaikan kondisi dan karakteristik petani serta subak di daerah kita,” ujar I Gusti Ngurah Dibya Presasta.Program tersebut dilaksanakan Badan Perakitan dan Modernisasi Pertanian (BRMP) melalui BRMP Bali.","Pada Hari Sabtu , 26 September 2026 05:22, Tabanan, Tabanan, Bali

Gianyar Intip Modernisasi Padi 100 Hektar di Jembrana (Foto: Pemkab Gianyar)
                                                    
                                                                                            
                                                                                                            
                                
                                RRI.CO.ID, Gianyar - Pemerintah Kabupaten Gianyar melalui Dinas Pertanian melihat langsung penerapan teknologi modern pada kawasan padi skala luas 100 hektar di Kabupaten Jembrana. Sekretaris Dinas Pertanian Kabupaten Gianyar, I Gusti Ngurah Dibya Presasta, hadir dalam Panen Padi Bersama Program Piloting Perakitan dan Modernisasi Kawasan Padi dengan teknologi Pertanian Modern-Agriculture Advanced System (PM-AAS) di Balai Subak Tibubeleng, Desa Penyaringan, Kecamatan Mendoyo, Kamis 24 September 2026.Kehadiran Dinas Pertanian Gianyar menjadi bagian dari upaya memperluas referensi penerapan teknologi pertanian, sekaligus melihat langsung model pengelolaan kawasan padi skala luas yang dikembangkan di Jembrana. “Kami hadir untuk melihat secara langsung bagaimana modernisasi pertanian diterapkan di lapangan. Ini menjadi pembelajaran penting bagi Gianyar, terutama bagaimana teknologi dapat diterapkan secara efektif tanpa mengabaikan kondisi dan karakteristik petani serta subak di daerah kita,” ujar I Gusti Ngurah Dibya Presasta.Program tersebut dilaksanakan Badan Perakitan dan Modernisasi Pertanian (BRMP) melalui BRMP Bali. Piloting modernisasi kawasan padi seluas 100 hektar ini merupakan bagian dari program yang dikembangkan di 15 provinsi, termasuk Provinsi Bali.Menurut Dibya, modernisasi pertanian tidak sebatas penggunaan mesin dan teknologi, tetapi harus memberikan manfaat nyata bagi petani. “Yang paling penting bukan hanya teknologinya, tetapi manfaat akhirnya bagi petani. Modernisasi harus mampu meningkatkan efisiensi, produktivitas, mengurangi beban biaya produksi dan memberikan dampak terhadap kesejahteraan petani,” tegasnya.Bagi Gianyar, penerapan teknologi menjadi salah satu bagian penting dalam menghadapi tantangan pertanian, mulai dari efisiensi usaha tani, ketersediaan tenaga kerja hingga regenerasi petani. Karena itu, setiap inovasi perlu dikaji dan disesuaikan dengan kondisi lahan, karakteristik petani serta kelembagaan subak.“Kami tentu melihat apa yang bisa diadopsi dan disesuaikan dengan kondisi Gianyar. Tidak semua model bisa diterapkan begitu saja, sehingga perlu dikaji dari sisi lahan, komoditas, kelembagaan subak, kesiapan petani dan manfaat ekonominya,” jelas Dibya.Panen bersama tersebut turut dihadiri jajaran pemerintah daerah, BRMP Bali, penyuluh pertanian, Pengendali Organisme Pengganggu Tumbuhan (POPT), Perum Bulog, PT. Pupuk Indonesia, kelompok tani, pekaseh, krama subak serta pemangku kepentingan bidang pertanian lainnya. Melalui kegiatan ini, Dinas Pertanian Gianyar memperkuat pertukaran pengalaman dan kolaborasi dalam mendorong pertanian yang lebih modern, efisien dan produktif, dengan tetap menempatkan petani dan subak sebagai bagian penting pembangunan pertanian Bali. 


                                
                                
                                
                                
                                
                                            
                                        
                                                                    

                                


                                
                                                                    
                                    
                                
                                                                                                                                                                                
                            
                            
                                                                        
                                                                
                                    
                                        
                                            Berita
                                        
                                    
                                    Terbaru Lainnya
                                
                                
                            
                            
                                    
                                    
                                        Memuat berita terbaru.....",RRI.co.id,"Dajan Peken, 82114, Tabanan, Tabanan, Bali, Indonesia",-8.536609490935,115.13552944186335,5,"2, 7","kejaksaan, kejatibali, kejaritabanan, tabanan, news"
Waspada Investasi Bodong Imbal Hasil Tak Wajar Jadi Sinyal Bahaya,2026-09-30T00:38:00.000Z,"Kabupaten Tabanan, Bali, Indonesia","Waspada Investasi Bodong, Imbal Hasil Tak Wajar Jadi Sinyal Bahaya - RRI.co.id","Ilustrasi: Waspada Investasi Bodong, Imbal Hasil Tak Wajar Jadi Sinyal Bahaya. (Foto:DOK).
                                                    
                                                                                            
                                                                                                            
                                
                                RRI.CO.ID, Denpasar — Tawaran investasi dengan imbal hasil tinggi dalam waktu singkat dan diklaim minim risiko perlu diwaspadai masyarakat.","Janji keuntungan yang tidak masuk akal menjadi salah satu ciri yang patut dicermati sebelum menempatkan dana.Pengamat Ekonomi Bali, Dr. I Gusti Wayan Murjana Yasa, mengatakan rendahnya literasi investasi membuat masyarakat mudah tergiur tawaran keuntungan besar tanpa memahami risiko dan legalitasnya.","Pada Hari Rabu , 30 September 2026 00:38, Tabanan, Tabanan, Bali

Ilustrasi: Waspada Investasi Bodong, Imbal Hasil Tak Wajar Jadi Sinyal Bahaya. (Foto:DOK).
                                                    
                                                                                            
                                                                                                            
                                
                                RRI.CO.ID, Denpasar — Tawaran investasi dengan imbal hasil tinggi dalam waktu singkat dan diklaim minim risiko perlu diwaspadai masyarakat. Janji keuntungan yang tidak masuk akal menjadi salah satu ciri yang patut dicermati sebelum menempatkan dana.Pengamat Ekonomi Bali, Dr. I Gusti Wayan Murjana Yasa, mengatakan rendahnya literasi investasi membuat masyarakat mudah tergiur tawaran keuntungan besar tanpa memahami risiko dan legalitasnya. Kondisi tersebut semakin rentan ketika promosi investasi banyak beredar melalui media sosial.Menurutnya, prinsip dasar investasi adalah semakin tinggi potensi keuntungan, semakin besar pula risiko yang harus dipahami. Karena itu, masyarakat perlu berhati-hati ketika menemukan tawaran keuntungan yang jauh di atas kewajaran.“Kalau sudah keuntungannya tidak wajar, hati-hati. Investasi itu justru temannya risiko, di samping keuntungan yang kita peroleh,” ujarnya kepada RRI.CO.ID, Selasa 29 September 2026.Murjana mencontohkan tawaran keuntungan hingga puluhan persen dalam waktu singkat sebagai hal yang patut dicurigai, terutama jika disertai klaim tanpa risiko. Selain imbal hasil yang tidak wajar, masyarakat diminta mewaspadai investasi yang tidak memiliki izin, menawarkan perekrutan anggota baru dengan produk yang tidak jelas, serta tidak memiliki model bisnis yang dapat dijelaskan secara transparan.Ia juga mengingatkan masyarakat terhadap sejumlah modus investasi ilegal, termasuk robot trading ilegal, aset kripto yang tidak memiliki legalitas, dan skema money game. Murjana menekankan pentingnya memeriksa legalitas perusahaan atau produk investasi sebelum menempatkan dana.Masyarakat juga perlu memahami jenis investasi, potensi keuntungan, serta risiko yang menyertainya. “Yang paling mudah itu cek legalitas. Kemudian gunakan logika ketika keuntungan yang ditawarkan luar biasa tinggi dan tidak masuk akal,” katanya.Menurut Murjana, masyarakat dapat memilih instrumen investasi yang sesuai dengan kemampuan dan tingkat risiko yang dipahami, seperti saham, reksa dana, obligasi, emas, maupun properti. Ia menilai penguatan literasi menjadi kunci agar masyarakat tidak mudah terjebak investasi ilegal.Edukasi mengenai investasi kini tersedia melalui berbagai sumber, termasuk kanal resmi Otoritas Jasa Keuangan (OJK). Masyarakat juga dapat memanfaatkan teknologi untuk mencari informasi awal mengenai produk investasi.Namun, pengecekan legalitas dan informasi dari sumber resmi tetap diperlukan sebelum mengambil keputusan investasi. “Banyak edukasi tentang saham dan investasi lainnya. Banyak yang gratis dan bisa dimanfaatkan untuk meningkatkan pemahaman ketika kita akan memilih investasi,” ujarnya. 


                                
                                
                                
                                
                                
                                            
                                        
                                                                    

                                


                                
                                                                    
                                    
                                
                                                                                                                                                                                
                            
                            
                                                                        
                                                                
                                    
                                        
                                            Berita
                                        
                                    
                                    Terbaru Lainnya
                                
                                
                            
                            
                                    
                                    
                                        Memuat berita terbaru.....",RRI.co.id,"Dajan Peken, 82114, Tabanan, Tabanan, Bali, Indonesia",-8.536609490935,115.13552944186335,5,"2, 7","kejaksaan, kejatibali, kejaritabanan, tabanan, news"
KPA Bali Perkuat Edukasi HIVAIDS dan Narkoba,2026-09-30T10:11:00.000Z,"Kabupaten Tabanan, Bali, Indonesia",KPA Bali Perkuat Edukasi HIV/AIDS dan Narkoba - RRI.co.id,"Sebanyak 225 siswa anggota KSPAN dari kabupaten dan kota di Bali mengikuti Temu Remaja KSPAN atau Muspa Bali 2 di Wisma Nangun Kerti, Desa Pancasari, Buleleng.(Foto:Ist)
                                                    
                                                                                            
                                                                                                            
                                
                                RRI.CO.ID, Buleleng - Komisi Penanggulangan AIDS atau KPA Provinsi Bali memperkuat edukasi pencegahan HIV-AIDS dan penyalahgunaan narkoba melalui Temu Remaja KSPAN atau Muspa Bali 2. Kegiatan yang berlangsung selama dua hari, Selasa, 29 September hingga Rabu, 30 September 2026, digelar di Wisma Nangun Kerti, Desa Pancasari, Kecamatan Sukasada, Buleleng.Sebanyak 225 siswa yang tergabung dalam Kelompok Siswa Peduli AIDS dan Narkoba atau KSPAN mengikuti kegiatan tersebut.","Peserta merupakan perwakilan terpilih dari kabupaten dan kota di Bali yang aktif dalam kegiatan KSPAN di sekolah masing-masing.Ketua Panitia Muspa Bali 2, AA Ngr Patria Nugraha mengatakan, kegiatan tersebut menjadi sarana sosialisasi dan edukasi yang melibatkan ratusan siswa KSPAN. Informasi yang diperoleh diharapkan dapat diteruskan kepada teman sebaya, lingkungan sekolah, dan masyarakat.""Dari data Dinas Kesehatan Provinsi Bali, penemuan kasus baru di Bali sejak Januari sampai April 2026 sekitar 678 kasus, dan sebarannya sudah meluas ke seluruh kabupaten kota di Provinsi Bali,"" ujarnya.Muspa Bali 2 juga menjadi ruang peningkatan pemahaman siswa mengenai HIV-AIDS, kesehatan reproduksi remaja, penyakit menular seksual, serta pencegahan penyalahgunaan narkoba.","Pada Hari Rabu , 30 September 2026 10:11, Tabanan, Tabanan, Bali

Sebanyak 225 siswa anggota KSPAN dari kabupaten dan kota di Bali mengikuti Temu Remaja KSPAN atau Muspa Bali 2 di Wisma Nangun Kerti, Desa Pancasari, Buleleng.(Foto:Ist)
                                                    
                                                                                            
                                                                                                            
                                
                                RRI.CO.ID, Buleleng - Komisi Penanggulangan AIDS atau KPA Provinsi Bali memperkuat edukasi pencegahan HIV-AIDS dan penyalahgunaan narkoba melalui Temu Remaja KSPAN atau Muspa Bali 2. Kegiatan yang berlangsung selama dua hari, Selasa, 29 September hingga Rabu, 30 September 2026, digelar di Wisma Nangun Kerti, Desa Pancasari, Kecamatan Sukasada, Buleleng.Sebanyak 225 siswa yang tergabung dalam Kelompok Siswa Peduli AIDS dan Narkoba atau KSPAN mengikuti kegiatan tersebut. Peserta merupakan perwakilan terpilih dari kabupaten dan kota di Bali yang aktif dalam kegiatan KSPAN di sekolah masing-masing.Ketua Panitia Muspa Bali 2, AA Ngr Patria Nugraha mengatakan, kegiatan tersebut menjadi sarana sosialisasi dan edukasi yang melibatkan ratusan siswa KSPAN. Informasi yang diperoleh diharapkan dapat diteruskan kepada teman sebaya, lingkungan sekolah, dan masyarakat.""Dari data Dinas Kesehatan Provinsi Bali, penemuan kasus baru di Bali sejak Januari sampai April 2026 sekitar 678 kasus, dan sebarannya sudah meluas ke seluruh kabupaten kota di Provinsi Bali,"" ujarnya.Muspa Bali 2 juga menjadi ruang peningkatan pemahaman siswa mengenai HIV-AIDS, kesehatan reproduksi remaja, penyakit menular seksual, serta pencegahan penyalahgunaan narkoba. Kegiatan tersebut meliputi temu forum guru KSPAN, temu KSPAN, capacity building, pentas seni, lomba mading tematis, tutor sebaya, video edukasi on the spot, dan cari jejak KSPAN.Sekretaris Dinas Kesehatan Provinsi Bali dr. Komang Perdana M.Si yang membacakan sambutan Wakil Gubernur Bali Nyoman Giri Prasta mengatakan, kegiatan tersebut menjadi momentum untuk memperkuat kepedulian generasi muda terhadap kesehatan. Ia juga menyampaikan pentingnya kolaborasi pelajar, sekolah, pemerintah, dan pihak terkait dalam pencegahan HIV-AIDS dan narkoba.""Lembaga pendidikan merupakan ruang yang tepat untuk edukasi tentang HIV-AIDS kepada siswa. Kolaborasi antara pelajar, sekolah, pemerintah, serta berbagai pihak terkait diperlukan agar upaya pencegahan HIV-AIDS dan narkoba dapat dilakukan secara berkelanjutan,"" katanya.Melalui Muspa KSPAN Bali 2026, para peserta diharapkan tidak hanya menjadi penerima informasi, tetapi juga mampu berperan sebagai agen perubahan di lingkungan sekolah dan masyarakat. Kegiatan tersebut juga diharapkan memperkuat peran KSPAN dalam menyebarluaskan informasi yang benar serta membangun lingkungan yang sehat dan bebas stigma terhadap orang dengan HIV. 


                                
                                
                                
                                
                                
                                            
                                        
                                                                    

                                


                                
                                                                    
                                    
                                
                                                                                                                                                                                
                            
                            
                                                                        
                                                                
                                    
                                        
                                            Berita
                                        
                                    
                                    Terbaru Lainnya
                                
                                
                            
                            
                                    
                                    
                                        Memuat berita terbaru.....",RRI.co.id,"Dajan Peken, 82114, Tabanan, Tabanan, Bali, Indonesia",-8.536609490935,115.13552944186335,5,"2, 7","kejaksaan, kejatibali, kejaritabanan, tabanan, news"
Tim SAR Gabungan Lakukan Pencarian Korban Terseret Arus di Pantai Gerokgak,2026-09-26T05:59:00.000Z,"Kabupaten Tabanan, Bali, Indonesia",Tim SAR Gabungan Lakukan Pencarian Korban Terseret Arus di Pantai Gerokgak - RRI.co.id,"RRI.CO.ID, Buleleng — Seorang anak berusia 11 tahun dilaporkan hilang setelah terseret arus saat berenang di Pantai Gerokgak, Kabupaten Buleleng, Bali, Kamis 24 September 2026 sore. Hingga pencarian hari pertama berakhir, korban belum ditemukan dan tim SAR gabungan masih melakukan pencarian.Korban diketahui bernama Gede Adimas Raditya Wibawa, siswa kelas 5 SD yang tinggal di Banjar Dinas Batuagung, Desa Gerokgak, Kabupaten Buleleng.","Kepala Kantor Pencarian dan Pertolongan Denpasar menerima laporan kejadian tersebut pada pukul 17.10 WITA dari Kadek Partha, anggota Polsek Gerokgak.Berdasarkan informasi yang dihimpun, korban berenang bersama dua anak lainnya di Pantai Gerokgak sekitar pukul 16.00 WITA. Ketiganya menggunakan styrofoam saat berenang.Sekitar pukul 16.30 WITA, ketiga anak tersebut terseret arus ke arah tengah laut.","Pada Hari Sabtu , 26 September 2026 05:59, Tabanan, Tabanan, Bali

RRI.CO.ID, Buleleng — Seorang anak berusia 11 tahun dilaporkan hilang setelah terseret arus saat berenang di Pantai Gerokgak, Kabupaten Buleleng, Bali, Kamis 24 September 2026 sore. Hingga pencarian hari pertama berakhir, korban belum ditemukan dan tim SAR gabungan masih melakukan pencarian.Korban diketahui bernama Gede Adimas Raditya Wibawa, siswa kelas 5 SD yang tinggal di Banjar Dinas Batuagung, Desa Gerokgak, Kabupaten Buleleng. Kepala Kantor Pencarian dan Pertolongan Denpasar menerima laporan kejadian tersebut pada pukul 17.10 WITA dari Kadek Partha, anggota Polsek Gerokgak.Berdasarkan informasi yang dihimpun, korban berenang bersama dua anak lainnya di Pantai Gerokgak sekitar pukul 16.00 WITA. Ketiganya menggunakan styrofoam saat berenang.Sekitar pukul 16.30 WITA, ketiga anak tersebut terseret arus ke arah tengah laut. Dua anak berhasil diselamatkan oleh warga, sedangkan Gede Adimas terseret arus dan kemudian menghilang.Koordinator Pos Pencarian dan Pertolongan Buleleng, Kadek Donny Indrawan mengatakan, setelah menerima laporan tersebut, operator komunikasi Kantor Pencarian dan Pertolongan Denpasar langsung berkoordinasi dengan Polsek Gerokgak dan keluarga korban. Pada pukul 17.30 WITA, enam personel Tim Rescue Pos Pencarian dan Pertolongan Buleleng bergerak menuju lokasi kejadian.Setibanya di lokasi, tim melakukan briefing untuk membagi tugas dan menentukan pola pencarian. Empat personel melakukan pencarian menggunakan rubber boat ke arah utara dari lokasi kejadian. Sementara itu, personel lainnya melakukan penyisiran melalui jalur darat ke arah timur sejauh 2,5 kilometer.""Pada pukul 18.10 WITA, rubber boat mengarah ke utara,"" jelasnya.Pencarian melalui jalur laut menggunakan rubber boat berlangsung hingga pukul 18.40 WITA. Setelah itu, tim melanjutkan pencarian melalui penyisiran darat ke arah barat dari lokasi kejadian.""Tim yang di lapangan, yakni di pesisir pantai, melaksanakan penyisiran ke arah timur dan barat,"" imbuhnya.Kadek Donny mengatakan tim SAR gabungan telah melakukan pencarian melalui jalur laut dan darat dengan mempertimbangkan kondisi di sekitar lokasi kejadian. ""Pencarian akan terus dilakukan selama tujuh hari apabila korban belum ditemukan, tentunya dengan memperhatikan kondisi cuaca, arus, serta situasi di lapangan,"" ujarnya.Pencarian pada hari pertama berakhir sekitar pukul 21.30 WITA. Namun, korban masih belum ditemukan. Tim SAR gabungan dijadwalkan melanjutkan pencarian pada Jumat 25 September 2026 pagi sesuai rencana operasi dan perkembangan kondisi di lapangan.Sejumlah unsur terlibat dalam operasi pencarian tersebut, di antaranya Pos Pencarian dan Pertolongan Buleleng, Polairud Polda Bali, Polairud Polres Gerokgak, Polsek Gerokgak, Babinsa Gerokgak, TNI AL Celukan Bawang, Camat Gerokgak beserta perangkat desa, Cendana Mutiara, Satpol PP Gerokgak, serta keluarga korban.",RRI.co.id,"Dajan Peken, 82114, Tabanan, Tabanan, Bali, Indonesia",-8.536609490935,115.13552944186335,5,"2, 7","kejaksaan, kejatibali, kejaritabanan, tabanan, news"
Tim SAR Lakukan Pencarian Penumpang KMP Cemerlang 55 Jatuh di Perairan Gilimanuk,2026-09-28T06:27:00.000Z,"Kabupaten Tabanan, Bali, Indonesia",Tim SAR Lakukan Pencarian Penumpang KMP Cemerlang 55 Jatuh di Perairan Gilimanuk - RRI.co.id,"Tim SAR Lakukan Pencarian Penumpang KMP Cemerlang 55 Jatuh di Perairan Gilimanuk. (Foto:Humas Basarnas Bali).
                                                    
                                                                                            
                                                                                                            
                                
                                RRI.CO.ID, Jembrana — Seorang penumpang KMP Cemerlang 55, Rizki Firmansyah (23), warga Jombang, Jawa Timur, dilaporkan jatuh ke laut di sekitar perairan Pelabuhan Gilimanuk, Kabupaten Jembrana, Bali, Minggu 27 September 2026 malam.","Hingga Senin 28 September 2026, tim SAR gabungan masih melakukan pencarian terhadap korban.Informasi kejadian diterima Kantor Pencarian dan Pertolongan Denpasar pada Senin pukul 05.20 Wita dari Komang Sumerta, SROP Gilimanuk. Peristiwa tersebut terjadi sekitar pukul 18.50 Wita.Salah seorang penumpang KMP Cemerlang 55 melihat seseorang tercebur ke perairan di sekitar Buoy Merah, Pelabuhan Gilimanuk.","Pada Hari Senin , 28 September 2026 06:27, Tabanan, Tabanan, Bali

Tim SAR Lakukan Pencarian Penumpang KMP Cemerlang 55 Jatuh di Perairan Gilimanuk. (Foto:Humas Basarnas Bali).
                                                    
                                                                                            
                                                                                                            
                                
                                RRI.CO.ID, Jembrana — Seorang penumpang KMP Cemerlang 55, Rizki Firmansyah (23), warga Jombang, Jawa Timur, dilaporkan jatuh ke laut di sekitar perairan Pelabuhan Gilimanuk, Kabupaten Jembrana, Bali, Minggu 27 September 2026 malam. Hingga Senin 28 September 2026, tim SAR gabungan masih melakukan pencarian terhadap korban.Informasi kejadian diterima Kantor Pencarian dan Pertolongan Denpasar pada Senin pukul 05.20 Wita dari Komang Sumerta, SROP Gilimanuk. Peristiwa tersebut terjadi sekitar pukul 18.50 Wita.Salah seorang penumpang KMP Cemerlang 55 melihat seseorang tercebur ke perairan di sekitar Buoy Merah, Pelabuhan Gilimanuk. Penumpang tersebut kemudian menghubungi KMP Gilimanuk yang saat itu melintas di sekitar lokasi untuk meminta bantuan.Sekitar pukul 19.05 Wita, KMP Gilimanuk melaporkan pencarian awal di sekitar lokasi belum menemukan korban. Menindaklanjuti laporan tersebut, Tim Rescue Pos Pencarian dan Pertolongan Jembrana mengerahkan tujuh personel menuju lokasi kejadian pada pukul 06.00 Wita untuk melaksanakan operasi pencarian dan pertolongan.Kepala Kantor Pencarian dan Pertolongan Denpasar I Nyoman Sidakarya mengatakan tim kemudian mengerahkan Rigid Inflatable Boat (RIB) untuk melakukan penyisiran di sekitar lokasi. ""Pada pukul 07.15 Wita, Rigid Inflatable Boat (RIB) Pos Pencarian dan Pertolongan Jembrana bergerak melakukan penyisiran di sekitar lokasi kejadian,"" terang Sidakarya.Sekitar 20 menit kemudian, Sea Thunder Polairud Polres Jembrana juga bergerak melakukan pencarian dengan tiga personel. Upaya pencarian turut diperkuat unsur TNI AL dengan mengerahkan Sea Rider.Sementara itu, tim pencarian dan pertolongan dari unsur darat melakukan penyisiran di sepanjang kawasan daratan sekitar Pantai Gilimanuk. Hingga berita ini ditulis, operasi SAR masih berlangsung.“Tim SAR gabungan melakukan penyisiran melalui jalur laut dan darat di sekitar lokasi korban terakhir kali terlihat serta sejumlah titik yang dinilai berpotensi menjadi lokasi keberadaan korban,”jelasnya. 


                                
                                
                                
                                
                                
                                            
                                        
                                                                    

                                


                                
                                                                    
                                    
                                
                                                                                                                                                                                
                            
                            
                                                                        
                                                                
                                    
                                        
                                            Berita
                                        
                                    
                                    Terbaru Lainnya
                                
                                
                            
                            
                                    
                                    
                                        Memuat berita terbaru.....",RRI.co.id,"Dajan Peken, 82114, Tabanan, Tabanan, Bali, Indonesia",-8.536609490935,115.13552944186335,5,"2, 7","kejaksaan, kejatibali, kejaritabanan, tabanan, news"
Aksi Sopir Truk Blokade Ketapang Antrean Gilimanuk Kembali Mengular,2026-09-28T01:08:00.000Z,"Kabupaten Tabanan, Bali, Indonesia","Aksi Sopir Truk Blokade Ketapang, Antrean Gilimanuk Kembali Mengular - RRI.co.id","Kondisi kemacetan kendaraan menuju Pelabuhan Gilimanuk, Kabupaten Jembrana, kembali mengalami antrean panjang sejak Sabtu malam 26 September 2026 malam hingga Minggu 27 September 2026. (Foto: Polsek Gilimanuk)
                                                    
                                                                                            
                                                                                                            
                                
                                RRI.CO.ID, Jembrana - Imbas aksi protes dan blokade yang dilancarkan para sopir truk di Pelabuhan Ketapang, Banyuwangi, pelayanan penyeberangan Selat Bali mendadak melumpuh.","Dampak domino dari ketegangan di Ketapang tersebut memicu kemacetan parah di Pelabuhan Gilimanuk, Kabupaten Jembrana, sejak Sabtu 26 September 2026 malam hingga Minggu 27 September 2026.Ribuan kendaraan terpaksa tertahan dan mengantre hingga puluhan kilometer untuk bisa menyeberang. Puncak kepadatan terjadi pada Sabtu malam, di mana ekor antrean kendaraan meluber hingga sejauh 10 kilometer dari areal pelabuhan.""Semalam ekor antrean dari Pelabuhan Gilimanuk mengular hingga ke kawasan hutan Mbah Temon di Banjar Klatakan, Desa Melaya,"" ungkap Kanit Lantas Polsek Kawasan Pelabuhan Gilimanuk AKP Kukuh Emanuel pelabuhan, Minggu 27 September 2026.Lumpuhnya kantong-kantong parkir di dalam pelabuhan tak hanya memadati Jalan Nasional Denpasar-Gilimanuk, tetapi juga memicu keresahan warga lokal.","Pada Hari Senin , 28 September 2026 01:08, Tabanan, Tabanan, Bali

Kondisi kemacetan kendaraan menuju Pelabuhan Gilimanuk, Kabupaten Jembrana, kembali mengalami antrean panjang sejak Sabtu malam 26 September 2026 malam hingga Minggu 27 September 2026. (Foto: Polsek Gilimanuk)
                                                    
                                                                                            
                                                                                                            
                                
                                RRI.CO.ID, Jembrana - Imbas aksi protes dan blokade yang dilancarkan para sopir truk di Pelabuhan Ketapang, Banyuwangi, pelayanan penyeberangan Selat Bali mendadak melumpuh. Dampak domino dari ketegangan di Ketapang tersebut memicu kemacetan parah di Pelabuhan Gilimanuk, Kabupaten Jembrana, sejak Sabtu 26 September 2026 malam hingga Minggu 27 September 2026.Ribuan kendaraan terpaksa tertahan dan mengantre hingga puluhan kilometer untuk bisa menyeberang. Puncak kepadatan terjadi pada Sabtu malam, di mana ekor antrean kendaraan meluber hingga sejauh 10 kilometer dari areal pelabuhan.""Semalam ekor antrean dari Pelabuhan Gilimanuk mengular hingga ke kawasan hutan Mbah Temon di Banjar Klatakan, Desa Melaya,"" ungkap Kanit Lantas Polsek Kawasan Pelabuhan Gilimanuk AKP Kukuh Emanuel pelabuhan, Minggu 27 September 2026.Lumpuhnya kantong-kantong parkir di dalam pelabuhan tak hanya memadati Jalan Nasional Denpasar-Gilimanuk, tetapi juga memicu keresahan warga lokal. Demi menghindari kemacetan utama, sejumlah oknum sopir kendaraan besar nekat menerobos dan menyusup ke gang-gang permukiman warga.Lurah Gilimanuk, Ida Bagus Tony Wirahadikusuma, menegaskan pihaknya menerima banyak aduan dari warga yang merasa ruang geraknya terisolasi akibat kendaraan besar yang memadati kawasan pemukiman tanpa pengawasan ketat. ""Warga sangat keberatan. Kendaraan besar masuk ke gang-gang dan menyulitkan aktivitas harian warga, terutama saat hendak beribadah di sekitar Pasar dan Masjid Al-Mubarok, maupun warga yang sedang menggelar hajatan,"" tegas Tony. Padahal, rapat koordinasi bersama kepolisian dan pihak ASDP telah digelar sebelumnya, namun tumpahan arus kendaraan tetap tak terbendung.Hingga Minggu siang, antrean kendaraan dari arah Bali masih terpantau mengekor dari pintu masuk (gate) pelabuhan hingga ke kawasan Monumen Lintas Laut Gilimanuk. Menanggapi situasi ini, Kapolsek Kawasan Pelabuhan Gilimanuk, AKP Gusti Kade Alit Mudiarsa, menyatakan bahwa secara umum situasi keamanan di area penyeberangan masih terkendali. Kepadatan meluas murni merupakan dampak langsung dari penutupan akses masuk di Pelabuhan Ketapang pasca-aksi mogok sopir. Guna mengurai benang kusut kemacetan, Polres Jembrana menerjunkan personel tambahan dari Satuan Lalu Lintas dan Satuan Samapta di berbagai titik krusial.""Kami memperkuat pengarahan lalu lintas di lapangan dan mengimbau seluruh pengguna jalan agar tetap tertib, mematuhi arahan petugas, serta tidak memotong jalur yang justru berpotensi memperparah kemacetan,"" ujar AKP Alit Mudiarsa. 


                                
                                
                                
                                
                                
                                            
                                        
                                                                    

                                


                                
                                                                    
                                    
                                
                                                                                                                                                                                
                            
                            
                                                                        
                                                                
                                    
                                        
                                            Berita
                                        
                                    
                                    Terbaru Lainnya
                                
                                
                            
                            
                                    
                                    
                                        Memuat berita terbaru.....",RRI.co.id,"Dajan Peken, 82114, Tabanan, Tabanan, Bali, Indonesia",-8.536609490935,115.13552944186335,5,"2, 7","kejaksaan, kejatibali, kejaritabanan, tabanan, news"
Penuhi Stok PMI Tabanan Buka Layanan Donor Darah di Kantor Lama,2020-04-14T07:00:00.000Z,"Kabupaten Tabanan, Bali, Indonesia","Penuhi Stok, PMI Tabanan Buka Layanan Donor Darah di Kantor Lama - BALIPOST.com","Donor darah. (BP/ist)TABANAN, BALIPOST.com – Mewabahnya virus Corona atau Covid-19 tentunya berdampak pada ketersediaan darah di ruang penyimpanan Unit Donor Darah Palang Merah Indonesia (PMI) Tabanan.","Ini disebabkan banyak dibatalkannya kegiatan donor darah.Kendati demikian, Kepala UDD PMI Kabupaten Tabanan dr Nyoman Gede Sumardika, mengatakan untuk bisa memenuhi kebutuhan stok darah yang ada di PMI, pihaknya membuka layanan donor darah di markas lama PMI yang berlokasi di jalan Rama No.3A Tabanan atau di sebelah Taman Makam Pahlawan. Bagi masyarakat yang hendak mendonorkan darahnya bisa datang langsung ke temmpat tersebut dan akan diberikan 1 pcs hand sanitizer.Layanan donor darah di kantor markas lama ini dibuka mulai pukul 08.00 WITA sampai dengan pukul 13.30 WITA tiap harinya.","Pada Hari Selasa , 14 April 2020 07:00, Tabanan, Tabanan, Bali

Donor darah. (BP/ist)TABANAN, BALIPOST.com – Mewabahnya virus Corona atau Covid-19 tentunya berdampak pada ketersediaan darah di ruang penyimpanan Unit Donor Darah Palang Merah Indonesia (PMI) Tabanan. Ini disebabkan banyak dibatalkannya kegiatan donor darah.Kendati demikian, Kepala UDD PMI Kabupaten Tabanan dr Nyoman Gede Sumardika, mengatakan untuk bisa memenuhi kebutuhan stok darah yang ada di PMI, pihaknya membuka layanan donor darah di markas lama PMI yang berlokasi di jalan Rama No.3A Tabanan atau di sebelah Taman Makam Pahlawan. Bagi masyarakat yang hendak mendonorkan darahnya bisa datang langsung ke temmpat tersebut dan akan diberikan 1 pcs hand sanitizer.Layanan donor darah di kantor markas lama ini dibuka mulai pukul 08.00 WITA sampai dengan pukul 13.30 WITA tiap harinya. Selain jam layanan tersebut, kegiatan donor darah juga dilayani di BRSU Tabanan mulai pukul 14.00 WITA sampai 20.00 WITA atau hari libur. “PMI tetap melayani pelayanan darah. Kebutuhan darah tentu tidak bisa ditunda, pasien di rumah sakit yang membutuhkan transfusi tentu harus tetap menjadi perhatian. Dan ini merupakan salah satu upaya kami untuk mengajak masyrakat mendonorkan darahnya,” terangnya.Dan terkait layanan donor darah di kantor lama, lanjut kata dr. Sumardika akan dibuka selama pandemi dan sampai pengambilan donor ke tempat unit donor normal kembali. Pihaknya juga memastikan kegiatan mendonorkan darah tetap aman dilakukan.Masyarakat diimbau selalu menjaga kesehatan, menerapkan perilaku hidup bersih dan sehat, cuci tangan dengan sabun, menerapkan etika bersin dan batuk. “Untuk yang standby di kantor markas lama satu tim, tetapi kalau dibutuhkan lebih untuk di tempat lain, kita siapkan tim lain, maksimal kita punya 3 tim,” ucapnya.Stok darah mulai menipis sejak awal Maret 2020. Padahal permintaan sangat tinggi. Per hari saja permintaanya diangka 15-20 kantong.Data Selasa (14/4) untuk darah A hanya ada untuk jenis Whole Blood (WB) tersedia 5 kantong, jenis Pakced Red Cell (PRC) tersedia 1 kantong dan jenis thrombocyte Concencrate (TC) kosong . Dan darah B jenis darah WB tersedia 3 kantong, darah PRC tersedia 1 kantong dan darah TC kosong. Sementara darah O bisa dibilang sangat menipis.Untuk jenis WB hanya tersedia 5 kantong, jenis PRC tersedia 1 kantong dan jenis TC kosong juga kosong alias tidak ada stok. Dan darah AB jenis darah WB tersedia 15 kantong, untuk jenis PRC ada 6 kantong dan jenis TC juga 6 kantong.Ketersediaan stok darah ini biasanya diperuntukkan untuk seluruh rumah sakit di Tabanan baik swasta maupun negeri. Dimana sekitar 85 persen diperuntukkan untuk pasien di BRSU Tabanan. “Kita hanya bisa berharap wabah virus ini segera berlalu dan bisa beraktifitas normal kembali,” pungkasnya. (Puspawati/balipost)",BALIPOST.com,"Dajan Peken, 82114, Tabanan, Tabanan, Bali, Indonesia",-8.536609490935,115.13552944186335,5,"2, 7","kejaksaan, kejatibali, kejaritabanan, tabanan, news"
Hindus Throng Festival at Penataran Agung Temple of Ulundanu Beratan,2019-07-10T07:00:00.000Z,"Kabupaten Tabanan, Bali, Indonesia",Hindus Throng Festival at Penataran Agung Temple of Ulundanu Beratan - BALIPOST.com,"TABANAN, BALIPOST.com — Thousands of pilgrims from various regions thronged Penataran Agung Temple of Ulundanu Beratan, Baturiti, on Tuesday (Jul. 9) that coincided with Anggarakasih Julungwangi.","They came to say prayers in a series of Pujawali Ageng or grandiose ceremonies held at the local temple.Nevertheless, on days such as full moon, new moon and other major Hindu holidays, many Hindus also come to perform joint worship including the Melasti and Nyegara Gunung ceremonies. Regarding the pujawali ageng, Coordinator of Ulundanu Beratan Temple, I Putu Suma Artha, stated the series of pujawali ceremonies had been started since the beginning of the month or precisely on July 2, 2019 consisting of pengalah sasih and negtegan carried out by the supporting pilgrims of the Ulundanu Beratan Temple.","Pada Hari Rabu , 10 Juli 2019 07:00, Tabanan, Tabanan, Bali

TABANAN, BALIPOST.com — Thousands of pilgrims from various regions thronged Penataran Agung Temple of Ulundanu Beratan, Baturiti, on Tuesday (Jul. 9) that coincided with Anggarakasih Julungwangi. They came to say prayers in a series of Pujawali Ageng or grandiose ceremonies held at the local temple.Nevertheless, on days such as full moon, new moon and other major Hindu holidays, many Hindus also come to perform joint worship including the Melasti and Nyegara Gunung ceremonies. Regarding the pujawali ageng, Coordinator of Ulundanu Beratan Temple, I Putu Suma Artha, stated the series of pujawali ceremonies had been started since the beginning of the month or precisely on July 2, 2019 consisting of pengalah sasih and negtegan carried out by the supporting pilgrims of the Ulundanu Beratan Temple. Then, it was resumed on July 6 with the pakeling pujawali ceremony, mendak pekuluh and ngias. Meanwhile, the mecaru and mesucian ceremony were held on Monday or Soma Wage (Jul. 8), and then peak of the pujawali ageng was held on Anggarakasih Julungwangi or Tuesday (Jul. 9) commenced with the piodalan in the respective lawa. After holding the peak of piodalan, there were nganyarin ceremonies for three days and was closed on Sukra Pon or Friday (Jul. 12). “This piodalan is not only an obligation of the supporting pilgrims, but also has the objective to result in harmony as well as prosperity of life for the community or the entire Hindu fellows,” he said. He explained that Ulundanu Beratan Temple is supported by 800 families from 4 satakan villages or gebog satak, consisting of 15 customary villages and three chief of core customary villages and Marga Grand Place serves patron. Ulundanu Beratan Temple at Bedugul is also one of the most popular tourist attractions in Bali, located at Candi Kuning village, Baturiti, Tabanan. Aside from being a historical tourism, the pilgrims can take pleasure in natural attractions and lake water recreation activities. (Puspawati/balipost)",BALIPOST.com,"Dajan Peken, 82114, Tabanan, Tabanan, Bali, Indonesia",-8.536609490935,115.13552944186335,5,"2, 7","kejaksaan, kejatibali, kejaritabanan, tabanan, news"
Wisata Bali Kebun Raya Eka Karya di Tabanan Buka Kembali,2020-07-22T07:00:00.000Z,"Kabupaten Tabanan, Bali, Indonesia","Wisata Bali, Kebun Raya Eka Karya di Tabanan Buka Kembali - travel.kompas.com","KOMPAS.com - Lembaga Ilmu Pengetahuan Indonesia (LIPI) membuka kembali Kebun Raya Eka Karya Bali pada Rabu (22/7/2020) dengan penerapan protokol pencegahan Covid-19.
""Pembukaan ini menjadi momentum bagi Kebun Raya Eka Karya Bali untuk kembali memberikan layanan eduwisata dengan standar layanan yang lebih baik sesuai dengan Protokol Kesehatan,"" kata Kepala Balai Konservasi Tumbuhan Kebun Raya Eka Karya Bali LIPI Didit Okta Pribadi dalam keterangan tertulis yang diterima ANTARA, Selasa (21/7/2020).Baca juga: Kebun Raya Bogor Buka Kembali, Pesan Tiket Online Dulu
Pembukaan kembali tersebut merujuk pada Surat Keputusan Kepala LIPI Nomor 155/F/2020 tentang Pembukaan Kembali Layanan Kebun Raya di Lingkungan LIPI dan disertai dengan sejumlah protokol kunjungan di kawasan Kebun Raya.
Kebun Raya Eka Karya Bali kembali dibuka untuk kunjungan umum setelah pihak pengelola menerima Sertifikat Tatanan Kehidupan Era Baru Bidang Pariwisata Menuju Tabanan Aman dan Produktif Nomor 556/2353/DISPAR yang diserahkan oleh Bupati Tabanan Ni Putu Eka Wiryastuti pada Senin (20/7).
Sebelumnya, LIPI telah membuka kembali Kebun Raya Bogor dan Kebun Raya Cibodas pada 7 Juli 2020.




https://kebunraya.id/bal Kebun Raya Eka Karya Bali 
Pembatasan pengunjungDidit mengatakan selain menjalankan protokol kesehatan, pembukaan kembali Kebun Raya Eka Karya Bali juga menerapkan fase nol dengan ketentuan pembatasan kuota pengunjung sebanyak 1.500 orang dalam satu waktu.
""Untuk dapat melangkah ke fase berikutnya, pelaksanaan fase nol ini akan dievaluasi secara bertahap, jika sudah memenuhi standar, baru boleh mengimplementasikan fase selanjutnya dengan penambahan kuota pengunjung,” ujar Didit.
Dia menuturkan ada tiga fase yang harus dilalui hingga mencapai standar pelayanan publik sesuai dengan ketentuan adaptasi kebiasaan baru.
Didit berharap pengunjung dapat mengikuti protokol kunjungan yang berlaku di Kebun Raya Eka Karya Bali untuk bersama-sama membantu mencegah penyebaran pandemi Covid-19.
Baca juga: 5 Tempat Wisata di Tabanan Bali Buka Kembali, Salah Satunya Tanah Lot
Protokol kesehatanSelama berkunjung di Kebun Raya Eka Karya Bali, pengunjung diwajibkan untuk memakai masker dan selalu menjaga jarak aman.
""Kami telah menyediakan fasilitas cuci tangan dengan touchless sanitizer di beberapa titik area kebun, namun disarankan pengunjung untuk selalu membawa hand sanitizer sendiri,"" tutur Didit.
Penyemprotan disinfektan ke fasilitas publik seperti toilet, kursi taman, dan mobil wisata juga dilakukan dengan frekuensi sesering mungkin.Selain itu, informasi mengenai protokol kunjungan di kawasan Kebun Raya Eka Karya Bali akan dipampang di titik-titik strategis, serta diinformasikan secara berkala kepada pengunjung.
Kebun Raya Eka Karya Bali memiliki beberapa spot menarik, seperti Taman Paku yang berisi koleksi tanaman-tanaman paku. Lalu ada Taman Surya Nirwana dengan pemandangan indah ke Danau Beratan dan Bukit Pengelengan.
Tiket online
Tiket masuk Kebun Raya Eka Karya Bali dapat dibeli dalam jaringan (online) melalui https://tiketkebunraya.id yang langsung terintegrasi dengan ponsel pintar.Untuk membeli tiket secara online, harus mendaftar terlebih dahulu dengan klik register pada laman tersebut.
Harga tiket masuk untuk wisatawan domestik Rp 9.000 dan wisatawan asing Rp 17.000.
Tiket masuk mobil juga bisa dibeli secara online, harganya Rp 11.000.","Namun kendaraan roda empat hanya diizinkan masuk pada hari Sabtu dan Minggu.Saat pembelian tiket secara online, dalam web juga terpampang kapasitas total pengunjung pada hari tersebut.
Lokasi
Kebun Raya Eka Karya Bali berada di Jl. Kebun Raya, Candikuning, Kecamatan Baturiti, Tabanan.","Pada Hari Rabu , 22 Juli 2020 07:00, Tabanan, Tabanan, Bali

KOMPAS.com - Lembaga Ilmu Pengetahuan Indonesia (LIPI) membuka kembali Kebun Raya Eka Karya Bali pada Rabu (22/7/2020) dengan penerapan protokol pencegahan Covid-19.
""Pembukaan ini menjadi momentum bagi Kebun Raya Eka Karya Bali untuk kembali memberikan layanan eduwisata dengan standar layanan yang lebih baik sesuai dengan Protokol Kesehatan,"" kata Kepala Balai Konservasi Tumbuhan Kebun Raya Eka Karya Bali LIPI Didit Okta Pribadi dalam keterangan tertulis yang diterima ANTARA, Selasa (21/7/2020).Baca juga: Kebun Raya Bogor Buka Kembali, Pesan Tiket Online Dulu
Pembukaan kembali tersebut merujuk pada Surat Keputusan Kepala LIPI Nomor 155/F/2020 tentang Pembukaan Kembali Layanan Kebun Raya di Lingkungan LIPI dan disertai dengan sejumlah protokol kunjungan di kawasan Kebun Raya.
Kebun Raya Eka Karya Bali kembali dibuka untuk kunjungan umum setelah pihak pengelola menerima Sertifikat Tatanan Kehidupan Era Baru Bidang Pariwisata Menuju Tabanan Aman dan Produktif Nomor 556/2353/DISPAR yang diserahkan oleh Bupati Tabanan Ni Putu Eka Wiryastuti pada Senin (20/7).
Sebelumnya, LIPI telah membuka kembali Kebun Raya Bogor dan Kebun Raya Cibodas pada 7 Juli 2020.




https://kebunraya.id/bal Kebun Raya Eka Karya Bali 
Pembatasan pengunjungDidit mengatakan selain menjalankan protokol kesehatan, pembukaan kembali Kebun Raya Eka Karya Bali juga menerapkan fase nol dengan ketentuan pembatasan kuota pengunjung sebanyak 1.500 orang dalam satu waktu.
""Untuk dapat melangkah ke fase berikutnya, pelaksanaan fase nol ini akan dievaluasi secara bertahap, jika sudah memenuhi standar, baru boleh mengimplementasikan fase selanjutnya dengan penambahan kuota pengunjung,” ujar Didit.
Dia menuturkan ada tiga fase yang harus dilalui hingga mencapai standar pelayanan publik sesuai dengan ketentuan adaptasi kebiasaan baru.
Didit berharap pengunjung dapat mengikuti protokol kunjungan yang berlaku di Kebun Raya Eka Karya Bali untuk bersama-sama membantu mencegah penyebaran pandemi Covid-19.
Baca juga: 5 Tempat Wisata di Tabanan Bali Buka Kembali, Salah Satunya Tanah Lot
Protokol kesehatanSelama berkunjung di Kebun Raya Eka Karya Bali, pengunjung diwajibkan untuk memakai masker dan selalu menjaga jarak aman.
""Kami telah menyediakan fasilitas cuci tangan dengan touchless sanitizer di beberapa titik area kebun, namun disarankan pengunjung untuk selalu membawa hand sanitizer sendiri,"" tutur Didit.
Penyemprotan disinfektan ke fasilitas publik seperti toilet, kursi taman, dan mobil wisata juga dilakukan dengan frekuensi sesering mungkin.Selain itu, informasi mengenai protokol kunjungan di kawasan Kebun Raya Eka Karya Bali akan dipampang di titik-titik strategis, serta diinformasikan secara berkala kepada pengunjung.
Kebun Raya Eka Karya Bali memiliki beberapa spot menarik, seperti Taman Paku yang berisi koleksi tanaman-tanaman paku. Lalu ada Taman Surya Nirwana dengan pemandangan indah ke Danau Beratan dan Bukit Pengelengan.
Tiket online
Tiket masuk Kebun Raya Eka Karya Bali dapat dibeli dalam jaringan (online) melalui https://tiketkebunraya.id yang langsung terintegrasi dengan ponsel pintar.Untuk membeli tiket secara online, harus mendaftar terlebih dahulu dengan klik register pada laman tersebut.
Harga tiket masuk untuk wisatawan domestik Rp 9.000 dan wisatawan asing Rp 17.000.
Tiket masuk mobil juga bisa dibeli secara online, harganya Rp 11.000. Namun kendaraan roda empat hanya diizinkan masuk pada hari Sabtu dan Minggu.Saat pembelian tiket secara online, dalam web juga terpampang kapasitas total pengunjung pada hari tersebut.
Lokasi
Kebun Raya Eka Karya Bali berada di Jl. Kebun Raya, Candikuning, Kecamatan Baturiti, Tabanan. Tempat ini berlokasi di Bedugul, sekitar 60 kilometer dari Denpasar. (Martha Herlinawati S/Erafzon Saptiyulda AS)


  

    
        Bayangkan seorang anak Indonesia bercita-cita menjadi dokter tetapi hanya memiliki satu buku lusuh untuk belajar. Bersama Ekspedisi Kata ke Nyata Kompas.com, Anda bisa membantu mengubah kisah itu. Mari hadirkan akses literasi bagi anak-anak di berbagai pelosok Indonesia melalui donasi lewat tautan https://bit.ly/JagatLiterasi2026. Setiap kebaikan yang Anda berikan bukan hanya membuka jendela pengetahuan, tetapi juga membuka masa depan mereka.",travel.kompas.com,"Dajan Peken, 82114, Tabanan, Tabanan, Bali, Indonesia",-8.536609490935,115.13552944186335,5,"2, 7","kejaksaan, kejatibali, kejaritabanan, tabanan, news"
Harga Bahan Pangan di Tabanan Mulai Melonjak,2024-04-18T07:00:00.000Z,"Kabupaten Tabanan, Bali, Indonesia",Harga Bahan Pangan di Tabanan Mulai Melonjak - BALIPOST.com,"Pembeli sedang berbelanja di pasar yang ada di Tabanan. (BP/dok)TABANAN, BALIPOST.com – Harga sebagian besar komoditas pangan di sejumlah pasar di Kabupaten Tabanan mulai melonjak.","Bahkan, beberapa komoditas mengalami peningkatan harga di atas 50 persen.Berdasarkan hasil monitoring Dinas Perindustrian dan Perdagangan (Disperindag) Tabanan di sejumlah pasar tradisional, pada minggu ketiga di bulan April, sebagian besar harga bahan pangan mengalami lonjakan. Harga sawi putih naik dari Rp12.000 menjadi Rp18.000 atau naik 50 persen.","Pada Hari Kamis , 18 April 2024 07:00, Tabanan, Tabanan, Bali

Pembeli sedang berbelanja di pasar yang ada di Tabanan. (BP/dok)TABANAN, BALIPOST.com – Harga sebagian besar komoditas pangan di sejumlah pasar di Kabupaten Tabanan mulai melonjak. Bahkan, beberapa komoditas mengalami peningkatan harga di atas 50 persen.Berdasarkan hasil monitoring Dinas Perindustrian dan Perdagangan (Disperindag) Tabanan di sejumlah pasar tradisional, pada minggu ketiga di bulan April, sebagian besar harga bahan pangan mengalami lonjakan. Harga sawi putih naik dari Rp12.000 menjadi Rp18.000 atau naik 50 persen. Sayur hijau naik dari Rp12.000 menjadi Rp20.000 atau naik 67 persen. Kemudian, harga kacang panjang naik dari Rp12.000 menjadi Rp20.000 atau naik 67 persen, dan tomat naik dari Rp28.000 menjadi Rp30.000 atau naik 7 persen.Pada komoditi bumbu-bumbuan, kenaikan terjadi pada bawang merah yang naik dari Rp28.000 per kg menjadi Rp45.000 per kg atau naik 61 persen. Bawang bombay naik dari Rp30.000 per kg menjadi Rp40.0000 per kg atau naik 33 persen, dan cabai keriting naik dari Rp45.000 per kg menjadi Rp50.000 per kg atau naik 11 persen.Kemudian, harga daging ayam ras naik dari Rp40.000 per kg menjadi Rp 42.000 per kg atau naik 5 persen. Minyak Kita dari Rp16.000 menjadi Rp17.000 per kg atau naik 6 persen, dan harga jeruk naik dari Rp16.000 menjadi Rp18.000 per kg atau 13 persen.Petani cabai di Banjar Bangah, Kecamatan Baturiti, Tabanan, Nyoman Sudiasa, Rabu (17/4), mengungkapkan, setelah libur panjang Lebaran, kenaikan harga cabai merah besar maupun cabai merah kecil di tingkat petani terus berlanjut. Terbaru, harga untuk cabai merah kecil sudah menyentuh Rp50.000 per kg, sedangkan untuk cabai merah besar naik ke posisi Rp30.000 per kg. “Kenaikan harga cabai di petani ini terjadi secara bertahap dan terbaru terjadi pada Sabtu lalu,” tuturnya.Prediksinya, lonjakan harga cabai ini dipicu akibat ketersediaan barang di pasaran yang belum kembali normal pascalibur panjang Lebaran. Pasokan dari petani lokal maupun luar Bali belum maksimal sehingga di tengah meningkatnya permintaan pasar membuat kenaikan harga cabai ini terus berlanjut hingga saat ini.“Kemungkinan kenaikan harga cabai ini masih akan terus berlanjut dalam seminggu ke depan. Sehingga itu tentu menguntungkan bagi petani karena bisa mengantongi hasil lebih banyak dari biasanya,” katanya. (kmb/balipost)",BALIPOST.com,"Dajan Peken, 82114, Tabanan, Tabanan, Bali, Indonesia",-8.536609490935,115.13552944186335,5,"2, 7","kejaksaan, kejatibali, kejaritabanan, tabanan, news"
Tabanan Sudah Keluarkan SE PPKM Sejumlah Fasilitas Ini Ditutup Sementara,2021-01-10T08:00:00.000Z,"Kabupaten Tabanan, Bali, Indonesia","Tabanan Sudah Keluarkan SE PPKM, Sejumlah Fasilitas Ini Ditutup Sementara - BALIPOST.com","I Gede Susila. (BP/dok)TABANAN, BALIPOST.com – Sejumlah kabupaten/kota di Bali pada 11 hingga 25 Januari menggelar pemberlakuan pembatasan kegiatan masyarakat (PPKM).","Salah satunya adalah Tabanan.Bupati Tabanan Ni Putu Eka Wiryastuti sudah menindaklanjuti dengan mengeluarkan surat edaran (SE). Penerapannya di lapangan nantinya akan dilaksanakan dengan tegas oleh tim yustisi dalam hal ini Satpol PP bersinergi dengan TNI dan Polri.Surat Edaran Nomor 517/120/BPBD ditujukan kepada Camat se-Kabupaten Tabanan, Perbekel, Bendesa Adat maupun Pengelola Gedung atau Tempat Olahraga.","Pada Hari Minggu , 10 Januari 2021 08:00, Tabanan, Tabanan, Bali

I Gede Susila. (BP/dok)TABANAN, BALIPOST.com – Sejumlah kabupaten/kota di Bali pada 11 hingga 25 Januari menggelar pemberlakuan pembatasan kegiatan masyarakat (PPKM). Salah satunya adalah Tabanan.Bupati Tabanan Ni Putu Eka Wiryastuti sudah menindaklanjuti dengan mengeluarkan surat edaran (SE). Penerapannya di lapangan nantinya akan dilaksanakan dengan tegas oleh tim yustisi dalam hal ini Satpol PP bersinergi dengan TNI dan Polri.Surat Edaran Nomor 517/120/BPBD ditujukan kepada Camat se-Kabupaten Tabanan, Perbekel, Bendesa Adat maupun Pengelola Gedung atau Tempat Olahraga. SE ini mengacu pada Perbup Nomor 44 tahun 2020 tentang disiplin penegakan hukum protokol kesehatan sebagai upaya mencegah penyebaran COVID-19 di Tabanan.Menurut Sekretaris Satgas Penanganan Covid19 Tabanan, I Gede Susila, surat edaran tersebut berisi sejumlah poin pengetatan atau pembatasan kegiatan masyarakat. Sejumlah fasilitas publik di Kabupaten, Kecamatan dan Desa dihentikan sementara atau ditutup.Contohnya, kegiatan atau aktivitas di Gedung Kesenian I Ketut Maria dan Taman Garuda Wisnu Serasi (GWS). Kegiatan atau aktivitas di gedung-gedung atau tempat olahraga juga sementara ini dihentikan atau ditutup.Selain itu, seluruh kegiatan atau aktivitas di wantilan atau balai banjar. Edaran ini berlaku sampai batas waktu yang tidak ditentukan. “Pemberlakukan PKM ini, intinya mempertegas kembali aturan-aturan yang sebelumnya sudah pernah dikeluarkan di Tabanan. Seperti pembatasan kegiatan di fasilitas umum seperti lapangan, gedung dan lain sebagainya,” terangnya.Pembatasan jam operasional pedagang juga kembali diatur. Namun kali ini pembatasannya lebih ketat lagi, dulunya buka sampai pukul 22.00 WITA, mulai tanggal 11 Januari nanti batas maksimalnya sampai pukul 21.00 WITA.Kegiatan upacara adat juga dibatasi seperti sebelumnya. Dia mengakui beberapa waktu belakangan ini memang sempat agak longgar. “Kita juga nanti akan mengeluarkan surat edaran penegasan kembali terkait aturan yang sebelumnya, dan penerapannya di lapangan juga nanti akan dilaksanakan dengan tegas oleh tim yustisi dalam hal ini Satpol PP yang bersinergi dengan TNI dan Polri,” tegasnya. (Puspawati/balipost)",BALIPOST.com,"Dajan Peken, 82114, Tabanan, Tabanan, Bali, Indonesia",-8.536609490935,115.13552944186335,5,"2, 7","kejaksaan, kejatibali, kejaritabanan, tabanan, news"
Di Tabanan PAS SD Dikerjakan di Rumah,2020-12-02T08:00:00.000Z,"Kabupaten Tabanan, Bali, Indonesia","Di Tabanan, PAS SD Dikerjakan di Rumah - BALIPOST.com","Seorang siswa mengerjakan soal secara tertulis di rumah. (BP/bit)TABANAN, BALIPOST.com – Hampir seluruh tatanan kegiatan masyarakat berubah di masa pandemi COVID-19.","Tak terkecuali di sektor pendidikan.Tidak hanya belajar di rumah, para siswa juga harus menjalani ujian sekolah atau Penilaian Akhir Semester (PAS) di rumah. Berbeda dengan sebelumnya, soal  PAS kini diambil  ke sekolah oleh orangtua siswa, untuk selanjutnya dikerjakan oleh siswa sesuai dengan jadwal ujian yang diberikan oleh sekolah melalui pengumuman lewat grup WhatsApp (WA).Di kabupaten Tabanan, pelaksanaan PAS untuk jenjang SD sudah dimulai Senin (30/11) dan berakhir Sabtu (5/12). Sementara jenjang SMP mengerjakan soal secara daring.Kepala Dinas  Pendidikan Kabupaten Tabanan I Nyoman Putra mengatakan, sesuai aturan,  siswa wajib mengikuti penilaian akhir semester atau sumatif untuk mengetahui hasil dari proses pembelajaran jarak jauh (PJJ).","Pada Hari Rabu , 2 Desember 2020 08:00, Tabanan, Tabanan, Bali

Seorang siswa mengerjakan soal secara tertulis di rumah. (BP/bit)TABANAN, BALIPOST.com – Hampir seluruh tatanan kegiatan masyarakat berubah di masa pandemi COVID-19. Tak terkecuali di sektor pendidikan.Tidak hanya belajar di rumah, para siswa juga harus menjalani ujian sekolah atau Penilaian Akhir Semester (PAS) di rumah. Berbeda dengan sebelumnya, soal  PAS kini diambil  ke sekolah oleh orangtua siswa, untuk selanjutnya dikerjakan oleh siswa sesuai dengan jadwal ujian yang diberikan oleh sekolah melalui pengumuman lewat grup WhatsApp (WA).Di kabupaten Tabanan, pelaksanaan PAS untuk jenjang SD sudah dimulai Senin (30/11) dan berakhir Sabtu (5/12). Sementara jenjang SMP mengerjakan soal secara daring.Kepala Dinas  Pendidikan Kabupaten Tabanan I Nyoman Putra mengatakan, sesuai aturan,  siswa wajib mengikuti penilaian akhir semester atau sumatif untuk mengetahui hasil dari proses pembelajaran jarak jauh (PJJ). “Kami lebih  ingin tahu feedback dari hasil  proses belajar jarak jauh,” kata Nyoman Putra, Senin (2/12).Dijelaskan, dalam proses PAS ini, pihaknya sudah mengirim soal ke masing-masing satuan pendidikan (sekolah). Orangtua siswa mengambil soal tersebut, kemudian oleh siswa dikerjakan di rumah.Orangtua diharapkan mendampangi dengan baik dan benar, namun diharapkan tidak membantu dalam memberi jawaban. “Fungsi orangtua di sini hanya mendampingi dengan baik dan benar, namun tidak membantu memberitahu jawaban,” ucapnya.Sementara untuk SMP, kata mantan Kabag Umum Setwan Tabanan ini, proses PAS ada yang dilakukan secara sistem daring atau luring. Untuk sistem daring, siswa mengerjakan soal dari rumah dengan jaringan internet dan laptop masing-masing.Sementara bagi mereka yang luring, datang ke sekolah mengerjakan soal menggunakan laptop atau komputer sekolah. Bahkan, menurut Nyoman Putra, pelaksanaan PAS ada pula yang dilakukan tertulis oleh sejumlah siswa yang mengalami masalah jaringan. “Tetapi tidak semua siswa dibantu soal tertulis. Yang ngerjakan soal tertulis yang masalah jaringan. Sebagian besar pelaksanaan PAS dilakukan secara daring,” pungkasnya. (Puspawati/balipost)",BALIPOST.com,"Dajan Peken, 82114, Tabanan, Tabanan, Bali, Indonesia",-8.536609490935,115.13552944186335,5,"2, 7","kejaksaan, kejatibali, kejaritabanan, tabanan, news"
Pengeragoan Rest Area Lacks of Visitors,2019-06-20T07:00:00.000Z,"Kabupaten Tabanan, Bali, Indonesia",Pengeragoan Rest Area Lacks of Visitors - BALIPOST.com,"NEGARA, BALIPOST.com – Pengeragoan rest area at Pengeragoan village, Pekutatan, has been operating for a long time. Road users, especially cars and motorbikes, prefer to rest around the Yeh Leh, the border between Jembrana and Tabanan.","Actually, the rest area built by the regional government is mostly taken advantage by trucks especially at night until morning.“In early morning, there are many trucks parked here. In the back, a lot of gazebos are usually used to take a break,” said Anom, 46, a road user.","Pada Hari Kamis , 20 Juni 2019 07:00, Tabanan, Tabanan, Bali

NEGARA, BALIPOST.com – Pengeragoan rest area at Pengeragoan village, Pekutatan, has been operating for a long time. Road users, especially cars and motorbikes, prefer to rest around the Yeh Leh, the border between Jembrana and Tabanan. Actually, the rest area built by the regional government is mostly taken advantage by trucks especially at night until morning.“In early morning, there are many trucks parked here. In the back, a lot of gazebos are usually used to take a break,” said Anom, 46, a road user. This condition is also seen on Wednesday morning (Jun. 19). A number of trucks were being parked in the parking lot of the rest area on the Denpasar-Gilimanuk roadside. Despite minimal lighting, many truck drivers choose to park their vehicles temporarily before continuing the journey. “Here, I can rest for a while, sleep can also made down there (beach side). Unfortunately, it is difficult to find merchants,” said Yopi, one of the truck drivers met last Wednesday. Condition of the building and park of the rest area is still sturdy and new. However, there is still a lot of garbage scattered especially in the front of the vehicle parking lot. Some stalls also look open even though the conditions are quiet. One of the three stalls in the rest area is closed. A different situation was seen around Yeh Leh tourist attraction on the border of Jembrana and Tabanan. Stalls on the beach looked crowded with visitors, especially motorists that were resting. The stalls selling food such as chicken meatballs, noodles and young coconut are open until early morning. Almost every time there are road users stopping by or just taking pictures in the border region. “Well, it is better here, over there many trucks are being parked. While here, there are also many merchants,” explained Anik Hariyati, 32, one of the travelers from East Java who stopped at Yeh Leh. This mother of two said she had stopped by the rest area not too far from Yeh Leh. According to her, it’s more comfortable to rest around Yeh Leh. (Surya Darma/balipost)",BALIPOST.com,"Dajan Peken, 82114, Tabanan, Tabanan, Bali, Indonesia",-8.536609490935,115.13552944186335,5,"2, 7","kejaksaan, kejatibali, kejaritabanan, tabanan, news"
Video Jadi Klaster COVID19 di Tabanan Manajemen RS Wisma Prashanti Angkat Bicara,2020-06-26T07:00:00.000Z,"Kabupaten Tabanan, Bali, Indonesia","Video: Jadi Klaster COVID-19 di Tabanan, Manajemen RS Wisma Prashanti Angkat Bicara - BALIPOST.com","TABANAN, BALIPOST.com – Manajemen RS Wisma Prashanti akhirnya angkat bicara mengenai penyebab RS tersebut menjadi klaster COVID-19. Direktur Utama, dr.","I Made Surya Agung, MARS, Jumat (26/6), mengakui, ada protokol kesehatan yang dilanggar sehingga terjadi penularan virus. Fatalnya, pelanggaran itu justru dilakukan oleh orang yang diharapkan ikut berperan dalam memutus mata rantai COVID-19.Dirut didampingi Kepala bidang pelayanan medis dan keperawatan dr.","Pada Hari Jumat , 26 Juni 2020 07:00, Tabanan, Tabanan, Bali

TABANAN, BALIPOST.com – Manajemen RS Wisma Prashanti akhirnya angkat bicara mengenai penyebab RS tersebut menjadi klaster COVID-19. Direktur Utama, dr. I Made Surya Agung, MARS, Jumat (26/6), mengakui, ada protokol kesehatan yang dilanggar sehingga terjadi penularan virus. Fatalnya, pelanggaran itu justru dilakukan oleh orang yang diharapkan ikut berperan dalam memutus mata rantai COVID-19.Dirut didampingi Kepala bidang pelayanan medis dan keperawatan dr. Ni Nyoman Astriningsih tegas menjamin protokol kesehatan di rumah sakit dilakukan dengan ketat bahkan berlapis. Sehingga masyarakat yang ingin berobat tidak perlu merasa khawatir ataupun cemas lagi.Bahkan untuk protokol kesehatan ini sudah dilakukan pasca mewabahnya COVID19, mulai dari screening di pintu masuk rumah sakit seperti pengecekan suhu tubuh dan cuci tangan, penataan ruangan front office diberi sekat untuk tidak bersentuhan langsung, dan petugas yang telah dilengkapi Alat Pelindung Diri (APD) mulai dari level 1 sampai dengan level 3 disesuaikan dengan beban tugas mereka masing-masing. “Kami juga ada Poli Screening. Di sini pasien yang baru masuk dan akan rawat inap dilakukan rapid test terlebih dahulu, jika hasilnya reaktif maka pasien bersangkutan akan dirujuk ke RS rujukan, yakni di RSUD Tabanan atau di UPTD RS Nyitdah, karena kami bukan rumah sakit rujukan,” terangnya.Meski demikian pihaknya juga telah menyediakan ruang isolasi dengan 7 tempat tidur, untuk mengantisipasi lonjakan pasien reaktif di Poli Screening. Tentunya lokasinya terpisah dengan ruang rawat inap pasien umum lengkap dengan petugas ber APD sesuai dengan level yang dibutuhkan.“Jujur saja penemuan kasus reaktif di rumah sakit kami sangat tinggi, karena kami menjalankan SOP dan protokol kesehatan yang ada. Jika ada yang reaktif kami langsung koordinasi dengan Gugus Tugas dan merujuk pasien tersebut ke RS rujukan COVID, jadi tidak sampai masuk ke areal dalam di ruangan rawat inap rumah sakit,” ujarnya.Dan yang perlu dipahami, lanjutnya, hasil reaktif pada rapid test belum tentu positif COVID-19 sebelum pasien dilakukan swab test  “Reaktif kebanyakan karena kasus infeksi,” terangnya.Dan terkait kasus yang sebelumnya terjadi akibat ada protokol yang dilanggar karena menggunakan power bargaining, manajemen Wisma Prashanti juga sudah berkoordinasi dengan GTPP COVID-19 Tabanan. Dalam pertemuan tersebut, Ketua Harian GTPP Tabanan yang juga selaku ketua Sekda Tabanan bahkan mengatakan tidak segan akan menurunkan Satpol PP jika ada lagi pihak-pihak yang melanggar SOP ataupun protokol kesehatan alias ‘memengkung’.Sementara itu ditambahkan oleh Kepala Bidang Pelayanan Medis dan Keperawatan dr. Ni Nyoman Astriningsih, menindaklanjuti kasus yang terjadi sebelumnya, pihaknya sudah langsung melakukan rapid test massal. Dari 200 tenaga kesehatan dan karyawan hasilnya nonreakltif. “Kami juga melakukan tracking pencarian kronologis, didapatkan 60 orang kontak erat terhadap pasien ini, dan sudah dilakukan swab, benar ditemukan 3 orang tenaga kesehatan terkonfirmasi positif. Karena tenaga medis memang memiliki risiko tinggi terpapar, namun mereka dalam kondisi stabil tanpa gejala. Ketiganya sudah diisolasi di RS rujukan dan hasil swab sudah kami terima semua negatif,” ucapnya.Dan dari pantauan di rumah sakit, sejumlah pasien pun mengaku tidak khawatir untuk tetap berobat ke RS Wisma Prashanti. Mereka meyakini, protokol kesehatan yang dilakukan pihak rumah sakit sudah sangat ketat.Terkait kewaspadaan terhadap penyebaran virus COVID-19, mereka sudah melakukan anjuran pemerintah dan pihak rumah sakit seperti cuci tangan dan menggunakan masker serta penerapan social distancing. (Puspawati/balipost)",BALIPOST.com,"Dajan Peken, 82114, Tabanan, Tabanan, Bali, Indonesia",-8.536609490935,115.13552944186335,5,"2, 7","kejaksaan, kejatibali, kejaritabanan, tabanan, news"
7 Tempat Wisata Keluarga di Tabanan Bali Mampir Kebun Bunga,2022-09-21T07:00:00.000Z,"Kabupaten Tabanan, Bali, Indonesia","7 Tempat Wisata Keluarga di Tabanan Bali, Mampir Kebun Bunga - travel.kompas.com","KOMPAS.com - Menghabiskan waktu liburan dengan mengunjungi tempat-tempat wisata di Tabanan bisa menjadi alternatif yang menarik, termasuk jika pergi bersama keluarga.
Jika pergi ke Bali naik pesawat, Kabupaten Tabanan tak begitu jauh dari Bandara I Gusti Ngurah Rai jika ditempuh menggunakan kendaraan. Jaraknya sekitar 30 kilometer, tergantung lokasi wisata yang dituju.","Untuk mencapainya hanya butuh waktu sekitar 1,5 jam.Baca juga: 28 Tempat Wisata Tabanan, Banyak Destinasi Liburan Keluarga
Sementara jika pergi naik mobil, misalnya berangkat dari Pulau Jawa kemudian menyebrang lewat Pelabuhan Ketapang ke Pelabuhan Gilimanuk, beberapa area di Tabanan juga relatif mudah diakses karena berada di kawasan Bali Barat.
Bagi kamu yang pergi liburan bersama keluarga, berikut beberapa pilihan tempat wisata keluarga di Tabanan Bali yang dapat dikunjungi.
Tempat wisata keluarga di Tabanan Bali
1. Tasta zoo
INSTAGRAM @tastazoo Tasta Zoo




Kebun binatang sering kali dijadikan destinasi edukasi seputar satwa, termasuk satwa-satwa liar dan langka yang mungkin tak pernah kita temui pada kehidupan sehari-hari.
Tasta Zoo adalah kebun binatang dan area konservasi yang berlokasi di Br Tegeh, Angseri, Kecamatan Baturiti, Tabanan.
Tak hanya berkeliling melihat koleksi satwanya, pengunjung juga bisa berinteraksi dengan sejumlah satwa, serta berfoto ria dengan latar patung-patung satwa dan Instagramable spot lainnya.
Baca juga: 25 Wisata Bali yang Populer dan Unik, Pas buat Libur Panjang 
Harga tiket masuk Tasta Zoo bagi wisatawan domestik adalah Rp 60.000 pada hari biasa dan Rp 70.000 pada akhir pekan.
Sementara bagi wisatawan mancanegara, harga tiket masuknya Rp 120.000 pada hari biasa dan Rp 200.000 pada akhir pekan.
Tasta Zoo buka pukul 09.00-17.00, dengan waktu check in terakhir pukul 16.30.

2.","Pada Hari Rabu , 21 September 2022 07:00, Tabanan, Tabanan, Bali

KOMPAS.com - Menghabiskan waktu liburan dengan mengunjungi tempat-tempat wisata di Tabanan bisa menjadi alternatif yang menarik, termasuk jika pergi bersama keluarga.
Jika pergi ke Bali naik pesawat, Kabupaten Tabanan tak begitu jauh dari Bandara I Gusti Ngurah Rai jika ditempuh menggunakan kendaraan. Jaraknya sekitar 30 kilometer, tergantung lokasi wisata yang dituju. Untuk mencapainya hanya butuh waktu sekitar 1,5 jam.Baca juga: 28 Tempat Wisata Tabanan, Banyak Destinasi Liburan Keluarga
Sementara jika pergi naik mobil, misalnya berangkat dari Pulau Jawa kemudian menyebrang lewat Pelabuhan Ketapang ke Pelabuhan Gilimanuk, beberapa area di Tabanan juga relatif mudah diakses karena berada di kawasan Bali Barat.
Bagi kamu yang pergi liburan bersama keluarga, berikut beberapa pilihan tempat wisata keluarga di Tabanan Bali yang dapat dikunjungi.
Tempat wisata keluarga di Tabanan Bali
1. Tasta zoo
INSTAGRAM @tastazoo Tasta Zoo




Kebun binatang sering kali dijadikan destinasi edukasi seputar satwa, termasuk satwa-satwa liar dan langka yang mungkin tak pernah kita temui pada kehidupan sehari-hari.
Tasta Zoo adalah kebun binatang dan area konservasi yang berlokasi di Br Tegeh, Angseri, Kecamatan Baturiti, Tabanan.
Tak hanya berkeliling melihat koleksi satwanya, pengunjung juga bisa berinteraksi dengan sejumlah satwa, serta berfoto ria dengan latar patung-patung satwa dan Instagramable spot lainnya.
Baca juga: 25 Wisata Bali yang Populer dan Unik, Pas buat Libur Panjang 
Harga tiket masuk Tasta Zoo bagi wisatawan domestik adalah Rp 60.000 pada hari biasa dan Rp 70.000 pada akhir pekan.
Sementara bagi wisatawan mancanegara, harga tiket masuknya Rp 120.000 pada hari biasa dan Rp 200.000 pada akhir pekan.
Tasta Zoo buka pukul 09.00-17.00, dengan waktu check in terakhir pukul 16.30.

2. Kebun Raya Bali
DOK KEBUN RAYA BALI Piknik di Kebun Raya Bali.
Jika mencari wisata alam, Tabanan memiliki banyak destinasi yang dapat dikunjungi.
Salah satu destinasi alam yang cocok dikunjungi bersama keluarga adalah Kebun Raya Bali.
Lokasinya ada di Jalan Kebun Raya, Candikuning, Kecamatan Baturiti, Kabupaten Tabanan, Bali.
Dikutip dari Kompas.com (01/09/2022), koleksi tanaman bisa kamu lihat dengan mengunjungi area seperti Taman Rhododendron, Taman Anggrek, Rumah Kaca Kaktus, Taman Aquatik, dan lainnya.
Baca juga: Seharian di Kebun Raya Bali, Bisa Apa Saja?
Tak hanya berkeliling melihat koleksi tanaman, pengunjung juga bisa santai di rerumputan sambil melihat pemandangan danau dan perbukitan di sekitar, atau bahkan menyewa spot piknik dan barbeque agar kebersamaan semakin terasa.
Jika lelah berjalan kaki untuk mengelilingi area kebun, kamu bisa memilih naik shuttle bus, sepeda, atau bahkan skuter.

3. Desa Coklat Bali
DOK DESA COKLAT BALI Desa Coklat Bali
Mengetahui proses pengolahan coklat, mulai dari penanaman, pengolahan di pabrik, hingga menyantapnya atau membawa pulang produk coklat menjadi aktivitas menarik yang bisa dijajal bersama keluarga.
Jika penasaran, kamu dan keluarga bisa mampir ke Desa Coklat Bali.
Lokasinya berada di Jalan Raya Marga-Apuan, Km 7, Desa Cau, Kabupaten Tabanan.
""Ini adalah agro-eduwisata, di mana kita juga belajar antara coklat dan Bali. Untuk coklatnya, kami mengenalkan tentang proses kakao menjadi coklat, baik dari proses awal -kami sebutnya bibit, sampai dikonsumsi,"" kata CEO CAU Chocolate Bali, Kadek Surya Prasetya Wiguna kepada Kompas.com, Jumat (26/08/2022).
Baca juga: 5 Aktivitas di Desa Coklat Bali, Seharian Jadi Petani Kakao
Setelah lelah berkeliling, pengunjung bisa santai di restorannya dan mencicipi berbagai menu, termasuk menu berbahan dasar coklat.
Beberapa menu berbahan dasar coklat yang jadi favorit antara lain Raw Cacao Ice Cream, Fruity Cacao Pizza, dan beragam menu minuman coklat.
4. The Blooms Garden
SITUS THE BLOOMS GARDEN The Blooms Garden merupakan salah satu tempat wisata dekat Kebun Raya Bali, Tabanan.Mampir ke taman rekreasi seluas 4,5 hektar, yakni The Blooms Garden, juga bisa dimasukkan ke dalam daftar wisata keluarga di Tabanan yang menarik untuk dikunjungi.
Dikutip dari Kompas.com (04/09/2022), destinasi ini memiliki beberapa area taman bunga yang menonjolkan ciri khas masing-masing. Taman-taman tersebut di antaranya Taman Belanda, Taman Cinta, Taman Dewi Danu, Taman Oval, dan lainnya.
Baca juga: 5 Tempat Wisata Dekat Kebun Raya Bali
Di Taman Belanda, misalnya, penunjung bisa menemukan ornamen dua kincir yang merupakan ikon negara Belanda. Selain mengeksplorasi taman bunga, ada pula aktivitas lain seperti naik ATV, main di playground anak, kulineran di restoran, dan lainnya.
The Blooms Garden berlokasi di Desa Batusea, Kecamatan Baturiti, Tabanan.
Harga tiket masuknya Rp 30.000 untuk dewasa dan Rp 15.000 untuk anak usia 5-12 tahun.
5. Taman Kupu-kupu
SHUTTERSTOCK/GALINA SAVINA Taman Kupu-kupu Bali
Destinasi wisata keluarga di Tabanan lainnya adalah Taman Kupu-kupu, yang berlokasi di Jalan Batukaru, Desa Sesandan, Kecamatan Penebel, Tabanan.
Dikutip dari Kompas.com, (20/09/2022), meski dinamai ""kupu-kupu"", namun destinasi yang berdiri sejak 1996 silam ini tak hanya menghadirkan beragam jenis kupu-kupu. Dikutip dari Tribun Bali, Taman Kupu-kupu turut menghadirkan serangga lain, seperti belalang kayu, kumbang tanduk, hingga tarantula.
Baca juga: 10 Rute Penerbangan Domestik Tersibuk di Dunia, Ada Jakarta-Bali
Untuk menuju ke destinasi ini, pengunjung perlu menempuh perjalanan sekitar 1,5 jam dari bandara atau 40 kilometer.

6. Sila's Agrotourism
SITUS THE SILA'S ARGOTOURISM Area bermain anak di The SILA's Agrotourism, salah satu tempat wisata dekat Kebun Raya Bali.
Sila's Arotourism adalah destinasi lainnya di Tabanan yang dapat dikunjungi bersama keluarga.
Selain memyediakan area rekreasi, tempat ini juga menjadi tempat pendidikan, sekaligus program pelatihan Sumber Daya Manusia (SDM) yang berdiri di atas lahan seluas 10 hektar.
Dikutip dari Kompas.com, beberapa aktivitas luar ruang yang bisa dijajal antara lain berkemah, outbound, flying fox, ATV, mini trail, berkuda, paintball, trekking, bersepeda, dan lainnya.
Baca juga: 6 Tempat Melihat Sunset di Bali, Ada yang Terbaik di Dunia
Jika sekadar ingin bersantai sambil menikmati udara sejuk dan panorama danau serta perbukitan yang menakjubkan, kamu juga bisa duduk di coffee shop yang tersedia sambil memesan menu yang ada di sana.
Untuk tamu yang ingin bermalam bisa coba menginap di Hobbiton dengan harga mulai dari Rp 200.000 per orang per malam, sudah termasuk tempat tidur, sleeping bag, perlengkapan mandi, sarapan, serta perapian.
7. Pantai Pasut
SITUS PEMERINTAH KABUPATEN TABANAN Pantai Pasut di Kabupaten Tabanan, Bali.
Liburan ke Bali, rasanya kurang sah jika tidak mampir ke pantai. 
Tabanan memiliki beberapa pantai yang bisa dikunjungi, dengan karakteristik dan keunikannya masing-masing.
Salah satu pantai populer di Tabanan adalah Tanah Lot atau Pura Tanah Lot, kemudian ada pula Pantai Kedungu, Pantai Soan Galuh, Pantai Kelecung, Pantai Kelating, dan lainnya.
Baca juga: 9 Wisata Pantai di Tabanan Bali, Tak Cuma Tanah Lot
Jika mencari pantai yang dapat dijadikan tempat wisata keluarga, Pantai Pasut bisa jadi pilihan.
Ombak di pantai ini relatif tidak tinggi, sehingga cukup aman untuk dijadikan tempat berenang atau snorkeling.
Selain untuk berenang atau snorkeling, pengunjung pantai berpasir hitam lembut ini bisa bersantai sambil berjemur, bermain pasir, berolahraga, atau berburu foto.
Lokasi Pantai Pasut ada di Jalan Raya Pasut, Desa Tibubiu, Kecamatan Kerambitan, Kabupaten Tabanan.



    
        Bayangkan seorang anak Indonesia bercita-cita menjadi dokter tetapi hanya memiliki satu buku lusuh untuk belajar. Bersama Ekspedisi Kata ke Nyata Kompas.com, Anda bisa membantu mengubah kisah itu. Mari hadirkan akses literasi bagi anak-anak di berbagai pelosok Indonesia melalui donasi lewat tautan https://bit.ly/JagatLiterasi2026. Setiap kebaikan yang Anda berikan bukan hanya membuka jendela pengetahuan, tetapi juga membuka masa depan mereka.",travel.kompas.com,"Dajan Peken, 82114, Tabanan, Tabanan, Bali, Indonesia",-8.536609490935,115.13552944186335,5,"2, 7","kejaksaan, kejatibali, kejaritabanan, tabanan, news"
Unearth the Secret Behind Balis Famous Jatiluwih Rice Terraces,2020-12-13T08:00:00.000Z,"Kabupaten Tabanan, Bali, Indonesia",Unearth the Secret Behind Bali’s Famous Jatiluwih Rice Terraces - Kompas.com,"KOMPAS.com – The Jatiluwih rice terraces in Bali is part of a village in Tabanan Regency that attracts tourists in search of a wondrous natural scene and we’re here to serve as your travel guide.
“There are excellent views of nature and visitors get the chance to see local farmers doing their daily activities such as cultivating rice as well as a waterfall scene,” said I Nyoman Nuarta, Chairman of the Indonesian Tour Guide Association.
When we say that this nature destination in Bali is famous, we mean it.Former US President Barack Obama and his family visited the village and the scenery of the Jatiluwih rice terraces have landed on Google Doodle on June 29, 2020.
Read also: Top 3 Unrivalled Diving Spots in Bali to Go for Vacation
To preserve the breathtaking magic of the area, locals are meticulous about maintaining the traditional irrigation system of Balinese rice paddy fields which incorporates Hindu values such as striking a balance between God, man, and nature.
In fact, the Subak Desa Jatiluwih is a cultural world heritage site awarded by UNESCO in 2012.
‘Subak’ is the island’s tradition of continuing its rice field irrigation system from one generation to the next.
The meaning is reflected in the rice terraces that have made it onto the Instagram feeds of travelers who have visited the site.
You would be wrong to assume that all there is to do at this famous Balinese nature destination is to see rows of green and our Jatiluwih rice terraces travel guide will show you the many activities to do here.
Learn how to farm
For travelers who are keen to find out the hard work or secrets behind this award-winning Bali tourist destination, get ready to get your hands dirty.
Read also: Experience the Best of Bali Culture with This Full-Day Ubud Itinerary
The area of Tabanan is part of an agrotourism concept, thus visitors have the opportunity to learn about farming, Subak, and other activities including rice cultivation.
Explore the village
Travelers can rent a bike from one of the locals and ride off into the winding roads of the village as you take in the fresh clean air and epic views.
There are some trekking locations that you also explore, and when you get hungry, you can buy a snack from one of the available food stalls.
SHUTTERSTOCK/WILLIAM VACCARO Buy red rice
Our travel guide to the Jatiluwih rice terraces encompasses buying red rice that is not only distinct to the area but was part of the reason UNESCO awarded Subak Jatiluwih with the accolade.
This Tabanan village is one of the main producers of red rice, where farmers veer away from the use of pesticides hence giving a unique color, smell, and taste of the healthy grain.
Visit an ancient temple
Indonesia’s Island of Gods is all too famous for its ancient temples and Tabanan Regency is no exception with its Luhur Sri Rambut Sedana Temple.
This historic monument on the slopes of Mount Batukaru is believed to bless visitors with fortune, wealth, and fertility. It is unknown when this longstanding temple was built because it is that ancient.
Read also: Bali's Award-Winning Penglipuran Village Reopens; Hopes up for Economic Recovery
Situated 700 meters above the surface, you will be greeted by a nice gentle breeze when visiting this ancient Balinese temple that is also surrounded by farms owned by the locals.
Discover a hidden waterfall
Part of our Jatiluwih rice terraces travel guide includes uncovering the hidden waterfall in Bali, namely the Yeh Hoo Waterfall.
Reaching the destination is not difficult although you are required to climb up a staircase which already offers you gorgeous views of Mother Nature.
Read also: Nature Attractions are New Favorites for Indonesia’s Tourism Post-Pandemic
As soon as your foot lands on the last stair, you can already see the strong current of this natural wonder.
This hidden waterfall in Bali is 8 meters tall and features a serene landscape that will make you want to stick around.
The final tip on our Jatiluwih rice terraces travel guide is that you be prepared to adhere to existing health protocols such as wearing a face mask and regularly disinfecting your hands during the ongoing pandemic.
(Writer: Nabilla Ramadhian | Editor: Kahfi Dirga Cahya)


  

Source: https://travel.kompas.com/read/2020/09/11/181000327/wisata-desa-jatiluwih-bali-air-terjun-tersembunyi-hingga-warisan-budaya-dunia?page=all#page2.",,"Pada Hari Minggu , 13 Desember 2020 08:00, Tabanan, Tabanan, Bali

KOMPAS.com – The Jatiluwih rice terraces in Bali is part of a village in Tabanan Regency that attracts tourists in search of a wondrous natural scene and we’re here to serve as your travel guide.
“There are excellent views of nature and visitors get the chance to see local farmers doing their daily activities such as cultivating rice as well as a waterfall scene,” said I Nyoman Nuarta, Chairman of the Indonesian Tour Guide Association.
When we say that this nature destination in Bali is famous, we mean it.Former US President Barack Obama and his family visited the village and the scenery of the Jatiluwih rice terraces have landed on Google Doodle on June 29, 2020.
Read also: Top 3 Unrivalled Diving Spots in Bali to Go for Vacation
To preserve the breathtaking magic of the area, locals are meticulous about maintaining the traditional irrigation system of Balinese rice paddy fields which incorporates Hindu values such as striking a balance between God, man, and nature.
In fact, the Subak Desa Jatiluwih is a cultural world heritage site awarded by UNESCO in 2012.
‘Subak’ is the island’s tradition of continuing its rice field irrigation system from one generation to the next.
The meaning is reflected in the rice terraces that have made it onto the Instagram feeds of travelers who have visited the site.
You would be wrong to assume that all there is to do at this famous Balinese nature destination is to see rows of green and our Jatiluwih rice terraces travel guide will show you the many activities to do here.
Learn how to farm
For travelers who are keen to find out the hard work or secrets behind this award-winning Bali tourist destination, get ready to get your hands dirty.
Read also: Experience the Best of Bali Culture with This Full-Day Ubud Itinerary
The area of Tabanan is part of an agrotourism concept, thus visitors have the opportunity to learn about farming, Subak, and other activities including rice cultivation.
Explore the village
Travelers can rent a bike from one of the locals and ride off into the winding roads of the village as you take in the fresh clean air and epic views.
There are some trekking locations that you also explore, and when you get hungry, you can buy a snack from one of the available food stalls.
SHUTTERSTOCK/WILLIAM VACCARO Buy red rice
Our travel guide to the Jatiluwih rice terraces encompasses buying red rice that is not only distinct to the area but was part of the reason UNESCO awarded Subak Jatiluwih with the accolade.
This Tabanan village is one of the main producers of red rice, where farmers veer away from the use of pesticides hence giving a unique color, smell, and taste of the healthy grain.
Visit an ancient temple
Indonesia’s Island of Gods is all too famous for its ancient temples and Tabanan Regency is no exception with its Luhur Sri Rambut Sedana Temple.
This historic monument on the slopes of Mount Batukaru is believed to bless visitors with fortune, wealth, and fertility. It is unknown when this longstanding temple was built because it is that ancient.
Read also: Bali's Award-Winning Penglipuran Village Reopens; Hopes up for Economic Recovery
Situated 700 meters above the surface, you will be greeted by a nice gentle breeze when visiting this ancient Balinese temple that is also surrounded by farms owned by the locals.
Discover a hidden waterfall
Part of our Jatiluwih rice terraces travel guide includes uncovering the hidden waterfall in Bali, namely the Yeh Hoo Waterfall.
Reaching the destination is not difficult although you are required to climb up a staircase which already offers you gorgeous views of Mother Nature.
Read also: Nature Attractions are New Favorites for Indonesia’s Tourism Post-Pandemic
As soon as your foot lands on the last stair, you can already see the strong current of this natural wonder.
This hidden waterfall in Bali is 8 meters tall and features a serene landscape that will make you want to stick around.
The final tip on our Jatiluwih rice terraces travel guide is that you be prepared to adhere to existing health protocols such as wearing a face mask and regularly disinfecting your hands during the ongoing pandemic.
(Writer: Nabilla Ramadhian | Editor: Kahfi Dirga Cahya)


  

Source: https://travel.kompas.com/read/2020/09/11/181000327/wisata-desa-jatiluwih-bali-air-terjun-tersembunyi-hingga-warisan-budaya-dunia?page=all#page2",Kompas.com,"Dajan Peken, 82114, Tabanan, Tabanan, Bali, Indonesia",-8.536609490935,115.13552944186335,5,"2, 7","kejaksaan, kejatibali, kejaritabanan, tabanan, news"
Awasi Peredaran Truk Pengangkut Penjual LPG 3 Kg Ditempeli Stiker,2018-05-06T07:00:00.000Z,"Kabupaten Tabanan, Bali, Indonesia","Awasi Peredaran, Truk Pengangkut Penjual LPG 3 Kg Ditempeli Stiker - BALIPOST.com","Untuk mengawasi penjualan LPG 3 Kg, Pertamina menerapkan peraturan baru dimana truk pengangkut harus ditempeli stiker yang berisi identitas nama Agen dan nomor barcode. (BP/san)TABANAN, BALIPOST.com – Kebutuhan masyarakat yang masih tinggi akan LPG ukuran 3 kilogram membuat peredaran tabung gas berwarna hijau ini diawasi ketat agar tidak disalahgunakan.","Tabanan sendiri tahun ini kouta tabung LPG 3 kg nya mengalami peningkatan sebanyak dua persen. Untuk mengawasi agar kouta ini tidak keluar dari wilayah Tabanan atau dijual ke daerah lain, pihak Pertamina saat ini mengharuskan seluruh agen untuk menempelkan stiker identitas pada truk pengangkut dari pangkalannya.Bagi truk pengangkut yang tidak ditempeli stiker akan diberikan sanksi oleh Pertamina.","Pada Hari Minggu , 6 Mei 2018 07:00, Tabanan, Tabanan, Bali

Untuk mengawasi penjualan LPG 3 Kg, Pertamina menerapkan peraturan baru dimana truk pengangkut harus ditempeli stiker yang berisi identitas nama Agen dan nomor barcode. (BP/san)TABANAN, BALIPOST.com – Kebutuhan masyarakat yang masih tinggi akan LPG ukuran 3 kilogram membuat peredaran tabung gas berwarna hijau ini diawasi ketat agar tidak disalahgunakan. Tabanan sendiri tahun ini kouta tabung LPG 3 kg nya mengalami peningkatan sebanyak dua persen. Untuk mengawasi agar kouta ini tidak keluar dari wilayah Tabanan atau dijual ke daerah lain, pihak Pertamina saat ini mengharuskan seluruh agen untuk menempelkan stiker identitas pada truk pengangkut dari pangkalannya.Bagi truk pengangkut yang tidak ditempeli stiker akan diberikan sanksi oleh Pertamina. Kepala Pelaksana Tim Pengendali Inflasi Daerah (TPID) Tabanan, I Gusti Putu Ekayana, Minggu (6/5) mengatakan mulai tahun 2018 ini kouta LPG 3 kg di Tabanan naik dua persen atau menjadi 18.426 tabung. Ia juga menambahkan harga LPG yang dibeli oleh agen ke Pertamina mengalami kenaikan Rp 250 yaitu dari Rp 13.300 menjadi 13.550.Kenaikan harga pembelian LPG 3 kg di tingkat agen ini menurut Ekayana tidak mempengaruhi harga jual di Agen yaitu tetap sesuai HET (Harga Eceran Tertinggi) yaitu Rp 14.500.Hal terbaru yang juga diterapkan tahun 2018 dalam hal pengawasan distribusi LPG 3 kg lanjut Ekayana adalah penempelan stiker pada truk pengakut LPG 3 kilogram. Dijelaskan Ekayana setiap agen memiliki pangkalan masing-masing. Setiap pangkalan ini memiliki truk pengangkut. Pada truk pengangkut inilah harus ditempeli stiker yang tertera nama agen resmi penyalur tabung 3 kilogram. Jika pada truk tidak terpasang stiker, hal ini dianggap tidak resmi dan agen yang melakukan keteledoran kata Ekayana akan mendapatkan sanksi dari Pertamina. ‘’Sanksinya berupa sanksi admin dari Pertamina,’’ papar Ekayana.Adanya stiker ini menurutnya adalah sebagai cara agar distribusi LPG 3 kilogram tidak keluar ke daerah lain. Sebab, menurut Ekayana setiap daerah memiliki kouta masing-masing dan sudah diperhitungkan sesuai kebutuhan masyarakatnya. Jika ada kouta yang keluar tentu kebutuhan LPG 3 kilogram di suatu daerah akan menjadi terganggu dan menimbulkan kelangkaan. Karenanya dengan adanya stiker, masyarakat bisa tahu darimana LPG 3 kilogram tersebut berasal sehingga bisa dilaporkan jika menjualnya diluar daerah yang tidak sesuai dengan  informasi di stiker yang tercantum.‘’Misalkan tertulis agen yang beralamatkan di Tabanan, tetapi truknya menurunkan LPG 3 kilogram di Singaraja. Ini bisa dilaporkan dan mendapatkan sanksi,’’ jelas Ekayana.Untuk saat ini menjelang Galungan dan Kuningan menurut Ekayana tidak ada kelangkaan stok LPG 3 kilogram. Meski diakuinya harga ditingkat pengecer masih di atas HET atau berkisar antara Rp 18.000 hingga Rp 20.000. ‘’Harga di pengecer memang belum bisa sesuai harga HET karena perdagang memperhitungkan biaya tranpostrasi dan lainnya. Tetapi jika masyarakat ingin membeli LPG 3 kg sesuai harga HET bisa langsung membeli ke pangkalan atau agen atau SPBU yang juga menjual tabung gas,’’ ujarnya. (wira sanjiwani/balipost)",BALIPOST.com,"Dajan Peken, 82114, Tabanan, Tabanan, Bali, Indonesia",-8.536609490935,115.13552944186335,5,"2, 7","kejaksaan, kejatibali, kejaritabanan, tabanan, news"
Kasus DID Tabanan KPK Panggil Eks Wakil Ketua DPRD,2022-02-04T08:00:00.000Z,"Kabupaten Tabanan, Bali, Indonesia","Kasus DID Tabanan, KPK Panggil Eks Wakil Ketua DPRD - Kompas.com","JAKARTA, KOMPAS.com - Penyidik Komisi Pemberantasan Korupsi (KPK) menjadwalkan pemeriksaan terhadap mantan Wakil Ketua DPRD Kabupaten Tabanan periode 2017-2019, I Made Meliani pada Jumat (3/2/2022).
I Made Meliani akan diperiksa sebagai saksi terkait kasus dugaan korupsi pemberian dan penerimaan hadiah atau janji pengurusan dana insentif daerah (DID) Kabupaten Tabanan, Bali, tahun anggaran 2018.""Pemeriksaan akan dilakukan Kantor Perwakilan BPKP Provinsi Bali, Jl Tantular Nomor 3054, Panjer, Denpasar Selatan, Kota Denpasar,"" ujar Pelaksana Tugas Juru Bicara KPK Ali Fikri, melalui keterangan tertulis, Jumat.
Selain eks Wakil Ketua DPRD Tabanan, KPK juga mengagendakan pemeriksaan terhadap Ketua Komisi I DPRD Tabanan tahun 2016 I Putu Eka Putra Cahyadi; Kepala Badan Keuangan Daerah Tabanan tahun 2016-2017 I Made Sukada dan Kepala Bagian Umum Setda Kabupaten Tabanan tahun 2017 I Made Sumerta Yasa.
Baca juga: Kasus DID Tabanan, KPK Panggil 4 Manajer Hotel di Jakarta sebagai Saksi
Kemudian, Kepala Badan Perencanaan Penelitian dan Pengembangan (Bappelitbang) Tabanan Ida Bagus Wiratmaja; Kasubid Kasda Pemkab Tabanan Ni Made Wasasih; eks plh Sekda Pemkab Karangasem I Made Sujana Erawan; eks Kadis PU I Made Yudiana dan Kepala Dinas Perpustakaan dan Arsip Dewa Ayu Budiarti.




Selain itu, ajudan Bupati Tabanan I Ketut Suwita; Direktur PT Dayu I Made Purniarta; Direktris CV Panugrah Ni Made Maharini; Direktris CV Kerang Mutiara Utama I Nyoman Ely Krisnawati dan Direktur CV Nitra Sakti I Nyoman Yupi Astika turut diperiksa sebagai saksi.Hingga kini, ujar Ali, tim penyidik masih terus mengumpulkan dan melengkapi bukti-bukti terkait dugaan korupsi dana insentif daerah Kabupaten Tabanan.
Ia mengatakan, KPK akan menjelaskan konstruksi perkara dan siapa saja pihak-pihak yang akan ditetapakan sebagai tersangka pada saat penyelidikan tersebut dinilai cukup.
""Kami pastikan setelah penyidikan cukup, kami akan sampaikan kontruksi utuh perkara dan pihak-pihak yang ditetapkan sebagai tersangka,"" kata Ali.
Baca juga: KPK Telusuri Aktivitas Pihak-pihak yang Terkait Pengurusan DID Tabanan
Dalam kasus ini, KPK telah melakukan penggeledahan di sejumlah tempat di Kabupaten Tabanan, Bali, pada Rabu (27/10/2021).
Lokasi yang digeledah antara lain Kantor Dinas PUPR, Kantor Bapelitbang, Kantor Badan Keuangan Daerah Tabanan, Kantor DPRD, serta rumah kediaman pihak yang terkait dengan perkara tersebut.




  

    
        Bayangkan seorang anak Indonesia bercita-cita menjadi dokter tetapi hanya memiliki satu buku lusuh untuk belajar. Bersama Ekspedisi Kata ke Nyata Kompas.com, Anda bisa membantu mengubah kisah itu.","Mari hadirkan akses literasi bagi anak-anak di berbagai pelosok Indonesia melalui donasi lewat tautan https://bit.ly/JagatLiterasi2026. Setiap kebaikan yang Anda berikan bukan hanya membuka jendela pengetahuan, tetapi juga membuka masa depan mereka.","Pada Hari Jumat , 4 Februari 2022 08:00, Tabanan, Tabanan, Bali

JAKARTA, KOMPAS.com - Penyidik Komisi Pemberantasan Korupsi (KPK) menjadwalkan pemeriksaan terhadap mantan Wakil Ketua DPRD Kabupaten Tabanan periode 2017-2019, I Made Meliani pada Jumat (3/2/2022).
I Made Meliani akan diperiksa sebagai saksi terkait kasus dugaan korupsi pemberian dan penerimaan hadiah atau janji pengurusan dana insentif daerah (DID) Kabupaten Tabanan, Bali, tahun anggaran 2018.""Pemeriksaan akan dilakukan Kantor Perwakilan BPKP Provinsi Bali, Jl Tantular Nomor 3054, Panjer, Denpasar Selatan, Kota Denpasar,"" ujar Pelaksana Tugas Juru Bicara KPK Ali Fikri, melalui keterangan tertulis, Jumat.
Selain eks Wakil Ketua DPRD Tabanan, KPK juga mengagendakan pemeriksaan terhadap Ketua Komisi I DPRD Tabanan tahun 2016 I Putu Eka Putra Cahyadi; Kepala Badan Keuangan Daerah Tabanan tahun 2016-2017 I Made Sukada dan Kepala Bagian Umum Setda Kabupaten Tabanan tahun 2017 I Made Sumerta Yasa.
Baca juga: Kasus DID Tabanan, KPK Panggil 4 Manajer Hotel di Jakarta sebagai Saksi
Kemudian, Kepala Badan Perencanaan Penelitian dan Pengembangan (Bappelitbang) Tabanan Ida Bagus Wiratmaja; Kasubid Kasda Pemkab Tabanan Ni Made Wasasih; eks plh Sekda Pemkab Karangasem I Made Sujana Erawan; eks Kadis PU I Made Yudiana dan Kepala Dinas Perpustakaan dan Arsip Dewa Ayu Budiarti.




Selain itu, ajudan Bupati Tabanan I Ketut Suwita; Direktur PT Dayu I Made Purniarta; Direktris CV Panugrah Ni Made Maharini; Direktris CV Kerang Mutiara Utama I Nyoman Ely Krisnawati dan Direktur CV Nitra Sakti I Nyoman Yupi Astika turut diperiksa sebagai saksi.Hingga kini, ujar Ali, tim penyidik masih terus mengumpulkan dan melengkapi bukti-bukti terkait dugaan korupsi dana insentif daerah Kabupaten Tabanan.
Ia mengatakan, KPK akan menjelaskan konstruksi perkara dan siapa saja pihak-pihak yang akan ditetapakan sebagai tersangka pada saat penyelidikan tersebut dinilai cukup.
""Kami pastikan setelah penyidikan cukup, kami akan sampaikan kontruksi utuh perkara dan pihak-pihak yang ditetapkan sebagai tersangka,"" kata Ali.
Baca juga: KPK Telusuri Aktivitas Pihak-pihak yang Terkait Pengurusan DID Tabanan
Dalam kasus ini, KPK telah melakukan penggeledahan di sejumlah tempat di Kabupaten Tabanan, Bali, pada Rabu (27/10/2021).
Lokasi yang digeledah antara lain Kantor Dinas PUPR, Kantor Bapelitbang, Kantor Badan Keuangan Daerah Tabanan, Kantor DPRD, serta rumah kediaman pihak yang terkait dengan perkara tersebut.




  

    
        Bayangkan seorang anak Indonesia bercita-cita menjadi dokter tetapi hanya memiliki satu buku lusuh untuk belajar. Bersama Ekspedisi Kata ke Nyata Kompas.com, Anda bisa membantu mengubah kisah itu. Mari hadirkan akses literasi bagi anak-anak di berbagai pelosok Indonesia melalui donasi lewat tautan https://bit.ly/JagatLiterasi2026. Setiap kebaikan yang Anda berikan bukan hanya membuka jendela pengetahuan, tetapi juga membuka masa depan mereka.    
                    Batas akses KARIN
                    
                        Kamu sudah mencapai batas akses KARIN.
                        Gabung membership Kompas.com+ MAX untuk bertanya lebih banyak dan memahami berita dengan lebih leluasa.
                    
                
            
                    
                    
                    Tidak akurat
                
                
                    
                    
                    Tidak relevan
                
                
                    
                    
                    Menyinggung
                
                
                    
                    
                    Terlalu lama
                
                
                    
                    
                    Isu privasi
                
                
                    
                    
                    Lainnya
                
            
            
                    Khusus Member
                    
                        Akses Tanya Langsung Tersedia untuk Member
                        Gabung membership Kompas.com+ MAX untuk bertanya lebih banyak dan memahami berita dengan lebih leluasa.",Kompas.com,"Dajan Peken, 82114, Tabanan, Tabanan, Bali, Indonesia",-8.536609490935,115.13552944186335,5,"2, 7","kejaksaan, kejatibali, kejaritabanan, tabanan, news"
Suka Duka Sekaa di Jembrana Pelihara Instrumen Jegog,2018-04-14T07:00:00.000Z,"Kabupaten Tabanan, Bali, Indonesia",Suka Duka Sekaa di Jembrana Pelihara Instrumen Jegog - BALIPOST.com,"Sekeha memainkan instrumen Jegog. (BP/dok)NEGARA, BALIPOST.com – Kesenian Jegog yang identik dengan Kabupaten Jembrana disamping memiliki suara gamelan yang khas, perawatannya juga tergolong ekstra dan mahal.","Dalam merawat gamelan Jegog ini, diperlukan tempat dan perlakuan khusus.Sebab dibandingkan gong atau gamelan lainnya, alat musik jegog lebih rentan rusak karena faktor cuaca ataupun tempat penyimpanan yang tak layak. Satu saja bambu yang rusak/pecah diperlukan biaya yang tidak sedikit.Minimal Rp 350 ribu per satu bilah bambu.","Pada Hari Sabtu , 14 April 2018 07:00, Tabanan, Tabanan, Bali

Sekeha memainkan instrumen Jegog. (BP/dok)NEGARA, BALIPOST.com – Kesenian Jegog yang identik dengan Kabupaten Jembrana disamping memiliki suara gamelan yang khas, perawatannya juga tergolong ekstra dan mahal. Dalam merawat gamelan Jegog ini, diperlukan tempat dan perlakuan khusus.Sebab dibandingkan gong atau gamelan lainnya, alat musik jegog lebih rentan rusak karena faktor cuaca ataupun tempat penyimpanan yang tak layak. Satu saja bambu yang rusak/pecah diperlukan biaya yang tidak sedikit.Minimal Rp 350 ribu per satu bilah bambu. Bahan bambu yang digunakan pun jarang ditemukan di Jembrana lagi.Untuk mendapatkan bambu petung (bagian paling belakang) yang berdiameter besar itu, para perajin harus mencari di luar Jembrana, seperti Tabanan dan Karangasem. “Sekarang hampir tidak ada (bambu petung), harus memesan di Tabanan atau Gianyar,” ujar Oka, pemain Jegog asal Kelurahan Sangkaragung.Sehingga ketika gamelan bambu itu pecah, maka akan kesulitan dan biayanya cukup besar. Apalagi, saat pementasan Jegog dilakukan mebarung (adu suara) antar-sekaa, peluang pecahnya bambu cukup besar.Sehingga sekaa harus menyiapkan cadangan gamelan ketika bambu pecah. Begitu halnya dengan bambu lainnya yang lebih kecil seperti bambu jajang atau santong (lebih kecil) untuk suwir, kantil dan barangan masih bisa diperoleh.I Ketut Dernen, seniman penyetel gamelan Jegog asal Pancardawa, Kelurahan Pendem  beberapa waktu lalu mengatakan gamelan Jegog memiliki keistimewaan sehingga perawatannya pun harus ekstra. Bambu yang digunakan pun juga harus yang terpilih.Selain perangkat yang besar, nada suara lazimnya berubah saat berganti cuaca atau iklim. Misalnya, ketika alat musik bambu itu dibawa ke daerah dataran tinggi yang dingin, ketika ditabuh suaranya pasti berubah.Dernen berharap kendatipun instrumen musik ini cukup boros tempat, bisa disetarakan dengan alat musik lainnya. Pascabom Bali tahun 2000 lalu, banyak sekaha di Jembrana yang terpuruk karena minimnya pentas ke luar daerah dan minim pembiayaan. Sedangkan pentas-pentas di dalam Jembrana, bayaran tak sebanding dengan biaya yang dikeluarkan. Padahal perawatan untuk alat musik ini cukup tinggi.Seringkali, biaya untuk transportasi alat, penabuh serta perawatan gambelan lebih besar dari bayaran yang diterima. Untuk membuat seperangkat alat musik Jegog minimal dibutuhkan dana hingga Rp 50 juta.Pria kelahiran tahun 1956 ini selain menabuh juga dikenal kemampuannya dalam menyelaraskan nada gamelan Jegog. Tidak semua seniman memiliki kemampuan menyetel alat musik dari bambu ini.Bahkan Dernen mampu menyetel nada Jegog utuh dalam satu oktaf (do-re-mi-fa-sol-la-si-do). “Sekarang saya lebih banyak kerja kalau dipanggil, ada yang memanggil saya kerjakan disana. Bayaran tidak menarget, yang penting (gamelan) jadi dan senang sudah jadi,” kata pria berpenampilan sederhana ini.Keahlian seniman yang mengantongi penghargaan Satya Laksana Dharma Kusuma tahun 2013 ini, diperolehnya dari orang tua dan para seniman pembuat Jegog pendahulunya. Sisa bambu Jegog yang sudah rusak atau pecah biasanya tidak lagi dipergunakan dan dibuang.Namun di tangan orang-orang kreatif, limbah bambu Jegog itu dimanfaatkan lagi untuk hal lainnya. Seperti yang dilakukan sejumlah siswa dan guru SMAN 2 Negara.Bambu bekas gamelan Jegog yang menumpuk dan tidak bisa digunakan lagi, dimanfaatkan kembali. Seperti untuk pot tanaman misalnya.Kepala SMAN 2 Negara, I Wayan Sudiarta mengatakan sekolah sengaja memanfaatkan bambu gamelan Jegog sekolah yang rusak itu agar berguna kembali. “Dari pada tidak digunakan dan menumpuk, kami manfaatkan untuk pot tanaman untuk di sekitar sekolah,” terangnya.SMAN 2 Negara merupakan salah satu SMA yang memiliki gamelan Jegog ini dan sering tampil dengan penabuh para siswa. Selain pot bunga, bambu yang diantaranya berdiameter besar ini juga bisa dimanfaatkan untuk kerajinan lainnya seperti asbak atau tempat pensil. (Surya Dharma/balipost)",BALIPOST.com,"Dajan Peken, 82114, Tabanan, Tabanan, Bali, Indonesia",-8.536609490935,115.13552944186335,5,"2, 7","kejaksaan, kejatibali, kejaritabanan, tabanan, news"
Diawali Suara Gemuruh Keras Gedung LPBJ Tabanan Ambrol,2021-11-21T08:00:00.000Z,"Kabupaten Tabanan, Bali, Indonesia","Diawali Suara Gemuruh Keras, Gedung LPBJ Tabanan Ambrol - BALIPOST.com","Gedung LPBJ Tabanan ambrol saat hujan mengguyur, Minggu (21/11). (BP/bit)TABANAN, BALIPOST.com – Hujan yang mengguyur wilayah Kabupaten Tabanan pada Minggu (21/11) mengakibatkan satu gedung di areal kantor Bupati Tabanan ambrol.","Gedung yang dimanfaatkan untuk layanan pengadaan barang dan jasa (LPBJ) Kabupaten Tabanan tersebut rusak parah.Kejadian ambruknya gedung LPBJ pertama kali diketahui salah seorang petugas keamanan, Putu Dedik Ardana Putra. Saat itu, ia tengah bertugas berjaga di gedung ruang rapat lantai bawah kantor Bupati Tabanan atau sebelah barat gedung LPBJ.Sekitar pukul 11.30 WITA, terdengar suara gemuruh keras.","Pada Hari Minggu , 21 November 2021 08:00, Tabanan, Tabanan, Bali

Gedung LPBJ Tabanan ambrol saat hujan mengguyur, Minggu (21/11). (BP/bit)TABANAN, BALIPOST.com – Hujan yang mengguyur wilayah Kabupaten Tabanan pada Minggu (21/11) mengakibatkan satu gedung di areal kantor Bupati Tabanan ambrol. Gedung yang dimanfaatkan untuk layanan pengadaan barang dan jasa (LPBJ) Kabupaten Tabanan tersebut rusak parah.Kejadian ambruknya gedung LPBJ pertama kali diketahui salah seorang petugas keamanan, Putu Dedik Ardana Putra. Saat itu, ia tengah bertugas berjaga di gedung ruang rapat lantai bawah kantor Bupati Tabanan atau sebelah barat gedung LPBJ.Sekitar pukul 11.30 WITA, terdengar suara gemuruh keras. “Sempat dengar suara keras, saat dicek ternyata atap gedung LPBJ sudah ambruk, langsung saya kirim video ke WA grup,” terangnya.Kepala BPBD Tabanan, I Nyoman Srinadha Giri mengatakan, bangunan ukuran 12 x 10 meter tersebut ambruk diperkirakan atap bangunan yang telah lapuk. Ditambah lagi hujan dengan intensitas tinggi yang mengguyur Tabanan selama tiga hari belakangan ini membuat atap kian rapuh hingga akhirnya jebol.“Usai mendapat laporan, kami langsung hubungi pihak PLN untuk memutus listrik di tempat itu agar tidak membahayakan saat proses evakuasi, berkas-berkas dan sejumlah komputer juga sudah dipindah ke ruang rapat,” ucapnya.Sementara itu Kepala Bagian LPBJ Dewa Putu Mahendra mengatakan, berkas-berkas termasuk peralatan komputer sudah seluruhnya dipindahkan ke ruang rapat untuk sementara. Ia mengatakan meski tidak ada kendala dalam proses kerja nantinya, karena untuk lelang sudah rampung akhir tahun ini.Hanya saja, memang perlu segera dilakukan langkah-langkah cepat untuk mengantisipasi adanya lelang mendahului (tidak bisa ditunda) di awal 2022 seperti lelang sewa mobil, dan lelang mamin rumah sakit. “Ada lelang mendahului untuk 2022 jadi diantisipasi lebih awal, sedangkan peralatan kita semua kena air dan belum dicek apakah rusak atau tidak,” jelasnya. (Puspawati/balipost)",BALIPOST.com,"Dajan Peken, 82114, Tabanan, Tabanan, Bali, Indonesia",-8.536609490935,115.13552944186335,5,"2, 7","kejaksaan, kejatibali, kejaritabanan, tabanan, news"
Resep Sambal Sager Gerih Sambal dari Ikan Asin Khas Tabanan Bali,2021-03-14T08:00:00.000Z,"Kabupaten Tabanan, Bali, Indonesia","Resep Sambal Sager Gerih, Sambal dari Ikan Asin Khas Tabanan Bali - Kompas.com","KOMPAS.com - Kamu pencinta masakan pedas? Kamu bisa coba resep sambel sager gerih.
Sager gerih dalam arti harafiahnya adalah lawar ikan kering. Terkenal sebagai sambal khas Kabupaten Tabanan yang disajikan bersama nasi sele atau nasi yang dicampur dengan ketela.Ikuti cara membuat sambal sager gerih dalam buku “Pawon Bali” karya Nanik Mirna Agung terbitan PT Gramedia Pustaka Utama.
Baca juga: Resep Sambal Sere, Sambal Pelengkap Makanan Bali 
Resep sambal sager gerih
Bahan:

20 gram ikan asin
60 gram bawang merah
20 gram cabai rawit
4 gram terasi
5 gram garam
2 gram kemangi
30 gram kelapa panggang

Baca juga: Resep Sambal Bawang Merah Utuh, Sambal yang Viral di TikTok



Cara membuat sambal sager gerih:
1.","Rajang bawang merah, bawang putih, dan cabai rawit. Goreng secara terpisah.
2.","Pada Hari Minggu , 14 Maret 2021 08:00, Tabanan, Tabanan, Bali

KOMPAS.com - Kamu pencinta masakan pedas? Kamu bisa coba resep sambel sager gerih.
Sager gerih dalam arti harafiahnya adalah lawar ikan kering. Terkenal sebagai sambal khas Kabupaten Tabanan yang disajikan bersama nasi sele atau nasi yang dicampur dengan ketela.Ikuti cara membuat sambal sager gerih dalam buku “Pawon Bali” karya Nanik Mirna Agung terbitan PT Gramedia Pustaka Utama.
Baca juga: Resep Sambal Sere, Sambal Pelengkap Makanan Bali 
Resep sambal sager gerih
Bahan:

20 gram ikan asin
60 gram bawang merah
20 gram cabai rawit
4 gram terasi
5 gram garam
2 gram kemangi
30 gram kelapa panggang

Baca juga: Resep Sambal Bawang Merah Utuh, Sambal yang Viral di TikTok



Cara membuat sambal sager gerih:
1. Rajang bawang merah, bawang putih, dan cabai rawit. Goreng secara terpisah.
2. Parut kelapa yang sudah dipanggang.
3. Goreng teri asin dan rajang kecil-kecil. Campurkan semua bahan dan tambahkan daun kemangi yang telah dirajang kecil-kecil.
4. Sajikan.
Buku “Pawon Bali” karya Nanik Mirna Agung terbitan PT Gramedia Pustaka Utama bisa dibeli di Gramedia.com. 


  

    
        Bayangkan seorang anak Indonesia bercita-cita menjadi dokter tetapi hanya memiliki satu buku lusuh untuk belajar. Bersama Ekspedisi Kata ke Nyata Kompas.com, Anda bisa membantu mengubah kisah itu. Mari hadirkan akses literasi bagi anak-anak di berbagai pelosok Indonesia melalui donasi lewat tautan https://bit.ly/JagatLiterasi2026. Setiap kebaikan yang Anda berikan bukan hanya membuka jendela pengetahuan, tetapi juga membuka masa depan mereka.",Kompas.com,"Dajan Peken, 82114, Tabanan, Tabanan, Bali, Indonesia",-8.536609490935,115.13552944186335,5,"2, 7","kejaksaan, kejatibali, kejaritabanan, tabanan, news"
Kombinasi Pertanian dan Pariwisata Jadi Keunggulan Tabanan di Bali,2023-06-24T07:00:00.000Z,"Kabupaten Tabanan, Bali, Indonesia","Kombinasi Pertanian dan Pariwisata, Jadi Keunggulan Tabanan di Bali - travel.kompas.com","KOMPAS.com - Kabupaten Tabanan di Provinsi Bali berupaya menggabungkan potensi daerah mereka yaitu pertanian, dengan sektor pariwisata.
Cara ini menjadi salah satu langkah strategis untuk memanfaatkan kekuatan Tabanan di sektor pertanian, seperti disampaikan oleh Bupati Tabanan I Komang Gede Sanjaya.“Jadi kalau kami membajak sawah, bagaimana kearifan lokal para pekerja di sawah bisa (sekaligus) menjadi atraksi pariwisata. Begitu juga saat aktivitas (biji) kopi dipetik, bisa jadi atraksi, itulah bonusnya,” kata Sanjaya saat ditemui di kantor Kompas Gramedia Jakarta, Jumat (23/6/2023).
Baca juga: Tabanan, Lumbung Padinya Bali dengan Keindahan Alam Lengkap
Untuk beberapa aktivitas, seperti melihat proses membajak sawah sampai memetik biji kopi, wisatawan mancanegara sampai rela membayar.
Lebih lanjut, Sanjaya menjelaskan, pariwisata mencakup makna yang luas.","Bukan hanya sekadar mengunjungi tempat wisata yang indah, tetapi juga menikmati atau bahkan mencoba pengalaman unik.





Oleh karena itu, ia menilai aktivitas yang berkaitan dengan pertanian sebagai sektor paling utama di Tabanan, bisa dijadikan sebagai sarana wisata sekaligus.
“Jadi pariwisata sebagai daya dukung pertanian itu. Sektor pertanian sebagai hulu, dan bonusnya pariwisata,” ungkapnya.
Tabanan yang kaya keindahan alam
Menurut Sanjaya, Tabanan agak berbeda dari kabupaten atau kota lainnya di Bali karena lebih fokus bergerak pada bidang pertanian.
“Hampir 75 persen masyarakat Tabanan bergerak di pertanian.","Pada Hari Sabtu , 24 Juni 2023 07:00, Tabanan, Tabanan, Bali

KOMPAS.com - Kabupaten Tabanan di Provinsi Bali berupaya menggabungkan potensi daerah mereka yaitu pertanian, dengan sektor pariwisata.
Cara ini menjadi salah satu langkah strategis untuk memanfaatkan kekuatan Tabanan di sektor pertanian, seperti disampaikan oleh Bupati Tabanan I Komang Gede Sanjaya.“Jadi kalau kami membajak sawah, bagaimana kearifan lokal para pekerja di sawah bisa (sekaligus) menjadi atraksi pariwisata. Begitu juga saat aktivitas (biji) kopi dipetik, bisa jadi atraksi, itulah bonusnya,” kata Sanjaya saat ditemui di kantor Kompas Gramedia Jakarta, Jumat (23/6/2023).
Baca juga: Tabanan, Lumbung Padinya Bali dengan Keindahan Alam Lengkap
Untuk beberapa aktivitas, seperti melihat proses membajak sawah sampai memetik biji kopi, wisatawan mancanegara sampai rela membayar.
Lebih lanjut, Sanjaya menjelaskan, pariwisata mencakup makna yang luas. Bukan hanya sekadar mengunjungi tempat wisata yang indah, tetapi juga menikmati atau bahkan mencoba pengalaman unik.





Oleh karena itu, ia menilai aktivitas yang berkaitan dengan pertanian sebagai sektor paling utama di Tabanan, bisa dijadikan sebagai sarana wisata sekaligus.
“Jadi pariwisata sebagai daya dukung pertanian itu. Sektor pertanian sebagai hulu, dan bonusnya pariwisata,” ungkapnya.
Tabanan yang kaya keindahan alam
Menurut Sanjaya, Tabanan agak berbeda dari kabupaten atau kota lainnya di Bali karena lebih fokus bergerak pada bidang pertanian.
“Hampir 75 persen masyarakat Tabanan bergerak di pertanian. Kami masyarakat agraris, 25 persennya baru pariwisata,” ujar dia.Baca juga: Pantai Nyanyi Tabanan Bali: Jam Buka, Tiket Masuk, dan Aktivitas
Kendati tidak berfokus utama pada pariwisata, Sanjaya menjelaskan bahwa bentang alam di Tabanan merupakan salah satu yang terlengkap di Bali. Mulai dari pantai, gunung, sawah, hingga danau, semua dimiliki oleh Tabanan.
“Tabanan ada gunung, danau Beratan itu atraksi yang baik sekali. Kami juga punya sawah sebagai heritage, sawah abadi,” kata dia.
Namun, ia mengakui bahwa sampai saat ini, pantai dan pura di Tanah Lot masih menjadi daya tarik utama bagi wisatawan domestik maupun mancanegara.
UNSPLASH/NICK FEWINGS Pura Tanah Lot, salah satu kawasan wisata pantai di Tabanan, Bali. Berikut nama-nama bulan dalam Kalender Saka Bali.
“Sampai saat ini kunjungan terbanyak yang dikunjungi adalah Tanah Lot. Kalau ada pura di tengah laut, pasti Tanah Lot,” terangnya.
Selain Tanah Lot, beberapa atraksi wisata di Tabanan yang cukup ramai dikunjungi wisatawan antara lain seperti The Blooms Garden, Danau Beratan, Jatiluwih, Pantai Soka, Kebun Raya Bali, Taman Kupu-kupu, dan Museum Subak.
Baca juga: 9 Wisata Pantai di Tabanan Bali, Tak Cuma Tanah Lot
Di luar dari atraksi yang cukup populer di atas, wisatawan juga bisa mengeksplorasi Tabanan lebih lama lagi saat berkunjung, untuk bisa mendapatkan sejumlah hidden gem di sana.
Mulai dari air terjun, gua tempat melihat matahari terbenam (sunset), terasering yang terjaga, dan masih banyak lagi potensi alam lainnya di Tabanan.


  

    
        Bayangkan seorang anak Indonesia bercita-cita menjadi dokter tetapi hanya memiliki satu buku lusuh untuk belajar. Bersama Ekspedisi Kata ke Nyata Kompas.com, Anda bisa membantu mengubah kisah itu. Mari hadirkan akses literasi bagi anak-anak di berbagai pelosok Indonesia melalui donasi lewat tautan https://bit.ly/JagatLiterasi2026. Setiap kebaikan yang Anda berikan bukan hanya membuka jendela pengetahuan, tetapi juga membuka masa depan mereka.",travel.kompas.com,"Dajan Peken, 82114, Tabanan, Tabanan, Bali, Indonesia",-8.536609490935,115.13552944186335,5,"2, 7","kejaksaan, kejatibali, kejaritabanan, tabanan, news"
Sejarah Pura Luhur Batukaru di Tabanan,2024-05-18T07:00:00.000Z,"Kabupaten Tabanan, Bali, Indonesia",Sejarah Pura Luhur Batukaru di Tabanan - Kompas.com,"KOMPAS.com - Bali dikenal memiliki banyak pura yang digunakan oleh umat Hindu untuk beribadah.
Pura bersejarah dan dianggap paling suci oleh masyarakat Bali adalah Pura Sad Kahyangan Jagad, yakni enam pura utama yang menjadi pilar Pulau Bali.Salah satu Pura Sad Kahyangan Jagad adalah Pura Luhur Batukaru, yang terletak di Desa Wangaya Gede, Kecamatan Penebel, Kabupaten Tabanan.
Lokasi pura ini berada di wilayah barat Pulau Bali, tepatnya di lereng selatan Gunung Batukaru.
Berikut ini sejarah Pura Luhur Batukaru dan fungsinya.
Baca juga: Sejarah Pura Goa Lawah di Bali




Sejarah Pura Luhur Batukaru
Melansir kesrasetda.bulelengkab.go.id, Pura Batukaru adalah stana Dewa Mahadewa.
Persembahyangan di Pura Luhur Batukaru dimaksudkan umat Hindu untuk memuja Tuhan Ida Sang Hyang Widhi Wasa dalam manifestasinya sebagai Dewa Mahadewa.
Dewa Mahadewa diberi gelar Ratu Hyang Tumuwuh, sebutan Tuhan sebagai yang menumbuhkan tumbuh-tumbuhan dengan menggunakan air secara benar.Nama pura ini kemungkinan besar diambil dari nama Gunung Batukaru.
Pura Luhur Batukaru termasuk Pura Sad Kahyangan yang disebut dalam Lontar Kusuma Dewa.
Konon, Pura Luhur Batukaru sudah ada pada abad ke-11, sebagaimana Pura Sad Kahyangan lainnya, yakni Pura Besakih, Pura Lempuyang Luhur, Pura Goa Lawah, Pura Luhur Uluwatu, dan Pura Pusering Jagat.
Tokoh yang mendirikan Pura Luhur Batukaru dan Pura Sad Kahyangan lainnya adalah Mpu Kuturan.
Mpu Kuturan adalah seorang pandita dari Jawa yang berperan menyatukan umat Hindu di Bali, sekaligus membangun banyak tempat suci di sana.
Baca juga: Sejarah Pura Lempuyang Luhur di Bali
Para ahli berpendapat bahwa Mpu Kuturan mendirikan Pura Sad Kahyangan Jagat untuk memotivasi umat menjaga keseimbangan eksistensi Sad Kerti, yaitu Atma Kerti, Samudra Kerti, Wana Kerti, Danu Kerti, Jagat Kerti, dan Jana Kerti.




  

Diduga, Pura Luhur Batukaru dulunya berfungsi sebagai tempat pemujaan dan tempat bertapa sebagai media Atma Kerti (membangun ketakwaan pada Tuhan) oleh tokoh-tokoh spiritual di daerah Tabanan..",,"Pada Hari Sabtu , 18 Mei 2024 07:00, Tabanan, Tabanan, Bali

KOMPAS.com - Bali dikenal memiliki banyak pura yang digunakan oleh umat Hindu untuk beribadah.
Pura bersejarah dan dianggap paling suci oleh masyarakat Bali adalah Pura Sad Kahyangan Jagad, yakni enam pura utama yang menjadi pilar Pulau Bali.Salah satu Pura Sad Kahyangan Jagad adalah Pura Luhur Batukaru, yang terletak di Desa Wangaya Gede, Kecamatan Penebel, Kabupaten Tabanan.
Lokasi pura ini berada di wilayah barat Pulau Bali, tepatnya di lereng selatan Gunung Batukaru.
Berikut ini sejarah Pura Luhur Batukaru dan fungsinya.
Baca juga: Sejarah Pura Goa Lawah di Bali




Sejarah Pura Luhur Batukaru
Melansir kesrasetda.bulelengkab.go.id, Pura Batukaru adalah stana Dewa Mahadewa.
Persembahyangan di Pura Luhur Batukaru dimaksudkan umat Hindu untuk memuja Tuhan Ida Sang Hyang Widhi Wasa dalam manifestasinya sebagai Dewa Mahadewa.
Dewa Mahadewa diberi gelar Ratu Hyang Tumuwuh, sebutan Tuhan sebagai yang menumbuhkan tumbuh-tumbuhan dengan menggunakan air secara benar.Nama pura ini kemungkinan besar diambil dari nama Gunung Batukaru.
Pura Luhur Batukaru termasuk Pura Sad Kahyangan yang disebut dalam Lontar Kusuma Dewa.
Konon, Pura Luhur Batukaru sudah ada pada abad ke-11, sebagaimana Pura Sad Kahyangan lainnya, yakni Pura Besakih, Pura Lempuyang Luhur, Pura Goa Lawah, Pura Luhur Uluwatu, dan Pura Pusering Jagat.
Tokoh yang mendirikan Pura Luhur Batukaru dan Pura Sad Kahyangan lainnya adalah Mpu Kuturan.
Mpu Kuturan adalah seorang pandita dari Jawa yang berperan menyatukan umat Hindu di Bali, sekaligus membangun banyak tempat suci di sana.
Baca juga: Sejarah Pura Lempuyang Luhur di Bali
Para ahli berpendapat bahwa Mpu Kuturan mendirikan Pura Sad Kahyangan Jagat untuk memotivasi umat menjaga keseimbangan eksistensi Sad Kerti, yaitu Atma Kerti, Samudra Kerti, Wana Kerti, Danu Kerti, Jagat Kerti, dan Jana Kerti.




  

Diduga, Pura Luhur Batukaru dulunya berfungsi sebagai tempat pemujaan dan tempat bertapa sebagai media Atma Kerti (membangun ketakwaan pada Tuhan) oleh tokoh-tokoh spiritual di daerah Tabanan.",Kompas.com,"Dajan Peken, 82114, Tabanan, Tabanan, Bali, Indonesia",-8.536609490935,115.13552944186335,5,"2, 7","kejaksaan, kejatibali, kejaritabanan, tabanan, news"
Kerajaan Tabanan Sejarah Rajaraja Masa Kejayaan dan Keruntuhan,2021-12-14T08:00:00.000Z,"Kabupaten Tabanan, Bali, Indonesia","Kerajaan Tabanan: Sejarah, Raja-raja, Masa Kejayaan, dan Keruntuhan - Kompas.com","KOMPAS.com - Kerajaan Tabanan adalah salah satu dari beberapa kerajaan yang pernah berdiri di Pulau Bali.
Menurut Babad Arya Tabanan, raja pertama Kerajaan Tabanan adalah Arya Kenceng, yang merupakan keturunan Majapahit.
Pada awalnya, kerajaan ini berada di bawah dinasti Gelgel yang saat itu menguasai seluruh Bali.Sejak didirikan pada abad ke-14, Kerajaan Tabanan terus berkembang hingga mencapai masa kejayaan pada abad ke-17, ketika diperintah oleh Sri Magada Sakti.
Baca juga: Kerajaan Jembrana: Sejarah, Raja-raja, dan Keruntuhan
Sejarah berdirinya
Sejarah berdirinya Kerajaan Tabanan berkaitan erat dengan Kerajaan Majapahit. Pada masa pemerintahan Tribhuanatunggadewi (1329-1350), Majapahit ingin menyatukan kembali Bali dalam kekuasaannya.




Karena tidak dapat ditundukkan dengan cara diplomasi, Majapahit mengirim Gajah Mada dan Adityawarman (Arya Damar) bersama para Arya untuk menguasai Bali.
Adityawarman adalah adipati Palembang yang mempunyai hubungan kekerabatan dengan Raja Majapahit dari garis ibu.
Dalam serangan itu, Arya Kenceng, putra Adityawarman, memimpin pertempuran dari selatan.","Pada 1343, Bali akhirnya jatuh ke tangan Majapahit.Untuk mengatasi kekosongan pemerintahan di Bali, Raja Majapahit melantik Sri Kresna Kepakisan menjadi Raja Bali pada 1352 M.
Dalam pelantikan itu, juga diadakan pembagian wilayah Bali bagi para Arya, di mana Arya Kenceng ditugaskan di Tabanan.
Setelah Arya Kenceng diangkat menjadi Anglurah Tabanan pada 1352, ia segera membangun istana Buahan di Desa Pucangan dan bergelar Bhatara Arya Kenceng.
Arya Kenceng merupakan raja pertama yang menurunkan penguasa Kerajaan Tabanan selanjutnya.
Pada masa kekuasaan raja ketiganya, yaitu Sirarya Ngurah Langwang atau Prabu Singasana, istana dipindahkan dari Desa Pucangan ke Puri Agung Tabanan.
Baca juga: Kerajaan Gianyar: Sejarah, Raja-raja, dan Keruntuhan
Raja-raja Kerajaan Tabanan

Arya Kenceng
Sri Magada Nata/Arya Yasan
Prabu Singasana/Arya Langwang
I Gusti Ngurah Tabanan I
I Gusti Wayahan Pamedekan
I Gusti Made Pamedekan
I Gusti Ngurah Tabanan II
Prabu Nisweng Panida
I Gusti Made Dalang
I Gusti Nengah Malkangin
I Gusti Bolo di Malkangin
I Gusti Agung Badeng
Prabu Magada Sakti
Anglurah Mur Pamade
I Gusti Ngurah Sekar
I Gusti Ngurah Gede
I Gusti Ngurah Made Rai
I Gusti Ngurah Rai Panebel
I Gusti Ngurah Ubung
I Gusti Ngurah Agung I
I Gusti Ngurah Agung II
I Gusti Ngurah Rai Perang
Cokorda Ngurah Ketut
Regen Gusti Ngurah Wayan
Cokorda Ngurah Gede

Baca juga: Kerajaan Bangli: Sejarah, Raja-Raja, Keruntuhan, dan Peninggalan
Masa kejayaan Kerajaan Tabanan
Kejayaan Tabanan terjadi pada masa pemerintahan Raja Ki Gusti Dawuh yang bergelar Sri Magada Sakti (1650-1725).




  

Pada saat itum Tabanan sangat tertib dan aman, yang selanjutnya memisahkan diri dari kekuasaan Kerajaan Gelgel..","Pada Hari Selasa , 14 Desember 2021 08:00, Tabanan, Tabanan, Bali

KOMPAS.com - Kerajaan Tabanan adalah salah satu dari beberapa kerajaan yang pernah berdiri di Pulau Bali.
Menurut Babad Arya Tabanan, raja pertama Kerajaan Tabanan adalah Arya Kenceng, yang merupakan keturunan Majapahit.
Pada awalnya, kerajaan ini berada di bawah dinasti Gelgel yang saat itu menguasai seluruh Bali.Sejak didirikan pada abad ke-14, Kerajaan Tabanan terus berkembang hingga mencapai masa kejayaan pada abad ke-17, ketika diperintah oleh Sri Magada Sakti.
Baca juga: Kerajaan Jembrana: Sejarah, Raja-raja, dan Keruntuhan
Sejarah berdirinya
Sejarah berdirinya Kerajaan Tabanan berkaitan erat dengan Kerajaan Majapahit. Pada masa pemerintahan Tribhuanatunggadewi (1329-1350), Majapahit ingin menyatukan kembali Bali dalam kekuasaannya.




Karena tidak dapat ditundukkan dengan cara diplomasi, Majapahit mengirim Gajah Mada dan Adityawarman (Arya Damar) bersama para Arya untuk menguasai Bali.
Adityawarman adalah adipati Palembang yang mempunyai hubungan kekerabatan dengan Raja Majapahit dari garis ibu.
Dalam serangan itu, Arya Kenceng, putra Adityawarman, memimpin pertempuran dari selatan. Pada 1343, Bali akhirnya jatuh ke tangan Majapahit.Untuk mengatasi kekosongan pemerintahan di Bali, Raja Majapahit melantik Sri Kresna Kepakisan menjadi Raja Bali pada 1352 M.
Dalam pelantikan itu, juga diadakan pembagian wilayah Bali bagi para Arya, di mana Arya Kenceng ditugaskan di Tabanan.
Setelah Arya Kenceng diangkat menjadi Anglurah Tabanan pada 1352, ia segera membangun istana Buahan di Desa Pucangan dan bergelar Bhatara Arya Kenceng.
Arya Kenceng merupakan raja pertama yang menurunkan penguasa Kerajaan Tabanan selanjutnya.
Pada masa kekuasaan raja ketiganya, yaitu Sirarya Ngurah Langwang atau Prabu Singasana, istana dipindahkan dari Desa Pucangan ke Puri Agung Tabanan.
Baca juga: Kerajaan Gianyar: Sejarah, Raja-raja, dan Keruntuhan
Raja-raja Kerajaan Tabanan

Arya Kenceng
Sri Magada Nata/Arya Yasan
Prabu Singasana/Arya Langwang
I Gusti Ngurah Tabanan I
I Gusti Wayahan Pamedekan
I Gusti Made Pamedekan
I Gusti Ngurah Tabanan II
Prabu Nisweng Panida
I Gusti Made Dalang
I Gusti Nengah Malkangin
I Gusti Bolo di Malkangin
I Gusti Agung Badeng
Prabu Magada Sakti
Anglurah Mur Pamade
I Gusti Ngurah Sekar
I Gusti Ngurah Gede
I Gusti Ngurah Made Rai
I Gusti Ngurah Rai Panebel
I Gusti Ngurah Ubung
I Gusti Ngurah Agung I
I Gusti Ngurah Agung II
I Gusti Ngurah Rai Perang
Cokorda Ngurah Ketut
Regen Gusti Ngurah Wayan
Cokorda Ngurah Gede

Baca juga: Kerajaan Bangli: Sejarah, Raja-Raja, Keruntuhan, dan Peninggalan
Masa kejayaan Kerajaan Tabanan
Kejayaan Tabanan terjadi pada masa pemerintahan Raja Ki Gusti Dawuh yang bergelar Sri Magada Sakti (1650-1725).




  

Pada saat itum Tabanan sangat tertib dan aman, yang selanjutnya memisahkan diri dari kekuasaan Kerajaan Gelgel.",Kompas.com,"Dajan Peken, 82114, Tabanan, Tabanan, Bali, Indonesia",-8.536609490935,115.13552944186335,5,"2, 7","kejaksaan, kejatibali, kejaritabanan, tabanan, news"
Tabanan Arsip Page 147 of 589,2020-06-29T11:38:32.000Z,"Kabupaten Tabanan, Bali, Indonesia",Tabanan Arsip | Page 147 of 589 - BALIPOST.com,"Buntut Viralnya Rekaman Suara Perbekel Baturiti, DPC Gerindra Tabanan Lapor ke PolresTabanan Jumat, 13 Juni 2025 | 11:29:11 TABANAN, BALIPOST.com - Viralnya rekaman suara Perbekel Baturiti, Kecamatan Kerambitan, Tabanan, Made Suryana, berbuntut pelaporan ke Polres Tabanan. Pada Jumat (13/6), ratusan kader Gerindra...Puluhan Banner dan Baliho di Jalur Denpasar–Bedugul DitertibkanTabanan Kamis, 12 Juni 2025 | 18:30:05 TABANAN, BALIPOST.com - Tim Sapujagat Kabupaten Tabanan memberangus puluhan media reklame liar (banner dan baliho) yang kedapatan melanggar aturan di sepanjang jalur Denpasar–Bedugul, Kecamatan...Kasus Gigitan HPR di Tabanan Capai 3.397 KasusTabanan Kamis, 12 Juni 2025 | 16:28:50 TABANAN, BALIPOST.com - Sepanjang Januari sampai dengan Mei 2025, angka gigitan hewan penular rabies (GHPR) di Kabupaten Tabanan tercatat mencapai 3.397 kasus.
Dari jumlah tersebut,...Kereta Mini di Taman Bung Karno Dikerjasamakan dengan Desa AdatTabanan Rabu, 11 Juni 2025 | 21:34:01 TABANAN, BALIPOST.com - Wahana kereta mini yang belakangan menjadi favorit anak-anak di Taman Bung Karno, Tabanan, akan segera dikelola dengan skema kerja sama.
Unit Pelaksana...Dua Kali Curi TV, Pria Asal Karangasem Dibekuk di TabananTabanan Rabu, 11 Juni 2025 | 16:46:18 TABANAN, BALIPOST.com - Aksi pencurian yang menyasar penginapan di wilayah Tabanan akhirnya berhasil diungkap aparat Polsek Tabanan.","Seorang pria inisial IWK (33), asal Sibetan,...Pemkab Tabanan Hapus Denda PBB-P2 Hingga Akhir TahunTabanan Rabu, 11 Juni 2025 | 15:10:12 TABANAN, BALIPOST.com - Pemerintah Kabupaten Tabanan resmi menghapus sanksi administratif atau denda atas keterlambatan pembayaran Pajak Bumi dan Bangunan Perdesaan dan Perkotaan (PBB-P2). Kebijakan...Enam Desa di Tabanan Masih Kategori Zona Merah RabiesTabanan Rabu, 11 Juni 2025 | 15:04:30 TABANAN, BALIPOST.com - Enam desa di Kabupaten Tabanan masih berstatus zona merah rabies, hingga pertengahan tahun ini, menyusul temuan kasus positif pada anjing di...Libatkan Ratusan Seniman, Tabanan Ikut 14 Materi di PKB 2025Tabanan Rabu, 11 Juni 2025 | 10:24:37 TABANAN, BALIPOST.com - Kabupaten Tabanan akan kembali ambil bagian dalam gelaran Pesta Kesenian Bali (PKB) XLVII Tahun 2025 dengan menampilkan total 14 materi kesenian,...Antisipasi Dampak Cuaca Ekstrem, BPBD Siapkan Anggaran Sewa Alat BeratTabanan Selasa, 10 Juni 2025 | 16:13:02 TABANAN, BALIPOST.com - Mengantisipasi potensi bencana akibat cuaca ekstrem, Badan Penanggulangan Bencana Daerah (BPBD) Kabupaten Tabanan menyiapkan langkah konkret dengan mengalokasikan anggaran sebesar Rp...Ambil Haluan, Pemotor Tabrakan dengan Truk Boks di SeltimTabanan Senin, 9 Juni 2025 | 15:57:46 TABANAN, BALIPOST.com - Kecelakaan lalu lintas terjadi di Jalan Nasional Denpasar–Gilimanuk, tepatnya di Desa Bantas, Kecamatan Selemadeg Timur, Kabupaten Tabanan, Senin (9/6).","Pada Hari Senin , 29 Juni 2020 11:38, Tabanan, Tabanan, Bali

Buntut Viralnya Rekaman Suara Perbekel Baturiti, DPC Gerindra Tabanan Lapor ke PolresTabanan Jumat, 13 Juni 2025 | 11:29:11 TABANAN, BALIPOST.com - Viralnya rekaman suara Perbekel Baturiti, Kecamatan Kerambitan, Tabanan, Made Suryana, berbuntut pelaporan ke Polres Tabanan. Pada Jumat (13/6), ratusan kader Gerindra...Puluhan Banner dan Baliho di Jalur Denpasar–Bedugul DitertibkanTabanan Kamis, 12 Juni 2025 | 18:30:05 TABANAN, BALIPOST.com - Tim Sapujagat Kabupaten Tabanan memberangus puluhan media reklame liar (banner dan baliho) yang kedapatan melanggar aturan di sepanjang jalur Denpasar–Bedugul, Kecamatan...Kasus Gigitan HPR di Tabanan Capai 3.397 KasusTabanan Kamis, 12 Juni 2025 | 16:28:50 TABANAN, BALIPOST.com - Sepanjang Januari sampai dengan Mei 2025, angka gigitan hewan penular rabies (GHPR) di Kabupaten Tabanan tercatat mencapai 3.397 kasus.
Dari jumlah tersebut,...Kereta Mini di Taman Bung Karno Dikerjasamakan dengan Desa AdatTabanan Rabu, 11 Juni 2025 | 21:34:01 TABANAN, BALIPOST.com - Wahana kereta mini yang belakangan menjadi favorit anak-anak di Taman Bung Karno, Tabanan, akan segera dikelola dengan skema kerja sama.
Unit Pelaksana...Dua Kali Curi TV, Pria Asal Karangasem Dibekuk di TabananTabanan Rabu, 11 Juni 2025 | 16:46:18 TABANAN, BALIPOST.com - Aksi pencurian yang menyasar penginapan di wilayah Tabanan akhirnya berhasil diungkap aparat Polsek Tabanan. Seorang pria inisial IWK (33), asal Sibetan,...Pemkab Tabanan Hapus Denda PBB-P2 Hingga Akhir TahunTabanan Rabu, 11 Juni 2025 | 15:10:12 TABANAN, BALIPOST.com - Pemerintah Kabupaten Tabanan resmi menghapus sanksi administratif atau denda atas keterlambatan pembayaran Pajak Bumi dan Bangunan Perdesaan dan Perkotaan (PBB-P2). Kebijakan...Enam Desa di Tabanan Masih Kategori Zona Merah RabiesTabanan Rabu, 11 Juni 2025 | 15:04:30 TABANAN, BALIPOST.com - Enam desa di Kabupaten Tabanan masih berstatus zona merah rabies, hingga pertengahan tahun ini, menyusul temuan kasus positif pada anjing di...Libatkan Ratusan Seniman, Tabanan Ikut 14 Materi di PKB 2025Tabanan Rabu, 11 Juni 2025 | 10:24:37 TABANAN, BALIPOST.com - Kabupaten Tabanan akan kembali ambil bagian dalam gelaran Pesta Kesenian Bali (PKB) XLVII Tahun 2025 dengan menampilkan total 14 materi kesenian,...Antisipasi Dampak Cuaca Ekstrem, BPBD Siapkan Anggaran Sewa Alat BeratTabanan Selasa, 10 Juni 2025 | 16:13:02 TABANAN, BALIPOST.com - Mengantisipasi potensi bencana akibat cuaca ekstrem, Badan Penanggulangan Bencana Daerah (BPBD) Kabupaten Tabanan menyiapkan langkah konkret dengan mengalokasikan anggaran sebesar Rp...Ambil Haluan, Pemotor Tabrakan dengan Truk Boks di SeltimTabanan Senin, 9 Juni 2025 | 15:57:46 TABANAN, BALIPOST.com - Kecelakaan lalu lintas terjadi di Jalan Nasional Denpasar–Gilimanuk, tepatnya di Desa Bantas, Kecamatan Selemadeg Timur, Kabupaten Tabanan, Senin (9/6). Seorang pengendara...  Muat lebih  Ikuti Medsos Kami173,303FansSuka21,009PengikutMengikuti6,115PengikutMengikuti4,560PelangganBerlanggananKategoriBali61155Hukum31114Denpasar30337Nasional23122Kesehatan16024Sosial15991Badung14658Ekonomi14511Mikro8190Pariwisata7766Politik7702Gianyar7407Jembrana6789Karangasem6667Peristiwa6498",BALIPOST.com,"Dajan Peken, 82114, Tabanan, Tabanan, Bali, Indonesia",-8.536609490935,115.13552944186335,5,"2, 7","kejaksaan, kejatibali, kejaritabanan, tabanan, news"
Mantan Bupati Tabanan Ni Putu Eka Wiryastuti Ditetapkan sebagai Tersangka Korupsi Dana Insentif Daerah,2022-03-24T07:00:00.000Z,"Kabupaten Tabanan, Bali, Indonesia",Mantan Bupati Tabanan Ni Putu Eka Wiryastuti Ditetapkan sebagai Tersangka Korupsi Dana Insentif Daerah - Kompas.com,"JAKARTA, KOMPAS.com - Komisi Pemberantasan Korupsi (KPK) mengumumkan mantan Bupati Tabanan, Ni Putu Eka Wiryastuti, sebagai tersangka kasus dugaan korupsi pengurusan dana insentif daerah (DID), Tabanan, Bali tahun 2018.
Eks Bupati Tabanan itu ditetapkan tersangka bersama seorang Dosen I Dewa Nyoman Wiratmaja dan Kepala Seksi Dana Alokasi Khusus Fisik II, Direktorat Jenderal Perimbangan Keuangan, Kementerian Keuangan tahun 2017, Rifa Surya.""KPK menemukan bukti permulaan yang cukup dan meningkatkan perkara ini ke tahap penyidikan pada Oktober 2021,"" ujar Wakil Ketua KPK Lili Pintauli Siregar, dalam konferensi pers, di Gedung Merah Putih KPK, Jakarta, Kamis (24/3/2022).
Baca juga: KPK Duga Dana Insentif Daerah Tabanan Digunakan Tak Sesuai Peruntukannya
Lili menerangkan, Ni Putu Eka Wiryastuti selaku Bupati Tabanan periode 2010-2021 dalam melaksanakan tugasnya mengangkat I Dewa Nyoman Wiratmaja sebagai staf khusus bidang ekonomi dan pembangunan.
Sekitar Agustus 2017, ujar dia, ada inisiatif Bupati Tabanan dua periode itu untuk mengajukan permohonan DID dari pemerintah pusat senilai Rp 65 miliar.




""Untuk merealisasikan keinginannya tersebut, tersangka NPEW (Ni Putu Eka Wiryastuti) memerintahkan tersangka IDNW (I Dewa Nyoman Wiratmaja) menyiapkan seluruh kelengkapan administrasi permohonan pengajuan dana DID dimaksud dan menemui serta berkomunikasi dengan beberapa pihak yang dapat memuluskan usulan tersebut,"" papar Lili.
Adapun pihak yang ditemui I Dewa Nyoman Wiratmaja yaitu Yaya Purnomo dan Rifa Surya yang diduga memiliki kewenangan dan dapat mengawal usulan dana DID untuk Kabupaten Tabanantahun 2018.
Baca juga: KPK Periksa Penggunaan DID untuk Proyek di Pemkab Tabanan
Yaya Purnomo dan Rifa Surya kemudian diduga mengajukan syarat khusus untuk mengawal usulan DID pada Ni Putu Eka Wiryastuti dengan meminta sejumlah uang sebagai fee dengan sebutan “dana adat istiadat”.""Dan permintaan ini lalu diteruskan tersangka IDNW pada tersangka NPEW dan mendapat persetujuan,"" ucap Lili.
""Nilai fee yang ditentukan oleh Yaya Purnomo dan tersangka RS (Rifa Surya) diduga sebesar 2,5 persen dari alokasi dana DID yang nantinya akan didapat oleh Kabupaten Tabanan di Tahun Anggaran 2018,"" sambungnya.
Lebih lanjut, sekitar Agustus-Desember 2017, kata Lili, diduga dilakukan penyerahan uangsecara bertahap oleh I Dewa Nyoman Wiratmaja kepada Yaya Purnomo dan Rifa Surya di salah satu hotel di Jakarta.
Menurut Lili, pemberian uang oleh Ni Putu Eka Wiryastuti melalui I Dewa Nyoman Wiratmaja diduga Rp 600 juta dan 55.300 dollar Amerika
Baca juga: KPK Telusuri Aktivitas Pihak-pihak yang Terkait Pengurusan DID Tabanan
Saat ini, ujar dia, tim penyidik masih akan terus mendalami dugaan adanya aliran uang pada pihak-pihak lain yang diduga juga punya andil dalam pengurusan dana DID untuk Kabupaten Tabanan Tahun Anggaran 2018.
Atas perbuatannya, Ni Putu Eka Wiryastuti dan I Dewa Nyoman Wiratmaja sebagai pihak pemberi disangkakan melanggar Pasal 5 Ayat 1 huruf a atau huruf b atau Pasal 13 Undang-Undang Nomor 31 Tahun 1999.
Sementara itu, Rifa Surya sebagai pihak penerima disangkakan melanggar Pasal 12 huruf a atau Pasal 11 Undang-Undang Nomor 31 Tahun 1999.




  

    
        Bayangkan seorang anak Indonesia bercita-cita menjadi dokter tetapi hanya memiliki satu buku lusuh untuk belajar. Bersama Ekspedisi Kata ke Nyata Kompas.com, Anda bisa membantu mengubah kisah itu.","Mari hadirkan akses literasi bagi anak-anak di berbagai pelosok Indonesia melalui donasi lewat tautan https://bit.ly/JagatLiterasi2026. Setiap kebaikan yang Anda berikan bukan hanya membuka jendela pengetahuan, tetapi juga membuka masa depan mereka.","Pada Hari Kamis , 24 Maret 2022 07:00, Tabanan, Tabanan, Bali

JAKARTA, KOMPAS.com - Komisi Pemberantasan Korupsi (KPK) mengumumkan mantan Bupati Tabanan, Ni Putu Eka Wiryastuti, sebagai tersangka kasus dugaan korupsi pengurusan dana insentif daerah (DID), Tabanan, Bali tahun 2018.
Eks Bupati Tabanan itu ditetapkan tersangka bersama seorang Dosen I Dewa Nyoman Wiratmaja dan Kepala Seksi Dana Alokasi Khusus Fisik II, Direktorat Jenderal Perimbangan Keuangan, Kementerian Keuangan tahun 2017, Rifa Surya.""KPK menemukan bukti permulaan yang cukup dan meningkatkan perkara ini ke tahap penyidikan pada Oktober 2021,"" ujar Wakil Ketua KPK Lili Pintauli Siregar, dalam konferensi pers, di Gedung Merah Putih KPK, Jakarta, Kamis (24/3/2022).
Baca juga: KPK Duga Dana Insentif Daerah Tabanan Digunakan Tak Sesuai Peruntukannya
Lili menerangkan, Ni Putu Eka Wiryastuti selaku Bupati Tabanan periode 2010-2021 dalam melaksanakan tugasnya mengangkat I Dewa Nyoman Wiratmaja sebagai staf khusus bidang ekonomi dan pembangunan.
Sekitar Agustus 2017, ujar dia, ada inisiatif Bupati Tabanan dua periode itu untuk mengajukan permohonan DID dari pemerintah pusat senilai Rp 65 miliar.




""Untuk merealisasikan keinginannya tersebut, tersangka NPEW (Ni Putu Eka Wiryastuti) memerintahkan tersangka IDNW (I Dewa Nyoman Wiratmaja) menyiapkan seluruh kelengkapan administrasi permohonan pengajuan dana DID dimaksud dan menemui serta berkomunikasi dengan beberapa pihak yang dapat memuluskan usulan tersebut,"" papar Lili.
Adapun pihak yang ditemui I Dewa Nyoman Wiratmaja yaitu Yaya Purnomo dan Rifa Surya yang diduga memiliki kewenangan dan dapat mengawal usulan dana DID untuk Kabupaten Tabanantahun 2018.
Baca juga: KPK Periksa Penggunaan DID untuk Proyek di Pemkab Tabanan
Yaya Purnomo dan Rifa Surya kemudian diduga mengajukan syarat khusus untuk mengawal usulan DID pada Ni Putu Eka Wiryastuti dengan meminta sejumlah uang sebagai fee dengan sebutan “dana adat istiadat”.""Dan permintaan ini lalu diteruskan tersangka IDNW pada tersangka NPEW dan mendapat persetujuan,"" ucap Lili.
""Nilai fee yang ditentukan oleh Yaya Purnomo dan tersangka RS (Rifa Surya) diduga sebesar 2,5 persen dari alokasi dana DID yang nantinya akan didapat oleh Kabupaten Tabanan di Tahun Anggaran 2018,"" sambungnya.
Lebih lanjut, sekitar Agustus-Desember 2017, kata Lili, diduga dilakukan penyerahan uangsecara bertahap oleh I Dewa Nyoman Wiratmaja kepada Yaya Purnomo dan Rifa Surya di salah satu hotel di Jakarta.
Menurut Lili, pemberian uang oleh Ni Putu Eka Wiryastuti melalui I Dewa Nyoman Wiratmaja diduga Rp 600 juta dan 55.300 dollar Amerika
Baca juga: KPK Telusuri Aktivitas Pihak-pihak yang Terkait Pengurusan DID Tabanan
Saat ini, ujar dia, tim penyidik masih akan terus mendalami dugaan adanya aliran uang pada pihak-pihak lain yang diduga juga punya andil dalam pengurusan dana DID untuk Kabupaten Tabanan Tahun Anggaran 2018.
Atas perbuatannya, Ni Putu Eka Wiryastuti dan I Dewa Nyoman Wiratmaja sebagai pihak pemberi disangkakan melanggar Pasal 5 Ayat 1 huruf a atau huruf b atau Pasal 13 Undang-Undang Nomor 31 Tahun 1999.
Sementara itu, Rifa Surya sebagai pihak penerima disangkakan melanggar Pasal 12 huruf a atau Pasal 11 Undang-Undang Nomor 31 Tahun 1999.




  

    
        Bayangkan seorang anak Indonesia bercita-cita menjadi dokter tetapi hanya memiliki satu buku lusuh untuk belajar. Bersama Ekspedisi Kata ke Nyata Kompas.com, Anda bisa membantu mengubah kisah itu. Mari hadirkan akses literasi bagi anak-anak di berbagai pelosok Indonesia melalui donasi lewat tautan https://bit.ly/JagatLiterasi2026. Setiap kebaikan yang Anda berikan bukan hanya membuka jendela pengetahuan, tetapi juga membuka masa depan mereka.    
                    Batas akses KARIN
                    
                        Kamu sudah mencapai batas akses KARIN.
                        Gabung membership Kompas.com+ MAX untuk bertanya lebih banyak dan memahami berita dengan lebih leluasa.
                    
                
            
                    
                    
                    Tidak akurat
                
                
                    
                    
                    Tidak relevan
                
                
                    
                    
                    Menyinggung
                
                
                    
                    
                    Terlalu lama
                
                
                    
                    
                    Isu privasi
                
                
                    
                    
                    Lainnya
                
            
            
                    Khusus Member
                    
                        Akses Tanya Langsung Tersedia untuk Member
                        Gabung membership Kompas.com+ MAX untuk bertanya lebih banyak dan memahami berita dengan lebih leluasa.",Kompas.com,"Dajan Peken, 82114, Tabanan, Tabanan, Bali, Indonesia",-8.536609490935,115.13552944186335,5,"2, 7","kejaksaan, kejatibali, kejaritabanan, tabanan, news"
Perumahan Terjangkau di Bawah Rp 200 Juta di Kabupaten Tabanan Pilihan Ekonomis,2024-08-04T07:00:00.000Z,"Kabupaten Tabanan, Bali, Indonesia",Perumahan Terjangkau di Bawah Rp 200 Juta di Kabupaten Tabanan: Pilihan Ekonomis - Kompas.com,"KOMPAS.com - Kabupaten Tabanan di Bali sedang menarik perhatian dari para calon pemilik rumah.
Sebagai pusat perhatian, daerah tersebut menawarkan berbagai pilihan rumah subsidi dengan harga terjangkau.
Masyarakat dapat mengakses inforamsi terkait rumah dengan harga kurang dari Rp 200 juta melalui Sistem Informasi Kumpulan Pengembang (Sikumbang).Berikut adalah beberapa pilihan rumah terjangkau di Kabupaten Tabanan:

Perumahan Taman Indah Lestari: Tipe 30/60
Terletak di Kerambitan, Kabupaten Tabanan, perumahan ini dibangun PT Puri Gita Asri seharga Rp 149 juta.
Masing-masing rumah dibuat seluas 30/60 meter persegi. Sebanyak 26 rumah telah terjual, sisanya masih 22 unit lagi.





Bca Pesona Jadi Thp 3: Tipe 25
Perumahan satu ini dikembangkan oleh PT Bumi Cempaka Asri yang terletak di Kediri, Kabupaten Tabanan.","Menawarkan 114 rumah dengan harga Rp 168 juta.
Luas bangunan rumah dibuat 25/60 meter persegi. Hingga saat ini, sudah terjual 95 rumah dan masih tersisa 19 unit lagi. 

Gedong Mandung V: Tipe 36
Berlokasi di Kerambitan, Kabupaten Tabanan, proyek perumahan ini dikembangkan oleh PT Gedong Becik Raindra seharga Rp 168 juta.
Bangunan rumah dibuat seluas 36/60 meter persegi.","Pada Hari Minggu , 4 Agustus 2024 07:00, Tabanan, Tabanan, Bali

KOMPAS.com - Kabupaten Tabanan di Bali sedang menarik perhatian dari para calon pemilik rumah.
Sebagai pusat perhatian, daerah tersebut menawarkan berbagai pilihan rumah subsidi dengan harga terjangkau.
Masyarakat dapat mengakses inforamsi terkait rumah dengan harga kurang dari Rp 200 juta melalui Sistem Informasi Kumpulan Pengembang (Sikumbang).Berikut adalah beberapa pilihan rumah terjangkau di Kabupaten Tabanan:

Perumahan Taman Indah Lestari: Tipe 30/60
Terletak di Kerambitan, Kabupaten Tabanan, perumahan ini dibangun PT Puri Gita Asri seharga Rp 149 juta.
Masing-masing rumah dibuat seluas 30/60 meter persegi. Sebanyak 26 rumah telah terjual, sisanya masih 22 unit lagi.





Bca Pesona Jadi Thp 3: Tipe 25
Perumahan satu ini dikembangkan oleh PT Bumi Cempaka Asri yang terletak di Kediri, Kabupaten Tabanan. Menawarkan 114 rumah dengan harga Rp 168 juta.
Luas bangunan rumah dibuat 25/60 meter persegi. Hingga saat ini, sudah terjual 95 rumah dan masih tersisa 19 unit lagi. 

Gedong Mandung V: Tipe 36
Berlokasi di Kerambitan, Kabupaten Tabanan, proyek perumahan ini dikembangkan oleh PT Gedong Becik Raindra seharga Rp 168 juta.
Bangunan rumah dibuat seluas 36/60 meter persegi. Hingga saat ini, masih tersedia 12 rumah dari total 26 unit yang disediakan.

Graha Kita Tahaf Ii: Tipe 35/66
Perumahan keempat ini terletak di Salamadeg Timur, Kabupaten Tabanan. Total rumah yang ditawarkan 24 unti seharga Rp 168 juta.
Bangunan rumah dibuat seluas 35/66 meter persgei. PT Jatayu Dewata masih memasarkan sisa satu rumah lagi. 

Bca Multi Jadi Ix Thp 3: Tipe 25
Di Kediri, Kabupaten Tabanan, terdapat perumahan dengan total 136 unit. Saat ini, telah terjual 95 rumah dengan harga Rp 168 juta per unit.
Bangunan-bangunan rumah dibuat seluas 25/60 meter persegi. PT Bumi Cempaka Asri masih memasarkan 41 rumah lagi.





  




    
        Bayangkan seorang anak Indonesia bercita-cita menjadi dokter tetapi hanya memiliki satu buku lusuh untuk belajar. Bersama Ekspedisi Kata ke Nyata Kompas.com, Anda bisa membantu mengubah kisah itu. Mari hadirkan akses literasi bagi anak-anak di berbagai pelosok Indonesia melalui donasi lewat tautan https://bit.ly/JagatLiterasi2026. Setiap kebaikan yang Anda berikan bukan hanya membuka jendela pengetahuan, tetapi juga membuka masa depan mereka.",Kompas.com,"Dajan Peken, 82114, Tabanan, Tabanan, Bali, Indonesia",-8.536609490935,115.13552944186335,5,"2, 7","kejaksaan, kejatibali, kejaritabanan, tabanan, news"
Bupati Tabanan Dorong Desa Wisata Kembangkan Kuliner,2013-07-17T07:00:00.000Z,"Kabupaten Tabanan, Bali, Indonesia",Bupati Tabanan Dorong Desa Wisata Kembangkan Kuliner - travel.kompas.com,"TABANAN, KOMPAS.com - Bupati Tabanan Ni Putu Eka Wiryastuti mendorong desa wisata di daerahnya mengembangkan kuliner khas perdesaan sebagai upaya menarik minat wisatawan. ""Tentu saja kami akan mendukung pengembangan kuliner oleh masyarakat desa wisata,"" katanya di Tabanan, Bali, Selasa (16/7/2013).Putu Eka menilai kuliner khas Bali pada umumnya monoton sehingga tidak mampu menarik minat wisatawan untuk mencicipinya.","""Kalau saja masyarakat di desa wisata mampu meramu dan menyajikan kuliner yang menggugah selera, tentu wisatawan akan betah dan ini berarti membuka kesempatan kerja bagi masyarakat perdesaan,"" kata putri pertama mantan Bupati Tabanan, Adi Wiryatama itu.Wiryastuti sangat bangga dengan kuliner yang disajikan anggota Padepokan Wirawana, Kecamatan Penebel. ""Masakannya bercita rasa tinggi dan cara penyajiannya juga tidak kalah dengan hotel berbintang,"" katanya.Padepokan itu mampu menyuguhkan ""entil"" atau ketupat khas Penebel yang disajikan bersama ""steak"" ayam dan gurami ""crispy"".Bupati baru menyadari ternyata di Tabanan selain terdapat potensi sumber daya alam yang melimpah, juga memiliki tenaga-tenaga terampil dalam bidang kuliner.","Pada Hari Rabu , 17 Juli 2013 07:00, Tabanan, Tabanan, Bali

TABANAN, KOMPAS.com - Bupati Tabanan Ni Putu Eka Wiryastuti mendorong desa wisata di daerahnya mengembangkan kuliner khas perdesaan sebagai upaya menarik minat wisatawan. ""Tentu saja kami akan mendukung pengembangan kuliner oleh masyarakat desa wisata,"" katanya di Tabanan, Bali, Selasa (16/7/2013).Putu Eka menilai kuliner khas Bali pada umumnya monoton sehingga tidak mampu menarik minat wisatawan untuk mencicipinya. ""Kalau saja masyarakat di desa wisata mampu meramu dan menyajikan kuliner yang menggugah selera, tentu wisatawan akan betah dan ini berarti membuka kesempatan kerja bagi masyarakat perdesaan,"" kata putri pertama mantan Bupati Tabanan, Adi Wiryatama itu.Wiryastuti sangat bangga dengan kuliner yang disajikan anggota Padepokan Wirawana, Kecamatan Penebel. ""Masakannya bercita rasa tinggi dan cara penyajiannya juga tidak kalah dengan hotel berbintang,"" katanya.Padepokan itu mampu menyuguhkan ""entil"" atau ketupat khas Penebel yang disajikan bersama ""steak"" ayam dan gurami ""crispy"".Bupati baru menyadari ternyata di Tabanan selain terdapat potensi sumber daya alam yang melimpah, juga memiliki tenaga-tenaga terampil dalam bidang kuliner. ""Menu yang disajikan oleh warga kita mampu menggugah selera siapa pun untuk mencicipi karena penyajiannya yang sangat apik di samping juga cara penyajiannya,"" katanya.Sementara  Wayan Wirawan selaku pengurus padepokan mengakui bahwa anggotanya mendapat pelatihan dari koki berpengalaman internasional di Bali. ""Anggota kami di Padepokan Wirawana saat ini berjumlah 30 orang. Kemampuan mereka tidak perlu diragukan lagi karena sudah mendapat pelatihan dari ’chef-chef’ andal,"" katanya.



Padepokan, lanjut Wirawan, juga memberdayakan masyarakat sekitar terutama kaum wanita yang tergabung dalam Kelompok Wanita Tani untuk menciptakan lingkungan bersih dan sehat.


  
""Selain mengembangkan kuliner, kami juga memberdayakan kaum perempuan untuk memilah sampah menjadi bank sampah. Selain mampu menciptakan lingkungan yang bersih dan sehat. Program ini juga bisa menambah pemasukan ibu-ibu kita,"" tambah Wirawan.
    
        Bayangkan seorang anak Indonesia bercita-cita menjadi dokter tetapi hanya memiliki satu buku lusuh untuk belajar. Bersama Ekspedisi Kata ke Nyata Kompas.com, Anda bisa membantu mengubah kisah itu. Mari hadirkan akses literasi bagi anak-anak di berbagai pelosok Indonesia melalui donasi lewat tautan https://bit.ly/JagatLiterasi2026. Setiap kebaikan yang Anda berikan bukan hanya membuka jendela pengetahuan, tetapi juga membuka masa depan mereka.",travel.kompas.com,"Dajan Peken, 82114, Tabanan, Tabanan, Bali, Indonesia",-8.536609490935,115.13552944186335,5,"2, 7","kejaksaan, kejatibali, kejaritabanan, tabanan, news"
Tabanan Arsip Page 599 of 599,2026-09-25T16:08:02.000Z,"Kabupaten Tabanan, Bali, Indonesia",Tabanan Arsip | Page 599 of 599 - BALIPOST.com,"Galian C Kelating Akhirnya Ditutup SementaraTabanan Kamis, 9 Maret 2017 | 16:44:04 TABANAN, BALIPOST.com – Sehari setelah Ombudsman Republik Indonesia (ORI) Bali turun mengusut ijin aktivitas galian C di desa Kelating, kecamatan Kerambitan, Kamis (9/3) giliran Kepala...Ombudsman Usut Ijin Galian C di KelatingTabanan Rabu, 8 Maret 2017 | 16:29:08 TABANAN, BALIPOST.com – Status perijinan galian C di Desa Kelating, Kecamatan Kerambitan, yang diduga bodong rupanya mendapatkan perhatian serius dari Ombudsman Republik Indonesia (ORI)...Dedik Simpan Narkoba di Saku CelanaTabanan Rabu, 8 Maret 2017 | 15:58:34 TABANAN, BALIPOST.com – Anggota satuan narkoba menciduk I Made Ambara alias Dedik (27) di pertigaan jalan Padma, depan UD Manik Mulia, banjar Pande, Kediri,....",,"Pada Hari Jumat , 25 September 2026 16:08, Tabanan, Tabanan, Bali

Galian C Kelating Akhirnya Ditutup SementaraTabanan Kamis, 9 Maret 2017 | 16:44:04 TABANAN, BALIPOST.com – Sehari setelah Ombudsman Republik Indonesia (ORI) Bali turun mengusut ijin aktivitas galian C di desa Kelating, kecamatan Kerambitan, Kamis (9/3) giliran Kepala...Ombudsman Usut Ijin Galian C di KelatingTabanan Rabu, 8 Maret 2017 | 16:29:08 TABANAN, BALIPOST.com – Status perijinan galian C di Desa Kelating, Kecamatan Kerambitan, yang diduga bodong rupanya mendapatkan perhatian serius dari Ombudsman Republik Indonesia (ORI)...Dedik Simpan Narkoba di Saku CelanaTabanan Rabu, 8 Maret 2017 | 15:58:34 TABANAN, BALIPOST.com – Anggota satuan narkoba menciduk I Made Ambara alias Dedik (27) di pertigaan jalan Padma, depan UD Manik Mulia, banjar Pande, Kediri,...",BALIPOST.com,"Dajan Peken, 82114, Tabanan, Tabanan, Bali, Indonesia",-8.536609490935,115.13552944186335,5,"2, 7","kejaksaan, kejatibali, kejaritabanan, tabanan, news"
Prabowo Santap MBG Bareng Siswa Sekolah Rakyat di Tabanan,2026-06-07T07:00:00.000Z,"Kabupaten Tabanan, Bali, Indonesia",Prabowo Santap MBG Bareng Siswa Sekolah Rakyat di Tabanan - Kompas.com,"JAKARTA, KOMPAS.com - Presiden Prabowo Subianto sempat menyantap Makan Bergizi Gratis (MBG) saat menyambangi Sekolah Rakyat Menengah Pertama (SRMP) 17 Tabanan, Bali, Minggu (7/6/2026). Dilihat dari tayangan video Badan Komunikasi Pemerintah RI, Kepala Negara mulanya memberi sepatah dua patah arahan di hadapan para pelajar dan orang tua murid SRMP 17 Tabanan, Bali.","Ia lalu beranjak menuju ruang makan yang acapkali digunakan oleh para pelajar untuk santap siang. Setibanya di sana, kedatangan Prabowo disambut oleh salah seolah siswa yang sudah berdiri tegak, siap memberikan laporan.","Pada Hari Minggu , 7 Juni 2026 07:00, Tabanan, Tabanan, Bali

JAKARTA, KOMPAS.com - Presiden Prabowo Subianto sempat menyantap Makan Bergizi Gratis (MBG) saat menyambangi Sekolah Rakyat Menengah Pertama (SRMP) 17 Tabanan, Bali, Minggu (7/6/2026).  Dilihat dari tayangan video Badan Komunikasi Pemerintah RI, Kepala Negara mulanya memberi sepatah dua patah arahan di hadapan para pelajar dan orang tua murid SRMP 17 Tabanan, Bali.  Ia lalu beranjak menuju ruang makan yang acapkali digunakan oleh para pelajar untuk santap siang. Setibanya di sana, kedatangan Prabowo disambut oleh salah seolah siswa yang sudah berdiri tegak, siap memberikan laporan.  “Lapor! Makan siang siap dilaksanakan,” ucap salah seorang siswa yang memimpin dan melapor kepada Prabowo. “Laksanakan!” sahut Prabowo.
Baca juga: Prabowo: Pendidikan Bisa Buat Rakyat Sejahtera di Semua Bidang



 Prabowo kemudian menyempatkan diri untuk berbincang singkat dengan siswa tersebut, menanyakan dari mana asalnya dan tinggal bersama siapa di Pulau Dewata ini. Setelah itu, Prabowo duduk di tengah-tengah ruang makan bersama para siswa dan wali murid. Menu Makan Bergizi Gratis tersebut pun disantap dengan lahap. “Enak,” sahut seorang pelajar menutup santap siangnya tatkala usai menyantap Makan Bergizi Gratis di SRMP 17 Tabanan.
Baca juga: Prabowo Ingatkan Siswa Sekolah Rakyat di Bali: Belajar Disiplin, Patuh Sama Guru
Prabowo sampaikan manfaan Sekolah Rakyat dan pendidikan
Adapun dalam sambutannya, Prabowo menyebut bahwa Sekolah Rakyat dibangun untuk membantu masyarakat yang paling susah dan yang paling kurang berdaya.  Oleh karenanya Prabowo menekankan, usaha untuk membuat masyarakat hidup lebih baik dan lebih layak adalah usaha yang sangat besar.  Pendidikan kata Prabowo, menjadi salah satu yang ia prioritaskan.  ""Pendidikan yang bisa membuat rakyat sejahtera di semua bidang. Pendidikan dan latihan untuk petani, latihan untuk guru, untuk perawat, semua bidang harus kita tingkatkan pendidikan dan latihan,"" tandas Prabowo.




  




    
        Bayangkan seorang anak Indonesia bercita-cita menjadi dokter tetapi hanya memiliki satu buku lusuh untuk belajar. Bersama Ekspedisi Kata ke Nyata Kompas.com, Anda bisa membantu mengubah kisah itu. Mari hadirkan akses literasi bagi anak-anak di berbagai pelosok Indonesia melalui donasi lewat tautan https://bit.ly/JagatLiterasi2026. Setiap kebaikan yang Anda berikan bukan hanya membuka jendela pengetahuan, tetapi juga membuka masa depan mereka.    
                    Batas akses KARIN
                    
                        Kamu sudah mencapai batas akses KARIN.
                        Gabung membership Kompas.com+ MAX untuk bertanya lebih banyak dan memahami berita dengan lebih leluasa.
                    
                
            
                    
                    
                    Tidak akurat
                
                
                    
                    
                    Tidak relevan
                
                
                    
                    
                    Menyinggung
                
                
                    
                    
                    Terlalu lama
                
                
                    
                    
                    Isu privasi
                
                
                    
                    
                    Lainnya
                
            
            
                    Khusus Member
                    
                        Akses Tanya Langsung Tersedia untuk Member
                        Gabung membership Kompas.com+ MAX untuk bertanya lebih banyak dan memahami berita dengan lebih leluasa.",Kompas.com,"Dajan Peken, 82114, Tabanan, Tabanan, Bali, Indonesia",-8.536609490935,115.13552944186335,5,"2, 7","kejaksaan, kejatibali, kejaritabanan, tabanan, news"
Belajar Tentang Herbal dan Kopi Aktivitas Wisata Baru di Tabanan,2016-12-13T08:00:00.000Z,"Kabupaten Tabanan, Bali, Indonesia","Belajar Tentang Herbal dan Kopi, Aktivitas Wisata Baru di Tabanan - travel.kompas.com","JAKARTA, KOMPAS.com - Bali kini memiliki obyek wisata edukasi baru bernama Bali Secret Garden. Wisatawan bisa belajar tentang kekayaan herbal Indonesia yang belum banyak diketahui.","Misalnya, pembuatan lulur tradisional dan keunggulan kopi Tanah Air.""Ini objek wisata dan edukasi herborist pertama di Bali Utara. Namanya Bali Secret Garden.","Pada Hari Selasa , 13 Desember 2016 08:00, Tabanan, Tabanan, Bali

JAKARTA, KOMPAS.com - Bali kini memiliki obyek wisata edukasi baru bernama Bali Secret Garden. Wisatawan bisa belajar tentang kekayaan herbal Indonesia yang belum banyak diketahui. Misalnya, pembuatan lulur tradisional dan keunggulan kopi Tanah Air.""Ini objek wisata dan edukasi herborist pertama di Bali Utara. Namanya Bali Secret Garden. Wahananya telah resmi dibuka per 9 Desember 2016 oleh Menteri Pariwisata Arief Yahya. Ini menjadi destinasi baru pariwisata Bali,” terang Ketua Tim Percepatan Wisata Kuliner dan Belanja Kemenpar, Vita Datau Messakh seperti dikutip dari siaran pers Kementerian Pariwisata kepada KompasTravel, Senin (12/12/2016).Secara arsitektur, bangunan Secret Garden Village adalah perpaduan unsur modern dan tradisional khas Bali. Bangunan di Secret Garden Village ini terinspirasi dari pegunungan yang ada di sekitar Tabanan.Di Bali Secret Garden, wisatawan bisa mengunjungi Oemah Herborist Factory Outlet dan menjumpai salah satu produk kecantikan yang terkenal dengan lulur khas Bali-nya. Di area ini, pengunjung akan diajak mengunjungi Beauty Heritage Museum yang menyimpan sejarah dunia kecantikan dan kosmetik di Indonesia. Pengunjung juga bisa membuat kosmetik dari bahan alami di area mini plant serta menonton film pendek tentang kosmetik Indonesia dari masa ke masa.
Selanjutnya, ada wisata edukasi tentang kopi di Black Eye Coffee and Roastery yang bisa dinikmati. Di bagian ini, pengunjung bisa mempelajari proses pembuatan kopi berkualitas tinggi yang diracik langsung oleh para barista.
Dok. Bali Secret Garden Bagi pecinta kopi, Black Eye Coffee memberikan Anda kesempatan untuk menjelajah museum kopi, melihat proses pembuatan mulai dari pemrosesan biji mentah hingga menjadi kopi bubuk berkualitas tinggi, menyesap lezatnya kopi dari berbagai macam jenis, dan tentunya memilih berbagai jenis kopi untuk Anda bawa pulang.Sambil beristirahat sejenak, pengunjung juga bisa menikmati berbagai jenis kopi khas Nusantara seperti Kopi Toraja, Aceh, Lampung, Jawa, dan kopi dari beragam daerah lain.



“Kopi yang diolah di sini semuanya adalah kopi khas Nusantara, namun pengolahannya menggunakan mesin yang modern,” tambah Vita.
Bagi pecinta kopi, Black Eye Coffee memberikan Anda kesempatan untuk menjelajah museum kopi, melihat proses pembuatan mulai dari proses pengolahan biji mentah hingga menjadi kopi bubuk berkualitas tinggi, menyesap lezatnya kopi dari berbagai macam jenis, dan tentunya memilih berbagai jenis kopi untuk Anda bawa pulang.
Selain dua aktivitas tersebut, Anda dapat menikmati indahnya alam Bedugul yang dikelilingi perbukitan sambil menikmati kuliner lezat khas Bali dan menu internasional di Rice View Resto. Tempat makan ini khusus untuk BBQ, sementara The Luwus Resto yang menyediakan menu Nusantara dan menu masakan Asia.“Menu tradisional Tabanan Bebek Luwung menjadi makanan andalan tempat ini, selain makanan seafood dan makanan Western lainnya. Bebek luwung diolah dengan bumbu khas Bali yang memberikan pengalaman rasa secara lengkap,” terang wanita yang juga menjabat Ketua Akademi Gastronomi Indonesia itu.Dok. Bali Secret Garden Gourmet Bali Secret GardenBagi yang suka swafoto, silahkan arahkan pandangan ke Beauty Garden dengan hiasan taman yang indah. 
“Konsep Gourmet Beauty tersaji secara indah dan dapat diekpresikan sebagai usaha menggabungkan pengalaman panca indra yang lengkap visual, rasa, penciuman, pendengaran dan sentuhan. Sangat cocok untuk wisata keluarga. Ini menjadi aset promosi untuk mendatangkan wisatawan mancanegara khususnya wisatawan gastronomi,” tambah Vita.Menpar Arief Yahya menilai objek wisata baru ini berhasil menggabungkan pariwisata dan ekonomi kreatif. Menurutnya, Secret Garden Village akan ikut membantu upaya pemerintah meningkatkan kontribusi pariwisata dan ekonomi kreatif.
“Bangsa ini hanya bisa menangkan persaingan di ekonomi kreatif.‎ Kita akan menangkan persaingan dengan relatif mudah di pariwisata dan ekonomi kreatif,” jelasnya.
Dia memaparkan objek wisata di kawasan Bali Utara ini menggabungkan ekonomi kreatif kuliner dan fashion khususnya produk kosmetik. Dua pilihan tersebut dinilai sangat bagus, karena kedua sektor tersebut merupakan penyumbang terbesar devisa dari ekonomi kreatif.Dok. Bali Secret Garden Gourmet Bali Secret Garden Pemilik Secret Garden Village, Billy Hartono Salim mengharapkan keberadaan objek baru ini dapat menjadi ikon baru di Bali khususnya di Kabupaten Tabanan.
“Keberadaan objek baru ini sekaligus untuk menempatkan investasi tidak terbatas di Bali selatan saja, tetapi ke utara,” jelas Billy yang beruntung bisa dihadiri Menpar Arief Yahya.
Bagi yang ingin menyambangi Bali Secret Garden, lokasinya terbilang mudah dijangkau. Destinasi wisata dengan slogan ""The Next Iconic Destination of Bali Island"" itu terletak di Tabanan Km 36.


  


        Bayangkan seorang anak Indonesia bercita-cita menjadi dokter tetapi hanya memiliki satu buku lusuh untuk belajar. Bersama Ekspedisi Kata ke Nyata Kompas.com, Anda bisa membantu mengubah kisah itu. Mari hadirkan akses literasi bagi anak-anak di berbagai pelosok Indonesia melalui donasi lewat tautan https://bit.ly/JagatLiterasi2026. Setiap kebaikan yang Anda berikan bukan hanya membuka jendela pengetahuan, tetapi juga membuka masa depan mereka.",travel.kompas.com,"Dajan Peken, 82114, Tabanan, Tabanan, Bali, Indonesia",-8.536609490935,115.13552944186335,5,"2, 7","kejaksaan, kejatibali, kejaritabanan, tabanan, news"
Tabanan Arsip Page 11 of 591,2020-07-12T09:19:59.000Z,"Kabupaten Tabanan, Bali, Indonesia",Tabanan Arsip | Page 11 of 591 - BALIPOST.com,"Tim Buru Sapa Satpol PP Tabanan Sasar Pengamen dan Anak PunkTabanan Jumat, 21 Agustus 2026 | 17:59:14 SINGASANA, BALIPOST.com - Tim Buru Sapa Satuan Polisi Pamong Praja (Satpol PP) Kabupaten Tabanan terus mengintensifkan monitoring terhadap keberadaan pengamen dan anak punk yang...Reses Nyoman Parta di Tabanan, Soroti Persoalan LPD dan Kasus Juwuk LegiTabanan Jumat, 21 Agustus 2026 | 17:54:11 SINGASANA, BALIPOST.com - Persoalan terkait pengelolaan keuangan Lembaga Perkreditan Desa (LPD) serta kasus di Banjar Juwuk Legi, Desa Batunya, Kecamatan Baturiti, menjadi perhatian Anggota...5 Berita Terpopuler: Dari Amdal Tol Gilimanuk-Mengwi Mulai Disusun hingga PPPK Alih StatusTabanan Jumat, 21 Agustus 2026 | 08:00:47 DENPASAR, BALIPOST.com - Pada Kamis (20/8) sejumlah peristiwa terjadi. Dari Amdal Tol Gilimanuk-Mengwi mulai disusun hingga PPPK beralih status masih tunggu regulasi pusat menjadi...Amdal Tol Gilimanuk-Mengwi Mulai Disusun, Pemerintah Diminta Pastikan Proyek BerlanjutTabanan Kamis, 20 Agustus 2026 | 17:57:05 SINGASANA, BALIPOST.com – Konsultasi publik penyusunan analisis mengenai dampak lingkungan (amdal) Jalan Tol Gilimanuk-Mengwi tahap pertama digelar di Gedung Graha Sanjayaning Singasana, Tabanan, Kamis...Penguatan Peran Kader Posyandu lewat Terapi Komplementer dan Pengelolaan Limbah Rumah Tangga di Desa...Tabanan Kamis, 20 Agustus 2026 | 16:16:04 SINGASANA, BALIPOST.com - Tim Pengabdian Kepada Masyarakat oleh  dari Institut Teknologi dan Kesehatan (ITEKES) Bintang Persada melaksanakan kegiatan Pengabdian Masyarakat: Penguatan Peran Kader Posyandu...Tiga Desa Siapkan Lahan KDMP, Dandim Tabanan Cek Kondisi LapanganTabanan Kamis, 20 Agustus 2026 | 11:51:21 SINGASANA, BALIPOST.com - Pengembangan Koperasi Desa Merah Putih (KDMP) selama ini terkendala kesiapan lahan, begitu juga di kabupaten Tabanan.","Memastikan kesiapan pembangunan di lapangan, Dandim...Tupai Jadi Hama, Selabih Hidupkan Lagi Tradisi Berburu di KebunTabanan Rabu, 19 Agustus 2026 | 21:41:38 SINGASANA, BALIPOST.com – Populasi tupai yang cukup banyak hingga mengganggu tanaman perkebunan mendorong petani di Desa Selabih, Kecamatan Selemadeg Barat, Tabanan, menggelar lomba menembak...Dua Bulan Berlalu, Kasus Pengeroyokan ASN Tabanan Masih LidikTabanan Rabu, 19 Agustus 2026 | 21:29:46 SINGASANA, BALIPOST.com – Kasus pengeroyokan terhadap seorang aparatur sipil negara (ASN) berinisial IGN CEP (26) di wilayah Banjar Dinas Lodalang, Desa Kukuh, Marga, hingga...Amanah Baru, Basuki Raharjo Nakhodai Lapas TabananTabanan Rabu, 19 Agustus 2026 | 18:08:06 SINGASANA, BALIPOST.com – Tongkat kepemimpinan Lembaga Pemasyarakatan (Lapas) Kelas IIB Tabanan berganti. Basuki Raharjo resmi dilantik sebagai Kepala Lapas Tabanan dalam pelantikan pejabat manajerial...Saksi Dugaan Korupsi Dinkes Tabanan Bertambah, Penyidik Periksa 20 OrangTabanan Rabu, 19 Agustus 2026 | 18:01:55 SINGASANA, BALIPOST.com – Penyidikan dugaan korupsi di Dinas Kesehatan (Dinkes) Tabanan masih terus berproses.","Pada Hari Minggu , 12 Juli 2020 09:19, Tabanan, Tabanan, Bali

Tim Buru Sapa Satpol PP Tabanan Sasar Pengamen dan Anak PunkTabanan Jumat, 21 Agustus 2026 | 17:59:14 SINGASANA, BALIPOST.com - Tim Buru Sapa Satuan Polisi Pamong Praja (Satpol PP) Kabupaten Tabanan terus mengintensifkan monitoring terhadap keberadaan pengamen dan anak punk yang...Reses Nyoman Parta di Tabanan, Soroti Persoalan LPD dan Kasus Juwuk LegiTabanan Jumat, 21 Agustus 2026 | 17:54:11 SINGASANA, BALIPOST.com - Persoalan terkait pengelolaan keuangan Lembaga Perkreditan Desa (LPD) serta kasus di Banjar Juwuk Legi, Desa Batunya, Kecamatan Baturiti, menjadi perhatian Anggota...5 Berita Terpopuler: Dari Amdal Tol Gilimanuk-Mengwi Mulai Disusun hingga PPPK Alih StatusTabanan Jumat, 21 Agustus 2026 | 08:00:47 DENPASAR, BALIPOST.com - Pada Kamis (20/8) sejumlah peristiwa terjadi. Dari Amdal Tol Gilimanuk-Mengwi mulai disusun hingga PPPK beralih status masih tunggu regulasi pusat menjadi...Amdal Tol Gilimanuk-Mengwi Mulai Disusun, Pemerintah Diminta Pastikan Proyek BerlanjutTabanan Kamis, 20 Agustus 2026 | 17:57:05 SINGASANA, BALIPOST.com – Konsultasi publik penyusunan analisis mengenai dampak lingkungan (amdal) Jalan Tol Gilimanuk-Mengwi tahap pertama digelar di Gedung Graha Sanjayaning Singasana, Tabanan, Kamis...Penguatan Peran Kader Posyandu lewat Terapi Komplementer dan Pengelolaan Limbah Rumah Tangga di Desa...Tabanan Kamis, 20 Agustus 2026 | 16:16:04 SINGASANA, BALIPOST.com - Tim Pengabdian Kepada Masyarakat oleh  dari Institut Teknologi dan Kesehatan (ITEKES) Bintang Persada melaksanakan kegiatan Pengabdian Masyarakat: Penguatan Peran Kader Posyandu...Tiga Desa Siapkan Lahan KDMP, Dandim Tabanan Cek Kondisi LapanganTabanan Kamis, 20 Agustus 2026 | 11:51:21 SINGASANA, BALIPOST.com - Pengembangan Koperasi Desa Merah Putih (KDMP) selama ini terkendala kesiapan lahan, begitu juga di kabupaten Tabanan. Memastikan kesiapan pembangunan di lapangan, Dandim...Tupai Jadi Hama, Selabih Hidupkan Lagi Tradisi Berburu di KebunTabanan Rabu, 19 Agustus 2026 | 21:41:38 SINGASANA, BALIPOST.com – Populasi tupai yang cukup banyak hingga mengganggu tanaman perkebunan mendorong petani di Desa Selabih, Kecamatan Selemadeg Barat, Tabanan, menggelar lomba menembak...Dua Bulan Berlalu, Kasus Pengeroyokan ASN Tabanan Masih LidikTabanan Rabu, 19 Agustus 2026 | 21:29:46 SINGASANA, BALIPOST.com – Kasus pengeroyokan terhadap seorang aparatur sipil negara (ASN) berinisial IGN CEP (26) di wilayah Banjar Dinas Lodalang, Desa Kukuh, Marga, hingga...Amanah Baru, Basuki Raharjo Nakhodai Lapas TabananTabanan Rabu, 19 Agustus 2026 | 18:08:06 SINGASANA, BALIPOST.com – Tongkat kepemimpinan Lembaga Pemasyarakatan (Lapas) Kelas IIB Tabanan berganti. Basuki Raharjo resmi dilantik sebagai Kepala Lapas Tabanan dalam pelantikan pejabat manajerial...Saksi Dugaan Korupsi Dinkes Tabanan Bertambah, Penyidik Periksa 20 OrangTabanan Rabu, 19 Agustus 2026 | 18:01:55 SINGASANA, BALIPOST.com – Penyidikan dugaan korupsi di Dinas Kesehatan (Dinkes) Tabanan masih terus berproses. Hingga Rabu (19/8), Kejaksaan Negeri (Kejari) Tabanan telah memeriksa 20...  Muat lebih",BALIPOST.com,"Dajan Peken, 82114, Tabanan, Tabanan, Bali, Indonesia",-8.536609490935,115.13552944186335,5,"2, 7","kejaksaan, kejatibali, kejaritabanan, tabanan, news"
Pria di Tabanan Perkosa Anak dan Keponakan Terungkap karena Korban Cerita ke Guru,2022-11-03T07:00:00.000Z,"Kabupaten Tabanan, Bali, Indonesia","Pria di Tabanan Perkosa Anak dan Keponakan, Terungkap karena Korban Cerita ke Guru - Kompas.com","TABANAN, KOMPAS.com - Seorang pria asal Desa Delod Peken, Kecamatan Tabanan, Kabupaten Tabanan, Provinsi Bali, berinisial IKEA (48) ditangkap polisi karena diduga memerkosa anak kandungnya sendiri yang berusia 13 tahun dan keponakannya yang berusia 14 tahun.
Kasus ini terungkap setelah korban bercerita kepada gurunya. Guru korban pun melapor ke polisi, Selasa (1/11/2022).","Pelaku kemudian ditangkap polisi sehari setelahnya, Rabu (2/11/2022).
""Modus pelaku melakukan persetubuhan terhadap anak di bawah umur dengan bujuk rayu dan ancaman kekerasan,"" kata Kapolres Tabanan AKBP Renefli Dian Candra saat dihubungi, Kamis (3/11/2022).Baca juga: Merantai 2 Anaknya, Ibu Kandung dan Sang Kekasih di Tabanan Ditetapkan Tersangka 
Ia mengungkapkan, pelaku IKEA diduga memerkosa anak kandungnya sendiri berkali-kali.
Kejadian pertama pada 2019 di kamar bengkel pelaku. Saat itu korban masih duduk di bangku kelas 4 SD.




Kemudian pada 2020 pelaku kembali mencabuli anaknya.","Pada Hari Kamis , 3 November 2022 07:00, Tabanan, Tabanan, Bali

TABANAN, KOMPAS.com - Seorang pria asal Desa Delod Peken, Kecamatan Tabanan, Kabupaten Tabanan, Provinsi Bali, berinisial IKEA (48) ditangkap polisi karena diduga memerkosa anak kandungnya sendiri yang berusia 13 tahun dan keponakannya yang berusia 14 tahun.
Kasus ini terungkap setelah korban bercerita kepada gurunya. Guru korban pun melapor ke polisi, Selasa (1/11/2022). Pelaku kemudian ditangkap polisi sehari setelahnya, Rabu (2/11/2022).
""Modus pelaku melakukan persetubuhan terhadap anak di bawah umur dengan bujuk rayu dan ancaman kekerasan,"" kata Kapolres Tabanan AKBP Renefli Dian Candra saat dihubungi, Kamis (3/11/2022).Baca juga: Merantai 2 Anaknya, Ibu Kandung dan Sang Kekasih di Tabanan Ditetapkan Tersangka 
Ia mengungkapkan, pelaku IKEA diduga memerkosa anak kandungnya sendiri berkali-kali.
Kejadian pertama pada 2019 di kamar bengkel pelaku. Saat itu korban masih duduk di bangku kelas 4 SD.




Kemudian pada 2020 pelaku kembali mencabuli anaknya. Terakhir, aksi bejat itu dilakukan pelaku pada 14 Oktober 2022 di tempat yang sama yakni kamar bengkel milik pelaku.Tak hanya itu, pelaku IKEA juga diduga memerkosa keponakannya sebanyak 3 kali yaitu pada tahun 2019 dua kali, dan tahun 2020.
Bahkan, pada tahun 2019 pelaku diduga memerkosa anaknya dan keponakannya berbarengan.
Baca juga: Pria di Tabanan yang Hanyut Saat Mandi di Sungai Ditemukan Meninggal
Kepada polisi, pelaku IKEA mengaku tega memerkosa anak dan keponakannya sendiri karena sudah lama tidak mendapatkan kebutuhan biologis dari istrinya yang sudah sakit selama 14 tahun.
""Kalau pengakuan dia (pelaku) karena khilaf. Kami terus melakukan pemeriksaan. Apakah ada kelainan seksual kami belum pastikan karena kami belum periksa kejiwaannya,"" ujarnya.




  

    
        Bayangkan seorang anak Indonesia bercita-cita menjadi dokter tetapi hanya memiliki satu buku lusuh untuk belajar. Bersama Ekspedisi Kata ke Nyata Kompas.com, Anda bisa membantu mengubah kisah itu. Mari hadirkan akses literasi bagi anak-anak di berbagai pelosok Indonesia melalui donasi lewat tautan https://bit.ly/JagatLiterasi2026. Setiap kebaikan yang Anda berikan bukan hanya membuka jendela pengetahuan, tetapi juga membuka masa depan mereka.",Kompas.com,"Dajan Peken, 82114, Tabanan, Tabanan, Bali, Indonesia",-8.536609490935,115.13552944186335,5,"2, 7","kejaksaan, kejatibali, kejaritabanan, tabanan, news"
