title,when_,where,who,what,why,how,source_agent_report,location_name,latitude,longitude,category,data_of_information,hashtags
Pemkab Tabanan Lakasanakan Persembahyangan Bhakti Penganyar di Pura Tuluk Biyu,2026-09-27T02:07:00.000Z,"Kabupaten Tabanan, Bali, Indonesia",Pemkab Tabanan Lakasanakan Persembahyangan Bhakti Penganyar di Pura Tuluk Biyu - RRI.co.id,"Bupati Tabanan I Komang Gede Sanjaya menghadiri Persembahyangan Bhakti Penganyar Pemerintah Kabupaten Tabanan serangkaian Puncak Karya Agung Madewasraya lan Pujawali Ngusaba Purnamaning Sasih Kapat ring Pura Tuluk Biyu Batur (Foto : Humas Pemkab Tabanan)
                                                    
                                                                                            
                                                                                                            
                                
                                RRI.CO.ID, Tabanan – Bupati Tabanan I Komang Gede Sanjaya menghadiri Persembahyangan Bhakti Penganyar Pemerintah Kabupaten Tabanan serangkaian Puncak Karya Agung Madewasraya lan Pujawali Ngusaba Purnamaning Sasih Kapat ring Pura Tuluk Biyu Batur, Desa Batur, Kintamani, Bangli, Sabtu, 26 September 2026. Kehadiran Bupati Sanjaya bersama Sekda dan jajaran Pemkab Tabanan menjadi wujud bhakti sekaligus kebersamaan dalam mendukung pelaksanaan karya yadnya dan memohon kerahayuan bagi seluruh umat serta jagat Bali.","Bhakti Penganyar ini juga menjadi momentum bagi pemerintah daerah untuk turut hadir dan menyatu bersama masyarakat dalam pelaksanaan kegiatan keagamaan, sekaligus memperkuat semangat menyama braya yang menjadi bagian penting dalam kehidupan sosial masyarakat Bali. Selain itu, kehadiran Pemkab Tabanan dalam pelaksanaan Bhakti Penganyar ini merupakan bentuk rasa syukur dan bhakti bersama.Bupati Sanjaya menilai pelaksanaan karya keagamaan juga memiliki makna penting dalam menjaga keberlangsungan adat, agama, tradisi dan budaya Bali.","Pada Hari Minggu , 27 September 2026 02:07, Tabanan, Tabanan, Bali

Bupati Tabanan I Komang Gede Sanjaya menghadiri Persembahyangan Bhakti Penganyar Pemerintah Kabupaten Tabanan serangkaian Puncak Karya Agung Madewasraya lan Pujawali Ngusaba Purnamaning Sasih Kapat ring Pura Tuluk Biyu Batur (Foto : Humas Pemkab Tabanan)
                                                    
                                                                                            
                                                                                                            
                                
                                RRI.CO.ID, Tabanan – Bupati Tabanan I Komang Gede Sanjaya menghadiri Persembahyangan Bhakti Penganyar Pemerintah Kabupaten Tabanan serangkaian Puncak Karya Agung Madewasraya lan Pujawali Ngusaba Purnamaning Sasih Kapat ring Pura Tuluk Biyu Batur, Desa Batur, Kintamani, Bangli, Sabtu, 26 September 2026. Kehadiran Bupati Sanjaya bersama Sekda dan jajaran Pemkab Tabanan menjadi wujud bhakti sekaligus kebersamaan dalam mendukung pelaksanaan karya yadnya dan memohon kerahayuan bagi seluruh umat serta jagat Bali. Bhakti Penganyar ini juga menjadi momentum bagi pemerintah daerah untuk turut hadir dan menyatu bersama masyarakat dalam pelaksanaan kegiatan keagamaan, sekaligus memperkuat semangat menyama braya yang menjadi bagian penting dalam kehidupan sosial masyarakat Bali. Selain itu, kehadiran Pemkab Tabanan dalam pelaksanaan Bhakti Penganyar ini merupakan bentuk rasa syukur dan bhakti bersama.Bupati Sanjaya menilai pelaksanaan karya keagamaan juga memiliki makna penting dalam menjaga keberlangsungan adat, agama, tradisi dan budaya Bali. Menurutnya, nilai-nilai kebersamaan yang tumbuh melalui kegiatan ngayah dan gotong royong merupakan kekuatan yang perlu terus dipelihara di tengah masyarakat.Ia juga menyampaikan apresiasi kepada seluruh pengempon, panitia, krama serta seluruh pihak yang telah bergotong royong sehingga rangkaian Karya Agung Madewasraya dan Pujawali Ngusaba Purnamaning Sasih Kapat dapat terlaksana. Sementara itu, Ketua Panitia Karya Agung Madewasraya, I Wayan Gunawan, menyampaikan apresiasi dan terima kasih atas kehadiran seluruh undangan serta pihak yang telah memberikan dukungan terhadap pelaksanaan karya. Menurutnya, dukungan berbagai pihak menjadi bagian penting dalam kelancaran rangkaian upacara yang dilaksanakan di Pura Tuluk Biyu Batur. “Kami menyampaikan terima kasih kepada seluruh pihak yang telah hadir dan memberikan dukungan, pemikiran maupun tenaga dalam pelaksanaan Karya Agung Madewasraya ini. Semoga seluruh rangkaian karya berjalan lancar dan membawa kerahayuan, kedamaian serta kesejahteraan bagi seluruh masyarakat,” ungkapnya.Usai persembahyangan, Bupati Sanjaya bersama Gubernur Koster menuju tempat prasasti Pura Tuluk Biyu Batur. Dalam kesempatan tersebut Gubernur Bali serta Ketua Pengurus Harian Parisada Hindu Dharma Indonesia (PHDI) Provinsi Bali melaksanakan penandatanganan prasasti. Hal ini menunjukkan komitmen bersama untuk terus bersinergi dan hadir bersama masyarakat dalam menjaga serta melestarikan adat, agama, tradisi dan budaya Bali. 


                                
                                
                                
                                
                                
                                            
                                        
                                                                    

                                


                                
                                                                    
                                    
                                
                                                                                                                                                                                
                            
                            
                                                                        
                                                                
                                    
                                        
                                            Berita
                                        
                                    
                                    Terbaru Lainnya
                                
                                
                            
                            
                                    
                                    
                                        Memuat berita terbaru.....",RRI.co.id,"Dajan Peken, 82114, Tabanan, Tabanan, Bali, Indonesia",-8.536609490935,115.13552944186335,5,"2, 7","kejaksaan, kejatibali, kejaritabanan, tabanan, news"
Pemkab Tabanan Gelar Sembahyang Bersama di Pura Penataran Agung Lempuyang Madya,2026-09-27T02:08:00.000Z,"Kabupaten Tabanan, Bali, Indonesia",Pemkab Tabanan Gelar Sembahyang Bersama di Pura Penataran Agung Lempuyang Madya - RRI.co.id,"Bupati Tabanan I Komang Gede Sanjaya mengikuti persembahyangan Bhakti Penganyar di Pura Penataran Agung Lempuyang Madya Karangasem (Foto : Humas Pemkab Tabanan)
                                                    
                                                                                            
                                                                                                            
                                
                                RRI.CO.ID, Tabanan – Nuansa sradha bhakti dan kebersamaan mewarnai pelaksanaan Karya Melaspas, Mendem Pedagingan lan Pujawali Catur ring Pura Penataran Agung Lempuyang Madya, Desa Lempuyang, Kecamatan Abang, Kabupaten Karangasem, Sabtu 26 September 2026. Dalam momentum sakral yang bertepatan dengan Rahina Purnama Kapat tersebut, Bupati Tabanan I Komang Gede Sanjaya, mengikuti persembahyangan Bhakti Penganyar Pemerintah Kabupaten Tabanan sebagai wujud bhakti sekaligus dukungan terhadap pelestarian adat, agama, dan budaya Bali.","Bupati Sanjaya turut mengikuti prosesi Mendem Pedagingan di Pura Luhur Lempuyang, khususnya pada kawasan Batu Payogan Dukuh, sebagai bagian dari rangkaian upacara setelah dilaksanakannya penataan dan penyempurnaan pura. Prosesi tersebut menjadi bagian penting dalam mengembalikan fungsi, kesucian, dan kelengkapan niskala pura sebagai tempat suci yang memiliki kedudukan penting dalam kehidupan spiritual masyarakat Bali.Bupati Sanjaya menyampaikan apresiasi atas terselenggaranya rangkaian karya dan Pujawali tersebut.","Pada Hari Minggu , 27 September 2026 02:08, Tabanan, Tabanan, Bali

Bupati Tabanan I Komang Gede Sanjaya mengikuti persembahyangan Bhakti Penganyar di Pura Penataran Agung Lempuyang Madya Karangasem (Foto : Humas Pemkab Tabanan)
                                                    
                                                                                            
                                                                                                            
                                
                                RRI.CO.ID, Tabanan – Nuansa sradha bhakti dan kebersamaan mewarnai pelaksanaan Karya Melaspas, Mendem Pedagingan lan Pujawali Catur ring Pura Penataran Agung Lempuyang Madya, Desa Lempuyang, Kecamatan Abang, Kabupaten Karangasem, Sabtu 26 September 2026. Dalam momentum sakral yang bertepatan dengan Rahina Purnama Kapat tersebut, Bupati Tabanan I Komang Gede Sanjaya, mengikuti persembahyangan Bhakti Penganyar Pemerintah Kabupaten Tabanan sebagai wujud bhakti sekaligus dukungan terhadap pelestarian adat, agama, dan budaya Bali. Bupati Sanjaya turut mengikuti prosesi Mendem Pedagingan di Pura Luhur Lempuyang, khususnya pada kawasan Batu Payogan Dukuh, sebagai bagian dari rangkaian upacara setelah dilaksanakannya penataan dan penyempurnaan pura. Prosesi tersebut menjadi bagian penting dalam mengembalikan fungsi, kesucian, dan kelengkapan niskala pura sebagai tempat suci yang memiliki kedudukan penting dalam kehidupan spiritual masyarakat Bali.Bupati Sanjaya menyampaikan apresiasi atas terselenggaranya rangkaian karya dan Pujawali tersebut. Menurutnya, penataan dan penyempurnaan pura bukan hanya berkaitan dengan pembangunan secara fisik, tetapi juga menjadi bagian dari upaya menjaga keberadaan tempat suci serta keberlanjutan tradisi dan nilai-nilai spiritual yang telah diwariskan para leluhur.Sementara itu, Wakil Menteri Pariwisata RI, Ni Luh Enik Ermawati mengajak seluruh pihak untuk terus menjaga keajegan Bali melalui semangat kebersamaan dan kepedulian terhadap lingkungan. Pesan tersebut salah satunya diwujudkan melalui kegiatan penanaman bambu yang dilaksanakan setelah rangkaian persembahyangan, sebagai bagian dari upaya menjaga kelestarian alam Bali.Melalui pelaksanaan Bhakti Penganyar ini, Pemerintah Kabupaten Tabanan berharap rangkaian Karya Melaspas, Mendem Pedagingan lan Pujawali Catur ring Pura Penataran Agung Lempuyang Madya dapat berjalan lancar dan membawa kerahayuan bagi seluruh umat. Lebih dari itu, momentum ini diharapkan semakin memperkuat komitmen bersama untuk menjaga kesucian tempat suci, melestarikan adat dan budaya, serta mempertahankan semangat sradha bhakti dan gotong royong dalam kehidupan masyarakat Bali.


                                
                                
                                
                                
                                
                                            
                                        
                                                                    

                                


                                
                                                                    
                                    
                                
                                                                                                                                                                                
                            
                            
                                                                        
                                                                
                                    
                                        
                                            Berita
                                        
                                    
                                    Terbaru Lainnya
                                
                                
                            
                            
                                    
                                    
                                        Memuat berita terbaru.....",RRI.co.id,"Dajan Peken, 82114, Tabanan, Tabanan, Bali, Indonesia",-8.536609490935,115.13552944186335,5,"2, 7","kejaksaan, kejatibali, kejaritabanan, tabanan, news"
Bunda Rai Perkuat Sinergi PKK dan Posyandu Tabanan,2026-09-27T02:06:00.000Z,"Kabupaten Tabanan, Bali, Indonesia",Bunda Rai Perkuat Sinergi PKK dan Posyandu Tabanan - RRI.co.id,"RRI.CO.ID, Tabanan – Memperkuat pemahaman dan menyatukan langkah para kader di lapangan, Ketua TP PKK sekaligus Ketua TP Pembina Posyandu Kabupaten Tabanan, Ny. Rai Wahyuni Sanjaya memimpin Sosialisasi Tatap Muka TP PKK Kabupaten Tabanan dengan tema “Transformasi Posyandu 6 Standar Pelayanan Minimal (SPM), Mendekatkan Layanan, Meningkatkan Kualitas Hidup Masyarakat” di Ruang Rapat Utama Jayaning Singasana, Kantor Bupati Tabanan.","Pertemuan ini menjadi ruang penguatan koordinasi sekaligus evaluasi pelaksanaan program PKK dan Posyandu yang memiliki keterkaitan erat dalam pemberdayaan masyarakat.Bunda Rai menjelaskan transformasi Posyandu 6 SPM merupakan salah satu program prioritas nasional yang bertujuan memperluas fungsi Posyandu menjadi pusat pelayanan terpadu di desa/kelurahan. Transformasi tersebut diarahkan untuk mendekatkan layanan dasar, mengintegrasikan berbagai program pemerintah, serta meningkatkan kualitas hidup dan kesejahteraan masyarakat secara menyeluruh.“Pertemuan ini untuk kita mengevaluasi kegiatan kita setiap tahun, khususnya di PKK dan Posyandu.","Pada Hari Minggu , 27 September 2026 02:06, Tabanan, Tabanan, Bali

RRI.CO.ID, Tabanan – Memperkuat pemahaman dan menyatukan langkah para kader di lapangan, Ketua TP PKK sekaligus Ketua TP Pembina Posyandu Kabupaten Tabanan, Ny. Rai Wahyuni Sanjaya memimpin Sosialisasi Tatap Muka TP PKK Kabupaten Tabanan dengan tema “Transformasi Posyandu 6 Standar Pelayanan Minimal (SPM), Mendekatkan Layanan, Meningkatkan Kualitas Hidup Masyarakat” di Ruang Rapat Utama Jayaning Singasana, Kantor Bupati Tabanan. Pertemuan ini menjadi ruang penguatan koordinasi sekaligus evaluasi pelaksanaan program PKK dan Posyandu yang memiliki keterkaitan erat dalam pemberdayaan masyarakat.Bunda Rai menjelaskan transformasi Posyandu 6 SPM merupakan salah satu program prioritas nasional yang bertujuan memperluas fungsi Posyandu menjadi pusat pelayanan terpadu di desa/kelurahan. Transformasi tersebut diarahkan untuk mendekatkan layanan dasar, mengintegrasikan berbagai program pemerintah, serta meningkatkan kualitas hidup dan kesejahteraan masyarakat secara menyeluruh.“Pertemuan ini untuk kita mengevaluasi kegiatan kita setiap tahun, khususnya di PKK dan Posyandu. Kenapa menjadi satu acara, karena kegiatan ini saling beririsan. Saya harapkan sinergi yang sudah terjalin luar biasa selama ini bisa lebih ditingkatkan lagi, agar 10 Program Pokok PKK dan Posyandu dengan 6 SPM ini bisa kita implementasikan dengan lebih baik lagi,” jelasnya. Menurut Bunda Rai, keterkaitan tersebut juga terlihat dari 10 Program Pokok PKK yang mencakup berbagai bidang, seperti kesehatan, pendidikan dan kesejahteraan sosial. Kondisi tersebut semakin memperkuat pentingnya sinergi antara TP PKK dan TP Posyandu, mengingat sebagian besar pengurus dan kader Posyandu juga merupakan pengurus PKK di tingkat desa hingga kecamatan.Sepanjang tahun 2026, TP PKK Kabupaten Tabanan juga telah melaksanakan berbagai kegiatan, mulai dari aksi sosial, sosialisasi dan pembinaan, rapat koordinasi, pasar rakyat, puncak HKG hingga berbagai perlombaan, seperti Aku Hatinya PKK, karaoke, yel-yel dan Posyandu 6 SPM. Bunda Rai menegaskan, berbagai perlombaan tersebut tidak semata-mata menjadi ajang kompetisi, tetapi juga menjadi sarana untuk membangkitkan semangat para kader sekaligus melihat secara langsung kondisi di lapangan.“Kenapa lomba, karena untuk menjadi rangsangan membangkitkan lagi semangat para kader. Di sanalah kesempatan kita untuk lebih melihat keadaan langsung di lapangan,” ungkapnya. Bunda Rai menekankan pentingnya pelaksanaan program secara berjenjang mulai dari kabupaten, kecamatan hingga desa. Berbagai program yang telah berjalan di tingkat provinsi, seperti aksi sosial, pembinaan dan peningkatan kapasitas, turut diteruskan di tingkat Kabupaten Tabanan agar manfaatnya dapat menjangkau masyarakat secara lebih merata.“Kalau kita semua bergerak, akan lebih cepat dan merata masyarakat bisa mendapatkan bantuan. Begitu pula dengan pembinaan dan peningkatan kapasitas, seperti di Posyandu, agar berjenjang juga berjalan. Jangan hanya di kabupaten yang bergerak, tetapi di desa tidak bergerak, karena nanti tidak akan mandeg dan tidak berjalan,” tegasnya.Sementara dalam pelaksanaan transformasi Posyandu 6 SPM, Bunda Rai menyebut Tabanan telah bergerak sejak awal melalui peningkatan kapasitas, sosialisasi, penyusunan program kerja serta penguatan sinergi dengan perangkat daerah terkait. Transformasi tersebut mencakup tiga aspek utama, yakni transformasi kelembagaan, transformasi layanan dan transformasi pembinaan.  Posyandu kini tidak hanya berfokus pada kesehatan, tetapi menjadi pusat pelayanan dasar terpadu yang mencakup pendidikan, kesehatan, pekerjaan umum, perumahan rakyat, ketenteraman dan ketertiban umum serta perlindungan masyarakat, dan sosial. Bunda Rai menjelaskan alur pelaksanaan pelayanan 6 SPM, mulai dari masyarakat datang ke Posyandu, melakukan pendaftaran dan pendataan, verifikasi serta kunjungan rumah, rekapitulasi dan pelaporan, hingga tindak lanjut oleh pemerintah desa/kelurahan dan perangkat daerah. Strategi transformasi turut diarahkan melalui penyatuan persepsi masyarakat, pengembangan pelayanan, peningkatan kapasitas pengurus dan kader, penguatan sarana prasarana, penataan kelembagaan, pemantapan koordinasi kebijakan dan pembinaan, serta penguatan dukungan pendanaan. “Untuk Posyandu dengan 6 SPM, dari awal kita sudah bergerak cepat. Kita melakukan peningkatan kapasitas, sosialisasi, merancang program kerja dan sinergi kita dengan OPD terkait sudah berjalan dengan baik,” jelasnya.Bunda Rai juga mengajak seluruh Ketua TP Posyandu Kecamatan dan Desa serta perangkat daerah terkait untuk mempersiapkan diri dengan baik dalam berbagai kegiatan dan perlombaan TP Posyandu Provinsi Bali, termasuk lomba Ketua TP Posyandu, Telajakan dan PSBS. Kegiatan sosialisasi kemudian dilanjutkan dengan sesi tanya jawab, sehingga para kader dapat berdiskusi secara langsung mengenai materi transformasi Posyandu 6 SPM dan pelaksanaannya di wilayah masing-masing. Kepala Dinas PMD Kabupaten Tabanan, I Gede Ketut Suyana Putra, menyampaikan pemerintah memiliki peran dalam menyusun dan melaksanakan kebijakan pemberdayaan masyarakat dan desa, termasuk melakukan pembinaan serta pendampingan kepada desa. Ia mendorong agar PKK terus dilibatkan dalam setiap proses pembangunan di desa, termasuk penggalian gagasan dan musyawarah. “Harapannya PKK dan Posyandu bisa berjalan maksimal. Intinya adalah pemberdayaan, dan pemberdayaan itu bisa dimulai dari struktur terkecil, yakni keluarga. Tugas ibu-ibu sangatlah berat, karena memberdayakan yang tidak berdaya menjadi berdaya, menjadi penggerak dan memotivasi. Sesuai arahan Bupati dan Ketua TP PKK Kabupaten Tabanan, agar kita tidak lelah untuk terus mengajak generasi muda dan lingkungan sekitar agar berperan aktif dalam pembangunan di wilayah masing-masing,” ujarnya.",RRI.co.id,"Dajan Peken, 82114, Tabanan, Tabanan, Bali, Indonesia",-8.536609490935,115.13552944186335,5,"2, 7","kejaksaan, kejatibali, kejaritabanan, tabanan, news"
Bupati Sanjaya Kuatkan Pelayanan Kepegawaian di Tabanan,2026-09-27T02:04:00.000Z,"Kabupaten Tabanan, Bali, Indonesia",Bupati Sanjaya Kuatkan Pelayanan Kepegawaian di Tabanan - RRI.co.id,"Bupati Tabanan I Komang Gede Sanjaya saat meresmikan Gedung Kantor Badan Kepegawaian dan Pengembangan Sumber Daya Manusia (BKPSDM) Kabupaten Tabanan (Foto : HUmas Pemkab Tabanan)
                                                    
                                                                                            
                                                                                                            
                                
                                RRI.CO.ID, Tabanan – Upaya meningkatkan kualitas tata kelola pemerintahan melalui penyediaan sarana dan prasarana yang representatif kembali diwujudkan Pemerintah Kabupaten Tabanan melalui peresmian Gedung Kantor Badan Kepegawaian dan Pengembangan Sumber Daya Manusia (BKPSDM) Kabupaten Tabanan. Bupati Tabanan I Komang Gede Sanjaya saat meresmikan Gedung Kantor Badan Kepegawaian dan Pengembangan Sumber Daya Manusia (BKPSDM) Kabupaten Tabanan menegaskan peresmian Gedung Kantor baru tersebut bukan sekadar pembangunan fasilitas fisik, melainkan bagian dari upaya Pemerintah Kabupaten Tabanan dalam meningkatkan kualitas penyelenggaraan pemerintahan, khususnya di bidang pengelolaan Aparatur Sipil Negara dan pengembangan sumber daya manusia.","Menurutnya, keberadaan gedung yang lebih representatif harus diikuti dengan peningkatan profesionalisme aparatur, kualitas pelayanan, serta semangat untuk memberikan manfaat yang lebih besar bagi masyarakat. “Gedung yang baru harus diikuti dengan semangat kerja yang baru, budaya kerja yang semakin baik serta inovasi pelayanan yang semakin kuat.","Pada Hari Minggu , 27 September 2026 02:04, Tabanan, Tabanan, Bali

Bupati Tabanan I Komang Gede Sanjaya saat meresmikan Gedung Kantor Badan Kepegawaian dan Pengembangan Sumber Daya Manusia (BKPSDM) Kabupaten Tabanan (Foto : HUmas Pemkab Tabanan)
                                                    
                                                                                            
                                                                                                            
                                
                                RRI.CO.ID, Tabanan – Upaya meningkatkan kualitas tata kelola pemerintahan melalui penyediaan sarana dan prasarana yang representatif kembali diwujudkan Pemerintah Kabupaten Tabanan melalui peresmian Gedung Kantor Badan Kepegawaian dan Pengembangan Sumber Daya Manusia (BKPSDM) Kabupaten Tabanan. Bupati Tabanan I Komang Gede Sanjaya saat meresmikan Gedung Kantor Badan Kepegawaian dan Pengembangan Sumber Daya Manusia (BKPSDM) Kabupaten Tabanan menegaskan peresmian Gedung Kantor baru tersebut bukan sekadar pembangunan fasilitas fisik, melainkan bagian dari upaya Pemerintah Kabupaten Tabanan dalam meningkatkan kualitas penyelenggaraan pemerintahan, khususnya di bidang pengelolaan Aparatur Sipil Negara dan pengembangan sumber daya manusia. Menurutnya, keberadaan gedung yang lebih representatif harus diikuti dengan peningkatan profesionalisme aparatur, kualitas pelayanan, serta semangat untuk memberikan manfaat yang lebih besar bagi masyarakat. “Gedung yang baru harus diikuti dengan semangat kerja yang baru, budaya kerja yang semakin baik serta inovasi pelayanan yang semakin kuat. Jangan sampai kita hanya membangun kantor yang megah tetapi kinerja pelayanan melemah. Justru sebaliknya, saya berharap gedung baru ini tidak hanya menjadi tempat bekerja, tetapi menjadi rumah pelayanan kepegawaian yang memberikan kemudahan, kepastian, transparansi dan pelayanan yang cepat kepada seluruh ASN di lingkungan Pemerintah Kabupaten Tabanan,” ujar Bupati Sanjaya.Bupati Sanjaya menyampaikan BKPSDM memiliki peran strategis dalam pengelolaan sumber daya aparatur, mengingat kualitas SDM menjadi salah satu fondasi penting dalam keberhasilan pembangunan dan pelayanan publik. Untuk itu, pihaknya berharap jajaran BKPSDM dapat memanfaatkan lingkungan kerja baru tersebut untuk melahirkan berbagai inovasi, sekaligus menjadi perangkat daerah yang responsif, profesional, adaptif terhadap perkembangan teknologi, serta mampu memberikan pelayanan kepegawaian yang mudah, cepat dan akuntabel. Bupati Sanjaya mengapresiasi seluruh pihak yang berkontribusi dalam proses pembangunan hingga tuntasnya pembangunan gedung kantor tersebut. Ia berharap fasilitas yang telah dibangun dapat dimanfaatkan dan dipelihara dengan sebaik-baiknya serta menjadi momentum untuk memperkuat komitmen bersama dalam membangun birokrasi Tabanan yang semakin profesional, berintegritas, melayani dan berorientasi pada hasil.


                                
                                
                                
                                
                                
                                            
                                        
                                                                    

                                


                                
                                                                    
                                    
                                
                                                                                                                                                                                
                            
                            
                                                                        
                                                                
                                    
                                        
                                            Berita
                                        
                                    
                                    Terbaru Lainnya
                                
                                
                            
                            
                                    
                                    
                                        Memuat berita terbaru.....",RRI.co.id,"Dajan Peken, 82114, Tabanan, Tabanan, Bali, Indonesia",-8.536609490935,115.13552944186335,5,"2, 7","kejaksaan, kejatibali, kejaritabanan, tabanan, news"
Kodim Gianyar Dampingi Pelajar di Lomba HUT TNI,2026-09-29T00:39:00.000Z,"Kabupaten Tabanan, Bali, Indonesia",Kodim Gianyar Dampingi Pelajar di Lomba HUT TNI - RRI.co.id,"Kodim Gianyar Dampingi Pelajar di Lomba HUT TNI (Foto: Pendim 1616/Gianyar)
                                                    
                                                                                            
                                                                                                            
                                
                                RRI.CO.ID, Tabanan - Semangat disiplin dan kekompakan generasi muda mewarnai peringatan Hari Ulang Tahun ke-delapan puluh satu TNI di Rindam IX Udayana, Kediri, Kabupaten Tabanan pada Minggu, 27 September 2026. Sebanyak delapan belas tim pelajar SMA dan SMK sederajat perwakilan kabupaten dan kota se-Provinsi Bali serta perwakilan satuan TNI mengikuti Gerak Jalan dan Lomba Peraturan Baris-Berbaris.Dalam kegiatan tersebut, Kodim 1616 Gianyar turut ambil bagian dengan mendampingi dua tim pelajar perwakilan Kabupaten Gianyar, yakni SMA Negeri 1 Gianyar dan SMA Negeri 1 Blahbatuh.","Pendampingan dilakukan Pasiops Kodim 1616 Gianyar, Kapten Cpl I Nyoman Prajana, sementara persiapan kedua tim mendapat pembinaan dari Danramil 01 Gianyar bersama Babinsa serta Danramil 04 Blahbatuh bersama Babinsa.Rangkaian kegiatan diawali pada pukul 06.15 WITA dengan pelepasan peserta Gerak Jalan yang menempuh rute Rindam IX Udayana hingga finis di Taman Bung Karno, Tabanan pada pukul 07.00 WITA. Setelah Gerak Jalan selesai, kegiatan dilanjutkan dengan upacara pembukaan dan Lomba PBB yang dimulai pada pukul 08.00 WITA.Pembukaan lomba dihadiri unsur Forkopimda Kabupaten Tabanan, Danrindam IX Udayana beserta jajaran, perwakilan Kodim 1619 Tabanan, unsur TNI-Polri, Disdikpora Provinsi Bali, serta tamu undangan.","Pada Hari Selasa , 29 September 2026 00:39, Tabanan, Tabanan, Bali

Kodim Gianyar Dampingi Pelajar di Lomba HUT TNI (Foto: Pendim 1616/Gianyar)
                                                    
                                                                                            
                                                                                                            
                                
                                RRI.CO.ID, Tabanan - Semangat disiplin dan kekompakan generasi muda mewarnai peringatan Hari Ulang Tahun ke-delapan puluh satu TNI di Rindam IX Udayana, Kediri, Kabupaten Tabanan pada Minggu, 27 September 2026. Sebanyak delapan belas tim pelajar SMA dan SMK sederajat perwakilan kabupaten dan kota se-Provinsi Bali serta perwakilan satuan TNI mengikuti Gerak Jalan dan Lomba Peraturan Baris-Berbaris.Dalam kegiatan tersebut, Kodim 1616 Gianyar turut ambil bagian dengan mendampingi dua tim pelajar perwakilan Kabupaten Gianyar, yakni SMA Negeri 1 Gianyar dan SMA Negeri 1 Blahbatuh. Pendampingan dilakukan Pasiops Kodim 1616 Gianyar, Kapten Cpl I Nyoman Prajana, sementara persiapan kedua tim mendapat pembinaan dari Danramil 01 Gianyar bersama Babinsa serta Danramil 04 Blahbatuh bersama Babinsa.Rangkaian kegiatan diawali pada pukul 06.15 WITA dengan pelepasan peserta Gerak Jalan yang menempuh rute Rindam IX Udayana hingga finis di Taman Bung Karno, Tabanan pada pukul 07.00 WITA. Setelah Gerak Jalan selesai, kegiatan dilanjutkan dengan upacara pembukaan dan Lomba PBB yang dimulai pada pukul 08.00 WITA.Pembukaan lomba dihadiri unsur Forkopimda Kabupaten Tabanan, Danrindam IX Udayana beserta jajaran, perwakilan Kodim 1619 Tabanan, unsur TNI-Polri, Disdikpora Provinsi Bali, serta tamu undangan. Dalam sambutannya, Danrindam IX Udayana menyampaikan apresiasi kepada seluruh peserta sekaligus menekankan pentingnya disiplin, kekompakan, kepemimpinan, tanggung jawab, kerjasama, sportivitas, dan semangat kebangsaan bagi generasi muda.Hasil perlombaan yang diumumkan pada pukul 14.15 WITA mencatatkan SMA Negeri 1 Bangli sebagai Juara Pertama Lomba Gerak Jalan kategori Variasi dan Formasi, disusul SMA Negeri 2 Tabanan sebagai Juara Dua, dan SMA Negeri 1 Karangasem sebagai Juara Tiga. Sementara untuk Lomba PBB, Juara Pertama diraih SMK Bali Mandara, Juara Dua SMA Negeri 2 Saraswati Klungkung, dan Juara Tiga SMA Negeri 1 Bangli yang sekaligus meraih Juara Umum.Keikutsertaan perwakilan pelajar Gianyar menjadi bagian dari kontribusi Kodim 1616 Gianyar dalam mendukung pembinaan generasi muda melalui kegiatan yang menanamkan disiplin, kekompakan, tanggung jawab, dan jiwa kebangsaan. 


                                
                                
                                
                                
                                
                                            
                                        
                                                                    

                                


                                
                                                                    
                                    
                                
                                                                                                                                                                                
                            
                            
                                                                        
                                                                
                                    
                                        
                                            Berita
                                        
                                    
                                    Terbaru Lainnya
                                
                                
                            
                            
                                    
                                    
                                        Memuat berita terbaru.....",RRI.co.id,"Dajan Peken, 82114, Tabanan, Tabanan, Bali, Indonesia",-8.536609490935,115.13552944186335,5,"2, 7","kejaksaan, kejatibali, kejaritabanan, tabanan, news"
Babinsa Jatiluwih Amankan Piodalan di Pura Luhur Pucak Petali,2026-10-01T02:21:00.000Z,"Kabupaten Tabanan, Bali, Indonesia",Babinsa Jatiluwih Amankan Piodalan di Pura Luhur Pucak Petali - RRI.co.id,"Babinsa Jatiluwih Amankan Piodalan di Pura Luhur Pucak Petali (Foto : Humas Kodim 1619 Tabanan)
                                                    
                                                                                            
                                                                                                            
                                
                                RRI.CO.ID, Tabanan – Babinsa Desa Jatiluwih Koramil 1619-08/Penebel Kopda I Gede Putu Ardayasa melaksanakan pengamanan rangkaian upacara piodalan di Pura Luhur Pucak Petali, Desa Jatiluwih, Kecamatan Penebel, Tabanan, Rabu 30 Septemberb2026. Pengamanan dilakukan untuk mendukung kelancaran pelaksanaan kegiatan keagamaan masyarakat di kawasan pura.Dalam pelaksanaannya, Babinsa bersama Bhabinkamtibmas dan Pecalang Adat mengatur arus lalu lintas serta menjaga ketertiban masyarakat di sekitar lokasi upacara.","Pengaturan dilakukan menyesuaikan situasi di lapangan, terutama saat warga mulai berdatangan dan meninggalkan pura. Kehadiran petugas di sejumlah titik juga untuk membantu mengantisipasi kepadatan kendaraan serta memberikan kelancaran bagi masyarakat yang melaksanakan persembahyangan.","Pada Hari Kamis , 1 Oktober 2026 02:21, Tabanan, Tabanan, Bali

Babinsa Jatiluwih Amankan Piodalan di Pura Luhur Pucak Petali (Foto : Humas Kodim 1619 Tabanan)
                                                    
                                                                                            
                                                                                                            
                                
                                RRI.CO.ID, Tabanan – Babinsa Desa Jatiluwih Koramil 1619-08/Penebel Kopda I Gede Putu Ardayasa melaksanakan pengamanan rangkaian upacara piodalan di Pura Luhur Pucak Petali, Desa Jatiluwih, Kecamatan Penebel, Tabanan, Rabu 30 Septemberb2026. Pengamanan dilakukan untuk mendukung kelancaran pelaksanaan kegiatan keagamaan masyarakat di kawasan pura.Dalam pelaksanaannya, Babinsa bersama Bhabinkamtibmas dan Pecalang Adat mengatur arus lalu lintas serta menjaga ketertiban masyarakat di sekitar lokasi upacara. Pengaturan dilakukan menyesuaikan situasi di lapangan, terutama saat warga mulai berdatangan dan meninggalkan pura. Kehadiran petugas di sejumlah titik juga untuk membantu mengantisipasi kepadatan kendaraan serta memberikan kelancaran bagi masyarakat yang melaksanakan persembahyangan. Dengan pengamanan tersebut, aktivitas keagamaan dapat berlangsung tanpa mengganggu kelancaran pengguna jalan di sekitar kawasan pura. Babinsa Desa Jatiluwih Kopda I Gede Putu Ardayasa mengatakan, pengamanan dilakukan bersama unsur terkait sebagai bentuk dukungan terhadap kegiatan keagamaan masyarakat.“Pengamanan kami lakukan bersama Bhabinkamtibmas dan Pecalang Adat, terutama untuk membantu mengatur lalu lintas dan menjaga ketertiban masyarakat selama rangkaian piodalan berlangsung,” kata Ardayasa.Pengamanan bersama tersebut diharapkan dapat memberikan rasa nyaman bagi masyarakat yang melaksanakan persembahyangan sekaligus menjaga kelancaran aktivitas warga di sekitar Pura Luhur Pucak Petali. 


                                
                                
                                
                                
                                
                                            
                                        
                                                                    

                                


                                
                                                                    
                                    
                                
                                                                                                                                                                                
                            
                            
                                                                        
                                                                
                                    
                                        
                                            Berita
                                        
                                    
                                    Terbaru Lainnya
                                
                                
                            
                            
                                    
                                    
                                        Memuat berita terbaru.....",RRI.co.id,"Dajan Peken, 82114, Tabanan, Tabanan, Bali, Indonesia",-8.536609490935,115.13552944186335,5,"2, 7","kejaksaan, kejatibali, kejaritabanan, tabanan, news"
6 Promo Makanan Spesial Hari Batik Nasional 2026 Pakai Batik Bisa Gratis Bakso,2026-10-02T03:16:00.000Z,"Kabupaten Tabanan, Bali, Indonesia","6 Promo Makanan Spesial Hari Batik Nasional 2026, Pakai Batik Bisa Gratis Bakso - Kompas.com","KOMPAS.com - Sejumlah restoran dan tempat makan turut merayakan Hari Batik Nasional yang diperingati setiap 2 Oktober.
Ada berbagai penawaran promo khusus bagi pelanggan yang datang mengenakan batik. Mulai dari harga spesial, paket hemat bundling hingga gratis bakso.Jangan lewatkan promo yang ditawarkan spesial Hari Batik Nasional untuk pelanggan.","Simak berikut enam promo makanan Hari Batik Nasional 2026 yang bisa dinikmati pada 2 Oktober 2026.Promo makanan Hari Batik Nasional 2026
Richeese Factory
Pakai batik bisa mendapatkan float + side dish mulai Rp 20.000-an. Hanya berlaku hari ini Jumat (2/10/2026) mulai pukul 14.00-17.00 WIB.

Float & soup 1: Rp 20.909
Float & soup 2: Rp 31.364
Float & soup 3: Rp 52.273
Float & sidedish 1: Rp 25.000
Float & sidedish 2: Rp 39.901
Float & sidedish 3: Rp 63.636

Padang Merdeka
Khusus 2 Oktober 2026, ada diskon Telur Dadar Krispi diskon 50 persen.
Mie Kober (1-5 Oktober 2026)
Sambut Hari Batik Nasional 2026, Mie Kober bundle komplet mie/wonton + dimsum + minum mulai Rp 50.000-an.




Mie koma + wonton kola + Es Kopi Bersama + Lychee Tea + Udang Rambutan: Rp 70.000
Mie gurih cabai 0-10 + 1 Ice Lemon Tea + 1 Lemon Splash + 1 Udang Rambutan: Rp 49.000

Berlaku di Outlet:
Malang: Gajayana
Sidoarjo: Ponti, Sukolegok
Jember: Karimata, Patrang
Jawa Timur: Lamongan, Probolinggo
Bali: Tabanan, Peguyangan, Bedugul, Kaliasem, Canggu, Gunung Agung, Dalung

Syarat & Ketentuan:

Wajib memakai baju atau aksesoris batik
Berlaku khusus Dine-in
Periode: 1 – 5 Oktober 2026

Abuba Steak
Spesial Hari Batik Nasional 2026, pengunjung bisa menikmati French fries free refil dengan pembelian 1 porsi steak di Abuba Steak.","Pada Hari Jumat , 2 Oktober 2026 03:16, Tabanan, Tabanan, Bali

KOMPAS.com - Sejumlah restoran dan tempat makan turut merayakan Hari Batik Nasional yang diperingati setiap 2 Oktober.
Ada berbagai penawaran promo khusus bagi pelanggan yang datang mengenakan batik. Mulai dari harga spesial, paket hemat bundling hingga gratis bakso.Jangan lewatkan promo yang ditawarkan spesial Hari Batik Nasional untuk pelanggan. Simak berikut enam promo makanan Hari Batik Nasional 2026 yang bisa dinikmati pada 2 Oktober 2026.Promo makanan Hari Batik Nasional 2026
Richeese Factory
Pakai batik bisa mendapatkan float + side dish mulai Rp 20.000-an. Hanya berlaku hari ini Jumat (2/10/2026) mulai pukul 14.00-17.00 WIB.

Float & soup 1: Rp 20.909
Float & soup 2: Rp 31.364
Float & soup 3: Rp 52.273
Float & sidedish 1: Rp 25.000
Float & sidedish 2: Rp 39.901
Float & sidedish 3: Rp 63.636

Padang Merdeka
Khusus 2 Oktober 2026, ada diskon Telur Dadar Krispi diskon 50 persen.
Mie Kober (1-5 Oktober 2026)
Sambut Hari Batik Nasional 2026, Mie Kober bundle komplet mie/wonton + dimsum + minum mulai Rp 50.000-an.




Mie koma + wonton kola + Es Kopi Bersama + Lychee Tea + Udang Rambutan: Rp 70.000
Mie gurih cabai 0-10 + 1 Ice Lemon Tea + 1 Lemon Splash + 1 Udang Rambutan: Rp 49.000

Berlaku di Outlet:
Malang: Gajayana
Sidoarjo: Ponti, Sukolegok
Jember: Karimata, Patrang
Jawa Timur: Lamongan, Probolinggo
Bali: Tabanan, Peguyangan, Bedugul, Kaliasem, Canggu, Gunung Agung, Dalung

Syarat & Ketentuan:

Wajib memakai baju atau aksesoris batik
Berlaku khusus Dine-in
Periode: 1 – 5 Oktober 2026

Abuba Steak
Spesial Hari Batik Nasional 2026, pengunjung bisa menikmati French fries free refil dengan pembelian 1 porsi steak di Abuba Steak. Syaratnya berlaku di ABUBA Steak dan Dine in Only.Bakso Mblenger
Pakai batik gratis Bakso Urat yang hanya berlaku 2 Oktober 2026. Berlaku di outlet Kadipiro, Manahan, dan Babarsari.
Syarat dan ketentuan:

Pakai pakaian unsur batik (baju/ celana/ rok/ tas, dll)
Beli Bakso Spesial Mblenger, disertai pembelian 1 minuman (selain air putih)
Khusus followers IG @baksomblenger tercinta
Berlaku jam 13.00 - 18.00 WIB
Hanya berlaku dine in
Tidak bisa digabung dengan promo lain
Berlaku kelipatan

Zangos
Spesial Hari Batik Nasional menu Nasi Ayam + Minum cuma Rp 25.000.


  

    
        Bayangkan seorang anak Indonesia bercita-cita menjadi dokter tetapi hanya memiliki satu buku lusuh untuk belajar. Bersama Ekspedisi Kata ke Nyata Kompas.com, Anda bisa membantu mengubah kisah itu. Mari hadirkan akses literasi bagi anak-anak di berbagai pelosok Indonesia melalui donasi lewat tautan https://bit.ly/JagatLiterasi2026. Setiap kebaikan yang Anda berikan bukan hanya membuka jendela pengetahuan, tetapi juga membuka masa depan mereka.",Kompas.com,"Dajan Peken, 82114, Tabanan, Tabanan, Bali, Indonesia",-8.536609490935,115.13552944186335,5,"2, 7","kejaksaan, kejatibali, kejaritabanan, tabanan, news"
GSJT Soroti Santunan Korban KM Virgo Rp 50 Juta Minta Beasiswa Anak Korban,2026-09-30T17:18:00.000Z,"Kabupaten Tabanan, Bali, Indonesia","GSJT Soroti Santunan Korban KM Virgo Rp 50 Juta, Minta Beasiswa Anak Korban - Kompas.com","SURABAYA, KOMPAS.com - Gerakan Sopir Jawa Timur (GSJT) menilai santunan Rp 50 juta bagi korban meninggal dunia kecelakaan KM Virgo Transport 8 tidak lagi cukup untuk memenuhi kebutuhan keluarga yang ditinggalkan.
Hal itu disampaikan GSJT saat menggelar aksi demonstrasi di depan Kantor Dinas Perhubungan (Dishub) Jawa Timur, Rabu (30/9/2026).Sekitar 600 truk dan towing yang dibawa sopir dari berbagai daerah di Jawa Timur dan luar provinsi ikut dalam aksi tersebut hingga menyebabkan jalan diblokade.
Baca juga: 4 Jenazah Korban KM Virgo Ditemukan di Perairan Kalteng, Akan Dievakuasi ke Banjarmasin
Dalam aksi itu, GSJT menyuarakan sejumlah tuntutan, di antaranya penghapusan barcode bersubsidi, pembiayaan penyesuaian dimensi kendaraan GSJT, serta penghentian pelarangan kendaraan dengan muatan lebih untuk naik kapal.
Mereka juga menuntut pertanggungjawaban pemerintah terkait kemacetan di Pelabuhan Ketapang, Banyuwangi, pemberian beasiswa bagi anak korban kecelakaan kapal, serta revisi PMK Nomor 15/PMK.010/2017 terkait besaran santunan korban kecelakaan.




Berdasarkan aturan tersebut, Jasa Raharja memberikan jaminan sebesar Rp 50 juta untuk korban meninggal dunia dan Rp 20 juta untuk perawatan korban selamat.
“Kalau yang hari ini terjadi itu kan Rp 50 juta. Nah, hari ini tidak relevan lagi Rp 50 juta.","Karena ya uang itu dipakai kirim doa sampai 40 hari pasti sudah habis,” kata Koordinator GSJT Supriyono, Rabu (30/9/2026).GSJT meminta pemerintah menjamin pendidikan dan keberlangsungan hidup keluarga korban secara layak. Supriyono berharap anak-anak korban meninggal dunia mendapatkan beasiswa pendidikan karena kehilangan tulang punggung keluarga.
Baca juga: Dari Balikpapan hingga Karanganyar, Perjalanan Terakhir Jenazah Jevon Korban KM Virgo Transport 8
“Terus bagaimana anak-anak mereka yang mereka jadi tulang punggung keluarga, sehingga harapan kami itu akan ada subsidi ataupun ada semacam beasiswa bagi anak-anak yang ditinggal dan juga dari Jasa Marga,” jelasnya.
Selain soal santunan, GSJT menyoroti kemacetan panjang di Pelabuhan Ketapang, Banyuwangi, yang disebut mencapai 13 hingga 20 kilometer.
Sopir truk sempat memblokade akses sebagai bentuk protes terhadap kebijakan yang diterapkan Kantor Kesyahbandaran dan Otoritas Pelabuhan (KSOP).Supriyono mengatakan kondisi tersebut berdampak pada meningkatnya biaya yang harus dikeluarkan sopir karena harus menginap dan mengeluarkan lebih banyak biaya bahan bakar minyak (BBM).
“Harapan kami untuk dihadirkan para pemangku kebijakan di Banyuwangi berkaitan soal kemacetan yang sampai 20 kilo, yang akhirnya menyebabkan kawan-kawan pengemudi truk khususnya itu melakukan pembengkakan biaya, solarnya lebih banyak dan biaya hidup mereka lebih tinggi,” kata Supriyono.




  



    
        Bayangkan seorang anak Indonesia bercita-cita menjadi dokter tetapi hanya memiliki satu buku lusuh untuk belajar.","Pada Hari Rabu , 30 September 2026 17:18, Tabanan, Tabanan, Bali

SURABAYA, KOMPAS.com - Gerakan Sopir Jawa Timur (GSJT) menilai santunan Rp 50 juta bagi korban meninggal dunia kecelakaan KM Virgo Transport 8 tidak lagi cukup untuk memenuhi kebutuhan keluarga yang ditinggalkan.
Hal itu disampaikan GSJT saat menggelar aksi demonstrasi di depan Kantor Dinas Perhubungan (Dishub) Jawa Timur, Rabu (30/9/2026).Sekitar 600 truk dan towing yang dibawa sopir dari berbagai daerah di Jawa Timur dan luar provinsi ikut dalam aksi tersebut hingga menyebabkan jalan diblokade.
Baca juga: 4 Jenazah Korban KM Virgo Ditemukan di Perairan Kalteng, Akan Dievakuasi ke Banjarmasin
Dalam aksi itu, GSJT menyuarakan sejumlah tuntutan, di antaranya penghapusan barcode bersubsidi, pembiayaan penyesuaian dimensi kendaraan GSJT, serta penghentian pelarangan kendaraan dengan muatan lebih untuk naik kapal.
Mereka juga menuntut pertanggungjawaban pemerintah terkait kemacetan di Pelabuhan Ketapang, Banyuwangi, pemberian beasiswa bagi anak korban kecelakaan kapal, serta revisi PMK Nomor 15/PMK.010/2017 terkait besaran santunan korban kecelakaan.




Berdasarkan aturan tersebut, Jasa Raharja memberikan jaminan sebesar Rp 50 juta untuk korban meninggal dunia dan Rp 20 juta untuk perawatan korban selamat.
“Kalau yang hari ini terjadi itu kan Rp 50 juta. Nah, hari ini tidak relevan lagi Rp 50 juta. Karena ya uang itu dipakai kirim doa sampai 40 hari pasti sudah habis,” kata Koordinator GSJT Supriyono, Rabu (30/9/2026).GSJT meminta pemerintah menjamin pendidikan dan keberlangsungan hidup keluarga korban secara layak. Supriyono berharap anak-anak korban meninggal dunia mendapatkan beasiswa pendidikan karena kehilangan tulang punggung keluarga.
Baca juga: Dari Balikpapan hingga Karanganyar, Perjalanan Terakhir Jenazah Jevon Korban KM Virgo Transport 8
“Terus bagaimana anak-anak mereka yang mereka jadi tulang punggung keluarga, sehingga harapan kami itu akan ada subsidi ataupun ada semacam beasiswa bagi anak-anak yang ditinggal dan juga dari Jasa Marga,” jelasnya.
Selain soal santunan, GSJT menyoroti kemacetan panjang di Pelabuhan Ketapang, Banyuwangi, yang disebut mencapai 13 hingga 20 kilometer.
Sopir truk sempat memblokade akses sebagai bentuk protes terhadap kebijakan yang diterapkan Kantor Kesyahbandaran dan Otoritas Pelabuhan (KSOP).Supriyono mengatakan kondisi tersebut berdampak pada meningkatnya biaya yang harus dikeluarkan sopir karena harus menginap dan mengeluarkan lebih banyak biaya bahan bakar minyak (BBM).
“Harapan kami untuk dihadirkan para pemangku kebijakan di Banyuwangi berkaitan soal kemacetan yang sampai 20 kilo, yang akhirnya menyebabkan kawan-kawan pengemudi truk khususnya itu melakukan pembengkakan biaya, solarnya lebih banyak dan biaya hidup mereka lebih tinggi,” kata Supriyono.




  



    
        Bayangkan seorang anak Indonesia bercita-cita menjadi dokter tetapi hanya memiliki satu buku lusuh untuk belajar. Bersama Ekspedisi Kata ke Nyata Kompas.com, Anda bisa membantu mengubah kisah itu. Mari hadirkan akses literasi bagi anak-anak di berbagai pelosok Indonesia melalui donasi lewat tautan https://bit.ly/JagatLiterasi2026. Setiap kebaikan yang Anda berikan bukan hanya membuka jendela pengetahuan, tetapi juga membuka masa depan mereka.",Kompas.com,"Dajan Peken, 82114, Tabanan, Tabanan, Bali, Indonesia",-8.536609490935,115.13552944186335,5,"2, 7","kejaksaan, kejatibali, kejaritabanan, tabanan, news"
Beban Gaji PPPK Dialihkan ke APBN 2027 Gubernur Sulsel Sebut Angin Segar,2026-10-01T05:03:00.000Z,"Kabupaten Tabanan, Bali, Indonesia","Beban Gaji PPPK Dialihkan ke APBN 2027, Gubernur Sulsel Sebut Angin Segar - Kompas.com","MAKASSAR, KOMPAS.com - Badan Anggaran Dewan Perwakilan Rakyat (Banggar DPR) RI dan Pemerintah Pusat sepakat mengalihkan beban pembiayaan gaji Pegawai Pemerintah dengan Perjanjian Kerja (PPPK) daerah ke Anggaran Pendapatan dan Belanja Negara (APBN) 2027.
Pemerintah pusat mengalokasikan anggaran sebesar Rp 23 triliun dalam APBN 2027 khusus untuk pembayaran gaji PPPK Guru dan Tenaga Kesehatan di daerah.Gubernur Sulsel Andi Sudirman mengungkapkan rasa syukur karena beban fiskal belanja pegawai daerah kini dapat terbagi dengan pemerintah pusat.
Kebijakan ini juga disebutnya sebagai salah satu usulan yang sebelumnya gencar disuarakan oleh pemerintah daerah.
""Alhamdulillah, itu usulan kita kemarin bahwa sebaiknya PPPK disamakan dengan PNS dan menjadi beban APBN untuk kemudian tetap bisa mengabdi di daerah. Saya pikir ini suatu terobosan dari Bapak Presiden Prabowo melalui kementerian terkait,"" ujar Andi Sudirman saat ditemui di Rumah Jabatan Gubernur Sulsel, Jalan Sungai Tangka, Kota Makassar, Kamis (1/10/2026).
Baca juga: SD Mirip Kandang Ayam di Gowa Viral, Gubernur Sulsel Merespons




Ia menjelaskan, keterbatasan anggaran serta efisiensi di tingkat daerah selama ini membuat pembiayaan PPPK secara keseluruhan tidak dapat terakomodasi secara optimal melalui Anggaran Pendapatan dan Belanja Daerah (APBD).
Oleh karena itu, pengambilalihan pembiayaan gaji PPPK sektor pendidikan dan kesehatan oleh pemerintah pusat dinilai memberikan kepastian sekaligus angin segar bagi keuangan daerah.
""Tentu kita apresiasi melalui kementerian terkait bahwa akhirnya penantian para PPPK kita lebih ada kejelasan tentang bagaimana kemudian pusat bisa mengambil alih.","Karena memang pembebanan secara keseluruhan di daerah tidak bisa ter-cover sepenuhnya lantaran keterbatasan dan efisiensi yang terjadi di daerah,"" lanjutnya.
Dengan beralihnya beban gaji PPPK ke APBN, Andi Sudirman optimistis ruang fiskal daerah akan semakin terbuka sehingga dapat dialokasikan lebih besar untuk pembangunan wilayah serta pelayanan publik.Sementara para tenaga PPPK juga dapat bekerja lebih tenang dan fokus.
""Ini sangat membantu fiskal daerah, alhamdulillah,"" tegasnya.
Respons Penambahan Transfer ke Daerah
Selain kebijakan gaji PPPK, Andi Sudirman turut menanggapi keputusan DPR RI terkait penetapan alokasi Transfer ke Daerah (TKD) secara nasional yang mengalami peningkatan hingga mencapai sekitar Rp 735 triliun.
Ia optimistis penambahan alokasi anggaran tersebut akan semakin meningkatkan semangat daerah dalam meningkatkan kualitas pelayanan kepada masyarakat.
""Kita sangat bersyukur, saya yakin Bapak Presiden selalu memperhatikan daerah. Penambahan-penambahan itu tentu akan menambah semangat pelayanan di daerah,"" tuturnya.
Baca juga: Pemerintah Siapkan Dana Rp 23,0 Triliun untuk Peralihan Status Guru PPPK
Minta Pemda Jaga Amanah Presiden
Ia pun mengingatkan seluruh jajaran pemerintah daerah untuk menjaga amanah penambahan anggaran tersebut agar tepat sasaran dan berdampak langsung bagi masyarakat.
""Yang paling penting, kita harus memahami bahwa Bapak Presiden memberikan transfer tambahan ini tidak lain kecuali untuk pembangunan yang betul-betul berdampak,"" katanya.




  

    
        Bayangkan seorang anak Indonesia bercita-cita menjadi dokter tetapi hanya memiliki satu buku lusuh untuk belajar.","Pada Hari Kamis , 1 Oktober 2026 05:03, Tabanan, Tabanan, Bali

MAKASSAR, KOMPAS.com - Badan Anggaran Dewan Perwakilan Rakyat (Banggar DPR) RI dan Pemerintah Pusat sepakat mengalihkan beban pembiayaan gaji Pegawai Pemerintah dengan Perjanjian Kerja (PPPK) daerah ke Anggaran Pendapatan dan Belanja Negara (APBN) 2027.
Pemerintah pusat mengalokasikan anggaran sebesar Rp 23 triliun dalam APBN 2027 khusus untuk pembayaran gaji PPPK Guru dan Tenaga Kesehatan di daerah.Gubernur Sulsel Andi Sudirman mengungkapkan rasa syukur karena beban fiskal belanja pegawai daerah kini dapat terbagi dengan pemerintah pusat.
Kebijakan ini juga disebutnya sebagai salah satu usulan yang sebelumnya gencar disuarakan oleh pemerintah daerah.
""Alhamdulillah, itu usulan kita kemarin bahwa sebaiknya PPPK disamakan dengan PNS dan menjadi beban APBN untuk kemudian tetap bisa mengabdi di daerah. Saya pikir ini suatu terobosan dari Bapak Presiden Prabowo melalui kementerian terkait,"" ujar Andi Sudirman saat ditemui di Rumah Jabatan Gubernur Sulsel, Jalan Sungai Tangka, Kota Makassar, Kamis (1/10/2026).
Baca juga: SD Mirip Kandang Ayam di Gowa Viral, Gubernur Sulsel Merespons




Ia menjelaskan, keterbatasan anggaran serta efisiensi di tingkat daerah selama ini membuat pembiayaan PPPK secara keseluruhan tidak dapat terakomodasi secara optimal melalui Anggaran Pendapatan dan Belanja Daerah (APBD).
Oleh karena itu, pengambilalihan pembiayaan gaji PPPK sektor pendidikan dan kesehatan oleh pemerintah pusat dinilai memberikan kepastian sekaligus angin segar bagi keuangan daerah.
""Tentu kita apresiasi melalui kementerian terkait bahwa akhirnya penantian para PPPK kita lebih ada kejelasan tentang bagaimana kemudian pusat bisa mengambil alih. Karena memang pembebanan secara keseluruhan di daerah tidak bisa ter-cover sepenuhnya lantaran keterbatasan dan efisiensi yang terjadi di daerah,"" lanjutnya.
Dengan beralihnya beban gaji PPPK ke APBN, Andi Sudirman optimistis ruang fiskal daerah akan semakin terbuka sehingga dapat dialokasikan lebih besar untuk pembangunan wilayah serta pelayanan publik.Sementara para tenaga PPPK juga dapat bekerja lebih tenang dan fokus.
""Ini sangat membantu fiskal daerah, alhamdulillah,"" tegasnya.
Respons Penambahan Transfer ke Daerah
Selain kebijakan gaji PPPK, Andi Sudirman turut menanggapi keputusan DPR RI terkait penetapan alokasi Transfer ke Daerah (TKD) secara nasional yang mengalami peningkatan hingga mencapai sekitar Rp 735 triliun.
Ia optimistis penambahan alokasi anggaran tersebut akan semakin meningkatkan semangat daerah dalam meningkatkan kualitas pelayanan kepada masyarakat.
""Kita sangat bersyukur, saya yakin Bapak Presiden selalu memperhatikan daerah. Penambahan-penambahan itu tentu akan menambah semangat pelayanan di daerah,"" tuturnya.
Baca juga: Pemerintah Siapkan Dana Rp 23,0 Triliun untuk Peralihan Status Guru PPPK
Minta Pemda Jaga Amanah Presiden
Ia pun mengingatkan seluruh jajaran pemerintah daerah untuk menjaga amanah penambahan anggaran tersebut agar tepat sasaran dan berdampak langsung bagi masyarakat.
""Yang paling penting, kita harus memahami bahwa Bapak Presiden memberikan transfer tambahan ini tidak lain kecuali untuk pembangunan yang betul-betul berdampak,"" katanya.




  

    
        Bayangkan seorang anak Indonesia bercita-cita menjadi dokter tetapi hanya memiliki satu buku lusuh untuk belajar. Bersama Ekspedisi Kata ke Nyata Kompas.com, Anda bisa membantu mengubah kisah itu. Mari hadirkan akses literasi bagi anak-anak di berbagai pelosok Indonesia melalui donasi lewat tautan https://bit.ly/JagatLiterasi2026. Setiap kebaikan yang Anda berikan bukan hanya membuka jendela pengetahuan, tetapi juga membuka masa depan mereka.",Kompas.com,"Dajan Peken, 82114, Tabanan, Tabanan, Bali, Indonesia",-8.536609490935,115.13552944186335,5,"2, 7","kejaksaan, kejatibali, kejaritabanan, tabanan, news"
Tambang Timah Ilegal di Bangka Barat Ditertibkan 140 Ponton Ditemukan,2026-09-27T06:54:00.000Z,"Kabupaten Tabanan, Bali, Indonesia","Tambang Timah Ilegal di Bangka Barat Ditertibkan, 140 Ponton Ditemukan - Kompas.com","BANGKA, KOMPAS.com - Ratusan ponton tambang timah ilegal ditemukan di laut Tembelok dan Keranggan, Mentok, Bangka Barat, Kepulauan Bangka Belitung.
Polisi mendatangi para penambang dan meminta mereka menjauhi lokasi yang bukan wilayah penambangan tersebut.
Kapolres Bangka Barat AKBP Helen Simanjuntak mengatakan bahwa operasi penertiban kembali dilakukan karena banyak penambang yang bertahan di lokasi terlarang.""Kembali melakukan penertiban terhadap aktivitas penambangan ilegal di perairan Tembelok dan Keranggan, Kecamatan Mentok,"" kata Helen pada awak media, Sabtu (26/9/2026).
Baca juga: Tes Urine Mendadak di Tambang Timah Pangkalpinang, 29 Pekerja Positif Narkoba
Helen mengatakan, patroli dan penertiban yang dimulai sekitar pukul 13.00 WIB tersebut menyasar ponton jenis selam dan user-user yang sebelumnya diketahui beroperasi di kawasan Tembelok dan Keranggan.




Dalam kegiatan tersebut, petugas tidak menemukan adanya aktivitas penambangan yang sedang berlangsung.
Namun, petugas menemukan 140 ponton masih diparkir di kawasan perairan Tembelok dan Keranggan, yang terdiri dari sekitar 100 ponton jenis selam dan 40 ponton user-user.""Kondisi arus laut yang cukup deras disebut menjadi salah satu faktor tidak berlangsungnya aktivitas penyelaman saat petugas melakukan penertiban,"" ujar Helen.
Meski demikian, petugas tetap memberikan imbauan kepada para ojek serta pekerja yang sedang melakukan perbaikan ponton agar tidak kembali melakukan aktivitas penambangan di kawasan tersebut.Helen menegaskan bahwa peringatan disampaikan sebagai bagian dari upaya kepolisian menjaga situasi keamanan sekaligus melindungi ekosistem laut di perairan Tembelok dan Keranggan.
""Personel terus melakukan pemantauan dan memberikan imbauan agar tidak melakukan aktivitas penambangan di kawasan tersebut. Kami juga mengajak masyarakat bersama-sama menjaga ekosistem laut dan segera melaporkan apabila mengetahui adanya aktivitas penambangan,"" ujar Helen.
Baca juga: Kades Minta Tolong Kapolri, Tambang Timah Ilegal Beromset Rp 13,5 Miliar per Bulan Sulit Diberantas
Ia mengatakan bahwa keberadaan ponton ini menjadi perhatian petugas sehingga pemantauan terhadap kawasan tersebut akan terus dilakukan.
Tembelok dan Keranggan merupakan perairan laut dangkal yang berkisar enam sampai delapan meter dan dikenal kaya pasir timah.
Penambang melakukan penyelaman menggunakan selang kompresor dan menyedot pasir timah ke dalam ponton.Kawasan tersebut tidak termasuk izin usaha penambangan serta kegiatan penambangan yang tidak memenuhi standar keselamatan.
Kegiatan penertiban berlangsung aman dan kondusif.
Polres Bangka Barat bersama Ditpolairud Polda juga mengingatkan masyarakat agar tidak memanfaatkan situasi untuk kembali melakukan aktivitas penambangan ilegal di perairan Tembelok dan Keranggan.




  

    
        Bayangkan seorang anak Indonesia bercita-cita menjadi dokter tetapi hanya memiliki satu buku lusuh untuk belajar.","Bersama Ekspedisi Kata ke Nyata Kompas.com, Anda bisa membantu mengubah kisah itu. Mari hadirkan akses literasi bagi anak-anak di berbagai pelosok Indonesia melalui donasi lewat tautan https://bit.ly/JagatLiterasi2026.","Pada Hari Minggu , 27 September 2026 06:54, Tabanan, Tabanan, Bali

BANGKA, KOMPAS.com - Ratusan ponton tambang timah ilegal ditemukan di laut Tembelok dan Keranggan, Mentok, Bangka Barat, Kepulauan Bangka Belitung.
Polisi mendatangi para penambang dan meminta mereka menjauhi lokasi yang bukan wilayah penambangan tersebut.
Kapolres Bangka Barat AKBP Helen Simanjuntak mengatakan bahwa operasi penertiban kembali dilakukan karena banyak penambang yang bertahan di lokasi terlarang.""Kembali melakukan penertiban terhadap aktivitas penambangan ilegal di perairan Tembelok dan Keranggan, Kecamatan Mentok,"" kata Helen pada awak media, Sabtu (26/9/2026).
Baca juga: Tes Urine Mendadak di Tambang Timah Pangkalpinang, 29 Pekerja Positif Narkoba
Helen mengatakan, patroli dan penertiban yang dimulai sekitar pukul 13.00 WIB tersebut menyasar ponton jenis selam dan user-user yang sebelumnya diketahui beroperasi di kawasan Tembelok dan Keranggan.




Dalam kegiatan tersebut, petugas tidak menemukan adanya aktivitas penambangan yang sedang berlangsung.
Namun, petugas menemukan 140 ponton masih diparkir di kawasan perairan Tembelok dan Keranggan, yang terdiri dari sekitar 100 ponton jenis selam dan 40 ponton user-user.""Kondisi arus laut yang cukup deras disebut menjadi salah satu faktor tidak berlangsungnya aktivitas penyelaman saat petugas melakukan penertiban,"" ujar Helen.
Meski demikian, petugas tetap memberikan imbauan kepada para ojek serta pekerja yang sedang melakukan perbaikan ponton agar tidak kembali melakukan aktivitas penambangan di kawasan tersebut.Helen menegaskan bahwa peringatan disampaikan sebagai bagian dari upaya kepolisian menjaga situasi keamanan sekaligus melindungi ekosistem laut di perairan Tembelok dan Keranggan.
""Personel terus melakukan pemantauan dan memberikan imbauan agar tidak melakukan aktivitas penambangan di kawasan tersebut. Kami juga mengajak masyarakat bersama-sama menjaga ekosistem laut dan segera melaporkan apabila mengetahui adanya aktivitas penambangan,"" ujar Helen.
Baca juga: Kades Minta Tolong Kapolri, Tambang Timah Ilegal Beromset Rp 13,5 Miliar per Bulan Sulit Diberantas
Ia mengatakan bahwa keberadaan ponton ini menjadi perhatian petugas sehingga pemantauan terhadap kawasan tersebut akan terus dilakukan.
Tembelok dan Keranggan merupakan perairan laut dangkal yang berkisar enam sampai delapan meter dan dikenal kaya pasir timah.
Penambang melakukan penyelaman menggunakan selang kompresor dan menyedot pasir timah ke dalam ponton.Kawasan tersebut tidak termasuk izin usaha penambangan serta kegiatan penambangan yang tidak memenuhi standar keselamatan.
Kegiatan penertiban berlangsung aman dan kondusif.
Polres Bangka Barat bersama Ditpolairud Polda juga mengingatkan masyarakat agar tidak memanfaatkan situasi untuk kembali melakukan aktivitas penambangan ilegal di perairan Tembelok dan Keranggan.




  

    
        Bayangkan seorang anak Indonesia bercita-cita menjadi dokter tetapi hanya memiliki satu buku lusuh untuk belajar. Bersama Ekspedisi Kata ke Nyata Kompas.com, Anda bisa membantu mengubah kisah itu. Mari hadirkan akses literasi bagi anak-anak di berbagai pelosok Indonesia melalui donasi lewat tautan https://bit.ly/JagatLiterasi2026. Setiap kebaikan yang Anda berikan bukan hanya membuka jendela pengetahuan, tetapi juga membuka masa depan mereka.",Kompas.com,"Dajan Peken, 82114, Tabanan, Tabanan, Bali, Indonesia",-8.536609490935,115.13552944186335,5,"2, 7","kejaksaan, kejatibali, kejaritabanan, tabanan, news"
Inflasi Bali Melandai di Tengah Penguatan Sinergi Pengendalian Inflasi,2026-10-03T01:36:00.000Z,"Kabupaten Tabanan, Bali, Indonesia",Inflasi Bali Melandai di Tengah Penguatan Sinergi Pengendalian Inflasi - RRI.co.id,"RRI.CO.ID, Denpasar - Berdasarkan rilis BPS Provinsi Bali 1 Oktober 2026, Provinsi Bali secara bulanan pada September 2026 mengalami inflasi sebesar 0,32% (mtm), lebih rendah dibandingkan bulan Agustus yang mengalami inflasi sebesar 0,61% (mtm). Kepala Kantor Perwakilan BI Bali Achris Sarwani mengatakan, Inflasi bulanan Provinsi Bali dipengaruhi meningkatnya biaya produksi, khususnya harga pakan yang mendorong kenaikan harga ayam ras di tingkat Konsumen, serta kemarau berkepanjangan yang diiringi El Nino dan serangan Organisme Pengganggu Tanaman (OPT) yang mempengaruhi harga cabai dan beras.Sementara itu, inflasi Provinsi Bali secara tahunan meningkat dari 3,45% (yoy) pada Agustus 2026 menjadi 3,79% (yoy).","Capaian tersebut lebih tinggi dibandingkan inflasi nasional sebesar 3,28% (yoy). Secara spasial, seluruh kabupaten/kota IHK di Bali mencatat inflasi bulanan pada September 2026.Kabupaten Badung mengalami inflasi tertinggi sebesar 0,55% (mtm), diikuti Kabupaten Tabanan sebesar 0,46% (mtm), Kota Denpasar sebesar 0,21% (mtm), dan Singaraja sebesar 0,19% (mtm).","Pada Hari Sabtu , 3 Oktober 2026 01:36, Tabanan, Tabanan, Bali

RRI.CO.ID, Denpasar - Berdasarkan rilis BPS Provinsi Bali 1 Oktober 2026, Provinsi Bali secara bulanan pada September 2026 mengalami inflasi sebesar 0,32% (mtm), lebih rendah dibandingkan bulan Agustus yang mengalami inflasi sebesar 0,61% (mtm). Kepala Kantor Perwakilan BI Bali Achris Sarwani mengatakan, Inflasi bulanan Provinsi Bali dipengaruhi meningkatnya biaya produksi, khususnya harga pakan yang mendorong kenaikan harga ayam ras di tingkat Konsumen, serta kemarau berkepanjangan yang diiringi El Nino dan serangan Organisme Pengganggu Tanaman (OPT) yang mempengaruhi harga cabai dan beras.Sementara itu, inflasi Provinsi Bali secara tahunan meningkat dari 3,45% (yoy) pada Agustus 2026 menjadi 3,79% (yoy). Capaian tersebut lebih tinggi dibandingkan inflasi nasional sebesar 3,28% (yoy). Secara spasial, seluruh kabupaten/kota IHK di Bali mencatat inflasi bulanan pada September 2026.Kabupaten Badung mengalami inflasi tertinggi sebesar 0,55% (mtm), diikuti Kabupaten Tabanan sebesar 0,46% (mtm), Kota Denpasar sebesar 0,21% (mtm), dan Singaraja sebesar 0,19% (mtm). Achris Sarwani mengatakan, secara tahunan, inflasi tertinggiNtercatat di Kabupaten Tabanan sebesar 4,54% (yoy), diikuti Kabupaten Badung sebesar 3,95% (yoy), Singaraja sebesar 3,87% (yoy), dan Kota Denpasar sebesar 3,42% (yoy).Berdasarkan komoditas, secara bulanan inflasi pada September 2026 bersumber dari peningkatan harga daging ayam ras, cabai rawit, air kemasan, biaya akademik/perguruan tinggi, jeruk, bahan bakar rumah tangga, dan beras. “Inflasi yang lebih tinggi tertahan oleh penurunan harga angkutan udara, canang sari, cabai merah, bawang putih, sawi hijau, ketimun, emas perhiasan, bawang merah, terong, dan kangkung,” ujarnya.Bank Indonesia Provinsi Bali terus mendukung berbagai langkah strategis TPID se-Bali, salah satunya melalui penguatan pemantauan harga dan intensifikasi operasi pasar agar capaian inflasi Provinsi Bali pada akhir tahun dapat terjaga pada rentang sasaran 2,5±1%. Ke depan, beberapa risiko inflasi yang perlu dicermati antara lain berlanjutnya fenomena El Niño dan mundurnya awal musim hujan yang berpotensi mengganggu produksi pangan, khususnya komoditas hortikultura.Selain itu, potensi gangguan distribusi pangan antardaerah termasuk melalui jalur penyeberangan Ketapang-Gilimanuk, serta masih tingginya biaya angkutan barang global juga perlu menjadi perhatian. Di sisi lain, meredanya aktivitas kunjungan wisatawan setelah periode puncak liburan diprakirakan dapatBmengurangi tekanan inflasi dari sisi permintaan.Dalam memperkuat pengendalian inflasi ke depan, Bank Indonesia Provinsi Bali terus memperkuat sinergi dan inovasi bersama Pemerintah Provinsi dan Kabupaten/Kota se-Bali dengan upaya TPID yang berfokus pada 4K, yaitu keterjangkauan harga, ketersediaan pasokan, kelancaran distribusi, dan komunikasi yang efektif. Adapun langkah - langkah implementasinya diantaranya melalui Rakor Inflasi TPIP-TPID, intensifikasi Gerakan Pangan Murah (GPM), pemantauan harga secara berkala, fasilitasi distribusi pangan dan optimalisasi kerja sama antardaerah melalui Perumda Pangan, pemberian bantuan sarpras kepada kelompok tani, serta penguatan koordinasi dan penyebarluasan informasi kepada masyarakat.⁠⁠⁠⁠⁠⁠⁠Dengan dukungan sinergi yang kuat antara Bank Indonesia dan Pemerintah Daerah melalui TPID se-Bali, inflasi Bali pada tahun 2026 diprakirakan tetap terjaga dalam kisaran sasaran nasional sebesar 2,5%±1%, sehingga dapat mendukung stabilitas perekonomian dan daya beli masyarakat.",RRI.co.id,"Dajan Peken, 82114, Tabanan, Tabanan, Bali, Indonesia",-8.536609490935,115.13552944186335,5,"2, 7","kejaksaan, kejatibali, kejaritabanan, tabanan, news"
Diduga Hendak Curi Kabel Pria Tewas Kesetrum di Tanjungbalai,2026-10-01T08:49:00.000Z,"Kabupaten Tabanan, Bali, Indonesia","Diduga Hendak Curi Kabel, Pria Tewas Kesetrum di Tanjungbalai - medan.kompas.com","TANJUNGBALAI, KOMPAS.com - Seorang pria yang belum diketahui identitasnya ditemukan tewas dengan luka bakar di Jalan Tengku Umar, Tanjungbalai, Sumatera Utara, Kamis (1/10/2026).
Pria tersebut diduga meninggal akibat tersengat listrik saat hendak mencuri kabel. Dugaan itu muncul setelah petugas menemukan sebuah tang jepit di tangan kirinya.Selain itu, menurut warga setempat, kasus kehilangan kabel listrik sebelumnya juga kerap terjadi di sekitar Jalan Tengku Umar.
Baca juga: Diserahkan ke Imigrasi, 2 WN Iran Pencuri Uang Pedagang di Tabanan Tunggu Dideportasi
Polisi yang menerima laporan mengenai penemuan jenazah tersebut kemudian mendatangi lokasi dan melakukan olah tempat kejadian perkara (TKP).
Petugas selanjutnya mengevakuasi jasad pria tersebut.




Kepala lingkungan setempat, Fitri, mengatakan, korban pertama kali ditemukan oleh warga yang melintas di sekitar lokasi.
""Tadi saya dihubungi oleh warga, katanya ada temuan mayat.","Saya datang ke sini dan langsung menghubungi petugas kepolisian,"" kata Fitri.Korban sering terlihat di sekitar lokasi
Meski identitasnya belum diketahui, Fitri mengatakan pria tersebut bukan orang yang benar-benar asing bagi warga sekitar.
Menurut dia, korban cukup sering terlihat melintas di kawasan Jalan Tengku Umar.
""Memang sering melintas di sini. Masyarakat juga tahu, tapi sampai saat ini kami belum tahu nama korban,"" katanya.
Saat ditemukan, tubuh korban dalam kondisi mengalami luka bakar.
Petugas yang memeriksa lokasi juga menemukan sebuah tang jepit berada di tangan kiri korban.
Temuan tersebut kemudian memunculkan dugaan bahwa korban tengah beraktivitas di sekitar kabel listrik sebelum tersengat.
Namun, dalam keterangan yang tersedia, belum disebutkan hasil penyelidikan kepolisian mengenai aktivitas korban sebelum ditemukan meninggal dunia.




  

Identitas pria tersebut juga masih belum diketahui..","Pada Hari Kamis , 1 Oktober 2026 08:49, Tabanan, Tabanan, Bali

TANJUNGBALAI, KOMPAS.com - Seorang pria yang belum diketahui identitasnya ditemukan tewas dengan luka bakar di Jalan Tengku Umar, Tanjungbalai, Sumatera Utara, Kamis (1/10/2026).
Pria tersebut diduga meninggal akibat tersengat listrik saat hendak mencuri kabel. Dugaan itu muncul setelah petugas menemukan sebuah tang jepit di tangan kirinya.Selain itu, menurut warga setempat, kasus kehilangan kabel listrik sebelumnya juga kerap terjadi di sekitar Jalan Tengku Umar.
Baca juga: Diserahkan ke Imigrasi, 2 WN Iran Pencuri Uang Pedagang di Tabanan Tunggu Dideportasi
Polisi yang menerima laporan mengenai penemuan jenazah tersebut kemudian mendatangi lokasi dan melakukan olah tempat kejadian perkara (TKP).
Petugas selanjutnya mengevakuasi jasad pria tersebut.




Kepala lingkungan setempat, Fitri, mengatakan, korban pertama kali ditemukan oleh warga yang melintas di sekitar lokasi.
""Tadi saya dihubungi oleh warga, katanya ada temuan mayat. Saya datang ke sini dan langsung menghubungi petugas kepolisian,"" kata Fitri.Korban sering terlihat di sekitar lokasi
Meski identitasnya belum diketahui, Fitri mengatakan pria tersebut bukan orang yang benar-benar asing bagi warga sekitar.
Menurut dia, korban cukup sering terlihat melintas di kawasan Jalan Tengku Umar.
""Memang sering melintas di sini. Masyarakat juga tahu, tapi sampai saat ini kami belum tahu nama korban,"" katanya.
Saat ditemukan, tubuh korban dalam kondisi mengalami luka bakar.
Petugas yang memeriksa lokasi juga menemukan sebuah tang jepit berada di tangan kiri korban.
Temuan tersebut kemudian memunculkan dugaan bahwa korban tengah beraktivitas di sekitar kabel listrik sebelum tersengat.
Namun, dalam keterangan yang tersedia, belum disebutkan hasil penyelidikan kepolisian mengenai aktivitas korban sebelum ditemukan meninggal dunia.




  

Identitas pria tersebut juga masih belum diketahui.",medan.kompas.com,"Dajan Peken, 82114, Tabanan, Tabanan, Bali, Indonesia",-8.536609490935,115.13552944186335,5,"2, 7","kejaksaan, kejatibali, kejaritabanan, tabanan, news"
Pangdam Udayana Tekankan Pengamalan Pancasila dalam Pengabdian,2026-10-01T07:59:00.000Z,"Kabupaten Tabanan, Bali, Indonesia",Pangdam Udayana Tekankan Pengamalan Pancasila dalam Pengabdian - RRI.co.id,"Pangdam IX/Udayana Mayjen TNI Piek Budyakto memimpin Upacara Peringatan Hari Kesaktian Pancasila di Lapangan Makorem 163/Wira Satya.(Foto:PendamIXUdayana)
                                                    
                                                                                            
                                                                                                            
                                
                                RRI.CO.ID, Denpasar - Peringatan Hari Kesaktian Pancasila menjadi momentum bagi prajurit dan PNS Kodam IX/Udayana untuk kembali mengamalkan nilai-nilai Pancasila dalam pelaksanaan tugas. Pesan tersebut disampaikan Pangdam IX/Udayana Mayjen TNI Piek Budyakto saat memimpin upacara di Lapangan Makorem 163/Wira Satya, Denpasar, Kamis (1/10/2026).Upacara diikuti prajurit dan PNS Kodam IX/Udayana se-Garnisun Denpasar.","Pangdam menekankan peringatan Hari Kesaktian Pancasila tidak sekadar menjadi kegiatan seremonial, tetapi harus diwujudkan melalui sikap dan perilaku dalam kehidupan sehari-hari.“Pancasila telah terbukti tangguh dan mampu bertahan menghadapi berbagai ancaman serta upaya untuk mengganti ideologi negara. Karena itu, nilai-nilai Pancasila harus terus kita tanamkan dan amalkan dalam kehidupan sehari-hari,” tegas Piek Budyakto.Menurut Pangdam, Pancasila berperan sebagai perekat kemajemukan bangsa sekaligus landasan dalam menjaga persatuan.","Pada Hari Kamis , 1 Oktober 2026 07:59, Tabanan, Tabanan, Bali

Pangdam IX/Udayana Mayjen TNI Piek Budyakto memimpin Upacara Peringatan Hari Kesaktian Pancasila di Lapangan Makorem 163/Wira Satya.(Foto:PendamIXUdayana)
                                                    
                                                                                            
                                                                                                            
                                
                                RRI.CO.ID, Denpasar - Peringatan Hari Kesaktian Pancasila menjadi momentum bagi prajurit dan PNS Kodam IX/Udayana untuk kembali mengamalkan nilai-nilai Pancasila dalam pelaksanaan tugas. Pesan tersebut disampaikan Pangdam IX/Udayana Mayjen TNI Piek Budyakto saat memimpin upacara di Lapangan Makorem 163/Wira Satya, Denpasar, Kamis (1/10/2026).Upacara diikuti prajurit dan PNS Kodam IX/Udayana se-Garnisun Denpasar. Pangdam menekankan peringatan Hari Kesaktian Pancasila tidak sekadar menjadi kegiatan seremonial, tetapi harus diwujudkan melalui sikap dan perilaku dalam kehidupan sehari-hari.“Pancasila telah terbukti tangguh dan mampu bertahan menghadapi berbagai ancaman serta upaya untuk mengganti ideologi negara. Karena itu, nilai-nilai Pancasila harus terus kita tanamkan dan amalkan dalam kehidupan sehari-hari,” tegas Piek Budyakto.Menurut Pangdam, Pancasila berperan sebagai perekat kemajemukan bangsa sekaligus landasan dalam menjaga persatuan. Karena itu, seluruh prajurit dan PNS Kodam IX/Udayana diminta merefleksikan nilai Pancasila melalui disiplin, tanggung jawab, gotong royong dan kepedulian.Pangdam juga menyinggung kepercayaan pemerintah kepada TNI dalam mengawal sejumlah program pembangunan dan pemberdayaan masyarakat. Di antaranya Koperasi Desa/Kelurahan Merah Putih, ketahanan pangan, pembangunan jembatan dan berbagai program lainnya.“Kepercayaan ini harus kita jawab dengan melaksanakan setiap tugas secara sungguh-sungguh dan penuh rasa tanggung jawab sesuai bidang masing-masing. Semangat kebersamaan yang berlandaskan Pancasila harus terus kita pelihara untuk memperkokoh persatuan dan kesatuan serta menjaga keutuhan negara,” ujar Pangdam.Momentum Hari Kesaktian Pancasila juga dirangkaikan dengan kenaikan pangkat prajurit dan PNS Kodam IX/Udayana periode 1 Oktober 2026. Sebanyak 371 prajurit dan PNS se-Garnisun Denpasar menerima kenaikan pangkat, terdiri dari 7 Kolonel, 11 Letnan Kolonel, 21 Mayor, 47 Perwira Pertama, 74 Bintara, 142 Tamtama dan 69 PNS.Pangdam mengatakan kenaikan pangkat bukan sekadar hadiah, tetapi merupakan bentuk penghargaan atas prestasi sekaligus amanah yang harus dipertanggungjawabkan. Kepada penerima kenaikan pangkat, Pangdam berharap penghargaan tersebut menjadi motivasi untuk meningkatkan profesionalisme, disiplin dan kualitas pengabdian.Kapendam IX/Udayana Kolonel Inf Amrizal Nasution menambahkan, nilai Pancasila harus diwujudkan melalui sikap, disiplin, tanggung jawab dan pengabdian nyata. Kenaikan pangkat juga diharapkan menjadi dorongan bagi prajurit dan PNS untuk meningkatkan profesionalisme dalam menjalankan tugas.Upacara Hari Kesaktian Pancasila dan kenaikan pangkat dihadiri jajaran pimpinan Kodam IX/Udayana, para komandan satuan, prajurit dan PNS se-Garnisun Denpasar. Ketua dan Wakil Ketua Persit KCK PD IX/Udayana beserta anggota juga turut hadir dalam rangkaian kegiatan tersebut. 


                                
                                
                                
                                
                                
                                            
                                        
                                                                    

                                


                                
                                                                    
                                    
                                
                                                                                                                                                                                
                            
                            
                                                                        
                                                                
                                    
                                        
                                            Berita
                                        
                                    
                                    Terbaru Lainnya
                                
                                
                            
                            
                                    
                                    
                                        Memuat berita terbaru.....",RRI.co.id,"Dajan Peken, 82114, Tabanan, Tabanan, Bali, Indonesia",-8.536609490935,115.13552944186335,5,"2, 7","kejaksaan, kejatibali, kejaritabanan, tabanan, news"
Kimnara Space dan Cepaka Learning Center Resmi Dibuka,2026-09-28T04:16:00.000Z,"Kabupaten Tabanan, Bali, Indonesia",Kimnara Space dan Cepaka Learning Center Resmi Dibuka - RRI.co.id,"RRI.CO.ID, Tabanan – Kimnara Space dan Cepaka Learning Center resmi diperkenalkan sebagai percontohan pengelolaan sampah berbasis sumber sekaligus pemberdayaan masyarakat berbasis ekonomi sirkular di Desa Cepaka, Kabupaten Tabanan pada Sabtu, 26 September 2026.‎Inisiatif tersebut digagas COCO Social Fund yang didukung COCO Development Group bersama Pemerintah Desa dan Desa Adat Cepaka. Program ini mengintegrasikan pengelolaan sampah plastik, edukasi lingkungan, serta pengembangan wisata edukasi berbasis ekonomi sirkular.‎Gubernur Bali Wayan Koster dalam kesempatan tersebut diwakili oleh Dr.","Drs. I Made Rentin, AP., M.Si., selaku Staf Ahli Gubernur Bali Bidang Pembangunan Manusia, Kebudayaan, dan Kemasyarakatan.‎Dalam sambutannya, Gubernur Bali melalui Made Rentin memberikan apresiasi terhadap inisiatif COCO Social Fund bersama COCO Development Group, Pemerintah Desa dan Desa Adat Cepaka yang menghadirkan Kimnara Space dan Cepaka Learning Center sebagai model percontohan pengelolaan sampah plastik menjadi bahan bakar alternatif melalui teknologi pirolisis.‎“Pengelolaan sampah berbasis sumber di tingkat desa menjadi salah satu prasyarat penting bagi keberlanjutan pariwisata dan kehidupan masyarakat Bali ke depan,” ujar Made Rentin.‎Model tersebut juga disebut sejalan dengan kebijakan Pemerintah Provinsi Bali, antara lain Peraturan Gubernur Bali Nomor 47 Tahun 2019 tentang Pengelolaan Sampah Berbasis Sumber dan Peraturan Gubernur Bali Nomor 45 Tahun 2019 tentang Bali Energi Bersih.","Pada Hari Senin , 28 September 2026 04:16, Tabanan, Tabanan, Bali

RRI.CO.ID, Tabanan – Kimnara Space dan Cepaka Learning Center resmi diperkenalkan sebagai percontohan pengelolaan sampah berbasis sumber sekaligus pemberdayaan masyarakat berbasis ekonomi sirkular di Desa Cepaka, Kabupaten Tabanan pada Sabtu, 26 September 2026.‎Inisiatif tersebut digagas COCO Social Fund yang didukung COCO Development Group bersama Pemerintah Desa dan Desa Adat Cepaka. Program ini mengintegrasikan pengelolaan sampah plastik, edukasi lingkungan, serta pengembangan wisata edukasi berbasis ekonomi sirkular.‎Gubernur Bali Wayan Koster dalam kesempatan tersebut diwakili oleh Dr. Drs. I Made Rentin, AP., M.Si., selaku Staf Ahli Gubernur Bali Bidang Pembangunan Manusia, Kebudayaan, dan Kemasyarakatan.‎Dalam sambutannya, Gubernur Bali melalui Made Rentin memberikan apresiasi terhadap inisiatif COCO Social Fund bersama COCO Development Group, Pemerintah Desa dan Desa Adat Cepaka yang menghadirkan Kimnara Space dan Cepaka Learning Center sebagai model percontohan pengelolaan sampah plastik menjadi bahan bakar alternatif melalui teknologi pirolisis.‎“Pengelolaan sampah berbasis sumber di tingkat desa menjadi salah satu prasyarat penting bagi keberlanjutan pariwisata dan kehidupan masyarakat Bali ke depan,” ujar Made Rentin.‎Model tersebut juga disebut sejalan dengan kebijakan Pemerintah Provinsi Bali, antara lain Peraturan Gubernur Bali Nomor 47 Tahun 2019 tentang Pengelolaan Sampah Berbasis Sumber dan Peraturan Gubernur Bali Nomor 45 Tahun 2019 tentang Bali Energi Bersih. Pengolahan sampah plastik melalui teknologi pirolisis menghasilkan bahan bakar minyak yang dimanfaatkan untuk operasional truk sampah, traktor petani, dan kendaraan warga. Sementara residu black carbon dapat dimanfaatkan untuk kerajinan masyarakat. ‎‎Selain pengolahan sampah, sebagian keuntungan Kimnara Space dan donasi dari paket edukasi Cepaka Waste Journey dialokasikan untuk mendukung program pengembangan desa, seperti Cepaka Waste Preneur, Petani Cilik, Kelas Literasi, dan pengembangan teknologi pirolisis.‎Made Rentin juga mengajak pelaku usaha, khususnya sektor pariwisata dan perhotelan, untuk mendukung serta mereplikasi model pengelolaan sampah berbasis sumber dan ekonomi sirkular di wilayah masing-masing.‎“Wisata edukasi lingkungan yang dipadukan dengan pemberdayaan masyarakat, seperti paket co-creation yang dikembangkan di Kimnara Space, akan semakin memperkuat citra Bali sebagai destinasi pariwisata yang hijau, bersih, indah dan berkelanjutan, berbasis kearifan lokal,” tegas Made Rentin.‎Peresmian berlangsung di Kimnara Space dan Cepaka Learning Center, Desa Cepaka, Tabanan. Berdasarkan rundown, rangkaian kegiatan meliputi kunjungan lokasi, penyampaian keynote speech, dan seremoni peresmian melalui gunting pita.‎Melalui sambutan tersebut, Made Rentin menyampaikan harapan agar Kimnara Space dan Cepaka Learning Center memberikan manfaat bagi kelestarian lingkungan, kesejahteraan masyarakat desa, serta kemajuan pariwisata Bali yang berkelanjutan.‎",RRI.co.id,"Dajan Peken, 82114, Tabanan, Tabanan, Bali, Indonesia",-8.536609490935,115.13552944186335,5,"2, 7","kejaksaan, kejatibali, kejaritabanan, tabanan, news"
Kepolisian Sosialisasi SMA Taruna Bhayangkara di SMPN 2 Gianyar,2026-10-01T08:04:00.000Z,"Kabupaten Tabanan, Bali, Indonesia",Kepolisian Sosialisasi SMA Taruna Bhayangkara di SMPN 2 Gianyar - RRI.co.id,"Polsek Gianyar Sosialisasikan Penerimaan SMA Kemala Taruna Bhayangkara di SMPN 2 Gianyar (Foto: Polres Gianyar)
                                                    
                                                                                            
                                                                                                            
                                
                                RRI.CO.ID, Gianyar - Polsek Gianyar melalui Kanit Binmas Iptu I Komang Iwan Setiawan melaksanakan sosialisasi penerimaan siswa baru SMA Kemala Taruna Bhayangkara Tahun Anggaran 2027/2028 di SMP Negeri 2 Gianyar pada Kamis, 1 Oktober 2026. Kegiatan sambang tersebut diterima langsung oleh Kepala SMP Negeri 2 Gianyar I Wayan Nuratna bersama para guru dan siswa.","Sosialisasi ini bertujuan memberikan informasi awal dan pemahaman kepada para siswa mengenai kesempatan melanjutkan pendidikan ke jenjang menengah kejuruan/keberbakatan kepolisian. Selain sosialisasi pendidikan, petugas Bhabinkamtibmas Kelurahan Bitera turut menyampaikan pesan keamanan dan ketertiban masyarakat (Kamtibmas).","Pada Hari Kamis , 1 Oktober 2026 08:04, Tabanan, Tabanan, Bali

Polsek Gianyar Sosialisasikan Penerimaan SMA Kemala Taruna Bhayangkara di SMPN 2 Gianyar (Foto: Polres Gianyar)
                                                    
                                                                                            
                                                                                                            
                                
                                RRI.CO.ID, Gianyar - Polsek Gianyar melalui Kanit Binmas Iptu I Komang Iwan Setiawan melaksanakan sosialisasi penerimaan siswa baru SMA Kemala Taruna Bhayangkara Tahun Anggaran 2027/2028 di SMP Negeri 2 Gianyar pada Kamis, 1 Oktober 2026. Kegiatan sambang tersebut diterima langsung oleh Kepala SMP Negeri 2 Gianyar I Wayan Nuratna bersama para guru dan siswa. Sosialisasi ini bertujuan memberikan informasi awal dan pemahaman kepada para siswa mengenai kesempatan melanjutkan pendidikan ke jenjang menengah kejuruan/keberbakatan kepolisian. Selain sosialisasi pendidikan, petugas Bhabinkamtibmas Kelurahan Bitera turut menyampaikan pesan keamanan dan ketertiban masyarakat (Kamtibmas). Para siswa diimbau untuk bersama-sama menjaga kondusivitas lingkungan sekolah serta dapat memanfaatkan Hotline Polisi 110 jika menemukan potensi gangguan Kamtibmas. Kapolsek Gianyar, Kompol I Made Adi Suryawan, menyampaikan bahwa kegiatan ini merupakan wujud pelayanan Polri untuk mendekatkan diri kepada masyarakat, khususnya kalangan pelajar.""Kami berharap melalui kegiatan sosialisasi ini para siswa memperoleh informasi yang jelas mengenai penerimaan SMA Kemala Taruna Bhayangkara, sekaligus semakin memahami pentingnya menjaga keamanan dan ketertiban di lingkungan sekolah. Sinergi antara Polri, pihak sekolah, guru dan siswa sangat penting dalam menciptakan lingkungan pendidikan yang aman, nyaman dan kondusif,"" ujar Kompol I Made Adi Suryawan. 


                                
                                
                                
                                
                                
                                            
                                        
                                                                    

                                


                                
                                                                    
                                    
                                
                                                                                                                                                                                
                            
                            
                                                                        
                                                                
                                    
                                        
                                            Berita
                                        
                                    
                                    Terbaru Lainnya
                                
                                
                            
                            
                                    
                                    
                                        Memuat berita terbaru.....",RRI.co.id,"Dajan Peken, 82114, Tabanan, Tabanan, Bali, Indonesia",-8.536609490935,115.13552944186335,5,"2, 7","kejaksaan, kejatibali, kejaritabanan, tabanan, news"
KPU BaliKodam IXUdayana Perkuat Kerja Sama Pemutakhiran Data Pemilih,2026-10-01T02:25:00.000Z,"Kabupaten Tabanan, Bali, Indonesia",KPU Bali-Kodam IX/Udayana Perkuat Kerja Sama Pemutakhiran Data Pemilih - RRI.co.id,"RRI.CO.ID, Denpasar- Komisi Pemilihan Umum (KPU) Provinsi Bali menggelar audiensi sekaligus pembahasan Perjanjian Kerja Sama (PKS) bersama Komando Daerah Militer (Kodam) IX/Udayana bertempat di Ruang Tamu Pangdam IX/Udayana, Denpasar, pada Selasa 29 September 2026. Kerja sama strategis ini digagas dalam rangka memperkuat sinergitas pelaksanaan tugas dan fungsi kedua lembaga demi mendukung persiapan serta penyelenggaraan Pemilihan Umum (Pemilu) dan Pemilihan di wilayah Provinsi Bali.","Kesepakatan ini melibatkan Ketua KPU Provinsi Bali, I Dewa Agung Gede Lidartawan, bersama Panglima Komando Daerah Militer IX/Udayana, Mayjen TNI Piek Budyakto. Perjanjian Kerja Sama yang berlaku untuk jangka waktu 5 (lima) tahun ini mencakup sejumlah ruang lingkup strategis.","Pada Hari Kamis , 1 Oktober 2026 02:25, Tabanan, Tabanan, Bali

RRI.CO.ID, Denpasar- Komisi Pemilihan Umum (KPU) Provinsi Bali menggelar audiensi sekaligus pembahasan Perjanjian Kerja Sama (PKS) bersama Komando Daerah Militer (Kodam) IX/Udayana bertempat di Ruang Tamu Pangdam IX/Udayana, Denpasar, pada Selasa 29 September 2026. Kerja sama strategis ini digagas dalam rangka memperkuat sinergitas pelaksanaan tugas dan fungsi kedua lembaga demi mendukung persiapan serta penyelenggaraan Pemilihan Umum (Pemilu) dan Pemilihan di wilayah Provinsi Bali. Kesepakatan ini melibatkan Ketua KPU Provinsi Bali, I Dewa Agung Gede Lidartawan, bersama Panglima Komando Daerah Militer IX/Udayana, Mayjen TNI Piek Budyakto. Perjanjian Kerja Sama yang berlaku untuk jangka waktu 5 (lima) tahun ini mencakup sejumlah ruang lingkup strategis. Di antaranya meliputi pertukaran data dan informasi kepemiluan, bantuan pengamanan distribusi logistik, koordinasi serta sosialisasi netralitas TNI, hingga pemanfaatan sarana, prasarana, dan sumber daya manusia di wilayah teritorial Provinsi Bali.Salah satu poin krusial dalam Perjanjian Kerja Sama ini adalah penanganan dan pemutakhiran data penduduk yang beralih status menjadi prajurit TNI maupun purnawirawan secara berkala. Langkah ini menjadi solusi konkret atas hasil pencermatan data turunan Kementerian Dalam Negeri (Kemendagri) pada Pemutakhiran Data Pemilih Berkelanjutan (PDPB) Semester I Tahun 2026, di mana terdata sebanyak 117 orang yang dinyatakan Tidak Memenuhi Syarat (TMS) sebagai pemilih akibat beralih status menjadi anggota TNI.Melalui kesepakatan ini, KPU Bali dan Kodam IX/Udayana berkomitmen melakukan verifikasi, pembersihan, serta perbaikan data secara terpadu guna menjamin keakuratan dan akuntabilitas daftar pemilih di Bali. Di sisi lain, Kodam IX/Udayana turut menegaskan komitmennya untuk menjamin netralitas prajurit serta siap memberikan dukungan pengamanan dan deteksi dini guna mengantisipasi potensi gangguan keamanan selama tahapan pemilu berlangsung.Melalui kerja sama ini, KPU Provinsi Bali dan Kodam IX/Udayana berharap tercipta koordinasi yang intensif dan berkesinambungan. Sinergi lintas lembaga ini menjadi wujud komitmen bersama dalam mengawal penyelenggaraan Pemilu dan Pemilihan di Bali agar dapat berjalan aman, lancar, transparan, dan berintegritas. 


                                
                                
                                
                                
                                
                                            
                                        
                                                                    

                                


                                
                                                                    
                                    
                                
                                                                                                                                                                                
                            
                            
                                                                        
                                                                
                                    
                                        
                                            Berita
                                        
                                    
                                    Terbaru Lainnya
                                
                                
                            
                            
                                    
                                    
                                        Memuat berita terbaru.....",RRI.co.id,"Dajan Peken, 82114, Tabanan, Tabanan, Bali, Indonesia",-8.536609490935,115.13552944186335,5,"2, 7","kejaksaan, kejatibali, kejaritabanan, tabanan, news"
Kodam IXUdayana Salurkan Air Bersih Warga Terdampak Kekeringan,2026-09-30T00:33:00.000Z,"Kabupaten Tabanan, Bali, Indonesia",Kodam IX/Udayana Salurkan Air Bersih Warga Terdampak Kekeringan - RRI.co.id,"Kodam IX/Udayana menyalurkan bantuan air bersih kepada masyarakat terdampak kekeringan di Kampial, Denpasar. (Foto:PendamIXUdayana)
                                                    
                                                                                            
                                                                                                            
                                
                                RRI.CO.ID, Denpasar - Memasuki musim kemarau, Kodam IX/Udayana mengerahkan jajarannya untuk membantu masyarakat yang mengalami kesulitan mendapatkan air bersih.","Langkah tersebut merupakan tindak lanjut perintah Kepala Staf Angkatan Darat Jenderal TNI Maruli Simanjuntak untuk membantu masyarakat terdampak kekeringan.Salah satu penyaluran dilakukan Detasemen Markas Kodam IX/Udayana di Kelurahan Benoa, Banjar Menesa, Desa Adat Kampial, Jalan Raya Kampial, Selasa, 29 September 2026. Bantuan tersebut menyasar 650 kepala keluarga atau sekitar 3.900 jiwa dengan dukungan empat armada mobil tangki air.Kapendam IX/Udayana Kolonel Inf Amrizal Nasution mengatakan penyaluran air bersih menjadi bentuk respons TNI AD terhadap kebutuhan dasar masyarakat yang terdampak kekeringan.","Pada Hari Rabu , 30 September 2026 00:33, Tabanan, Tabanan, Bali

Kodam IX/Udayana menyalurkan bantuan air bersih kepada masyarakat terdampak kekeringan di Kampial, Denpasar. (Foto:PendamIXUdayana)
                                                    
                                                                                            
                                                                                                            
                                
                                RRI.CO.ID, Denpasar - Memasuki musim kemarau, Kodam IX/Udayana mengerahkan jajarannya untuk membantu masyarakat yang mengalami kesulitan mendapatkan air bersih. Langkah tersebut merupakan tindak lanjut perintah Kepala Staf Angkatan Darat Jenderal TNI Maruli Simanjuntak untuk membantu masyarakat terdampak kekeringan.Salah satu penyaluran dilakukan Detasemen Markas Kodam IX/Udayana di Kelurahan Benoa, Banjar Menesa, Desa Adat Kampial, Jalan Raya Kampial, Selasa, 29 September 2026. Bantuan tersebut menyasar 650 kepala keluarga atau sekitar 3.900 jiwa dengan dukungan empat armada mobil tangki air.Kapendam IX/Udayana Kolonel Inf Amrizal Nasution mengatakan penyaluran air bersih menjadi bentuk respons TNI AD terhadap kebutuhan dasar masyarakat yang terdampak kekeringan. Bantuan juga menjadi bagian dari gerakan jajaran Kodam IX/Udayana di Bali, Nusa Tenggara Barat, dan Nusa Tenggara Timur.“Penyaluran air bersih ini merupakan tindak lanjut atas perintah Bapak Kasad Jenderal TNI Maruli Simanjuntak agar jajaran TNI AD hadir membantu masyarakat yang mengalami kesulitan mendapatkan air bersih,” ujar Kolonel Inf Amrizal Nasution.Selain di Kampial, penyaluran air bersih di wilayah Bali juga dilakukan di Desa Bonyoh, Kecamatan Kintamani, Kabupaten Bangli. Untuk wilayah Kampial, bantuan yang disalurkan mencapai sekitar 16.000 liter air bersih menggunakan kendaraan tangki milik Makodam IX/Udayana yang dioperasikan Denmadam IX/Udayana.Kapendam menegaskan Kodam IX/Udayana akan terus berkoordinasi dengan pemerintah daerah dan unsur terkait dalam membantu masyarakat yang terdampak kekeringan. Bantuan diharapkan dapat disalurkan sesuai kebutuhan dan kondisi masing-masing wilayah agar manfaatnya dapat dirasakan masyarakat.“Air bersih merupakan kebutuhan dasar masyarakat, karena itu kami akan terus berkoordinasi dengan pemerintah daerah dan unsur terkait untuk membantu masyarakat yang terdampak kekeringan,” katanya.Penyaluran air bersih tersebut menjadi bagian dari upaya Kodam IX/Udayana membantu masyarakat menghadapi dampak musim kemarau. Kepedulian dan gotong royong diharapkan terus diperkuat agar kebutuhan dasar masyarakat yang terdampak kekeringan dapat terpenuhi. 


                                
                                
                                
                                
                                
                                            
                                        
                                                                    

                                


                                
                                                                    
                                    
                                
                                                                                                                                                                                
                            
                            
                                                                        
                                                                
                                    
                                        
                                            Berita
                                        
                                    
                                    Terbaru Lainnya
                                
                                
                            
                            
                                    
                                    
                                        Memuat berita terbaru.....",RRI.co.id,"Dajan Peken, 82114, Tabanan, Tabanan, Bali, Indonesia",-8.536609490935,115.13552944186335,5,"2, 7","kejaksaan, kejatibali, kejaritabanan, tabanan, news"
Remtaba Competition 2026 Dorong Kreativitas Siswa Cegah Narkoba,2026-10-03T01:33:00.000Z,"Kabupaten Tabanan, Bali, Indonesia",Remtaba Competition 2026 Dorong Kreativitas Siswa Cegah Narkoba - RRI.co.id,"Giacinta Putu Naysa Andriyanto, Ketua Panitia Remtaba saat Memberikan Keterangan kepada RRI. (Foto: Nadia/RRI)
                                                    
                                                                                            
                                                                                                            
                                
                                RRI.CO.ID, Badung - KSPAN Putra Dharma Laksana menggelar Remtaba Competition 2026 di SMP Negeri 2 Mengwi, Badung, Rabu, 30 September 2026 dan 1 Oktober 2026.","Kegiatan ini melibatkan perwakilan siswa dari kelas 7, 8, dan 9.Ketua Panitia Remtaba Competition 2026, Giacinta Putu Naysa Andriyanto, kepada RRI.CO.ID mengatakan Remtaba merupakan singkatan dari Remaja Tegar Tanpa AIDS dan Narkoba. “Pada hari ini sedang berlangsung kegiatan Remtaba Competition 2026 yang diselenggarakan oleh KSPAN Putra Dharma Laksana,” ujarnya.Ia mengungkapkan, kegiatan tersebut bekerja sama dengan siswa-siswi SMP Negeri 2 Mengwi dengan sejumlah perlombaan yang disesuaikan berdasarkan jenjang kelas.","Pada Hari Sabtu , 3 Oktober 2026 01:33, Tabanan, Tabanan, Bali

Giacinta Putu Naysa Andriyanto, Ketua Panitia Remtaba saat Memberikan Keterangan kepada RRI. (Foto: Nadia/RRI)
                                                    
                                                                                            
                                                                                                            
                                
                                RRI.CO.ID, Badung - KSPAN Putra Dharma Laksana menggelar Remtaba Competition 2026 di SMP Negeri 2 Mengwi, Badung, Rabu, 30 September 2026 dan 1 Oktober 2026. Kegiatan ini melibatkan perwakilan siswa dari kelas 7, 8, dan 9.Ketua Panitia Remtaba Competition 2026, Giacinta Putu Naysa Andriyanto, kepada RRI.CO.ID mengatakan Remtaba merupakan singkatan dari Remaja Tegar Tanpa AIDS dan Narkoba. “Pada hari ini sedang berlangsung kegiatan Remtaba Competition 2026 yang diselenggarakan oleh KSPAN Putra Dharma Laksana,” ujarnya.Ia mengungkapkan, kegiatan tersebut bekerja sama dengan siswa-siswi SMP Negeri 2 Mengwi dengan sejumlah perlombaan yang disesuaikan berdasarkan jenjang kelas. Untuk siswa kelas 7, lomba yang digelar berupa cerita bergambar. Sementara kelas 8 mengikuti lomba tutor sebaya dan kelas 9 mengikuti lomba film pendek. Seluruh jenjang juga mengikuti lomba teka-teki silang sebagai lomba wajib. “Untuk setiap lomba kita mewakili dua orang perwakilan. Khusus film pendek bisa sampai 11 orang,” ungkapnya.Giacinta berharap kegiatan tersebut dapat meningkatkan kreativitas siswa sekaligus mendorong mereka lebih bijak dalam menyikapi persoalan narkoba, HIV, dan pergaulan bebas. Ia berharap Remtaba Competition dapat kembali diselenggarakan pada tahun-tahun berikutnya.“Semoga siswa-siswi SMP Negeri 2 Mengwi menjadi lebih kreatif dan bijak dalam menghadapi masalah narkoba, HIV, dan pergaulan bebas,” pungkasnya. 


                                
                                
                                
                                
                                
                                            
                                        
                                                                    

                                


                                
                                                                    
                                    
                                
                                                                                                                                                                                
                            
                            
                                                                        
                                                                
                                    
                                        
                                            Berita
                                        
                                    
                                    Terbaru Lainnya
                                
                                
                            
                            
                                    
                                    
                                        Memuat berita terbaru.....",RRI.co.id,"Dajan Peken, 82114, Tabanan, Tabanan, Bali, Indonesia",-8.536609490935,115.13552944186335,5,"2, 7","kejaksaan, kejatibali, kejaritabanan, tabanan, news"
AI Mulai Ikut Bercerita Seperti Apa Masa Depan Film,2026-09-28T07:02:00.000Z,"Kabupaten Tabanan, Bali, Indonesia","AI Mulai Ikut Bercerita, Seperti Apa Masa Depan Film? - RRI.co.id","Hiburan
                                                
                                            
                                                                            
                                    
                                    
                                        
                                            28 Sep 2026 14:02
                                            WIB
                                        
                                        
                                             Denpasar
                                        
                                    
                                    
                                                                                                                                
                                                                                
                                        
                                            
                                                Editor -
                                                Ni Putu Widyawati
                                            
                                        
                                    
                                

                                                                                                                                    

                                

                                                                                                            
                                        
                                                                                    
                                                
                                                    
                                                

                                                                                                    
                                                        BIAIFF 2026 mempertemukan insan perfilman dari berbagai negara (Foto:dok)
                                                    
                                                                                            
                                                                                                            
                                
                                RRI.CO.ID, Denpasar – Bayangkan membuat sebuah film dengan bantuan teknologi yang mampu menghasilkan visual, karakter, musik hingga berbagai elemen cerita. Perkembangan Artificial Intelligence (AI) kini mulai membuka kemungkinan baru dalam dunia perfilman.Fenomena tersebut menjadi salah satu hal yang diangkat dalam Bali International AI Film Festival (BIAIFF) Season 5.","Festival ini akan digelar pada 30 September 2026 di Paradiso Ubud, Bali, dan menghadirkan berbagai karya film yang memanfaatkan AI dalam proses kreatifnya.Karya yang ditampilkan tidak terbatas pada film pendek. BIAIFF juga membuka ruang untuk dokumenter, film feature, music video, animasi hingga karya eksperimental.","Pada Hari Senin , 28 September 2026 07:02, Tabanan, Tabanan, Bali

Hiburan
                                                
                                            
                                                                            
                                    
                                    
                                        
                                            28 Sep 2026 14:02
                                            WIB
                                        
                                        
                                             Denpasar
                                        
                                    
                                    
                                                                                                                                
                                                                                
                                        
                                            
                                                Editor -
                                                Ni Putu Widyawati
                                            
                                        
                                    
                                

                                                                                                                                    

                                

                                                                                                            
                                        
                                                                                    
                                                
                                                    
                                                

                                                                                                    
                                                        BIAIFF 2026 mempertemukan insan perfilman dari berbagai negara (Foto:dok)
                                                    
                                                                                            
                                                                                                            
                                
                                RRI.CO.ID, Denpasar – Bayangkan membuat sebuah film dengan bantuan teknologi yang mampu menghasilkan visual, karakter, musik hingga berbagai elemen cerita. Perkembangan Artificial Intelligence (AI) kini mulai membuka kemungkinan baru dalam dunia perfilman.Fenomena tersebut menjadi salah satu hal yang diangkat dalam Bali International AI Film Festival (BIAIFF) Season 5. Festival ini akan digelar pada 30 September 2026 di Paradiso Ubud, Bali, dan menghadirkan berbagai karya film yang memanfaatkan AI dalam proses kreatifnya.Karya yang ditampilkan tidak terbatas pada film pendek. BIAIFF juga membuka ruang untuk dokumenter, film feature, music video, animasi hingga karya eksperimental. Kehadiran berbagai format ini menunjukkan semakin luasnya eksplorasi kreator terhadap teknologi AI.Mengusung tema “The Soul of Storytelling, Reimagined by Code”, BIAIFF tidak hanya berbicara tentang kecanggihan teknologi. Festival ini juga mengajak melihat bagaimana AI dapat menjadi medium baru untuk menyampaikan ide dan cerita.Meski teknologi semakin canggih, manusia tetap memiliki peran penting dalam menentukan gagasan, sudut pandang dan pesan yang ingin disampaikan. AI dapat membantu mewujudkan sebuah ide, tetapi cerita tetap membutuhkan perspektif dan pengalaman manusia.Melalui BIAIFF, Bali menjadi salah satu ruang untuk melihat pertemuan antara teknologi dan seni. Menarik untuk melihat apakah perkembangan AI nantinya hanya mengubah cara film dibuat, atau sekaligus mengubah cara manusia bercerita. 


                                
                                
                                
                                
                                
                                            
                                        
                                                                    

                                


                                
                                                                    
                                    
                                
                                                                                                                                                                                
                            
                            
                                                                        
                                                                
                                    
                                        
                                            Berita
                                        
                                    
                                    Terbaru Lainnya
                                
                                
                            
                            
                                    
                                    
                                        Memuat berita terbaru.....",RRI.co.id,"Dajan Peken, 82114, Tabanan, Tabanan, Bali, Indonesia",-8.536609490935,115.13552944186335,5,"2, 7","kejaksaan, kejatibali, kejaritabanan, tabanan, news"
Pemkab Gianyar Teguhkan Semangat Persatuan di Hari Kesaktian Pancasila,2026-10-01T02:22:00.000Z,"Kabupaten Tabanan, Bali, Indonesia",Pemkab Gianyar Teguhkan Semangat Persatuan di Hari Kesaktian Pancasila - RRI.co.id,"Pemkab Gianyar Teguhkan Semangat Persatuan di Hari Kesaktian Pancasila (Foto: Pemkab Gianyar)
                                                    
                                                                                            
                                                                                                            
                                
                                RRI.CO.ID, Gianyar - Pemerintah Kabupaten Gianyar memperingati Hari Kesaktian Pancasila melalui upacara di Halaman Kantor Bupati Gianyar pada Kamis, 1 Oktober 2026. Peringatan tersebut menjadi momentum peneguhan komitmen untuk menjaga persatuan serta mempertahankan Pancasila sebagai dasar dan ideologi negara.Dalam upacara yang berlangsung khidmat, Kepala Bagian Organisasi Setda Kabupaten Gianyar, Made Sukania Dwiyani Prajnya Paramita, membacakan Ikrar Hari Kesaktian Pancasila yang ditandatangani oleh Ketua DPR RI, Puan Maharani.","Ikrar tersebut menegaskan bahwa meski perjalanan bangsa sejak 17 Agustus 1945 kerap menghadapi berbagai dinamika dan tantangan, semangat kebersamaan tetap mampu memperkokoh tegaknya Negara Kesatuan Republik Indonesia.""Maka di hadapan Tuhan Yang Maha Esa, dalam memperingati Hari Kesaktian Pancasila, kami membulatkan tekad untuk tetap mempertahankan dan mengamalkan nilai-nilai Pancasila sebagai sumber kekuatan menggalang kebersamaan untuk memperjuangkan, menegakkan kebenaran dan keadilan demi keutuhan Negara Kesatuan Republik Indonesia,"" ujar Sukania Dwiyani.Peringatan Hari Kesaktian Pancasila yang berkaitan dengan peristiwa sejarah 30 September 1965 ini diharapkan tidak hanya sekadar seremonial, tetapi menjadi refleksi bersama untuk terus merawat gotong royong, toleransi, dan keharmonisan di masyarakat. Berita
                                        
                                    
                                    Terbaru Lainnya
                                
                                
                            
                            
                                    
                                    
                                        Memuat berita terbaru......","Pada Hari Kamis , 1 Oktober 2026 02:22, Tabanan, Tabanan, Bali

Pemkab Gianyar Teguhkan Semangat Persatuan di Hari Kesaktian Pancasila (Foto: Pemkab Gianyar)
                                                    
                                                                                            
                                                                                                            
                                
                                RRI.CO.ID, Gianyar - Pemerintah Kabupaten Gianyar memperingati Hari Kesaktian Pancasila melalui upacara di Halaman Kantor Bupati Gianyar pada Kamis, 1 Oktober 2026. Peringatan tersebut menjadi momentum peneguhan komitmen untuk menjaga persatuan serta mempertahankan Pancasila sebagai dasar dan ideologi negara.Dalam upacara yang berlangsung khidmat, Kepala Bagian Organisasi Setda Kabupaten Gianyar, Made Sukania Dwiyani Prajnya Paramita, membacakan Ikrar Hari Kesaktian Pancasila yang ditandatangani oleh Ketua DPR RI, Puan Maharani. Ikrar tersebut menegaskan bahwa meski perjalanan bangsa sejak 17 Agustus 1945 kerap menghadapi berbagai dinamika dan tantangan, semangat kebersamaan tetap mampu memperkokoh tegaknya Negara Kesatuan Republik Indonesia.""Maka di hadapan Tuhan Yang Maha Esa, dalam memperingati Hari Kesaktian Pancasila, kami membulatkan tekad untuk tetap mempertahankan dan mengamalkan nilai-nilai Pancasila sebagai sumber kekuatan menggalang kebersamaan untuk memperjuangkan, menegakkan kebenaran dan keadilan demi keutuhan Negara Kesatuan Republik Indonesia,"" ujar Sukania Dwiyani.Peringatan Hari Kesaktian Pancasila yang berkaitan dengan peristiwa sejarah 30 September 1965 ini diharapkan tidak hanya sekadar seremonial, tetapi menjadi refleksi bersama untuk terus merawat gotong royong, toleransi, dan keharmonisan di masyarakat. 


                                
                                
                                
                                
                                
                                            
                                        
                                                                    

                                


                                
                                                                    
                                    
                                
                                                                                                                                                                                
                            
                            
                                                                        
                                                                
                                    
                                        
                                            Berita
                                        
                                    
                                    Terbaru Lainnya
                                
                                
                            
                            
                                    
                                    
                                        Memuat berita terbaru.....",RRI.co.id,"Dajan Peken, 82114, Tabanan, Tabanan, Bali, Indonesia",-8.536609490935,115.13552944186335,5,"2, 7","kejaksaan, kejatibali, kejaritabanan, tabanan, news"
Gempa M38 Guncang Kuta Selatan Getaran Terasa hingga Denpasar,2026-10-02T03:06:00.000Z,"Kabupaten Tabanan, Bali, Indonesia","Gempa M3,8 Guncang Kuta Selatan, Getaran Terasa hingga Denpasar - RRI.co.id","Regional
                                                
                                            
                                                                            
                                    
                                    
                                        
                                            02 Okt 2026 10:06
                                            WIB
                                        
                                        
                                             Singaraja
                                        
                                    
                                    
                                                                                                                                
                                                                                
                                        
                                            
                                                Editor -
                                                Santi Mulyawati
                                            
                                        
                                    
                                

                                                                                                                                    

                                

                                                                                                            
                                        
                                                                                    
                                                
                                                    
                                                

                                                                                                    
                                                        Infografis Balai Besar Meteorologi, Klimatologi, dan Geofisika (BBMKG) Wilayah III Badung. (Foto: Dok.","BBMKG Wilayah III Badung.
                                                    
                                                                                            
                                                                                                            
                                
                                RRI.CO.ID, Singaraja - Gempa bumi tektonik berkekuatan Magnitudo 3,8 mengguncang wilayah Kuta Selatan, Bali, Jumat, 2 Oktober 2026 pukul 08.46.54 WITA. Gempa tersebut berpusat di laut pada jarak sekitar 29 kilometer barat daya Tabanan, dengan kedalaman 86 kilometer.","Pada Hari Jumat , 2 Oktober 2026 03:06, Tabanan, Tabanan, Bali

Regional
                                                
                                            
                                                                            
                                    
                                    
                                        
                                            02 Okt 2026 10:06
                                            WIB
                                        
                                        
                                             Singaraja
                                        
                                    
                                    
                                                                                                                                
                                                                                
                                        
                                            
                                                Editor -
                                                Santi Mulyawati
                                            
                                        
                                    
                                

                                                                                                                                    

                                

                                                                                                            
                                        
                                                                                    
                                                
                                                    
                                                

                                                                                                    
                                                        Infografis Balai Besar Meteorologi, Klimatologi, dan Geofisika (BBMKG) Wilayah III Badung. (Foto: Dok. BBMKG Wilayah III Badung.
                                                    
                                                                                            
                                                                                                            
                                
                                RRI.CO.ID, Singaraja - Gempa bumi tektonik berkekuatan Magnitudo 3,8 mengguncang wilayah Kuta Selatan, Bali, Jumat, 2 Oktober 2026 pukul 08.46.54 WITA. Gempa tersebut berpusat di laut pada jarak sekitar 29 kilometer barat daya Tabanan, dengan kedalaman 86 kilometer. Getaran gempa dirasakan masyarakat di sejumlah wilayah, termasuk Kuta Selatan, Kuta, dan Denpasar.Berdasarkan analisis Badan Meteorologi, Klimatologi, dan Geofisika (BMKG), episenter gempa berada pada koordinat 8,67 derajat Lintang Selatan dan 114,89 derajat Bujur Timur. Dengan memperhatikan lokasi episenter dan kedalaman hiposenternya, gempa tersebut dikategorikan sebagai gempa bumi menengah. Gempa dipicu aktivitas sesar aktif di dasar laut.Hasil analisis mekanisme sumber menunjukkan gempa memiliki pergerakan turun dengan kombinasi mendatar. Mekanisme tersebut dikenal sebagai Normal Right-Lateral Oblique, yang menggambarkan karakter pergerakan sumber gempa. Kedalaman 86 kilometer membuat gempa ini termasuk dalam kategori gempa menengah.Berdasarkan laporan masyarakat dan estimasi peta guncangan atau shakemap BMKG, getaran paling terasa di wilayah Kuta Selatan dan Kuta. Intensitas gempa di kedua wilayah tersebut berada pada skala II-III Modified Mercalli Intensity (MMI). Pada skala tersebut, getaran dapat dirasakan beberapa orang hingga terasa nyata di dalam rumah, termasuk benda-benda ringan yang digantung bergoyang.Sementara itu, wilayah Denpasar merasakan gempa dengan intensitas II MMI. Getaran pada skala tersebut dapat dirasakan nyata di dalam rumah dan sensasinya seperti truk yang sedang melintas. Meski dirasakan di beberapa wilayah, BMKG belum melaporkan adanya dampak kerusakan akibat gempa tersebut.Hingga pukul 09.15 WITA, BMKG menyatakan hasil monitoring belum menunjukkan adanya aktivitas gempa bumi susulan atau aftershock. Pemantauan terhadap aktivitas kegempaan tetap dilakukan untuk mengetahui perkembangan kondisi setelah gempa utama. Informasi terbaru akan disampaikan kepada pemangku kepentingan dan masyarakat apabila terdapat perkembangan.Kepala Balai Besar Meteorologi, Klimatologi, dan Geofisika (BBMKG) Wilayah III Badung, Cahyo Nugroho, mengimbau masyarakat tetap tenang dan tidak mudah terpengaruh informasi yang belum dapat dipertanggungjawabkan. Masyarakat juga diminta menghindari bangunan yang mengalami keretakan atau kerusakan akibat gempa. Langkah tersebut penting untuk mencegah risiko apabila terjadi gempa susulan atau kondisi bangunan tidak stabil.""BMKG akan terus memonitor aktivitas gempabumi susulan serta menyampaikan pemutakhiran informasi kepada stakeholder dan masyarakat,"" ujar Cahyo.BMKG juga mengingatkan masyarakat agar memperoleh informasi kebencanaan melalui kanal resmi dan terverifikasi. Informasi resmi dapat diakses melalui kanal komunikasi BMKG serta situs dan aplikasi resmi yang disediakan untuk masyarakat. Dengan mengandalkan sumber informasi resmi, masyarakat diharapkan tidak ikut menyebarkan kabar yang tidak dapat dipastikan kebenarannya. 


                                
                                
                                
                                
                                
                                            
                                        
                                                                    

                                


                                
                                                                    
                                    
                                
                                                                                                                                                                                
                            
                            
                                                                        
                                                                
                                    
                                        
                                            Berita
                                        
                                    
                                    Terbaru Lainnya
                                
                                
                            
                            
                                    
                                    
                                        Memuat berita terbaru.....",RRI.co.id,"Dajan Peken, 82114, Tabanan, Tabanan, Bali, Indonesia",-8.536609490935,115.13552944186335,5,"2, 7","kejaksaan, kejatibali, kejaritabanan, tabanan, news"
Bawaslu Bali Dorong PPID Proaktif Tak Sekadar Menunggu Permohonan Informasi,2026-09-28T12:40:00.000Z,"Kabupaten Tabanan, Bali, Indonesia","Bawaslu Bali Dorong PPID Proaktif, Tak Sekadar Menunggu Permohonan Informasi - RRI.co.id","RRI.CO.ID, Karangasem – Pengelolaan informasi publik tidak cukup hanya dilakukan ketika masyarakat mengajukan permohonan informasi. Pejabat Pengelola Informasi dan Dokumentasi (PPID) harus aktif menyediakan, memperbarui, dan menyebarluaskan informasi yang dibutuhkan masyarakat.Hal tersebut disampaikan Koordinator Divisi Hukum dan Penyelesaian Sengketa Bawaslu Provinsi Bali, Gede Sutrawan, saat memberikan arahan dalam Rapat Pengelolaan dan Pelayanan Data Informasi Publik Bawaslu Kabupaten Karangasem, Senin 28 September 2026.“PPID tidak hanya bekerja ketika terdapat permohonan informasi, tetapi juga harus bekerja sebelum adanya permohonan informasi, melalui penyediaan, pemutakhiran, dan penyebarluasan informasi secara proaktif,” kata Sutrawan.Menurutnya, keterbukaan informasi perlu ditempatkan sebagai bagian dari penguatan kelembagaan.","Untuk itu, PPID harus senantiasa siap menyediakan informasi yang dibutuhkan masyarakat melalui berbagai kanal yang tersedia.Dalam pelaksanaannya, website PPID dapat menjadi sumber utama informasi kelembagaan, sedangkan media sosial berperan mendiseminasikan sekaligus memperluas jangkauan informasi kepada masyarakat.“Sedikitnya permohonan informasi tidak serta-merta menunjukkan PPID tidak bekerja. Bisa jadi informasi yang dibutuhkan masyarakat telah tersedia dan dapat diperoleh melalui website maupun media sosial,” jelasnya.Sejalan dengan itu, pelayanan informasi tidak harus selalu berlangsung melalui mekanisme yang formal.","Pada Hari Senin , 28 September 2026 12:40, Tabanan, Tabanan, Bali

RRI.CO.ID, Karangasem – Pengelolaan informasi publik tidak cukup hanya dilakukan ketika masyarakat mengajukan permohonan informasi. Pejabat Pengelola Informasi dan Dokumentasi (PPID) harus aktif menyediakan, memperbarui, dan menyebarluaskan informasi yang dibutuhkan masyarakat.Hal tersebut disampaikan Koordinator Divisi Hukum dan Penyelesaian Sengketa Bawaslu Provinsi Bali, Gede Sutrawan, saat memberikan arahan dalam Rapat Pengelolaan dan Pelayanan Data Informasi Publik Bawaslu Kabupaten Karangasem, Senin 28 September 2026.“PPID tidak hanya bekerja ketika terdapat permohonan informasi, tetapi juga harus bekerja sebelum adanya permohonan informasi, melalui penyediaan, pemutakhiran, dan penyebarluasan informasi secara proaktif,” kata Sutrawan.Menurutnya, keterbukaan informasi perlu ditempatkan sebagai bagian dari penguatan kelembagaan. Untuk itu, PPID harus senantiasa siap menyediakan informasi yang dibutuhkan masyarakat melalui berbagai kanal yang tersedia.Dalam pelaksanaannya, website PPID dapat menjadi sumber utama informasi kelembagaan, sedangkan media sosial berperan mendiseminasikan sekaligus memperluas jangkauan informasi kepada masyarakat.“Sedikitnya permohonan informasi tidak serta-merta menunjukkan PPID tidak bekerja. Bisa jadi informasi yang dibutuhkan masyarakat telah tersedia dan dapat diperoleh melalui website maupun media sosial,” jelasnya.Sejalan dengan itu, pelayanan informasi tidak harus selalu berlangsung melalui mekanisme yang formal. Sepanjang informasi yang diminta dapat diberikan sesuai ketentuan, pelayanan dapat dilakukan dalam bentuk soft file maupun hard file dengan menyesuaikan kebutuhan pemohon dan kondisi pelayanan.Lebih jauh, kualitas pengelolaan PPID juga menjadi salah satu cerminan profesionalitas lembaga. Karena itu, evaluasi perlu dilakukan secara berkelanjutan untuk memastikan pelayanan yang diberikan telah sesuai dan mampu memenuhi kebutuhan masyarakat.Perhatian yang sama perlu diberikan pada aspek aksesibilitas. Pelayanan yang ramah bagi penyandang disabilitas, misalnya, tidak hanya berkaitan dengan penyediaan fasilitas fisik, tetapi juga bagaimana informasi yang tersedia secara elektronik dapat diakses dan dipahami masyarakat dengan berbagai kondisi.“Setiap kegiatan kelembagaan perlu didokumentasikan dengan baik karena dokumentasi merupakan bagian dari informasi, bahan pertanggungjawaban, sekaligus bukti pelaksanaan kegiatan,” tutur Sutrawan.Selain penyediaan informasi, respons terhadap masyarakat juga menjadi bagian dari kualitas pelayanan publik. Karena itu, tanggung jawab keterbukaan informasi dan akuntabilitas tidak hanya berada pada petugas atau pengelola PPID, tetapi menjadi tanggung jawab seluruh jajaran lembaga.Setiap pertanyaan yang disampaikan masyarakat melalui media sosial maupun kanal pelayanan lainnya perlu diterima dan direspons secara baik, santun, informatif, dan komunikatif. Apabila informasi yang dibutuhkan berada pada kewenangan unit lain, masyarakat tetap perlu dilayani melalui koordinasi internal sehingga kebutuhan informasi dapat ditindaklanjuti secara tepat.Penguatan pelayanan tersebut kemudian dilengkapi dengan pemaparan dari Dinas Komunikasi dan Informatika Kabupaten Karangasem. Perwakilan Diskominfo Karangasem, Danu Winartha, menjelaskan sejumlah praktik pelayanan informasi yang telah diterapkan, baik secara langsung maupun elektronik.Dalam pelayanan secara langsung, masyarakat dapat mengakses front office Diskominfo Karangasem maupun menggunakan QR Code untuk memperoleh formulir permohonan informasi. Sementara secara daring, pelayanan didukung melalui website dan kanal komunikasi lainnya, termasuk WhatsApp.Pada sisi penyebarluasan informasi, Diskominfo Karangasem memanfaatkan sejumlah platform media sosial, seperti TikTok, Facebook, dan Instagram secara terintegrasi. Pelayanan permohonan informasi juga telah didukung tanda tangan digital yang dapat digunakan melalui perangkat berbasis Android maupun iOS.Selain melalui tulisan dan visual, informasi juga dapat dikemas dalam berbagai format, termasuk audio. Pemanfaatan beragam format tersebut menjadi salah satu upaya untuk memperluas akses masyarakat terhadap informasi publik.Rapat yang berlangsung di Aula Widya Adhyasta Bawaslu Kabupaten Karangasem tersebut diikuti jajaran pimpinan dan sekretariat Bawaslu Kabupaten Karangasem, pengelola PPID, serta perwakilan Diskominfo Kabupaten Karangasem.",RRI.co.id,"Dajan Peken, 82114, Tabanan, Tabanan, Bali, Indonesia",-8.536609490935,115.13552944186335,5,"2, 7","kejaksaan, kejatibali, kejaritabanan, tabanan, news"
Cerita dibalik Motif Cantik Kain Endek Bali,2026-09-29T16:43:00.000Z,"Kabupaten Tabanan, Bali, Indonesia",Cerita dibalik Motif Cantik Kain Endek Bali - RRI.co.id,"Budaya
                                                
                                            
                                                                            
                                    
                                    
                                        
                                            29 Sep 2026 23:43
                                            WIB
                                        
                                        
                                             Medan
                                        
                                    
                                    
                                                                                                                                
                                                                                
                                        
                                            
                                                Editor -
                                                Syahrudi, S.S.
                                            
                                        
                                    
                                

                                                                                                                                    

                                

                                                                                                            
                                        
                                                                                    
                                                
                                                    
                                                

                                                                                                    
                                                        Kain Endek Bali (Pinterest)
                                                    
                                                                                            
                                                                                                            
                                
                                RRI.CO.ID, Medan - Kain Endek Bali bukan sekadar kain tradisional dengan motif dan warna yang menarik. Di balik setiap lembarannya, tersimpan cerita tentang alam, budaya, hingga kepercayaan masyarakat Bali yang diwariskan dari generasi ke generasi.Dikutip dari IDN Times, Endek merupakan kain tenun ikat yang motifnya dibentuk melalui proses pengikatan dan pewarnaan benang sebelum kemudian ditenun menjadi kain.","Nama Endek berkaitan dengan istilah ngendek atau gendekan, yang berarti diam atau tetap, merujuk pada bagian benang yang warnanya tetap karena terlindungi saat proses pewarnaan.1. Motifnya Terinspirasi dari Alam hingga KepercayaanSalah satu ciri khas kain Endek terlihat dari motifnya yang beragam.","Pada Hari Selasa , 29 September 2026 16:43, Tabanan, Tabanan, Bali

Budaya
                                                
                                            
                                                                            
                                    
                                    
                                        
                                            29 Sep 2026 23:43
                                            WIB
                                        
                                        
                                             Medan
                                        
                                    
                                    
                                                                                                                                
                                                                                
                                        
                                            
                                                Editor -
                                                Syahrudi, S.S.
                                            
                                        
                                    
                                

                                                                                                                                    

                                

                                                                                                            
                                        
                                                                                    
                                                
                                                    
                                                

                                                                                                    
                                                        Kain Endek Bali (Pinterest)
                                                    
                                                                                            
                                                                                                            
                                
                                RRI.CO.ID, Medan - Kain Endek Bali bukan sekadar kain tradisional dengan motif dan warna yang menarik. Di balik setiap lembarannya, tersimpan cerita tentang alam, budaya, hingga kepercayaan masyarakat Bali yang diwariskan dari generasi ke generasi.Dikutip dari IDN Times, Endek merupakan kain tenun ikat yang motifnya dibentuk melalui proses pengikatan dan pewarnaan benang sebelum kemudian ditenun menjadi kain. Nama Endek berkaitan dengan istilah ngendek atau gendekan, yang berarti diam atau tetap, merujuk pada bagian benang yang warnanya tetap karena terlindungi saat proses pewarnaan.1. Motifnya Terinspirasi dari Alam hingga KepercayaanSalah satu ciri khas kain Endek terlihat dari motifnya yang beragam. Bunga, daun, burung, hingga berbagai bentuk fauna menjadi inspirasi yang menggambarkan kedekatan masyarakat Bali dengan alam.Namun, tidak semua motif Endek memiliki fungsi yang sama. Beberapa di antaranya memiliki nilai sakral, seperti motif Patra dan Encak Saji, yang digunakan dalam konteks tertentu, terutama kegiatan keagamaan. Karena itu, penggunaan motif Endek juga perlu memperhatikan fungsi dan nilai budaya yang melekat di dalamnya.2. Warna Endek Juga Punya MaknaBukan hanya motif, warna pada kain Endek juga memiliki keterkaitan dengan simbol spiritual dan konsep keseimbangan dalam budaya Bali.Merah kerap dikaitkan dengan kekuatan dan energi, putih dengan kesucian, hitam dengan kekuatan dan keseimbangan, sementara kuning dapat merepresentasikan kemuliaan dan kesejahteraan. Meski begitu, makna warna dapat berbeda bergantung pada motif, fungsi kain, serta konteks adat dan keagamaannya.3. Dari Tradisi hingga Fesyen ModernMenariknya, perkembangan zaman tidak membuat Endek kehilangan tempat. Motif tradisional ini kini hadir dalam berbagai busana dan produk fesyen modern.Kain Endek bahkan pernah digunakan dalam koleksi Spring/Summer 2021 Christian Dior dan menjadi bagian dari jamuan makan malam KTT G20 Bali pada 2022. Hal ini menunjukkan bagaimana kain tradisional dapat terus berkembang dan digunakan dalam konteks modern, tanpa harus kehilangan identitas budayanya.Pertenunan Endek juga masih dijumpai di sejumlah wilayah Bali, antara lain Kabupaten Klungkung, Karangasem, Gianyar, Buleleng, Jembrana, dan Kota Denpasar. Data industri yang lebih luas juga mencatat produksi Endek di Badung, Tabanan, dan Bangli.Jadi, ketika mengenakan kain Endek, yang digunakan bukan hanya selembar kain dengan motif yang cantik. Ada keterampilan para perajin, simbol budaya, serta cerita dan nilai yang membuat Endek tetap relevan di tengah perkembangan zaman. 


                                
                                
                                
                                
                                
                                            
                                        
                                                                    

                                


                                
                                                                    
                                    
                                
                                                                                                                                                                                
                            
                            
                                                                        
                                                                
                                    
                                        
                                            Berita
                                        
                                    
                                    Terbaru Lainnya
                                
                                
                            
                            
                                    
                                    
                                        Memuat berita terbaru.....",RRI.co.id,"Dajan Peken, 82114, Tabanan, Tabanan, Bali, Indonesia",-8.536609490935,115.13552944186335,5,"2, 7","kejaksaan, kejatibali, kejaritabanan, tabanan, news"
Pendidik Diminta Batasi Ketergantungan Siswa pada AI,2026-09-28T06:28:00.000Z,"Kabupaten Tabanan, Bali, Indonesia",Pendidik Diminta Batasi Ketergantungan Siswa pada AI - RRI.co.id,"Wakil Rektor III ITB Stikom Bali, Yudi Agusta, saat menyampaikan materi dalam International Conference on Leadership in Education (ICLE) 2026 di Badung, Minggu, 27 September 2026. (Foto: dok)
                                                    
                                                                                            
                                                                                                            
                                
                                RRI.CO.ID, Badung — Pendidik perlu membatasi ketergantungan siswa terhadap kecerdasan buatan atau AI dalam proses pembelajaran.","Siswa tidak cukup hanya diajarkan cara menggunakan AI, tetapi perlu memahami dasar teknologi tersebut agar dapat menggunakannya dengan tepat.Wakil Rektor III ITB Stikom Bali, Assoc. Prof.","Pada Hari Senin , 28 September 2026 06:28, Tabanan, Tabanan, Bali

Wakil Rektor III ITB Stikom Bali, Yudi Agusta, saat menyampaikan materi dalam International Conference on Leadership in Education (ICLE) 2026 di Badung, Minggu, 27 September 2026. (Foto: dok)
                                                    
                                                                                            
                                                                                                            
                                
                                RRI.CO.ID, Badung — Pendidik perlu membatasi ketergantungan siswa terhadap kecerdasan buatan atau AI dalam proses pembelajaran. Siswa tidak cukup hanya diajarkan cara menggunakan AI, tetapi perlu memahami dasar teknologi tersebut agar dapat menggunakannya dengan tepat.Wakil Rektor III ITB Stikom Bali, Assoc. Prof. Yudi Agusta, Ph.D., mengatakan mempersiapkan siswa menghadapi AI membutuhkan pemahaman yang lebih mendalam, bukan sekadar mengajarkan cara menggunakan teknologi tersebut. Siswa perlu memahami pengertian AI dan dasar pembentukannya agar dapat menggunakan teknologi tersebut dengan baik.“Kalau kita ingin mempersiapkan siswa, itu agak lebih dalam. Pengertian tentang AI harus dipahami, dasarnya dari mana. Karena AI itu kan dibuat, bukan sesuatu yang langsung jadi,” ujar Yudi saat diwawancarai usai menjadi pembicara dalam International Conference on Leadership in Education (ICLE) 2026 di HARRIS Hotel & Residences Sunset Road, Badung, Minggu, 27 September 2026.Dalam pemaparannya, Yudi mengatakan AI kini banyak digunakan untuk mencari informasi dan membantu menyiapkan materi presentasi. Menurutnya, penggunaan AI dalam pendidikan perlu diarahkan agar siswa tidak bergantung pada hasil yang diberikan teknologi tersebut.Yudi meminta siswa tidak langsung menggunakan jawaban dari AI untuk mengerjakan tugas. Jawaban tersebut perlu diperiksa dan dikembangkan kembali agar siswa tetap menggunakan pemahamannya sendiri.“Kalau dapat jawaban jangan langsung pakai. Harus melakukan sesuatu, minimal tanya balik lima kali. Supaya dapat jawaban yang berbeda dan kemudian nulisnya dengan cara yang berbeda,” katanya.Yudi mengatakan regulasi AI di lingkungan pendidikan sangat diperlukan. Ia menyebut kerangka yang telah disusun UNESCO dapat dipelajari untuk melihat kebutuhan penerapan AI, terutama jika regulasi di Indonesia belum tersedia.“Sangat perlu. Tapi di UNESCO kan sudah ada framework juga. Itu bisa dipelajari dari sana juga. Apa saja yang dibutuhkan untuk bisa menerapkan AI di lingkungan apapun,” ujarnya.Yudi mengatakan pedoman tersebut penting untuk mencegah penggunaan AI yang tidak tepat di lingkungan pendidikan. Jika regulasi belum tersedia, kerangka yang sudah ada dapat dijadikan dasar penerapan AI.“Kalau itu tidak disiapkan otomatis ya tadi bahaya. Penggunaan AI kan berbahaya. Jadi perlu untuk mengikuti kalau memang belum ada regulasi di sini, ada framework di mana-mana. Itu bisa untuk dijadikan dasarnya,” katanya. 


                                
                                
                                
                                
                                
                                            
                                        
                                                                    

                                


                                
                                                                    
                                    
                                
                                                                                                                                                                                
                            
                            
                                                                        
                                                                
                                    
                                        
                                            Berita
                                        
                                    
                                    Terbaru Lainnya
                                
                                
                            
                            
                                    
                                    
                                        Memuat berita terbaru.....",RRI.co.id,"Dajan Peken, 82114, Tabanan, Tabanan, Bali, Indonesia",-8.536609490935,115.13552944186335,5,"2, 7","kejaksaan, kejatibali, kejaritabanan, tabanan, news"
Gubernur Bali Ucapkan Selamat HUT ke77 Berdirinya Republik Rakyat Tiongkok,2026-09-30T14:29:00.000Z,"Kabupaten Tabanan, Bali, Indonesia",Gubernur Bali Ucapkan Selamat HUT ke-77 Berdirinya Republik Rakyat Tiongkok - RRI.co.id,"RRI.CO.ID, Denpasar- Mewakili Pemerintah Provinsi Bali dan masyarakat Bali, Gubernur Bali, Wayan Koster dihadapan Konsul Jenderal Republik Tiongkok di Denpasar, Mr. Zhang Zhisheng menyampaikan ucapan selamat Hari Ulang Tahun ke-77 Berdirinya Republik Rakyat Tiongkok (1949-2026).“ Semoga Republik Rakyat Tiongkok semakin maju dan hubungan Pemerintah Republik Indonesia dengan Tiongkok, serta Pemerintah Provinsi Bali dengan Tiongkok yang telah baik ini terus ditingkatkan,”ucapnya pada Selasa 29 September 2026.Koster mengucapkan terimakasih kepada Konsul Jenderal Republik Tiongkok di Denpasar, Mr.","Zhang Zhisheng atas kerjasama yang baik selama ini dengan harapan kerjasama yang sudah terjalin terus akan meningkat.Dikatakan, hubungan Bali dengan Tiongkok sudah terjalin sejak lama, selain karena historis, Bali dan Tiongkok juga sudah melakukan kerjasama di sektor budaya, ekonomi, perdagangan sampai ekspor buah - buahan maupun juga industri kerajinan rakyat, kemudian berlanjut kerjasamanya ke sektor pariwisata dan pendidikan.Hubungan ini terus meningkat, bahkan di bidang pariwisata, wisatawan Tiongkok yang berkunjung ke Bali sampai 31 Agustus 2026 itu sudah mencapai 400 ribu lebih orang. Kerjasama terbaru antara Pemerintah Republik Indonesia dengan Tiongkok di Bali ialah adanya kerjasama pembangunan Pengolahan Sampah menjadi Energi Listrik (PSEL), yang telah di groundbreaking pada tanggal 8 Juli 2026 dengan target selesai pada bulan Oktober 2027 atau bisa beroperasi pada bulan November/Desember 2027.PSEL yang dikerjakan oleh Weiming Environment Protection Co., Ltd ini akan mampu mengolah sampah kira - kira mencapai sebanyak 1.500 ton per hari, terutama sampah dari Kota Denpasar dan Kabupaten Badung.Ia berharap kerjasama Bali dan Tiongkok terus meningkat, jika memungkinkan adanya investasi energi bersih, salah satunya Pembangkit Listrik Tenaga Surya (PLTS) yang sedang diproses oleh PT.","Pada Hari Rabu , 30 September 2026 14:29, Tabanan, Tabanan, Bali

RRI.CO.ID, Denpasar- Mewakili Pemerintah Provinsi Bali dan masyarakat Bali, Gubernur Bali, Wayan Koster dihadapan Konsul Jenderal Republik Tiongkok di Denpasar, Mr. Zhang Zhisheng menyampaikan ucapan selamat Hari Ulang Tahun ke-77 Berdirinya Republik Rakyat Tiongkok (1949-2026).“ Semoga Republik Rakyat Tiongkok semakin maju dan hubungan Pemerintah Republik Indonesia dengan Tiongkok, serta Pemerintah Provinsi Bali dengan Tiongkok yang telah baik ini terus ditingkatkan,”ucapnya pada Selasa 29 September 2026.Koster mengucapkan terimakasih kepada Konsul Jenderal Republik Tiongkok di Denpasar, Mr. Zhang Zhisheng atas kerjasama yang baik selama ini dengan harapan kerjasama yang sudah terjalin terus akan meningkat.Dikatakan, hubungan Bali dengan Tiongkok sudah terjalin sejak lama, selain karena historis, Bali dan Tiongkok juga sudah melakukan kerjasama di sektor budaya, ekonomi, perdagangan sampai ekspor buah - buahan maupun juga industri kerajinan rakyat, kemudian berlanjut kerjasamanya ke sektor pariwisata dan pendidikan.Hubungan ini terus meningkat, bahkan di bidang pariwisata, wisatawan Tiongkok yang berkunjung ke Bali sampai 31 Agustus 2026 itu sudah mencapai 400 ribu lebih orang. Kerjasama terbaru antara Pemerintah Republik Indonesia dengan Tiongkok di Bali ialah adanya kerjasama pembangunan Pengolahan Sampah menjadi Energi Listrik (PSEL), yang telah di groundbreaking pada tanggal 8 Juli 2026 dengan target selesai pada bulan Oktober 2027 atau bisa beroperasi pada bulan November/Desember 2027.PSEL yang dikerjakan oleh Weiming Environment Protection Co., Ltd ini akan mampu mengolah sampah kira - kira mencapai sebanyak 1.500 ton per hari, terutama sampah dari Kota Denpasar dan Kabupaten Badung.Ia berharap kerjasama Bali dan Tiongkok terus meningkat, jika memungkinkan adanya investasi energi bersih, salah satunya Pembangkit Listrik Tenaga Surya (PLTS) yang sedang diproses oleh PT. PLN. PLTS di Bali akan dibangun berkapasitas 1.000 sampai 1.500 MWp.“Saya mendengar, China selain memiliki keunggulan teknologi, juga memiliki dana yang cukup, sehingga investasi dari China ke Bali untuk mewujudkan energi bersih sangat kami harapkan guna mendukung Bali Mandiri Energi. Ini kami perlukan agar Bali berkualitas, berdaya saing secara berkelanjutan, dan Bali betul - betul bisa ""survive"" guna terciptanya kesejahteraan dan kebahagiaan masyarakat Bali,”ucap Koster.Konsul Jenderal Republik Tiongkok di Denpasar, Mr. Zhang Zhisheng, dalam sambutannya mengatakan hubungan Tiongkok - Indonesia kini berada pada masa terbaik dalam sejarah. Tiongkok tidak hanya berupaya memajukan dirinya sendiri, melainkan senantiasa memikirkan kepentingan dunia dan nasib kemanusiaan.Sejak memasuki era baru, Presiden Xi Jinping telah mengajukan gagasan besar membangun Komunitas Senasib Sepenanggungan Umat Manusia, serta mengajukan inisiatif pembangunan global, keamanan global, peradaban global, dan inisiatif tata kelola global yang mendorong pembangunan sebagai prioritas, keamanan bersama, saling menghargai peradaban serta mewujudkan sistem dunia yang beragam dan tertib untuk menangani tantangan global.Karena itu, Kedepan, Tiongkok siap bekerja sama dengan Indonesia untuk melaksanakan kesepakatan strategis para pemimpin kedua negara, membangun komunitas senasib sepenanggungan antara Tiongkok - Indonesia, serta memajukan kerja sama berkualitas tinggi di bawah Belt and Road Initiative demi memenuhi cita - cita rakyat kedua negara yaitu kehidupan yang lebih baik, serta secara bersama - sama memajukan perdamaian, kestabilan, kemajuan, dan kemakmuran di tingkat regional dunia.“Kami Konsulat Jenderal Republik Rakyat Tiongkok di Denpasar akan senantiasa menjadi jembatan penghubung, memperdalam dan memperluas kerja sama antarwilayah, serta terus menghadirkan dorongan baru bagi perkembangan hubungan kedua negara,”ucap Koster.Tiongkok dan Indonesia adalah tetangga baik, serta menjadi mitra yang senasib. Dalam setahun terakhir, upaya membangun Komunitas Masa Depan Bersama Tiongkok - Indonesia telah membuahkan hasil, diantaranya seperti :a) Dari segi politik, Pemerintah Tiongkok telah mengundang Presiden Republik Indonesia, Prabowo Subianto untuk menghadiri KTT APEC di Tiongkok pada November tahun ini;b) Diluncurkannya program Kemitraan Tanggap Darurat Berbasis Masyarakat Indonesia, dalam program ini dilakukan oleh Tim Penyelamat Kesejahteraan Masyarakat Shenzhen dengan menyelenggarakan pelatihan layanan publik di berbagai lokasi, seperti di Kota Denpasar dan Buleleng. Pelatihan ini digelar bertujuan untuk meningkatkan kemampuan tanggap darurat serta pengurangan risiko bencana;c) Dari segi ekonomi, Tiongkok tetap menjadi mitra dagang terbesar, dan salah satu sumber investasi asing bagi Indonesia. Khusus untuk Bali, buah salak Bali telah berhasil dikirim ke pasar Tiongkok, dan ekspor produk laut melalui rantai pendingin yang terus berkembang;d) Adanya penerbangan langsung Beijing - Denpasar yang telah kembali beroperasi;e) Provinsi Yunnan, sebagai provinsi sahabat bagi Bali, telah melaksanakan tahap ketiga proyek kerja sama pariwisata pertanian lestari di Kabupaten Tabanan;f) Ada juga PT General Energy Bali (China Huadian Corporation) memegang peran kunci dalam menjamin kestabilan pasokan listrik di Bali. Termasuk proyek Pembangkit Listrik Tenaga Sampah (PSEL) Bali yang didanai oleh Weiming Environment Protection Co., Ltd juga telah mulai dibangun dan diperkirakan selesai dalam satu setengah tahun kedepan. Proyek ini akan menyumbangkan gagasan serta teknologi maju Tiongkok bagi pengelolaan lingkungan hidup di Bali; dang) Pematung Bali telah berpartisipasi dalam Festival Internasional Salju dan Es Harbin selama beberapa tahun berturut-turut, dan musisi Bali telah tampil dengan sukses di Shanghai, Guangzhou, dan kota-kota lainnya.",RRI.co.id,"Dajan Peken, 82114, Tabanan, Tabanan, Bali, Indonesia",-8.536609490935,115.13552944186335,5,"2, 7","kejaksaan, kejatibali, kejaritabanan, tabanan, news"
HANTARU 2026 PERINTIS 10 Hari Diperluas ke 95 Kantah,2026-09-29T06:48:00.000Z,"Kabupaten Tabanan, Bali, Indonesia","HANTARU 2026, PERINTIS 10 Hari Diperluas ke 95 Kantah - RRI.co.id","Berita Lain
                                                
                                            
                                                                            
                                    
                                    
                                        
                                            29 Sep 2026 13:48
                                            WIB
                                        
                                        
                                             Bandar Lampung
                                        
                                    
                                    
                                                                                                                                
                                                                                
                                        
                                            
                                                Editor -
                                                Fahriyal
                                            
                                        
                                    
                                

                                                                                                                                    

                                

                                                                                                            
                                        
                                                                                    
                                                
                                                    
                                                

                                                                                                    
                                                        Tepat di Momen HANTARU 2026, Implementasi PERINTIS 10 Hari Diperluas hingga ke 95 Kantah (Foto: Humas Kantor Pertanahan Kota Bandar Lampung)
                                                    
                                                                                            
                                                                                                            
                                
                                RRI.CO.ID, Bandarlampung - Berdasarkan relese yang diterima oleh Humas Kontor Pertanahan Kota Bandar Lampung, Selasa, 29 September 2026, masyarakat yang mengurus peralihan hak atas tanah kini dapat mengakses layanan Peralihan Hak Terintegrasi (PERINTIS) di 95 Kantor Pertanahan (Kantah). Perluasan layanan PERINTIS tersebut sudah mulai dijalankan tepat di Hari Agraria dan Tata Ruang Nasional (HANTARU) pada Kamis 24 September 2026 lalu.“Bertepatan dengan HANTARU, layanan PERINTIS 10 Hari sudah diimplementasikan di 95 Kantah.","Sebelumnya, layanan ini sudah diuji coba di 17 Kantah dimulai sejak 17 Agustus lalu,” ujar Kepala Biro Hubungan Masyarakat (Humas) dan Protokol, Uunk Din Parunggi, di Kementerian ATR/BPN, Jakarta pada Jumat (25/09/2026).Sesuai dengan arahan Menteri Agraria dan Tata Ruang/Kepala Badan Pertanahan Nasional (ATR/BPN), Nusron Wahid, layanan PERINTIS 10 Hari ditargetkan dapat berlaku secara nasional mulai 1 Januari 2027. “Ada penambahan 78 Kantah yang tersebar di 19 provinsi.","Pada Hari Selasa , 29 September 2026 06:48, Tabanan, Tabanan, Bali

Berita Lain
                                                
                                            
                                                                            
                                    
                                    
                                        
                                            29 Sep 2026 13:48
                                            WIB
                                        
                                        
                                             Bandar Lampung
                                        
                                    
                                    
                                                                                                                                
                                                                                
                                        
                                            
                                                Editor -
                                                Fahriyal
                                            
                                        
                                    
                                

                                                                                                                                    

                                

                                                                                                            
                                        
                                                                                    
                                                
                                                    
                                                

                                                                                                    
                                                        Tepat di Momen HANTARU 2026, Implementasi PERINTIS 10 Hari Diperluas hingga ke 95 Kantah (Foto: Humas Kantor Pertanahan Kota Bandar Lampung)
                                                    
                                                                                            
                                                                                                            
                                
                                RRI.CO.ID, Bandarlampung - Berdasarkan relese yang diterima oleh Humas Kontor Pertanahan Kota Bandar Lampung, Selasa, 29 September 2026, masyarakat yang mengurus peralihan hak atas tanah kini dapat mengakses layanan Peralihan Hak Terintegrasi (PERINTIS) di 95 Kantor Pertanahan (Kantah). Perluasan layanan PERINTIS tersebut sudah mulai dijalankan tepat di Hari Agraria dan Tata Ruang Nasional (HANTARU) pada Kamis 24 September 2026 lalu.“Bertepatan dengan HANTARU, layanan PERINTIS 10 Hari sudah diimplementasikan di 95 Kantah. Sebelumnya, layanan ini sudah diuji coba di 17 Kantah dimulai sejak 17 Agustus lalu,” ujar Kepala Biro Hubungan Masyarakat (Humas) dan Protokol, Uunk Din Parunggi, di Kementerian ATR/BPN, Jakarta pada Jumat (25/09/2026).Sesuai dengan arahan Menteri Agraria dan Tata Ruang/Kepala Badan Pertanahan Nasional (ATR/BPN), Nusron Wahid, layanan PERINTIS 10 Hari ditargetkan dapat berlaku secara nasional mulai 1 Januari 2027. “Ada penambahan 78 Kantah yang tersebar di 19 provinsi. Target kami, hingga akhir tahun akan bisa berjalan di Kantah se-Indonesia,” ujar Uunk Din Parunggi.Adapun ke-78 Kantah pelaksana tahap kedua implementasi layanan PERINTIS 10 Hari, antara lain:Kantor Pertanahan Kota Administrasi Jakarta Timur, DKI Jakarta.Kantor Pertanahan Kota Bandung, Jawa Barat.Kantor Pertanahan Kabupaten Bogor I, Jawa Barat.Kantor Pertanahan Kabupaten Bekasi, Jawa Barat.Kantor Pertanahan Kabupaten Bandung, Jawa Barat.Kantor Pertanahan Kota Tangerang, Banten.Kantor Pertanahan Kabupaten Demak, Jawa Tengah.Kantor Pertanahan Kabupaten Sragen, Jawa Tengah.Kantor Pertanahan Kabupaten Klaten, Jawa Tengah.Kantor Pertanahan Kabupaten Sleman, D.I. Yogyakarta.Kantor Pertanahan Kota Surabaya II, Jawa Timur.Kantor Pertanahan Kabupaten Sidoarjo, Jawa Timur.Kantor Pertanahan Kabupaten Gresik, Jawa Timur.Kantor Pertanahan Kota Medan, Sumatera Utara.Kantor Pertanahan Kota Padang, Sumatera Barat.Kantor Pertanahan Kota Palembang, Sumatera Selatan.Kantor Pertanahan Kota Pekanbaru, Riau.Kantor Pertanahan Kota Bandar Lampung, Lampung.Kantor Pertanahan Kota Balikpapan, Kalimantan Timur.Kantor Pertanahan Kota Banjarmasin, Kalimantan Selatan.Kantor Pertanahan Kota Mataram, Nusa Tenggara Barat.Kantor Pertanahan Kabupaten Sikka, Nusa Tenggara Timur.Kantor Pertanahan Kota Denpasar, Bali.Kantor Pertanahan Kabupaten Tabanan, Bali.Kantor Pertanahan Kabupaten Bogor II, Jawa Barat.Kantor Pertanahan Kota Bekasi, Jawa Barat.Kantor Pertanahan Kabupaten Karawang, Jawa Barat.Kantor Pertanahan Kabupaten Bandung Barat, Jawa Barat.Kantor Pertanahan Kabupaten Cirebon, Jawa Barat.Kantor Pertanahan Kabupaten Boyolali, Jawa Tengah.Kantor Pertanahan Kabupaten Kendal, Jawa Tengah.Kantor Pertanahan Kota Pekalongan, Jawa Tengah.Kantor Pertanahan Kota Surakarta, Jawa Tengah.Kantor Pertanahan Kota Tebing Tinggi, Sumatera Utara.Kantor Pertanahan Kota Sibolga, Sumatera Utara.Kantor Pertanahan Kota Pematangsiantar, Sumatera Utara.Kantor Pertanahan Kabupaten Indragiri Hilir, Riau.Kantor Pertanahan Kabupaten Bengkalis, Riau.Kantor Pertanahan Kabupaten Rokan Hilir, Riau.Kantor Pertanahan Kabupaten Pesawaran, Lampung.Kantor Pertanahan Kabupaten Balangan, Kalimantan Selatan.Kantor Pertanahan Kabupaten Banjar, Kalimantan Selatan.Kantor Pertanahan Kabupaten Hulu Sungai Selatan, Kalimantan Selatan.Kantor Pertanahan Kabupaten Hulu Sungai Tengah, Kalimantan Selatan.Kantor Pertanahan Kabupaten Hulu Sungai Utara, Kalimantan Selatan.Kantor Pertanahan Kabupaten Kotabaru, Kalimantan Selatan.Kantor Pertanahan Kabupaten Tabalong, Kalimantan Selatan.Kantor Pertanahan Kabupaten Tanah Bumbu, Kalimantan Selatan.Kantor Pertanahan Kabupaten Tanah Laut, Kalimantan Selatan.Kantor Pertanahan Kabupaten Kutai Kartanegara, Kalimantan Timur.Kantor Pertanahan Kabupaten Berau, Kalimantan Timur.Kantor Pertanahan Kabupaten Sumba Timur, Nusa Tenggara Timur.Kantor Pertanahan Kabupaten Flores Timur, Nusa Tenggara Timur.Kantor Pertanahan Kabupaten Jembrana, Bali.Kantor Pertanahan Kabupaten Gianyar, Bali.Kantor Pertanahan Kota Palopo, Sulawesi Selatan.Kantor Pertanahan Kota Parepare, Sulawesi Selatan.Kantor Pertanahan Kabupaten Gowa, Sulawesi Selatan.Kantor Pertanahan Kabupaten Maros, Sulawesi Selatan.Kantor Pertanahan Kabupaten Pangkajene dan Kepulauan, Sulawesi Selatan.Kantor Pertanahan Kabupaten Barru, Sulawesi Selatan.Kantor Pertanahan Kabupaten Takalar, Sulawesi Selatan.Kantor Pertanahan Kabupaten Jeneponto, Sulawesi Selatan.Kantor Pertanahan Kabupaten Bantaeng, Sulawesi Selatan.Kantor Pertanahan Kabupaten Bulukumba, Sulawesi Selatan.Kantor Pertanahan Kabupaten Kepulauan Selayar, Sulawesi Selatan.Kantor Pertanahan Kabupaten Bone, Sulawesi Selatan.Kantor Pertanahan Kabupaten Wajo, Sulawesi Selatan.Kantor Pertanahan Kabupaten Sidenreng Rappang, Sulawesi Selatan.Kantor Pertanahan Kabupaten Luwu, Sulawesi Selatan.Kantor Pertanahan Kabupaten Tana Toraja, Sulawesi Selatan.Kantor Pertanahan Kabupaten Luwu Timur, Sulawesi Selatan.Kantor Pertanahan Kabupaten Banggai Kepulauan, Sulawesi Tengah.Kantor Pertanahan Kabupaten Poso, Sulawesi Tengah.Kantor Pertanahan Kabupaten Morowali, Sulawesi Tengah.Kantor Pertanahan Kabupaten Tojo Una-Una, Sulawesi Tengah.Kantor Pertanahan Kabupaten Mamasa, Sulawesi Barat.Kantor Pertanahan Kabupaten Polewali Mandar, Sulawesi Barat.Layanan PERINTIS 10 Hari mengintegrasikan tiga pihak dan tahap dalam proses peralihan hak atas tanah. Tahap pertama, verifikasi Bea Perolehan Hak atas Tanah dan Bangunan (BPHTB) oleh pemerintah daerah (Pemda) maksimal tiga hari. Jika dalam jangka waktu tersebut BPHTB tidak diverifikasi, permohonan dianggap disetujui melalui mekanisme fiktif-positif. Tahap kedua, pembuatan Akta Jual Beli (AJB) oleh Pejabat Pembuat Akta Tanah (PPAT) maksimal rampung dalam dua hari. Kemudian selanjutnya, memproses berkas permohonan di Kantah paling lama selesai dalam lima hari.Keberhasilan program yang diresmikan langsung oleh Menteri ATR/Kepala BPN, Nusron Wahid ini merupakan hasil dari sinergi ketiga pihak. Kolaborasi ini jadi bagian penting dalam memastikan layanan PERINTIS 10 Hari berjalan sesuai target yang ditetapkan.PERINTIS 10 Hari merupakan satu dari sejumlah transformasi layanan dan organisasi yang dilakukan Kementerian ATR/BPN sebagai langkah untuk memberikan kepastian waktu layanan kepada masyarakat. Bersamaan dengan penerapan PERINTIS, Kementerian ATR/BPN juga menerapkan layanan Pengukuran Terjadwal dengan target penyelesaian 12 hari, yang kini telah berjalan di 495 Kantah atau 96,3% dari Kantah yang ada di seluruh Indonesia. 


                                
                                
                                
                                
                                
                                            
                                        
                                                                    

                                


                                
                                                                    
                                    
                                
                                                                                                                                                                                
                            
                            
                                                                        
                                                                
                                    
                                        
                                            Berita
                                        
                                    
                                    Terbaru Lainnya
                                
                                
                            
                            
                                    
                                    
                                        Memuat berita terbaru.....",RRI.co.id,"Dajan Peken, 82114, Tabanan, Tabanan, Bali, Indonesia",-8.536609490935,115.13552944186335,5,"2, 7","kejaksaan, kejatibali, kejaritabanan, tabanan, news"
Orientasi Pencegahan Jadi Prioritas Layanan Kesehatan Pemkab Muba,2026-10-02T06:40:00.000Z,"Kabupaten Tabanan, Bali, Indonesia",Orientasi Pencegahan Jadi Prioritas Layanan Kesehatan Pemkab Muba - RRI.co.id,"Kesehatan
                                                
                                            
                                                                            
                                    
                                    
                                        
                                            02 Okt 2026 13:40
                                            WIB
                                        
                                        
                                             Palembang
                                        
                                    
                                    
                                                                                                                                
                                                                                
                                        
                                            
                                                Editor -
                                                Aditya Abrianto
                                            
                                        
                                    
                                

                                                                                                            
                                                
                                                                                                            Poin Utama
                                                                                                    
                                                
                                                                                                            
                                                            Pemerintah Kabupaten Musi Banyuasin meluncurkan Sigapke Muba sebagai sistem integrasi gerakan dan aplikasi pelaporan kesehatan untuk memperkuat pelayanan kesehatan yang berorientasi pada pencegahan penyakit.
                                                        
                                                                                                            
                                                            Bupati Toha Tohet menekankan bahwa inovasi ini harus menjadi penyemangat bagi semua pihak untuk terus meningkatkan kualitas dan jangkauan pelayanan kesehatan di daerah.
                                                        
                                                                                                            
                                                            Peluncuran Sigapke Muba mencerminkan komitmen pemerintah daerah untuk memberikan pelayanan kesehatan yang adil, tidak membeda-bedakan masyarakat berdasarkan asal-usul atau kondisi ekonomi.
                                                        
                                                                                                    
                                            
                                                                                                    

                                

                                                                                                            
                                        
                                                                                    
                                                
                                                    
                                                

                                                                                                    
                                                        Kegiatan Rapat Koordinasi Dinkes Muba.
(Foto: Dinkominfo Muba)
                                                    
                                                                                            
                                                                                                            
                                
                                RRI.CO.ID, Musi Banyuasin- Pemerintah Kabupaten Musi Banyuasin (Muba) terus mendorong penguatan pelayanan kesehatan yang tidak hanya berorientasi pada pengobatan, tetapi juga pencegahan. Hal itu ditandai dengan peluncuran Sistem Integrasi Gerakan dan Aplikasi Pelaporan Kesehatan Muba (Sigapke Muba) yang diinisiasi Dinas Kesehatan Muba, Kamis 1 Oktober 2026.Bupati Muba Toha Tohet mengtakan inovasi tersebut harus menjadi penyemangat untuk terus meningkatkan pelayanan.",Ia berpesan agar seluruh tenaga kesehatan memberikan pelayanan secara adil dan tidak membeda-bedakan masyarakat berdasarkan asal-usul maupun kondisi ekonomi.“Dalam memberikan pelayanan jangan pilih-pilih. Semua masyarakat mempunyai hak yang sama untuk mendapatkan pelayanan kesehatan.,"Pada Hari Jumat , 2 Oktober 2026 06:40, Tabanan, Tabanan, Bali

Kesehatan
                                                
                                            
                                                                            
                                    
                                    
                                        
                                            02 Okt 2026 13:40
                                            WIB
                                        
                                        
                                             Palembang
                                        
                                    
                                    
                                                                                                                                
                                                                                
                                        
                                            
                                                Editor -
                                                Aditya Abrianto
                                            
                                        
                                    
                                

                                                                                                            
                                                
                                                                                                            Poin Utama
                                                                                                    
                                                
                                                                                                            
                                                            Pemerintah Kabupaten Musi Banyuasin meluncurkan Sigapke Muba sebagai sistem integrasi gerakan dan aplikasi pelaporan kesehatan untuk memperkuat pelayanan kesehatan yang berorientasi pada pencegahan penyakit.
                                                        
                                                                                                            
                                                            Bupati Toha Tohet menekankan bahwa inovasi ini harus menjadi penyemangat bagi semua pihak untuk terus meningkatkan kualitas dan jangkauan pelayanan kesehatan di daerah.
                                                        
                                                                                                            
                                                            Peluncuran Sigapke Muba mencerminkan komitmen pemerintah daerah untuk memberikan pelayanan kesehatan yang adil, tidak membeda-bedakan masyarakat berdasarkan asal-usul atau kondisi ekonomi.
                                                        
                                                                                                    
                                            
                                                                                                    

                                

                                                                                                            
                                        
                                                                                    
                                                
                                                    
                                                

                                                                                                    
                                                        Kegiatan Rapat Koordinasi Dinkes Muba.
(Foto: Dinkominfo Muba)
                                                    
                                                                                            
                                                                                                            
                                
                                RRI.CO.ID, Musi Banyuasin- Pemerintah Kabupaten Musi Banyuasin (Muba) terus mendorong penguatan pelayanan kesehatan yang tidak hanya berorientasi pada pengobatan, tetapi juga pencegahan. Hal itu ditandai dengan peluncuran Sistem Integrasi Gerakan dan Aplikasi Pelaporan Kesehatan Muba (Sigapke Muba) yang diinisiasi Dinas Kesehatan Muba, Kamis 1 Oktober 2026.Bupati Muba Toha Tohet mengtakan inovasi tersebut harus menjadi penyemangat untuk terus meningkatkan pelayanan. Ia berpesan agar seluruh tenaga kesehatan memberikan pelayanan secara adil dan tidak membeda-bedakan masyarakat berdasarkan asal-usul maupun kondisi ekonomi.“Dalam memberikan pelayanan jangan pilih-pilih. Semua masyarakat mempunyai hak yang sama untuk mendapatkan pelayanan kesehatan. Jangan memandang asal-usul maupun sisi ekonomi masyarakat,” tegasnya dalam peluncuran inovasi itu bersama Wakil Bupati Muba Abdur Rohman Husen.Selain peluncuruan inovasi, juga digelar dalam Rapat Koordinasi Bidang Kesehatan Kabupaten Musi Banyuasin Tahun 2026. Rakor mengusung tema “Penguatan Koordinasi Lintas Program dan Lintas Sektor dalam Meningkatkan Kualitas Pelayanan dan Derajat Kesehatan Masyarakat Kabupaten Musi Banyuasin” dan diikuti jajaran Dinas Kesehatan, Direktur tiga RSUD, dokter, perawat, tenaga kesehatan, TP PKK serta DWP Muba.Bupati menyampaikan apresiasi atas kinerja Dinas Kesehatan Muba yang terus menghadirkan inovasi dan meningkatkan kualitas pelayanan kepada masyarakat. Apresiasi juga disampaikan kepada seluruh tenaga kesehatan yang selama ini menjadi garda terdepan dalam memberikan pelayanan kesehatan hingga ke tengah masyarakat.“Terima kasih kepada seluruh tenaga kesehatan di lingkungan Pemerintah Kabupaten Musi Banyuasin. Saya mengapresiasi apa yang sudah dilakukan dan berbagai capaian yang telah diraih Dinas Kesehatan,” katanya.Sementara itu, Asisten Bidang Pemerintahan dan Kesra Setda Muba Ardiansyah yang juga Plt Kepala Dinas Kesehatan Muba mengatakan Sigape Muba melengkapi sejumlah inovasi pelayanan kesehatan yang telah dikembangkan Dinkes Muba.Di antaranya Program Banak Mude (Bayi Aman, Mama UHC Pulang Dapat Akte), BASANAK (Bantuan Sayang Anak), ePus PADEK, eDinkes, GASKEN (Gerakan ASN Sehat melalui Pemeriksaan Kesehatan Gratis), serta pelayanan kesehatan yang turun langsung ke masyarakat.“Melalui rakor ini kami ingin memetakan persoalan yang dihadapi di lapangan. Sehingga koordinasi dari tingkat kabupaten hingga desa dapat semakin baik dan pelayanan kepada masyarakat terus meningkat,” kata Ardiansyah.Ardiansyah menyebutkan, pelayanan kesehatan Muba didukung tiga RSUD, 30 puskesmas, satu Labkesmas, 131 Pustu, 306 Poskesdes, empat Poskeskel dan 514 Posyandu dengan total 4.312 pegawai atau tenaga kesehatan. Pada periode Juni 2025-Juli 2026, Dinkes Muba juga menerima sembilan penghargaan tingkat Provinsi Sumatera Selatan.Dalam kegiatan tersebut, Bupati menyerahkan secara simbolis bantuan Program Basanak berupa susu bagi ibu hamil dan balita, hadiah doorprize bagi tenaga kesehatan, serta dilaksanakan juga penyerahan penghargaan dari Kepala BPJS Kesehatan Cabang Sekayu Susiana kepada Plt Kepala Dinas Kesehatan Muba. Kegiatan turut dihadiri Kasat Binmas Polres Muba AKP Ade Nurdin, Jaksa Kejari Muba Ary Anugerah Permana, para kepala perangkat daerah serta tenaga kesehatan di lingkungan Pemkab Muba. 


                                
                                
                                
                                
                                
                                            
                                        
                                                                    

                                


                                
                                                                    
                                    
                                
                                                                                                                                                                                
                            
                            
                                                                        
                                                                
                                    
                                        
                                            Berita
                                        
                                    
                                    Terbaru Lainnya
                                
                                
                            
                            
                                    
                                    
                                        Memuat berita terbaru.....",RRI.co.id,"Dajan Peken, 82114, Tabanan, Tabanan, Bali, Indonesia",-8.536609490935,115.13552944186335,5,"2, 7","kejaksaan, kejatibali, kejaritabanan, tabanan, news"
Dinas Sosial Kota Denpasar Dorong Kemandirian Penyandang Disabilitas,2026-09-29T04:49:00.000Z,"Kabupaten Tabanan, Bali, Indonesia",Dinas Sosial Kota Denpasar Dorong Kemandirian Penyandang Disabilitas - RRI.co.id,"Ilustrasi: Dinas Sosial Kota Denpasar Dorong Kemandirian Penyandang Disabilitas. (Foto:DOK).
                                                    
                                                                                            
                                                                                                            
                                
                                RRI.CO.ID, Denpasar - Pemerintah Kota Denpasar melalui Dinas Sosial terus memperkuat kemandirian penyandang disabilitas.","Langkah tersebut melalui pelatihan keterampilan, pengembangan usaha mikro, kecil, dan menengah (UMKM), hingga membuka ruang partisipasi dalam berbagai kegiatan publik.Kepala Dinas Sosial Kota Denpasar, I Gusti Ayu Laksmi Saraswati, Selasa 29 September 2026 mengatakan, upaya tersebut dilakukan secara berkelanjutan dengan melibatkan organisasi penyandang disabilitas, dunia usaha, serta berbagai pemangku kepentingan. Menurutnya, Denpasar telah memperoleh Anugerah Prakarsa Inklusi dari Komisi Nasional Disabilitas pada 2023.Penghargaan tersebut menjadi salah satu momentum untuk terus memperkuat kebijakan dan program yang mendorong kemandirian penyandang disabilitas.","Pada Hari Selasa , 29 September 2026 04:49, Tabanan, Tabanan, Bali

Ilustrasi: Dinas Sosial Kota Denpasar Dorong Kemandirian Penyandang Disabilitas. (Foto:DOK).
                                                    
                                                                                            
                                                                                                            
                                
                                RRI.CO.ID, Denpasar - Pemerintah Kota Denpasar melalui Dinas Sosial terus memperkuat kemandirian penyandang disabilitas. Langkah tersebut melalui pelatihan keterampilan, pengembangan usaha mikro, kecil, dan menengah (UMKM), hingga membuka ruang partisipasi dalam berbagai kegiatan publik.Kepala Dinas Sosial Kota Denpasar, I Gusti Ayu Laksmi Saraswati, Selasa 29 September 2026 mengatakan, upaya tersebut dilakukan secara berkelanjutan dengan melibatkan organisasi penyandang disabilitas, dunia usaha, serta berbagai pemangku kepentingan. Menurutnya, Denpasar telah memperoleh Anugerah Prakarsa Inklusi dari Komisi Nasional Disabilitas pada 2023.Penghargaan tersebut menjadi salah satu momentum untuk terus memperkuat kebijakan dan program yang mendorong kemandirian penyandang disabilitas. “Kemandirian itu yang penting bagi disabilitas. Dan disabilitas di Kota Denpasar diberikan kemandirian oleh Pemerintah Kota Denpasar, mulai Dinas Sosial, Dinas Tenaga Kerja, dan OPD terkait lainnya,” ujarnya.Dinas Sosial Kota Denpasar saat ini menjalankan sejumlah fasilitas pemberdayaan. Salah satunya Rumah Berdaya yang menjadi ruang bagi penyandang disabilitas psikososial untuk mengembangkan keterampilan dan kewirausahaan. 


                                
                                
                                
                                
                                
                                            
                                        
                                                                    

                                


                                
                                                                    
                                    
                                
                                                                                                                                                                                
                            
                            
                                                                        
                                                                
                                    
                                        
                                            Berita
                                        
                                    
                                    Terbaru Lainnya
                                
                                
                            
                            
                                    
                                    
                                        Memuat berita terbaru.....",RRI.co.id,"Dajan Peken, 82114, Tabanan, Tabanan, Bali, Indonesia",-8.536609490935,115.13552944186335,5,"2, 7","kejaksaan, kejatibali, kejaritabanan, tabanan, news"
Buktikan Diri Kompeten Pelatih Perbakin di Bali Ikuti Sertifikasi Kompetensi,2026-09-27T09:01:00.000Z,"Kabupaten Tabanan, Bali, Indonesia","Buktikan Diri Kompeten, Pelatih Perbakin di Bali Ikuti Sertifikasi Kompetensi - RRI.co.id","Olimpik
                                                
                                            
                                                                            
                                    
                                    
                                        
                                            27 Sep 2026 16:01
                                            WIB
                                        
                                        
                                             Denpasar
                                        
                                    
                                    
                                                                                                                                
                                                                                
                                        
                                            
                                                Editor -
                                                Ni Nyoman Kasih
                                            
                                        
                                    
                                

                                                                                                                                    

                                

                                                                                                            
                                        
                                                                                    
                                                
                                                    
                                                

                                                                                                    
                                                        Buktikan Diri Kompeten, Pelatih Perbakin di Bali Ikuti Sertifikasi Kompetensi (Foto: Nira/RRI)
                                                    
                                                                                            
                                                                                                            
                                
                                RRI.CO.ID, Denpasar- Tercatat 16 Pelatih Menembak di Bali mengikuti Sertifikasi Kompetensi Pelatih Olahraga di Lapangan Tembak Perbakin Tohpati Denpasar 26-27 September 2026. Sertifikasi Kompetensi ini merupakan amanat Undang-undang Nomor 11 Tahun 2022 tentang Keolahragaan, dan Permenpora Nomor 8 Tahun 2026.Direktur Lembaga Sertifikasi Profesi Pelatih Olahraga (LSP-POR) Moch.","Yudianto Arifandi Minggu, 27 September 2026 mengatakan Sertifikasi Kompetensi ini menjadi keharusan bagi seorang pelatih olahraga. Sertifikasi ini sekaligus menjadi bukti bahwa pelatih olahraga benar-benar kompeten untuk melahirkan atlet-atlet berprestasi di era ekosistem olahraga modern.“Dengan adanya era globalisasi, dan menyambut Indonesia Emas 2025 dan masuk ke era ekosistem olahraga modern maka Permenpora memaksakan para Pelatih Olahraga sebagai garda terdepan untuk membina atletnya sesuai standarisasi yang telah dibuat,” ungkapnya.Yudianto Arifandi secara khusus mengapresiasi langkah cepat Perbakin Bali untuk mengikutsertakan para pelatihnya dalam Sertifikasi Kompetensi, dan menjadi contoh bagi Perbakin di Indonesia.“PB Perbakin seharusnya melihat langkah cepat Perbakin Bali ini dan menjadikannya sebagai contoh, karena profesi sebagai pelatih olahraga untuk sekarang ini sudah harus semakin dihargai,” tegasnya.Pada kesempatan sama Pelatih dan Pengurus Senior Persatuan Menembak Indonesia (Perbakin) Bali Made Sugiantara yang akrab disapa Pak Rino mengatakan Sertifikasi Kompetensi sangat penting untuk membangun kepercayaan diri pelatih, terutama saat mengawal atlet menuju event dengan level yang lebih tinggi.“Dengan posisi sekarang ini Bali akan bisa lebih diperkuat dengan rasa percaya diri pelatih itu penting.","Pada Hari Minggu , 27 September 2026 09:01, Tabanan, Tabanan, Bali

Olimpik
                                                
                                            
                                                                            
                                    
                                    
                                        
                                            27 Sep 2026 16:01
                                            WIB
                                        
                                        
                                             Denpasar
                                        
                                    
                                    
                                                                                                                                
                                                                                
                                        
                                            
                                                Editor -
                                                Ni Nyoman Kasih
                                            
                                        
                                    
                                

                                                                                                                                    

                                

                                                                                                            
                                        
                                                                                    
                                                
                                                    
                                                

                                                                                                    
                                                        Buktikan Diri Kompeten, Pelatih Perbakin di Bali Ikuti Sertifikasi Kompetensi (Foto: Nira/RRI)
                                                    
                                                                                            
                                                                                                            
                                
                                RRI.CO.ID, Denpasar- Tercatat 16 Pelatih Menembak di Bali mengikuti Sertifikasi Kompetensi Pelatih Olahraga di Lapangan Tembak Perbakin Tohpati Denpasar 26-27 September 2026. Sertifikasi Kompetensi ini merupakan amanat Undang-undang Nomor 11 Tahun 2022 tentang Keolahragaan, dan Permenpora Nomor 8 Tahun 2026.Direktur Lembaga Sertifikasi Profesi Pelatih Olahraga (LSP-POR) Moch. Yudianto Arifandi Minggu, 27 September 2026 mengatakan Sertifikasi Kompetensi ini menjadi keharusan bagi seorang pelatih olahraga. Sertifikasi ini sekaligus menjadi bukti bahwa pelatih olahraga benar-benar kompeten untuk melahirkan atlet-atlet berprestasi di era ekosistem olahraga modern.“Dengan adanya era globalisasi, dan menyambut Indonesia Emas 2025 dan masuk ke era ekosistem olahraga modern maka Permenpora memaksakan para Pelatih Olahraga sebagai garda terdepan untuk membina atletnya sesuai standarisasi yang telah dibuat,” ungkapnya.Yudianto Arifandi secara khusus mengapresiasi langkah cepat Perbakin Bali untuk mengikutsertakan para pelatihnya dalam Sertifikasi Kompetensi, dan menjadi contoh bagi Perbakin di Indonesia.“PB Perbakin seharusnya melihat langkah cepat Perbakin Bali ini dan menjadikannya sebagai contoh, karena profesi sebagai pelatih olahraga untuk sekarang ini sudah harus semakin dihargai,” tegasnya.Pada kesempatan sama Pelatih dan Pengurus Senior Persatuan Menembak Indonesia (Perbakin) Bali Made Sugiantara yang akrab disapa Pak Rino mengatakan Sertifikasi Kompetensi sangat penting untuk membangun kepercayaan diri pelatih, terutama saat mengawal atlet menuju event dengan level yang lebih tinggi.“Dengan posisi sekarang ini Bali akan bisa lebih diperkuat dengan rasa percaya diri pelatih itu penting. Saya lama di Pelatnas, saya harus punya percaya diri untuk bisa bangkit. Kalau kita dalam medan perang yang begitu masih merasa tidak percaya apalagi dengan Undang-undang dan peraturan ini itu, jadi kalau kita sudah punya sertifikasi maka kita sudah yakin, dan bisa mencetak atlet yang berprestasi. Ini juga pertanggungjawaban pelatih di daerah yang menerima dana hibah dari pemerintah, sehingga harus punya sertifikasi kompetensi agar tidak menjadi temuan nantinya,” ucapnya.Adapun 16 pelatih menembak yang mengikuti Sertifikasi Kompetensi ini masing-masing berasal dari Denpasar 9 orang, Badung 2 orang, Buleleng 2 orang, Klungkung, Gianyar dan Jembrana masing-masing 1 orang. Sementara 3 kabupaten yakni Tabanan, Karangasem dan Bangli belum mengirimkan pelatihnya. Sertifikasi Kompetensi Pelatih Olahraga berlaku selama 3 tahun, dan wajib di terus diupdate. 


                                
                                
                                
                                
                                
                                            
                                        
                                                                    

                                


                                
                                                                    
                                    
                                
                                                                                                                                                                                
                            
                            
                                                                        
                                                                
                                    
                                        
                                            Berita
                                        
                                    
                                    Terbaru Lainnya
                                
                                
                            
                            
                                    
                                    
                                        Memuat berita terbaru.....",RRI.co.id,"Dajan Peken, 82114, Tabanan, Tabanan, Bali, Indonesia",-8.536609490935,115.13552944186335,5,"2, 7","kejaksaan, kejatibali, kejaritabanan, tabanan, news"
Kemenkum Bali Jadi Rujukan Pengelolaan JDIH Kemenko Kumham Imipas,2026-09-29T06:33:00.000Z,"Kabupaten Tabanan, Bali, Indonesia",Kemenkum Bali Jadi Rujukan Pengelolaan JDIH Kemenko Kumham Imipas - RRI.co.id,"Kantor Wilayah Kementerian Hukum Bali menerima kunjungan Kementerian Koordinator Bidang Hukum, Hak Asasi Manusia, Imigrasi, dan Pemasyarakatan (Kemenko Kumham Imipas) dalam rangka studi tiru pembangunan dan pengelolaan Jaringan Dokumentasi dan Informasi Hukum (JDIH). (Foto:Humas Kanwil Kemenkum Bali).
                                                    
                                                                                            
                                                                                                            
                                
                                RRI.CO.ID, DENPASAR — Pengelolaan Jaringan Dokumentasi dan Informasi Hukum (JDIH) Kantor Wilayah Kementerian Hukum Bali menjadi rujukan Kementerian Koordinator Bidang Hukum, Hak Asasi Manusia, Imigrasi, dan Pemasyarakatan (Kemenko Kumham Imipas) dalam mengembangkan layanan dokumentasi hukum berbasis digital.","Hal tersebut disampaikan dalam kunjungan studi tiru Kemenko Kumham Imipas ke Kanwil Kementerian Hukum Bali, Senin 28 September 2026. Kunjungan dipimpin Kepala Biro Hubungan Masyarakat dan Teknologi Informasi Kemenko Kumham Imipas, Mamur Saputra.","Pada Hari Selasa , 29 September 2026 06:33, Tabanan, Tabanan, Bali

Kantor Wilayah Kementerian Hukum Bali menerima kunjungan Kementerian Koordinator Bidang Hukum, Hak Asasi Manusia, Imigrasi, dan Pemasyarakatan (Kemenko Kumham Imipas) dalam rangka studi tiru pembangunan dan pengelolaan Jaringan Dokumentasi dan Informasi Hukum (JDIH). (Foto:Humas Kanwil Kemenkum Bali).
                                                    
                                                                                            
                                                                                                            
                                
                                RRI.CO.ID, DENPASAR — Pengelolaan Jaringan Dokumentasi dan Informasi Hukum (JDIH) Kantor Wilayah Kementerian Hukum Bali menjadi rujukan Kementerian Koordinator Bidang Hukum, Hak Asasi Manusia, Imigrasi, dan Pemasyarakatan (Kemenko Kumham Imipas) dalam mengembangkan layanan dokumentasi hukum berbasis digital. Hal tersebut disampaikan dalam kunjungan studi tiru Kemenko Kumham Imipas ke Kanwil Kementerian Hukum Bali, Senin 28 September 2026. Kunjungan dipimpin Kepala Biro Hubungan Masyarakat dan Teknologi Informasi Kemenko Kumham Imipas, Mamur Saputra. Studi tiru dilakukan untuk menggali pengalaman dan praktik pengelolaan JDIH Kanwil Kementerian Hukum Bali sebagai bahan pengembangan JDIH di lingkungan Kemenko Kumham Imipas. Kepala Divisi Peraturan Perundang-undangan dan Pembinaan Hukum Kanwil Kementerian Hukum Bali, Mustiqo Vitra Ardhiansyah, memaparkan strategi pengelolaan JDIH, termasuk optimalisasi digitalisasi yang telah dilakukan sejak 2019. “Digitalisasi tersebut ditujukan untuk mempercepat penyebarluasan produk hukum agar lebih akurat dan mudah diakses masyarakat. Berbagai dokumen hukum tersedia melalui portal JDIH Kanwil Kementerian Hukum Bali,”jelasnya.Selain mengelola dokumentasi hukum, Kanwil Kementerian Hukum Bali juga membina 32 instansi anggota JDIH di Provinsi Bali melalui pembinaan, pemantauan, dan evaluasi. Dalam kunjungan tersebut, Kepala Biro Hubungan Masyarakat dan Teknologi Informasi Kemenko Kumham Imipas, Mamur Saputra bersama jajaran meninjau Ruang Perpustakaan JDIH dan Perpustakaan Kanwil Kementerian Hukum Bali untuk melihat langsung sarana pendukung pengelolaan dokumentasi dan informasi hukum.Kegiatan tersebut diharapkan memperkuat pertukaran pengalaman dan kolaborasi antarlembaga dalam mewujudkan pengelolaan JDIH yang optimal, transparan, dan mudah diakses masyarakat. 


                                
                                
                                
                                
                                
                                            
                                        
                                                                    

                                


                                
                                                                    
                                    
                                
                                                                                                                                                                                
                            
                            
                                                                        
                                                                
                                    
                                        
                                            Berita
                                        
                                    
                                    Terbaru Lainnya
                                
                                
                            
                            
                                    
                                    
                                        Memuat berita terbaru.....",RRI.co.id,"Dajan Peken, 82114, Tabanan, Tabanan, Bali, Indonesia",-8.536609490935,115.13552944186335,5,"2, 7","kejaksaan, kejatibali, kejaritabanan, tabanan, news"
Bunda Literasi Denpasar Perempuan Berdaya Berawal dari Literasi,2026-10-03T01:43:00.000Z,"Kabupaten Tabanan, Bali, Indonesia",Bunda Literasi Denpasar: Perempuan Berdaya Berawal dari Literasi - RRI.co.id,"RRI.CO.ID, Denpasar — Bunda Literasi Kota Denpasar Ny. Sagung Antari Jaya Negara mendorong perempuan terus meningkatkan kemampuan literasi.","Hal itu penting agar mampu menghadapi berbagai persoalan kehidupan sekaligus memperkuat perannya di keluarga dan masyarakat.Pesan tersebut disampaikan Sagung Antari dalam Bincang Literasi Perempuan bertajuk “Perempuan Literat, Denpasar Berdaya” yang digelar Dinas Perpustakaan dan Kearsipan Kota Denpasar dalam rangka Gebyar Literasi Denpasar 2026 di Ruang Audio Visual Gedung Dharma Negara Alaya Denpasar, Jumat 02 Oktober 2026. Mengusung tema “Apa yang Dibaca, Apa yang Ditulis, Apa yang Dilakukan”, kegiatan tersebut menjadi ruang berbagi pengalaman mengenai pentingnya literasi bagi perempuan.Literasi tidak hanya dimaknai sebagai kemampuan membaca dan menulis, tetapi juga kemampuan memahami informasi, mengambil keputusan, meningkatkan kapasitas diri, serta berkontribusi di tengah keluarga dan masyarakat.","Pada Hari Sabtu , 3 Oktober 2026 01:43, Tabanan, Tabanan, Bali

RRI.CO.ID, Denpasar — Bunda Literasi Kota Denpasar Ny. Sagung Antari Jaya Negara mendorong perempuan terus meningkatkan kemampuan literasi. Hal itu penting agar mampu menghadapi berbagai persoalan kehidupan sekaligus memperkuat perannya di keluarga dan masyarakat.Pesan tersebut disampaikan Sagung Antari dalam Bincang Literasi Perempuan bertajuk “Perempuan Literat, Denpasar Berdaya” yang digelar Dinas Perpustakaan dan Kearsipan Kota Denpasar dalam rangka Gebyar Literasi Denpasar 2026 di Ruang Audio Visual Gedung Dharma Negara Alaya Denpasar, Jumat 02 Oktober 2026. Mengusung tema “Apa yang Dibaca, Apa yang Ditulis, Apa yang Dilakukan”, kegiatan tersebut menjadi ruang berbagi pengalaman mengenai pentingnya literasi bagi perempuan.Literasi tidak hanya dimaknai sebagai kemampuan membaca dan menulis, tetapi juga kemampuan memahami informasi, mengambil keputusan, meningkatkan kapasitas diri, serta berkontribusi di tengah keluarga dan masyarakat. Sagung Antari mengatakan pengalaman terjun langsung ke masyarakat juga menjadi proses pembelajaran yang penting.Menurutnya, setiap persoalan yang ditemui memiliki kondisi dan kebutuhan berbeda sehingga membutuhkan pemahaman sebelum menentukan langkah. “Saya tahu dari mengerjakan sesuatu, sama seperti ketika kita terjun ke masyarakat. Dari sana kita melihat berbagai persoalan. Saya tidak selalu belajar dari teori, tetapi melihat kasus-kasus yang ada di masyarakat. Dari situ kita belajar bahwa setiap kasus berbeda dan harus disikapi dengan cara yang tepat,” ujarnya.Ia mencontohkan ketika menghadapi persoalan anak penyandang disabilitas. Menurutnya, pemahaman terhadap kondisi dan kebutuhan setiap anak diperlukan agar bantuan yang diberikan tepat sasaran. Dalam menangani persoalan di masyarakat, Sagung Antari mengatakan dirinya juga berkoordinasi dengan perangkat daerah untuk mengetahui bentuk bantuan yang dapat diberikan pemerintah.“Saya bertanya kepada Dinas Sosial, apa yang bisa dibantu oleh Pemerintah Kota. Dari sana saya mendapatkan arahan. Jadi bukan saya yang membantu semuanya, saya hanya membantu membuka jalan. Selanjutnya perangkat daerah memberikan arahan mengenai apa yang bisa dibantu. Dari sana saya juga belajar,” jelasnya.Menurutnya, pengalaman saja tidak cukup bagi perempuan dalam menjalankan berbagai peran. Membaca dan belajar tetap diperlukan untuk memperluas wawasan sehingga persoalan dapat disikapi secara lebih tepat. “Menjadi perempuan super tidak harus selalu membaca teori, tetapi idealnya kita harus membaca. Dari membaca kita menjadi tahu dan bisa melakukan sesuatu dengan benar. Apa yang kita lihat di masyarakat bisa kita selesaikan dengan lebih tepat,” katanya.Sagung Antari mengatakan pembangunan kota tidak hanya berkaitan dengan gedung, pusat perbelanjaan, maupun infrastruktur, tetapi juga manusia yang hidup di dalamnya. Dalam konteks keluarga, perempuan memiliki peran penting sebagai salah satu sumber awal pembentukan budaya literasi. Menurutnya, literasi perempuan tidak berhenti pada kemampuan membaca, menulis, dan berhitung. Literasi juga mencakup kemampuan memahami informasi, memanfaatkan teknologi, meningkatkan keterampilan, serta mengembangkan potensi diri.“Dari membaca menjadi berdaya. Literasi akan terasa manfaatnya ketika pengetahuan yang kita miliki dapat dihubungkan dengan kesejahteraan,” ungkapnya.Ia menambahkan, perempuan saat ini menjalankan beragam peran. Perempuan yang bekerja dituntut profesional, sementara dalam keluarga mereka juga memiliki tanggung jawab mengelola keuangan, mendidik anak, menjaga nilai moral, serta terlibat dalam kegiatan adat dan sosial.Berbagai tanggung jawab tersebut membutuhkan kapasitas yang terus diperbarui. Karena itu, perempuan dinilai perlu memiliki ruang untuk belajar, membaca, mengembangkan keterampilan, sekaligus menjaga kapasitas diri.Selain itu, pengalaman perempuan juga dinilai penting untuk didokumentasikan sebagai bagian dari pengetahuan dan sejarah kehidupan masyarakat. Perjalanan perempuan dalam keluarga, seni, budaya, hingga kehidupan sosial dapat menjadi sumber pembelajaran bagi generasi berikutnya.Sagung Antari menegaskan perempuan yang memiliki kemampuan literasi tidak hanya meningkatkan kapasitas dirinya, tetapi juga dapat berkontribusi dalam mencerdaskan keluarga dan lingkungan.",RRI.co.id,"Dajan Peken, 82114, Tabanan, Tabanan, Bali, Indonesia",-8.536609490935,115.13552944186335,5,"2, 7","kejaksaan, kejatibali, kejaritabanan, tabanan, news"
Reforma Agraria Berperan Penting dalam Memperkuat Ketahanan Pangan Bali,2026-09-29T00:36:00.000Z,"Kabupaten Tabanan, Bali, Indonesia",Reforma Agraria Berperan Penting dalam Memperkuat Ketahanan Pangan Bali - RRI.co.id,"Ilustrasi Reforma Agraria Dinilai Berperan Penting dalam Memperkuat Ketahanan Pangan Bali. (Foto: DOK).
                                                    
                                                                                            
                                                                                                            
                                
                                RRI.CO.ID, Denpasar — Reforma agraria dinilai memiliki dampak signifikan terhadap penguatan ketahanan pangan di Bali, terutama karena memberikan kepastian hukum kepada petani atas lahan yang mereka kelola.","Analis Prasarana dan Sarana Pertanian Dinas Pertanian dan Ketahanan Pangan Provinsi Bali, Dice Siska Ndoen, Sst. M.agb, mengatakan kepastian hukum atas kepemilikan atau penguasaan tanah dapat membuka akses petani terhadap permodalan dan memperkuat kelembagaan usaha para petani.“Reforma agraria sangat berdampak kepada ketahanan pangan Bali.","Pada Hari Selasa , 29 September 2026 00:36, Tabanan, Tabanan, Bali

Ilustrasi Reforma Agraria Dinilai Berperan Penting dalam Memperkuat Ketahanan Pangan Bali. (Foto: DOK).
                                                    
                                                                                            
                                                                                                            
                                
                                RRI.CO.ID, Denpasar — Reforma agraria dinilai memiliki dampak signifikan terhadap penguatan ketahanan pangan di Bali, terutama karena memberikan kepastian hukum kepada petani atas lahan yang mereka kelola. Analis Prasarana dan Sarana Pertanian Dinas Pertanian dan Ketahanan Pangan Provinsi Bali, Dice Siska Ndoen, Sst. M.agb, mengatakan kepastian hukum atas kepemilikan atau penguasaan tanah dapat membuka akses petani terhadap permodalan dan memperkuat kelembagaan usaha para petani.“Reforma agraria sangat berdampak kepada ketahanan pangan Bali. Petani yang sudah memiliki kepastian hukum terhadap aset yang dimiliki dan tanah yang didiami bisa berusaha lebih luas lagi,” ujar Dice, Senin 28 September 2026.Menurut dia, kepastian atas aset juga membuat petani memiliki peluang lebih besar untuk mengakses permodalan dan mengembangkan usaha secara lebih luas. Namun, pemanfaatan lahan hasil reforma agraria masih menghadapi sejumlah kendala.Salah satunya adalah belum seluruh petani tergabung dalam kelompok yang memiliki tata kelola dan manajemen yang baik. Ia mengatakan penguatan kelembagaan petani menjadi penting agar lahan reforma agraria dapat dikelola secara produktif dan berkelanjutan.“Pendekatan kami adalah bagaimana mereka bisa melakukan kegiatan secara berkelompok, ada manajemennya, dan kita perlu kembali menata mereka sehingga mereka mau bersatu,” katanya.Ia menyebut pembentukan kelompok petani di kawasan reforma agraria membutuhkan upaya besar, baik dari petani maupun tenaga penyuluh. Selain sektor pertanian, pengembangan kawasan tersebut juga membutuhkan kolaborasi dengan berbagai sektor lain. Ia menambahkan koperasi, sektor perdagangan, perindustrian, serta instansi teknis lainnya perlu terlibat untuk meningkatkan produktivitas sekaligus taraf hidup masyarakat di kawasan reforma agraria. 


                                
                                
                                
                                
                                
                                            
                                        
                                                                    

                                


                                
                                                                    
                                    
                                
                                                                                                                                                                                
                            
                            
                                                                        
                                                                
                                    
                                        
                                            Berita
                                        
                                    
                                    Terbaru Lainnya
                                
                                
                            
                            
                                    
                                    
                                        Memuat berita terbaru.....",RRI.co.id,"Dajan Peken, 82114, Tabanan, Tabanan, Bali, Indonesia",-8.536609490935,115.13552944186335,5,"2, 7","kejaksaan, kejatibali, kejaritabanan, tabanan, news"
Gunung Berapi dan Tsunami Jadi Fokus Utama Risiko Bencana di Bandara Ngurah Rai,2026-09-28T06:29:00.000Z,"Kabupaten Tabanan, Bali, Indonesia",Gunung Berapi dan Tsunami Jadi Fokus Utama Risiko Bencana di Bandara Ngurah Rai - RRI.co.id,"RRI.CO.ID, Badung – Bandara Internasional I Gusti Ngurah Rai Bali menetapkan potensi aktivitas gunung berapi dan tsunami sebagai prioritas utama penanganan kondisi darurat. Pemetaan risiko ini dilakukan untuk menjaga kesiapan operasional bandara dalam menghadapi berbagai ancaman bencana alam di wilayah Bali dan sekitarnya.General Manager PT Angkasa Pura Indonesia (InJourney Airports) Kantor Cabang Bandara Internasional I Gusti Ngurah Rai, Nugroho Jati, mengungkapkan bahwa dari tujuh kategori bencana yang telah dipetakan, ancaman dari aktivitas vulkanik serta tsunami membutuhkan perhatian khusus.“Kami menetapkan klasifikasi disaster yang berpotensi terjadi di Bali.","Dari tujuh kategori yang telah kami tetapkan ada prioritas utama, yaitu volcano activity atau gunung berapi, baik di Gunung Agung dan sekitarnya, tsunami, serta debu vulkanik akibat dari lingkungan sekitar Provinsi Bali,” ujar Nugroho Jati.Ia menjelaskan bahwa setiap potensi bencana memerlukan strategi dan keterlibatan pihak yang berbeda. Penanganan bencana alam seperti letusan gunung berapi atau tsunami akan sangat kontras dengan penanganan krisis non-alam seperti pandemi.“Ini berbeda penanganan ketika ada disaster terkait dengan pandemi, yang tidak ada batas waktu kapan selesai dan melibatkan pihak mana saja.","Pada Hari Senin , 28 September 2026 06:29, Tabanan, Tabanan, Bali

RRI.CO.ID, Badung – Bandara Internasional I Gusti Ngurah Rai Bali menetapkan potensi aktivitas gunung berapi dan tsunami sebagai prioritas utama penanganan kondisi darurat. Pemetaan risiko ini dilakukan untuk menjaga kesiapan operasional bandara dalam menghadapi berbagai ancaman bencana alam di wilayah Bali dan sekitarnya.General Manager PT Angkasa Pura Indonesia (InJourney Airports) Kantor Cabang Bandara Internasional I Gusti Ngurah Rai, Nugroho Jati, mengungkapkan bahwa dari tujuh kategori bencana yang telah dipetakan, ancaman dari aktivitas vulkanik serta tsunami membutuhkan perhatian khusus.“Kami menetapkan klasifikasi disaster yang berpotensi terjadi di Bali. Dari tujuh kategori yang telah kami tetapkan ada prioritas utama, yaitu volcano activity atau gunung berapi, baik di Gunung Agung dan sekitarnya, tsunami, serta debu vulkanik akibat dari lingkungan sekitar Provinsi Bali,” ujar Nugroho Jati.Ia menjelaskan bahwa setiap potensi bencana memerlukan strategi dan keterlibatan pihak yang berbeda. Penanganan bencana alam seperti letusan gunung berapi atau tsunami akan sangat kontras dengan penanganan krisis non-alam seperti pandemi.“Ini berbeda penanganan ketika ada disaster terkait dengan pandemi, yang tidak ada batas waktu kapan selesai dan melibatkan pihak mana saja. Jadi semua akan tergantung pada kondisinya,” tambahnya.Guna memastikan kesiapan seluruh jajaran dalam menghadapi skenario terburuk, Bandara Ngurah Rai menggelar latihan Penanganan Keadaan Darurat (PKD) skala penuh (full-scale exercise). Latihan rutin yang diadakan setiap dua tahun sekali ini merupakan yang pertama kalinya digelar kembali pasca-pandemi.Rangkaian simpul latihan mencakup tiga penanganan utama: simulasi kebakaran gedung (building fire), ancaman keamanan bandara (airport security), hingga penanganan kecelakaan pesawat (aircraft accident) di dalam kawasan bandara yang dilaksanakan hingga malam hari untuk menguji kesiapsiagaan operasional 24 jam.Latihan besar ini melibatkan sebanyak 860 personel gabungan lintas instansi yang tergabung dalam komite keamanan dan keadaan darurat bandar udara. Pihak yang terlibat meliputi TNI/Polri, maskapai, ground handling, Imigrasi, Bea Cukai, Karantina, BASARNAS, Petugas Pemadam Kebakaran daerah, rumah sakit rujukan, hingga AirNav Indonesia.Meski melibatkan ratusan personel dan kegiatan latihan berskala besar di area sisi udara (airside), pihak pengelola memastikan operasional penerbangan di Bandara Internasional I Gusti Ngurah Rai tetap berjalan normal tanpa penutupan maupun pengurangan penerbangan.Pengelola bandara juga telah menerbitkan Notice to Airmen (NOTAM) jauh-jauh hari untuk mengantisipasi potensi penyesuaian jadwal atau dampak delay selama latihan berlangsung.“Untuk latihan ini kita tetap menjaga operasional Bandar Udara I Gusti Ngurah Rai tetap berjalan dengan baik, lancar, dan tidak terganggu. Tidak ada penutupan, tidak ada pengurangan, semua tetap berjalan,” tegas Nugroho. 


                                
                                
                                
                                
                                
                                            
                                        
                                                                    

                                


                                
                                                                    
                                    
                                
                                                                                                                                                                                
                            
                            
                                                                        
                                                                
                                    
                                        
                                            Berita
                                        
                                    
                                    Terbaru Lainnya
                                
                                
                            
                            
                                    
                                    
                                        Memuat berita terbaru.....",RRI.co.id,"Dajan Peken, 82114, Tabanan, Tabanan, Bali, Indonesia",-8.536609490935,115.13552944186335,5,"2, 7","kejaksaan, kejatibali, kejaritabanan, tabanan, news"
Revitalisasi Sekolah di Bali Naik Tajam 401 Satuan Pendidikan Dapat Bantuan 2026,2026-10-03T01:42:00.000Z,"Kabupaten Tabanan, Bali, Indonesia","Revitalisasi Sekolah di Bali Naik Tajam, 401 Satuan Pendidikan Dapat Bantuan 2026 - RRI.co.id","Menteri Pendidikan Dasar dan Menengah (Mendikdasmen) Abdul Mu’ti didampingi Wali Kota Denpasar, I Gusti Ngurah Jaya Negara meninjau proyek bantuan revitalisasi di SD Negeri 15 Dangin Puri, Desa Dangin Puri Kelod, Jumat 02 Oktober 2026. (Foto:Humas Pemkot Denpasar).
                                                    
                                                                                            
                                                                                                            
                                
                                RRI.CO.ID, Denpasar — Pemerintah pusat menambah alokasi program revitalisasi sekolah di Kota Denpasar pada 2026.","Sebanyak 26 sekolah dari berbagai jenjang pendidikan mendapat bantuan revitalisasi dengan total anggaran mencapai Rp18,891 miliar, meningkat dibandingkan 2025 yang hanya mencakup sembilan sekolah.Hal tersebut disampaikan Menteri Pendidikan Dasar dan Menengah (Mendikdasmen) Abdul Mu’ti saat didampingi Wali Kota Denpasar I Gusti Ngurah Jaya Negara meninjau proyek revitalisasi SD Negeri 15 Dangin Puri, Desa Dangin Puri Kelod, Jumat 02 Oktober 2026. Abdul Mu’ti mengatakan peningkatan program revitalisasi di Denpasar merupakan bagian dari kenaikan alokasi revitalisasi satuan pendidikan di Bali.","Pada Hari Sabtu , 3 Oktober 2026 01:42, Tabanan, Tabanan, Bali

Menteri Pendidikan Dasar dan Menengah (Mendikdasmen) Abdul Mu’ti didampingi Wali Kota Denpasar, I Gusti Ngurah Jaya Negara meninjau proyek bantuan revitalisasi di SD Negeri 15 Dangin Puri, Desa Dangin Puri Kelod, Jumat 02 Oktober 2026. (Foto:Humas Pemkot Denpasar).
                                                    
                                                                                            
                                                                                                            
                                
                                RRI.CO.ID, Denpasar — Pemerintah pusat menambah alokasi program revitalisasi sekolah di Kota Denpasar pada 2026. Sebanyak 26 sekolah dari berbagai jenjang pendidikan mendapat bantuan revitalisasi dengan total anggaran mencapai Rp18,891 miliar, meningkat dibandingkan 2025 yang hanya mencakup sembilan sekolah.Hal tersebut disampaikan Menteri Pendidikan Dasar dan Menengah (Mendikdasmen) Abdul Mu’ti saat didampingi Wali Kota Denpasar I Gusti Ngurah Jaya Negara meninjau proyek revitalisasi SD Negeri 15 Dangin Puri, Desa Dangin Puri Kelod, Jumat 02 Oktober 2026. Abdul Mu’ti mengatakan peningkatan program revitalisasi di Denpasar merupakan bagian dari kenaikan alokasi revitalisasi satuan pendidikan di Bali. Pada 2026, sebanyak 401 sekolah di seluruh jenjang pendidikan di Bali mendapatkan bantuan dengan total anggaran Rp272,66 miliar. Jumlah tersebut meningkat dibandingkan 2025 yang mencakup 188 satuan pendidikan dengan anggaran Rp156,961 miliar. Selain meningkatkan sarana dan prasarana pendidikan, program revitalisasi juga memberikan dampak terhadap penyerapan tenaga kerja. Di Bali, sebanyak 2.649 tenaga kerja terserap melalui program revitalisasi pada 2025. Jumlah tersebut meningkat menjadi 5.580 tenaga kerja pada 2026. “Ini menunjukkan bahwa revitalisasi tidak hanya berdampak pada peningkatan mutu satuan pendidikan, tetapi juga berdampak pada penyerapan tenaga kerja di daerah,” ujar Abdul Mu’ti.Ia mengatakan pembangunan dan perbaikan sekolah dilakukan secara bertahap berdasarkan skala prioritas, terutama untuk satuan pendidikan yang mengalami kerusakan berat. Pemerintah menargetkan seluruh sekolah di Indonesia dapat diperbaiki secara bertahap hingga akhir 2028.Sementara itu, Wali Kota Denpasar I Gusti Ngurah Jaya Negara mengatakan Pemkot Denpasar telah menyampaikan berbagai dokumen yang diperlukan terkait program revitalisasi kepada pemerintah pusat. Khusus SD Negeri 15 Dangin Puri, bantuan revitalisasi yang diterima mencapai sekitar Rp478 juta.Anggaran tersebut digunakan untuk memperbaiki empat ruang kelas, menata halaman, serta membenahi sejumlah fasilitas kamar mandi. Jaya Negara menyebut tambahan program revitalisasi tersebut memberikan dukungan terhadap peningkatan kualitas sarana dan prasarana pendidikan di Denpasar.“Ini juga sangat membantu kami di Kota Denpasar. Apalagi sekarang di tahun 2026 itu totalnya hampir Rp80 miliar, ada peningkatan yang sangat signifikan,” kata Jaya Negara.Ia menyampaikan terima kasih kepada pemerintah pusat atas perhatian terhadap peningkatan sarana pendidikan di Kota Denpasar. “Terima kasih untuk perhatian yang diberikan kepada Kota Denpasar. Kami berharap peningkatan sarana pendidikan ini dapat juga menunjang program pendidikan di Kota Denpasar,” pungkasnya. 


                                
                                
                                
                                
                                
                                            
                                        
                                                                    

                                


                                
                                                                    
                                    
                                
                                                                                                                                                                                
                            
                            
                                                                        
                                                                
                                    
                                        
                                            Berita
                                        
                                    
                                    Terbaru Lainnya
                                
                                
                            
                            
                                    
                                    
                                        Memuat berita terbaru.....",RRI.co.id,"Dajan Peken, 82114, Tabanan, Tabanan, Bali, Indonesia",-8.536609490935,115.13552944186335,5,"2, 7","kejaksaan, kejatibali, kejaritabanan, tabanan, news"
Ahmad Abdul Bawa Pulang Kisah Rindu dalam Video Klip Setelah Sekian Lama,2026-09-28T00:48:00.000Z,"Kabupaten Tabanan, Bali, Indonesia","Ahmad Abdul Bawa Pulang Kisah Rindu dalam Video Klip ""Setelah Sekian Lama"" - RRI.co.id","Hiburan
                                                
                                            
                                                                            
                                    
                                    
                                        
                                            28 Sep 2026 07:48
                                            WIB
                                        
                                        
                                             Denpasar
                                        
                                    
                                    
                                                                                                                                
                                                                                
                                        
                                            
                                                Editor -
                                                Ni Putu Widyawati
                                            
                                        
                                    
                                

                                                                                                                                    

                                

                                                                                                            
                                        
                                                                                    
                                                
                                                    
                                                

                                                                                                    
                                                        Cuplikan Video Clip ""Setelah Sekian Lama"" (Foto: dok)
                                                    
                                                                                            
                                                                                                            
                                
                                RRI.CO.ID, Denpasar – Ada rasa yang sulit dijelaskan ketika seseorang yang lama pergi akhirnya kembali ke rumah. Rasa itulah yang coba dihadirkan Ahmad Abdul lewat lagu terbarunya, “Setelah Sekian Lama”, sebuah cerita tentang perjalanan, kerinduan, dan tempat yang selalu menjadi tujuan untuk pulang.Kekuatan lagu ini terasa semakin dalam lewat video klipnya.","Visual sederhana tentang seorang anak yang kembali bertemu dan memeluk ibunya mampu menyampaikan emosi tanpa perlu banyak dialog. Ada rasa rindu, lelah, sekaligus kelegaan yang terasa begitu dekat dengan pengalaman banyak orang yang sedang jauh dari rumah.Salah satu detail yang paling menghangatkan justru hadir lewat sebuah kotak bekal.","Pada Hari Senin , 28 September 2026 00:48, Tabanan, Tabanan, Bali

Hiburan
                                                
                                            
                                                                            
                                    
                                    
                                        
                                            28 Sep 2026 07:48
                                            WIB
                                        
                                        
                                             Denpasar
                                        
                                    
                                    
                                                                                                                                
                                                                                
                                        
                                            
                                                Editor -
                                                Ni Putu Widyawati
                                            
                                        
                                    
                                

                                                                                                                                    

                                

                                                                                                            
                                        
                                                                                    
                                                
                                                    
                                                

                                                                                                    
                                                        Cuplikan Video Clip ""Setelah Sekian Lama"" (Foto: dok)
                                                    
                                                                                            
                                                                                                            
                                
                                RRI.CO.ID, Denpasar – Ada rasa yang sulit dijelaskan ketika seseorang yang lama pergi akhirnya kembali ke rumah. Rasa itulah yang coba dihadirkan Ahmad Abdul lewat lagu terbarunya, “Setelah Sekian Lama”, sebuah cerita tentang perjalanan, kerinduan, dan tempat yang selalu menjadi tujuan untuk pulang.Kekuatan lagu ini terasa semakin dalam lewat video klipnya. Visual sederhana tentang seorang anak yang kembali bertemu dan memeluk ibunya mampu menyampaikan emosi tanpa perlu banyak dialog. Ada rasa rindu, lelah, sekaligus kelegaan yang terasa begitu dekat dengan pengalaman banyak orang yang sedang jauh dari rumah.Salah satu detail yang paling menghangatkan justru hadir lewat sebuah kotak bekal. Di atasnya tertulis pesan sederhana dari sang ibu, “Jangan lupa makan, kalau capek, pulang.”Bagi mereka yang pernah menjadi perantau, kalimat itu mungkin terasa lebih dari sekadar pesan untuk makan. Ada perhatian, kekhawatiran, dan kasih sayang seorang ibu yang tetap mengikuti anaknya, bahkan ketika jarak memisahkan.Video klip ini seolah mengingatkan bahwa perjalanan mengejar mimpi tidak selalu mudah. Ada masa ketika seseorang merasa lelah, kehilangan arah, atau ingin menyerah. Dan di saat seperti itu, rumah bisa menjadi tempat untuk berhenti sejenak, bukan karena gagal, tetapi karena ada seseorang yang selalu siap menerima kita kembali.Lewat “Setelah Sekian Lama”, Ahmad Abdul tidak hanya menyanyikan sebuah lagu tentang pulang. Ia menghadirkan kembali perasaan yang mungkin pernah dirasakan banyak anak rantau: sejauh apa pun pergi, ada rumah dan seseorang yang selalu menunggu. 


                                
                                
                                
                                
                                
                                            
                                        
                                                                    

                                


                                
                                                                    
                                    
                                
                                                                                                                                                                                
                            
                            
                                                                        
                                                                
                                    
                                        
                                            Berita
                                        
                                    
                                    Terbaru Lainnya
                                
                                
                            
                            
                                    
                                    
                                        Memuat berita terbaru.....",RRI.co.id,"Dajan Peken, 82114, Tabanan, Tabanan, Bali, Indonesia",-8.536609490935,115.13552944186335,5,"2, 7","kejaksaan, kejatibali, kejaritabanan, tabanan, news"
Imingiming Cepat Kaya Bikin Masyarakat Rentan Terjebak Investasi Bodong,2026-09-30T00:39:00.000Z,"Kabupaten Tabanan, Bali, Indonesia",Iming-iming Cepat Kaya Bikin Masyarakat Rentan Terjebak Investasi Bodong - RRI.co.id,"Ilustrasi : Iming-Iming Cepat Kaya Bikin Masyarakat Rentan Terjebak Investasi Bodong. (Foto:DOK).
                                                    
                                                                                            
                                                                                                            
                                
                                RRI.CO.ID, Denpasar — Keinginan memperoleh keuntungan besar dalam waktu singkat masih membuat masyarakat rentan terjebak investasi bodong.","Rendahnya literasi keuangan dan faktor psikologis berupa keinginan cepat kaya dinilai menjadi pemicu masyarakat mengabaikan risiko investasi ilegal.Akademisi Undiknas Denpasar, Prof. Dr.","Pada Hari Rabu , 30 September 2026 00:39, Tabanan, Tabanan, Bali

Ilustrasi : Iming-Iming Cepat Kaya Bikin Masyarakat Rentan Terjebak Investasi Bodong. (Foto:DOK).
                                                    
                                                                                            
                                                                                                            
                                
                                RRI.CO.ID, Denpasar — Keinginan memperoleh keuntungan besar dalam waktu singkat masih membuat masyarakat rentan terjebak investasi bodong. Rendahnya literasi keuangan dan faktor psikologis berupa keinginan cepat kaya dinilai menjadi pemicu masyarakat mengabaikan risiko investasi ilegal.Akademisi Undiknas Denpasar, Prof. Dr. Ida Bagus Raka Suardana, SE., MM., mengatakan masyarakat perlu lebih kritis terhadap tawaran investasi dengan imbal hasil yang tidak wajar. “Ketika ada tawaran investasi yang kira-kira imbal hasilnya tidak wajar, itu harus sudah dicurigai,” ujar Raka Suardana kepada RRI.CO.ID, Selasa 29 September 2026.Menurutnya, tawaran keuntungan berlipat dalam waktu singkat merupakan salah satu indikator yang perlu diwaspadai. Masyarakat juga kerap terpengaruh ajakan orang terdekat tanpa terlebih dahulu memahami mekanisme dan risiko investasi.Raka Suardana menyebut, kerugian akibat investasi bodong dapat berdampak besar terhadap kondisi ekonomi masyarakat. Bahkan, dana pensiun yang seharusnya digunakan untuk memenuhi kebutuhan masa tua dapat hilang setelah ditempatkan pada investasi ilegal.Ia menilai sosialisasi dan edukasi mengenai literasi keuangan perlu dilakukan secara berkelanjutan, terutama kepada masyarakat di tingkat desa dan pasar yang dinilai masih rentan terhadap tawaran investasi ilegal. “Artinya harus sosialisasi terus-menerus dan tidak bosan-bosan. Tidak hanya oleh OJK, tetapi juga oleh mereka yang memahami, seperti dosen dan mahasiswa,” katanya.Raka Suardana juga mengingatkan masyarakat agar tidak mudah tergiur skema yang menjanjikan keuntungan tinggi hanya dengan menempatkan sejumlah uang. Menurutnya, masyarakat perlu memahami bahwa investasi selalu memiliki risiko.Faktor psikologis berupa keinginan cepat kaya juga menjadi persoalan. Masyarakat terkadang beranggapan dapat menarik kembali dana setelah memperoleh keuntungan dalam beberapa bulan. Namun, ketika dana hendak dicairkan, modal justru tidak dapat dikembalikan.“Banyak orang ingin cepat kaya, ingin cepat keuntungannya tinggi,” ujarnya.Karena itu, Raka Suardana mendorong penguatan edukasi literasi keuangan agar masyarakat mampu mengenali ciri-ciri investasi ilegal, memahami risiko, dan lebih berhati-hati sebelum menempatkan dana. 


                                
                                
                                
                                
                                
                                            
                                        
                                                                    

                                


                                
                                                                    
                                    
                                
                                                                                                                                                                                
                            
                            
                                                                        
                                                                
                                    
                                        
                                            Berita
                                        
                                    
                                    Terbaru Lainnya
                                
                                
                            
                            
                                    
                                    
                                        Memuat berita terbaru.....",RRI.co.id,"Dajan Peken, 82114, Tabanan, Tabanan, Bali, Indonesia",-8.536609490935,115.13552944186335,5,"2, 7","kejaksaan, kejatibali, kejaritabanan, tabanan, news"
Meta VR Glasses Kacamata VR ringan dengan berat hanya 100 Gram,2026-09-28T03:24:00.000Z,"Kabupaten Tabanan, Bali, Indonesia","Meta VR Glasses, Kacamata VR ringan dengan berat hanya 100 Gram - RRI.co.id","RRI.CO.ID, Denpasar - Meta memperkenalkan perangkat realitas virtual (Virtual Reality/VR) bernama Meta VR Glasses dengan desain yang berbeda dari perangkat VR pada umumnya. Bentuknya lebih mirip kacamata biasa dibandingkan headset VR tradisional dan beratnya hanya sekitar 100 gram.","Dikutip dari Gizchina, pada Kamis, 24 September 2026, disebutkan bahwa bobot yang ringan menjadi salah satu keunggulan utama perangkat ini. Meta memindahkan prosesor, baterai, dan penyimpanan ke perangkat terpisah berukuran saku yang disebut puck.Kacamata tersebut terhubung ke puck menggunakan kabel optik tipis.","Pada Hari Senin , 28 September 2026 03:24, Tabanan, Tabanan, Bali

RRI.CO.ID, Denpasar - Meta memperkenalkan perangkat realitas virtual (Virtual Reality/VR) bernama Meta VR Glasses dengan desain yang berbeda dari perangkat VR pada umumnya. Bentuknya lebih mirip kacamata biasa dibandingkan headset VR tradisional dan beratnya hanya sekitar 100 gram. Dikutip dari Gizchina, pada Kamis, 24 September 2026, disebutkan bahwa bobot yang ringan menjadi salah satu keunggulan utama perangkat ini. Meta memindahkan prosesor, baterai, dan penyimpanan ke perangkat terpisah berukuran saku yang disebut puck.Kacamata tersebut terhubung ke puck menggunakan kabel optik tipis. Menurut Meta, desain ini membuat kacamata sekitar lima kali lebih ringan dibandingkan Quest 3.Meta VR Glasses menggunakan rangka berbahan campuran magnesium dan tidak memiliki tali besar atau komputer berat yang menempel di kepala pengguna. Kacamata tersebut berisi layar, kamera, dan sensor, sedangkan puck bertugas menjalankan sebagian besar proses komputasi. Perangkat puck ini memiliki berat sekitar 300 gram.Puck tersebut menggunakan chip Snapdragon Reality Elite, RAM 12 GB, dan penyimpanan 128 GB. Perangkat ini juga memiliki slot microSD yang dapat digunakan untuk menambah kapasitas penyimpanan hingga 1 TB. Jadi, seluruh sistem sebenarnya tidak hanya berbobot 100 gram. Namun, memindahkan komponen berat dari kepala pengguna dapat membuat perangkat terasa jauh lebih nyaman saat digunakan dalam waktu lama.Meta juga menggunakan layar dengan spesifikasi tinggi. Perangkat ini memiliki dua layar micro-OLED dengan resolusi 2.412 × 2.288 piksel untuk masing-masing mata. Layar tersebut memiliki refresh rate hingga 120 Hz dan kepadatan 37 piksel per derajat. Spesifikasi ini seharusnya membuat tulisan dan gambar terlihat lebih tajam dibandingkan banyak headset VR generasi lama.Meta menggunakan lensa pancake yang dirancang khusus agar perangkat tetap bisa dibuat lebih tipis dan ringkas. Namun, ada kekurangannya, yaitu bidang pandang yang hanya sekitar 70 derajat secara horizontal dan 66 derajat secara vertikal. Angka tersebut lebih sempit dibandingkan Quest 3. Artinya, pengguna mendapatkan perangkat yang jauh lebih ringan, tetapi harus menerima area pandangan VR yang tidak seluas headset VR tradisional.Salah satu hal penting dalam peluncuran Meta VR Glasses adalah perangkat ini menjadi perangkat VR pertama yang mendapatkan sertifikasi IMAX Enhanced. Meta menggunakan teknologi tersebut untuk menjadikan kacamata ini seperti bioskop pribadi. Pengguna dapat menonton film tertentu dalam format 3D dan, untuk film yang mendukung, menggunakan tampilan dengan rasio gambar IMAX yang lebih lebar.Meta juga mengatakan Disney+ akan menyediakan sejumlah film 3D pilihan di platform tersebut. Layanan lain seperti Prime Video, YouTube, ESPN, Plex, dan Crunchyroll juga akan ditambahkan. Di sinilah desain yang hanya sekitar 100 gram menjadi penting. Memakai headset VR yang berat selama 20 menit untuk demonstrasi tentu berbeda dengan memakai perangkat tersebut sepanjang film.Meta juga mengandalkan penggunaan tanpa tangan. Kacamata ini dapat membaca gerakan mata dan tangan sehingga pengguna bisa membuka aplikasi, mengontrol konten, dan menggunakan menu tanpa harus memegang kontroler. Asisten Meta AI juga sudah terintegrasi langsung ke dalam sistem sehingga pengguna dapat mengendalikan kacamata menggunakan suara, gerakan mata, dan gerakan tangan.⁠⁠⁠⁠⁠⁠⁠Meta mengatakan sistem tersebut dapat membuka aplikasi, memutar konten, mengubah ruang kerja, dan menjawab pertanyaan. Ada pula fitur baru bernama Hologram untuk panggilan video. Fitur ini dapat membuat versi digital pengguna yang terlihat lebih nyata, lengkap dengan ekspresi wajah dan suara yang terasa berasal dari arah tertentu.Meta VR Glasses akan dijual dengan harga 1.299,99 dolar AS di Amerika Serikat (sekitar Rp23 juta) dan perusahaan berencana meluncurkannya pada musim semi 2027. Meta belum mengumumkan harga final untuk pasar lainnya. Perangkat ini tersedia dalam dua ukuran, yaitu Standard dan Large, yang dijual sebagai produk dengan pilihan ukuran berbeda.",RRI.co.id,"Dajan Peken, 82114, Tabanan, Tabanan, Bali, Indonesia",-8.536609490935,115.13552944186335,5,"2, 7","kejaksaan, kejatibali, kejaritabanan, tabanan, news"
Mazda 6e Fastback EV Mewah Hasil Kolaborasi Mazda dengan Tiongkok,2026-09-29T00:36:00.000Z,"Kabupaten Tabanan, Bali, Indonesia","Mazda 6e Fastback, EV Mewah Hasil Kolaborasi Mazda dengan Tiongkok - RRI.co.id","Hobi
                                                
                                            
                                                                            
                                    
                                    
                                        
                                            29 Sep 2026 07:36
                                            WIB
                                        
                                        
                                             Denpasar
                                        
                                    
                                    
                                                                                                                                
                                                                                
                                        
                                            
                                                Editor -
                                                Ni Nyoman Kasih
                                            
                                        
                                    
                                

                                                                                                                                    

                                

                                                                                                            
                                        
                                                                    
                                
                                RRI.CO.ID, Denpasar - Pasar kendaraan listrik di Indonesia kembali dikejutkan dengan langkah berani PT Eurokars Motor Indonesia yang memboyong Mazda 6e Fastback. Sedan listrik premium ini menjadi simbol transformasi sedan legendaris Mazda 6 menuju era elektrifikasi modern.","Menariknya, pengembangan model ini merupakan hasil kolaborasi strategis antara Mazda dengan mitra usahanya di Tiongkok, menggabungkan filosofi desain khas Jepang dengan penguasaan teknologi EV terdepan dari Tiongkok.Dari segi eksterior, Mazda 6e Fastback mempertahankan bahasa desain khas Kodo yang elegan namun tampil lebih futuristik. Tampilan bodinya mengusung gaya fastback aerodinamis dengan grill tertutup beraksen black glossy, pintu frameless tanpa bingkai, serta electric extending rear spoiler yang dapat menyembul secara otomatis pada kecepatan tinggi.","Pada Hari Selasa , 29 September 2026 00:36, Tabanan, Tabanan, Bali

Hobi
                                                
                                            
                                                                            
                                    
                                    
                                        
                                            29 Sep 2026 07:36
                                            WIB
                                        
                                        
                                             Denpasar
                                        
                                    
                                    
                                                                                                                                
                                                                                
                                        
                                            
                                                Editor -
                                                Ni Nyoman Kasih
                                            
                                        
                                    
                                

                                                                                                                                    

                                

                                                                                                            
                                        
                                                                    
                                
                                RRI.CO.ID, Denpasar - Pasar kendaraan listrik di Indonesia kembali dikejutkan dengan langkah berani PT Eurokars Motor Indonesia yang memboyong Mazda 6e Fastback. Sedan listrik premium ini menjadi simbol transformasi sedan legendaris Mazda 6 menuju era elektrifikasi modern. Menariknya, pengembangan model ini merupakan hasil kolaborasi strategis antara Mazda dengan mitra usahanya di Tiongkok, menggabungkan filosofi desain khas Jepang dengan penguasaan teknologi EV terdepan dari Tiongkok.Dari segi eksterior, Mazda 6e Fastback mempertahankan bahasa desain khas Kodo yang elegan namun tampil lebih futuristik. Tampilan bodinya mengusung gaya fastback aerodinamis dengan grill tertutup beraksen black glossy, pintu frameless tanpa bingkai, serta electric extending rear spoiler yang dapat menyembul secara otomatis pada kecepatan tinggi. Sektor pencahayaan dipadukan secara harmonis dengan garis bodi yang tegas namun dinamis, berhasil menyabet penghargaan desain pameran otomotif internasional sebagai 2026 World Car Design of The Year.Masuk ke dalam interior, atmosfer kemewahan dan kekedapan sangat terasa berkat garapan interior yang presisi. Pengemudi dan penumpang disuguhkan layar infotainment sentuh berukuran 14,6 inci, head up display, serta panel instrumen digital serba canggih. Pengalaman berkendara semakin dimanjakan dengan panoramic glass roof yang dilengkapi tirai elektrik, sistem tata suara premium Sony dengan 14 speaker, serta fitur ambient lighting dengan 64 warna yang menciptakan suasana kabin yang menenangkan.Di sektor performa, Mazda 6e Fastback dibekali motor listrik tunggal yang diletakkan di roda belakang. Dapur pacu listrik ini mampu mengeluarkan tenaga hingga 258 PS dengan torsi instan mencapai 320 Nm. Didukung baterai lithium-ion berkapasitas 78 kWh, sedan fastback ini mengklaim jarak tempuh maksimal hingga 560 km, menjadikannya sangat andal baik untuk mobilitas harian maupun perjalanan antar kota.Di pasar Indonesia, Mazda 6e Fastback ditawarkan dengan harga on the road (OTR) sekitar Rp899 juta dengan delapan pilihan warna ikonis seperti soul red crystal dan polymetal gray. Kehadiran kendaraan listrik ini tidak hanya menawarkan alternatif sedan ramah lingkungan berfitur melimpah, tetapi juga membuktikan bahwa sensasi menyatu antara pengemudi dan mobil tetap dapat diwujudkan secara optimal dalam kendaraan listrik murni. 


                                
                                
                                
                                
                                
                                            
                                        
                                                                    

                                


                                
                                                                    
                                    
                                
                                                                                                                                                                                
                            
                            
                                                                        
                                                                
                                    
                                        
                                            Berita
                                        
                                    
                                    Terbaru Lainnya
                                
                                
                            
                            
                                    
                                    
                                        Memuat berita terbaru.....",RRI.co.id,"Dajan Peken, 82114, Tabanan, Tabanan, Bali, Indonesia",-8.536609490935,115.13552944186335,5,"2, 7","kejaksaan, kejatibali, kejaritabanan, tabanan, news"
Hari Kelima Pencarian Tim SAR Temukan Jenazah Penumpang Kapal Tercebur,2026-10-03T01:34:00.000Z,"Kabupaten Tabanan, Bali, Indonesia","Hari Kelima Pencarian, Tim SAR Temukan Jenazah Penumpang Kapal Tercebur - RRI.co.id","Setelah lima hari pencarian intensif di perairan Selat Bali, tim SAR gabungan akhirnya menemukan jenazah Riski Firmansyah (23), pemuda asal Jombang yang dilaporkan hilang usai menceburkan diri dari atas kapal, pada Jumat 2 Oktober 2026 sore. (Foto: Pos SAR Jembrana)
                                                    
                                                                                            
                                                                                                            
                                
                                RRI.CO.ID, Jembrana - Setelah lima hari pencarian intensif di perairan Selat Bali, tim SAR gabungan akhirnya menemukan jenazah Riski Firmansyah (23), pemuda asal Jombang yang dilaporkan hilang usai menceburkan diri dari atas kapal, pada Jumat 2 Oktober 2026 sore.","Jasad korban ditemukan terapung di perairan Gilimanuk oleh tim gabungan yang tengah melakukan penyisiran menggunakan Rigid Inflatable Boat (RIB) dan Ship Thunder milik Polairud Polda Bali.""Kami menerima informasi dari SROP Gilimanuk mengenai keberadaan jasad terapung. Tim yang sedang patroli di perairan Gilimanuk langsung bergerak melakukan evakuasi,"" ujar Koordinator Pos Pencarian dan Pertolongan Jembrana, Dewa Gede Hendri Gunawan.Usai dievakuasi melalui Teluk Waterbee Gilimanuk, jenazah korban langsung dilarikan ke RSUD Negara.","Pada Hari Sabtu , 3 Oktober 2026 01:34, Tabanan, Tabanan, Bali

Setelah lima hari pencarian intensif di perairan Selat Bali, tim SAR gabungan akhirnya menemukan jenazah Riski Firmansyah (23), pemuda asal Jombang yang dilaporkan hilang usai menceburkan diri dari atas kapal, pada Jumat 2 Oktober 2026 sore. (Foto: Pos SAR Jembrana)
                                                    
                                                                                            
                                                                                                            
                                
                                RRI.CO.ID, Jembrana - Setelah lima hari pencarian intensif di perairan Selat Bali, tim SAR gabungan akhirnya menemukan jenazah Riski Firmansyah (23), pemuda asal Jombang yang dilaporkan hilang usai menceburkan diri dari atas kapal, pada Jumat 2 Oktober 2026 sore. Jasad korban ditemukan terapung di perairan Gilimanuk oleh tim gabungan yang tengah melakukan penyisiran menggunakan Rigid Inflatable Boat (RIB) dan Ship Thunder milik Polairud Polda Bali.""Kami menerima informasi dari SROP Gilimanuk mengenai keberadaan jasad terapung. Tim yang sedang patroli di perairan Gilimanuk langsung bergerak melakukan evakuasi,"" ujar Koordinator Pos Pencarian dan Pertolongan Jembrana, Dewa Gede Hendri Gunawan.Usai dievakuasi melalui Teluk Waterbee Gilimanuk, jenazah korban langsung dilarikan ke RSUD Negara. Pihak keluarga yang mendampingi proses evakuasi berhasil mengidentifikasi korban secara pasti melalui pakaian terakhir yang dikenakannya.Petaka ini bermula pada Minggu 27 September 2026 sore. Korban bertolak dari Mojokerto menuju Tabanan untuk bekerja bersama paman dan sepupunya menggunakan travel. Saat menyeberang dari Pelabuhan Ketapang menuju Gilimanuk menggunakan KMP Cemerlang No. 55, korban sempat terlihat berjalan bersama kerabatnya menuju kantin kapal. Namun, korban mendadak hilang dari pandangan setelah beberapa kali berpindah tempat. Dugaan kuat korban menceburkan diri ke laut diperkuat oleh laporan dari pihak kapal yang melihat kepulan air di sekitar buoy merah perairan Gilimanuk, tak jauh dari posisi kapal berlayar. Pencarian yang melibatkan berbagai unsur SAR dan kapal-kapal sekitar akhirnya membuahkan hasil setelah menyisir area penyeberangan selama lima hari berturut-turut. 


                                
                                
                                
                                
                                
                                            
                                        
                                                                    

                                


                                
                                                                    
                                    
                                
                                                                                                                                                                                
                            
                            
                                                                        
                                                                
                                    
                                        
                                            Berita
                                        
                                    
                                    Terbaru Lainnya
                                
                                
                            
                            
                                    
                                    
                                        Memuat berita terbaru.....",RRI.co.id,"Dajan Peken, 82114, Tabanan, Tabanan, Bali, Indonesia",-8.536609490935,115.13552944186335,5,"2, 7","kejaksaan, kejatibali, kejaritabanan, tabanan, news"
Waspada Investasi Bodong Imbal Hasil Tak Wajar Jadi Sinyal Bahaya,2026-09-30T00:38:00.000Z,"Kabupaten Tabanan, Bali, Indonesia","Waspada Investasi Bodong, Imbal Hasil Tak Wajar Jadi Sinyal Bahaya - RRI.co.id","Ilustrasi: Waspada Investasi Bodong, Imbal Hasil Tak Wajar Jadi Sinyal Bahaya. (Foto:DOK).
                                                    
                                                                                            
                                                                                                            
                                
                                RRI.CO.ID, Denpasar — Tawaran investasi dengan imbal hasil tinggi dalam waktu singkat dan diklaim minim risiko perlu diwaspadai masyarakat.","Janji keuntungan yang tidak masuk akal menjadi salah satu ciri yang patut dicermati sebelum menempatkan dana.Pengamat Ekonomi Bali, Dr. I Gusti Wayan Murjana Yasa, mengatakan rendahnya literasi investasi membuat masyarakat mudah tergiur tawaran keuntungan besar tanpa memahami risiko dan legalitasnya.","Pada Hari Rabu , 30 September 2026 00:38, Tabanan, Tabanan, Bali

Ilustrasi: Waspada Investasi Bodong, Imbal Hasil Tak Wajar Jadi Sinyal Bahaya. (Foto:DOK).
                                                    
                                                                                            
                                                                                                            
                                
                                RRI.CO.ID, Denpasar — Tawaran investasi dengan imbal hasil tinggi dalam waktu singkat dan diklaim minim risiko perlu diwaspadai masyarakat. Janji keuntungan yang tidak masuk akal menjadi salah satu ciri yang patut dicermati sebelum menempatkan dana.Pengamat Ekonomi Bali, Dr. I Gusti Wayan Murjana Yasa, mengatakan rendahnya literasi investasi membuat masyarakat mudah tergiur tawaran keuntungan besar tanpa memahami risiko dan legalitasnya. Kondisi tersebut semakin rentan ketika promosi investasi banyak beredar melalui media sosial.Menurutnya, prinsip dasar investasi adalah semakin tinggi potensi keuntungan, semakin besar pula risiko yang harus dipahami. Karena itu, masyarakat perlu berhati-hati ketika menemukan tawaran keuntungan yang jauh di atas kewajaran.“Kalau sudah keuntungannya tidak wajar, hati-hati. Investasi itu justru temannya risiko, di samping keuntungan yang kita peroleh,” ujarnya kepada RRI.CO.ID, Selasa 29 September 2026.Murjana mencontohkan tawaran keuntungan hingga puluhan persen dalam waktu singkat sebagai hal yang patut dicurigai, terutama jika disertai klaim tanpa risiko. Selain imbal hasil yang tidak wajar, masyarakat diminta mewaspadai investasi yang tidak memiliki izin, menawarkan perekrutan anggota baru dengan produk yang tidak jelas, serta tidak memiliki model bisnis yang dapat dijelaskan secara transparan.Ia juga mengingatkan masyarakat terhadap sejumlah modus investasi ilegal, termasuk robot trading ilegal, aset kripto yang tidak memiliki legalitas, dan skema money game. Murjana menekankan pentingnya memeriksa legalitas perusahaan atau produk investasi sebelum menempatkan dana.Masyarakat juga perlu memahami jenis investasi, potensi keuntungan, serta risiko yang menyertainya. “Yang paling mudah itu cek legalitas. Kemudian gunakan logika ketika keuntungan yang ditawarkan luar biasa tinggi dan tidak masuk akal,” katanya.Menurut Murjana, masyarakat dapat memilih instrumen investasi yang sesuai dengan kemampuan dan tingkat risiko yang dipahami, seperti saham, reksa dana, obligasi, emas, maupun properti. Ia menilai penguatan literasi menjadi kunci agar masyarakat tidak mudah terjebak investasi ilegal.Edukasi mengenai investasi kini tersedia melalui berbagai sumber, termasuk kanal resmi Otoritas Jasa Keuangan (OJK). Masyarakat juga dapat memanfaatkan teknologi untuk mencari informasi awal mengenai produk investasi.Namun, pengecekan legalitas dan informasi dari sumber resmi tetap diperlukan sebelum mengambil keputusan investasi. “Banyak edukasi tentang saham dan investasi lainnya. Banyak yang gratis dan bisa dimanfaatkan untuk meningkatkan pemahaman ketika kita akan memilih investasi,” ujarnya. 


                                
                                
                                
                                
                                
                                            
                                        
                                                                    

                                


                                
                                                                    
                                    
                                
                                                                                                                                                                                
                            
                            
                                                                        
                                                                
                                    
                                        
                                            Berita
                                        
                                    
                                    Terbaru Lainnya
                                
                                
                            
                            
                                    
                                    
                                        Memuat berita terbaru.....",RRI.co.id,"Dajan Peken, 82114, Tabanan, Tabanan, Bali, Indonesia",-8.536609490935,115.13552944186335,5,"2, 7","kejaksaan, kejatibali, kejaritabanan, tabanan, news"
KPA Bali Perkuat Edukasi HIVAIDS dan Narkoba,2026-09-30T10:11:00.000Z,"Kabupaten Tabanan, Bali, Indonesia",KPA Bali Perkuat Edukasi HIV/AIDS dan Narkoba - RRI.co.id,"Sebanyak 225 siswa anggota KSPAN dari kabupaten dan kota di Bali mengikuti Temu Remaja KSPAN atau Muspa Bali 2 di Wisma Nangun Kerti, Desa Pancasari, Buleleng.(Foto:Ist)
                                                    
                                                                                            
                                                                                                            
                                
                                RRI.CO.ID, Buleleng - Komisi Penanggulangan AIDS atau KPA Provinsi Bali memperkuat edukasi pencegahan HIV-AIDS dan penyalahgunaan narkoba melalui Temu Remaja KSPAN atau Muspa Bali 2. Kegiatan yang berlangsung selama dua hari, Selasa, 29 September hingga Rabu, 30 September 2026, digelar di Wisma Nangun Kerti, Desa Pancasari, Kecamatan Sukasada, Buleleng.Sebanyak 225 siswa yang tergabung dalam Kelompok Siswa Peduli AIDS dan Narkoba atau KSPAN mengikuti kegiatan tersebut.","Peserta merupakan perwakilan terpilih dari kabupaten dan kota di Bali yang aktif dalam kegiatan KSPAN di sekolah masing-masing.Ketua Panitia Muspa Bali 2, AA Ngr Patria Nugraha mengatakan, kegiatan tersebut menjadi sarana sosialisasi dan edukasi yang melibatkan ratusan siswa KSPAN. Informasi yang diperoleh diharapkan dapat diteruskan kepada teman sebaya, lingkungan sekolah, dan masyarakat.""Dari data Dinas Kesehatan Provinsi Bali, penemuan kasus baru di Bali sejak Januari sampai April 2026 sekitar 678 kasus, dan sebarannya sudah meluas ke seluruh kabupaten kota di Provinsi Bali,"" ujarnya.Muspa Bali 2 juga menjadi ruang peningkatan pemahaman siswa mengenai HIV-AIDS, kesehatan reproduksi remaja, penyakit menular seksual, serta pencegahan penyalahgunaan narkoba.","Pada Hari Rabu , 30 September 2026 10:11, Tabanan, Tabanan, Bali

Sebanyak 225 siswa anggota KSPAN dari kabupaten dan kota di Bali mengikuti Temu Remaja KSPAN atau Muspa Bali 2 di Wisma Nangun Kerti, Desa Pancasari, Buleleng.(Foto:Ist)
                                                    
                                                                                            
                                                                                                            
                                
                                RRI.CO.ID, Buleleng - Komisi Penanggulangan AIDS atau KPA Provinsi Bali memperkuat edukasi pencegahan HIV-AIDS dan penyalahgunaan narkoba melalui Temu Remaja KSPAN atau Muspa Bali 2. Kegiatan yang berlangsung selama dua hari, Selasa, 29 September hingga Rabu, 30 September 2026, digelar di Wisma Nangun Kerti, Desa Pancasari, Kecamatan Sukasada, Buleleng.Sebanyak 225 siswa yang tergabung dalam Kelompok Siswa Peduli AIDS dan Narkoba atau KSPAN mengikuti kegiatan tersebut. Peserta merupakan perwakilan terpilih dari kabupaten dan kota di Bali yang aktif dalam kegiatan KSPAN di sekolah masing-masing.Ketua Panitia Muspa Bali 2, AA Ngr Patria Nugraha mengatakan, kegiatan tersebut menjadi sarana sosialisasi dan edukasi yang melibatkan ratusan siswa KSPAN. Informasi yang diperoleh diharapkan dapat diteruskan kepada teman sebaya, lingkungan sekolah, dan masyarakat.""Dari data Dinas Kesehatan Provinsi Bali, penemuan kasus baru di Bali sejak Januari sampai April 2026 sekitar 678 kasus, dan sebarannya sudah meluas ke seluruh kabupaten kota di Provinsi Bali,"" ujarnya.Muspa Bali 2 juga menjadi ruang peningkatan pemahaman siswa mengenai HIV-AIDS, kesehatan reproduksi remaja, penyakit menular seksual, serta pencegahan penyalahgunaan narkoba. Kegiatan tersebut meliputi temu forum guru KSPAN, temu KSPAN, capacity building, pentas seni, lomba mading tematis, tutor sebaya, video edukasi on the spot, dan cari jejak KSPAN.Sekretaris Dinas Kesehatan Provinsi Bali dr. Komang Perdana M.Si yang membacakan sambutan Wakil Gubernur Bali Nyoman Giri Prasta mengatakan, kegiatan tersebut menjadi momentum untuk memperkuat kepedulian generasi muda terhadap kesehatan. Ia juga menyampaikan pentingnya kolaborasi pelajar, sekolah, pemerintah, dan pihak terkait dalam pencegahan HIV-AIDS dan narkoba.""Lembaga pendidikan merupakan ruang yang tepat untuk edukasi tentang HIV-AIDS kepada siswa. Kolaborasi antara pelajar, sekolah, pemerintah, serta berbagai pihak terkait diperlukan agar upaya pencegahan HIV-AIDS dan narkoba dapat dilakukan secara berkelanjutan,"" katanya.Melalui Muspa KSPAN Bali 2026, para peserta diharapkan tidak hanya menjadi penerima informasi, tetapi juga mampu berperan sebagai agen perubahan di lingkungan sekolah dan masyarakat. Kegiatan tersebut juga diharapkan memperkuat peran KSPAN dalam menyebarluaskan informasi yang benar serta membangun lingkungan yang sehat dan bebas stigma terhadap orang dengan HIV. 


                                
                                
                                
                                
                                
                                            
                                        
                                                                    

                                


                                
                                                                    
                                    
                                
                                                                                                                                                                                
                            
                            
                                                                        
                                                                
                                    
                                        
                                            Berita
                                        
                                    
                                    Terbaru Lainnya
                                
                                
                            
                            
                                    
                                    
                                        Memuat berita terbaru.....",RRI.co.id,"Dajan Peken, 82114, Tabanan, Tabanan, Bali, Indonesia",-8.536609490935,115.13552944186335,5,"2, 7","kejaksaan, kejatibali, kejaritabanan, tabanan, news"
Jasa Raharja Kembali Serahkan Santunan Korban KM Virgo di Boyolali,2026-09-28T01:11:00.000Z,"Kabupaten Tabanan, Bali, Indonesia",Jasa Raharja Kembali Serahkan Santunan Korban KM Virgo di Boyolali - RRI.co.id,"RRI..CO.ID, Boyolali - PT Jasa Raharja (Persero) terus mempercepat pemenuhan hak korban dan keluarga dalam penanganan insiden KM Virgo Transport 8. Hingga Sabtu 26 September 2026, Jasa Raharja telah menyerahkan santunan kepada 17 ahli waris korban meninggal dunia dengan total Rp850 juta.Selain itu, jaminan biaya perawatan telah diberikan kepada 21 korban luka-luka dengan nilai maksimal Rp420 juta, serta dua santunan penggantian biaya penguburan.","Jasa Raharja juga masih memproses lima santunan bagi korban meninggal dunia lainnya.Berdasarkan perkembangan penanganan hingga Sabtu 26 September 2026 pukul 06.15 WITA, dari total 243 orang dalam POB, sebanyak 161 orang telah dievakuasi. Sebanyak 87 orang selamat tanpa memerlukan perawatan dan telah kembali ke rumah, sementara 21 orang yang mengalami luka-luka telah mendapatkan penanganan medis dan juga telah kembali ke rumah masing-masing.Adapun korban meninggal dunia tercatat sebanyak 53 orang, dengan 25 orang telah teridentifikasi dan 28 orang masih dalam proses identifikasi.","Pada Hari Senin , 28 September 2026 01:11, Tabanan, Tabanan, Bali

RRI..CO.ID, Boyolali - PT Jasa Raharja (Persero) terus mempercepat pemenuhan hak korban dan keluarga dalam penanganan insiden KM Virgo Transport 8. Hingga Sabtu 26 September 2026, Jasa Raharja telah menyerahkan santunan kepada 17 ahli waris korban meninggal dunia dengan total Rp850 juta.Selain itu, jaminan biaya perawatan telah diberikan kepada 21 korban luka-luka dengan nilai maksimal Rp420 juta, serta dua santunan penggantian biaya penguburan. Jasa Raharja juga masih memproses lima santunan bagi korban meninggal dunia lainnya.Berdasarkan perkembangan penanganan hingga Sabtu 26 September 2026 pukul 06.15 WITA, dari total 243 orang dalam POB, sebanyak 161 orang telah dievakuasi. Sebanyak 87 orang selamat tanpa memerlukan perawatan dan telah kembali ke rumah, sementara 21 orang yang mengalami luka-luka telah mendapatkan penanganan medis dan juga telah kembali ke rumah masing-masing.Adapun korban meninggal dunia tercatat sebanyak 53 orang, dengan 25 orang telah teridentifikasi dan 28 orang masih dalam proses identifikasi. Sebagai bagian dari tindak lanjut penanganan korban, Direktur Utama Jasa Raharja Muhammad Awaluddin menyerahkan santunan secara langsung kepada Dewi Indarti, istri almarhum Deny Dwi Saputra.Penyerahan santunan dilakukan di rumah duka di Dukuh Meican RT 1/3, Candi Ampel, Boyolali, Jawa Tengah. Deny Dwi Saputra merupakan salah satu korban yang telah berhasil diidentifikasi. Jenazah almarhum tiba di rumah duka pada Jumat 25 September 2026.Penyerahan santunan disaksikan oleh Kabid Kedaruratan dan Logistik BPBD Ery Purwo Nugroho, Kapolsek Ampel Iptu Edhy Nugroho, Camat Ampel Edi Kusmanto, dan Kades Candi Ampel Warsito. Awaluddin menyampaikan, penyerahan santunan tersebut merupakan bentuk kehadiran Jasa Raharja dalam memberikan kepastian pelayanan kepada keluarga korban.“Kami menyampaikan duka cita yang mendalam kepada keluarga almarhum Deny Dwi Saputra. Santunan ini tentu tidak dapat menggantikan kehilangan orang yang kita cintai, namun kami berharap dapat menjadi bentuk dukungan negara dan membantu meringankan beban keluarga di tengah masa duka,” ujarnya.Ia mengatakan, sejak awal terjadinya insiden, Jasa Raharja terus hadir dan berkoordinasi dengan seluruh pihak dalam proses pencarian, evakuasi, identifikasi, hingga pemenuhan hak korban dan keluarga. Menurutnya, proses penanganan dilakukan secara paralel dengan memastikan data korban dan ahli waris diverifikasi secara cermat.Setelah identitas korban dan ahli waris dinyatakan valid, Jasa Raharja segera menindaklanjuti proses penyerahan santunan sesuai ketentuan. “Kecepatan dalam memberikan pelayanan tetap menjadi perhatian kami. Namun, kecepatan tersebut harus berjalan bersama dengan ketepatan data dan verifikasi, agar santunan benar-benar diterima oleh pihak yang berhak,” kata Awaluddin.Jasa Raharja juga memastikan pemantauan terhadap perkembangan penanganan korban terus dilakukan. Insan Jasa Raharja tetap disiagakan melalui posko-posko di wilayah terkait untuk memantau perkembangan pencarian, evakuasi, dan identifikasi. Mereka juga berkoordinasi dengan rumah sakit, aparat, Tim SAR, Tim DVI, pemerintah daerah, serta pihak terkait lainnya.“Kami akan terus memantau perkembangan di lapangan dan hadir melalui posko posko yang telah disiagakan. Bagi kami, penanganan tidak berhenti pada saat santunan diserahkan, tetapi kami akan terus mengawal proses ini bersama seluruh pihak hingga penanganan korban dan keluarga dapat diselesaikan dengan sebaik baiknya,” tutur Awaluddin.",RRI.co.id,"Dajan Peken, 82114, Tabanan, Tabanan, Bali, Indonesia",-8.536609490935,115.13552944186335,5,"2, 7","kejaksaan, kejatibali, kejaritabanan, tabanan, news"
Aksi Sopir Truk Blokade Ketapang Antrean Gilimanuk Kembali Mengular,2026-09-28T01:08:00.000Z,"Kabupaten Tabanan, Bali, Indonesia","Aksi Sopir Truk Blokade Ketapang, Antrean Gilimanuk Kembali Mengular - RRI.co.id","Kondisi kemacetan kendaraan menuju Pelabuhan Gilimanuk, Kabupaten Jembrana, kembali mengalami antrean panjang sejak Sabtu malam 26 September 2026 malam hingga Minggu 27 September 2026. (Foto: Polsek Gilimanuk)
                                                    
                                                                                            
                                                                                                            
                                
                                RRI.CO.ID, Jembrana - Imbas aksi protes dan blokade yang dilancarkan para sopir truk di Pelabuhan Ketapang, Banyuwangi, pelayanan penyeberangan Selat Bali mendadak melumpuh.","Dampak domino dari ketegangan di Ketapang tersebut memicu kemacetan parah di Pelabuhan Gilimanuk, Kabupaten Jembrana, sejak Sabtu 26 September 2026 malam hingga Minggu 27 September 2026.Ribuan kendaraan terpaksa tertahan dan mengantre hingga puluhan kilometer untuk bisa menyeberang. Puncak kepadatan terjadi pada Sabtu malam, di mana ekor antrean kendaraan meluber hingga sejauh 10 kilometer dari areal pelabuhan.""Semalam ekor antrean dari Pelabuhan Gilimanuk mengular hingga ke kawasan hutan Mbah Temon di Banjar Klatakan, Desa Melaya,"" ungkap Kanit Lantas Polsek Kawasan Pelabuhan Gilimanuk AKP Kukuh Emanuel pelabuhan, Minggu 27 September 2026.Lumpuhnya kantong-kantong parkir di dalam pelabuhan tak hanya memadati Jalan Nasional Denpasar-Gilimanuk, tetapi juga memicu keresahan warga lokal.","Pada Hari Senin , 28 September 2026 01:08, Tabanan, Tabanan, Bali

Kondisi kemacetan kendaraan menuju Pelabuhan Gilimanuk, Kabupaten Jembrana, kembali mengalami antrean panjang sejak Sabtu malam 26 September 2026 malam hingga Minggu 27 September 2026. (Foto: Polsek Gilimanuk)
                                                    
                                                                                            
                                                                                                            
                                
                                RRI.CO.ID, Jembrana - Imbas aksi protes dan blokade yang dilancarkan para sopir truk di Pelabuhan Ketapang, Banyuwangi, pelayanan penyeberangan Selat Bali mendadak melumpuh. Dampak domino dari ketegangan di Ketapang tersebut memicu kemacetan parah di Pelabuhan Gilimanuk, Kabupaten Jembrana, sejak Sabtu 26 September 2026 malam hingga Minggu 27 September 2026.Ribuan kendaraan terpaksa tertahan dan mengantre hingga puluhan kilometer untuk bisa menyeberang. Puncak kepadatan terjadi pada Sabtu malam, di mana ekor antrean kendaraan meluber hingga sejauh 10 kilometer dari areal pelabuhan.""Semalam ekor antrean dari Pelabuhan Gilimanuk mengular hingga ke kawasan hutan Mbah Temon di Banjar Klatakan, Desa Melaya,"" ungkap Kanit Lantas Polsek Kawasan Pelabuhan Gilimanuk AKP Kukuh Emanuel pelabuhan, Minggu 27 September 2026.Lumpuhnya kantong-kantong parkir di dalam pelabuhan tak hanya memadati Jalan Nasional Denpasar-Gilimanuk, tetapi juga memicu keresahan warga lokal. Demi menghindari kemacetan utama, sejumlah oknum sopir kendaraan besar nekat menerobos dan menyusup ke gang-gang permukiman warga.Lurah Gilimanuk, Ida Bagus Tony Wirahadikusuma, menegaskan pihaknya menerima banyak aduan dari warga yang merasa ruang geraknya terisolasi akibat kendaraan besar yang memadati kawasan pemukiman tanpa pengawasan ketat. ""Warga sangat keberatan. Kendaraan besar masuk ke gang-gang dan menyulitkan aktivitas harian warga, terutama saat hendak beribadah di sekitar Pasar dan Masjid Al-Mubarok, maupun warga yang sedang menggelar hajatan,"" tegas Tony. Padahal, rapat koordinasi bersama kepolisian dan pihak ASDP telah digelar sebelumnya, namun tumpahan arus kendaraan tetap tak terbendung.Hingga Minggu siang, antrean kendaraan dari arah Bali masih terpantau mengekor dari pintu masuk (gate) pelabuhan hingga ke kawasan Monumen Lintas Laut Gilimanuk. Menanggapi situasi ini, Kapolsek Kawasan Pelabuhan Gilimanuk, AKP Gusti Kade Alit Mudiarsa, menyatakan bahwa secara umum situasi keamanan di area penyeberangan masih terkendali. Kepadatan meluas murni merupakan dampak langsung dari penutupan akses masuk di Pelabuhan Ketapang pasca-aksi mogok sopir. Guna mengurai benang kusut kemacetan, Polres Jembrana menerjunkan personel tambahan dari Satuan Lalu Lintas dan Satuan Samapta di berbagai titik krusial.""Kami memperkuat pengarahan lalu lintas di lapangan dan mengimbau seluruh pengguna jalan agar tetap tertib, mematuhi arahan petugas, serta tidak memotong jalur yang justru berpotensi memperparah kemacetan,"" ujar AKP Alit Mudiarsa. 


                                
                                
                                
                                
                                
                                            
                                        
                                                                    

                                


                                
                                                                    
                                    
                                
                                                                                                                                                                                
                            
                            
                                                                        
                                                                
                                    
                                        
                                            Berita
                                        
                                    
                                    Terbaru Lainnya
                                
                                
                            
                            
                                    
                                    
                                        Memuat berita terbaru.....",RRI.co.id,"Dajan Peken, 82114, Tabanan, Tabanan, Bali, Indonesia",-8.536609490935,115.13552944186335,5,"2, 7","kejaksaan, kejatibali, kejaritabanan, tabanan, news"
Tabanan Sudah Keluarkan SE PPKM Sejumlah Fasilitas Ini Ditutup Sementara,2021-01-10T08:00:00.000Z,"Kabupaten Tabanan, Bali, Indonesia","Tabanan Sudah Keluarkan SE PPKM, Sejumlah Fasilitas Ini Ditutup Sementara - balipost.com","I Gede Susila. (BP/dok)TABANAN, BALIPOST.com – Sejumlah kabupaten/kota di Bali pada 11 hingga 25 Januari menggelar pemberlakuan pembatasan kegiatan masyarakat (PPKM).","Salah satunya adalah Tabanan.Bupati Tabanan Ni Putu Eka Wiryastuti sudah menindaklanjuti dengan mengeluarkan surat edaran (SE). Penerapannya di lapangan nantinya akan dilaksanakan dengan tegas oleh tim yustisi dalam hal ini Satpol PP bersinergi dengan TNI dan Polri.Surat Edaran Nomor 517/120/BPBD ditujukan kepada Camat se-Kabupaten Tabanan, Perbekel, Bendesa Adat maupun Pengelola Gedung atau Tempat Olahraga.","Pada Hari Minggu , 10 Januari 2021 08:00, Tabanan, Tabanan, Bali

I Gede Susila. (BP/dok)TABANAN, BALIPOST.com – Sejumlah kabupaten/kota di Bali pada 11 hingga 25 Januari menggelar pemberlakuan pembatasan kegiatan masyarakat (PPKM). Salah satunya adalah Tabanan.Bupati Tabanan Ni Putu Eka Wiryastuti sudah menindaklanjuti dengan mengeluarkan surat edaran (SE). Penerapannya di lapangan nantinya akan dilaksanakan dengan tegas oleh tim yustisi dalam hal ini Satpol PP bersinergi dengan TNI dan Polri.Surat Edaran Nomor 517/120/BPBD ditujukan kepada Camat se-Kabupaten Tabanan, Perbekel, Bendesa Adat maupun Pengelola Gedung atau Tempat Olahraga. SE ini mengacu pada Perbup Nomor 44 tahun 2020 tentang disiplin penegakan hukum protokol kesehatan sebagai upaya mencegah penyebaran COVID-19 di Tabanan.Menurut Sekretaris Satgas Penanganan Covid19 Tabanan, I Gede Susila, surat edaran tersebut berisi sejumlah poin pengetatan atau pembatasan kegiatan masyarakat. Sejumlah fasilitas publik di Kabupaten, Kecamatan dan Desa dihentikan sementara atau ditutup.Contohnya, kegiatan atau aktivitas di Gedung Kesenian I Ketut Maria dan Taman Garuda Wisnu Serasi (GWS). Kegiatan atau aktivitas di gedung-gedung atau tempat olahraga juga sementara ini dihentikan atau ditutup.Selain itu, seluruh kegiatan atau aktivitas di wantilan atau balai banjar. Edaran ini berlaku sampai batas waktu yang tidak ditentukan. “Pemberlakukan PKM ini, intinya mempertegas kembali aturan-aturan yang sebelumnya sudah pernah dikeluarkan di Tabanan. Seperti pembatasan kegiatan di fasilitas umum seperti lapangan, gedung dan lain sebagainya,” terangnya.Pembatasan jam operasional pedagang juga kembali diatur. Namun kali ini pembatasannya lebih ketat lagi, dulunya buka sampai pukul 22.00 WITA, mulai tanggal 11 Januari nanti batas maksimalnya sampai pukul 21.00 WITA.Kegiatan upacara adat juga dibatasi seperti sebelumnya. Dia mengakui beberapa waktu belakangan ini memang sempat agak longgar. “Kita juga nanti akan mengeluarkan surat edaran penegasan kembali terkait aturan yang sebelumnya, dan penerapannya di lapangan juga nanti akan dilaksanakan dengan tegas oleh tim yustisi dalam hal ini Satpol PP yang bersinergi dengan TNI dan Polri,” tegasnya. (Puspawati/balipost)",balipost.com,"Dajan Peken, 82114, Tabanan, Tabanan, Bali, Indonesia",-8.536609490935,115.13552944186335,5,"2, 7","kejaksaan, kejatibali, kejaritabanan, tabanan, news"
Hindus Throng Festival at Penataran Agung Temple of Ulundanu Beratan,2019-07-10T07:00:00.000Z,"Kabupaten Tabanan, Bali, Indonesia",Hindus Throng Festival at Penataran Agung Temple of Ulundanu Beratan - balipost.com,"TABANAN, BALIPOST.com — Thousands of pilgrims from various regions thronged Penataran Agung Temple of Ulundanu Beratan, Baturiti, on Tuesday (Jul. 9) that coincided with Anggarakasih Julungwangi.","They came to say prayers in a series of Pujawali Ageng or grandiose ceremonies held at the local temple.Nevertheless, on days such as full moon, new moon and other major Hindu holidays, many Hindus also come to perform joint worship including the Melasti and Nyegara Gunung ceremonies. Regarding the pujawali ageng, Coordinator of Ulundanu Beratan Temple, I Putu Suma Artha, stated the series of pujawali ceremonies had been started since the beginning of the month or precisely on July 2, 2019 consisting of pengalah sasih and negtegan carried out by the supporting pilgrims of the Ulundanu Beratan Temple.","Pada Hari Rabu , 10 Juli 2019 07:00, Tabanan, Tabanan, Bali

TABANAN, BALIPOST.com — Thousands of pilgrims from various regions thronged Penataran Agung Temple of Ulundanu Beratan, Baturiti, on Tuesday (Jul. 9) that coincided with Anggarakasih Julungwangi. They came to say prayers in a series of Pujawali Ageng or grandiose ceremonies held at the local temple.Nevertheless, on days such as full moon, new moon and other major Hindu holidays, many Hindus also come to perform joint worship including the Melasti and Nyegara Gunung ceremonies. Regarding the pujawali ageng, Coordinator of Ulundanu Beratan Temple, I Putu Suma Artha, stated the series of pujawali ceremonies had been started since the beginning of the month or precisely on July 2, 2019 consisting of pengalah sasih and negtegan carried out by the supporting pilgrims of the Ulundanu Beratan Temple. Then, it was resumed on July 6 with the pakeling pujawali ceremony, mendak pekuluh and ngias. Meanwhile, the mecaru and mesucian ceremony were held on Monday or Soma Wage (Jul. 8), and then peak of the pujawali ageng was held on Anggarakasih Julungwangi or Tuesday (Jul. 9) commenced with the piodalan in the respective lawa. After holding the peak of piodalan, there were nganyarin ceremonies for three days and was closed on Sukra Pon or Friday (Jul. 12). “This piodalan is not only an obligation of the supporting pilgrims, but also has the objective to result in harmony as well as prosperity of life for the community or the entire Hindu fellows,” he said. He explained that Ulundanu Beratan Temple is supported by 800 families from 4 satakan villages or gebog satak, consisting of 15 customary villages and three chief of core customary villages and Marga Grand Place serves patron. Ulundanu Beratan Temple at Bedugul is also one of the most popular tourist attractions in Bali, located at Candi Kuning village, Baturiti, Tabanan. Aside from being a historical tourism, the pilgrims can take pleasure in natural attractions and lake water recreation activities. (Puspawati/balipost)",balipost.com,"Dajan Peken, 82114, Tabanan, Tabanan, Bali, Indonesia",-8.536609490935,115.13552944186335,5,"2, 7","kejaksaan, kejatibali, kejaritabanan, tabanan, news"
Penuhi Stok PMI Tabanan Buka Layanan Donor Darah di Kantor Lama,2020-04-14T07:00:00.000Z,"Kabupaten Tabanan, Bali, Indonesia","Penuhi Stok, PMI Tabanan Buka Layanan Donor Darah di Kantor Lama - balipost.com","Donor darah. (BP/ist)TABANAN, BALIPOST.com – Mewabahnya virus Corona atau Covid-19 tentunya berdampak pada ketersediaan darah di ruang penyimpanan Unit Donor Darah Palang Merah Indonesia (PMI) Tabanan.","Ini disebabkan banyak dibatalkannya kegiatan donor darah.Kendati demikian, Kepala UDD PMI Kabupaten Tabanan dr Nyoman Gede Sumardika, mengatakan untuk bisa memenuhi kebutuhan stok darah yang ada di PMI, pihaknya membuka layanan donor darah di markas lama PMI yang berlokasi di jalan Rama No.3A Tabanan atau di sebelah Taman Makam Pahlawan. Bagi masyarakat yang hendak mendonorkan darahnya bisa datang langsung ke temmpat tersebut dan akan diberikan 1 pcs hand sanitizer.Layanan donor darah di kantor markas lama ini dibuka mulai pukul 08.00 WITA sampai dengan pukul 13.30 WITA tiap harinya.","Pada Hari Selasa , 14 April 2020 07:00, Tabanan, Tabanan, Bali

Donor darah. (BP/ist)TABANAN, BALIPOST.com – Mewabahnya virus Corona atau Covid-19 tentunya berdampak pada ketersediaan darah di ruang penyimpanan Unit Donor Darah Palang Merah Indonesia (PMI) Tabanan. Ini disebabkan banyak dibatalkannya kegiatan donor darah.Kendati demikian, Kepala UDD PMI Kabupaten Tabanan dr Nyoman Gede Sumardika, mengatakan untuk bisa memenuhi kebutuhan stok darah yang ada di PMI, pihaknya membuka layanan donor darah di markas lama PMI yang berlokasi di jalan Rama No.3A Tabanan atau di sebelah Taman Makam Pahlawan. Bagi masyarakat yang hendak mendonorkan darahnya bisa datang langsung ke temmpat tersebut dan akan diberikan 1 pcs hand sanitizer.Layanan donor darah di kantor markas lama ini dibuka mulai pukul 08.00 WITA sampai dengan pukul 13.30 WITA tiap harinya. Selain jam layanan tersebut, kegiatan donor darah juga dilayani di BRSU Tabanan mulai pukul 14.00 WITA sampai 20.00 WITA atau hari libur. “PMI tetap melayani pelayanan darah. Kebutuhan darah tentu tidak bisa ditunda, pasien di rumah sakit yang membutuhkan transfusi tentu harus tetap menjadi perhatian. Dan ini merupakan salah satu upaya kami untuk mengajak masyrakat mendonorkan darahnya,” terangnya.Dan terkait layanan donor darah di kantor lama, lanjut kata dr. Sumardika akan dibuka selama pandemi dan sampai pengambilan donor ke tempat unit donor normal kembali. Pihaknya juga memastikan kegiatan mendonorkan darah tetap aman dilakukan.Masyarakat diimbau selalu menjaga kesehatan, menerapkan perilaku hidup bersih dan sehat, cuci tangan dengan sabun, menerapkan etika bersin dan batuk. “Untuk yang standby di kantor markas lama satu tim, tetapi kalau dibutuhkan lebih untuk di tempat lain, kita siapkan tim lain, maksimal kita punya 3 tim,” ucapnya.Stok darah mulai menipis sejak awal Maret 2020. Padahal permintaan sangat tinggi. Per hari saja permintaanya diangka 15-20 kantong.Data Selasa (14/4) untuk darah A hanya ada untuk jenis Whole Blood (WB) tersedia 5 kantong, jenis Pakced Red Cell (PRC) tersedia 1 kantong dan jenis thrombocyte Concencrate (TC) kosong . Dan darah B jenis darah WB tersedia 3 kantong, darah PRC tersedia 1 kantong dan darah TC kosong. Sementara darah O bisa dibilang sangat menipis.Untuk jenis WB hanya tersedia 5 kantong, jenis PRC tersedia 1 kantong dan jenis TC kosong juga kosong alias tidak ada stok. Dan darah AB jenis darah WB tersedia 15 kantong, untuk jenis PRC ada 6 kantong dan jenis TC juga 6 kantong.Ketersediaan stok darah ini biasanya diperuntukkan untuk seluruh rumah sakit di Tabanan baik swasta maupun negeri. Dimana sekitar 85 persen diperuntukkan untuk pasien di BRSU Tabanan. “Kita hanya bisa berharap wabah virus ini segera berlalu dan bisa beraktifitas normal kembali,” pungkasnya. (Puspawati/balipost)",balipost.com,"Dajan Peken, 82114, Tabanan, Tabanan, Bali, Indonesia",-8.536609490935,115.13552944186335,5,"2, 7","kejaksaan, kejatibali, kejaritabanan, tabanan, news"
Wisata Bali Kebun Raya Eka Karya di Tabanan Buka Kembali,2020-07-22T07:00:00.000Z,"Kabupaten Tabanan, Bali, Indonesia","Wisata Bali, Kebun Raya Eka Karya di Tabanan Buka Kembali - Kompas.com","KOMPAS.com - Lembaga Ilmu Pengetahuan Indonesia (LIPI) membuka kembali Kebun Raya Eka Karya Bali pada Rabu (22/7/2020) dengan penerapan protokol pencegahan Covid-19.
""Pembukaan ini menjadi momentum bagi Kebun Raya Eka Karya Bali untuk kembali memberikan layanan eduwisata dengan standar layanan yang lebih baik sesuai dengan Protokol Kesehatan,"" kata Kepala Balai Konservasi Tumbuhan Kebun Raya Eka Karya Bali LIPI Didit Okta Pribadi dalam keterangan tertulis yang diterima ANTARA, Selasa (21/7/2020).Baca juga: Kebun Raya Bogor Buka Kembali, Pesan Tiket Online Dulu
Pembukaan kembali tersebut merujuk pada Surat Keputusan Kepala LIPI Nomor 155/F/2020 tentang Pembukaan Kembali Layanan Kebun Raya di Lingkungan LIPI dan disertai dengan sejumlah protokol kunjungan di kawasan Kebun Raya.
Kebun Raya Eka Karya Bali kembali dibuka untuk kunjungan umum setelah pihak pengelola menerima Sertifikat Tatanan Kehidupan Era Baru Bidang Pariwisata Menuju Tabanan Aman dan Produktif Nomor 556/2353/DISPAR yang diserahkan oleh Bupati Tabanan Ni Putu Eka Wiryastuti pada Senin (20/7).
Sebelumnya, LIPI telah membuka kembali Kebun Raya Bogor dan Kebun Raya Cibodas pada 7 Juli 2020.




https://kebunraya.id/bal Kebun Raya Eka Karya Bali 
Pembatasan pengunjung
Didit mengatakan selain menjalankan protokol kesehatan, pembukaan kembali Kebun Raya Eka Karya Bali juga menerapkan fase nol dengan ketentuan pembatasan kuota pengunjung sebanyak 1.500 orang dalam satu waktu.
""Untuk dapat melangkah ke fase berikutnya, pelaksanaan fase nol ini akan dievaluasi secara bertahap, jika sudah memenuhi standar, baru boleh mengimplementasikan fase selanjutnya dengan penambahan kuota pengunjung,” ujar Didit.
Dia menuturkan ada tiga fase yang harus dilalui hingga mencapai standar pelayanan publik sesuai dengan ketentuan adaptasi kebiasaan baru.
Didit berharap pengunjung dapat mengikuti protokol kunjungan yang berlaku di Kebun Raya Eka Karya Bali untuk bersama-sama membantu mencegah penyebaran pandemi Covid-19.
Baca juga: 5 Tempat Wisata di Tabanan Bali Buka Kembali, Salah Satunya Tanah Lot
Protokol kesehatanSelama berkunjung di Kebun Raya Eka Karya Bali, pengunjung diwajibkan untuk memakai masker dan selalu menjaga jarak aman.
""Kami telah menyediakan fasilitas cuci tangan dengan touchless sanitizer di beberapa titik area kebun, namun disarankan pengunjung untuk selalu membawa hand sanitizer sendiri,"" tutur Didit.
Penyemprotan disinfektan ke fasilitas publik seperti toilet, kursi taman, dan mobil wisata juga dilakukan dengan frekuensi sesering mungkin.
Selain itu, informasi mengenai protokol kunjungan di kawasan Kebun Raya Eka Karya Bali akan dipampang di titik-titik strategis, serta diinformasikan secara berkala kepada pengunjung.
Kebun Raya Eka Karya Bali memiliki beberapa spot menarik, seperti Taman Paku yang berisi koleksi tanaman-tanaman paku. Lalu ada Taman Surya Nirwana dengan pemandangan indah ke Danau Beratan dan Bukit Pengelengan.
Tiket online
Tiket masuk Kebun Raya Eka Karya Bali dapat dibeli dalam jaringan (online) melalui https://tiketkebunraya.id yang langsung terintegrasi dengan ponsel pintar.
Untuk membeli tiket secara online, harus mendaftar terlebih dahulu dengan klik register pada laman tersebut.
Harga tiket masuk untuk wisatawan domestik Rp 9.000 dan wisatawan asing Rp 17.000.
Tiket masuk mobil juga bisa dibeli secara online, harganya Rp 11.000.","Namun kendaraan roda empat hanya diizinkan masuk pada hari Sabtu dan Minggu.
Saat pembelian tiket secara online, dalam web juga terpampang kapasitas total pengunjung pada hari tersebut.
Lokasi
Kebun Raya Eka Karya Bali berada di Jl. Kebun Raya, Candikuning, Kecamatan Baturiti, Tabanan.","Pada Hari Rabu , 22 Juli 2020 07:00, Tabanan, Tabanan, Bali

KOMPAS.com - Lembaga Ilmu Pengetahuan Indonesia (LIPI) membuka kembali Kebun Raya Eka Karya Bali pada Rabu (22/7/2020) dengan penerapan protokol pencegahan Covid-19.
""Pembukaan ini menjadi momentum bagi Kebun Raya Eka Karya Bali untuk kembali memberikan layanan eduwisata dengan standar layanan yang lebih baik sesuai dengan Protokol Kesehatan,"" kata Kepala Balai Konservasi Tumbuhan Kebun Raya Eka Karya Bali LIPI Didit Okta Pribadi dalam keterangan tertulis yang diterima ANTARA, Selasa (21/7/2020).Baca juga: Kebun Raya Bogor Buka Kembali, Pesan Tiket Online Dulu
Pembukaan kembali tersebut merujuk pada Surat Keputusan Kepala LIPI Nomor 155/F/2020 tentang Pembukaan Kembali Layanan Kebun Raya di Lingkungan LIPI dan disertai dengan sejumlah protokol kunjungan di kawasan Kebun Raya.
Kebun Raya Eka Karya Bali kembali dibuka untuk kunjungan umum setelah pihak pengelola menerima Sertifikat Tatanan Kehidupan Era Baru Bidang Pariwisata Menuju Tabanan Aman dan Produktif Nomor 556/2353/DISPAR yang diserahkan oleh Bupati Tabanan Ni Putu Eka Wiryastuti pada Senin (20/7).
Sebelumnya, LIPI telah membuka kembali Kebun Raya Bogor dan Kebun Raya Cibodas pada 7 Juli 2020.




https://kebunraya.id/bal Kebun Raya Eka Karya Bali 
Pembatasan pengunjung
Didit mengatakan selain menjalankan protokol kesehatan, pembukaan kembali Kebun Raya Eka Karya Bali juga menerapkan fase nol dengan ketentuan pembatasan kuota pengunjung sebanyak 1.500 orang dalam satu waktu.
""Untuk dapat melangkah ke fase berikutnya, pelaksanaan fase nol ini akan dievaluasi secara bertahap, jika sudah memenuhi standar, baru boleh mengimplementasikan fase selanjutnya dengan penambahan kuota pengunjung,” ujar Didit.
Dia menuturkan ada tiga fase yang harus dilalui hingga mencapai standar pelayanan publik sesuai dengan ketentuan adaptasi kebiasaan baru.
Didit berharap pengunjung dapat mengikuti protokol kunjungan yang berlaku di Kebun Raya Eka Karya Bali untuk bersama-sama membantu mencegah penyebaran pandemi Covid-19.
Baca juga: 5 Tempat Wisata di Tabanan Bali Buka Kembali, Salah Satunya Tanah Lot
Protokol kesehatanSelama berkunjung di Kebun Raya Eka Karya Bali, pengunjung diwajibkan untuk memakai masker dan selalu menjaga jarak aman.
""Kami telah menyediakan fasilitas cuci tangan dengan touchless sanitizer di beberapa titik area kebun, namun disarankan pengunjung untuk selalu membawa hand sanitizer sendiri,"" tutur Didit.
Penyemprotan disinfektan ke fasilitas publik seperti toilet, kursi taman, dan mobil wisata juga dilakukan dengan frekuensi sesering mungkin.
Selain itu, informasi mengenai protokol kunjungan di kawasan Kebun Raya Eka Karya Bali akan dipampang di titik-titik strategis, serta diinformasikan secara berkala kepada pengunjung.
Kebun Raya Eka Karya Bali memiliki beberapa spot menarik, seperti Taman Paku yang berisi koleksi tanaman-tanaman paku. Lalu ada Taman Surya Nirwana dengan pemandangan indah ke Danau Beratan dan Bukit Pengelengan.
Tiket online
Tiket masuk Kebun Raya Eka Karya Bali dapat dibeli dalam jaringan (online) melalui https://tiketkebunraya.id yang langsung terintegrasi dengan ponsel pintar.
Untuk membeli tiket secara online, harus mendaftar terlebih dahulu dengan klik register pada laman tersebut.
Harga tiket masuk untuk wisatawan domestik Rp 9.000 dan wisatawan asing Rp 17.000.
Tiket masuk mobil juga bisa dibeli secara online, harganya Rp 11.000. Namun kendaraan roda empat hanya diizinkan masuk pada hari Sabtu dan Minggu.
Saat pembelian tiket secara online, dalam web juga terpampang kapasitas total pengunjung pada hari tersebut.
Lokasi
Kebun Raya Eka Karya Bali berada di Jl. Kebun Raya, Candikuning, Kecamatan Baturiti, Tabanan. Tempat ini berlokasi di Bedugul, sekitar 60 kilometer dari Denpasar. (Martha Herlinawati S/Erafzon Saptiyulda AS)


  

    
        Bayangkan seorang anak Indonesia bercita-cita menjadi dokter tetapi hanya memiliki satu buku lusuh untuk belajar. Bersama Ekspedisi Kata ke Nyata Kompas.com, Anda bisa membantu mengubah kisah itu. Mari hadirkan akses literasi bagi anak-anak di berbagai pelosok Indonesia melalui donasi lewat tautan https://bit.ly/JagatLiterasi2026. Setiap kebaikan yang Anda berikan bukan hanya membuka jendela pengetahuan, tetapi juga membuka masa depan mereka.",Kompas.com,"Dajan Peken, 82114, Tabanan, Tabanan, Bali, Indonesia",-8.536609490935,115.13552944186335,5,"2, 7","kejaksaan, kejatibali, kejaritabanan, tabanan, news"
Pengeragoan Rest Area Lacks of Visitors,2019-06-20T07:00:00.000Z,"Kabupaten Tabanan, Bali, Indonesia",Pengeragoan Rest Area Lacks of Visitors - balipost.com,"NEGARA, BALIPOST.com – Pengeragoan rest area at Pengeragoan village, Pekutatan, has been operating for a long time. Road users, especially cars and motorbikes, prefer to rest around the Yeh Leh, the border between Jembrana and Tabanan.","Actually, the rest area built by the regional government is mostly taken advantage by trucks especially at night until morning.“In early morning, there are many trucks parked here. In the back, a lot of gazebos are usually used to take a break,” said Anom, 46, a road user.","Pada Hari Kamis , 20 Juni 2019 07:00, Tabanan, Tabanan, Bali

NEGARA, BALIPOST.com – Pengeragoan rest area at Pengeragoan village, Pekutatan, has been operating for a long time. Road users, especially cars and motorbikes, prefer to rest around the Yeh Leh, the border between Jembrana and Tabanan. Actually, the rest area built by the regional government is mostly taken advantage by trucks especially at night until morning.“In early morning, there are many trucks parked here. In the back, a lot of gazebos are usually used to take a break,” said Anom, 46, a road user. This condition is also seen on Wednesday morning (Jun. 19). A number of trucks were being parked in the parking lot of the rest area on the Denpasar-Gilimanuk roadside. Despite minimal lighting, many truck drivers choose to park their vehicles temporarily before continuing the journey. “Here, I can rest for a while, sleep can also made down there (beach side). Unfortunately, it is difficult to find merchants,” said Yopi, one of the truck drivers met last Wednesday. Condition of the building and park of the rest area is still sturdy and new. However, there is still a lot of garbage scattered especially in the front of the vehicle parking lot. Some stalls also look open even though the conditions are quiet. One of the three stalls in the rest area is closed. A different situation was seen around Yeh Leh tourist attraction on the border of Jembrana and Tabanan. Stalls on the beach looked crowded with visitors, especially motorists that were resting. The stalls selling food such as chicken meatballs, noodles and young coconut are open until early morning. Almost every time there are road users stopping by or just taking pictures in the border region. “Well, it is better here, over there many trucks are being parked. While here, there are also many merchants,” explained Anik Hariyati, 32, one of the travelers from East Java who stopped at Yeh Leh. This mother of two said she had stopped by the rest area not too far from Yeh Leh. According to her, it’s more comfortable to rest around Yeh Leh. (Surya Darma/balipost)",balipost.com,"Dajan Peken, 82114, Tabanan, Tabanan, Bali, Indonesia",-8.536609490935,115.13552944186335,5,"2, 7","kejaksaan, kejatibali, kejaritabanan, tabanan, news"
Unearth the Secret Behind Balis Famous Jatiluwih Rice Terraces,2020-12-13T08:00:00.000Z,"Kabupaten Tabanan, Bali, Indonesia",Unearth the Secret Behind Bali’s Famous Jatiluwih Rice Terraces - Kompas.com,"KOMPAS.com – The Jatiluwih rice terraces in Bali is part of a village in Tabanan Regency that attracts tourists in search of a wondrous natural scene and we’re here to serve as your travel guide.
“There are excellent views of nature and visitors get the chance to see local farmers doing their daily activities such as cultivating rice as well as a waterfall scene,” said I Nyoman Nuarta, Chairman of the Indonesian Tour Guide Association.
When we say that this nature destination in Bali is famous, we mean it.Former US President Barack Obama and his family visited the village and the scenery of the Jatiluwih rice terraces have landed on Google Doodle on June 29, 2020.
Read also: Top 3 Unrivalled Diving Spots in Bali to Go for Vacation
To preserve the breathtaking magic of the area, locals are meticulous about maintaining the traditional irrigation system of Balinese rice paddy fields which incorporates Hindu values such as striking a balance between God, man, and nature.In fact, the Subak Desa Jatiluwih is a cultural world heritage site awarded by UNESCO in 2012.
‘Subak’ is the island’s tradition of continuing its rice field irrigation system from one generation to the next.
The meaning is reflected in the rice terraces that have made it onto the Instagram feeds of travelers who have visited the site.You would be wrong to assume that all there is to do at this famous Balinese nature destination is to see rows of green and our Jatiluwih rice terraces travel guide will show you the many activities to do here.
Learn how to farm
For travelers who are keen to find out the hard work or secrets behind this award-winning Bali tourist destination, get ready to get your hands dirty.
Read also: Experience the Best of Bali Culture with This Full-Day Ubud ItineraryThe area of Tabanan is part of an agrotourism concept, thus visitors have the opportunity to learn about farming, Subak, and other activities including rice cultivation.
Explore the village
Travelers can rent a bike from one of the locals and ride off into the winding roads of the village as you take in the fresh clean air and epic views.
There are some trekking locations that you also explore, and when you get hungry, you can buy a snack from one of the available food stalls.
SHUTTERSTOCK/WILLIAM VACCARO Buy red riceOur travel guide to the Jatiluwih rice terraces encompasses buying red rice that is not only distinct to the area but was part of the reason UNESCO awarded Subak Jatiluwih with the accolade.
This Tabanan village is one of the main producers of red rice, where farmers veer away from the use of pesticides hence giving a unique color, smell, and taste of the healthy grain.
Visit an ancient temple
Indonesia’s Island of Gods is all too famous for its ancient temples and Tabanan Regency is no exception with its Luhur Sri Rambut Sedana Temple.This historic monument on the slopes of Mount Batukaru is believed to bless visitors with fortune, wealth, and fertility. It is unknown when this longstanding temple was built because it is that ancient.
Read also: Bali's Award-Winning Penglipuran Village Reopens; Hopes up for Economic Recovery
Situated 700 meters above the surface, you will be greeted by a nice gentle breeze when visiting this ancient Balinese temple that is also surrounded by farms owned by the locals.
Discover a hidden waterfallPart of our Jatiluwih rice terraces travel guide includes uncovering the hidden waterfall in Bali, namely the Yeh Hoo Waterfall.
Reaching the destination is not difficult although you are required to climb up a staircase which already offers you gorgeous views of Mother Nature.
Read also: Nature Attractions are New Favorites for Indonesia’s Tourism Post-PandemicAs soon as your foot lands on the last stair, you can already see the strong current of this natural wonder.
This hidden waterfall in Bali is 8 meters tall and features a serene landscape that will make you want to stick around.
The final tip on our Jatiluwih rice terraces travel guide is that you be prepared to adhere to existing health protocols such as wearing a face mask and regularly disinfecting your hands during the ongoing pandemic.
(Writer: Nabilla Ramadhian | Editor: Kahfi Dirga Cahya)


  

Source: https://travel.kompas.com/read/2020/09/11/181000327/wisata-desa-jatiluwih-bali-air-terjun-tersembunyi-hingga-warisan-budaya-dunia?page=all#page2.",,"Pada Hari Minggu , 13 Desember 2020 08:00, Tabanan, Tabanan, Bali

KOMPAS.com – The Jatiluwih rice terraces in Bali is part of a village in Tabanan Regency that attracts tourists in search of a wondrous natural scene and we’re here to serve as your travel guide.
“There are excellent views of nature and visitors get the chance to see local farmers doing their daily activities such as cultivating rice as well as a waterfall scene,” said I Nyoman Nuarta, Chairman of the Indonesian Tour Guide Association.
When we say that this nature destination in Bali is famous, we mean it.Former US President Barack Obama and his family visited the village and the scenery of the Jatiluwih rice terraces have landed on Google Doodle on June 29, 2020.
Read also: Top 3 Unrivalled Diving Spots in Bali to Go for Vacation
To preserve the breathtaking magic of the area, locals are meticulous about maintaining the traditional irrigation system of Balinese rice paddy fields which incorporates Hindu values such as striking a balance between God, man, and nature.In fact, the Subak Desa Jatiluwih is a cultural world heritage site awarded by UNESCO in 2012.
‘Subak’ is the island’s tradition of continuing its rice field irrigation system from one generation to the next.
The meaning is reflected in the rice terraces that have made it onto the Instagram feeds of travelers who have visited the site.You would be wrong to assume that all there is to do at this famous Balinese nature destination is to see rows of green and our Jatiluwih rice terraces travel guide will show you the many activities to do here.
Learn how to farm
For travelers who are keen to find out the hard work or secrets behind this award-winning Bali tourist destination, get ready to get your hands dirty.
Read also: Experience the Best of Bali Culture with This Full-Day Ubud ItineraryThe area of Tabanan is part of an agrotourism concept, thus visitors have the opportunity to learn about farming, Subak, and other activities including rice cultivation.
Explore the village
Travelers can rent a bike from one of the locals and ride off into the winding roads of the village as you take in the fresh clean air and epic views.
There are some trekking locations that you also explore, and when you get hungry, you can buy a snack from one of the available food stalls.
SHUTTERSTOCK/WILLIAM VACCARO Buy red riceOur travel guide to the Jatiluwih rice terraces encompasses buying red rice that is not only distinct to the area but was part of the reason UNESCO awarded Subak Jatiluwih with the accolade.
This Tabanan village is one of the main producers of red rice, where farmers veer away from the use of pesticides hence giving a unique color, smell, and taste of the healthy grain.
Visit an ancient temple
Indonesia’s Island of Gods is all too famous for its ancient temples and Tabanan Regency is no exception with its Luhur Sri Rambut Sedana Temple.This historic monument on the slopes of Mount Batukaru is believed to bless visitors with fortune, wealth, and fertility. It is unknown when this longstanding temple was built because it is that ancient.
Read also: Bali's Award-Winning Penglipuran Village Reopens; Hopes up for Economic Recovery
Situated 700 meters above the surface, you will be greeted by a nice gentle breeze when visiting this ancient Balinese temple that is also surrounded by farms owned by the locals.
Discover a hidden waterfallPart of our Jatiluwih rice terraces travel guide includes uncovering the hidden waterfall in Bali, namely the Yeh Hoo Waterfall.
Reaching the destination is not difficult although you are required to climb up a staircase which already offers you gorgeous views of Mother Nature.
Read also: Nature Attractions are New Favorites for Indonesia’s Tourism Post-PandemicAs soon as your foot lands on the last stair, you can already see the strong current of this natural wonder.
This hidden waterfall in Bali is 8 meters tall and features a serene landscape that will make you want to stick around.
The final tip on our Jatiluwih rice terraces travel guide is that you be prepared to adhere to existing health protocols such as wearing a face mask and regularly disinfecting your hands during the ongoing pandemic.
(Writer: Nabilla Ramadhian | Editor: Kahfi Dirga Cahya)


  

Source: https://travel.kompas.com/read/2020/09/11/181000327/wisata-desa-jatiluwih-bali-air-terjun-tersembunyi-hingga-warisan-budaya-dunia?page=all#page2",Kompas.com,"Dajan Peken, 82114, Tabanan, Tabanan, Bali, Indonesia",-8.536609490935,115.13552944186335,5,"2, 7","kejaksaan, kejatibali, kejaritabanan, tabanan, news"
Video Jadi Klaster COVID19 di Tabanan Manajemen RS Wisma Prashanti Angkat Bicara,2020-06-26T07:00:00.000Z,"Kabupaten Tabanan, Bali, Indonesia","Video: Jadi Klaster COVID-19 di Tabanan, Manajemen RS Wisma Prashanti Angkat Bicara - balipost.com","TABANAN, BALIPOST.com – Manajemen RS Wisma Prashanti akhirnya angkat bicara mengenai penyebab RS tersebut menjadi klaster COVID-19. Direktur Utama, dr.","I Made Surya Agung, MARS, Jumat (26/6), mengakui, ada protokol kesehatan yang dilanggar sehingga terjadi penularan virus. Fatalnya, pelanggaran itu justru dilakukan oleh orang yang diharapkan ikut berperan dalam memutus mata rantai COVID-19.Dirut didampingi Kepala bidang pelayanan medis dan keperawatan dr.","Pada Hari Jumat , 26 Juni 2020 07:00, Tabanan, Tabanan, Bali

TABANAN, BALIPOST.com – Manajemen RS Wisma Prashanti akhirnya angkat bicara mengenai penyebab RS tersebut menjadi klaster COVID-19. Direktur Utama, dr. I Made Surya Agung, MARS, Jumat (26/6), mengakui, ada protokol kesehatan yang dilanggar sehingga terjadi penularan virus. Fatalnya, pelanggaran itu justru dilakukan oleh orang yang diharapkan ikut berperan dalam memutus mata rantai COVID-19.Dirut didampingi Kepala bidang pelayanan medis dan keperawatan dr. Ni Nyoman Astriningsih tegas menjamin protokol kesehatan di rumah sakit dilakukan dengan ketat bahkan berlapis. Sehingga masyarakat yang ingin berobat tidak perlu merasa khawatir ataupun cemas lagi.Bahkan untuk protokol kesehatan ini sudah dilakukan pasca mewabahnya COVID19, mulai dari screening di pintu masuk rumah sakit seperti pengecekan suhu tubuh dan cuci tangan, penataan ruangan front office diberi sekat untuk tidak bersentuhan langsung, dan petugas yang telah dilengkapi Alat Pelindung Diri (APD) mulai dari level 1 sampai dengan level 3 disesuaikan dengan beban tugas mereka masing-masing. “Kami juga ada Poli Screening. Di sini pasien yang baru masuk dan akan rawat inap dilakukan rapid test terlebih dahulu, jika hasilnya reaktif maka pasien bersangkutan akan dirujuk ke RS rujukan, yakni di RSUD Tabanan atau di UPTD RS Nyitdah, karena kami bukan rumah sakit rujukan,” terangnya.Meski demikian pihaknya juga telah menyediakan ruang isolasi dengan 7 tempat tidur, untuk mengantisipasi lonjakan pasien reaktif di Poli Screening. Tentunya lokasinya terpisah dengan ruang rawat inap pasien umum lengkap dengan petugas ber APD sesuai dengan level yang dibutuhkan.“Jujur saja penemuan kasus reaktif di rumah sakit kami sangat tinggi, karena kami menjalankan SOP dan protokol kesehatan yang ada. Jika ada yang reaktif kami langsung koordinasi dengan Gugus Tugas dan merujuk pasien tersebut ke RS rujukan COVID, jadi tidak sampai masuk ke areal dalam di ruangan rawat inap rumah sakit,” ujarnya.Dan yang perlu dipahami, lanjutnya, hasil reaktif pada rapid test belum tentu positif COVID-19 sebelum pasien dilakukan swab test  “Reaktif kebanyakan karena kasus infeksi,” terangnya.Dan terkait kasus yang sebelumnya terjadi akibat ada protokol yang dilanggar karena menggunakan power bargaining, manajemen Wisma Prashanti juga sudah berkoordinasi dengan GTPP COVID-19 Tabanan. Dalam pertemuan tersebut, Ketua Harian GTPP Tabanan yang juga selaku ketua Sekda Tabanan bahkan mengatakan tidak segan akan menurunkan Satpol PP jika ada lagi pihak-pihak yang melanggar SOP ataupun protokol kesehatan alias ‘memengkung’.Sementara itu ditambahkan oleh Kepala Bidang Pelayanan Medis dan Keperawatan dr. Ni Nyoman Astriningsih, menindaklanjuti kasus yang terjadi sebelumnya, pihaknya sudah langsung melakukan rapid test massal. Dari 200 tenaga kesehatan dan karyawan hasilnya nonreakltif. “Kami juga melakukan tracking pencarian kronologis, didapatkan 60 orang kontak erat terhadap pasien ini, dan sudah dilakukan swab, benar ditemukan 3 orang tenaga kesehatan terkonfirmasi positif. Karena tenaga medis memang memiliki risiko tinggi terpapar, namun mereka dalam kondisi stabil tanpa gejala. Ketiganya sudah diisolasi di RS rujukan dan hasil swab sudah kami terima semua negatif,” ucapnya.Dan dari pantauan di rumah sakit, sejumlah pasien pun mengaku tidak khawatir untuk tetap berobat ke RS Wisma Prashanti. Mereka meyakini, protokol kesehatan yang dilakukan pihak rumah sakit sudah sangat ketat.Terkait kewaspadaan terhadap penyebaran virus COVID-19, mereka sudah melakukan anjuran pemerintah dan pihak rumah sakit seperti cuci tangan dan menggunakan masker serta penerapan social distancing. (Puspawati/balipost)",balipost.com,"Dajan Peken, 82114, Tabanan, Tabanan, Bali, Indonesia",-8.536609490935,115.13552944186335,5,"2, 7","kejaksaan, kejatibali, kejaritabanan, tabanan, news"
Di Tabanan PAS SD Dikerjakan di Rumah,2020-12-02T08:00:00.000Z,"Kabupaten Tabanan, Bali, Indonesia","Di Tabanan, PAS SD Dikerjakan di Rumah - balipost.com","Seorang siswa mengerjakan soal secara tertulis di rumah. (BP/bit)TABANAN, BALIPOST.com – Hampir seluruh tatanan kegiatan masyarakat berubah di masa pandemi COVID-19.","Tak terkecuali di sektor pendidikan.Tidak hanya belajar di rumah, para siswa juga harus menjalani ujian sekolah atau Penilaian Akhir Semester (PAS) di rumah. Berbeda dengan sebelumnya, soal  PAS kini diambil  ke sekolah oleh orangtua siswa, untuk selanjutnya dikerjakan oleh siswa sesuai dengan jadwal ujian yang diberikan oleh sekolah melalui pengumuman lewat grup WhatsApp (WA).Di kabupaten Tabanan, pelaksanaan PAS untuk jenjang SD sudah dimulai Senin (30/11) dan berakhir Sabtu (5/12). Sementara jenjang SMP mengerjakan soal secara daring.Kepala Dinas  Pendidikan Kabupaten Tabanan I Nyoman Putra mengatakan, sesuai aturan,  siswa wajib mengikuti penilaian akhir semester atau sumatif untuk mengetahui hasil dari proses pembelajaran jarak jauh (PJJ).","Pada Hari Rabu , 2 Desember 2020 08:00, Tabanan, Tabanan, Bali

Seorang siswa mengerjakan soal secara tertulis di rumah. (BP/bit)TABANAN, BALIPOST.com – Hampir seluruh tatanan kegiatan masyarakat berubah di masa pandemi COVID-19. Tak terkecuali di sektor pendidikan.Tidak hanya belajar di rumah, para siswa juga harus menjalani ujian sekolah atau Penilaian Akhir Semester (PAS) di rumah. Berbeda dengan sebelumnya, soal  PAS kini diambil  ke sekolah oleh orangtua siswa, untuk selanjutnya dikerjakan oleh siswa sesuai dengan jadwal ujian yang diberikan oleh sekolah melalui pengumuman lewat grup WhatsApp (WA).Di kabupaten Tabanan, pelaksanaan PAS untuk jenjang SD sudah dimulai Senin (30/11) dan berakhir Sabtu (5/12). Sementara jenjang SMP mengerjakan soal secara daring.Kepala Dinas  Pendidikan Kabupaten Tabanan I Nyoman Putra mengatakan, sesuai aturan,  siswa wajib mengikuti penilaian akhir semester atau sumatif untuk mengetahui hasil dari proses pembelajaran jarak jauh (PJJ). “Kami lebih  ingin tahu feedback dari hasil  proses belajar jarak jauh,” kata Nyoman Putra, Senin (2/12).Dijelaskan, dalam proses PAS ini, pihaknya sudah mengirim soal ke masing-masing satuan pendidikan (sekolah). Orangtua siswa mengambil soal tersebut, kemudian oleh siswa dikerjakan di rumah.Orangtua diharapkan mendampangi dengan baik dan benar, namun diharapkan tidak membantu dalam memberi jawaban. “Fungsi orangtua di sini hanya mendampingi dengan baik dan benar, namun tidak membantu memberitahu jawaban,” ucapnya.Sementara untuk SMP, kata mantan Kabag Umum Setwan Tabanan ini, proses PAS ada yang dilakukan secara sistem daring atau luring. Untuk sistem daring, siswa mengerjakan soal dari rumah dengan jaringan internet dan laptop masing-masing.Sementara bagi mereka yang luring, datang ke sekolah mengerjakan soal menggunakan laptop atau komputer sekolah. Bahkan, menurut Nyoman Putra, pelaksanaan PAS ada pula yang dilakukan tertulis oleh sejumlah siswa yang mengalami masalah jaringan. “Tetapi tidak semua siswa dibantu soal tertulis. Yang ngerjakan soal tertulis yang masalah jaringan. Sebagian besar pelaksanaan PAS dilakukan secara daring,” pungkasnya. (Puspawati/balipost)",balipost.com,"Dajan Peken, 82114, Tabanan, Tabanan, Bali, Indonesia",-8.536609490935,115.13552944186335,5,"2, 7","kejaksaan, kejatibali, kejaritabanan, tabanan, news"
Awasi Peredaran Truk Pengangkut Penjual LPG 3 Kg Ditempeli Stiker,2018-05-06T07:00:00.000Z,"Kabupaten Tabanan, Bali, Indonesia","Awasi Peredaran, Truk Pengangkut Penjual LPG 3 Kg Ditempeli Stiker - balipost.com","Untuk mengawasi penjualan LPG 3 Kg, Pertamina menerapkan peraturan baru dimana truk pengangkut harus ditempeli stiker yang berisi identitas nama Agen dan nomor barcode. (BP/san)TABANAN, BALIPOST.com – Kebutuhan masyarakat yang masih tinggi akan LPG ukuran 3 kilogram membuat peredaran tabung gas berwarna hijau ini diawasi ketat agar tidak disalahgunakan.","Tabanan sendiri tahun ini kouta tabung LPG 3 kg nya mengalami peningkatan sebanyak dua persen. Untuk mengawasi agar kouta ini tidak keluar dari wilayah Tabanan atau dijual ke daerah lain, pihak Pertamina saat ini mengharuskan seluruh agen untuk menempelkan stiker identitas pada truk pengangkut dari pangkalannya.Bagi truk pengangkut yang tidak ditempeli stiker akan diberikan sanksi oleh Pertamina.","Pada Hari Minggu , 6 Mei 2018 07:00, Tabanan, Tabanan, Bali

Untuk mengawasi penjualan LPG 3 Kg, Pertamina menerapkan peraturan baru dimana truk pengangkut harus ditempeli stiker yang berisi identitas nama Agen dan nomor barcode. (BP/san)TABANAN, BALIPOST.com – Kebutuhan masyarakat yang masih tinggi akan LPG ukuran 3 kilogram membuat peredaran tabung gas berwarna hijau ini diawasi ketat agar tidak disalahgunakan. Tabanan sendiri tahun ini kouta tabung LPG 3 kg nya mengalami peningkatan sebanyak dua persen. Untuk mengawasi agar kouta ini tidak keluar dari wilayah Tabanan atau dijual ke daerah lain, pihak Pertamina saat ini mengharuskan seluruh agen untuk menempelkan stiker identitas pada truk pengangkut dari pangkalannya.Bagi truk pengangkut yang tidak ditempeli stiker akan diberikan sanksi oleh Pertamina. Kepala Pelaksana Tim Pengendali Inflasi Daerah (TPID) Tabanan, I Gusti Putu Ekayana, Minggu (6/5) mengatakan mulai tahun 2018 ini kouta LPG 3 kg di Tabanan naik dua persen atau menjadi 18.426 tabung. Ia juga menambahkan harga LPG yang dibeli oleh agen ke Pertamina mengalami kenaikan Rp 250 yaitu dari Rp 13.300 menjadi 13.550.Kenaikan harga pembelian LPG 3 kg di tingkat agen ini menurut Ekayana tidak mempengaruhi harga jual di Agen yaitu tetap sesuai HET (Harga Eceran Tertinggi) yaitu Rp 14.500.Hal terbaru yang juga diterapkan tahun 2018 dalam hal pengawasan distribusi LPG 3 kg lanjut Ekayana adalah penempelan stiker pada truk pengakut LPG 3 kilogram. Dijelaskan Ekayana setiap agen memiliki pangkalan masing-masing. Setiap pangkalan ini memiliki truk pengangkut. Pada truk pengangkut inilah harus ditempeli stiker yang tertera nama agen resmi penyalur tabung 3 kilogram. Jika pada truk tidak terpasang stiker, hal ini dianggap tidak resmi dan agen yang melakukan keteledoran kata Ekayana akan mendapatkan sanksi dari Pertamina. ‘’Sanksinya berupa sanksi admin dari Pertamina,’’ papar Ekayana.Adanya stiker ini menurutnya adalah sebagai cara agar distribusi LPG 3 kilogram tidak keluar ke daerah lain. Sebab, menurut Ekayana setiap daerah memiliki kouta masing-masing dan sudah diperhitungkan sesuai kebutuhan masyarakatnya. Jika ada kouta yang keluar tentu kebutuhan LPG 3 kilogram di suatu daerah akan menjadi terganggu dan menimbulkan kelangkaan. Karenanya dengan adanya stiker, masyarakat bisa tahu darimana LPG 3 kilogram tersebut berasal sehingga bisa dilaporkan jika menjualnya diluar daerah yang tidak sesuai dengan  informasi di stiker yang tercantum.‘’Misalkan tertulis agen yang beralamatkan di Tabanan, tetapi truknya menurunkan LPG 3 kilogram di Singaraja. Ini bisa dilaporkan dan mendapatkan sanksi,’’ jelas Ekayana.Untuk saat ini menjelang Galungan dan Kuningan menurut Ekayana tidak ada kelangkaan stok LPG 3 kilogram. Meski diakuinya harga ditingkat pengecer masih di atas HET atau berkisar antara Rp 18.000 hingga Rp 20.000. ‘’Harga di pengecer memang belum bisa sesuai harga HET karena perdagang memperhitungkan biaya tranpostrasi dan lainnya. Tetapi jika masyarakat ingin membeli LPG 3 kg sesuai harga HET bisa langsung membeli ke pangkalan atau agen atau SPBU yang juga menjual tabung gas,’’ ujarnya. (wira sanjiwani/balipost)",balipost.com,"Dajan Peken, 82114, Tabanan, Tabanan, Bali, Indonesia",-8.536609490935,115.13552944186335,5,"2, 7","kejaksaan, kejatibali, kejaritabanan, tabanan, news"
7 Tempat Wisata Keluarga di Tabanan Bali Mampir Kebun Bunga,2022-09-21T07:00:00.000Z,"Kabupaten Tabanan, Bali, Indonesia","7 Tempat Wisata Keluarga di Tabanan Bali, Mampir Kebun Bunga - Kompas.com","KOMPAS.com - Menghabiskan waktu liburan dengan mengunjungi tempat-tempat wisata di Tabanan bisa menjadi alternatif yang menarik, termasuk jika pergi bersama keluarga.
Jika pergi ke Bali naik pesawat, Kabupaten Tabanan tak begitu jauh dari Bandara I Gusti Ngurah Rai jika ditempuh menggunakan kendaraan. Jaraknya sekitar 30 kilometer, tergantung lokasi wisata yang dituju.","Untuk mencapainya hanya butuh waktu sekitar 1,5 jam.Baca juga: 28 Tempat Wisata Tabanan, Banyak Destinasi Liburan Keluarga
Sementara jika pergi naik mobil, misalnya berangkat dari Pulau Jawa kemudian menyebrang lewat Pelabuhan Ketapang ke Pelabuhan Gilimanuk, beberapa area di Tabanan juga relatif mudah diakses karena berada di kawasan Bali Barat.
Bagi kamu yang pergi liburan bersama keluarga, berikut beberapa pilihan tempat wisata keluarga di Tabanan Bali yang dapat dikunjungi.
Tempat wisata keluarga di Tabanan Bali
1. Tasta zoo
INSTAGRAM @tastazoo Tasta Zoo




Kebun binatang sering kali dijadikan destinasi edukasi seputar satwa, termasuk satwa-satwa liar dan langka yang mungkin tak pernah kita temui pada kehidupan sehari-hari.
Tasta Zoo adalah kebun binatang dan area konservasi yang berlokasi di Br Tegeh, Angseri, Kecamatan Baturiti, Tabanan.
Tak hanya berkeliling melihat koleksi satwanya, pengunjung juga bisa berinteraksi dengan sejumlah satwa, serta berfoto ria dengan latar patung-patung satwa dan Instagramable spot lainnya.
Baca juga: 25 Wisata Bali yang Populer dan Unik, Pas buat Libur Panjang 
Harga tiket masuk Tasta Zoo bagi wisatawan domestik adalah Rp 60.000 pada hari biasa dan Rp 70.000 pada akhir pekan.
Sementara bagi wisatawan mancanegara, harga tiket masuknya Rp 120.000 pada hari biasa dan Rp 200.000 pada akhir pekan.
Tasta Zoo buka pukul 09.00-17.00, dengan waktu check in terakhir pukul 16.30.

2.","Pada Hari Rabu , 21 September 2022 07:00, Tabanan, Tabanan, Bali

KOMPAS.com - Menghabiskan waktu liburan dengan mengunjungi tempat-tempat wisata di Tabanan bisa menjadi alternatif yang menarik, termasuk jika pergi bersama keluarga.
Jika pergi ke Bali naik pesawat, Kabupaten Tabanan tak begitu jauh dari Bandara I Gusti Ngurah Rai jika ditempuh menggunakan kendaraan. Jaraknya sekitar 30 kilometer, tergantung lokasi wisata yang dituju. Untuk mencapainya hanya butuh waktu sekitar 1,5 jam.Baca juga: 28 Tempat Wisata Tabanan, Banyak Destinasi Liburan Keluarga
Sementara jika pergi naik mobil, misalnya berangkat dari Pulau Jawa kemudian menyebrang lewat Pelabuhan Ketapang ke Pelabuhan Gilimanuk, beberapa area di Tabanan juga relatif mudah diakses karena berada di kawasan Bali Barat.
Bagi kamu yang pergi liburan bersama keluarga, berikut beberapa pilihan tempat wisata keluarga di Tabanan Bali yang dapat dikunjungi.
Tempat wisata keluarga di Tabanan Bali
1. Tasta zoo
INSTAGRAM @tastazoo Tasta Zoo




Kebun binatang sering kali dijadikan destinasi edukasi seputar satwa, termasuk satwa-satwa liar dan langka yang mungkin tak pernah kita temui pada kehidupan sehari-hari.
Tasta Zoo adalah kebun binatang dan area konservasi yang berlokasi di Br Tegeh, Angseri, Kecamatan Baturiti, Tabanan.
Tak hanya berkeliling melihat koleksi satwanya, pengunjung juga bisa berinteraksi dengan sejumlah satwa, serta berfoto ria dengan latar patung-patung satwa dan Instagramable spot lainnya.
Baca juga: 25 Wisata Bali yang Populer dan Unik, Pas buat Libur Panjang 
Harga tiket masuk Tasta Zoo bagi wisatawan domestik adalah Rp 60.000 pada hari biasa dan Rp 70.000 pada akhir pekan.
Sementara bagi wisatawan mancanegara, harga tiket masuknya Rp 120.000 pada hari biasa dan Rp 200.000 pada akhir pekan.
Tasta Zoo buka pukul 09.00-17.00, dengan waktu check in terakhir pukul 16.30.

2. Kebun Raya Bali
DOK KEBUN RAYA BALI Piknik di Kebun Raya Bali.
Jika mencari wisata alam, Tabanan memiliki banyak destinasi yang dapat dikunjungi.
Salah satu destinasi alam yang cocok dikunjungi bersama keluarga adalah Kebun Raya Bali.
Lokasinya ada di Jalan Kebun Raya, Candikuning, Kecamatan Baturiti, Kabupaten Tabanan, Bali.
Dikutip dari Kompas.com (01/09/2022), koleksi tanaman bisa kamu lihat dengan mengunjungi area seperti Taman Rhododendron, Taman Anggrek, Rumah Kaca Kaktus, Taman Aquatik, dan lainnya.
Baca juga: Seharian di Kebun Raya Bali, Bisa Apa Saja?
Tak hanya berkeliling melihat koleksi tanaman, pengunjung juga bisa santai di rerumputan sambil melihat pemandangan danau dan perbukitan di sekitar, atau bahkan menyewa spot piknik dan barbeque agar kebersamaan semakin terasa.
Jika lelah berjalan kaki untuk mengelilingi area kebun, kamu bisa memilih naik shuttle bus, sepeda, atau bahkan skuter.

3. Desa Coklat Bali
DOK DESA COKLAT BALI Desa Coklat Bali
Mengetahui proses pengolahan coklat, mulai dari penanaman, pengolahan di pabrik, hingga menyantapnya atau membawa pulang produk coklat menjadi aktivitas menarik yang bisa dijajal bersama keluarga.
Jika penasaran, kamu dan keluarga bisa mampir ke Desa Coklat Bali.
Lokasinya berada di Jalan Raya Marga-Apuan, Km 7, Desa Cau, Kabupaten Tabanan.
""Ini adalah agro-eduwisata, di mana kita juga belajar antara coklat dan Bali. Untuk coklatnya, kami mengenalkan tentang proses kakao menjadi coklat, baik dari proses awal -kami sebutnya bibit, sampai dikonsumsi,"" kata CEO CAU Chocolate Bali, Kadek Surya Prasetya Wiguna kepada Kompas.com, Jumat (26/08/2022).
Baca juga: 5 Aktivitas di Desa Coklat Bali, Seharian Jadi Petani Kakao
Setelah lelah berkeliling, pengunjung bisa santai di restorannya dan mencicipi berbagai menu, termasuk menu berbahan dasar coklat.
Beberapa menu berbahan dasar coklat yang jadi favorit antara lain Raw Cacao Ice Cream, Fruity Cacao Pizza, dan beragam menu minuman coklat.
4. The Blooms Garden
SITUS THE BLOOMS GARDEN The Blooms Garden merupakan salah satu tempat wisata dekat Kebun Raya Bali, Tabanan.Mampir ke taman rekreasi seluas 4,5 hektar, yakni The Blooms Garden, juga bisa dimasukkan ke dalam daftar wisata keluarga di Tabanan yang menarik untuk dikunjungi.
Dikutip dari Kompas.com (04/09/2022), destinasi ini memiliki beberapa area taman bunga yang menonjolkan ciri khas masing-masing. Taman-taman tersebut di antaranya Taman Belanda, Taman Cinta, Taman Dewi Danu, Taman Oval, dan lainnya.
Baca juga: 5 Tempat Wisata Dekat Kebun Raya Bali
Di Taman Belanda, misalnya, penunjung bisa menemukan ornamen dua kincir yang merupakan ikon negara Belanda. Selain mengeksplorasi taman bunga, ada pula aktivitas lain seperti naik ATV, main di playground anak, kulineran di restoran, dan lainnya.
The Blooms Garden berlokasi di Desa Batusea, Kecamatan Baturiti, Tabanan.
Harga tiket masuknya Rp 30.000 untuk dewasa dan Rp 15.000 untuk anak usia 5-12 tahun.
5. Taman Kupu-kupu
SHUTTERSTOCK/GALINA SAVINA Taman Kupu-kupu Bali
Destinasi wisata keluarga di Tabanan lainnya adalah Taman Kupu-kupu, yang berlokasi di Jalan Batukaru, Desa Sesandan, Kecamatan Penebel, Tabanan.
Dikutip dari Kompas.com, (20/09/2022), meski dinamai ""kupu-kupu"", namun destinasi yang berdiri sejak 1996 silam ini tak hanya menghadirkan beragam jenis kupu-kupu. Dikutip dari Tribun Bali, Taman Kupu-kupu turut menghadirkan serangga lain, seperti belalang kayu, kumbang tanduk, hingga tarantula.
Baca juga: 10 Rute Penerbangan Domestik Tersibuk di Dunia, Ada Jakarta-Bali
Untuk menuju ke destinasi ini, pengunjung perlu menempuh perjalanan sekitar 1,5 jam dari bandara atau 40 kilometer.

6. Sila's Agrotourism
SITUS THE SILA'S ARGOTOURISM Area bermain anak di The SILA's Agrotourism, salah satu tempat wisata dekat Kebun Raya Bali.
Sila's Arotourism adalah destinasi lainnya di Tabanan yang dapat dikunjungi bersama keluarga.
Selain memyediakan area rekreasi, tempat ini juga menjadi tempat pendidikan, sekaligus program pelatihan Sumber Daya Manusia (SDM) yang berdiri di atas lahan seluas 10 hektar.
Dikutip dari Kompas.com, beberapa aktivitas luar ruang yang bisa dijajal antara lain berkemah, outbound, flying fox, ATV, mini trail, berkuda, paintball, trekking, bersepeda, dan lainnya.
Baca juga: 6 Tempat Melihat Sunset di Bali, Ada yang Terbaik di Dunia
Jika sekadar ingin bersantai sambil menikmati udara sejuk dan panorama danau serta perbukitan yang menakjubkan, kamu juga bisa duduk di coffee shop yang tersedia sambil memesan menu yang ada di sana.
Untuk tamu yang ingin bermalam bisa coba menginap di Hobbiton dengan harga mulai dari Rp 200.000 per orang per malam, sudah termasuk tempat tidur, sleeping bag, perlengkapan mandi, sarapan, serta perapian.
7. Pantai Pasut
SITUS PEMERINTAH KABUPATEN TABANAN Pantai Pasut di Kabupaten Tabanan, Bali.
Liburan ke Bali, rasanya kurang sah jika tidak mampir ke pantai. 
Tabanan memiliki beberapa pantai yang bisa dikunjungi, dengan karakteristik dan keunikannya masing-masing.
Salah satu pantai populer di Tabanan adalah Tanah Lot atau Pura Tanah Lot, kemudian ada pula Pantai Kedungu, Pantai Soan Galuh, Pantai Kelecung, Pantai Kelating, dan lainnya.
Baca juga: 9 Wisata Pantai di Tabanan Bali, Tak Cuma Tanah Lot
Jika mencari pantai yang dapat dijadikan tempat wisata keluarga, Pantai Pasut bisa jadi pilihan.
Ombak di pantai ini relatif tidak tinggi, sehingga cukup aman untuk dijadikan tempat berenang atau snorkeling.
Selain untuk berenang atau snorkeling, pengunjung pantai berpasir hitam lembut ini bisa bersantai sambil berjemur, bermain pasir, berolahraga, atau berburu foto.
Lokasi Pantai Pasut ada di Jalan Raya Pasut, Desa Tibubiu, Kecamatan Kerambitan, Kabupaten Tabanan.



    
        Bayangkan seorang anak Indonesia bercita-cita menjadi dokter tetapi hanya memiliki satu buku lusuh untuk belajar. Bersama Ekspedisi Kata ke Nyata Kompas.com, Anda bisa membantu mengubah kisah itu. Mari hadirkan akses literasi bagi anak-anak di berbagai pelosok Indonesia melalui donasi lewat tautan https://bit.ly/JagatLiterasi2026. Setiap kebaikan yang Anda berikan bukan hanya membuka jendela pengetahuan, tetapi juga membuka masa depan mereka.",Kompas.com,"Dajan Peken, 82114, Tabanan, Tabanan, Bali, Indonesia",-8.536609490935,115.13552944186335,5,"2, 7","kejaksaan, kejatibali, kejaritabanan, tabanan, news"
Kasus DID Tabanan KPK Panggil Eks Wakil Ketua DPRD,2022-02-04T08:00:00.000Z,"Kabupaten Tabanan, Bali, Indonesia","Kasus DID Tabanan, KPK Panggil Eks Wakil Ketua DPRD - Kompas.com","JAKARTA, KOMPAS.com - Penyidik Komisi Pemberantasan Korupsi (KPK) menjadwalkan pemeriksaan terhadap mantan Wakil Ketua DPRD Kabupaten Tabanan periode 2017-2019, I Made Meliani pada Jumat (3/2/2022).
I Made Meliani akan diperiksa sebagai saksi terkait kasus dugaan korupsi pemberian dan penerimaan hadiah atau janji pengurusan dana insentif daerah (DID) Kabupaten Tabanan, Bali, tahun anggaran 2018.""Pemeriksaan akan dilakukan Kantor Perwakilan BPKP Provinsi Bali, Jl Tantular Nomor 3054, Panjer, Denpasar Selatan, Kota Denpasar,"" ujar Pelaksana Tugas Juru Bicara KPK Ali Fikri, melalui keterangan tertulis, Jumat.
Selain eks Wakil Ketua DPRD Tabanan, KPK juga mengagendakan pemeriksaan terhadap Ketua Komisi I DPRD Tabanan tahun 2016 I Putu Eka Putra Cahyadi; Kepala Badan Keuangan Daerah Tabanan tahun 2016-2017 I Made Sukada dan Kepala Bagian Umum Setda Kabupaten Tabanan tahun 2017 I Made Sumerta Yasa.
Baca juga: Kasus DID Tabanan, KPK Panggil 4 Manajer Hotel di Jakarta sebagai Saksi
Kemudian, Kepala Badan Perencanaan Penelitian dan Pengembangan (Bappelitbang) Tabanan Ida Bagus Wiratmaja; Kasubid Kasda Pemkab Tabanan Ni Made Wasasih; eks plh Sekda Pemkab Karangasem I Made Sujana Erawan; eks Kadis PU I Made Yudiana dan Kepala Dinas Perpustakaan dan Arsip Dewa Ayu Budiarti.




Selain itu, ajudan Bupati Tabanan I Ketut Suwita; Direktur PT Dayu I Made Purniarta; Direktris CV Panugrah Ni Made Maharini; Direktris CV Kerang Mutiara Utama I Nyoman Ely Krisnawati dan Direktur CV Nitra Sakti I Nyoman Yupi Astika turut diperiksa sebagai saksi.Hingga kini, ujar Ali, tim penyidik masih terus mengumpulkan dan melengkapi bukti-bukti terkait dugaan korupsi dana insentif daerah Kabupaten Tabanan.
Ia mengatakan, KPK akan menjelaskan konstruksi perkara dan siapa saja pihak-pihak yang akan ditetapakan sebagai tersangka pada saat penyelidikan tersebut dinilai cukup.
""Kami pastikan setelah penyidikan cukup, kami akan sampaikan kontruksi utuh perkara dan pihak-pihak yang ditetapkan sebagai tersangka,"" kata Ali.
Baca juga: KPK Telusuri Aktivitas Pihak-pihak yang Terkait Pengurusan DID Tabanan
Dalam kasus ini, KPK telah melakukan penggeledahan di sejumlah tempat di Kabupaten Tabanan, Bali, pada Rabu (27/10/2021).
Lokasi yang digeledah antara lain Kantor Dinas PUPR, Kantor Bapelitbang, Kantor Badan Keuangan Daerah Tabanan, Kantor DPRD, serta rumah kediaman pihak yang terkait dengan perkara tersebut.




  

    
        Bayangkan seorang anak Indonesia bercita-cita menjadi dokter tetapi hanya memiliki satu buku lusuh untuk belajar. Bersama Ekspedisi Kata ke Nyata Kompas.com, Anda bisa membantu mengubah kisah itu.","Mari hadirkan akses literasi bagi anak-anak di berbagai pelosok Indonesia melalui donasi lewat tautan https://bit.ly/JagatLiterasi2026. Setiap kebaikan yang Anda berikan bukan hanya membuka jendela pengetahuan, tetapi juga membuka masa depan mereka.","Pada Hari Jumat , 4 Februari 2022 08:00, Tabanan, Tabanan, Bali

JAKARTA, KOMPAS.com - Penyidik Komisi Pemberantasan Korupsi (KPK) menjadwalkan pemeriksaan terhadap mantan Wakil Ketua DPRD Kabupaten Tabanan periode 2017-2019, I Made Meliani pada Jumat (3/2/2022).
I Made Meliani akan diperiksa sebagai saksi terkait kasus dugaan korupsi pemberian dan penerimaan hadiah atau janji pengurusan dana insentif daerah (DID) Kabupaten Tabanan, Bali, tahun anggaran 2018.""Pemeriksaan akan dilakukan Kantor Perwakilan BPKP Provinsi Bali, Jl Tantular Nomor 3054, Panjer, Denpasar Selatan, Kota Denpasar,"" ujar Pelaksana Tugas Juru Bicara KPK Ali Fikri, melalui keterangan tertulis, Jumat.
Selain eks Wakil Ketua DPRD Tabanan, KPK juga mengagendakan pemeriksaan terhadap Ketua Komisi I DPRD Tabanan tahun 2016 I Putu Eka Putra Cahyadi; Kepala Badan Keuangan Daerah Tabanan tahun 2016-2017 I Made Sukada dan Kepala Bagian Umum Setda Kabupaten Tabanan tahun 2017 I Made Sumerta Yasa.
Baca juga: Kasus DID Tabanan, KPK Panggil 4 Manajer Hotel di Jakarta sebagai Saksi
Kemudian, Kepala Badan Perencanaan Penelitian dan Pengembangan (Bappelitbang) Tabanan Ida Bagus Wiratmaja; Kasubid Kasda Pemkab Tabanan Ni Made Wasasih; eks plh Sekda Pemkab Karangasem I Made Sujana Erawan; eks Kadis PU I Made Yudiana dan Kepala Dinas Perpustakaan dan Arsip Dewa Ayu Budiarti.




Selain itu, ajudan Bupati Tabanan I Ketut Suwita; Direktur PT Dayu I Made Purniarta; Direktris CV Panugrah Ni Made Maharini; Direktris CV Kerang Mutiara Utama I Nyoman Ely Krisnawati dan Direktur CV Nitra Sakti I Nyoman Yupi Astika turut diperiksa sebagai saksi.Hingga kini, ujar Ali, tim penyidik masih terus mengumpulkan dan melengkapi bukti-bukti terkait dugaan korupsi dana insentif daerah Kabupaten Tabanan.
Ia mengatakan, KPK akan menjelaskan konstruksi perkara dan siapa saja pihak-pihak yang akan ditetapakan sebagai tersangka pada saat penyelidikan tersebut dinilai cukup.
""Kami pastikan setelah penyidikan cukup, kami akan sampaikan kontruksi utuh perkara dan pihak-pihak yang ditetapkan sebagai tersangka,"" kata Ali.
Baca juga: KPK Telusuri Aktivitas Pihak-pihak yang Terkait Pengurusan DID Tabanan
Dalam kasus ini, KPK telah melakukan penggeledahan di sejumlah tempat di Kabupaten Tabanan, Bali, pada Rabu (27/10/2021).
Lokasi yang digeledah antara lain Kantor Dinas PUPR, Kantor Bapelitbang, Kantor Badan Keuangan Daerah Tabanan, Kantor DPRD, serta rumah kediaman pihak yang terkait dengan perkara tersebut.




  

    
        Bayangkan seorang anak Indonesia bercita-cita menjadi dokter tetapi hanya memiliki satu buku lusuh untuk belajar. Bersama Ekspedisi Kata ke Nyata Kompas.com, Anda bisa membantu mengubah kisah itu. Mari hadirkan akses literasi bagi anak-anak di berbagai pelosok Indonesia melalui donasi lewat tautan https://bit.ly/JagatLiterasi2026. Setiap kebaikan yang Anda berikan bukan hanya membuka jendela pengetahuan, tetapi juga membuka masa depan mereka.    
                    Batas akses KARIN
                    
                        Kamu sudah mencapai batas akses KARIN.
                        Gabung membership Kompas.com+ MAX untuk bertanya lebih banyak dan memahami berita dengan lebih leluasa.
                    
                
            
                    
                    
                    Tidak akurat
                
                
                    
                    
                    Tidak relevan
                
                
                    
                    
                    Menyinggung
                
                
                    
                    
                    Terlalu lama
                
                
                    
                    
                    Isu privasi
                
                
                    
                    
                    Lainnya
                
            
            
                    Khusus Member
                    
                        Akses Tanya Langsung Tersedia untuk Member
                        Gabung membership Kompas.com+ MAX untuk bertanya lebih banyak dan memahami berita dengan lebih leluasa.",Kompas.com,"Dajan Peken, 82114, Tabanan, Tabanan, Bali, Indonesia",-8.536609490935,115.13552944186335,5,"2, 7","kejaksaan, kejatibali, kejaritabanan, tabanan, news"
Warga Diam di Rumah Jalan di Tabanan Lengang,2020-03-26T07:00:00.000Z,"Kabupaten Tabanan, Bali, Indonesia","Warga Diam di Rumah, Jalan di Tabanan Lengang - balipost.com","TABANAN, BALIPOST.com – Suasana ruas jalan di Kabupaten Tabanan pada Kamis (26/3) atau pasca-Nyepi bampak lengang. Masyarakat telah banyak yang mengikuti himbauan pemerintah untuk tetap berada di rumah masing-masing.Jajaran kepolisian serta sejumlah pecalang pun ikut mengamankan instruksi pemerintah tersebut.",Sejumlah kendaraan yang melintas pun dihentikan oleh jajaran Satlantas Polres Tabanan.Ada diantaranya yang diperbolehkan melintas karena memang pekerjaan atau yang sifatnya penting. Sementara ada pula yang diminta untuk balik pulang ke rumah.Seperti disampaikan Kasat Lantas Polres Tabanan Iptu Ni Luh Putu Wila.,"Pada Hari Kamis , 26 Maret 2020 07:00, Tabanan, Tabanan, Bali

TABANAN, BALIPOST.com – Suasana ruas jalan di Kabupaten Tabanan pada Kamis (26/3) atau pasca-Nyepi bampak lengang. Masyarakat telah banyak yang mengikuti himbauan pemerintah untuk tetap berada di rumah masing-masing.Jajaran kepolisian serta sejumlah pecalang pun ikut mengamankan instruksi pemerintah tersebut. Sejumlah kendaraan yang melintas pun dihentikan oleh jajaran Satlantas Polres Tabanan.Ada diantaranya yang diperbolehkan melintas karena memang pekerjaan atau yang sifatnya penting. Sementara ada pula yang diminta untuk balik pulang ke rumah.Seperti disampaikan Kasat Lantas Polres Tabanan Iptu Ni Luh Putu Wila. Untuk kendaraan seperti truk yang melintas di jalan Denpasar-Gilimanuk, pihaknya menerapkan selektif prioritas. Artinya truk yang tidak mengangkut barang atau bahan pokok diarahkan dulu ke Terminal Pesiapan. “Tetapi jika mengangkut kebutuhan pokok kita jalankan, dan untuk kendaraan roda dua kita arahkan kembali pulang jika disekitar sini,” terangnya.Di sisi lain, selain himbauan agar tidak keluar rumah pada Kamis, Bupati Tabanan Ni Putu Eka Wiryastuti juga mengeluarkan surat edaran yang memerintahkan pengelola kafe dan pusat hiburan umum di Tabanan untuk menutup operasional usahanya sampai 30 Maret 2020. Kebijakan ini dikeluarkan lantaran penyebaran virus Corona yang makin meluas, dengan melakukan pembatasan kegiatan keramaian. (Puspawati/balipost)",balipost.com,"Dajan Peken, 82114, Tabanan, Tabanan, Bali, Indonesia",-8.536609490935,115.13552944186335,5,"2, 7","kejaksaan, kejatibali, kejaritabanan, tabanan, news"
Suka Duka Sekaa di Jembrana Pelihara Instrumen Jegog,2018-04-14T07:00:00.000Z,"Kabupaten Tabanan, Bali, Indonesia",Suka Duka Sekaa di Jembrana Pelihara Instrumen Jegog - balipost.com,"Sekeha memainkan instrumen Jegog. (BP/dok)NEGARA, BALIPOST.com – Kesenian Jegog yang identik dengan Kabupaten Jembrana disamping memiliki suara gamelan yang khas, perawatannya juga tergolong ekstra dan mahal.","Dalam merawat gamelan Jegog ini, diperlukan tempat dan perlakuan khusus.Sebab dibandingkan gong atau gamelan lainnya, alat musik jegog lebih rentan rusak karena faktor cuaca ataupun tempat penyimpanan yang tak layak. Satu saja bambu yang rusak/pecah diperlukan biaya yang tidak sedikit.Minimal Rp 350 ribu per satu bilah bambu.","Pada Hari Sabtu , 14 April 2018 07:00, Tabanan, Tabanan, Bali

Sekeha memainkan instrumen Jegog. (BP/dok)NEGARA, BALIPOST.com – Kesenian Jegog yang identik dengan Kabupaten Jembrana disamping memiliki suara gamelan yang khas, perawatannya juga tergolong ekstra dan mahal. Dalam merawat gamelan Jegog ini, diperlukan tempat dan perlakuan khusus.Sebab dibandingkan gong atau gamelan lainnya, alat musik jegog lebih rentan rusak karena faktor cuaca ataupun tempat penyimpanan yang tak layak. Satu saja bambu yang rusak/pecah diperlukan biaya yang tidak sedikit.Minimal Rp 350 ribu per satu bilah bambu. Bahan bambu yang digunakan pun jarang ditemukan di Jembrana lagi.Untuk mendapatkan bambu petung (bagian paling belakang) yang berdiameter besar itu, para perajin harus mencari di luar Jembrana, seperti Tabanan dan Karangasem. “Sekarang hampir tidak ada (bambu petung), harus memesan di Tabanan atau Gianyar,” ujar Oka, pemain Jegog asal Kelurahan Sangkaragung.Sehingga ketika gamelan bambu itu pecah, maka akan kesulitan dan biayanya cukup besar. Apalagi, saat pementasan Jegog dilakukan mebarung (adu suara) antar-sekaa, peluang pecahnya bambu cukup besar.Sehingga sekaa harus menyiapkan cadangan gamelan ketika bambu pecah. Begitu halnya dengan bambu lainnya yang lebih kecil seperti bambu jajang atau santong (lebih kecil) untuk suwir, kantil dan barangan masih bisa diperoleh.I Ketut Dernen, seniman penyetel gamelan Jegog asal Pancardawa, Kelurahan Pendem  beberapa waktu lalu mengatakan gamelan Jegog memiliki keistimewaan sehingga perawatannya pun harus ekstra. Bambu yang digunakan pun juga harus yang terpilih.Selain perangkat yang besar, nada suara lazimnya berubah saat berganti cuaca atau iklim. Misalnya, ketika alat musik bambu itu dibawa ke daerah dataran tinggi yang dingin, ketika ditabuh suaranya pasti berubah.Dernen berharap kendatipun instrumen musik ini cukup boros tempat, bisa disetarakan dengan alat musik lainnya. Pascabom Bali tahun 2000 lalu, banyak sekaha di Jembrana yang terpuruk karena minimnya pentas ke luar daerah dan minim pembiayaan. Sedangkan pentas-pentas di dalam Jembrana, bayaran tak sebanding dengan biaya yang dikeluarkan. Padahal perawatan untuk alat musik ini cukup tinggi.Seringkali, biaya untuk transportasi alat, penabuh serta perawatan gambelan lebih besar dari bayaran yang diterima. Untuk membuat seperangkat alat musik Jegog minimal dibutuhkan dana hingga Rp 50 juta.Pria kelahiran tahun 1956 ini selain menabuh juga dikenal kemampuannya dalam menyelaraskan nada gamelan Jegog. Tidak semua seniman memiliki kemampuan menyetel alat musik dari bambu ini.Bahkan Dernen mampu menyetel nada Jegog utuh dalam satu oktaf (do-re-mi-fa-sol-la-si-do). “Sekarang saya lebih banyak kerja kalau dipanggil, ada yang memanggil saya kerjakan disana. Bayaran tidak menarget, yang penting (gamelan) jadi dan senang sudah jadi,” kata pria berpenampilan sederhana ini.Keahlian seniman yang mengantongi penghargaan Satya Laksana Dharma Kusuma tahun 2013 ini, diperolehnya dari orang tua dan para seniman pembuat Jegog pendahulunya. Sisa bambu Jegog yang sudah rusak atau pecah biasanya tidak lagi dipergunakan dan dibuang.Namun di tangan orang-orang kreatif, limbah bambu Jegog itu dimanfaatkan lagi untuk hal lainnya. Seperti yang dilakukan sejumlah siswa dan guru SMAN 2 Negara.Bambu bekas gamelan Jegog yang menumpuk dan tidak bisa digunakan lagi, dimanfaatkan kembali. Seperti untuk pot tanaman misalnya.Kepala SMAN 2 Negara, I Wayan Sudiarta mengatakan sekolah sengaja memanfaatkan bambu gamelan Jegog sekolah yang rusak itu agar berguna kembali. “Dari pada tidak digunakan dan menumpuk, kami manfaatkan untuk pot tanaman untuk di sekitar sekolah,” terangnya.SMAN 2 Negara merupakan salah satu SMA yang memiliki gamelan Jegog ini dan sering tampil dengan penabuh para siswa. Selain pot bunga, bambu yang diantaranya berdiameter besar ini juga bisa dimanfaatkan untuk kerajinan lainnya seperti asbak atau tempat pensil. (Surya Dharma/balipost)",balipost.com,"Dajan Peken, 82114, Tabanan, Tabanan, Bali, Indonesia",-8.536609490935,115.13552944186335,5,"2, 7","kejaksaan, kejatibali, kejaritabanan, tabanan, news"
Sejarah Pura Luhur Batukaru di Tabanan,2024-05-18T07:00:00.000Z,"Kabupaten Tabanan, Bali, Indonesia",Sejarah Pura Luhur Batukaru di Tabanan - Kompas.com,"KOMPAS.com - Bali dikenal memiliki banyak pura yang digunakan oleh umat Hindu untuk beribadah.
Pura bersejarah dan dianggap paling suci oleh masyarakat Bali adalah Pura Sad Kahyangan Jagad, yakni enam pura utama yang menjadi pilar Pulau Bali.Salah satu Pura Sad Kahyangan Jagad adalah Pura Luhur Batukaru, yang terletak di Desa Wangaya Gede, Kecamatan Penebel, Kabupaten Tabanan.
Lokasi pura ini berada di wilayah barat Pulau Bali, tepatnya di lereng selatan Gunung Batukaru.
Berikut ini sejarah Pura Luhur Batukaru dan fungsinya.
Baca juga: Sejarah Pura Goa Lawah di Bali




Sejarah Pura Luhur Batukaru
Melansir kesrasetda.bulelengkab.go.id, Pura Batukaru adalah stana Dewa Mahadewa.
Persembahyangan di Pura Luhur Batukaru dimaksudkan umat Hindu untuk memuja Tuhan Ida Sang Hyang Widhi Wasa dalam manifestasinya sebagai Dewa Mahadewa.
Dewa Mahadewa diberi gelar Ratu Hyang Tumuwuh, sebutan Tuhan sebagai yang menumbuhkan tumbuh-tumbuhan dengan menggunakan air secara benar.Nama pura ini kemungkinan besar diambil dari nama Gunung Batukaru.
Pura Luhur Batukaru termasuk Pura Sad Kahyangan yang disebut dalam Lontar Kusuma Dewa.
Konon, Pura Luhur Batukaru sudah ada pada abad ke-11, sebagaimana Pura Sad Kahyangan lainnya, yakni Pura Besakih, Pura Lempuyang Luhur, Pura Goa Lawah, Pura Luhur Uluwatu, dan Pura Pusering Jagat.
Tokoh yang mendirikan Pura Luhur Batukaru dan Pura Sad Kahyangan lainnya adalah Mpu Kuturan.
Mpu Kuturan adalah seorang pandita dari Jawa yang berperan menyatukan umat Hindu di Bali, sekaligus membangun banyak tempat suci di sana.
Baca juga: Sejarah Pura Lempuyang Luhur di Bali
Para ahli berpendapat bahwa Mpu Kuturan mendirikan Pura Sad Kahyangan Jagat untuk memotivasi umat menjaga keseimbangan eksistensi Sad Kerti, yaitu Atma Kerti, Samudra Kerti, Wana Kerti, Danu Kerti, Jagat Kerti, dan Jana Kerti.




  

Diduga, Pura Luhur Batukaru dulunya berfungsi sebagai tempat pemujaan dan tempat bertapa sebagai media Atma Kerti (membangun ketakwaan pada Tuhan) oleh tokoh-tokoh spiritual di daerah Tabanan..",,"Pada Hari Sabtu , 18 Mei 2024 07:00, Tabanan, Tabanan, Bali

KOMPAS.com - Bali dikenal memiliki banyak pura yang digunakan oleh umat Hindu untuk beribadah.
Pura bersejarah dan dianggap paling suci oleh masyarakat Bali adalah Pura Sad Kahyangan Jagad, yakni enam pura utama yang menjadi pilar Pulau Bali.Salah satu Pura Sad Kahyangan Jagad adalah Pura Luhur Batukaru, yang terletak di Desa Wangaya Gede, Kecamatan Penebel, Kabupaten Tabanan.
Lokasi pura ini berada di wilayah barat Pulau Bali, tepatnya di lereng selatan Gunung Batukaru.
Berikut ini sejarah Pura Luhur Batukaru dan fungsinya.
Baca juga: Sejarah Pura Goa Lawah di Bali




Sejarah Pura Luhur Batukaru
Melansir kesrasetda.bulelengkab.go.id, Pura Batukaru adalah stana Dewa Mahadewa.
Persembahyangan di Pura Luhur Batukaru dimaksudkan umat Hindu untuk memuja Tuhan Ida Sang Hyang Widhi Wasa dalam manifestasinya sebagai Dewa Mahadewa.
Dewa Mahadewa diberi gelar Ratu Hyang Tumuwuh, sebutan Tuhan sebagai yang menumbuhkan tumbuh-tumbuhan dengan menggunakan air secara benar.Nama pura ini kemungkinan besar diambil dari nama Gunung Batukaru.
Pura Luhur Batukaru termasuk Pura Sad Kahyangan yang disebut dalam Lontar Kusuma Dewa.
Konon, Pura Luhur Batukaru sudah ada pada abad ke-11, sebagaimana Pura Sad Kahyangan lainnya, yakni Pura Besakih, Pura Lempuyang Luhur, Pura Goa Lawah, Pura Luhur Uluwatu, dan Pura Pusering Jagat.
Tokoh yang mendirikan Pura Luhur Batukaru dan Pura Sad Kahyangan lainnya adalah Mpu Kuturan.
Mpu Kuturan adalah seorang pandita dari Jawa yang berperan menyatukan umat Hindu di Bali, sekaligus membangun banyak tempat suci di sana.
Baca juga: Sejarah Pura Lempuyang Luhur di Bali
Para ahli berpendapat bahwa Mpu Kuturan mendirikan Pura Sad Kahyangan Jagat untuk memotivasi umat menjaga keseimbangan eksistensi Sad Kerti, yaitu Atma Kerti, Samudra Kerti, Wana Kerti, Danu Kerti, Jagat Kerti, dan Jana Kerti.




  

Diduga, Pura Luhur Batukaru dulunya berfungsi sebagai tempat pemujaan dan tempat bertapa sebagai media Atma Kerti (membangun ketakwaan pada Tuhan) oleh tokoh-tokoh spiritual di daerah Tabanan.",Kompas.com,"Dajan Peken, 82114, Tabanan, Tabanan, Bali, Indonesia",-8.536609490935,115.13552944186335,5,"2, 7","kejaksaan, kejatibali, kejaritabanan, tabanan, news"
Kombinasi Pertanian dan Pariwisata Jadi Keunggulan Tabanan di Bali,2023-06-24T07:00:00.000Z,"Kabupaten Tabanan, Bali, Indonesia","Kombinasi Pertanian dan Pariwisata, Jadi Keunggulan Tabanan di Bali - Kompas.com","KOMPAS.com - Kabupaten Tabanan di Provinsi Bali berupaya menggabungkan potensi daerah mereka yaitu pertanian, dengan sektor pariwisata.
Cara ini menjadi salah satu langkah strategis untuk memanfaatkan kekuatan Tabanan di sektor pertanian, seperti disampaikan oleh Bupati Tabanan I Komang Gede Sanjaya.“Jadi kalau kami membajak sawah, bagaimana kearifan lokal para pekerja di sawah bisa (sekaligus) menjadi atraksi pariwisata. Begitu juga saat aktivitas (biji) kopi dipetik, bisa jadi atraksi, itulah bonusnya,” kata Sanjaya saat ditemui di kantor Kompas Gramedia Jakarta, Jumat (23/6/2023).
Baca juga: Tabanan, Lumbung Padinya Bali dengan Keindahan Alam Lengkap
Untuk beberapa aktivitas, seperti melihat proses membajak sawah sampai memetik biji kopi, wisatawan mancanegara sampai rela membayar.
Lebih lanjut, Sanjaya menjelaskan, pariwisata mencakup makna yang luas.","Bukan hanya sekadar mengunjungi tempat wisata yang indah, tetapi juga menikmati atau bahkan mencoba pengalaman unik.




Oleh karena itu, ia menilai aktivitas yang berkaitan dengan pertanian sebagai sektor paling utama di Tabanan, bisa dijadikan sebagai sarana wisata sekaligus.
“Jadi pariwisata sebagai daya dukung pertanian itu. Sektor pertanian sebagai hulu, dan bonusnya pariwisata,” ungkapnya.
Tabanan yang kaya keindahan alam
Menurut Sanjaya, Tabanan agak berbeda dari kabupaten atau kota lainnya di Bali karena lebih fokus bergerak pada bidang pertanian.
“Hampir 75 persen masyarakat Tabanan bergerak di pertanian.","Pada Hari Sabtu , 24 Juni 2023 07:00, Tabanan, Tabanan, Bali

KOMPAS.com - Kabupaten Tabanan di Provinsi Bali berupaya menggabungkan potensi daerah mereka yaitu pertanian, dengan sektor pariwisata.
Cara ini menjadi salah satu langkah strategis untuk memanfaatkan kekuatan Tabanan di sektor pertanian, seperti disampaikan oleh Bupati Tabanan I Komang Gede Sanjaya.“Jadi kalau kami membajak sawah, bagaimana kearifan lokal para pekerja di sawah bisa (sekaligus) menjadi atraksi pariwisata. Begitu juga saat aktivitas (biji) kopi dipetik, bisa jadi atraksi, itulah bonusnya,” kata Sanjaya saat ditemui di kantor Kompas Gramedia Jakarta, Jumat (23/6/2023).
Baca juga: Tabanan, Lumbung Padinya Bali dengan Keindahan Alam Lengkap
Untuk beberapa aktivitas, seperti melihat proses membajak sawah sampai memetik biji kopi, wisatawan mancanegara sampai rela membayar.
Lebih lanjut, Sanjaya menjelaskan, pariwisata mencakup makna yang luas. Bukan hanya sekadar mengunjungi tempat wisata yang indah, tetapi juga menikmati atau bahkan mencoba pengalaman unik.




Oleh karena itu, ia menilai aktivitas yang berkaitan dengan pertanian sebagai sektor paling utama di Tabanan, bisa dijadikan sebagai sarana wisata sekaligus.
“Jadi pariwisata sebagai daya dukung pertanian itu. Sektor pertanian sebagai hulu, dan bonusnya pariwisata,” ungkapnya.
Tabanan yang kaya keindahan alam
Menurut Sanjaya, Tabanan agak berbeda dari kabupaten atau kota lainnya di Bali karena lebih fokus bergerak pada bidang pertanian.
“Hampir 75 persen masyarakat Tabanan bergerak di pertanian. Kami masyarakat agraris, 25 persennya baru pariwisata,” ujar dia.Baca juga: Pantai Nyanyi Tabanan Bali: Jam Buka, Tiket Masuk, dan Aktivitas
Kendati tidak berfokus utama pada pariwisata, Sanjaya menjelaskan bahwa bentang alam di Tabanan merupakan salah satu yang terlengkap di Bali. Mulai dari pantai, gunung, sawah, hingga danau, semua dimiliki oleh Tabanan.
“Tabanan ada gunung, danau Beratan itu atraksi yang baik sekali. Kami juga punya sawah sebagai heritage, sawah abadi,” kata dia.
Namun, ia mengakui bahwa sampai saat ini, pantai dan pura di Tanah Lot masih menjadi daya tarik utama bagi wisatawan domestik maupun mancanegara.
UNSPLASH/NICK FEWINGS Pura Tanah Lot, salah satu kawasan wisata pantai di Tabanan, Bali. Berikut nama-nama bulan dalam Kalender Saka Bali.
“Sampai saat ini kunjungan terbanyak yang dikunjungi adalah Tanah Lot. Kalau ada pura di tengah laut, pasti Tanah Lot,” terangnya.
Selain Tanah Lot, beberapa atraksi wisata di Tabanan yang cukup ramai dikunjungi wisatawan antara lain seperti The Blooms Garden, Danau Beratan, Jatiluwih, Pantai Soka, Kebun Raya Bali, Taman Kupu-kupu, dan Museum Subak.
Baca juga: 9 Wisata Pantai di Tabanan Bali, Tak Cuma Tanah Lot
Di luar dari atraksi yang cukup populer di atas, wisatawan juga bisa mengeksplorasi Tabanan lebih lama lagi saat berkunjung, untuk bisa mendapatkan sejumlah hidden gem di sana.
Mulai dari air terjun, gua tempat melihat matahari terbenam (sunset), terasering yang terjaga, dan masih banyak lagi potensi alam lainnya di Tabanan.


  

    
        Bayangkan seorang anak Indonesia bercita-cita menjadi dokter tetapi hanya memiliki satu buku lusuh untuk belajar. Bersama Ekspedisi Kata ke Nyata Kompas.com, Anda bisa membantu mengubah kisah itu. Mari hadirkan akses literasi bagi anak-anak di berbagai pelosok Indonesia melalui donasi lewat tautan https://bit.ly/JagatLiterasi2026. Setiap kebaikan yang Anda berikan bukan hanya membuka jendela pengetahuan, tetapi juga membuka masa depan mereka.",Kompas.com,"Dajan Peken, 82114, Tabanan, Tabanan, Bali, Indonesia",-8.536609490935,115.13552944186335,5,"2, 7","kejaksaan, kejatibali, kejaritabanan, tabanan, news"
Kerajaan Tabanan Sejarah Rajaraja Masa Kejayaan dan Keruntuhan,2021-12-14T08:00:00.000Z,"Kabupaten Tabanan, Bali, Indonesia","Kerajaan Tabanan: Sejarah, Raja-raja, Masa Kejayaan, dan Keruntuhan - Kompas.com","KOMPAS.com - Kerajaan Tabanan adalah salah satu dari beberapa kerajaan yang pernah berdiri di Pulau Bali.
Menurut Babad Arya Tabanan, raja pertama Kerajaan Tabanan adalah Arya Kenceng, yang merupakan keturunan Majapahit.
Pada awalnya, kerajaan ini berada di bawah dinasti Gelgel yang saat itu menguasai seluruh Bali.Sejak didirikan pada abad ke-14, Kerajaan Tabanan terus berkembang hingga mencapai masa kejayaan pada abad ke-17, ketika diperintah oleh Sri Magada Sakti.
Baca juga: Kerajaan Jembrana: Sejarah, Raja-raja, dan Keruntuhan
Sejarah berdirinya
Sejarah berdirinya Kerajaan Tabanan berkaitan erat dengan Kerajaan Majapahit. Pada masa pemerintahan Tribhuanatunggadewi (1329-1350), Majapahit ingin menyatukan kembali Bali dalam kekuasaannya.




Karena tidak dapat ditundukkan dengan cara diplomasi, Majapahit mengirim Gajah Mada dan Adityawarman (Arya Damar) bersama para Arya untuk menguasai Bali.
Adityawarman adalah adipati Palembang yang mempunyai hubungan kekerabatan dengan Raja Majapahit dari garis ibu.
Dalam serangan itu, Arya Kenceng, putra Adityawarman, memimpin pertempuran dari selatan.","Pada 1343, Bali akhirnya jatuh ke tangan Majapahit.Untuk mengatasi kekosongan pemerintahan di Bali, Raja Majapahit melantik Sri Kresna Kepakisan menjadi Raja Bali pada 1352 M.
Dalam pelantikan itu, juga diadakan pembagian wilayah Bali bagi para Arya, di mana Arya Kenceng ditugaskan di Tabanan.
Setelah Arya Kenceng diangkat menjadi Anglurah Tabanan pada 1352, ia segera membangun istana Buahan di Desa Pucangan dan bergelar Bhatara Arya Kenceng.
Arya Kenceng merupakan raja pertama yang menurunkan penguasa Kerajaan Tabanan selanjutnya.
Pada masa kekuasaan raja ketiganya, yaitu Sirarya Ngurah Langwang atau Prabu Singasana, istana dipindahkan dari Desa Pucangan ke Puri Agung Tabanan.
Baca juga: Kerajaan Gianyar: Sejarah, Raja-raja, dan Keruntuhan
Raja-raja Kerajaan Tabanan

Arya Kenceng
Sri Magada Nata/Arya Yasan
Prabu Singasana/Arya Langwang
I Gusti Ngurah Tabanan I
I Gusti Wayahan Pamedekan
I Gusti Made Pamedekan
I Gusti Ngurah Tabanan II
Prabu Nisweng Panida
I Gusti Made Dalang
I Gusti Nengah Malkangin
I Gusti Bolo di Malkangin
I Gusti Agung Badeng
Prabu Magada Sakti
Anglurah Mur Pamade
I Gusti Ngurah Sekar
I Gusti Ngurah Gede
I Gusti Ngurah Made Rai
I Gusti Ngurah Rai Panebel
I Gusti Ngurah Ubung
I Gusti Ngurah Agung I
I Gusti Ngurah Agung II
I Gusti Ngurah Rai Perang
Cokorda Ngurah Ketut
Regen Gusti Ngurah Wayan
Cokorda Ngurah Gede

Baca juga: Kerajaan Bangli: Sejarah, Raja-Raja, Keruntuhan, dan Peninggalan
Masa kejayaan Kerajaan Tabanan
Kejayaan Tabanan terjadi pada masa pemerintahan Raja Ki Gusti Dawuh yang bergelar Sri Magada Sakti (1650-1725).




  

Pada saat itum Tabanan sangat tertib dan aman, yang selanjutnya memisahkan diri dari kekuasaan Kerajaan Gelgel..","Pada Hari Selasa , 14 Desember 2021 08:00, Tabanan, Tabanan, Bali

KOMPAS.com - Kerajaan Tabanan adalah salah satu dari beberapa kerajaan yang pernah berdiri di Pulau Bali.
Menurut Babad Arya Tabanan, raja pertama Kerajaan Tabanan adalah Arya Kenceng, yang merupakan keturunan Majapahit.
Pada awalnya, kerajaan ini berada di bawah dinasti Gelgel yang saat itu menguasai seluruh Bali.Sejak didirikan pada abad ke-14, Kerajaan Tabanan terus berkembang hingga mencapai masa kejayaan pada abad ke-17, ketika diperintah oleh Sri Magada Sakti.
Baca juga: Kerajaan Jembrana: Sejarah, Raja-raja, dan Keruntuhan
Sejarah berdirinya
Sejarah berdirinya Kerajaan Tabanan berkaitan erat dengan Kerajaan Majapahit. Pada masa pemerintahan Tribhuanatunggadewi (1329-1350), Majapahit ingin menyatukan kembali Bali dalam kekuasaannya.




Karena tidak dapat ditundukkan dengan cara diplomasi, Majapahit mengirim Gajah Mada dan Adityawarman (Arya Damar) bersama para Arya untuk menguasai Bali.
Adityawarman adalah adipati Palembang yang mempunyai hubungan kekerabatan dengan Raja Majapahit dari garis ibu.
Dalam serangan itu, Arya Kenceng, putra Adityawarman, memimpin pertempuran dari selatan. Pada 1343, Bali akhirnya jatuh ke tangan Majapahit.Untuk mengatasi kekosongan pemerintahan di Bali, Raja Majapahit melantik Sri Kresna Kepakisan menjadi Raja Bali pada 1352 M.
Dalam pelantikan itu, juga diadakan pembagian wilayah Bali bagi para Arya, di mana Arya Kenceng ditugaskan di Tabanan.
Setelah Arya Kenceng diangkat menjadi Anglurah Tabanan pada 1352, ia segera membangun istana Buahan di Desa Pucangan dan bergelar Bhatara Arya Kenceng.
Arya Kenceng merupakan raja pertama yang menurunkan penguasa Kerajaan Tabanan selanjutnya.
Pada masa kekuasaan raja ketiganya, yaitu Sirarya Ngurah Langwang atau Prabu Singasana, istana dipindahkan dari Desa Pucangan ke Puri Agung Tabanan.
Baca juga: Kerajaan Gianyar: Sejarah, Raja-raja, dan Keruntuhan
Raja-raja Kerajaan Tabanan

Arya Kenceng
Sri Magada Nata/Arya Yasan
Prabu Singasana/Arya Langwang
I Gusti Ngurah Tabanan I
I Gusti Wayahan Pamedekan
I Gusti Made Pamedekan
I Gusti Ngurah Tabanan II
Prabu Nisweng Panida
I Gusti Made Dalang
I Gusti Nengah Malkangin
I Gusti Bolo di Malkangin
I Gusti Agung Badeng
Prabu Magada Sakti
Anglurah Mur Pamade
I Gusti Ngurah Sekar
I Gusti Ngurah Gede
I Gusti Ngurah Made Rai
I Gusti Ngurah Rai Panebel
I Gusti Ngurah Ubung
I Gusti Ngurah Agung I
I Gusti Ngurah Agung II
I Gusti Ngurah Rai Perang
Cokorda Ngurah Ketut
Regen Gusti Ngurah Wayan
Cokorda Ngurah Gede

Baca juga: Kerajaan Bangli: Sejarah, Raja-Raja, Keruntuhan, dan Peninggalan
Masa kejayaan Kerajaan Tabanan
Kejayaan Tabanan terjadi pada masa pemerintahan Raja Ki Gusti Dawuh yang bergelar Sri Magada Sakti (1650-1725).




  

Pada saat itum Tabanan sangat tertib dan aman, yang selanjutnya memisahkan diri dari kekuasaan Kerajaan Gelgel.",Kompas.com,"Dajan Peken, 82114, Tabanan, Tabanan, Bali, Indonesia",-8.536609490935,115.13552944186335,5,"2, 7","kejaksaan, kejatibali, kejaritabanan, tabanan, news"
Resep Sambal Sager Gerih Sambal dari Ikan Asin Khas Tabanan Bali,2021-03-14T08:00:00.000Z,"Kabupaten Tabanan, Bali, Indonesia","Resep Sambal Sager Gerih, Sambal dari Ikan Asin Khas Tabanan Bali - Kompas.com","KOMPAS.com - Kamu pencinta masakan pedas? Kamu bisa coba resep sambel sager gerih.
Sager gerih dalam arti harafiahnya adalah lawar ikan kering. Terkenal sebagai sambal khas Kabupaten Tabanan yang disajikan bersama nasi sele atau nasi yang dicampur dengan ketela.Ikuti cara membuat sambal sager gerih dalam buku “Pawon Bali” karya Nanik Mirna Agung terbitan PT Gramedia Pustaka Utama.
Baca juga: Resep Sambal Sere, Sambal Pelengkap Makanan Bali 
Resep sambal sager gerih
Bahan:

20 gram ikan asin
60 gram bawang merah
20 gram cabai rawit
4 gram terasi
5 gram garam
2 gram kemangi
30 gram kelapa panggang

Baca juga: Resep Sambal Bawang Merah Utuh, Sambal yang Viral di TikTok



Cara membuat sambal sager gerih:
1.","Rajang bawang merah, bawang putih, dan cabai rawit. Goreng secara terpisah.
2.","Pada Hari Minggu , 14 Maret 2021 08:00, Tabanan, Tabanan, Bali

KOMPAS.com - Kamu pencinta masakan pedas? Kamu bisa coba resep sambel sager gerih.
Sager gerih dalam arti harafiahnya adalah lawar ikan kering. Terkenal sebagai sambal khas Kabupaten Tabanan yang disajikan bersama nasi sele atau nasi yang dicampur dengan ketela.Ikuti cara membuat sambal sager gerih dalam buku “Pawon Bali” karya Nanik Mirna Agung terbitan PT Gramedia Pustaka Utama.
Baca juga: Resep Sambal Sere, Sambal Pelengkap Makanan Bali 
Resep sambal sager gerih
Bahan:

20 gram ikan asin
60 gram bawang merah
20 gram cabai rawit
4 gram terasi
5 gram garam
2 gram kemangi
30 gram kelapa panggang

Baca juga: Resep Sambal Bawang Merah Utuh, Sambal yang Viral di TikTok



Cara membuat sambal sager gerih:
1. Rajang bawang merah, bawang putih, dan cabai rawit. Goreng secara terpisah.
2. Parut kelapa yang sudah dipanggang.
3. Goreng teri asin dan rajang kecil-kecil. Campurkan semua bahan dan tambahkan daun kemangi yang telah dirajang kecil-kecil.
4. Sajikan.
Buku “Pawon Bali” karya Nanik Mirna Agung terbitan PT Gramedia Pustaka Utama bisa dibeli di Gramedia.com. 


  

    
        Bayangkan seorang anak Indonesia bercita-cita menjadi dokter tetapi hanya memiliki satu buku lusuh untuk belajar. Bersama Ekspedisi Kata ke Nyata Kompas.com, Anda bisa membantu mengubah kisah itu. Mari hadirkan akses literasi bagi anak-anak di berbagai pelosok Indonesia melalui donasi lewat tautan https://bit.ly/JagatLiterasi2026. Setiap kebaikan yang Anda berikan bukan hanya membuka jendela pengetahuan, tetapi juga membuka masa depan mereka.",Kompas.com,"Dajan Peken, 82114, Tabanan, Tabanan, Bali, Indonesia",-8.536609490935,115.13552944186335,5,"2, 7","kejaksaan, kejatibali, kejaritabanan, tabanan, news"
Diawali Suara Gemuruh Keras Gedung LPBJ Tabanan Ambrol,2021-11-21T08:00:00.000Z,"Kabupaten Tabanan, Bali, Indonesia","Diawali Suara Gemuruh Keras, Gedung LPBJ Tabanan Ambrol - balipost.com","Gedung LPBJ Tabanan ambrol saat hujan mengguyur, Minggu (21/11). (BP/bit)TABANAN, BALIPOST.com – Hujan yang mengguyur wilayah Kabupaten Tabanan pada Minggu (21/11) mengakibatkan satu gedung di areal kantor Bupati Tabanan ambrol.","Gedung yang dimanfaatkan untuk layanan pengadaan barang dan jasa (LPBJ) Kabupaten Tabanan tersebut rusak parah.Kejadian ambruknya gedung LPBJ pertama kali diketahui salah seorang petugas keamanan, Putu Dedik Ardana Putra. Saat itu, ia tengah bertugas berjaga di gedung ruang rapat lantai bawah kantor Bupati Tabanan atau sebelah barat gedung LPBJ.Sekitar pukul 11.30 WITA, terdengar suara gemuruh keras.","Pada Hari Minggu , 21 November 2021 08:00, Tabanan, Tabanan, Bali

Gedung LPBJ Tabanan ambrol saat hujan mengguyur, Minggu (21/11). (BP/bit)TABANAN, BALIPOST.com – Hujan yang mengguyur wilayah Kabupaten Tabanan pada Minggu (21/11) mengakibatkan satu gedung di areal kantor Bupati Tabanan ambrol. Gedung yang dimanfaatkan untuk layanan pengadaan barang dan jasa (LPBJ) Kabupaten Tabanan tersebut rusak parah.Kejadian ambruknya gedung LPBJ pertama kali diketahui salah seorang petugas keamanan, Putu Dedik Ardana Putra. Saat itu, ia tengah bertugas berjaga di gedung ruang rapat lantai bawah kantor Bupati Tabanan atau sebelah barat gedung LPBJ.Sekitar pukul 11.30 WITA, terdengar suara gemuruh keras. “Sempat dengar suara keras, saat dicek ternyata atap gedung LPBJ sudah ambruk, langsung saya kirim video ke WA grup,” terangnya.Kepala BPBD Tabanan, I Nyoman Srinadha Giri mengatakan, bangunan ukuran 12 x 10 meter tersebut ambruk diperkirakan atap bangunan yang telah lapuk. Ditambah lagi hujan dengan intensitas tinggi yang mengguyur Tabanan selama tiga hari belakangan ini membuat atap kian rapuh hingga akhirnya jebol.“Usai mendapat laporan, kami langsung hubungi pihak PLN untuk memutus listrik di tempat itu agar tidak membahayakan saat proses evakuasi, berkas-berkas dan sejumlah komputer juga sudah dipindah ke ruang rapat,” ucapnya.Sementara itu Kepala Bagian LPBJ Dewa Putu Mahendra mengatakan, berkas-berkas termasuk peralatan komputer sudah seluruhnya dipindahkan ke ruang rapat untuk sementara. Ia mengatakan meski tidak ada kendala dalam proses kerja nantinya, karena untuk lelang sudah rampung akhir tahun ini.Hanya saja, memang perlu segera dilakukan langkah-langkah cepat untuk mengantisipasi adanya lelang mendahului (tidak bisa ditunda) di awal 2022 seperti lelang sewa mobil, dan lelang mamin rumah sakit. “Ada lelang mendahului untuk 2022 jadi diantisipasi lebih awal, sedangkan peralatan kita semua kena air dan belum dicek apakah rusak atau tidak,” jelasnya. (Puspawati/balipost)",balipost.com,"Dajan Peken, 82114, Tabanan, Tabanan, Bali, Indonesia",-8.536609490935,115.13552944186335,5,"2, 7","kejaksaan, kejatibali, kejaritabanan, tabanan, news"
Mantan Bupati Tabanan Ni Putu Eka Wiryastuti Ditetapkan sebagai Tersangka Korupsi Dana Insentif Daerah,2022-03-24T07:00:00.000Z,"Kabupaten Tabanan, Bali, Indonesia",Mantan Bupati Tabanan Ni Putu Eka Wiryastuti Ditetapkan sebagai Tersangka Korupsi Dana Insentif Daerah - Kompas.com,"JAKARTA, KOMPAS.com - Komisi Pemberantasan Korupsi (KPK) mengumumkan mantan Bupati Tabanan, Ni Putu Eka Wiryastuti, sebagai tersangka kasus dugaan korupsi pengurusan dana insentif daerah (DID), Tabanan, Bali tahun 2018.
Eks Bupati Tabanan itu ditetapkan tersangka bersama seorang Dosen I Dewa Nyoman Wiratmaja dan Kepala Seksi Dana Alokasi Khusus Fisik II, Direktorat Jenderal Perimbangan Keuangan, Kementerian Keuangan tahun 2017, Rifa Surya.""KPK menemukan bukti permulaan yang cukup dan meningkatkan perkara ini ke tahap penyidikan pada Oktober 2021,"" ujar Wakil Ketua KPK Lili Pintauli Siregar, dalam konferensi pers, di Gedung Merah Putih KPK, Jakarta, Kamis (24/3/2022).
Baca juga: KPK Duga Dana Insentif Daerah Tabanan Digunakan Tak Sesuai Peruntukannya
Lili menerangkan, Ni Putu Eka Wiryastuti selaku Bupati Tabanan periode 2010-2021 dalam melaksanakan tugasnya mengangkat I Dewa Nyoman Wiratmaja sebagai staf khusus bidang ekonomi dan pembangunan.
Sekitar Agustus 2017, ujar dia, ada inisiatif Bupati Tabanan dua periode itu untuk mengajukan permohonan DID dari pemerintah pusat senilai Rp 65 miliar.




""Untuk merealisasikan keinginannya tersebut, tersangka NPEW (Ni Putu Eka Wiryastuti) memerintahkan tersangka IDNW (I Dewa Nyoman Wiratmaja) menyiapkan seluruh kelengkapan administrasi permohonan pengajuan dana DID dimaksud dan menemui serta berkomunikasi dengan beberapa pihak yang dapat memuluskan usulan tersebut,"" papar Lili.
Adapun pihak yang ditemui I Dewa Nyoman Wiratmaja yaitu Yaya Purnomo dan Rifa Surya yang diduga memiliki kewenangan dan dapat mengawal usulan dana DID untuk Kabupaten Tabanantahun 2018.
Baca juga: KPK Periksa Penggunaan DID untuk Proyek di Pemkab Tabanan
Yaya Purnomo dan Rifa Surya kemudian diduga mengajukan syarat khusus untuk mengawal usulan DID pada Ni Putu Eka Wiryastuti dengan meminta sejumlah uang sebagai fee dengan sebutan “dana adat istiadat”.""Dan permintaan ini lalu diteruskan tersangka IDNW pada tersangka NPEW dan mendapat persetujuan,"" ucap Lili.
""Nilai fee yang ditentukan oleh Yaya Purnomo dan tersangka RS (Rifa Surya) diduga sebesar 2,5 persen dari alokasi dana DID yang nantinya akan didapat oleh Kabupaten Tabanan di Tahun Anggaran 2018,"" sambungnya.
Lebih lanjut, sekitar Agustus-Desember 2017, kata Lili, diduga dilakukan penyerahan uangsecara bertahap oleh I Dewa Nyoman Wiratmaja kepada Yaya Purnomo dan Rifa Surya di salah satu hotel di Jakarta.
Menurut Lili, pemberian uang oleh Ni Putu Eka Wiryastuti melalui I Dewa Nyoman Wiratmaja diduga Rp 600 juta dan 55.300 dollar Amerika
Baca juga: KPK Telusuri Aktivitas Pihak-pihak yang Terkait Pengurusan DID Tabanan
Saat ini, ujar dia, tim penyidik masih akan terus mendalami dugaan adanya aliran uang pada pihak-pihak lain yang diduga juga punya andil dalam pengurusan dana DID untuk Kabupaten Tabanan Tahun Anggaran 2018.
Atas perbuatannya, Ni Putu Eka Wiryastuti dan I Dewa Nyoman Wiratmaja sebagai pihak pemberi disangkakan melanggar Pasal 5 Ayat 1 huruf a atau huruf b atau Pasal 13 Undang-Undang Nomor 31 Tahun 1999.
Sementara itu, Rifa Surya sebagai pihak penerima disangkakan melanggar Pasal 12 huruf a atau Pasal 11 Undang-Undang Nomor 31 Tahun 1999.




  

    
        Bayangkan seorang anak Indonesia bercita-cita menjadi dokter tetapi hanya memiliki satu buku lusuh untuk belajar. Bersama Ekspedisi Kata ke Nyata Kompas.com, Anda bisa membantu mengubah kisah itu.","Mari hadirkan akses literasi bagi anak-anak di berbagai pelosok Indonesia melalui donasi lewat tautan https://bit.ly/JagatLiterasi2026. Setiap kebaikan yang Anda berikan bukan hanya membuka jendela pengetahuan, tetapi juga membuka masa depan mereka.","Pada Hari Kamis , 24 Maret 2022 07:00, Tabanan, Tabanan, Bali

JAKARTA, KOMPAS.com - Komisi Pemberantasan Korupsi (KPK) mengumumkan mantan Bupati Tabanan, Ni Putu Eka Wiryastuti, sebagai tersangka kasus dugaan korupsi pengurusan dana insentif daerah (DID), Tabanan, Bali tahun 2018.
Eks Bupati Tabanan itu ditetapkan tersangka bersama seorang Dosen I Dewa Nyoman Wiratmaja dan Kepala Seksi Dana Alokasi Khusus Fisik II, Direktorat Jenderal Perimbangan Keuangan, Kementerian Keuangan tahun 2017, Rifa Surya.""KPK menemukan bukti permulaan yang cukup dan meningkatkan perkara ini ke tahap penyidikan pada Oktober 2021,"" ujar Wakil Ketua KPK Lili Pintauli Siregar, dalam konferensi pers, di Gedung Merah Putih KPK, Jakarta, Kamis (24/3/2022).
Baca juga: KPK Duga Dana Insentif Daerah Tabanan Digunakan Tak Sesuai Peruntukannya
Lili menerangkan, Ni Putu Eka Wiryastuti selaku Bupati Tabanan periode 2010-2021 dalam melaksanakan tugasnya mengangkat I Dewa Nyoman Wiratmaja sebagai staf khusus bidang ekonomi dan pembangunan.
Sekitar Agustus 2017, ujar dia, ada inisiatif Bupati Tabanan dua periode itu untuk mengajukan permohonan DID dari pemerintah pusat senilai Rp 65 miliar.




""Untuk merealisasikan keinginannya tersebut, tersangka NPEW (Ni Putu Eka Wiryastuti) memerintahkan tersangka IDNW (I Dewa Nyoman Wiratmaja) menyiapkan seluruh kelengkapan administrasi permohonan pengajuan dana DID dimaksud dan menemui serta berkomunikasi dengan beberapa pihak yang dapat memuluskan usulan tersebut,"" papar Lili.
Adapun pihak yang ditemui I Dewa Nyoman Wiratmaja yaitu Yaya Purnomo dan Rifa Surya yang diduga memiliki kewenangan dan dapat mengawal usulan dana DID untuk Kabupaten Tabanantahun 2018.
Baca juga: KPK Periksa Penggunaan DID untuk Proyek di Pemkab Tabanan
Yaya Purnomo dan Rifa Surya kemudian diduga mengajukan syarat khusus untuk mengawal usulan DID pada Ni Putu Eka Wiryastuti dengan meminta sejumlah uang sebagai fee dengan sebutan “dana adat istiadat”.""Dan permintaan ini lalu diteruskan tersangka IDNW pada tersangka NPEW dan mendapat persetujuan,"" ucap Lili.
""Nilai fee yang ditentukan oleh Yaya Purnomo dan tersangka RS (Rifa Surya) diduga sebesar 2,5 persen dari alokasi dana DID yang nantinya akan didapat oleh Kabupaten Tabanan di Tahun Anggaran 2018,"" sambungnya.
Lebih lanjut, sekitar Agustus-Desember 2017, kata Lili, diduga dilakukan penyerahan uangsecara bertahap oleh I Dewa Nyoman Wiratmaja kepada Yaya Purnomo dan Rifa Surya di salah satu hotel di Jakarta.
Menurut Lili, pemberian uang oleh Ni Putu Eka Wiryastuti melalui I Dewa Nyoman Wiratmaja diduga Rp 600 juta dan 55.300 dollar Amerika
Baca juga: KPK Telusuri Aktivitas Pihak-pihak yang Terkait Pengurusan DID Tabanan
Saat ini, ujar dia, tim penyidik masih akan terus mendalami dugaan adanya aliran uang pada pihak-pihak lain yang diduga juga punya andil dalam pengurusan dana DID untuk Kabupaten Tabanan Tahun Anggaran 2018.
Atas perbuatannya, Ni Putu Eka Wiryastuti dan I Dewa Nyoman Wiratmaja sebagai pihak pemberi disangkakan melanggar Pasal 5 Ayat 1 huruf a atau huruf b atau Pasal 13 Undang-Undang Nomor 31 Tahun 1999.
Sementara itu, Rifa Surya sebagai pihak penerima disangkakan melanggar Pasal 12 huruf a atau Pasal 11 Undang-Undang Nomor 31 Tahun 1999.




  

    
        Bayangkan seorang anak Indonesia bercita-cita menjadi dokter tetapi hanya memiliki satu buku lusuh untuk belajar. Bersama Ekspedisi Kata ke Nyata Kompas.com, Anda bisa membantu mengubah kisah itu. Mari hadirkan akses literasi bagi anak-anak di berbagai pelosok Indonesia melalui donasi lewat tautan https://bit.ly/JagatLiterasi2026. Setiap kebaikan yang Anda berikan bukan hanya membuka jendela pengetahuan, tetapi juga membuka masa depan mereka.    
                    Batas akses KARIN
                    
                        Kamu sudah mencapai batas akses KARIN.
                        Gabung membership Kompas.com+ MAX untuk bertanya lebih banyak dan memahami berita dengan lebih leluasa.
                    
                
            
                    
                    
                    Tidak akurat
                
                
                    
                    
                    Tidak relevan
                
                
                    
                    
                    Menyinggung
                
                
                    
                    
                    Terlalu lama
                
                
                    
                    
                    Isu privasi
                
                
                    
                    
                    Lainnya
                
            
            
                    Khusus Member
                    
                        Akses Tanya Langsung Tersedia untuk Member
                        Gabung membership Kompas.com+ MAX untuk bertanya lebih banyak dan memahami berita dengan lebih leluasa.",Kompas.com,"Dajan Peken, 82114, Tabanan, Tabanan, Bali, Indonesia",-8.536609490935,115.13552944186335,5,"2, 7","kejaksaan, kejatibali, kejaritabanan, tabanan, news"
Bupati Tabanan Dorong Desa Wisata Kembangkan Kuliner,2013-07-17T07:00:00.000Z,"Kabupaten Tabanan, Bali, Indonesia",Bupati Tabanan Dorong Desa Wisata Kembangkan Kuliner - Kompas.com,"TABANAN, KOMPAS.com - Bupati Tabanan Ni Putu Eka Wiryastuti mendorong desa wisata di daerahnya mengembangkan kuliner khas perdesaan sebagai upaya menarik minat wisatawan. ""Tentu saja kami akan mendukung pengembangan kuliner oleh masyarakat desa wisata,"" katanya di Tabanan, Bali, Selasa (16/7/2013).Putu Eka menilai kuliner khas Bali pada umumnya monoton sehingga tidak mampu menarik minat wisatawan untuk mencicipinya.","""Kalau saja masyarakat di desa wisata mampu meramu dan menyajikan kuliner yang menggugah selera, tentu wisatawan akan betah dan ini berarti membuka kesempatan kerja bagi masyarakat perdesaan,"" kata putri pertama mantan Bupati Tabanan, Adi Wiryatama itu.Wiryastuti sangat bangga dengan kuliner yang disajikan anggota Padepokan Wirawana, Kecamatan Penebel. ""Masakannya bercita rasa tinggi dan cara penyajiannya juga tidak kalah dengan hotel berbintang,"" katanya.Padepokan itu mampu menyuguhkan ""entil"" atau ketupat khas Penebel yang disajikan bersama ""steak"" ayam dan gurami ""crispy"".Bupati baru menyadari ternyata di Tabanan selain terdapat potensi sumber daya alam yang melimpah, juga memiliki tenaga-tenaga terampil dalam bidang kuliner.","Pada Hari Rabu , 17 Juli 2013 07:00, Tabanan, Tabanan, Bali

TABANAN, KOMPAS.com - Bupati Tabanan Ni Putu Eka Wiryastuti mendorong desa wisata di daerahnya mengembangkan kuliner khas perdesaan sebagai upaya menarik minat wisatawan. ""Tentu saja kami akan mendukung pengembangan kuliner oleh masyarakat desa wisata,"" katanya di Tabanan, Bali, Selasa (16/7/2013).Putu Eka menilai kuliner khas Bali pada umumnya monoton sehingga tidak mampu menarik minat wisatawan untuk mencicipinya. ""Kalau saja masyarakat di desa wisata mampu meramu dan menyajikan kuliner yang menggugah selera, tentu wisatawan akan betah dan ini berarti membuka kesempatan kerja bagi masyarakat perdesaan,"" kata putri pertama mantan Bupati Tabanan, Adi Wiryatama itu.Wiryastuti sangat bangga dengan kuliner yang disajikan anggota Padepokan Wirawana, Kecamatan Penebel. ""Masakannya bercita rasa tinggi dan cara penyajiannya juga tidak kalah dengan hotel berbintang,"" katanya.Padepokan itu mampu menyuguhkan ""entil"" atau ketupat khas Penebel yang disajikan bersama ""steak"" ayam dan gurami ""crispy"".Bupati baru menyadari ternyata di Tabanan selain terdapat potensi sumber daya alam yang melimpah, juga memiliki tenaga-tenaga terampil dalam bidang kuliner. ""Menu yang disajikan oleh warga kita mampu menggugah selera siapa pun untuk mencicipi karena penyajiannya yang sangat apik di samping juga cara penyajiannya,"" katanya.Sementara  Wayan Wirawan selaku pengurus padepokan mengakui bahwa anggotanya mendapat pelatihan dari koki berpengalaman internasional di Bali. ""Anggota kami di Padepokan Wirawana saat ini berjumlah 30 orang. Kemampuan mereka tidak perlu diragukan lagi karena sudah mendapat pelatihan dari ’chef-chef’ andal,"" katanya.



Padepokan, lanjut Wirawan, juga memberdayakan masyarakat sekitar terutama kaum wanita yang tergabung dalam Kelompok Wanita Tani untuk menciptakan lingkungan bersih dan sehat.


  
""Selain mengembangkan kuliner, kami juga memberdayakan kaum perempuan untuk memilah sampah menjadi bank sampah. Selain mampu menciptakan lingkungan yang bersih dan sehat. Program ini juga bisa menambah pemasukan ibu-ibu kita,"" tambah Wirawan.
    
        Bayangkan seorang anak Indonesia bercita-cita menjadi dokter tetapi hanya memiliki satu buku lusuh untuk belajar. Bersama Ekspedisi Kata ke Nyata Kompas.com, Anda bisa membantu mengubah kisah itu. Mari hadirkan akses literasi bagi anak-anak di berbagai pelosok Indonesia melalui donasi lewat tautan https://bit.ly/JagatLiterasi2026. Setiap kebaikan yang Anda berikan bukan hanya membuka jendela pengetahuan, tetapi juga membuka masa depan mereka.",Kompas.com,"Dajan Peken, 82114, Tabanan, Tabanan, Bali, Indonesia",-8.536609490935,115.13552944186335,5,"2, 7","kejaksaan, kejatibali, kejaritabanan, tabanan, news"
Tabanan Arsip Page 599 of 599,2026-09-25T16:08:02.000Z,"Kabupaten Tabanan, Bali, Indonesia",Tabanan Arsip | Page 599 of 599 - balipost.com,"Pemuda Ini Sewa Mobil Untuk Curi GabahTabanan Senin, 13 Maret 2017 | 17:22:04 TABANAN, BALIPOST.com – Berdalih untuk memenuhi kebutuhan hidup dan berfoya-foya, tiga pemuda hanya tamatan SMP asal desa Sangketan, kecamatan Penebel diciduk Polisi. Ketiganya diamankan,...Galian C Kelating Akhirnya Ditutup SementaraTabanan Kamis, 9 Maret 2017 | 16:44:04 TABANAN, BALIPOST.com – Sehari setelah Ombudsman Republik Indonesia (ORI) Bali turun mengusut ijin aktivitas galian C di desa Kelating, kecamatan Kerambitan, Kamis (9/3) giliran Kepala...Ombudsman Usut Ijin Galian C di KelatingTabanan Rabu, 8 Maret 2017 | 16:29:08 TABANAN, BALIPOST.com – Status perijinan galian C di Desa Kelating, Kecamatan Kerambitan, yang diduga bodong rupanya mendapatkan perhatian serius dari Ombudsman Republik Indonesia (ORI)...Dedik Simpan Narkoba di Saku CelanaTabanan Rabu, 8 Maret 2017 | 15:58:34 TABANAN, BALIPOST.com – Anggota satuan narkoba menciduk I Made Ambara alias Dedik (27) di pertigaan jalan Padma, depan UD Manik Mulia, banjar Pande, Kediri,....",,"Pada Hari Jumat , 25 September 2026 16:08, Tabanan, Tabanan, Bali

Pemuda Ini Sewa Mobil Untuk Curi GabahTabanan Senin, 13 Maret 2017 | 17:22:04 TABANAN, BALIPOST.com – Berdalih untuk memenuhi kebutuhan hidup dan berfoya-foya, tiga pemuda hanya tamatan SMP asal desa Sangketan, kecamatan Penebel diciduk Polisi. Ketiganya diamankan,...Galian C Kelating Akhirnya Ditutup SementaraTabanan Kamis, 9 Maret 2017 | 16:44:04 TABANAN, BALIPOST.com – Sehari setelah Ombudsman Republik Indonesia (ORI) Bali turun mengusut ijin aktivitas galian C di desa Kelating, kecamatan Kerambitan, Kamis (9/3) giliran Kepala...Ombudsman Usut Ijin Galian C di KelatingTabanan Rabu, 8 Maret 2017 | 16:29:08 TABANAN, BALIPOST.com – Status perijinan galian C di Desa Kelating, Kecamatan Kerambitan, yang diduga bodong rupanya mendapatkan perhatian serius dari Ombudsman Republik Indonesia (ORI)...Dedik Simpan Narkoba di Saku CelanaTabanan Rabu, 8 Maret 2017 | 15:58:34 TABANAN, BALIPOST.com – Anggota satuan narkoba menciduk I Made Ambara alias Dedik (27) di pertigaan jalan Padma, depan UD Manik Mulia, banjar Pande, Kediri,...",balipost.com,"Dajan Peken, 82114, Tabanan, Tabanan, Bali, Indonesia",-8.536609490935,115.13552944186335,5,"2, 7","kejaksaan, kejatibali, kejaritabanan, tabanan, news"
Perumahan Terjangkau di Bawah Rp 200 Juta di Kabupaten Tabanan Pilihan Ekonomis,2024-08-04T07:00:00.000Z,"Kabupaten Tabanan, Bali, Indonesia",Perumahan Terjangkau di Bawah Rp 200 Juta di Kabupaten Tabanan: Pilihan Ekonomis - Kompas.com,"KOMPAS.com - Kabupaten Tabanan di Bali sedang menarik perhatian dari para calon pemilik rumah.
Sebagai pusat perhatian, daerah tersebut menawarkan berbagai pilihan rumah subsidi dengan harga terjangkau.
Masyarakat dapat mengakses inforamsi terkait rumah dengan harga kurang dari Rp 200 juta melalui Sistem Informasi Kumpulan Pengembang (Sikumbang).Berikut adalah beberapa pilihan rumah terjangkau di Kabupaten Tabanan:

Perumahan Taman Indah Lestari: Tipe 30/60
Terletak di Kerambitan, Kabupaten Tabanan, perumahan ini dibangun PT Puri Gita Asri seharga Rp 149 juta.
Masing-masing rumah dibuat seluas 30/60 meter persegi. Sebanyak 26 rumah telah terjual, sisanya masih 22 unit lagi.





Bca Pesona Jadi Thp 3: Tipe 25
Perumahan satu ini dikembangkan oleh PT Bumi Cempaka Asri yang terletak di Kediri, Kabupaten Tabanan.","Menawarkan 114 rumah dengan harga Rp 168 juta.
Luas bangunan rumah dibuat 25/60 meter persegi. Hingga saat ini, sudah terjual 95 rumah dan masih tersisa 19 unit lagi. 

Gedong Mandung V: Tipe 36
Berlokasi di Kerambitan, Kabupaten Tabanan, proyek perumahan ini dikembangkan oleh PT Gedong Becik Raindra seharga Rp 168 juta.
Bangunan rumah dibuat seluas 36/60 meter persegi.","Pada Hari Minggu , 4 Agustus 2024 07:00, Tabanan, Tabanan, Bali

KOMPAS.com - Kabupaten Tabanan di Bali sedang menarik perhatian dari para calon pemilik rumah.
Sebagai pusat perhatian, daerah tersebut menawarkan berbagai pilihan rumah subsidi dengan harga terjangkau.
Masyarakat dapat mengakses inforamsi terkait rumah dengan harga kurang dari Rp 200 juta melalui Sistem Informasi Kumpulan Pengembang (Sikumbang).Berikut adalah beberapa pilihan rumah terjangkau di Kabupaten Tabanan:

Perumahan Taman Indah Lestari: Tipe 30/60
Terletak di Kerambitan, Kabupaten Tabanan, perumahan ini dibangun PT Puri Gita Asri seharga Rp 149 juta.
Masing-masing rumah dibuat seluas 30/60 meter persegi. Sebanyak 26 rumah telah terjual, sisanya masih 22 unit lagi.





Bca Pesona Jadi Thp 3: Tipe 25
Perumahan satu ini dikembangkan oleh PT Bumi Cempaka Asri yang terletak di Kediri, Kabupaten Tabanan. Menawarkan 114 rumah dengan harga Rp 168 juta.
Luas bangunan rumah dibuat 25/60 meter persegi. Hingga saat ini, sudah terjual 95 rumah dan masih tersisa 19 unit lagi. 

Gedong Mandung V: Tipe 36
Berlokasi di Kerambitan, Kabupaten Tabanan, proyek perumahan ini dikembangkan oleh PT Gedong Becik Raindra seharga Rp 168 juta.
Bangunan rumah dibuat seluas 36/60 meter persegi. Hingga saat ini, masih tersedia 12 rumah dari total 26 unit yang disediakan.

Graha Kita Tahaf Ii: Tipe 35/66
Perumahan keempat ini terletak di Salamadeg Timur, Kabupaten Tabanan. Total rumah yang ditawarkan 24 unti seharga Rp 168 juta.
Bangunan rumah dibuat seluas 35/66 meter persgei. PT Jatayu Dewata masih memasarkan sisa satu rumah lagi. 

Bca Multi Jadi Ix Thp 3: Tipe 25
Di Kediri, Kabupaten Tabanan, terdapat perumahan dengan total 136 unit. Saat ini, telah terjual 95 rumah dengan harga Rp 168 juta per unit.
Bangunan-bangunan rumah dibuat seluas 25/60 meter persegi. PT Bumi Cempaka Asri masih memasarkan 41 rumah lagi.





  




    
        Bayangkan seorang anak Indonesia bercita-cita menjadi dokter tetapi hanya memiliki satu buku lusuh untuk belajar. Bersama Ekspedisi Kata ke Nyata Kompas.com, Anda bisa membantu mengubah kisah itu. Mari hadirkan akses literasi bagi anak-anak di berbagai pelosok Indonesia melalui donasi lewat tautan https://bit.ly/JagatLiterasi2026. Setiap kebaikan yang Anda berikan bukan hanya membuka jendela pengetahuan, tetapi juga membuka masa depan mereka.",Kompas.com,"Dajan Peken, 82114, Tabanan, Tabanan, Bali, Indonesia",-8.536609490935,115.13552944186335,5,"2, 7","kejaksaan, kejatibali, kejaritabanan, tabanan, news"
Prabowo Santap MBG Bareng Siswa Sekolah Rakyat di Tabanan,2026-06-07T07:00:00.000Z,"Kabupaten Tabanan, Bali, Indonesia",Prabowo Santap MBG Bareng Siswa Sekolah Rakyat di Tabanan - Kompas.com,"JAKARTA, KOMPAS.com - Presiden Prabowo Subianto sempat menyantap Makan Bergizi Gratis (MBG) saat menyambangi Sekolah Rakyat Menengah Pertama (SRMP) 17 Tabanan, Bali, Minggu (7/6/2026). Dilihat dari tayangan video Badan Komunikasi Pemerintah RI, Kepala Negara mulanya memberi sepatah dua patah arahan di hadapan para pelajar dan orang tua murid SRMP 17 Tabanan, Bali.","Ia lalu beranjak menuju ruang makan yang acapkali digunakan oleh para pelajar untuk santap siang. Setibanya di sana, kedatangan Prabowo disambut oleh salah seolah siswa yang sudah berdiri tegak, siap memberikan laporan.","Pada Hari Minggu , 7 Juni 2026 07:00, Tabanan, Tabanan, Bali

JAKARTA, KOMPAS.com - Presiden Prabowo Subianto sempat menyantap Makan Bergizi Gratis (MBG) saat menyambangi Sekolah Rakyat Menengah Pertama (SRMP) 17 Tabanan, Bali, Minggu (7/6/2026).  Dilihat dari tayangan video Badan Komunikasi Pemerintah RI, Kepala Negara mulanya memberi sepatah dua patah arahan di hadapan para pelajar dan orang tua murid SRMP 17 Tabanan, Bali.  Ia lalu beranjak menuju ruang makan yang acapkali digunakan oleh para pelajar untuk santap siang. Setibanya di sana, kedatangan Prabowo disambut oleh salah seolah siswa yang sudah berdiri tegak, siap memberikan laporan.  “Lapor! Makan siang siap dilaksanakan,” ucap salah seorang siswa yang memimpin dan melapor kepada Prabowo. “Laksanakan!” sahut Prabowo.
Baca juga: Prabowo: Pendidikan Bisa Buat Rakyat Sejahtera di Semua Bidang



 Prabowo kemudian menyempatkan diri untuk berbincang singkat dengan siswa tersebut, menanyakan dari mana asalnya dan tinggal bersama siapa di Pulau Dewata ini. Setelah itu, Prabowo duduk di tengah-tengah ruang makan bersama para siswa dan wali murid. Menu Makan Bergizi Gratis tersebut pun disantap dengan lahap. “Enak,” sahut seorang pelajar menutup santap siangnya tatkala usai menyantap Makan Bergizi Gratis di SRMP 17 Tabanan.
Baca juga: Prabowo Ingatkan Siswa Sekolah Rakyat di Bali: Belajar Disiplin, Patuh Sama Guru
Prabowo sampaikan manfaan Sekolah Rakyat dan pendidikan
Adapun dalam sambutannya, Prabowo menyebut bahwa Sekolah Rakyat dibangun untuk membantu masyarakat yang paling susah dan yang paling kurang berdaya.  Oleh karenanya Prabowo menekankan, usaha untuk membuat masyarakat hidup lebih baik dan lebih layak adalah usaha yang sangat besar.  Pendidikan kata Prabowo, menjadi salah satu yang ia prioritaskan.  ""Pendidikan yang bisa membuat rakyat sejahtera di semua bidang. Pendidikan dan latihan untuk petani, latihan untuk guru, untuk perawat, semua bidang harus kita tingkatkan pendidikan dan latihan,"" tandas Prabowo.




  




    
        Bayangkan seorang anak Indonesia bercita-cita menjadi dokter tetapi hanya memiliki satu buku lusuh untuk belajar. Bersama Ekspedisi Kata ke Nyata Kompas.com, Anda bisa membantu mengubah kisah itu. Mari hadirkan akses literasi bagi anak-anak di berbagai pelosok Indonesia melalui donasi lewat tautan https://bit.ly/JagatLiterasi2026. Setiap kebaikan yang Anda berikan bukan hanya membuka jendela pengetahuan, tetapi juga membuka masa depan mereka.    
                    Batas akses KARIN
                    
                        Kamu sudah mencapai batas akses KARIN.
                        Gabung membership Kompas.com+ MAX untuk bertanya lebih banyak dan memahami berita dengan lebih leluasa.
                    
                
            
                    
                    
                    Tidak akurat
                
                
                    
                    
                    Tidak relevan
                
                
                    
                    
                    Menyinggung
                
                
                    
                    
                    Terlalu lama
                
                
                    
                    
                    Isu privasi
                
                
                    
                    
                    Lainnya
                
            
            
                    Khusus Member
                    
                        Akses Tanya Langsung Tersedia untuk Member
                        Gabung membership Kompas.com+ MAX untuk bertanya lebih banyak dan memahami berita dengan lebih leluasa.",Kompas.com,"Dajan Peken, 82114, Tabanan, Tabanan, Bali, Indonesia",-8.536609490935,115.13552944186335,5,"2, 7","kejaksaan, kejatibali, kejaritabanan, tabanan, news"
Berita Kilas Daerah Kabupaten Tabanan Hari Ini,2024-07-17T05:27:07.000Z,"Kabupaten Tabanan, Bali, Indonesia",Berita Kilas Daerah Kabupaten Tabanan Hari Ini - Kompas.com,"TABANAN
                    

            
    
        
            
                
                
                
                    Tabanan Jadi Kabupaten Terbaik III Tekan Kemiskinan dan Stunting di Jawa-Bali
                    Salah satu inovasi yang terbukti mampu mendukung percepatan penurunan stunting di Kabupaten Tabanan adalah program unggulan Bupati Ngantor di Desa.
                    
                        
                            
                                TABANAN
                            
                            
                                5 Juni 2026
                            
                        
                    
                
            
        
    
    
                                      
            
                
                    
                    
                    
                        Kunjungan Ke-55 Program 'Bungan Desa', Bupati Tabanan Fokus Kembangkan Potensi Lokal
                        
                            
                                
                                    TABANAN
                                
                                
                                    30 Juli 2024
                                
                            
                        
                    
                
            
                          
            
                
                    
                    
                    
                        Ikuti Pesan Bung Karno, Bupati Tabanan Dorong KTNA Jaga Kemandirian Pangan
                        
                            
                                
                                    TABANAN
                                
                                
                                    29 Juli 2024
                                
                            
                        
                    
                
            
                          
            
                
                    
                    
                    
                        Ketua TP-PKK Tabanan Intensifkan Program Sosial di Marga dan Baturiti
                        
                            
                                
                                    TABANAN
                                
                                
                                    27 Juli 2024
                                
                            
                        
                    
                
            
                    

        

                
            
                
                    Feature
                
            

            
    
        
            
            
            
                Ketua TP-PKK Tabanan Intensifkan Program Sosial di Marga dan Baturiti
                
                    
                        
                            TABANAN
                        
                        
                            27 Juli 2024
                        
                    
                
            
        
    

        
        
                
            
                
                    All News
                
            

            
                 
    
        
            
            
            
                Ngantor di Desa Buahan, Bupati Tabanan Apresiasi Inovasi Mi Kelor yang Unik dan Sehat
                
                    
                        
                            TABANAN
                        
                        
                            26 Juli 2024
                        
                    
                
            
        
    

    
        
            
            
            
                Lestarikan Budaya dan Tradisi, Bupati Tabanan Pimpin Bhakti Penganyar di 2 Pura Suci di Jatim
                
                    
                        
                            TABANAN
                        
                        
                            23 Juli 2024
                        
                    
                
            
        
    

    
        
            
            
            
                Ceria dan Penuh Semangat, Anak-anak Belajar Story Telling bersama Bunda PAUD Tabanan
                
                    
                        
                            TABANAN
                        
                        
                            17 Juli 2024
                        
                    
                
            
        
    

    
        
            
            
            
                Festival Jatiluwih V Sukses Digelar, Bupati Tabanan Apresiasi Seluruh Pihak yang Terlibat
                
                    
                        
                            TABANAN
                        
                        
                            17 Juli 2024.",,"Pada Hari Rabu , 17 Juli 2024 05:27, Tabanan, Tabanan, Bali

TABANAN
                    

            
    
        
            
                
                
                
                    Tabanan Jadi Kabupaten Terbaik III Tekan Kemiskinan dan Stunting di Jawa-Bali
                    Salah satu inovasi yang terbukti mampu mendukung percepatan penurunan stunting di Kabupaten Tabanan adalah program unggulan Bupati Ngantor di Desa.
                    
                        
                            
                                TABANAN
                            
                            
                                5 Juni 2026
                            
                        
                    
                
            
        
    
    
                                      
            
                
                    
                    
                    
                        Kunjungan Ke-55 Program 'Bungan Desa', Bupati Tabanan Fokus Kembangkan Potensi Lokal
                        
                            
                                
                                    TABANAN
                                
                                
                                    30 Juli 2024
                                
                            
                        
                    
                
            
                          
            
                
                    
                    
                    
                        Ikuti Pesan Bung Karno, Bupati Tabanan Dorong KTNA Jaga Kemandirian Pangan
                        
                            
                                
                                    TABANAN
                                
                                
                                    29 Juli 2024
                                
                            
                        
                    
                
            
                          
            
                
                    
                    
                    
                        Ketua TP-PKK Tabanan Intensifkan Program Sosial di Marga dan Baturiti
                        
                            
                                
                                    TABANAN
                                
                                
                                    27 Juli 2024
                                
                            
                        
                    
                
            
                    

        

                
            
                
                    Feature
                
            

            
    
        
            
            
            
                Ketua TP-PKK Tabanan Intensifkan Program Sosial di Marga dan Baturiti
                
                    
                        
                            TABANAN
                        
                        
                            27 Juli 2024
                        
                    
                
            
        
    

        
        
                
            
                
                    All News
                
            

            
                 
    
        
            
            
            
                Ngantor di Desa Buahan, Bupati Tabanan Apresiasi Inovasi Mi Kelor yang Unik dan Sehat
                
                    
                        
                            TABANAN
                        
                        
                            26 Juli 2024
                        
                    
                
            
        
    

    
        
            
            
            
                Lestarikan Budaya dan Tradisi, Bupati Tabanan Pimpin Bhakti Penganyar di 2 Pura Suci di Jatim
                
                    
                        
                            TABANAN
                        
                        
                            23 Juli 2024
                        
                    
                
            
        
    

    
        
            
            
            
                Ceria dan Penuh Semangat, Anak-anak Belajar Story Telling bersama Bunda PAUD Tabanan
                
                    
                        
                            TABANAN
                        
                        
                            17 Juli 2024
                        
                    
                
            
        
    

    
        
            
            
            
                Festival Jatiluwih V Sukses Digelar, Bupati Tabanan Apresiasi Seluruh Pihak yang Terlibat
                
                    
                        
                            TABANAN
                        
                        
                            17 Juli 2024",Kompas.com,"Dajan Peken, 82114, Tabanan, Tabanan, Bali, Indonesia",-8.536609490935,115.13552944186335,5,"2, 7","kejaksaan, kejatibali, kejaritabanan, tabanan, news"
Belajar Tentang Herbal dan Kopi Aktivitas Wisata Baru di Tabanan,2016-12-13T08:00:00.000Z,"Kabupaten Tabanan, Bali, Indonesia","Belajar Tentang Herbal dan Kopi, Aktivitas Wisata Baru di Tabanan - Kompas.com","JAKARTA, KOMPAS.com - Bali kini memiliki obyek wisata edukasi baru bernama Bali Secret Garden. Wisatawan bisa belajar tentang kekayaan herbal Indonesia yang belum banyak diketahui.","Misalnya, pembuatan lulur tradisional dan keunggulan kopi Tanah Air.""Ini objek wisata dan edukasi herborist pertama di Bali Utara. Namanya Bali Secret Garden.","Pada Hari Selasa , 13 Desember 2016 08:00, Tabanan, Tabanan, Bali

JAKARTA, KOMPAS.com - Bali kini memiliki obyek wisata edukasi baru bernama Bali Secret Garden. Wisatawan bisa belajar tentang kekayaan herbal Indonesia yang belum banyak diketahui. Misalnya, pembuatan lulur tradisional dan keunggulan kopi Tanah Air.""Ini objek wisata dan edukasi herborist pertama di Bali Utara. Namanya Bali Secret Garden. Wahananya telah resmi dibuka per 9 Desember 2016 oleh Menteri Pariwisata Arief Yahya. Ini menjadi destinasi baru pariwisata Bali,” terang Ketua Tim Percepatan Wisata Kuliner dan Belanja Kemenpar, Vita Datau Messakh seperti dikutip dari siaran pers Kementerian Pariwisata kepada KompasTravel, Senin (12/12/2016).Secara arsitektur, bangunan Secret Garden Village adalah perpaduan unsur modern dan tradisional khas Bali. Bangunan di Secret Garden Village ini terinspirasi dari pegunungan yang ada di sekitar Tabanan.Di Bali Secret Garden, wisatawan bisa mengunjungi Oemah Herborist Factory Outlet dan menjumpai salah satu produk kecantikan yang terkenal dengan lulur khas Bali-nya. Di area ini, pengunjung akan diajak mengunjungi Beauty Heritage Museum yang menyimpan sejarah dunia kecantikan dan kosmetik di Indonesia. Pengunjung juga bisa membuat kosmetik dari bahan alami di area mini plant serta menonton film pendek tentang kosmetik Indonesia dari masa ke masa.
Selanjutnya, ada wisata edukasi tentang kopi di Black Eye Coffee and Roastery yang bisa dinikmati. Di bagian ini, pengunjung bisa mempelajari proses pembuatan kopi berkualitas tinggi yang diracik langsung oleh para barista.
Dok. Bali Secret Garden Bagi pecinta kopi, Black Eye Coffee memberikan Anda kesempatan untuk menjelajah museum kopi, melihat proses pembuatan mulai dari pemrosesan biji mentah hingga menjadi kopi bubuk berkualitas tinggi, menyesap lezatnya kopi dari berbagai macam jenis, dan tentunya memilih berbagai jenis kopi untuk Anda bawa pulang.Sambil beristirahat sejenak, pengunjung juga bisa menikmati berbagai jenis kopi khas Nusantara seperti Kopi Toraja, Aceh, Lampung, Jawa, dan kopi dari beragam daerah lain.



“Kopi yang diolah di sini semuanya adalah kopi khas Nusantara, namun pengolahannya menggunakan mesin yang modern,” tambah Vita.
Bagi pecinta kopi, Black Eye Coffee memberikan Anda kesempatan untuk menjelajah museum kopi, melihat proses pembuatan mulai dari proses pengolahan biji mentah hingga menjadi kopi bubuk berkualitas tinggi, menyesap lezatnya kopi dari berbagai macam jenis, dan tentunya memilih berbagai jenis kopi untuk Anda bawa pulang.
Selain dua aktivitas tersebut, Anda dapat menikmati indahnya alam Bedugul yang dikelilingi perbukitan sambil menikmati kuliner lezat khas Bali dan menu internasional di Rice View Resto. Tempat makan ini khusus untuk BBQ, sementara The Luwus Resto yang menyediakan menu Nusantara dan menu masakan Asia.“Menu tradisional Tabanan Bebek Luwung menjadi makanan andalan tempat ini, selain makanan seafood dan makanan Western lainnya. Bebek luwung diolah dengan bumbu khas Bali yang memberikan pengalaman rasa secara lengkap,” terang wanita yang juga menjabat Ketua Akademi Gastronomi Indonesia itu.Dok. Bali Secret Garden Gourmet Bali Secret GardenBagi yang suka swafoto, silahkan arahkan pandangan ke Beauty Garden dengan hiasan taman yang indah. 
“Konsep Gourmet Beauty tersaji secara indah dan dapat diekpresikan sebagai usaha menggabungkan pengalaman panca indra yang lengkap visual, rasa, penciuman, pendengaran dan sentuhan. Sangat cocok untuk wisata keluarga. Ini menjadi aset promosi untuk mendatangkan wisatawan mancanegara khususnya wisatawan gastronomi,” tambah Vita.Menpar Arief Yahya menilai objek wisata baru ini berhasil menggabungkan pariwisata dan ekonomi kreatif. Menurutnya, Secret Garden Village akan ikut membantu upaya pemerintah meningkatkan kontribusi pariwisata dan ekonomi kreatif.
“Bangsa ini hanya bisa menangkan persaingan di ekonomi kreatif.‎ Kita akan menangkan persaingan dengan relatif mudah di pariwisata dan ekonomi kreatif,” jelasnya.
Dia memaparkan objek wisata di kawasan Bali Utara ini menggabungkan ekonomi kreatif kuliner dan fashion khususnya produk kosmetik. Dua pilihan tersebut dinilai sangat bagus, karena kedua sektor tersebut merupakan penyumbang terbesar devisa dari ekonomi kreatif.Dok. Bali Secret Garden Gourmet Bali Secret Garden Pemilik Secret Garden Village, Billy Hartono Salim mengharapkan keberadaan objek baru ini dapat menjadi ikon baru di Bali khususnya di Kabupaten Tabanan.
“Keberadaan objek baru ini sekaligus untuk menempatkan investasi tidak terbatas di Bali selatan saja, tetapi ke utara,” jelas Billy yang beruntung bisa dihadiri Menpar Arief Yahya.
Bagi yang ingin menyambangi Bali Secret Garden, lokasinya terbilang mudah dijangkau. Destinasi wisata dengan slogan ""The Next Iconic Destination of Bali Island"" itu terletak di Tabanan Km 36.


  


        Bayangkan seorang anak Indonesia bercita-cita menjadi dokter tetapi hanya memiliki satu buku lusuh untuk belajar. Bersama Ekspedisi Kata ke Nyata Kompas.com, Anda bisa membantu mengubah kisah itu. Mari hadirkan akses literasi bagi anak-anak di berbagai pelosok Indonesia melalui donasi lewat tautan https://bit.ly/JagatLiterasi2026. Setiap kebaikan yang Anda berikan bukan hanya membuka jendela pengetahuan, tetapi juga membuka masa depan mereka.",Kompas.com,"Dajan Peken, 82114, Tabanan, Tabanan, Bali, Indonesia",-8.536609490935,115.13552944186335,5,"2, 7","kejaksaan, kejatibali, kejaritabanan, tabanan, news"
Pemuka Agama di Tabanan Bali Jadi Tersangka Pelecehan Seksual,2023-10-13T07:00:00.000Z,"Kabupaten Tabanan, Bali, Indonesia",Pemuka Agama di Tabanan Bali Jadi Tersangka Pelecehan Seksual - Kompas.com,"TABANAN, KOMPAS.com - Polres Tabanan menetapkan seorang pemuka agama berinisial KDA di Kabupaten Tabanan, Provinsi Bali, atas kasus dugaan pelecehan seksual terhadap seorang perempuan berinisial NCK (22). Kapolres Tabanan, AKBP Leo Dedy Defretes mengatakan tersangka dijerat Pasal 6 huruf a Undang-undang RI No 12 tahun 2022 tentang Tindak Pidana Kekerasan Seksual (TPKS).
""Konstruksi pasal yang kami pakai adalah UU No 12 tahun 2022 Pasal 6 huruf a tentang TPKS,"" ujarnya, Jumat (13/10/2023) dalam keterangan pers di Mapolres Tabanan.Baca juga: Kasus Pelecehan Seksual, 2 Eks Mahasiswa FK Unand Divonis 9 Bulan Penjara
Polisi masih mendalami penyidikan penanganan kasus tersebut.","Dalam proses penyidikan itu, penyidik berkoordinasi dengan Jaksa Penuntut Umum (JPU) terkait pasal yang disangkakan.
Menurutnya, tak menutup kemungkinan polisi akan mengenakan pasal tambahan terhadap tersangka. ""Kami mohon waktu, dalam proses penyidikan ini tidak berhenti sampai di pasal ini saja.","Pada Hari Jumat , 13 Oktober 2023 07:00, Tabanan, Tabanan, Bali

TABANAN, KOMPAS.com - Polres Tabanan menetapkan seorang pemuka agama berinisial KDA di Kabupaten Tabanan, Provinsi Bali, atas kasus dugaan pelecehan seksual terhadap seorang perempuan berinisial NCK (22). 
Kapolres Tabanan, AKBP Leo Dedy Defretes mengatakan tersangka dijerat Pasal 6 huruf a Undang-undang RI No 12 tahun 2022 tentang Tindak Pidana Kekerasan Seksual (TPKS).
""Konstruksi pasal yang kami pakai adalah UU No 12 tahun 2022 Pasal 6 huruf a tentang TPKS,"" ujarnya, Jumat (13/10/2023) dalam keterangan pers di Mapolres Tabanan.Baca juga: Kasus Pelecehan Seksual, 2 Eks Mahasiswa FK Unand Divonis 9 Bulan Penjara
Polisi masih mendalami penyidikan penanganan kasus tersebut. Dalam proses penyidikan itu, penyidik berkoordinasi dengan Jaksa Penuntut Umum (JPU) terkait pasal yang disangkakan.
Menurutnya, tak menutup kemungkinan polisi akan mengenakan pasal tambahan terhadap tersangka. 




""Kami mohon waktu, dalam proses penyidikan ini tidak berhenti sampai di pasal ini saja. Kami akan koordinasi dengan kejaksaan untuk kemungkinan menggunakan penambahan pasal lain,"" sambung dia.Hingga saat ini, polisi telah memeriksa setidaknya tujuh orang saksi dan mengumpulkan sejumlah barang bukti dalam kasus tersebut.
""Kami melakukan pendalaman dan kemungkinan dilakukan pemanggilan terhadap saksi-saksi lainnya,"" katanya.
Adapun tersangka diduga melecehkan korban di sebuah kos-kosan di Desa Pandak Gede, Kecamatan Kediri, Kabupaten Tabanan, pada, Kamis (21/9/2023) malam.
Baca juga: Dugaan Pelecehan Seksual di UIN Salatiga, Polisi Sebut Belum Ada Laporan 
Kejadian dugaan pelecehan seksual ini sempat diunggah oleh pegiat media sosial dan viral.




  

    
        Bayangkan seorang anak Indonesia bercita-cita menjadi dokter tetapi hanya memiliki satu buku lusuh untuk belajar. Bersama Ekspedisi Kata ke Nyata Kompas.com, Anda bisa membantu mengubah kisah itu. Mari hadirkan akses literasi bagi anak-anak di berbagai pelosok Indonesia melalui donasi lewat tautan https://bit.ly/JagatLiterasi2026. Setiap kebaikan yang Anda berikan bukan hanya membuka jendela pengetahuan, tetapi juga membuka masa depan mereka.",Kompas.com,"Dajan Peken, 82114, Tabanan, Tabanan, Bali, Indonesia",-8.536609490935,115.13552944186335,5,"2, 7","kejaksaan, kejatibali, kejaritabanan, tabanan, news"
Bus yang Angkut 42 Siswa SMP di Surabaya Kecelakaan di Tabanan Pihak Sekolah Beri Layanan Trauma Healing,2022-06-21T07:00:00.000Z,"Kabupaten Tabanan, Bali, Indonesia","Bus yang Angkut 42 Siswa SMP di Surabaya Kecelakaan di Tabanan, Pihak Sekolah Beri Layanan ""Trauma Healing"" - Kompas.com","SURABAYA, KOMPAS.com - Rombongan siswa Sekolah Menengah Pertama (SMP) Labschool Unesa 2 Surabaya telah tiba di Surabaya, Senin (20/6/2022) setelah bus yang membawa mereka mengalami tabrakan beruntun di Baturiti, Tabanan, Bali.
Kecelakaan tersebut mengakibatkan satu orang tewas dan delapan lainnya luka-luka.
Baca juga: Pengakuan Sopir Bus, Tersangka Tabrakan Beruntun di Tabanan Bali: Kalau Saya Buang ke Kiri, Korban Mungkin Lebih BanyakSebanyak 42 siswa dan empat guru yang berada di dalam bus, semuanya kini tengah menjalani trauma healing dari tim Satuan Mitigasi Crisis Center (SMCC) Universitas Negeri Surabaya (UNESA).
Wakil Bidang Akademik Badan Pengelolaan Labschool Unesa, Widya Nusantara menerangkan bahwa trauma healing tersebut melibatkan semua siswa dan guru yang tergabung dalam rombongan study tour ke Bali.
Baca juga: Sebelum Tabrakan Beruntun di Tabanan, Penumpang Cium Bau Terbakar lalu Bus Melaju Zig-zag




Menurutnya, penumpang bus tentu merasakan syok usai mengalami kejadian tersebut.
""Sebagai orangtua tentulah ada rasa khawatir. Karena itu kita berikan penanganan juga.","Siswa aman dan ini kita kembalikan kondisi psikologisnya dan kita harapkan orangtua juga tenang,” kata Widya kepada Kompas.com, Selasa (21/6/2022).
Baca juga: Kecelakaan Maut di Baturiti Tabanan, Sopir Bus Pariwisata Jadi Tersangka


Widya menjelaskan, sejak rombongan korban tiba di Surabaya, tim SMCC telah melakukan asesmen untuk memastikan bahwa kondisi siswa baik-baik saja.
Ternyata ada empat orang yang mengalami luka terkena serpihan kaca, termasuk satu guru olahraga. 
“Kami sudah cek. Clear, tidak ada yang sampai parah.","Pada Hari Selasa , 21 Juni 2022 07:00, Tabanan, Tabanan, Bali

SURABAYA, KOMPAS.com - Rombongan siswa Sekolah Menengah Pertama (SMP) Labschool Unesa 2 Surabaya telah tiba di Surabaya, Senin (20/6/2022) setelah bus yang membawa mereka mengalami tabrakan beruntun di Baturiti, Tabanan, Bali.
Kecelakaan tersebut mengakibatkan satu orang tewas dan delapan lainnya luka-luka.
Baca juga: Pengakuan Sopir Bus, Tersangka Tabrakan Beruntun di Tabanan Bali: Kalau Saya Buang ke Kiri, Korban Mungkin Lebih BanyakSebanyak 42 siswa dan empat guru yang berada di dalam bus, semuanya kini tengah menjalani trauma healing dari tim Satuan Mitigasi Crisis Center (SMCC) Universitas Negeri Surabaya (UNESA).
Wakil Bidang Akademik Badan Pengelolaan Labschool Unesa, Widya Nusantara menerangkan bahwa trauma healing tersebut melibatkan semua siswa dan guru yang tergabung dalam rombongan study tour ke Bali.
Baca juga: Sebelum Tabrakan Beruntun di Tabanan, Penumpang Cium Bau Terbakar lalu Bus Melaju Zig-zag




Menurutnya, penumpang bus tentu merasakan syok usai mengalami kejadian tersebut.
""Sebagai orangtua tentulah ada rasa khawatir. Karena itu kita berikan penanganan juga. Siswa aman dan ini kita kembalikan kondisi psikologisnya dan kita harapkan orangtua juga tenang,” kata Widya kepada Kompas.com, Selasa (21/6/2022).
Baca juga: Kecelakaan Maut di Baturiti Tabanan, Sopir Bus Pariwisata Jadi Tersangka


Widya menjelaskan, sejak rombongan korban tiba di Surabaya, tim SMCC telah melakukan asesmen untuk memastikan bahwa kondisi siswa baik-baik saja.
Ternyata ada empat orang yang mengalami luka terkena serpihan kaca, termasuk satu guru olahraga. 
“Kami sudah cek. Clear, tidak ada yang sampai parah. Yang lecet dikit pun baik-baik saja dan beraktivitas seperti biasanya. Namun secara psikis perlu diberikan penanganan. Ini kami pihak sekolah dan SMCC benar-benar fokus penanganan psikologis dan pendampingan. Untuk aktivitas sekolah kami undur dulu sampai penanganan selesai,” terangnya.
Baca juga: PN Surabaya Izinkan Pasangan Beda Agama Menikah, Ini PertimbangannyaWiryo Nuryono, Ketua Divisi  SMCC UNESA menyatakan, sekitar 20 personel yang terdiri dari konselor dan psikolog UNESA terlibat untuk memberikan penanganan kepada seluruh siswa baik kelas VII maupun kelas VIII.
Penanganan juga menyasar kepada guru dan orangtua siswa. 
Ada penanganan yang bersifat individual dan ada yang berkelompok, didasarkan pada tingkat trauma atau kondisi psikis yang dialami siswa.
“Untuk yang individual ada timnya sendiri, pendekatannya sendiri dan ruangannya sendiri. Begitu pun yang kelompok. Semua sudah disiapkan dan ini sedang proses healing. Nanti teman-teman dari Pemkot mau ke sini, kami sudah koordinasi. Kita sama-sama beri treatment,” ucapnya.  
Baca juga: Kronologi Kecelakaan Beruntun Bus Pariwisata Tabrak 10 Kendaraan di Tabanan Bali
Melihat kondisi keparahan trauma yang dialami korban, Wiryo tidak bisa menargetkan kapan semua korban kembali normal, sebab kondisi psikologi masing-masing korban tidak sama.
“Mengenai sampai kapan treatment ini berlangsung, belum bisa ditentukan, karena trauma seseorang kadang bisa ditangani cepat kadang bisa lama. Tidak bisa diprediksi. Namun kami tetap memberikan yang terbaik sampai semua kembali pulih,” pungkas dia.
Rombongan siswa SMP Labschool Unesa 2 Surabaya berangkat ke Bali dalam rangka study tour.
Mereka bertolak dari Surabaya pada Jumat melalui jalur utara, menggunakan tiga kendaraan yakni dua bus pariwisata dan satu Hiace.
Total ada 88 orang yang ikut dalam rombongan itu. Rinciannya, 62 siswa kelas VII dan VIII, 25 guru, dan satu keluarga guru.
Namun bus yang membawa 46 orang mengalami kecelakaan beruntun di Baturiti, Tabanan.




  

    
        Bayangkan seorang anak Indonesia bercita-cita menjadi dokter tetapi hanya memiliki satu buku lusuh untuk belajar. Bersama Ekspedisi Kata ke Nyata Kompas.com, Anda bisa membantu mengubah kisah itu. Mari hadirkan akses literasi bagi anak-anak di berbagai pelosok Indonesia melalui donasi lewat tautan https://bit.ly/JagatLiterasi2026. Setiap kebaikan yang Anda berikan bukan hanya membuka jendela pengetahuan, tetapi juga membuka masa depan mereka.",Kompas.com,"Dajan Peken, 82114, Tabanan, Tabanan, Bali, Indonesia",-8.536609490935,115.13552944186335,5,"2, 7","kejaksaan, kejatibali, kejaritabanan, tabanan, news"
Ketua SMSI Tabanan Disorot Rangkap Jabatan hingga Kedekatan dengan Kekuasaan Dipertanyakan SMSI Pusat Didorong Turun Tangan,2026-09-25T14:02:00.000Z,"Kabupaten Tabanan, Bali, Indonesia","Ketua SMSI Tabanan Disorot: Rangkap Jabatan hingga Kedekatan dengan Kekuasaan Dipertanyakan, SMSI Pusat Didorong Turun Tangan - suryaindonesia.net","403 Forbidden
Request forbidden by administrative rules..",,"Pada Hari Jumat , 25 September 2026 14:02, Tabanan, Tabanan, Bali

403 Forbidden
Request forbidden by administrative rules.",suryaindonesia.net,"Dajan Peken, 82114, Tabanan, Tabanan, Bali, Indonesia",-8.536609490935,115.13552944186335,5,"2, 7","kejaksaan, kejatibali, kejaritabanan, tabanan, news"
Gasak Emas Majikan Rp 50 Juta ART di Tabanan Ditangkap,2026-08-19T07:00:00.000Z,"Kabupaten Tabanan, Bali, Indonesia","Gasak Emas Majikan Rp 50 Juta, ART di Tabanan Ditangkap - Kompas.com","TABANAN, KOMPAS.com - Seorang asisten rumah tangga (ART) berinisial MLM (26) ditangkap polisi setelah mencuri sejumlah perhiasan emas milik majikannya di Kecamatan Kediri, Kabupaten Tabanan, Bali.
Perhiasan yang dicuri berupa dua kalung emas, dua gelang emas, dan satu cincin. Total kerugian korban ditaksir mencapai Rp 50 juta.Kepala Seksi (Kasi) Humas Polres Tabanan Iptu Ni Luh Putu Wiwik Endrayani mengatakan, kasus tersebut terungkap setelah korban melaporkan pencurian ke Polres Tabanan.
""Pelaku merupakan ART yang bekerja di rumah korban sehingga mengetahui kondisi dan letak penyimpanan barang berharga,"" kata Wiwik, dikonfirmasi Selasa (18/8/2026).
Baca juga: 5 Tersangka Pengeroyokan Pencuri Ayam di Tabanan Ajukan Penangguhan Penahanan
Pencurian dilakukan secara bertahap.","Polisi mengungkap, aksi pertama terjadi pada Sabtu (8/8/2026) sekitar pukul 12.00 Wita. Saat itu, pelaku mengambil satu kalung emas yang disimpan di laci lemari kamar utama.




Dua hari kemudian, Senin (10/8/2026) sekitar pukul 18.00 Wita, pelaku kembali mengambil perhiasan emas lainnya.","Pada Hari Rabu , 19 Agustus 2026 07:00, Tabanan, Tabanan, Bali

TABANAN, KOMPAS.com - Seorang asisten rumah tangga (ART) berinisial MLM (26) ditangkap polisi setelah mencuri sejumlah perhiasan emas milik majikannya di Kecamatan Kediri, Kabupaten Tabanan, Bali.
Perhiasan yang dicuri berupa dua kalung emas, dua gelang emas, dan satu cincin. Total kerugian korban ditaksir mencapai Rp 50 juta.Kepala Seksi (Kasi) Humas Polres Tabanan Iptu Ni Luh Putu Wiwik Endrayani mengatakan, kasus tersebut terungkap setelah korban melaporkan pencurian ke Polres Tabanan.
""Pelaku merupakan ART yang bekerja di rumah korban sehingga mengetahui kondisi dan letak penyimpanan barang berharga,"" kata Wiwik, dikonfirmasi Selasa (18/8/2026).
Baca juga: 5 Tersangka Pengeroyokan Pencuri Ayam di Tabanan Ajukan Penangguhan Penahanan
Pencurian dilakukan secara bertahap. Polisi mengungkap, aksi pertama terjadi pada Sabtu (8/8/2026) sekitar pukul 12.00 Wita. Saat itu, pelaku mengambil satu kalung emas yang disimpan di laci lemari kamar utama.




Dua hari kemudian, Senin (10/8/2026) sekitar pukul 18.00 Wita, pelaku kembali mengambil perhiasan emas lainnya. Barang yang diambil saat itu berupa gelang dan cincin.
Pada malam harinya, korban yang sedang bekerja di sebuah hotel di kawasan Seminyak mendapat kabar dari pengasuh anaknya bahwa listrik di rumah mati dan terdapat orang mencurigakan yang masuk ke rumah.
Korban kemudian meminta pengasuh bersama anak-anaknya tetap berada di dalam kamar dan mengunci pintu. Tetangga korban kemudian datang untuk mengecek kondisi rumah.
Baca juga: Kejari Tabanan Selidiki Dugaan Korupsi Anggaran Dinkes, Kerugian Rp 300 JutaSetelah listrik kembali menyala, mereka menemukan kondisi salah satu laci dalam keadaan berantakan. Namun, saat itu belum diketahui bahwa sejumlah perhiasan milik korban telah hilang.
Setibanya di rumah sekitar pukul 22.00 Wita, korban memeriksa laci tersebut dan menyadari perhiasannya sudah tidak ada.
Korban kemudian melaporkan kejadian tersebut ke Polres Tabanan. Polisi melakukan penyelidikan dan mengarah kepada MLM yang merupakan ART di rumah korban.Dari hasil pemeriksaan, pelaku mengakui mengambil perhiasan tersebut.
Polisi menyebut emas hasil curian kemudian dijual pada Selasa (11/8/2026) di kawasan Jalan Hasanudin, Denpasar. Dari penjualan tersebut, pelaku memperoleh Rp 33,15 juta.
""Sebagian besar hasil penjualan masih diamankan dan menjadi barang bukti,"" ujar Wiwik.Polisi mengamankan uang tunai Rp 32,15 juta yang disebut sebagai sisa hasil penjualan emas. Selain itu, polisi juga menyita satu kalung emas.
MLM beserta barang bukti kemudian dibawa ke Polres Tabanan untuk menjalani proses hukum. Dia disangkakan Pasal 476 KUHP juncto Pasal 126 Ayat (1) KUHP tentang pencurian.




  

    
        Bayangkan seorang anak Indonesia bercita-cita menjadi dokter tetapi hanya memiliki satu buku lusuh untuk belajar. Bersama Ekspedisi Kata ke Nyata Kompas.com, Anda bisa membantu mengubah kisah itu. Mari hadirkan akses literasi bagi anak-anak di berbagai pelosok Indonesia melalui donasi lewat tautan https://bit.ly/JagatLiterasi2026. Setiap kebaikan yang Anda berikan bukan hanya membuka jendela pengetahuan, tetapi juga membuka masa depan mereka.",Kompas.com,"Dajan Peken, 82114, Tabanan, Tabanan, Bali, Indonesia",-8.536609490935,115.13552944186335,5,"2, 7","kejaksaan, kejatibali, kejaritabanan, tabanan, news"
Ibu dan Anak Tersesat Saat Daki Gunung Batukaru di Tabanan Basarnas Lakukan Pencarian,2025-07-07T07:00:00.000Z,"Kabupaten Tabanan, Bali, Indonesia","Ibu dan Anak Tersesat Saat Daki Gunung Batukaru di Tabanan, Basarnas Lakukan Pencarian - Kompas.com","TABANAN, KOMPAS.com - Seorang ibu bernama Astuti (40) dan anaknya, Resta (19), tersesat saat mendaki Gunung Batukaru di Kecamatan Penebel, Kabupaten Tabanan, Provinsi Bali.
Kepala Basarnas Bali, I Nyoman Sidakarya menyampaikan bahwa kedua korban tersesat saat turun dari puncak Gunung Batukaru, Tabanan, Bali, pada Minggu (6/7/2025).
""Awalnya mereka melakukan pendakian bersama tujuh orang lainnya dalam satu rombongan,"" ujarnya, Senin (7/7/2025).Baca juga: 4 Pendaki Tersesat di Gunung Batukaru Tabanan, Basarnas Lakukan Pencarian
Rombongan memulai pendakian pada Minggu dini hari sekitar pukul 02.00 Wita dari jalur Pura Malem Desa Pupuan.
Ketika tiba di puncak, kedua korban memutuskan untuk turun terlebih dahulu.




Namun, hingga Minggu malam, keduanya tak kunjung kembali.Dari laporan yang diterima petugas siaga Basarnas Bali pada pukul 21.15 Wita, diketahui identitas kedua korban.
Mereka merupakan warga yang tinggal di daerah Tuban, Badung. ""Laporan kami terima, dikatakan perkiraan waktu kejadian kurang lebih pukul 11.00 Wita,"" ucap Sidakarya.
Baca juga: 4 Remaja Tersesat di Gunung Batukaru Tabanan
Setelah menerima laporan, sebanyak lima orang personel Basarnas dikerahkan untuk melakukan pencarian.
Tim SAR juga berkoordinasi dengan Polsek Penebel Tabanan dan pemandu lokal Batukaru.
""Saat ini cuaca di lokasi hujan ringan dengan suhu mencapai 22 derajat dan jarak pandang berkisar 11,6 km.","Semoga upaya pencarian bisa berjalan lancar,"" ucapnya. 




  

    
        Bayangkan seorang anak Indonesia bercita-cita menjadi dokter tetapi hanya memiliki satu buku lusuh untuk belajar. Bersama Ekspedisi Kata ke Nyata Kompas.com, Anda bisa membantu mengubah kisah itu.","Pada Hari Senin , 7 Juli 2025 07:00, Tabanan, Tabanan, Bali

TABANAN, KOMPAS.com - Seorang ibu bernama Astuti (40) dan anaknya, Resta (19), tersesat saat mendaki Gunung Batukaru di Kecamatan Penebel, Kabupaten Tabanan, Provinsi Bali.
Kepala Basarnas Bali, I Nyoman Sidakarya menyampaikan bahwa kedua korban tersesat saat turun dari puncak Gunung Batukaru, Tabanan, Bali, pada Minggu (6/7/2025).
""Awalnya mereka melakukan pendakian bersama tujuh orang lainnya dalam satu rombongan,"" ujarnya, Senin (7/7/2025).Baca juga: 4 Pendaki Tersesat di Gunung Batukaru Tabanan, Basarnas Lakukan Pencarian
Rombongan memulai pendakian pada Minggu dini hari sekitar pukul 02.00 Wita dari jalur Pura Malem Desa Pupuan.
Ketika tiba di puncak, kedua korban memutuskan untuk turun terlebih dahulu.




Namun, hingga Minggu malam, keduanya tak kunjung kembali.Dari laporan yang diterima petugas siaga Basarnas Bali pada pukul 21.15 Wita, diketahui identitas kedua korban.
Mereka merupakan warga yang tinggal di daerah Tuban, Badung. ""Laporan kami terima, dikatakan perkiraan waktu kejadian kurang lebih pukul 11.00 Wita,"" ucap Sidakarya.
Baca juga: 4 Remaja Tersesat di Gunung Batukaru Tabanan
Setelah menerima laporan, sebanyak lima orang personel Basarnas dikerahkan untuk melakukan pencarian.
Tim SAR juga berkoordinasi dengan Polsek Penebel Tabanan dan pemandu lokal Batukaru.
""Saat ini cuaca di lokasi hujan ringan dengan suhu mencapai 22 derajat dan jarak pandang berkisar 11,6 km. Semoga upaya pencarian bisa berjalan lancar,"" ucapnya. 




  

    
        Bayangkan seorang anak Indonesia bercita-cita menjadi dokter tetapi hanya memiliki satu buku lusuh untuk belajar. Bersama Ekspedisi Kata ke Nyata Kompas.com, Anda bisa membantu mengubah kisah itu. Mari hadirkan akses literasi bagi anak-anak di berbagai pelosok Indonesia melalui donasi lewat tautan https://bit.ly/JagatLiterasi2026. Setiap kebaikan yang Anda berikan bukan hanya membuka jendela pengetahuan, tetapi juga membuka masa depan mereka.",Kompas.com,"Dajan Peken, 82114, Tabanan, Tabanan, Bali, Indonesia",-8.536609490935,115.13552944186335,5,"2, 7","kejaksaan, kejatibali, kejaritabanan, tabanan, news"
Sektor Pariwisata Dongkrak PAD Tabanan,2026-08-02T07:00:00.000Z,"Kabupaten Tabanan, Bali, Indonesia",Sektor Pariwisata Dongkrak PAD Tabanan - balipost.com,"Aktivitas wisatawan di DTW Tanah Lot salah satu gambaran geliat sektor pariwisata Tabanan.(BP/istimewa)SINGASANA, BALIPOST.com – Geliat sektor usaha dan pariwisata di Kabupaten Tabanan mulai berdampak terhadap penerimaan daerah. Sejumlah sektor pajak bahkan mencatat realisasi melampaui target, di tengah upaya pemerintah daerah memperkuat Pendapatan Asli Daerah (PAD) untuk menopang pembangunan dan pelayanan publik.Berdasarkan data Badan Keuangan Daerah (Bakeuda) Kabupaten Tabanan per 16 Juli 2026, realisasi PAD mencapai Rp331,97 miliar atau 35,80 persen dari target tahun 2026 sebesar Rp927,17 miliar.","Dari capaian tersebut, pajak daerah menjadi kontributor terbesar dengan realisasi Rp216,13 miliar atau 48,51 persen dari target yang ditetapkan.Menariknya, sejumlah sektor usaha justru mampu melampaui target penerimaan pajak. Di antaranya pajak karaoke, bar dan spa.","Pada Hari Minggu , 2 Agustus 2026 07:00, Tabanan, Tabanan, Bali

Aktivitas wisatawan di DTW Tanah Lot salah satu gambaran geliat sektor pariwisata Tabanan.(BP/istimewa)SINGASANA, BALIPOST.com – Geliat sektor usaha dan pariwisata di Kabupaten Tabanan mulai berdampak terhadap penerimaan daerah. Sejumlah sektor pajak bahkan mencatat realisasi melampaui target, di tengah upaya pemerintah daerah memperkuat Pendapatan Asli Daerah (PAD) untuk menopang pembangunan dan pelayanan publik.Berdasarkan data Badan Keuangan Daerah (Bakeuda) Kabupaten Tabanan per 16 Juli 2026, realisasi PAD mencapai Rp331,97 miliar atau 35,80 persen dari target tahun 2026 sebesar Rp927,17 miliar. Dari capaian tersebut, pajak daerah menjadi kontributor terbesar dengan realisasi Rp216,13 miliar atau 48,51 persen dari target yang ditetapkan.Menariknya, sejumlah sektor usaha justru mampu melampaui target penerimaan pajak. Di antaranya pajak karaoke, bar dan spa. Selain itu, pajak olahraga dan kebugaran, penyelenggaraan kesenian, vila hingga pondok wisata juga mencatat realisasi di atas target.Kondisi tersebut menjadi salah satu indikator bergeraknya aktivitas ekonomi di Tabanan, terutama sektor usaha yang berkaitan dengan pariwisata dan jasa. Di sisi lain, peningkatan penerimaan pajak juga tidak terlepas dari kepatuhan masyarakat maupun pelaku usaha dalam memenuhi kewajiban perpajakannya.Kepala Bakeuda Tabanan, Dra. Ni Wayan Mariati, mengatakan capaian hingga pertengahan tahun memberikan optimisme bagi pemerintah daerah dalam mengejar target PAD 2026.“Realisasi PAD hingga pertengahan tahun ini memberikan gambaran positif. Capaian semester I ini tentu jadi acuan sekaligus menumbuhkan optimisme target PAD Tahun 2026 dapat tercapai sesuai yang telah ditetapkan,” jelas Mariati.Menurutnya, Bakeuda akan terus memperkuat pengelolaan pendapatan melalui intensifikasi dan ekstensifikasi sumber-sumber PAD. Peningkatan kualitas pelayanan kepada wajib pajak serta koordinasi dengan seluruh perangkat daerah pengelola pendapatan juga terus dilakukan.Mariati berharap kolaborasi pemerintah daerah, pelaku usaha dan masyarakat dapat terus diperkuat. Kepatuhan dalam memenuhi kewajiban pajak dan retribusi, kata dia, akan menjadi salah satu penopang pencapaian target pendapatan daerah hingga akhir tahun.“Kolaborasi seluruh perangkat daerah, dukungan para pelaku usaha, dan kepatuhan masyarakat sebagai wajib pajak, kami optimistis target PAD tahun 2026 dapat direalisasikan optimal. Pendapatan yang berhasil dihimpun nantinya akan kembali kepada masyarakat dalam bentuk pembangunan dan peningkatan kualitas pelayanan publik,” pungkasnya.Terpisah, Bupati Tabanan, Dr. I Komang Gede Sanjaya, mengapresiasi kinerja perangkat daerah, pelaku usaha dan masyarakat yang turut berkontribusi terhadap peningkatan penerimaan daerah. Menurutnya, capaian tersebut menunjukkan aktivitas ekonomi di Tabanan terus bergerak dan kesadaran masyarakat dalam memenuhi kewajiban perpajakan semakin baik.“Astungkara, capaian Pendapatan Asli Daerah hingga pertengahan tahun ini menunjukkan perkembangan yang baik. Ini menjadi bukti bahwa aktivitas ekonomi di Kabupaten Tabanan terus bergerak positif dan kesadaran masyarakat serta pelaku usaha dalam memenuhi kewajiban perpajakan semakin meningkat,” ujarnya.Sanjaya mengatakan, pemerintah daerah akan terus melakukan inovasi dalam pengelolaan pendapatan sekaligus mengoptimalkan berbagai potensi PAD yang masih dapat dikembangkan.“Pendapatan Asli Daerah merupakan salah satu fondasi penting dalam mewujudkan pembangunan yang berkelanjutan. Semakin kuat kapasitas fiskal daerah, semakin besar pula kemampuan pemerintah menghadirkan pelayanan publik yang berkualitas, pembangunan infrastruktur, serta berbagai program yang berpihak kepada kesejahteraan masyarakat,” tegasnya.Ia menambahkan, penguatan PAD tidak semata-mata diarahkan untuk meningkatkan penerimaan daerah. Optimalisasi pendapatan juga harus berjalan beriringan dengan pertumbuhan ekonomi serta peningkatan kualitas pelayanan kepada masyarakat.(Puspawati/balipost)",balipost.com,"Dajan Peken, 82114, Tabanan, Tabanan, Bali, Indonesia",-8.536609490935,115.13552944186335,5,"2, 7","kejaksaan, kejatibali, kejaritabanan, tabanan, news"
Perangkat Desa di Tabanan Tilap Dana Desa Uang Rp 850 Juta Ditransfer ke Rekening Pribadi,2025-09-25T07:00:00.000Z,"Kabupaten Tabanan, Bali, Indonesia","Perangkat Desa di Tabanan Tilap Dana Desa, Uang Rp 850 Juta Ditransfer ke Rekening Pribadi - Kompas.com","TABANAN, KOMPAS.com – Kejaksaan Negeri (Kejari) Tabanan menahan seorang perangkat Desa Jegu, Kecamatan Penebel, Kabupaten Tabanan, Bali, berinisial IGPPW.
Pria yang menjabat sebagai Kepala Urusan (Kaur) Perencanaan sekaligus operator Sistem Keuangan Desa (Siskeudes) itu diduga menilal dana desa sebesar Rp 850,5 juta.
Kepala Seksi Intelijen Kejari Tabanan, Putu Nuryanto, mengatakan dana tersebut IGPPW transfer ke rekening pribadi IGPPW.""Modusnya, tersangka mentransfer kas desa ke rekening pribadinya tanpa sepengetahuan bendahara, sekretaris desa, maupun kepala desa,"" kata Nuryanto, Kamis (25/9/2025).
Baca juga: Plt Bupati Nduga Salurkan Dana Desa Rp 4 Miliar untuk 2 Distrik
Perbuatan itu diduga dilakukan tersangka sejak Oktober 2023 hingga 2024.




Selama periode tersebut, IGPPW diduga 18 kali mentransfer dana desa ke rekening pribadinya dengan total Rp 267,5 juta pada 2023.
Kemudian pada 2024, IGPPW kembali melakukan 46 kali transaksi dengan total Rp 583 juta.
""Tersangka bisa melakukan itu karena menguasai user ID, password, dan token internet banking desa. Seharusnya akses itu tidak boleh digunakan tanpa persetujuan perangkat desa lain,"" jelasnya.Baca juga: Eks Kades di Sergai Ditahan gara-gara Korupsi Dana Desa Rp 214 Juta
Untuk menutupi aksinya, IGPPW disebut memanipulasi laporan transaksi dengan menghapus namanya dari bukti transfer sebelum diserahkan ke kepala desa dan bendahara desa.
Aksi IGPPW terbongkar pada Oktober 2024 ketika sekretaris desa menemukan kejanggalan.
Honor kegiatan rutin desa, seperti posyandu dan kebersihan, sering terlambat dibayarkan.","Saat rekening kas desa diperiksa, saldo yang tersisa hanya Rp 900 ribu.
Berdasarkan audit Badan Pengawasan Keuangan dan Pembangunan (BPKP) Provinsi Bali, perbuatan IGPPW menimbulkan kerugian negara senilai Rp 850.552.992.
Atas perbuatannya, IGPPW disangka dengan Pasal 2 ayat (1), Pasal 3, dan Pasal 9 juncto Pasal 18 Undang-Undang Tipikor serta Pasal 64 ayat (1) KUHP.
""Jaksa Penuntut Umum melakukan penahanan selama 20 hari ke depan, terhitung sejak 23 September hingga 12 Oktober 2025, di Lapas Kelas IIA Kerobokan,"" pungkas Nuryanto.




  

    
        Bayangkan seorang anak Indonesia bercita-cita menjadi dokter tetapi hanya memiliki satu buku lusuh untuk belajar. Bersama Ekspedisi Kata ke Nyata Kompas.com, Anda bisa membantu mengubah kisah itu.","Pada Hari Kamis , 25 September 2025 07:00, Tabanan, Tabanan, Bali

TABANAN, KOMPAS.com – Kejaksaan Negeri (Kejari) Tabanan menahan seorang perangkat Desa Jegu, Kecamatan Penebel, Kabupaten Tabanan, Bali, berinisial IGPPW.
Pria yang menjabat sebagai Kepala Urusan (Kaur) Perencanaan sekaligus operator Sistem Keuangan Desa (Siskeudes) itu diduga menilal dana desa sebesar Rp 850,5 juta.
Kepala Seksi Intelijen Kejari Tabanan, Putu Nuryanto, mengatakan dana tersebut IGPPW transfer ke rekening pribadi IGPPW.""Modusnya, tersangka mentransfer kas desa ke rekening pribadinya tanpa sepengetahuan bendahara, sekretaris desa, maupun kepala desa,"" kata Nuryanto, Kamis (25/9/2025).
Baca juga: Plt Bupati Nduga Salurkan Dana Desa Rp 4 Miliar untuk 2 Distrik
Perbuatan itu diduga dilakukan tersangka sejak Oktober 2023 hingga 2024.




Selama periode tersebut, IGPPW diduga 18 kali mentransfer dana desa ke rekening pribadinya dengan total Rp 267,5 juta pada 2023.
Kemudian pada 2024, IGPPW kembali melakukan 46 kali transaksi dengan total Rp 583 juta.
""Tersangka bisa melakukan itu karena menguasai user ID, password, dan token internet banking desa. Seharusnya akses itu tidak boleh digunakan tanpa persetujuan perangkat desa lain,"" jelasnya.Baca juga: Eks Kades di Sergai Ditahan gara-gara Korupsi Dana Desa Rp 214 Juta
Untuk menutupi aksinya, IGPPW disebut memanipulasi laporan transaksi dengan menghapus namanya dari bukti transfer sebelum diserahkan ke kepala desa dan bendahara desa.
Aksi IGPPW terbongkar pada Oktober 2024 ketika sekretaris desa menemukan kejanggalan.
Honor kegiatan rutin desa, seperti posyandu dan kebersihan, sering terlambat dibayarkan. Saat rekening kas desa diperiksa, saldo yang tersisa hanya Rp 900 ribu.
Berdasarkan audit Badan Pengawasan Keuangan dan Pembangunan (BPKP) Provinsi Bali, perbuatan IGPPW menimbulkan kerugian negara senilai Rp 850.552.992.
Atas perbuatannya, IGPPW disangka dengan Pasal 2 ayat (1), Pasal 3, dan Pasal 9 juncto Pasal 18 Undang-Undang Tipikor serta Pasal 64 ayat (1) KUHP.
""Jaksa Penuntut Umum melakukan penahanan selama 20 hari ke depan, terhitung sejak 23 September hingga 12 Oktober 2025, di Lapas Kelas IIA Kerobokan,"" pungkas Nuryanto.




  

    
        Bayangkan seorang anak Indonesia bercita-cita menjadi dokter tetapi hanya memiliki satu buku lusuh untuk belajar. Bersama Ekspedisi Kata ke Nyata Kompas.com, Anda bisa membantu mengubah kisah itu. Mari hadirkan akses literasi bagi anak-anak di berbagai pelosok Indonesia melalui donasi lewat tautan https://bit.ly/JagatLiterasi2026. Setiap kebaikan yang Anda berikan bukan hanya membuka jendela pengetahuan, tetapi juga membuka masa depan mereka.",Kompas.com,"Dajan Peken, 82114, Tabanan, Tabanan, Bali, Indonesia",-8.536609490935,115.13552944186335,5,"2, 7","kejaksaan, kejatibali, kejaritabanan, tabanan, news"
Bisnis Hotel di Bali Masih Menjanjikan,2018-03-10T08:00:00.000Z,"Kabupaten Tabanan, Bali, Indonesia",Bisnis Hotel di Bali Masih Menjanjikan - properti.kompas.com,"TABANAN, KOMPAS.com - Bisnis perhotelan atau fasilitas akomodasi di Bali, dinilai masih sangat menjanjikan dengan tingkat hunian rata-rata pada angka stabil 50-60 persen.
Dus, hingga saat ini pun Pulau Dewata masih menjadi destinasi wisata nomor satu dunia versi Traveler's Choice Awards 2017 yang digelar TripAdvisor.
Baca juga : Jumeirah Bakal Hadir di Bali Kuartal IV-2018 Oleh karena itulah, menyediakan hotel merupakan salah satu strategi Ciputra Group sebagai trigger atau pemantik dalam pengembangan mixed use Ciputra Beach Resort, di Kabupaten Tabanan, Bali.
Associate Director Ciputra Beach Resort Bali Helen hamzah menuturkan, di kawasan seluas 80 hektar tersebut, tak hanya dikembangkan hunian, melainkan juga hotel berkonsep resor dan vila.
""Kami menggandeng Rosewood, nama besar di sektor perhotelan dengan klasifikasi mewah,"" kata Helen menjawab Kompas.com, Rabu (6/3/2018).



Helen menuturkan, Rosewood Hotels and Resorts ini akan dibangun sebanyak 80 suites dan 40 vila dengan masing-masing punya keunikan yang berbeda.
Saat ini, aku Helen, Rosewood Hotels and Resorts tengah dalam tahap pematangan desain. Begitu desain final selesai, akan dilanjutkan dengan tahap pembangunan.
Menurut dia, nama besar rantai operator global ini sedikit banyak memengaruhi konsumen dan investor dalam keputusan membeli hunian Ciputra Beach Resort baik klaster Sadana maupun Nivata.Baca juga : Bisnis Properti Pulih, Ciputra Beach Resort Bali Terjual 70 Persen  
Tak hanya Rosewood Hotels and Resorts, Ciputra juga akan menggandeng nama besar lain yang lebih menyasar genre milenial.
""Keputusannya nanti dalam pengembangan Ciputra Beach Resort Tahap II,"" tambah Helen.
Kehadiran Rosewood Hotels and Resorts akan meramaikan kompetisi bisnis perhotelan di Bali.","Menurut catatan Colliers International Indonesia, per akhir 2017 saja terdapat 10 hotel baru yang beroperasi dengan jumlah kamar 1.402 unit.Angka itu tidak termasuk hotel yang masih berupa proyek atau dalam proses konstruksi namun dijadwalkan dibuka tahun ini seperti Springhill Villas & Resort at Jimbaran Hijau, The Himana-Mercure Bali Jimbaran, The Element Ubud, Jumeirah, Renaissance Bali Resort & Spa Uluwatu dan @HOM Jimbaran.
 ""Sementara jika dikalkulasi hingga tahun 2019 mendatang, terdapat 40 hotel baru dengan total 7.154 kamar yang dibuka untuk menyambut turis yang datang ke Bali,"" kata Senior Associate Director Research Colliers International Ferry Salanto. Di antara jumlah tersebut, satu merupakan hotel bintang tiga yakni Fairfield Hotel dengan jumlah kamar 223 unit.","Pada Hari Sabtu , 10 Maret 2018 08:00, Tabanan, Tabanan, Bali

TABANAN, KOMPAS.com - Bisnis perhotelan atau fasilitas akomodasi di Bali, dinilai masih sangat menjanjikan dengan tingkat hunian rata-rata pada angka stabil 50-60 persen.
Dus, hingga saat ini pun Pulau Dewata masih menjadi destinasi wisata nomor satu dunia versi Traveler's Choice Awards 2017 yang digelar TripAdvisor.
Baca juga : Jumeirah Bakal Hadir di Bali Kuartal IV-2018 Oleh karena itulah, menyediakan hotel merupakan salah satu strategi Ciputra Group sebagai trigger atau pemantik dalam pengembangan mixed use Ciputra Beach Resort, di Kabupaten Tabanan, Bali.
Associate Director Ciputra Beach Resort Bali Helen hamzah menuturkan, di kawasan seluas 80 hektar tersebut, tak hanya dikembangkan hunian, melainkan juga hotel berkonsep resor dan vila.
""Kami menggandeng Rosewood, nama besar di sektor perhotelan dengan klasifikasi mewah,"" kata Helen menjawab Kompas.com, Rabu (6/3/2018).



Helen menuturkan, Rosewood Hotels and Resorts ini akan dibangun sebanyak 80 suites dan 40 vila dengan masing-masing punya keunikan yang berbeda.
Saat ini, aku Helen, Rosewood Hotels and Resorts tengah dalam tahap pematangan desain. Begitu desain final selesai, akan dilanjutkan dengan tahap pembangunan.
Menurut dia, nama besar rantai operator global ini sedikit banyak memengaruhi konsumen dan investor dalam keputusan membeli hunian Ciputra Beach Resort baik klaster Sadana maupun Nivata.Baca juga : Bisnis Properti Pulih, Ciputra Beach Resort Bali Terjual 70 Persen  
Tak hanya Rosewood Hotels and Resorts, Ciputra juga akan menggandeng nama besar lain yang lebih menyasar genre milenial.
""Keputusannya nanti dalam pengembangan Ciputra Beach Resort Tahap II,"" tambah Helen.
Kehadiran Rosewood Hotels and Resorts akan meramaikan kompetisi bisnis perhotelan di Bali. Menurut catatan Colliers International Indonesia, per akhir 2017 saja terdapat 10 hotel baru yang beroperasi dengan jumlah kamar 1.402 unit.Angka itu tidak termasuk hotel yang masih berupa proyek atau dalam proses konstruksi namun dijadwalkan dibuka tahun ini seperti Springhill Villas & Resort at Jimbaran Hijau, The Himana-Mercure Bali Jimbaran, The Element Ubud, Jumeirah, Renaissance Bali Resort & Spa Uluwatu dan @HOM Jimbaran.
 ""Sementara jika dikalkulasi hingga tahun 2019 mendatang, terdapat 40 hotel baru dengan total 7.154 kamar yang dibuka untuk menyambut turis yang datang ke Bali,"" kata Senior Associate Director Research Colliers International Ferry Salanto. 
Di antara jumlah tersebut, satu merupakan hotel bintang tiga yakni Fairfield Hotel dengan jumlah kamar 223 unit. Hotel ini direncanakan beroperasi tahun 2018 ini.




  

    
        Bayangkan seorang anak Indonesia bercita-cita menjadi dokter tetapi hanya memiliki satu buku lusuh untuk belajar. Bersama Ekspedisi Kata ke Nyata Kompas.com, Anda bisa membantu mengubah kisah itu. Mari hadirkan akses literasi bagi anak-anak di berbagai pelosok Indonesia melalui donasi lewat tautan https://bit.ly/JagatLiterasi2026. Setiap kebaikan yang Anda berikan bukan hanya membuka jendela pengetahuan, tetapi juga membuka masa depan mereka.",properti.kompas.com,"Dajan Peken, 82114, Tabanan, Tabanan, Bali, Indonesia",-8.536609490935,115.13552944186335,5,"2, 7","kejaksaan, kejatibali, kejaritabanan, tabanan, news"
Kapolres Tabanan Dampingi Wakil Ketua DPR RI dan jajaran DPR RI Kunjungi Keluarga Korban Kasus Pengeroyokan di Buleleng,2026-07-29T07:00:00.000Z,"Kabupaten Tabanan, Bali, Indonesia",Kapolres Tabanan Dampingi Wakil Ketua DPR RI dan jajaran DPR RI Kunjungi Keluarga Korban Kasus Pengeroyokan di Buleleng - suryaindonesia.net,"403 Forbidden
Request forbidden by administrative rules..",,"Pada Hari Rabu , 29 Juli 2026 07:00, Tabanan, Tabanan, Bali

403 Forbidden
Request forbidden by administrative rules.",suryaindonesia.net,"Dajan Peken, 82114, Tabanan, Tabanan, Bali, Indonesia",-8.536609490935,115.13552944186335,5,"2, 7","kejaksaan, kejatibali, kejaritabanan, tabanan, news"
Rekonstruksi Pengeroyokan Pencuri Ayam di Tabanan 18 Adegan Diperagakan Tersangka Tetap 5,2026-09-21T07:00:00.000Z,"Kabupaten Tabanan, Bali, Indonesia","Rekonstruksi Pengeroyokan Pencuri Ayam di Tabanan, 18 Adegan Diperagakan, Tersangka Tetap 5 - Kompas.com","TABANAN, KOMPAS.com - Polisi merampungkan rekonstruksi kasus pengeroyokan yang mengakibatkan pencuri ayam tewas di Kabupaten Tabanan, Bali.
Kepala Seksi (Kasi) Humas Polres Tabanan, Iptu Ni Putu Wiwik Endrayani, mengatakan bahwa rekonstruksi digelar di halaman Mapolres Tabanan pada Kamis (17/9/2026).
""Rekonstruksi diikuti lima tersangka dan saksi yang berada di lokasi kejadian. Dihadiri pihak Kejaksaan Negeri (Kejari) Tabanan, tim kuasa hukum tersangka, serta penyidik Satreskrim Polres Tabanan,"" ujar Wiwik saat dikonfirmasi, Senin (21/9/2026).Dia menjelaskan, rekonstruksi dilakukan untuk memperagakan rangkaian kejadian pidana pengeroyokan berdasarkan perkara yang ditangani penyidik.
Baca juga: Koster Minta Warga Tak Main Hakim Sendiri Usai Pencuri Ayam Tewas Dikeroyok di Bali
Dikonfirmasi terpisah, Kasat Reskrim Polres Tabanan, AKP Made Teddy Satria Permana, mengatakan bahwa rekonstruksi tidak menemukan fakta baru dalam perkara tersebut.




Dia juga memastikan bahwa jumlah tersangka dalam perkara tersebut masih tetap lima orang.
""Tidak ada fakta baru, masih sama dengan BAP (Berita Acara Pemeriksaan).","Tersangka masih lima, belum ada penambahan,"" kata Teddy.
Menurut Teddy, setelah rekonstruksi, penyidik akan berkoordinasi dengan Kejari Tabanan untuk proses selanjutnya.""Setelah rekonstruksi kami koordinasi dengan kejaksaan untuk pengiriman berkas perkara,"" ujarnya.
Baca juga: 5 Tersangka Pengeroyokan Pencuri Ayam di Tabanan Ajukan Penangguhan Penahanan

Para tersangka disangkakan Pasal 262 ayat (1) atau ayat (4) terkait kekerasan yang dilakukan secara terang-terangan atau di muka umum secara bersama-sama terhadap orang atau barang hingga mengakibatkan kematian.
Adapun pengeroyokan itu terjadi di Banjar Juwuk Legi, Desa Batunya, Kecamatan Baturiti, pada 24 Juli 2026 dini hari.
Insiden tersebut menewaskan seorang pria asal Desa Sidetapa, Kecamatan Banjar, Kabupaten Buleleng, berinisial KD.
Pria itu tewas dihakimi massa ussai terpergok diduga mencuri seekor ayam aduan.
Baca juga: Pencuri Ayam yang Tewas di Bali Ternyata Sudah Diincar Polres Badung, 4 Kali Lolos Penggerebekan




  

    
        Bayangkan seorang anak Indonesia bercita-cita menjadi dokter tetapi hanya memiliki satu buku lusuh untuk belajar. Bersama Ekspedisi Kata ke Nyata Kompas.com, Anda bisa membantu mengubah kisah itu.","Pada Hari Senin , 21 September 2026 07:00, Tabanan, Tabanan, Bali

TABANAN, KOMPAS.com - Polisi merampungkan rekonstruksi kasus pengeroyokan yang mengakibatkan pencuri ayam tewas di Kabupaten Tabanan, Bali.
Kepala Seksi (Kasi) Humas Polres Tabanan, Iptu Ni Putu Wiwik Endrayani, mengatakan bahwa rekonstruksi digelar di halaman Mapolres Tabanan pada Kamis (17/9/2026).
""Rekonstruksi diikuti lima tersangka dan saksi yang berada di lokasi kejadian. Dihadiri pihak Kejaksaan Negeri (Kejari) Tabanan, tim kuasa hukum tersangka, serta penyidik Satreskrim Polres Tabanan,"" ujar Wiwik saat dikonfirmasi, Senin (21/9/2026).Dia menjelaskan, rekonstruksi dilakukan untuk memperagakan rangkaian kejadian pidana pengeroyokan berdasarkan perkara yang ditangani penyidik.
Baca juga: Koster Minta Warga Tak Main Hakim Sendiri Usai Pencuri Ayam Tewas Dikeroyok di Bali
Dikonfirmasi terpisah, Kasat Reskrim Polres Tabanan, AKP Made Teddy Satria Permana, mengatakan bahwa rekonstruksi tidak menemukan fakta baru dalam perkara tersebut.




Dia juga memastikan bahwa jumlah tersangka dalam perkara tersebut masih tetap lima orang.
""Tidak ada fakta baru, masih sama dengan BAP (Berita Acara Pemeriksaan). Tersangka masih lima, belum ada penambahan,"" kata Teddy.
Menurut Teddy, setelah rekonstruksi, penyidik akan berkoordinasi dengan Kejari Tabanan untuk proses selanjutnya.""Setelah rekonstruksi kami koordinasi dengan kejaksaan untuk pengiriman berkas perkara,"" ujarnya.
Baca juga: 5 Tersangka Pengeroyokan Pencuri Ayam di Tabanan Ajukan Penangguhan Penahanan

Para tersangka disangkakan Pasal 262 ayat (1) atau ayat (4) terkait kekerasan yang dilakukan secara terang-terangan atau di muka umum secara bersama-sama terhadap orang atau barang hingga mengakibatkan kematian.
Adapun pengeroyokan itu terjadi di Banjar Juwuk Legi, Desa Batunya, Kecamatan Baturiti, pada 24 Juli 2026 dini hari.
Insiden tersebut menewaskan seorang pria asal Desa Sidetapa, Kecamatan Banjar, Kabupaten Buleleng, berinisial KD.
Pria itu tewas dihakimi massa ussai terpergok diduga mencuri seekor ayam aduan.
Baca juga: Pencuri Ayam yang Tewas di Bali Ternyata Sudah Diincar Polres Badung, 4 Kali Lolos Penggerebekan




  

    
        Bayangkan seorang anak Indonesia bercita-cita menjadi dokter tetapi hanya memiliki satu buku lusuh untuk belajar. Bersama Ekspedisi Kata ke Nyata Kompas.com, Anda bisa membantu mengubah kisah itu. Mari hadirkan akses literasi bagi anak-anak di berbagai pelosok Indonesia melalui donasi lewat tautan https://bit.ly/JagatLiterasi2026. Setiap kebaikan yang Anda berikan bukan hanya membuka jendela pengetahuan, tetapi juga membuka masa depan mereka.",Kompas.com,"Dajan Peken, 82114, Tabanan, Tabanan, Bali, Indonesia",-8.536609490935,115.13552944186335,5,"2, 7","kejaksaan, kejatibali, kejaritabanan, tabanan, news"
Tabanan Arsip Page 598 of 598,2026-09-21T15:21:40.000Z,"Kabupaten Tabanan, Bali, Indonesia",Tabanan Arsip | Page 598 of 598 - balipost.com,"Rastra Tabanan Segera DidistribusikanTabanan Jumat, 17 Maret 2017 | 09:08:59 TABANAN, BALIPOST.com - Data Keluarga Penerima Manfaat (KPM) Tabanan sudah diterima, Rabu (14/3). Penyaluran beras sejahtera (rastra) siap didistribusikan pada Maret ini.
Kepala Bagian Ekonomi...Veteran Made Tantra MeninggalTabanan Kamis, 16 Maret 2017 | 12:36:46 TABANAN, BALIPOST.com - Veteran I Made Tantra meninggal karena sakit, Senin (13/3).","Veteran yang meraih penghargaan Bintang Gerilya ini menghembuskan nafas terakhirnya di kediamannya...Konsumen Disarankan Beli Daging Babi dari TPHTabanan Kamis, 16 Maret 2017 | 10:12:49 TABANAN, BALIPOST.com - Maraknya warga yang diduga terjangkit bakteri Streptococcus suis di Tabanan dan Badung membuat konsumen ekstra hati-hati dalam membeli daging babi. Namun....","Pada Hari Senin , 21 September 2026 15:21, Tabanan, Tabanan, Bali

Rastra Tabanan Segera DidistribusikanTabanan Jumat, 17 Maret 2017 | 09:08:59 TABANAN, BALIPOST.com - Data Keluarga Penerima Manfaat (KPM) Tabanan sudah diterima, Rabu (14/3). Penyaluran beras sejahtera (rastra) siap didistribusikan pada Maret ini.
Kepala Bagian Ekonomi...Veteran Made Tantra MeninggalTabanan Kamis, 16 Maret 2017 | 12:36:46 TABANAN, BALIPOST.com - Veteran I Made Tantra meninggal karena sakit, Senin (13/3). Veteran yang meraih penghargaan Bintang Gerilya ini menghembuskan nafas terakhirnya di kediamannya...Konsumen Disarankan Beli Daging Babi dari TPHTabanan Kamis, 16 Maret 2017 | 10:12:49 TABANAN, BALIPOST.com - Maraknya warga yang diduga terjangkit bakteri Streptococcus suis di Tabanan dan Badung membuat konsumen ekstra hati-hati dalam membeli daging babi. Namun...",balipost.com,"Dajan Peken, 82114, Tabanan, Tabanan, Bali, Indonesia",-8.536609490935,115.13552944186335,5,"2, 7","kejaksaan, kejatibali, kejaritabanan, tabanan, news"
Tabanan Arsip Page 474 of 596,2025-08-18T08:10:12.000Z,"Kabupaten Tabanan, Bali, Indonesia",Tabanan Arsip | Page 474 of 596 - balipost.com,"Sebaran Personel TNI Belum MerataTabanan Jumat, 19 April 2019 | 20:35:24 DENPASAR, BALIPOST.com - Pimpinan TNI AD saat ini sangat konsen terhadap kondisi tidak meratanya jumlah personel TNI AD antara satuan di wilayah Pulau Jawa...Nabrak Truk Parkir, Pemotor TewasTabanan Jumat, 19 April 2019 | 17:44:35 TABANAN, BALIPOST.com - Seorang pemotor tewas karena menabrak truk parkir di Bypass Soekarno, Banjar Sanggulan, Desa Banjar Anyar, Kediri, Tabanan. Lokasinya di depan Hardy's...Hujan Deras, Dapur dan Kamar Mandi Warga AmblasTabanan Minggu, 14 April 2019 | 17:34:25 TABANAN, BALIPOST.com - Hujan deras di Tabanan, Sabtu (13/4) malam menyebabkan longsor.","Salah satunya Kecamatan Baturiti.
Longsor terjadi di Banjar Abianluang, Desa/Kecamatan Baturiti. Senderan bangunan...Mulai Musim Lobster, Nelayan Justru Tak MelautTabanan Kamis, 11 April 2019 | 18:12:23 TABANAN, BALIPOST.com - Musim tangkap lobster sudah dimulai sejak Maret dan diperkirakan akan mencapai puncaknya pada Agustus hingga Desember mendatang.","Pada Hari Senin , 18 Agustus 2025 08:10, Tabanan, Tabanan, Bali

Sebaran Personel TNI Belum MerataTabanan Jumat, 19 April 2019 | 20:35:24 DENPASAR, BALIPOST.com - Pimpinan TNI AD saat ini sangat konsen terhadap kondisi tidak meratanya jumlah personel TNI AD antara satuan di wilayah Pulau Jawa...Nabrak Truk Parkir, Pemotor TewasTabanan Jumat, 19 April 2019 | 17:44:35 TABANAN, BALIPOST.com - Seorang pemotor tewas karena menabrak truk parkir di Bypass Soekarno, Banjar Sanggulan, Desa Banjar Anyar, Kediri, Tabanan. Lokasinya di depan Hardy's...Hujan Deras, Dapur dan Kamar Mandi Warga AmblasTabanan Minggu, 14 April 2019 | 17:34:25 TABANAN, BALIPOST.com - Hujan deras di Tabanan, Sabtu (13/4) malam menyebabkan longsor. Salah satunya Kecamatan Baturiti.
Longsor terjadi di Banjar Abianluang, Desa/Kecamatan Baturiti. Senderan bangunan...Mulai Musim Lobster, Nelayan Justru Tak MelautTabanan Kamis, 11 April 2019 | 18:12:23 TABANAN, BALIPOST.com - Musim tangkap lobster sudah dimulai sejak Maret dan diperkirakan akan mencapai puncaknya pada Agustus hingga Desember mendatang. Sayangnya, meski sudah mulai...",balipost.com,"Dajan Peken, 82114, Tabanan, Tabanan, Bali, Indonesia",-8.536609490935,115.13552944186335,5,"2, 7","kejaksaan, kejatibali, kejaritabanan, tabanan, news"
Pendaki 80 Tahun Tersesat di Gunung Batukaru Tabanan Tim SAR Gunakan Drone untuk Pencarian,2026-04-26T07:00:00.000Z,"Kabupaten Tabanan, Bali, Indonesia","Pendaki 80 Tahun Tersesat di Gunung Batukaru Tabanan, Tim SAR Gunakan Drone untuk Pencarian - Kompas.com","TABANAN, KOMPAS.com — Seorang pendaki lanjut usia (lansia) hilang diduga tersesat di Gunung Batukaru, Kecamatan Penebel, Kabupaten Tabanan, Bali. Hingga Minggu (26/4/2026), tim SAR gabungan masih melakukan upaya pencarian terhadap korban.
Korban diketahui bernama Made Dibya (80), warga asal Penebel, Tabanan.","Ia dilaporkan terpisah dari rombongan saat melakukan pendakian pada Sabtu (25/4/2026) sekitar pukul 14.00 Wita.Kepala Basarnas Bali, I Nyoman Sidakarya menyebut, Basarnas menerima laporan kejadian tersebut pada Minggu pukul 04.40 Wita dari BPBD Kabupaten Tabanan.
Baca juga: Sempat Digendong, Pendaki Wanita Ditemukan Lemas di Bukit Pao Bangka Tengah
Berdasarkan informasi, Made Dibya awalnya mendaki bersama 13 orang lainnya melalui jalur Desa Sarin Buana sekitar pukul 06.00 Wita.




Namun, dalam perjalanan hanya 10 orang yang melanjutkan pendakian.
“Sore harinya, saat rombongan sudah kembali ke titik awal, baru disadari ada satu orang yang belum bergabung,” ucap dia, Minggu dalam keterangannya.Pencarian awal dilakukan oleh BPBD Kabupaten Tabanan bersama warga setempat. Namun belum membuahkan hasil.
Baca juga: Dua Pendaki Pemula Tersesat di Gunung Lawu, Ditemukan Selamat
Untuk memperluas pencarian, Basarnas Bali mengerahkan tujuh personel ke lokasi pada Minggu pagi.","Pada Hari Minggu , 26 April 2026 07:00, Tabanan, Tabanan, Bali

TABANAN, KOMPAS.com — Seorang pendaki lanjut usia (lansia) hilang diduga tersesat di Gunung Batukaru, Kecamatan Penebel, Kabupaten Tabanan, Bali. 
Hingga Minggu (26/4/2026), tim SAR gabungan masih melakukan upaya pencarian terhadap korban.
Korban diketahui bernama Made Dibya (80), warga asal Penebel, Tabanan. Ia dilaporkan terpisah dari rombongan saat melakukan pendakian pada Sabtu (25/4/2026) sekitar pukul 14.00 Wita.Kepala Basarnas Bali, I Nyoman Sidakarya menyebut, Basarnas menerima laporan kejadian tersebut pada Minggu pukul 04.40 Wita dari BPBD Kabupaten Tabanan.
Baca juga: Sempat Digendong, Pendaki Wanita Ditemukan Lemas di Bukit Pao Bangka Tengah
Berdasarkan informasi, Made Dibya awalnya mendaki bersama 13 orang lainnya melalui jalur Desa Sarin Buana sekitar pukul 06.00 Wita.




Namun, dalam perjalanan hanya 10 orang yang melanjutkan pendakian.
“Sore harinya, saat rombongan sudah kembali ke titik awal, baru disadari ada satu orang yang belum bergabung,” ucap dia, Minggu dalam keterangannya.Pencarian awal dilakukan oleh BPBD Kabupaten Tabanan bersama warga setempat. Namun belum membuahkan hasil.
Baca juga: Dua Pendaki Pemula Tersesat di Gunung Lawu, Ditemukan Selamat
Untuk memperluas pencarian, Basarnas Bali mengerahkan tujuh personel ke lokasi pada Minggu pagi. 
Tim dilengkapi dengan peralatan pendakian, perlengkapan medis, serta drone thermal guna menyisir area dari udara.
Selain Basarnas, operasi SAR juga melibatkan personel Polsek Penebel, BPBD Kabupaten Tabanan, masyarakat setempat, serta rekan korban.
Pencarian terus dilakukan dengan menyisir jalur pendakian dan area sekitar lokasi terakhir korban terlihat.




  

    
        Bayangkan seorang anak Indonesia bercita-cita menjadi dokter tetapi hanya memiliki satu buku lusuh untuk belajar. Bersama Ekspedisi Kata ke Nyata Kompas.com, Anda bisa membantu mengubah kisah itu. Mari hadirkan akses literasi bagi anak-anak di berbagai pelosok Indonesia melalui donasi lewat tautan https://bit.ly/JagatLiterasi2026. Setiap kebaikan yang Anda berikan bukan hanya membuka jendela pengetahuan, tetapi juga membuka masa depan mereka.",Kompas.com,"Dajan Peken, 82114, Tabanan, Tabanan, Bali, Indonesia",-8.536609490935,115.13552944186335,5,"2, 7","kejaksaan, kejatibali, kejaritabanan, tabanan, news"
Gempa M 66 Tuban Dirasakan hingga Bali Warga Tabanan 10 Detik Lebih Cukup Kencang,2023-04-14T07:00:00.000Z,"Kabupaten Tabanan, Bali, Indonesia","Gempa M 6,6 Tuban Dirasakan hingga Bali, Warga Tabanan: 10 Detik Lebih, Cukup Kencang - Kompas.com","TABANAN, KOMPAS.com - Gempa bumi berkekuatan magnitudo 6,6 mengguncang Tuban, Jawa Timur, Jumat (14/4/2023) pukul 16.55 WIB. Getaran gempa dirasakan hingga wilayah Bali.","Hafid (29) merasakan gempa tersebut saat berada di kantornya sekitar pukul 18.00 Wita.
Baca juga: Gempa M 6,6 Guncang Tuban, Terasa hingga Solo, Tak Berpotensi TsunamiKetika itu Hafid dan karyawan lain di kantornya di Kabupaten Tabanan, sempat panik begitu guncangan terasa. ""Guncangannya terasa cukup lama.","Pada Hari Jumat , 14 April 2023 07:00, Tabanan, Tabanan, Bali

TABANAN, KOMPAS.com - Gempa bumi berkekuatan magnitudo 6,6 mengguncang Tuban, Jawa Timur, Jumat (14/4/2023) pukul 16.55 WIB. Getaran gempa dirasakan hingga wilayah Bali. Hafid (29) merasakan gempa tersebut saat berada di kantornya sekitar pukul 18.00 Wita.
Baca juga: Gempa M 6,6 Guncang Tuban, Terasa hingga Solo, Tak Berpotensi TsunamiKetika itu Hafid dan karyawan lain di kantornya di Kabupaten Tabanan, sempat panik begitu guncangan terasa. ""Guncangannya terasa cukup lama. Ada sekitar 10 detik lebih, cukup kencang,"" ujarnya. Selain di Kabupaten Tabanan, getaran gempa juga dirasakan warga di Kota Denpasar.




Baca juga: Gempa M 6,6 di Tuban Terasa hingga NTT  ""Lagi kerja tiba-tiba layar komputer goyang-goyang. Saya kira efek pusing sakit kepala, ternyata gempa. Teman-teman panik keluar ruangan,"" ujar Farah (26).
 Informasi dari BMKG, gempa bumi ini berkekuatan magnitudo 6,6 dan tidak berisiko tsunami.

Adapun gempa berpusat di 68 kilometer Barat Laut Tuban, Jawa Timur.
Gempa berlokasi di 6,29 Lintang Selatan dan 111,92 Bujur Timur.
Lokasi gempa di kedalaman 632 kilometer.




  

    
        Bayangkan seorang anak Indonesia bercita-cita menjadi dokter tetapi hanya memiliki satu buku lusuh untuk belajar. Bersama Ekspedisi Kata ke Nyata Kompas.com, Anda bisa membantu mengubah kisah itu. Mari hadirkan akses literasi bagi anak-anak di berbagai pelosok Indonesia melalui donasi lewat tautan https://bit.ly/JagatLiterasi2026. Setiap kebaikan yang Anda berikan bukan hanya membuka jendela pengetahuan, tetapi juga membuka masa depan mereka.",Kompas.com,"Dajan Peken, 82114, Tabanan, Tabanan, Bali, Indonesia",-8.536609490935,115.13552944186335,5,"2, 7","kejaksaan, kejatibali, kejaritabanan, tabanan, news"
Tabanan Arsip Page 151 of 594,2020-09-11T15:09:34.000Z,"Kabupaten Tabanan, Bali, Indonesia",Tabanan Arsip | Page 151 of 594 - balipost.com,"Nangun Sat Kerthi Loka Bali: Desa Apuan Punya Potensi Pertanian Herbal MenjanjikanTabanan Senin, 26 Mei 2025 | 12:18:59 TABANAN, BALIPOST.com - Desa Apuan di Kecamatan Baturiti, Tabanan, menyimpan potensi pertanian herbal yang menjanjikan. Salah satu yang menonjol adalah bunga rosela yang dikenal kaya...Pohon Timpa Bangunan Pura Pucak Empelan Hingga SekolahTabanan Minggu, 25 Mei 2025 | 17:34:03 TABANAN, BALIPOST.com - Sebuah pohon beringin berukuran besar tumbang di areal Pura Pucak Empelan Dalem Semeru, Banjar Umadiwang, Desa Batannyuh, Kecamatan Marga, Kabupaten Tabanan,...Rem Blong, Truk Sebabkan Lakalantas Beruntun di SelemadegTabanan Sabtu, 24 Mei 2025 | 20:42:50 TABANAN, BALIPOST.com - Kecelakaan lalu lintas beruntun melibatkan enam kendaraan terjadi di Jalan Nasional jurusan Denpasar–Gilimanuk, wilayah Banjar Dinas Payan, Desa Antap, Kecamatan Selemadeg,...Anggota DPRD Tabanan, I Wayan Gindera Tutup UsiaTabanan Sabtu, 24 Mei 2025 | 13:22:41 TABANAN, BALIPOST.com - Partai Golkar Tabanan berduka, pasalnya salah satu kader senior asal Nyitdah Kediri, I Wayan Gindera tutup usia di ICU RS Tabanan,...Polres Tabanan Amankan 10 Tersangka Narkoba dan 83 Paket SabuTabanan Sabtu, 24 Mei 2025 | 07:42:31 TABANAN, BALIPOST.com - Polres Tabanan berhasil mengungkap delapan kasus penyalahgunaan narkoba jenis sabu-sabu dalam kurun waktu dua bulan terakhir, dari 26 Maret hingga 23...Truk Fuso Tabrak Motor dan Pembatas Jembatan di AntapTabanan Jumat, 23 Mei 2025 | 16:12:54 TABANAN, BALIPOST.com - Kecelakaan lalu lintas terjadi di Jalan Nasional Denpasar–Gilimanuk, tepatnya di Banjar Dinas Payan, Desa Antap, Kecamatan Selemadeg, Kabupaten Tabanan, Jumat (23/5)....Mantan Napi Pelecehan Seksual Anak di Bawah Umur Terciduk Bawa SabuTabanan Jumat, 23 Mei 2025 | 13:42:48 TABANAN, BALIPOST.com - Ada yang menarik dari penangkapan 10 pelaku kasus penyalahgunaan narkoba oleh Satresnarkoba Polres Tabanan kali ini.
Salah satu pelaku inisial RJ alias...Tradisi Nyaji: Ungkapan Syukur dan Harmoni di Desa Adat BelayuTabanan Jumat, 23 Mei 2025 | 10:40:02 DENPASAR, BALIPOST.com - Di tengah pesatnya modernisasi, masyarakat Bali tetap menjaga tradisi leluhur yang sarat makna spiritual dan sosial.
Salah satu tradisi tersebut adalah Nyaji, sebuah...Demi Menjaga Alam Bali, Bupati Sanjaya Tak Segan Tolak InvestorTabanan Jumat, 23 Mei 2025 | 06:31:14 TABANAN, BALIPOST.com - Komitmen menjaga kelestarian alam Bali tak hanya diwujudkan lewat seruan, namun juga melalui langkah nyata di Tabanan.","Menolak investor yang tidak...Empat Terdakwa Korupsi Dana UEP Kerambitan Divonis BerbedaTabanan Kamis, 22 Mei 2025 | 18:39:52 TABANAN, BALIPOST.com - Empat terdakwa yakni I Wayan Sukarma, I Nyoman Edi Arta Sanjaya, I Nyoman Duantara, dan Drs. I Made Widiarta tersangkut dugaan...","Pada Hari Jumat , 11 September 2020 15:09, Tabanan, Tabanan, Bali

Nangun Sat Kerthi Loka Bali: Desa Apuan Punya Potensi Pertanian Herbal MenjanjikanTabanan Senin, 26 Mei 2025 | 12:18:59 TABANAN, BALIPOST.com - Desa Apuan di Kecamatan Baturiti, Tabanan, menyimpan potensi pertanian herbal yang menjanjikan. Salah satu yang menonjol adalah bunga rosela yang dikenal kaya...Pohon Timpa Bangunan Pura Pucak Empelan Hingga SekolahTabanan Minggu, 25 Mei 2025 | 17:34:03 TABANAN, BALIPOST.com - Sebuah pohon beringin berukuran besar tumbang di areal Pura Pucak Empelan Dalem Semeru, Banjar Umadiwang, Desa Batannyuh, Kecamatan Marga, Kabupaten Tabanan,...Rem Blong, Truk Sebabkan Lakalantas Beruntun di SelemadegTabanan Sabtu, 24 Mei 2025 | 20:42:50 TABANAN, BALIPOST.com - Kecelakaan lalu lintas beruntun melibatkan enam kendaraan terjadi di Jalan Nasional jurusan Denpasar–Gilimanuk, wilayah Banjar Dinas Payan, Desa Antap, Kecamatan Selemadeg,...Anggota DPRD Tabanan, I Wayan Gindera Tutup UsiaTabanan Sabtu, 24 Mei 2025 | 13:22:41 TABANAN, BALIPOST.com - Partai Golkar Tabanan berduka, pasalnya salah satu kader senior asal Nyitdah Kediri, I Wayan Gindera tutup usia di ICU RS Tabanan,...Polres Tabanan Amankan 10 Tersangka Narkoba dan 83 Paket SabuTabanan Sabtu, 24 Mei 2025 | 07:42:31 TABANAN, BALIPOST.com - Polres Tabanan berhasil mengungkap delapan kasus penyalahgunaan narkoba jenis sabu-sabu dalam kurun waktu dua bulan terakhir, dari 26 Maret hingga 23...Truk Fuso Tabrak Motor dan Pembatas Jembatan di AntapTabanan Jumat, 23 Mei 2025 | 16:12:54 TABANAN, BALIPOST.com - Kecelakaan lalu lintas terjadi di Jalan Nasional Denpasar–Gilimanuk, tepatnya di Banjar Dinas Payan, Desa Antap, Kecamatan Selemadeg, Kabupaten Tabanan, Jumat (23/5)....Mantan Napi Pelecehan Seksual Anak di Bawah Umur Terciduk Bawa SabuTabanan Jumat, 23 Mei 2025 | 13:42:48 TABANAN, BALIPOST.com - Ada yang menarik dari penangkapan 10 pelaku kasus penyalahgunaan narkoba oleh Satresnarkoba Polres Tabanan kali ini.
Salah satu pelaku inisial RJ alias...Tradisi Nyaji: Ungkapan Syukur dan Harmoni di Desa Adat BelayuTabanan Jumat, 23 Mei 2025 | 10:40:02 DENPASAR, BALIPOST.com - Di tengah pesatnya modernisasi, masyarakat Bali tetap menjaga tradisi leluhur yang sarat makna spiritual dan sosial.
Salah satu tradisi tersebut adalah Nyaji, sebuah...Demi Menjaga Alam Bali, Bupati Sanjaya Tak Segan Tolak InvestorTabanan Jumat, 23 Mei 2025 | 06:31:14 TABANAN, BALIPOST.com - Komitmen menjaga kelestarian alam Bali tak hanya diwujudkan lewat seruan, namun juga melalui langkah nyata di Tabanan. Menolak investor yang tidak...Empat Terdakwa Korupsi Dana UEP Kerambitan Divonis BerbedaTabanan Kamis, 22 Mei 2025 | 18:39:52 TABANAN, BALIPOST.com - Empat terdakwa yakni I Wayan Sukarma, I Nyoman Edi Arta Sanjaya, I Nyoman Duantara, dan Drs. I Made Widiarta tersangkut dugaan...  Muat lebih",balipost.com,"Dajan Peken, 82114, Tabanan, Tabanan, Bali, Indonesia",-8.536609490935,115.13552944186335,5,"2, 7","kejaksaan, kejatibali, kejaritabanan, tabanan, news"
Tabanan Arsip Page 530 of 575,2026-02-08T13:38:27.000Z,"Kabupaten Tabanan, Bali, Indonesia",Tabanan Arsip | Page 530 of 575 - balipost.com,"Lulus TK Tidak Harus Pintar Baca TulisTabanan Selasa, 27 Maret 2018 | 16:32:59 TABANAN, BALIPOST.com – Selama ini masih banyak orang tua yang salah beranggapan mengenai anak lulusan Taman Kanak-kanak (TK) maupun Pendidikan Anak Usia Dini  (PAUD)....Ngamuk, ODGJ Diamankan Satpol PPTabanan Selasa, 27 Maret 2018 | 09:49:45 TABANAN, BALIPOST.com - Anak Agung Ngurah Bagus Mahaputra (41) warga Banjar Tengah, Desa Kerambitan, Kecamatan Kerambitan terpaksa diamankan petugas Satpol PP Tabanan, Senin (26/3)...Panen Raya, Harga Gabah Masih Di Atas HPPTabanan Minggu, 25 Maret 2018 | 16:34:08 TABANAN, BALIPOST.com - Memasuki panen raya, ketersediaan padi tentu melimpah. Namun meski ketersediaan melimpah, petani di Tabanan masih bisa menjual harga gabahnya di atas...Cegah Rabies, 55 Ekor Anjing DieleminasiTabanan Minggu, 25 Maret 2018 | 16:22:42 TABANAN, BALIPOST.com – Sebagai tindak lanjut terjadinya kasus gigitan anjing rabies di kecamatan Tabanan, digelar eleminasi selektif di tiga banjar yaitu  Banjar Delod Peken...2018, Nekosake akan Dibentuk di TabananTabanan Sabtu, 24 Maret 2018 | 11:58:08 TABANAN, BALIPOST.com - Setiap desa di Tabanan terus didorong untuk menggali dan memaksimalkan pemanfaatan potensi yang dimiliki.","Tidak hanya pembentukan Bumdes, Tabanan juga mendorong...Pembangunan RS Nyitdah Masih Ditangan MKTabanan Rabu, 21 Maret 2018 | 13:15:36 TABANAN, BALIPOST.com - Proses pembangunan RS Nyitdah di kecamatan Kediri terus dirancang Pemkab Tabanan. Rencananya akan dibangun enam gedung baru dengan dana pinjaman senilai Rp....","Pada Hari Minggu , 8 Februari 2026 13:38, Tabanan, Tabanan, Bali

Lulus TK Tidak Harus Pintar Baca TulisTabanan Selasa, 27 Maret 2018 | 16:32:59 TABANAN, BALIPOST.com – Selama ini masih banyak orang tua yang salah beranggapan mengenai anak lulusan Taman Kanak-kanak (TK) maupun Pendidikan Anak Usia Dini  (PAUD)....Ngamuk, ODGJ Diamankan Satpol PPTabanan Selasa, 27 Maret 2018 | 09:49:45 TABANAN, BALIPOST.com - Anak Agung Ngurah Bagus Mahaputra (41) warga Banjar Tengah, Desa Kerambitan, Kecamatan Kerambitan terpaksa diamankan petugas Satpol PP Tabanan, Senin (26/3)...Panen Raya, Harga Gabah Masih Di Atas HPPTabanan Minggu, 25 Maret 2018 | 16:34:08 TABANAN, BALIPOST.com - Memasuki panen raya, ketersediaan padi tentu melimpah. Namun meski ketersediaan melimpah, petani di Tabanan masih bisa menjual harga gabahnya di atas...Cegah Rabies, 55 Ekor Anjing DieleminasiTabanan Minggu, 25 Maret 2018 | 16:22:42 TABANAN, BALIPOST.com – Sebagai tindak lanjut terjadinya kasus gigitan anjing rabies di kecamatan Tabanan, digelar eleminasi selektif di tiga banjar yaitu  Banjar Delod Peken...2018, Nekosake akan Dibentuk di TabananTabanan Sabtu, 24 Maret 2018 | 11:58:08 TABANAN, BALIPOST.com - Setiap desa di Tabanan terus didorong untuk menggali dan memaksimalkan pemanfaatan potensi yang dimiliki. Tidak hanya pembentukan Bumdes, Tabanan juga mendorong...Pembangunan RS Nyitdah Masih Ditangan MKTabanan Rabu, 21 Maret 2018 | 13:15:36 TABANAN, BALIPOST.com - Proses pembangunan RS Nyitdah di kecamatan Kediri terus dirancang Pemkab Tabanan. Rencananya akan dibangun enam gedung baru dengan dana pinjaman senilai Rp...",balipost.com,"Dajan Peken, 82114, Tabanan, Tabanan, Bali, Indonesia",-8.536609490935,115.13552944186335,5,"2, 7","kejaksaan, kejatibali, kejaritabanan, tabanan, news"
Mimpi Punya Rumah Tabanan Bali Cek di Sini Harga Cuma Rp 168 Juta,2025-03-30T07:00:00.000Z,"Kabupaten Tabanan, Bali, Indonesia","Mimpi Punya Rumah Tabanan Bali? Cek di Sini, Harga Cuma Rp 168 Juta - Kompas.com","KOMPAS.com - Kabupaten Tabanan di Bali kini tengah menarik perhatian calon pemilik rumah.
Daerah ini menjadi sorotan karena menawarkan berbagai pilihan rumah subsidi dengan harga terjangkau, yang bisa diakses melalui Sistem Informasi Kumpulan Pengembang (Sikumbang).Menariknya, harga rumah tersebut ditawarkan di bawah Rp 200 juta.
Berikut adalah beberapa pilihan rumah yang bisa dipertimbangkan di Kabupaten Tabanan:
1. Perumahan Taman Indah Lestari: Tipe 30/60
Terletak di Kerambitan, Kabupaten Tabanan, proyek ini dikembangkan oleh PT Puri Gita Asri.




Rumah tapak ini dirancang dengan luas bangunan 30 meter persegi dan luas lahan 60 meter persegi.
Terdapat 48 rumah yang ditawarkan dengan harga Rp 149 juta per unit.
Hingga kini, 26 unit sudah terjual, dan 22 rumah lainnya masih tersedia.
2.","Bca Pesona Jadi Thp 3: Tipe 25
Perumahan ini terletak di Kediri, Kabupaten Tabanan dan dikembangkan oleh Bumi Cempaka Asri.
Menawarkan 114 rumah dengan luas bangunan 25 meter persegi dan luas lahan 60 meter persegi.
Harga per unit adalah Rp 168 juta, dan masih tersisa 19 rumah lagi.
3. Gedong Mandung V: Tipe 36
Proyek ini berlokasi di Kerambitan, Kabupaten Tabanan dan dikembangkan oleh PT Gedong Becik Raindra.
Dengan luas bangunan 36 meter persegi dan total luas tanah 60 meter persegi, rumah tapak ini dibanderol dengan harga Rp 168 juta per unit.
Dari 26 unit yang tersedia, 12 rumah masih dipasarkan.
4.","Pada Hari Minggu , 30 Maret 2025 07:00, Tabanan, Tabanan, Bali

KOMPAS.com - Kabupaten Tabanan di Bali kini tengah menarik perhatian calon pemilik rumah.
Daerah ini menjadi sorotan karena menawarkan berbagai pilihan rumah subsidi dengan harga terjangkau, yang bisa diakses melalui Sistem Informasi Kumpulan Pengembang (Sikumbang).Menariknya, harga rumah tersebut ditawarkan di bawah Rp 200 juta.
Berikut adalah beberapa pilihan rumah yang bisa dipertimbangkan di Kabupaten Tabanan:
1. Perumahan Taman Indah Lestari: Tipe 30/60
Terletak di Kerambitan, Kabupaten Tabanan, proyek ini dikembangkan oleh PT Puri Gita Asri.




Rumah tapak ini dirancang dengan luas bangunan 30 meter persegi dan luas lahan 60 meter persegi.
Terdapat 48 rumah yang ditawarkan dengan harga Rp 149 juta per unit.
Hingga kini, 26 unit sudah terjual, dan 22 rumah lainnya masih tersedia.
2. Bca Pesona Jadi Thp 3: Tipe 25
Perumahan ini terletak di Kediri, Kabupaten Tabanan dan dikembangkan oleh Bumi Cempaka Asri.
Menawarkan 114 rumah dengan luas bangunan 25 meter persegi dan luas lahan 60 meter persegi.
Harga per unit adalah Rp 168 juta, dan masih tersisa 19 rumah lagi.
3. Gedong Mandung V: Tipe 36
Proyek ini berlokasi di Kerambitan, Kabupaten Tabanan dan dikembangkan oleh PT Gedong Becik Raindra.
Dengan luas bangunan 36 meter persegi dan total luas tanah 60 meter persegi, rumah tapak ini dibanderol dengan harga Rp 168 juta per unit.
Dari 26 unit yang tersedia, 12 rumah masih dipasarkan.
4. Graha Kita Tahaf II: Tipe 35/66
Terletak di Salamadeg Timur, Kabupaten Tabanan, proyek ini dikembangkan oleh PT Jatayu Dewata.
Tersedia total 24 rumah, dengan harga Rp 168 juta per unit.
Rumah tapak ini dirancang dengan luas bangunan 35 meter persegi dan luas lahan 66 meter persegi.
5. Bca Multi Jadi IX Thp 3: Tipe 25
Proyek perumahan ini juga berada di Kediri, Kabupaten Tabanan, dan menawarkan total 136 unit.
Dengan harga per unit Rp 168 juta, luas bangunan dirancang 25 meter persegi serta luas tanah 60 meter persegi.
Saat ini, masih ada 41 rumah lagi yang dipasarkan.
Kabupaten Tabanan, dengan berbagai pilihan rumah subsidi yang terjangkau, menarik minat berbagai kalangan calon pembeli.
Dengan harga yang bersaing dan fasilitas yang memadai, Tabanan menjadi pilihan yang tepat bagi mereka yang ingin memiliki rumah di Bali tanpa harus merogoh kocek terlalu dalam.
Dengan banyaknya pilihan perumahan yang ada, diharapkan para calon pemilik rumah dapat menemukan tempat tinggal yang sesuai dengan kebutuhan dan anggaran mereka.




  

    
        Bayangkan seorang anak Indonesia bercita-cita menjadi dokter tetapi hanya memiliki satu buku lusuh untuk belajar. Bersama Ekspedisi Kata ke Nyata Kompas.com, Anda bisa membantu mengubah kisah itu. Mari hadirkan akses literasi bagi anak-anak di berbagai pelosok Indonesia melalui donasi lewat tautan https://bit.ly/JagatLiterasi2026. Setiap kebaikan yang Anda berikan bukan hanya membuka jendela pengetahuan, tetapi juga membuka masa depan mereka.",Kompas.com,"Dajan Peken, 82114, Tabanan, Tabanan, Bali, Indonesia",-8.536609490935,115.13552944186335,5,"2, 7","kejaksaan, kejatibali, kejaritabanan, tabanan, news"
Bupati Tabanan Diputuskan Resmi Bercerai Sang Suami Ajukan Banding,2017-09-22T07:00:00.000Z,"Kabupaten Tabanan, Bali, Indonesia","Bupati Tabanan Diputuskan Resmi Bercerai, Sang Suami Ajukan Banding - Kompas.com","TABANAN, KOMPAS.com - Bupati Tabanan, Bali, Ni Putu Eka Wiryastuti, dinyatakan resmi bercerai dari suaminya, I Made Dwi Saputra alias Bambang Aditya pada Selasa (22/8/2017) lalu.Putusan gugatan cerai dari Eka kepada Bambang ketika itu dikabulkan pihak Pengadilan Negeri Tabanan. Namun sang suami, Bambang Aditya mengajukan banding.
Kepala PN Tabanan, I Wayan Gede Rumega mengatakan, adanya perlawan tersebut secara otomatis membuat persidangan akan digelar kembali.“Ada verzet atau perlawanan hukum dari tergugat.","Alasannya karena tidak mengetahui ada gugatan,” kata Rumega saat dikonfirmasi, Kamis (21/9/2017).Rumega menyebutkan, adanya verzet adalah hal biasa dalam persidangan perdata dan merupakan hak dari tergugat.Dalam penyampaian gugatan ke pengadilan, disebutkan pihaknya sudah melayangkan surat pemberitahuan yang ditujukan kepada alamat sesuai Kartu Tanda Pengenal (KTP). “Jika alamatnya tidak diketahui maka kami bisa mengumumkan di media masa terkait adanya gugatan hukum,” jelasnya.
Baca juga: Ditangkap di Jakpus, Ini Alasan Anggota DPRD Tabanan Konsumsi SabuBambang Aditya yang menikah dengan Ni Putu Eka Wiryastuti pada Desember 2012 sempat ke PN Tabanan untuk mengambil putusan persidangan perceraiannya sekitar Jumat (15/9/2017).Tergugat mengaku tidak mengetahui adanya gugatan karena sedang berada di Jakarta.“Karena alasan itu, makanya ada perlawanan hukum,” terang Rumega.Dengan adanya upaya hukum tersebut, pihak pengadilan PN Tabanan secara otomatis belum bisa membuka detail perkara Bupati Tabanan dua periode itu.Untuk proses sidang, akan mulai berjalan dan tertutup untuk umum.Baca juga: Cerai Susuk, Cara Perceraian TKW Asal Banyuwangi
Berita ini sudah tayang di Tribunnews.com, Jumat 22 September 2017 dengan judul Status Janda Bupati Cantik Ini Dibatalkan, Suami Banding
Kompas TV Parade Gebogan Jadi Pembuka Festival Tanah Lot





  

    
        Bayangkan seorang anak Indonesia bercita-cita menjadi dokter tetapi hanya memiliki satu buku lusuh untuk belajar.","Pada Hari Jumat , 22 September 2017 07:00, Tabanan, Tabanan, Bali

TABANAN, KOMPAS.com - Bupati Tabanan, Bali, Ni Putu Eka Wiryastuti, dinyatakan resmi bercerai dari suaminya, I Made Dwi Saputra alias Bambang Aditya pada Selasa (22/8/2017) lalu.Putusan gugatan cerai dari Eka kepada Bambang ketika itu dikabulkan pihak Pengadilan Negeri Tabanan. Namun sang suami, Bambang Aditya mengajukan banding.
Kepala PN Tabanan, I Wayan Gede Rumega mengatakan, adanya perlawan tersebut secara otomatis membuat persidangan akan digelar kembali.“Ada verzet atau perlawanan hukum dari tergugat. Alasannya karena tidak mengetahui ada gugatan,” kata Rumega saat dikonfirmasi, Kamis (21/9/2017).Rumega menyebutkan, adanya verzet adalah hal biasa dalam persidangan perdata dan merupakan hak dari tergugat.Dalam penyampaian gugatan ke pengadilan, disebutkan pihaknya sudah melayangkan surat pemberitahuan yang ditujukan kepada alamat sesuai Kartu Tanda Pengenal (KTP). 



“Jika alamatnya tidak diketahui maka kami bisa mengumumkan di media masa terkait adanya gugatan hukum,” jelasnya.
Baca juga: Ditangkap di Jakpus, Ini Alasan Anggota DPRD Tabanan Konsumsi SabuBambang Aditya yang menikah dengan Ni Putu Eka Wiryastuti pada Desember 2012 sempat ke PN Tabanan untuk mengambil putusan persidangan perceraiannya sekitar Jumat (15/9/2017).Tergugat mengaku tidak mengetahui adanya gugatan karena sedang berada di Jakarta.“Karena alasan itu, makanya ada perlawanan hukum,” terang Rumega.Dengan adanya upaya hukum tersebut, pihak pengadilan PN Tabanan secara otomatis belum bisa membuka detail perkara Bupati Tabanan dua periode itu.Untuk proses sidang, akan mulai berjalan dan tertutup untuk umum.Baca juga: Cerai Susuk, Cara Perceraian TKW Asal Banyuwangi
Berita ini sudah tayang di Tribunnews.com, Jumat 22 September 2017 dengan judul Status Janda Bupati Cantik Ini Dibatalkan, Suami Banding
Kompas TV Parade Gebogan Jadi Pembuka Festival Tanah Lot





  

    
        Bayangkan seorang anak Indonesia bercita-cita menjadi dokter tetapi hanya memiliki satu buku lusuh untuk belajar. Bersama Ekspedisi Kata ke Nyata Kompas.com, Anda bisa membantu mengubah kisah itu. Mari hadirkan akses literasi bagi anak-anak di berbagai pelosok Indonesia melalui donasi lewat tautan https://bit.ly/JagatLiterasi2026. Setiap kebaikan yang Anda berikan bukan hanya membuka jendela pengetahuan, tetapi juga membuka masa depan mereka.    
                    Batas akses KARIN
                    
                        Kamu sudah mencapai batas akses KARIN.
                        Gabung membership Kompas.com+ MAX untuk bertanya lebih banyak dan memahami berita dengan lebih leluasa.
                    
                
            
                    
                    
                    Tidak akurat
                
                
                    
                    
                    Tidak relevan
                
                
                    
                    
                    Menyinggung
                
                
                    
                    
                    Terlalu lama
                
                
                    
                    
                    Isu privasi
                
                
                    
                    
                    Lainnya
                
            
            
                    Khusus Member
                    
                        Akses Tanya Langsung Tersedia untuk Member
                        Gabung membership Kompas.com+ MAX untuk bertanya lebih banyak dan memahami berita dengan lebih leluasa.",Kompas.com,"Dajan Peken, 82114, Tabanan, Tabanan, Bali, Indonesia",-8.536609490935,115.13552944186335,5,"2, 7","kejaksaan, kejatibali, kejaritabanan, tabanan, news"
Foto Nyanyi Bali dan Valrhona Kembangkan Kebun Kakao Berkelanjutan di Tabanan,2026-03-04T08:00:00.000Z,"Kabupaten Tabanan, Bali, Indonesia",Foto : Nyanyi Bali dan Valrhona Kembangkan Kebun Kakao Berkelanjutan di Tabanan - Kompas.com,"Made Ariani Siswanto, Managing Director Nyanyi Bali; Emmanuelle Brun, Head of Strategic Growth & New Ventures, Valrhona; dan Nyoman Astari Siswanto, Director Nyanyi Bali, di Valrhona Cocoa Forest, Bali.(Dok Nyanyi Bali).",,"Pada Hari Rabu , 4 Maret 2026 08:00, Tabanan, Tabanan, Bali

Made Ariani Siswanto, Managing Director Nyanyi Bali; Emmanuelle Brun, Head of Strategic Growth & New Ventures, Valrhona; dan Nyoman Astari Siswanto, Director Nyanyi Bali, di Valrhona Cocoa Forest, Bali.(Dok Nyanyi Bali)",Kompas.com,"Dajan Peken, 82114, Tabanan, Tabanan, Bali, Indonesia",-8.536609490935,115.13552944186335,5,"2, 7","kejaksaan, kejatibali, kejaritabanan, tabanan, news"
5 Tersangka Pengeroyokan Pencuri Ayam di Tabanan Ajukan Penangguhan Penahanan,2026-08-14T07:00:00.000Z,"Kabupaten Tabanan, Bali, Indonesia",5 Tersangka Pengeroyokan Pencuri Ayam di Tabanan Ajukan Penangguhan Penahanan - Kompas.com,"TABANAN, KOMPAS.com - Lima tersangka pengeroyokan yang menewaskan terduga pencuri ayam di Banjar Juwuk Legi, Desa Batunya, Kecamatan Baturiti, Kabupaten Tabanan, Bali, mengajukan permohonan penangguhan penahanan.
""Kami mengajukan permohonan penangguhan penahanan empat hari lalu,"" ujar kuasa hukum para tersangka, I Nyoman Agung Sariawan, dikonfirmasi Jumat (14/8/2026).Saat ini, pihaknya masih menunggu keputusan Polres Tabanan terkait permohonan tersebut.
Baca juga: Kejari Tabanan Selidiki Dugaan Korupsi Anggaran Dinkes, Kerugian Rp 300 Juta
Ada tersangka bapak dan anak
Menurut Agung, salah satu pertimbangan pengajuan penangguhan penahanan berkaitan dengan kondisi keluarga.
Dari lima tersangka, terdapat dua orang yang merupakan bapak dan anak.




""Memang salah satunya, dua orang dari tersangka itu orangtuanya dan anaknya. Bapak dan anak, sehingga istrinya di rumah, ibu rumah tangga, dia tidak bisa mengerjakan kehidupan sehari-hari karena kedua orang ini sebagai tulang punggung,"" jelas Agung.
Baca juga: Terduga Pencuri Ayam yang Tewas Dimassa di Tabanan Ternyata DPO Kasus Pencurian Laptop dan Konter HP
Selain itu, Agung menyebut salah satu tersangka baru menyelesaikan pendidikan dan tengah mempersiapkan diri untuk bekerja di luar negeri.""Satu tersangka itu mau ke luar negeri.","Dia sudah tamat mahasiswa, mau berangkat ke luar negeri. Bulan-bulan ini dia sudah mau berangkat ke luar negeri,"" katanya.
Menurut Agung, pihaknya menilai para tersangka memenuhi pertimbangan untuk mendapatkan penangguhan penahanan berdasarkan ketentuan hukum acara pidana.
Ia menyebut, para tersangka tidak berpotensi melarikan diri, tidak akan menghilangkan barang bukti, serta tidak akan mengulangi perbuatannya.
""Dasar itulah kami mengajukan.","Pada Hari Jumat , 14 Agustus 2026 07:00, Tabanan, Tabanan, Bali

TABANAN, KOMPAS.com - Lima tersangka pengeroyokan yang menewaskan terduga pencuri ayam di Banjar Juwuk Legi, Desa Batunya, Kecamatan Baturiti, Kabupaten Tabanan, Bali, mengajukan permohonan penangguhan penahanan.
""Kami mengajukan permohonan penangguhan penahanan empat hari lalu,"" ujar kuasa hukum para tersangka, I Nyoman Agung Sariawan, dikonfirmasi Jumat (14/8/2026).Saat ini, pihaknya masih menunggu keputusan Polres Tabanan terkait permohonan tersebut.
Baca juga: Kejari Tabanan Selidiki Dugaan Korupsi Anggaran Dinkes, Kerugian Rp 300 Juta
Ada tersangka bapak dan anak
Menurut Agung, salah satu pertimbangan pengajuan penangguhan penahanan berkaitan dengan kondisi keluarga.
Dari lima tersangka, terdapat dua orang yang merupakan bapak dan anak.




""Memang salah satunya, dua orang dari tersangka itu orangtuanya dan anaknya. Bapak dan anak, sehingga istrinya di rumah, ibu rumah tangga, dia tidak bisa mengerjakan kehidupan sehari-hari karena kedua orang ini sebagai tulang punggung,"" jelas Agung.
Baca juga: Terduga Pencuri Ayam yang Tewas Dimassa di Tabanan Ternyata DPO Kasus Pencurian Laptop dan Konter HP
Selain itu, Agung menyebut salah satu tersangka baru menyelesaikan pendidikan dan tengah mempersiapkan diri untuk bekerja di luar negeri.""Satu tersangka itu mau ke luar negeri. Dia sudah tamat mahasiswa, mau berangkat ke luar negeri. Bulan-bulan ini dia sudah mau berangkat ke luar negeri,"" katanya.
Menurut Agung, pihaknya menilai para tersangka memenuhi pertimbangan untuk mendapatkan penangguhan penahanan berdasarkan ketentuan hukum acara pidana.
Ia menyebut, para tersangka tidak berpotensi melarikan diri, tidak akan menghilangkan barang bukti, serta tidak akan mengulangi perbuatannya.
""Dasar itulah kami mengajukan. Sesuai dengan aturan KUHAP,,"" ujar Agung.
Sebelumnya, Polres Tabanan menetapkan lima orang sebagai tersangka dalam kasus pengeroyokan yang menyebabkan seorang pria meninggal dunia di Juwuk Legi.
Kelima tersangka yakni MJ (29), WS (38), KB (21), MK (58), dan ND (53). Mereka merupakan warga Banjar Juwuk Legi, Desa Batunya.
Namun, polisi belum membeberkan peran masing-masing tersangka karena penyidikan masih berlangsung.




  



    
        Bayangkan seorang anak Indonesia bercita-cita menjadi dokter tetapi hanya memiliki satu buku lusuh untuk belajar. Bersama Ekspedisi Kata ke Nyata Kompas.com, Anda bisa membantu mengubah kisah itu. Mari hadirkan akses literasi bagi anak-anak di berbagai pelosok Indonesia melalui donasi lewat tautan https://bit.ly/JagatLiterasi2026. Setiap kebaikan yang Anda berikan bukan hanya membuka jendela pengetahuan, tetapi juga membuka masa depan mereka.",Kompas.com,"Dajan Peken, 82114, Tabanan, Tabanan, Bali, Indonesia",-8.536609490935,115.13552944186335,5,"2, 7","kejaksaan, kejatibali, kejaritabanan, tabanan, news"
Ritual Melasti Menjelang Hari Raya Nyepi,2019-03-04T08:00:00.000Z,"Kabupaten Tabanan, Bali, Indonesia",Ritual Melasti Menjelang Hari Raya Nyepi - foto.kompas.com,"KOMPAS.com - Umat Hindu memadati Pura Ulun Danu Beratan di Desa Candikuning, Kabupaten Tabanan, Bali, Senin (4/3/2019) pagi, untuk melaksanakan ritual Melasti atau penyucian benda-benda sakral menjelang Hari Raya Nyepi. Tidak selalu pantai yang menjadi tempat tujuan pelaksanaan Melasti. Seperti yang terlihat di Pura Ulun Danu Beratan, Tabanan, pagi ini.Umat Hindu datang bergilir sesuai dengan banjar atau dusun adat masing-masing yang ada di Kabupaten Tabanan.",Mereka membawa berbagai jenis sesajian dan berjalan beriringan serta diiringi musik gamelan. Upacara Melasti dilaksanakan dalam rangkaian perayaan Nyepi Tahun Baru Caka 1941 yang jatuh pada tanggal 7 maret 2019. Rangkaian Hari Raya Nyepi di Bali setiap tahun berlangsung dalam bulan Maret tahun Masehi.,"Pada Hari Senin , 4 Maret 2019 08:00, Tabanan, Tabanan, Bali

KOMPAS.com - Umat Hindu memadati Pura Ulun Danu Beratan di Desa Candikuning, Kabupaten Tabanan, Bali, Senin (4/3/2019) pagi, untuk melaksanakan ritual Melasti atau penyucian benda-benda sakral menjelang Hari Raya Nyepi. Tidak selalu pantai yang menjadi tempat tujuan pelaksanaan Melasti. Seperti yang terlihat di Pura Ulun Danu Beratan, Tabanan, pagi ini.Umat Hindu datang bergilir sesuai dengan banjar atau dusun adat masing-masing yang ada di Kabupaten Tabanan. Mereka membawa berbagai jenis sesajian dan berjalan beriringan serta diiringi musik gamelan. Upacara Melasti dilaksanakan dalam rangkaian perayaan Nyepi Tahun Baru Caka 1941 yang jatuh pada tanggal 7 maret 2019. Rangkaian Hari Raya Nyepi di Bali setiap tahun berlangsung dalam bulan Maret tahun Masehi. Dalam penanggalan Caka, tahun baru jatuh pada setiap bulan kesembilan. Saat hari Nyepi, tidak boleh ada kegiatan keseharian di Pulau Dewata selama 24 jam mulai pukul 06.00. Bagi umat Hindu Bali, tahun baru adalah hari perenungan diri. Untuk itu mereka melakukan brata (pantangan) penyepian berupa amati geni (tidak menyalakan api/memakai lampu), amati karya (tidak bekerja), amati lelunganan (tidak bepergian), dan amati lelangunan (tidak mengadakan hiburan atau keriuhan). GAR",foto.kompas.com,"Dajan Peken, 82114, Tabanan, Tabanan, Bali, Indonesia",-8.536609490935,115.13552944186335,5,"2, 7","kejaksaan, kejatibali, kejaritabanan, tabanan, news"
Geledah Dinkes Tabanan Kejari Temukan Uang Rp8 Juta di Laci Staf,2026-08-11T07:00:00.000Z,"Kabupaten Tabanan, Bali, Indonesia","Geledah Dinkes Tabanan, Kejari Temukan Uang Rp8 Juta di Laci Staf - balipost.com","Kepala Kejaksaan Negeri Tabanan, Medie, SH, MH. (BP/bit)SINGASANA, BALIPOST.com – Penggeledahan yang dilakukan Tim Penyidik Tindak Pidana Khusus Kejari Tabanan terkait dugaan korupsi pengelolaan anggaran BBM dan pelumas serta makan minum tahun anggaran 2023-2025 di Dinas Kesehatan Tabanan ternyata tidak hanya mengamankan 126 dokumen, laptop dan handphone sebagai barang bukti.","Ternyata dalam penggeledahan tersebut penyidik juga mengamankan uang tunai sebesar Rp 8,012 juta.Kepala Kejaksaan Negeri Tabanan, Medie, SH, MH, mengatakan, uang tunai yang diamankan tersebut ditemukan dalam bentuk kas yang disimpan di laci salah seorang staf Dinas Kesehatan Tabanan.Berdasarkan pengakuan awal, uang tersebut merupakan sisa uang yang sebelumnya diambil dari SPBU rekanan dengan menggunakan SPPD BBM yang diduga fiktif. “Uang tunai kurang lebih Rp8 juta 12 ribu, yang disita dari pegawai di Dinas Kesehatan Tabanan.","Pada Hari Selasa , 11 Agustus 2026 07:00, Tabanan, Tabanan, Bali

Kepala Kejaksaan Negeri Tabanan, Medie, SH, MH. (BP/bit)SINGASANA, BALIPOST.com – Penggeledahan yang dilakukan Tim Penyidik Tindak Pidana Khusus Kejari Tabanan terkait dugaan korupsi pengelolaan anggaran BBM dan pelumas serta makan minum tahun anggaran 2023-2025 di Dinas Kesehatan Tabanan ternyata tidak hanya mengamankan 126 dokumen, laptop dan handphone sebagai barang bukti. Ternyata dalam penggeledahan tersebut penyidik juga mengamankan uang tunai sebesar Rp 8,012 juta.Kepala Kejaksaan Negeri Tabanan, Medie, SH, MH, mengatakan, uang tunai yang diamankan tersebut ditemukan dalam bentuk kas yang disimpan di laci salah seorang staf Dinas Kesehatan Tabanan.Berdasarkan pengakuan awal, uang tersebut merupakan sisa uang yang sebelumnya diambil dari SPBU rekanan dengan menggunakan SPPD BBM yang diduga fiktif. “Uang tunai kurang lebih Rp8 juta 12 ribu, yang disita dari pegawai di Dinas Kesehatan Tabanan. Diakui uang tersebut merupakan sisa hasil atau uang yang diambil dari rekanan SPBU dengan menggunakan SPPD fiktif,” ujar Medie, Selasa (11/8).Penggeledahan merupakan tindak lanjut setelah perkara tersebut ditingkatkan dari tahap penyelidikan ke penyidikan. Sebelumnya, kata Medie, tim telah melakukan penyelidikan dengan memeriksa sekitar 18 saksi. Para saksi yang diperiksa berasal dari staf Dinas Kesehatan Tabanan maupun pihak rekanan. Dari hasil pemeriksaan dan pendalaman tersebut, penyidik menyimpulkan telah menemukan minimal dua alat bukti yang cukup untuk meningkatkan perkara ke tahap penyidikan.Medie mengatakan, dugaan modus dalam perkara tersebut antara lain berkaitan dengan pembuatan surat pertanggungjawaban (SPJ) fiktif. Dokumen tersebut diduga digunakan untuk mempertanggungjawabkan penggunaan anggaran yang dalam pelaksanaannya tidak sesuai dengan kondisi sebenarnya. “Setelah penggeledahan, selanjutnya tim penyidik Kejaksaan Negeri Tabanan akan melakukan pendalaman dokumen dan barang-barang yang disita atau diamankan,” katanya.Selain pendalaman barang bukti, penyidik dalam waktu dekat kembali melakukan pemanggilan terhadap sejumlah saksi. Keterangan para saksi tersebut akan dikonfrontasikan dengan hasil pemeriksaan dokumen dan barang bukti yang telah diamankan.Sedangkan untuk penetapan tersangka dalam kasus ini, menurut Medie, akan dilakukan setelah proses pendalaman alat bukti dan pemeriksaan saksi selesai. Kejari Tabanan menargetkan tahapan tersebut dapat dilakukan paling lambat dalam waktu sekitar satu bulan. “Setelah itu baru penetapan tersangka. Minimal paling lambat satu bulan atau lebih,” tegasnya.Perkara ini berawal dari laporan masyarakat terkait dugaan penyimpangan dalam pengelolaan anggaran pada Dinas Kesehatan Kabupaten Tabanan. Laporan tersebut kemudian ditindaklanjuti dengan penyelidikan. Setelah dilakukan pendalaman, penyidik menemukan adanya indikasi kebenaran atas laporan tersebut sehingga diterbitkan surat perintah penyelidikan.Dugaan tindak pidana korupsi tersebut berkaitan dengan pengelolaan anggaran Belanja Bahan Bakar Minyak (BBM) dan pelumas serta makan dan minum pada Dinas Kesehatan Kabupaten Tabanan untuk tahun anggaran 2023 sampai 2025. Penyidik masih mendalami seluruh rangkaian perkara untuk memastikan kerugian negara dan pihak-pihak yang nantinya dimintai pertanggungjawaban hukum.(Puspawati/balipost)",balipost.com,"Dajan Peken, 82114, Tabanan, Tabanan, Bali, Indonesia",-8.536609490935,115.13552944186335,5,"2, 7","kejaksaan, kejatibali, kejaritabanan, tabanan, news"
Jajaran Pemkab Tabanan Gelar Prosesi Mendem Panca Datu,2023-12-29T08:00:00.000Z,"Kabupaten Tabanan, Bali, Indonesia",Jajaran Pemkab Tabanan Gelar Prosesi Mendem Panca Datu - RRI.co.id,"Jajaran Pemkab Tabanan Gelar Prosesi Mendem Panca Datu 
                                                    
                                                                                            
                                                                                                            
                                
                                KBRN,Tabanan : Menyambut Puncak acara Karya Agung di Kantor Bupati Tabanan, Pemerintah Kabupaten Tabanan melaksanakan Upacara Mendem Panca Datu/Batu Permata dalam rangkaian Eed Karya Agung Tawur Panca Wali Krama, Padudusan Agung, Manawa Ratna, Memungkah, Melaspas, Ngenteg Linggih Kantor Bupati Tabanan yang berlangsung di Padmasana Kantor Bupati dan Padmasana RJ Bupati Tabanan, Rabu (27/12/2023).Di bawah komando Bupati Tabanan, Dr. I Komang Gede Sanjaya.,S.E.,M.M, yang saat itu didampingi Wakil Bupati Tabanan, Ketua DPRD Tabanan, Sekda para Asisten dan jajaran Kepala OPD di lingkungan Pemkab Tabanan serta para Prawartaka Karya dan pegawai, jalankan rangkaian upacara dengan semangat spiritual yang tinggi, demi tercapainya harapan bersama yakni Karya yang lascarya, labda karya sida sidaning don.Sebelum lakukan prosesi Mendem Panca Datu, Bupati beserta iringan jajaran, lakukan arak-arakan dari arah pewaregan dengan diiringi barisan pembawa Tedung dan Baleganjur, dengan membawa permata yang akan dilakukan prosesi mendem di Padmasana Kantor Bupati dan RJ Bupati.","Untuk diketahui, Upacara Pancadatu dimaknai sebagai kepercayaan yang disimbolkan dalam lima unsur logam.Simbol-simbol logam tersebut dijelaskan sebagai berikut, yaitu simbol Emas yakni percaya terhadap Brahman, Perunggu sebagai simbol percaya terhadap Atman, Besi sebagai simbol percaya dengan Karmaphala, Baja sebagai simbol percaya terhadap reinkarnasi, sedangkan Mirah atau Permata yakni sebagai simbol percaya terhadap moksa sebagai tujuan akhir.Ribuan Panca Datu dikumpulkan, mulai dari Bupati, Wakil Bupati, Sekda dan seluruh jajaran serta seluruh Pegawai di lingkungan Pemerintah Kabupaten Tabanan. Hal tersebut membuktikan Panca Datu, menjadi bagian dari lima pokok atau tuntunan dasar beragama Hindu yaitu Panca Sradha, sehingga menanam Panca Datu di dasar Padmasana atau Pura yang baru, memiliki arti bahwa pura tersebut telah diubah menjadi “emas” yang sarat dengan sinar-sinar kesucian Ida Sang Hyang Widhi Wasa, Tuhan Yang Maha Esa.“Prosesi Mendem Panca Datu sebagai Penyegjeg Jagat, jadi setiap pegawai menanam 1 batu, sebagai wujud Cihna Bhakti, rasa berkorban dan tulus ikhlas dari kita semua, di kantor yang juga merupakan tempat kita mencari rejeki.","Pada Hari Jumat , 29 Desember 2023 08:00, Tabanan, Tabanan, Bali

Jajaran Pemkab Tabanan Gelar Prosesi Mendem Panca Datu 
                                                    
                                                                                            
                                                                                                            
                                
                                KBRN,Tabanan : Menyambut Puncak acara Karya Agung di Kantor Bupati Tabanan, Pemerintah Kabupaten Tabanan melaksanakan Upacara Mendem Panca Datu/Batu Permata dalam rangkaian Eed Karya Agung Tawur Panca Wali Krama, Padudusan Agung, Manawa Ratna, Memungkah, Melaspas, Ngenteg Linggih Kantor Bupati Tabanan yang berlangsung di Padmasana Kantor Bupati dan Padmasana RJ Bupati Tabanan, Rabu (27/12/2023).Di bawah komando Bupati Tabanan, Dr. I Komang Gede Sanjaya.,S.E.,M.M, yang saat itu didampingi Wakil Bupati Tabanan, Ketua DPRD Tabanan, Sekda para Asisten dan jajaran Kepala OPD di lingkungan Pemkab Tabanan serta para Prawartaka Karya dan pegawai, jalankan rangkaian upacara dengan semangat spiritual yang tinggi, demi tercapainya harapan bersama yakni Karya yang lascarya, labda karya sida sidaning don.Sebelum lakukan prosesi Mendem Panca Datu, Bupati beserta iringan jajaran, lakukan arak-arakan dari arah pewaregan dengan diiringi barisan pembawa Tedung dan Baleganjur, dengan membawa permata yang akan dilakukan prosesi mendem di Padmasana Kantor Bupati dan RJ Bupati. Untuk diketahui, Upacara Pancadatu dimaknai sebagai kepercayaan yang disimbolkan dalam lima unsur logam.Simbol-simbol logam tersebut dijelaskan sebagai berikut, yaitu simbol Emas yakni percaya terhadap Brahman, Perunggu sebagai simbol percaya terhadap Atman, Besi sebagai simbol percaya dengan Karmaphala, Baja sebagai simbol percaya terhadap reinkarnasi, sedangkan Mirah atau Permata yakni sebagai simbol percaya terhadap moksa sebagai tujuan akhir.Ribuan Panca Datu dikumpulkan, mulai dari Bupati, Wakil Bupati, Sekda dan seluruh jajaran serta seluruh Pegawai di lingkungan Pemerintah Kabupaten Tabanan. Hal tersebut membuktikan Panca Datu, menjadi bagian dari lima pokok atau tuntunan dasar beragama Hindu yaitu Panca Sradha, sehingga menanam Panca Datu di dasar Padmasana atau Pura yang baru, memiliki arti bahwa pura tersebut telah diubah menjadi “emas” yang sarat dengan sinar-sinar kesucian Ida Sang Hyang Widhi Wasa, Tuhan Yang Maha Esa.“Prosesi Mendem Panca Datu sebagai Penyegjeg Jagat, jadi setiap pegawai menanam 1 batu, sebagai wujud Cihna Bhakti, rasa berkorban dan tulus ikhlas dari kita semua, di kantor yang juga merupakan tempat kita mencari rejeki. Ini pun juga sebagai syarat lascaryanya Karya Agung yang sedang kita lakukan saat ini,"" ujar Bupati Sanjaya.Siang itu, orang nomor satu di Tabanan mengawali prosesi dengan mendem Batu Permata Mirah, yang menyimbolkan pengorbanan dan niat yang tulus serta harapan untuk dimudahkan dalam menjalankan roda pemerintahan, serta mengembalikan kejayaan dan keagungan Kabupaten Tabanan. Prosesi ini adalah lanjutan dari prosesi Ngelungsur Pawintenan Sari yang telah dilakukan 1 (satu) hari sebelumnya.  


                                
                                
                                
                                
                                
                                            
                                        
                                                                    

                                


                                
                                
                                                                                                                                                                                
                            
                            
                                                                        
                                                                
                                    
                                        
                                            Berita
                                        
                                    
                                    Terbaru Lainnya
                                
                                
                            
                            
                                    
                                    
                                        Memuat berita terbaru.....",RRI.co.id,"Dajan Peken, 82114, Tabanan, Tabanan, Bali, Indonesia",-8.536609490935,115.13552944186335,5,"2, 7","kejaksaan, kejatibali, kejaritabanan, tabanan, news"
Tipu 4 Orang Setelah Mengaku Calo CPNS Pria di Bali Raup Rp 440 Juta,2021-08-27T07:00:00.000Z,"Kabupaten Tabanan, Bali, Indonesia","Tipu 4 Orang Setelah Mengaku Calo CPNS, Pria di Bali Raup Rp 440 Juta - Kompas.com","TABANAN, KOMPAS.com - Satuan Reserse Kriminal (Satreskrim) Polres Tabanan Bali menangkap seorang pria berinisial INB (46) usai mengaku sebagai calo CPNS. Pria asal Desa Sai, Kecamatan Pupuan, Tabanan itu ditangkap setelah melakukan penipuan senilai Rp 440 juta terhadap empat orang.
Modusnya, dengan menjanjikan korban bisa menjadi Pegawai Negeri Sipil (PNS) di Bali.","""Hasil pendataan, para korban menderita kerugian total mencapai Rp 440 juta,"" kata Kapolres Tabanan AKBP Ranefli Dian Candra dalam keterangan tertulis, Jumat (27/8/2021).
Baca juga: Aksara Sunda, Jawa, dan Bali Segera Distandardisasi, Bisa Ditranslasi ke Huruf Latin Ranefli menyebutkan, kasus tersebut bermula dari adanya laporan empat orang korban dengan kerugian berbeda dan juga alamat yang berbeda.



 Pada Senin (23/4/2018) korban atas nama I Wayan Suarnaya menyerahkan uang Rp 190 juta kepada pelaku agar anaknya menjadi PNS di Bali. Namun, setelah beberapa bulan anak korban tidak juga menjadi PNS.","Pada Hari Jumat , 27 Agustus 2021 07:00, Tabanan, Tabanan, Bali

TABANAN, KOMPAS.com - Satuan Reserse Kriminal (Satreskrim) Polres Tabanan Bali menangkap seorang pria berinisial INB (46) usai mengaku sebagai calo CPNS. Pria asal Desa Sai, Kecamatan Pupuan, Tabanan itu ditangkap setelah melakukan penipuan senilai Rp 440 juta terhadap empat orang.
Modusnya, dengan menjanjikan korban bisa menjadi Pegawai Negeri Sipil (PNS) di Bali. ""Hasil pendataan, para korban menderita kerugian total mencapai Rp 440 juta,"" kata Kapolres Tabanan AKBP Ranefli Dian Candra dalam keterangan tertulis, Jumat (27/8/2021).
Baca juga: Aksara Sunda, Jawa, dan Bali Segera Distandardisasi, Bisa Ditranslasi ke Huruf Latin Ranefli menyebutkan, kasus tersebut bermula dari adanya laporan empat orang korban dengan kerugian berbeda dan juga alamat yang berbeda.



 Pada Senin (23/4/2018) korban atas nama I Wayan Suarnaya menyerahkan uang Rp 190 juta kepada pelaku agar anaknya menjadi PNS di Bali. Namun, setelah beberapa bulan anak korban tidak juga menjadi PNS. Saat korban mendatangi pelaku untuk menagih uangnya, korban hanya mendapatkan janji. Aksi penipuan yang dilakukan oleh INB sejatinya sudah dilakukan di tahun sebelumnya yakni pada Selasa (24/8/2017).Baca juga: UPDATE Covid-19 di Jatim, DIY, Bali, NTT, NTB, Kalbar, dan Kalsel 26 Agustus 2021  Saat itu korban atas nama Ni Nyoman Seni menyerahkan uang muka Rp 20 juta kepada pelaku juga untuk menjadikan anaknya sebagai PNS serta menyerahkan persyaratan. Ni Nyoman Seni juga mengabari korban lain, yakni I Ketut Susu Sastrawan, bahwa ada orang yang dapat meloloskan menjadi CPNS. Pada Jumat (27/10/2017) korban Ni Wayan Seni menitipkan uang Rp 100 juta kepada korban I Ketut Susu Sastrawan. I Ketut Susu Sastrawan menemui INB. Total uang yang diserahkan oleh I Ketut Susu Sastrawan sebesar Rp 200 juta. Uang itu tergabung dengan uang yang dititipkan oleh Ni Wayan Seni.
Baca juga: Mantan Kades Asal Magetan Ini Menipu Rp 5,1 M, Pelaku Janjikan Korban Jadi PNS

Shutterstock/Twinster Photo Ilustrasi penipuanUang tersebut sebagai syarat untuk meloloskan anak mereka menjadi PNS, namun hingga saat ini anak Ni Wayan Seni maupun anak I Ketut Susu Sastrawan tak kunjung diangkat menjadi PNS.  ""Sehingga korban merasa dirugikan,"" kata Ranefli. Selain itu, pada Selasa (24/11/ 2017), korban lain atas nama I Putu Mahendra juga menjadi korban INB. Pada saat itu korban memberikan uang kepada terlapor INB sebesar Rp 30 juta untuk menjadikan korban sebagai PNS. Namun sampai saat ini korban tidak juga menjadi PNS sehingga merasa tertipu oleh pelaku.
Baca juga: Indef Sarankan Pemerintah Naikkan Gaji PNS, TNI, dan Polri untuk Jaga Pertumbuhan Ekonomi""Modus operandi, dengan menyerahkan sejumlah uang terlapor atau pelaku menjanjikan para Korbannya bisa menjadikan PNS. Namun, sampai saat ini korban maupun anak korban tidak kunjung menjadi PNS,"" ujar Ranefli.  Korban kemudian melapor ke Polres Tabanan. Pada Kamis (19/8/2021) sekitar pukul 11.30 Wita, polisi berhasil menangkap pelaku di rumahnya, di Banjar Dinas Yeh Tua, Desa Sai, Kecamatan Pupuan, Tabanan, Bali.""Terlapor atau pelaku dibawa ke Polres Tabanan guna penyidikan lebih lanjut sebagaimana dimaksud dalam Pasal 378 KUHP,"" tuturnya.Dalam kasus itu, polisi juga berhasil mengamankan sejumlah barang bukti di antaranya berupa 6 buah kuitansi pembayaran.




  

    
        Bayangkan seorang anak Indonesia bercita-cita menjadi dokter tetapi hanya memiliki satu buku lusuh untuk belajar. Bersama Ekspedisi Kata ke Nyata Kompas.com, Anda bisa membantu mengubah kisah itu. Mari hadirkan akses literasi bagi anak-anak di berbagai pelosok Indonesia melalui donasi lewat tautan https://bit.ly/JagatLiterasi2026. Setiap kebaikan yang Anda berikan bukan hanya membuka jendela pengetahuan, tetapi juga membuka masa depan mereka.",Kompas.com,"Dajan Peken, 82114, Tabanan, Tabanan, Bali, Indonesia",-8.536609490935,115.13552944186335,5,"2, 7","kejaksaan, kejatibali, kejaritabanan, tabanan, news"
Mengenal Mesuryak Tradisi untuk Memberikan Bekal Pada Leluhur di Bali,2022-10-22T07:00:00.000Z,"Kabupaten Tabanan, Bali, Indonesia","Mengenal Mesuryak, Tradisi untuk Memberikan Bekal Pada Leluhur di Bali - Kompas.com","KOMPAS.com - Tradisi mesuryak merupakan tradisi unik yang dilakukan secara turun menurun di Dusun Bongan Gede, Desa Bongan, Kecamatan Tabanan, Kabupaten Tabanan, Bali.
Tradisi mesuryak telah dilakukan sejak nenek moyang tanpa pernah diketahui kapan tradisi dimulai.Hingga saat ini, Tradisi Mesuryak masih dilaksanakan warga Desa Bongan Gede.Tujuan Tradisi Mesuryak
Mesuryak merupakan tradisi yang bertujuan untuk mempersembahkan atau membekali leluhur yang turun pada hari raya Galungan agar kembali ke alam surga dengan damai dan tenang.
Bekal yang dimaksud berupa sesajen, dimana dalam bentuk nyata salah satunya dengan memberikan uang.
Masyarakat menyakini bahwa dengan memberi bekal kepada leluhur akan ada timbal balik berupa saling melindungi keturunannya dan memberikan kedamaian bagi keluarganya.



Para leluhur akan kembali ke nirwana pada saat hari raya Kuningan.
Waktu Pelaksanaan Tradisi Mesuryak
Upacara mesuryak dilakukan pada saat hari Raya Kuningan (10 hari setelah Galungan) setiap enam bulan sekali.
Pelaksanaan upacara dilakukan pada pukul 09.00 hingga 12.00 WITA.
Baca juga: Makna Hari Raya Kuningan yang Masih Serangkaian dengan Galungan 
Upacara tidak boleh dilakukan setelah pukul 12.00 WITA. Karena diyakini setelah pukul 12.00 WITA, para leluhur telah kembali ke surga.
Aturan Tradisi Mesuryak
Prosesi yang dilakukan sejak nenek moyang ini akan diikuti oleh anak-anak, orang dewasa, sampai orang tua, laki-laki dan perempuan bercampur baur.
Tradisi akan diawali dengan ibadah di rumah masing-masing, kemudian dilanjutkan ke Pura Meraja (pura keluarga besar) dan Pura Khayangan Tiga.Sembahyang dilakukan untuk keselamatan Ida Sang Hyang Widhi Wasa dan para leluhur yang ada di rumah sejak Galungan hingga Kuningan.Rangkaian sesaji untuk perjalanan ke Swarga Loka telah disiapkan di depan pintu gerbang rumah masing-masing.
Sesaji yang disebut juga dengan banten pengadegan terdiri dari nasi, telur, dan pis bolong atau uang kepeng.
Jumlah uang kepeng untuk bekal para leluhur sesuai dengan kemampuan masing-masing keluarga.
Kemudian, sesepuh Hindu atau pendeta akan melantunkan pujian dan menutup dengan mesuryak.
Anggota keluarga yang melaksanakan tradisi mesuryak harus melemparkan uang ke atas kepala.
Setelah uang jatuh ke bawah akan diperebutkan masyarakat Desa Bongan yang ikut hadir dan menyaksikan tradisi ini.
Baca juga: Hari Raya Galungan: Sejarah, Makna, dan Rangkaian Acara
Dalam suasana suka cita, mereka akan saling berdesakan untuk memperebutkan uang sambil berteriak (mesuryak).
Kondisi tersebut memunculkan keakraban antar warga.
Pada masa lalu, tradisi ini menggunakan uang kepeng.","Namun seiring perkembangan zaman, uang kepeng diganti dengan uang logam dan kertas.Tradisi ini dilakukan di depan rumah penyelenggaran.
Sumber:
infowisata.tabanankab.go.id dan intisari.grid.id




  

    
        Bayangkan seorang anak Indonesia bercita-cita menjadi dokter tetapi hanya memiliki satu buku lusuh untuk belajar. Bersama Ekspedisi Kata ke Nyata Kompas.com, Anda bisa membantu mengubah kisah itu.","Pada Hari Sabtu , 22 Oktober 2022 07:00, Tabanan, Tabanan, Bali

KOMPAS.com - Tradisi mesuryak merupakan tradisi unik yang dilakukan secara turun menurun di Dusun Bongan Gede, Desa Bongan, Kecamatan Tabanan, Kabupaten Tabanan, Bali.
Tradisi mesuryak telah dilakukan sejak nenek moyang tanpa pernah diketahui kapan tradisi dimulai.Hingga saat ini, Tradisi Mesuryak masih dilaksanakan warga Desa Bongan Gede.Tujuan Tradisi Mesuryak
Mesuryak merupakan tradisi yang bertujuan untuk mempersembahkan atau membekali leluhur yang turun pada hari raya Galungan agar kembali ke alam surga dengan damai dan tenang.
Bekal yang dimaksud berupa sesajen, dimana dalam bentuk nyata salah satunya dengan memberikan uang.
Masyarakat menyakini bahwa dengan memberi bekal kepada leluhur akan ada timbal balik berupa saling melindungi keturunannya dan memberikan kedamaian bagi keluarganya.



Para leluhur akan kembali ke nirwana pada saat hari raya Kuningan.
Waktu Pelaksanaan Tradisi Mesuryak
Upacara mesuryak dilakukan pada saat hari Raya Kuningan (10 hari setelah Galungan) setiap enam bulan sekali.
Pelaksanaan upacara dilakukan pada pukul 09.00 hingga 12.00 WITA.
Baca juga: Makna Hari Raya Kuningan yang Masih Serangkaian dengan Galungan 
Upacara tidak boleh dilakukan setelah pukul 12.00 WITA. Karena diyakini setelah pukul 12.00 WITA, para leluhur telah kembali ke surga.
Aturan Tradisi Mesuryak
Prosesi yang dilakukan sejak nenek moyang ini akan diikuti oleh anak-anak, orang dewasa, sampai orang tua, laki-laki dan perempuan bercampur baur.
Tradisi akan diawali dengan ibadah di rumah masing-masing, kemudian dilanjutkan ke Pura Meraja (pura keluarga besar) dan Pura Khayangan Tiga.Sembahyang dilakukan untuk keselamatan Ida Sang Hyang Widhi Wasa dan para leluhur yang ada di rumah sejak Galungan hingga Kuningan.Rangkaian sesaji untuk perjalanan ke Swarga Loka telah disiapkan di depan pintu gerbang rumah masing-masing.
Sesaji yang disebut juga dengan banten pengadegan terdiri dari nasi, telur, dan pis bolong atau uang kepeng.
Jumlah uang kepeng untuk bekal para leluhur sesuai dengan kemampuan masing-masing keluarga.
Kemudian, sesepuh Hindu atau pendeta akan melantunkan pujian dan menutup dengan mesuryak.
Anggota keluarga yang melaksanakan tradisi mesuryak harus melemparkan uang ke atas kepala.
Setelah uang jatuh ke bawah akan diperebutkan masyarakat Desa Bongan yang ikut hadir dan menyaksikan tradisi ini.
Baca juga: Hari Raya Galungan: Sejarah, Makna, dan Rangkaian Acara
Dalam suasana suka cita, mereka akan saling berdesakan untuk memperebutkan uang sambil berteriak (mesuryak).
Kondisi tersebut memunculkan keakraban antar warga.
Pada masa lalu, tradisi ini menggunakan uang kepeng. Namun seiring perkembangan zaman, uang kepeng diganti dengan uang logam dan kertas.Tradisi ini dilakukan di depan rumah penyelenggaran.
Sumber:
infowisata.tabanankab.go.id dan intisari.grid.id




  

    
        Bayangkan seorang anak Indonesia bercita-cita menjadi dokter tetapi hanya memiliki satu buku lusuh untuk belajar. Bersama Ekspedisi Kata ke Nyata Kompas.com, Anda bisa membantu mengubah kisah itu. Mari hadirkan akses literasi bagi anak-anak di berbagai pelosok Indonesia melalui donasi lewat tautan https://bit.ly/JagatLiterasi2026. Setiap kebaikan yang Anda berikan bukan hanya membuka jendela pengetahuan, tetapi juga membuka masa depan mereka.",Kompas.com,"Dajan Peken, 82114, Tabanan, Tabanan, Bali, Indonesia",-8.536609490935,115.13552944186335,5,"2, 7","kejaksaan, kejatibali, kejaritabanan, tabanan, news"
