title,when_,where,who,what,why,how,source_agent_report,location_name,latitude,longitude,category,data_of_information,hashtags
Pemkab Tabanan Lepas Puluhan Peserta KSPAN Tabanan Ikuti Muspa Bali 2026,2026-09-29T04:42:00.000Z,"Kabupaten Tabanan, Bali, Indonesia",Pemkab Tabanan Lepas Puluhan Peserta KSPAN Tabanan Ikuti Muspa Bali 2026 - RRI.co.id,"Pemerintah Kabupaten Tabanan melepas perwakilan peserta Kelompok Siswa Peduli AIDS dan Narkoba (KSPAN) Kabupaten Tabanan (Foto : Humas Pemkab Tabanan)
                                                    
                                                                                            
                                                                                                            
                                
                                RRI.CO.ID, Tabanan – Pemerintah Kabupaten Tabanan melepas perwakilan peserta Kelompok Siswa Peduli AIDS dan Narkoba (KSPAN) Kabupaten Tabanan, Senin 28 September 2026 di Kantor Bupati Tabanan. Perwakilan KSPAN Kabupaten Tabanan akan mengikuti Temu Remaja KSPAN Provinsi Bali (Muspa Bali II) Tahun 2026 di Wisma Nangun Kerti, Pancasari, Buleleng, 29–30 September 2026.","Pelepasan 20 kontingen (10 orang Siswa SMP N 2 Tabanan dan 10 orang Siswa SMA N 2 Tabanan) beserta 4 orang Guru pendamping dilaksanakan Wakil Bupati Tabanan selaku Ketua KPA dan BNK Kabupaten Tabanan.Wabup Dirga mendorong KPA untuk terus memperkuat upaya pencegahan HIV/AIDS dan narkoba melalui inovasi serta sosialisasi yang lebih luas, termasuk dengan melibatkan pelajar. Menurutnya, edukasi kepada generasi muda perlu dilakukan secara berkelanjutan agar pemahaman mengenai HIV/AIDS dan bahaya narkoba dapat menjangkau lebih banyak sekolah, hingga ke tingkat Desa dan Kecamatan.","Pada Hari Selasa , 29 September 2026 04:42, Tabanan, Tabanan, Bali

Pemerintah Kabupaten Tabanan melepas perwakilan peserta Kelompok Siswa Peduli AIDS dan Narkoba (KSPAN) Kabupaten Tabanan (Foto : Humas Pemkab Tabanan)
                                                    
                                                                                            
                                                                                                            
                                
                                RRI.CO.ID, Tabanan – Pemerintah Kabupaten Tabanan melepas perwakilan peserta Kelompok Siswa Peduli AIDS dan Narkoba (KSPAN) Kabupaten Tabanan, Senin 28 September 2026 di Kantor Bupati Tabanan. Perwakilan KSPAN Kabupaten Tabanan akan mengikuti Temu Remaja KSPAN Provinsi Bali (Muspa Bali II) Tahun 2026 di Wisma Nangun Kerti, Pancasari, Buleleng, 29–30 September 2026. Pelepasan 20 kontingen (10 orang Siswa SMP N 2 Tabanan dan 10 orang Siswa SMA N 2 Tabanan) beserta 4 orang Guru pendamping dilaksanakan Wakil Bupati Tabanan selaku Ketua KPA dan BNK Kabupaten Tabanan.Wabup Dirga mendorong KPA untuk terus memperkuat upaya pencegahan HIV/AIDS dan narkoba melalui inovasi serta sosialisasi yang lebih luas, termasuk dengan melibatkan pelajar. Menurutnya, edukasi kepada generasi muda perlu dilakukan secara berkelanjutan agar pemahaman mengenai HIV/AIDS dan bahaya narkoba dapat menjangkau lebih banyak sekolah, hingga ke tingkat Desa dan Kecamatan. Wabup Dirga juga mengajak para pelajar yang tergabung dalam KSPAN untuk memanfaatkan kegiatan tersebut sebagai ruang belajar, membangun kepemimpinan, serta mengembangkan kreativitas dalam menyampaikan pesan-pesan edukasi. Selain itu, kegiatan positif KSPAN ini diharapkannya agar dikemas dalam konten media sosial, sehingga dapat menjangkau lebih banyak masyarakat sekaligus mengajak sekolah lainnya turut berperan dalam upaya pencegahan HIV/AIDS dan narkoba, khususnya di Kabupaten Tabanan. Wabup Dirga juga berharap para peserta mengikuti seluruh rangkaian dengan sungguh-sungguh dan membawa pengalaman serta pengetahuan positif untuk diterapkan di Kabupaten Tabanan.""Kami ucapkan terima kasih kepada Kepala Sekolah dan Wakil Kepala Sekolah yang sempat hadir dan pembina juga yang lainnya dan adik-adik yang mewakili daripada SMP dan SMA, kami ucapkan banyak terima kasih. Dan kami harapkan pada adik-adik yang bertugas nanti disana yang belajar, baik lomba maupun belajar ikuti dengan seksama, nggih. Biar apa yang didapatkan positif-positifnya disana, ayo kita bawa ke daerah untuk disampaikan kepada rekan-rekan kita,"" ujar Wabup Dirga.Muspa Bali II Tahun 2026 mengusung tema “Melalui Muspa Bali Ciptakan Generasi Muda Sehat, Cerdas dan Berkarakter Menuju Ending AIDS 2030”. Perwakilan KSPAN Kabupaten Tabanan dari jenjang SMP dan SMA akan mengikuti rangkaian kegiatan bersama kontingen Kabupaten/Kota se-Bali, yang meliputi temu KSPAN, capacity building, serta sejumlah lomba edukatif.


                                
                                
                                
                                
                                
                                            
                                        
                                                                    

                                


                                
                                                                    
                                    
                                
                                                                                                                                                                                
                            
                            
                                                                        
                                                                
                                    
                                        
                                            Berita
                                        
                                    
                                    Terbaru Lainnya
                                
                                
                            
                            
                                    
                                    
                                        Memuat berita terbaru.....",RRI.co.id,"Dajan Peken, 82114, Tabanan, Tabanan, Bali, Indonesia",-8.536609490935,115.13552944186335,5,"2, 7","kejaksaan, kejatibali, kejaritabanan, tabanan, news"
Pemkab Tabanan Gelar Sembahyang Bersama di Pura Penataran Agung Lempuyang Madya,2026-09-27T02:08:00.000Z,"Kabupaten Tabanan, Bali, Indonesia",Pemkab Tabanan Gelar Sembahyang Bersama di Pura Penataran Agung Lempuyang Madya - RRI.co.id,"Bupati Tabanan I Komang Gede Sanjaya mengikuti persembahyangan Bhakti Penganyar di Pura Penataran Agung Lempuyang Madya Karangasem (Foto : Humas Pemkab Tabanan)
                                                    
                                                                                            
                                                                                                            
                                
                                RRI.CO.ID, Tabanan – Nuansa sradha bhakti dan kebersamaan mewarnai pelaksanaan Karya Melaspas, Mendem Pedagingan lan Pujawali Catur ring Pura Penataran Agung Lempuyang Madya, Desa Lempuyang, Kecamatan Abang, Kabupaten Karangasem, Sabtu 26 September 2026. Dalam momentum sakral yang bertepatan dengan Rahina Purnama Kapat tersebut, Bupati Tabanan I Komang Gede Sanjaya, mengikuti persembahyangan Bhakti Penganyar Pemerintah Kabupaten Tabanan sebagai wujud bhakti sekaligus dukungan terhadap pelestarian adat, agama, dan budaya Bali.","Bupati Sanjaya turut mengikuti prosesi Mendem Pedagingan di Pura Luhur Lempuyang, khususnya pada kawasan Batu Payogan Dukuh, sebagai bagian dari rangkaian upacara setelah dilaksanakannya penataan dan penyempurnaan pura. Prosesi tersebut menjadi bagian penting dalam mengembalikan fungsi, kesucian, dan kelengkapan niskala pura sebagai tempat suci yang memiliki kedudukan penting dalam kehidupan spiritual masyarakat Bali.Bupati Sanjaya menyampaikan apresiasi atas terselenggaranya rangkaian karya dan Pujawali tersebut.","Pada Hari Minggu , 27 September 2026 02:08, Tabanan, Tabanan, Bali

Bupati Tabanan I Komang Gede Sanjaya mengikuti persembahyangan Bhakti Penganyar di Pura Penataran Agung Lempuyang Madya Karangasem (Foto : Humas Pemkab Tabanan)
                                                    
                                                                                            
                                                                                                            
                                
                                RRI.CO.ID, Tabanan – Nuansa sradha bhakti dan kebersamaan mewarnai pelaksanaan Karya Melaspas, Mendem Pedagingan lan Pujawali Catur ring Pura Penataran Agung Lempuyang Madya, Desa Lempuyang, Kecamatan Abang, Kabupaten Karangasem, Sabtu 26 September 2026. Dalam momentum sakral yang bertepatan dengan Rahina Purnama Kapat tersebut, Bupati Tabanan I Komang Gede Sanjaya, mengikuti persembahyangan Bhakti Penganyar Pemerintah Kabupaten Tabanan sebagai wujud bhakti sekaligus dukungan terhadap pelestarian adat, agama, dan budaya Bali. Bupati Sanjaya turut mengikuti prosesi Mendem Pedagingan di Pura Luhur Lempuyang, khususnya pada kawasan Batu Payogan Dukuh, sebagai bagian dari rangkaian upacara setelah dilaksanakannya penataan dan penyempurnaan pura. Prosesi tersebut menjadi bagian penting dalam mengembalikan fungsi, kesucian, dan kelengkapan niskala pura sebagai tempat suci yang memiliki kedudukan penting dalam kehidupan spiritual masyarakat Bali.Bupati Sanjaya menyampaikan apresiasi atas terselenggaranya rangkaian karya dan Pujawali tersebut. Menurutnya, penataan dan penyempurnaan pura bukan hanya berkaitan dengan pembangunan secara fisik, tetapi juga menjadi bagian dari upaya menjaga keberadaan tempat suci serta keberlanjutan tradisi dan nilai-nilai spiritual yang telah diwariskan para leluhur.Sementara itu, Wakil Menteri Pariwisata RI, Ni Luh Enik Ermawati mengajak seluruh pihak untuk terus menjaga keajegan Bali melalui semangat kebersamaan dan kepedulian terhadap lingkungan. Pesan tersebut salah satunya diwujudkan melalui kegiatan penanaman bambu yang dilaksanakan setelah rangkaian persembahyangan, sebagai bagian dari upaya menjaga kelestarian alam Bali.Melalui pelaksanaan Bhakti Penganyar ini, Pemerintah Kabupaten Tabanan berharap rangkaian Karya Melaspas, Mendem Pedagingan lan Pujawali Catur ring Pura Penataran Agung Lempuyang Madya dapat berjalan lancar dan membawa kerahayuan bagi seluruh umat. Lebih dari itu, momentum ini diharapkan semakin memperkuat komitmen bersama untuk menjaga kesucian tempat suci, melestarikan adat dan budaya, serta mempertahankan semangat sradha bhakti dan gotong royong dalam kehidupan masyarakat Bali.


                                
                                
                                
                                
                                
                                            
                                        
                                                                    

                                


                                
                                                                    
                                    
                                
                                                                                                                                                                                
                            
                            
                                                                        
                                                                
                                    
                                        
                                            Berita
                                        
                                    
                                    Terbaru Lainnya
                                
                                
                            
                            
                                    
                                    
                                        Memuat berita terbaru.....",RRI.co.id,"Dajan Peken, 82114, Tabanan, Tabanan, Bali, Indonesia",-8.536609490935,115.13552944186335,5,"2, 7","kejaksaan, kejatibali, kejaritabanan, tabanan, news"
Bunda Rai Perkuat Sinergi PKK dan Posyandu Tabanan,2026-09-27T02:06:00.000Z,"Kabupaten Tabanan, Bali, Indonesia",Bunda Rai Perkuat Sinergi PKK dan Posyandu Tabanan - RRI.co.id,"RRI.CO.ID, Tabanan – Memperkuat pemahaman dan menyatukan langkah para kader di lapangan, Ketua TP PKK sekaligus Ketua TP Pembina Posyandu Kabupaten Tabanan, Ny. Rai Wahyuni Sanjaya memimpin Sosialisasi Tatap Muka TP PKK Kabupaten Tabanan dengan tema “Transformasi Posyandu 6 Standar Pelayanan Minimal (SPM), Mendekatkan Layanan, Meningkatkan Kualitas Hidup Masyarakat” di Ruang Rapat Utama Jayaning Singasana, Kantor Bupati Tabanan.","Pertemuan ini menjadi ruang penguatan koordinasi sekaligus evaluasi pelaksanaan program PKK dan Posyandu yang memiliki keterkaitan erat dalam pemberdayaan masyarakat.Bunda Rai menjelaskan transformasi Posyandu 6 SPM merupakan salah satu program prioritas nasional yang bertujuan memperluas fungsi Posyandu menjadi pusat pelayanan terpadu di desa/kelurahan. Transformasi tersebut diarahkan untuk mendekatkan layanan dasar, mengintegrasikan berbagai program pemerintah, serta meningkatkan kualitas hidup dan kesejahteraan masyarakat secara menyeluruh.“Pertemuan ini untuk kita mengevaluasi kegiatan kita setiap tahun, khususnya di PKK dan Posyandu.","Pada Hari Minggu , 27 September 2026 02:06, Tabanan, Tabanan, Bali

RRI.CO.ID, Tabanan – Memperkuat pemahaman dan menyatukan langkah para kader di lapangan, Ketua TP PKK sekaligus Ketua TP Pembina Posyandu Kabupaten Tabanan, Ny. Rai Wahyuni Sanjaya memimpin Sosialisasi Tatap Muka TP PKK Kabupaten Tabanan dengan tema “Transformasi Posyandu 6 Standar Pelayanan Minimal (SPM), Mendekatkan Layanan, Meningkatkan Kualitas Hidup Masyarakat” di Ruang Rapat Utama Jayaning Singasana, Kantor Bupati Tabanan. Pertemuan ini menjadi ruang penguatan koordinasi sekaligus evaluasi pelaksanaan program PKK dan Posyandu yang memiliki keterkaitan erat dalam pemberdayaan masyarakat.Bunda Rai menjelaskan transformasi Posyandu 6 SPM merupakan salah satu program prioritas nasional yang bertujuan memperluas fungsi Posyandu menjadi pusat pelayanan terpadu di desa/kelurahan. Transformasi tersebut diarahkan untuk mendekatkan layanan dasar, mengintegrasikan berbagai program pemerintah, serta meningkatkan kualitas hidup dan kesejahteraan masyarakat secara menyeluruh.“Pertemuan ini untuk kita mengevaluasi kegiatan kita setiap tahun, khususnya di PKK dan Posyandu. Kenapa menjadi satu acara, karena kegiatan ini saling beririsan. Saya harapkan sinergi yang sudah terjalin luar biasa selama ini bisa lebih ditingkatkan lagi, agar 10 Program Pokok PKK dan Posyandu dengan 6 SPM ini bisa kita implementasikan dengan lebih baik lagi,” jelasnya. Menurut Bunda Rai, keterkaitan tersebut juga terlihat dari 10 Program Pokok PKK yang mencakup berbagai bidang, seperti kesehatan, pendidikan dan kesejahteraan sosial. Kondisi tersebut semakin memperkuat pentingnya sinergi antara TP PKK dan TP Posyandu, mengingat sebagian besar pengurus dan kader Posyandu juga merupakan pengurus PKK di tingkat desa hingga kecamatan.Sepanjang tahun 2026, TP PKK Kabupaten Tabanan juga telah melaksanakan berbagai kegiatan, mulai dari aksi sosial, sosialisasi dan pembinaan, rapat koordinasi, pasar rakyat, puncak HKG hingga berbagai perlombaan, seperti Aku Hatinya PKK, karaoke, yel-yel dan Posyandu 6 SPM. Bunda Rai menegaskan, berbagai perlombaan tersebut tidak semata-mata menjadi ajang kompetisi, tetapi juga menjadi sarana untuk membangkitkan semangat para kader sekaligus melihat secara langsung kondisi di lapangan.“Kenapa lomba, karena untuk menjadi rangsangan membangkitkan lagi semangat para kader. Di sanalah kesempatan kita untuk lebih melihat keadaan langsung di lapangan,” ungkapnya. Bunda Rai menekankan pentingnya pelaksanaan program secara berjenjang mulai dari kabupaten, kecamatan hingga desa. Berbagai program yang telah berjalan di tingkat provinsi, seperti aksi sosial, pembinaan dan peningkatan kapasitas, turut diteruskan di tingkat Kabupaten Tabanan agar manfaatnya dapat menjangkau masyarakat secara lebih merata.“Kalau kita semua bergerak, akan lebih cepat dan merata masyarakat bisa mendapatkan bantuan. Begitu pula dengan pembinaan dan peningkatan kapasitas, seperti di Posyandu, agar berjenjang juga berjalan. Jangan hanya di kabupaten yang bergerak, tetapi di desa tidak bergerak, karena nanti tidak akan mandeg dan tidak berjalan,” tegasnya.Sementara dalam pelaksanaan transformasi Posyandu 6 SPM, Bunda Rai menyebut Tabanan telah bergerak sejak awal melalui peningkatan kapasitas, sosialisasi, penyusunan program kerja serta penguatan sinergi dengan perangkat daerah terkait. Transformasi tersebut mencakup tiga aspek utama, yakni transformasi kelembagaan, transformasi layanan dan transformasi pembinaan.  Posyandu kini tidak hanya berfokus pada kesehatan, tetapi menjadi pusat pelayanan dasar terpadu yang mencakup pendidikan, kesehatan, pekerjaan umum, perumahan rakyat, ketenteraman dan ketertiban umum serta perlindungan masyarakat, dan sosial. Bunda Rai menjelaskan alur pelaksanaan pelayanan 6 SPM, mulai dari masyarakat datang ke Posyandu, melakukan pendaftaran dan pendataan, verifikasi serta kunjungan rumah, rekapitulasi dan pelaporan, hingga tindak lanjut oleh pemerintah desa/kelurahan dan perangkat daerah. Strategi transformasi turut diarahkan melalui penyatuan persepsi masyarakat, pengembangan pelayanan, peningkatan kapasitas pengurus dan kader, penguatan sarana prasarana, penataan kelembagaan, pemantapan koordinasi kebijakan dan pembinaan, serta penguatan dukungan pendanaan. “Untuk Posyandu dengan 6 SPM, dari awal kita sudah bergerak cepat. Kita melakukan peningkatan kapasitas, sosialisasi, merancang program kerja dan sinergi kita dengan OPD terkait sudah berjalan dengan baik,” jelasnya.Bunda Rai juga mengajak seluruh Ketua TP Posyandu Kecamatan dan Desa serta perangkat daerah terkait untuk mempersiapkan diri dengan baik dalam berbagai kegiatan dan perlombaan TP Posyandu Provinsi Bali, termasuk lomba Ketua TP Posyandu, Telajakan dan PSBS. Kegiatan sosialisasi kemudian dilanjutkan dengan sesi tanya jawab, sehingga para kader dapat berdiskusi secara langsung mengenai materi transformasi Posyandu 6 SPM dan pelaksanaannya di wilayah masing-masing. Kepala Dinas PMD Kabupaten Tabanan, I Gede Ketut Suyana Putra, menyampaikan pemerintah memiliki peran dalam menyusun dan melaksanakan kebijakan pemberdayaan masyarakat dan desa, termasuk melakukan pembinaan serta pendampingan kepada desa. Ia mendorong agar PKK terus dilibatkan dalam setiap proses pembangunan di desa, termasuk penggalian gagasan dan musyawarah. “Harapannya PKK dan Posyandu bisa berjalan maksimal. Intinya adalah pemberdayaan, dan pemberdayaan itu bisa dimulai dari struktur terkecil, yakni keluarga. Tugas ibu-ibu sangatlah berat, karena memberdayakan yang tidak berdaya menjadi berdaya, menjadi penggerak dan memotivasi. Sesuai arahan Bupati dan Ketua TP PKK Kabupaten Tabanan, agar kita tidak lelah untuk terus mengajak generasi muda dan lingkungan sekitar agar berperan aktif dalam pembangunan di wilayah masing-masing,” ujarnya.",RRI.co.id,"Dajan Peken, 82114, Tabanan, Tabanan, Bali, Indonesia",-8.536609490935,115.13552944186335,5,"2, 7","kejaksaan, kejatibali, kejaritabanan, tabanan, news"
Bupati Sanjaya Kuatkan Pelayanan Kepegawaian di Tabanan,2026-09-27T02:04:00.000Z,"Kabupaten Tabanan, Bali, Indonesia",Bupati Sanjaya Kuatkan Pelayanan Kepegawaian di Tabanan - RRI.co.id,"Bupati Tabanan I Komang Gede Sanjaya saat meresmikan Gedung Kantor Badan Kepegawaian dan Pengembangan Sumber Daya Manusia (BKPSDM) Kabupaten Tabanan (Foto : HUmas Pemkab Tabanan)
                                                    
                                                                                            
                                                                                                            
                                
                                RRI.CO.ID, Tabanan – Upaya meningkatkan kualitas tata kelola pemerintahan melalui penyediaan sarana dan prasarana yang representatif kembali diwujudkan Pemerintah Kabupaten Tabanan melalui peresmian Gedung Kantor Badan Kepegawaian dan Pengembangan Sumber Daya Manusia (BKPSDM) Kabupaten Tabanan. Bupati Tabanan I Komang Gede Sanjaya saat meresmikan Gedung Kantor Badan Kepegawaian dan Pengembangan Sumber Daya Manusia (BKPSDM) Kabupaten Tabanan menegaskan peresmian Gedung Kantor baru tersebut bukan sekadar pembangunan fasilitas fisik, melainkan bagian dari upaya Pemerintah Kabupaten Tabanan dalam meningkatkan kualitas penyelenggaraan pemerintahan, khususnya di bidang pengelolaan Aparatur Sipil Negara dan pengembangan sumber daya manusia.","Menurutnya, keberadaan gedung yang lebih representatif harus diikuti dengan peningkatan profesionalisme aparatur, kualitas pelayanan, serta semangat untuk memberikan manfaat yang lebih besar bagi masyarakat. “Gedung yang baru harus diikuti dengan semangat kerja yang baru, budaya kerja yang semakin baik serta inovasi pelayanan yang semakin kuat.","Pada Hari Minggu , 27 September 2026 02:04, Tabanan, Tabanan, Bali

Bupati Tabanan I Komang Gede Sanjaya saat meresmikan Gedung Kantor Badan Kepegawaian dan Pengembangan Sumber Daya Manusia (BKPSDM) Kabupaten Tabanan (Foto : HUmas Pemkab Tabanan)
                                                    
                                                                                            
                                                                                                            
                                
                                RRI.CO.ID, Tabanan – Upaya meningkatkan kualitas tata kelola pemerintahan melalui penyediaan sarana dan prasarana yang representatif kembali diwujudkan Pemerintah Kabupaten Tabanan melalui peresmian Gedung Kantor Badan Kepegawaian dan Pengembangan Sumber Daya Manusia (BKPSDM) Kabupaten Tabanan. Bupati Tabanan I Komang Gede Sanjaya saat meresmikan Gedung Kantor Badan Kepegawaian dan Pengembangan Sumber Daya Manusia (BKPSDM) Kabupaten Tabanan menegaskan peresmian Gedung Kantor baru tersebut bukan sekadar pembangunan fasilitas fisik, melainkan bagian dari upaya Pemerintah Kabupaten Tabanan dalam meningkatkan kualitas penyelenggaraan pemerintahan, khususnya di bidang pengelolaan Aparatur Sipil Negara dan pengembangan sumber daya manusia. Menurutnya, keberadaan gedung yang lebih representatif harus diikuti dengan peningkatan profesionalisme aparatur, kualitas pelayanan, serta semangat untuk memberikan manfaat yang lebih besar bagi masyarakat. “Gedung yang baru harus diikuti dengan semangat kerja yang baru, budaya kerja yang semakin baik serta inovasi pelayanan yang semakin kuat. Jangan sampai kita hanya membangun kantor yang megah tetapi kinerja pelayanan melemah. Justru sebaliknya, saya berharap gedung baru ini tidak hanya menjadi tempat bekerja, tetapi menjadi rumah pelayanan kepegawaian yang memberikan kemudahan, kepastian, transparansi dan pelayanan yang cepat kepada seluruh ASN di lingkungan Pemerintah Kabupaten Tabanan,” ujar Bupati Sanjaya.Bupati Sanjaya menyampaikan BKPSDM memiliki peran strategis dalam pengelolaan sumber daya aparatur, mengingat kualitas SDM menjadi salah satu fondasi penting dalam keberhasilan pembangunan dan pelayanan publik. Untuk itu, pihaknya berharap jajaran BKPSDM dapat memanfaatkan lingkungan kerja baru tersebut untuk melahirkan berbagai inovasi, sekaligus menjadi perangkat daerah yang responsif, profesional, adaptif terhadap perkembangan teknologi, serta mampu memberikan pelayanan kepegawaian yang mudah, cepat dan akuntabel. Bupati Sanjaya mengapresiasi seluruh pihak yang berkontribusi dalam proses pembangunan hingga tuntasnya pembangunan gedung kantor tersebut. Ia berharap fasilitas yang telah dibangun dapat dimanfaatkan dan dipelihara dengan sebaik-baiknya serta menjadi momentum untuk memperkuat komitmen bersama dalam membangun birokrasi Tabanan yang semakin profesional, berintegritas, melayani dan berorientasi pada hasil.


                                
                                
                                
                                
                                
                                            
                                        
                                                                    

                                


                                
                                                                    
                                    
                                
                                                                                                                                                                                
                            
                            
                                                                        
                                                                
                                    
                                        
                                            Berita
                                        
                                    
                                    Terbaru Lainnya
                                
                                
                            
                            
                                    
                                    
                                        Memuat berita terbaru.....",RRI.co.id,"Dajan Peken, 82114, Tabanan, Tabanan, Bali, Indonesia",-8.536609490935,115.13552944186335,5,"2, 7","kejaksaan, kejatibali, kejaritabanan, tabanan, news"
Pemkab Tabanan Lakasanakan Persembahyangan Bhakti Penganyar di Pura Tuluk Biyu,2026-09-27T02:07:00.000Z,"Kabupaten Tabanan, Bali, Indonesia",Pemkab Tabanan Lakasanakan Persembahyangan Bhakti Penganyar di Pura Tuluk Biyu - RRI.co.id,"Bupati Tabanan I Komang Gede Sanjaya menghadiri Persembahyangan Bhakti Penganyar Pemerintah Kabupaten Tabanan serangkaian Puncak Karya Agung Madewasraya lan Pujawali Ngusaba Purnamaning Sasih Kapat ring Pura Tuluk Biyu Batur (Foto : Humas Pemkab Tabanan)
                                                    
                                                                                            
                                                                                                            
                                
                                RRI.CO.ID, Tabanan – Bupati Tabanan I Komang Gede Sanjaya menghadiri Persembahyangan Bhakti Penganyar Pemerintah Kabupaten Tabanan serangkaian Puncak Karya Agung Madewasraya lan Pujawali Ngusaba Purnamaning Sasih Kapat ring Pura Tuluk Biyu Batur, Desa Batur, Kintamani, Bangli, Sabtu, 26 September 2026. Kehadiran Bupati Sanjaya bersama Sekda dan jajaran Pemkab Tabanan menjadi wujud bhakti sekaligus kebersamaan dalam mendukung pelaksanaan karya yadnya dan memohon kerahayuan bagi seluruh umat serta jagat Bali.","Bhakti Penganyar ini juga menjadi momentum bagi pemerintah daerah untuk turut hadir dan menyatu bersama masyarakat dalam pelaksanaan kegiatan keagamaan, sekaligus memperkuat semangat menyama braya yang menjadi bagian penting dalam kehidupan sosial masyarakat Bali. Selain itu, kehadiran Pemkab Tabanan dalam pelaksanaan Bhakti Penganyar ini merupakan bentuk rasa syukur dan bhakti bersama.Bupati Sanjaya menilai pelaksanaan karya keagamaan juga memiliki makna penting dalam menjaga keberlangsungan adat, agama, tradisi dan budaya Bali.","Pada Hari Minggu , 27 September 2026 02:07, Tabanan, Tabanan, Bali

Bupati Tabanan I Komang Gede Sanjaya menghadiri Persembahyangan Bhakti Penganyar Pemerintah Kabupaten Tabanan serangkaian Puncak Karya Agung Madewasraya lan Pujawali Ngusaba Purnamaning Sasih Kapat ring Pura Tuluk Biyu Batur (Foto : Humas Pemkab Tabanan)
                                                    
                                                                                            
                                                                                                            
                                
                                RRI.CO.ID, Tabanan – Bupati Tabanan I Komang Gede Sanjaya menghadiri Persembahyangan Bhakti Penganyar Pemerintah Kabupaten Tabanan serangkaian Puncak Karya Agung Madewasraya lan Pujawali Ngusaba Purnamaning Sasih Kapat ring Pura Tuluk Biyu Batur, Desa Batur, Kintamani, Bangli, Sabtu, 26 September 2026. Kehadiran Bupati Sanjaya bersama Sekda dan jajaran Pemkab Tabanan menjadi wujud bhakti sekaligus kebersamaan dalam mendukung pelaksanaan karya yadnya dan memohon kerahayuan bagi seluruh umat serta jagat Bali. Bhakti Penganyar ini juga menjadi momentum bagi pemerintah daerah untuk turut hadir dan menyatu bersama masyarakat dalam pelaksanaan kegiatan keagamaan, sekaligus memperkuat semangat menyama braya yang menjadi bagian penting dalam kehidupan sosial masyarakat Bali. Selain itu, kehadiran Pemkab Tabanan dalam pelaksanaan Bhakti Penganyar ini merupakan bentuk rasa syukur dan bhakti bersama.Bupati Sanjaya menilai pelaksanaan karya keagamaan juga memiliki makna penting dalam menjaga keberlangsungan adat, agama, tradisi dan budaya Bali. Menurutnya, nilai-nilai kebersamaan yang tumbuh melalui kegiatan ngayah dan gotong royong merupakan kekuatan yang perlu terus dipelihara di tengah masyarakat.Ia juga menyampaikan apresiasi kepada seluruh pengempon, panitia, krama serta seluruh pihak yang telah bergotong royong sehingga rangkaian Karya Agung Madewasraya dan Pujawali Ngusaba Purnamaning Sasih Kapat dapat terlaksana. Sementara itu, Ketua Panitia Karya Agung Madewasraya, I Wayan Gunawan, menyampaikan apresiasi dan terima kasih atas kehadiran seluruh undangan serta pihak yang telah memberikan dukungan terhadap pelaksanaan karya. Menurutnya, dukungan berbagai pihak menjadi bagian penting dalam kelancaran rangkaian upacara yang dilaksanakan di Pura Tuluk Biyu Batur. “Kami menyampaikan terima kasih kepada seluruh pihak yang telah hadir dan memberikan dukungan, pemikiran maupun tenaga dalam pelaksanaan Karya Agung Madewasraya ini. Semoga seluruh rangkaian karya berjalan lancar dan membawa kerahayuan, kedamaian serta kesejahteraan bagi seluruh masyarakat,” ungkapnya.Usai persembahyangan, Bupati Sanjaya bersama Gubernur Koster menuju tempat prasasti Pura Tuluk Biyu Batur. Dalam kesempatan tersebut Gubernur Bali serta Ketua Pengurus Harian Parisada Hindu Dharma Indonesia (PHDI) Provinsi Bali melaksanakan penandatanganan prasasti. Hal ini menunjukkan komitmen bersama untuk terus bersinergi dan hadir bersama masyarakat dalam menjaga serta melestarikan adat, agama, tradisi dan budaya Bali. 


                                
                                
                                
                                
                                
                                            
                                        
                                                                    

                                


                                
                                                                    
                                    
                                
                                                                                                                                                                                
                            
                            
                                                                        
                                                                
                                    
                                        
                                            Berita
                                        
                                    
                                    Terbaru Lainnya
                                
                                
                            
                            
                                    
                                    
                                        Memuat berita terbaru.....",RRI.co.id,"Dajan Peken, 82114, Tabanan, Tabanan, Bali, Indonesia",-8.536609490935,115.13552944186335,5,"2, 7","kejaksaan, kejatibali, kejaritabanan, tabanan, news"
PLN Mengajar Puluhan Pelajar Belajar Kelistrikan dan Keselamatan Listrik,2026-09-29T00:40:00.000Z,"Kabupaten Tabanan, Bali, Indonesia","PLN Mengajar, Puluhan Pelajar Belajar Kelistrikan dan Keselamatan Listrik - RRI.co.id","Tim PLN ULP Tabanan berinteraksi dengan siswa SMA Negeri 1 Kerambitan dalam sesi diskusi pada kegiatan PLN Mengajar. (Foto: Humas PLN UID Bali).
                                                    
                                                                                            
                                                                                                            
                                
                                RRI.CO.ID, Tabanan — Sebanyak 50 siswa SMA Negeri 1 Kerambitan, Tabanan, mendapat pembelajaran langsung mengenai dunia ketenagalistrikan, keselamatan penggunaan listrik, dan layanan digital PLN melalui program PLN Mengajar.","Kegiatan yang digelar PLN Unit Pelaksana Pelayanan Pelanggan (UP3) Bali Selatan melalui Unit Layanan Pelanggan (ULP) Tabanan tersebut berlangsung interaktif di SMA Negeri 1 Kerambitan, Desa Kukuh, Kecamatan Kerambitan.Tim PLN ULP Tabanan memberikan materi mengenai ketenagalistrikan, potensi bahaya listrik, serta pengenalan PLN Mobile sebagai kanal layanan digital. Materi disampaikan Manajer ULP Tabanan I Wayan Murtika, Team Leader PP I Komang P.","Pada Hari Selasa , 29 September 2026 00:40, Tabanan, Tabanan, Bali

Tim PLN ULP Tabanan berinteraksi dengan siswa SMA Negeri 1 Kerambitan dalam sesi diskusi pada kegiatan PLN Mengajar. (Foto: Humas PLN UID Bali).
                                                    
                                                                                            
                                                                                                            
                                
                                RRI.CO.ID, Tabanan — Sebanyak 50 siswa SMA Negeri 1 Kerambitan, Tabanan, mendapat pembelajaran langsung mengenai dunia ketenagalistrikan, keselamatan penggunaan listrik, dan layanan digital PLN melalui program PLN Mengajar. Kegiatan yang digelar PLN Unit Pelaksana Pelayanan Pelanggan (UP3) Bali Selatan melalui Unit Layanan Pelanggan (ULP) Tabanan tersebut berlangsung interaktif di SMA Negeri 1 Kerambitan, Desa Kukuh, Kecamatan Kerambitan.Tim PLN ULP Tabanan memberikan materi mengenai ketenagalistrikan, potensi bahaya listrik, serta pengenalan PLN Mobile sebagai kanal layanan digital. Materi disampaikan Manajer ULP Tabanan I Wayan Murtika, Team Leader PP I Komang P. Juniarta, dan Team Leader K3L & KAM I Komang Sutarjana.Para siswa tidak hanya menerima materi, tetapi juga terlibat dalam diskusi, sesi tanya jawab, dan kuis interaktif. Sejumlah siswa mengajukan pertanyaan berdasarkan pengalaman mereka dalam menggunakan listrik sehari-hari. PLN juga memberikan suvenir kepada siswa yang aktif berpartisipasi.Manager PLN UP3 Bali Selatan Alexander J. Manuhuwa mengatakan PLN Mengajar menjadi ruang bagi PLN untuk berbagi pengetahuan sekaligus memperkenalkan dunia ketenagalistrikan kepada pelajar. “PLN Mengajar merupakan kesempatan bagi kami untuk berbagi pengalaman dan pengetahuan tentang kelistrikan secara langsung kepada para siswa. Kami ingin mereka memahami bahwa listrik memberikan banyak manfaat dalam kehidupan, namun penggunaannya juga harus disertai dengan pengetahuan mengenai keselamatan,” ujar Alexander.Selain keselamatan listrik, PLN memperkenalkan PLN Mobile agar generasi muda mengenal berbagai layanan kelistrikan yang kini dapat diakses melalui kanal digital. “Kami juga ingin memperkenalkan bagaimana masyarakat saat ini dapat mengakses layanan PLN melalui kanal digital. Harapannya, siswa mengenal PLN bukan hanya sebagai penyedia listrik, tetapi juga sebagai perusahaan yang terus beradaptasi dengan perkembangan teknologi dan kebutuhan pelanggan,” katanya.Waka Humas SMA Negeri 1 Kerambitan Ni Made Utami Asih mengapresiasi pelaksanaan PLN Mengajar karena memberikan pengetahuan tambahan kepada siswa, khususnya mengenai keselamatan ketenagalistrikan. “Pihak sekolah berterima kasih atas kegiatan edukasi yang diberikan kepada siswa-siswi. Kegiatan seperti ini memberikan pengetahuan tambahan bagi mereka, khususnya agar lebih memahami keselamatan ketenagalistrikan dan lebih berhati-hati dalam menggunakan listrik,” ujar Ni Made Utami.Melalui PLN Mengajar, PLN berharap edukasi mengenai keselamatan listrik dan perkembangan layanan digital dapat semakin dikenal generasi muda. Program tersebut juga menjadi sarana membangun kesadaran penggunaan listrik yang aman sejak lingkungan sekolah. 


                                
                                
                                
                                
                                
                                            
                                        
                                                                    

                                


                                
                                                                    
                                    
                                
                                                                                                                                                                                
                            
                            
                                                                        
                                                                
                                    
                                        
                                            Berita
                                        
                                    
                                    Terbaru Lainnya
                                
                                
                            
                            
                                    
                                    
                                        Memuat berita terbaru.....",RRI.co.id,"Dajan Peken, 82114, Tabanan, Tabanan, Bali, Indonesia",-8.536609490935,115.13552944186335,5,"2, 7","kejaksaan, kejatibali, kejaritabanan, tabanan, news"
GSJT Soroti Santunan Korban KM Virgo Rp 50 Juta Minta Beasiswa Anak Korban,2026-09-30T17:18:00.000Z,"Kabupaten Tabanan, Bali, Indonesia","GSJT Soroti Santunan Korban KM Virgo Rp 50 Juta, Minta Beasiswa Anak Korban - Kompas.com","SURABAYA, KOMPAS.com - Gerakan Sopir Jawa Timur (GSJT) menilai santunan Rp 50 juta bagi korban meninggal dunia kecelakaan KM Virgo Transport 8 tidak lagi cukup untuk memenuhi kebutuhan keluarga yang ditinggalkan.
Hal itu disampaikan GSJT saat menggelar aksi demonstrasi di depan Kantor Dinas Perhubungan (Dishub) Jawa Timur, Rabu (30/9/2026).Sekitar 600 truk dan towing yang dibawa sopir dari berbagai daerah di Jawa Timur dan luar provinsi ikut dalam aksi tersebut hingga menyebabkan jalan diblokade.
Baca juga: 4 Jenazah Korban KM Virgo Ditemukan di Perairan Kalteng, Akan Dievakuasi ke Banjarmasin
Dalam aksi itu, GSJT menyuarakan sejumlah tuntutan, di antaranya penghapusan barcode bersubsidi, pembiayaan penyesuaian dimensi kendaraan GSJT, serta penghentian pelarangan kendaraan dengan muatan lebih untuk naik kapal.
Mereka juga menuntut pertanggungjawaban pemerintah terkait kemacetan di Pelabuhan Ketapang, Banyuwangi, pemberian beasiswa bagi anak korban kecelakaan kapal, serta revisi PMK Nomor 15/PMK.010/2017 terkait besaran santunan korban kecelakaan.




Berdasarkan aturan tersebut, Jasa Raharja memberikan jaminan sebesar Rp 50 juta untuk korban meninggal dunia dan Rp 20 juta untuk perawatan korban selamat.
“Kalau yang hari ini terjadi itu kan Rp 50 juta. Nah, hari ini tidak relevan lagi Rp 50 juta.","Karena ya uang itu dipakai kirim doa sampai 40 hari pasti sudah habis,” kata Koordinator GSJT Supriyono, Rabu (30/9/2026).GSJT meminta pemerintah menjamin pendidikan dan keberlangsungan hidup keluarga korban secara layak. Supriyono berharap anak-anak korban meninggal dunia mendapatkan beasiswa pendidikan karena kehilangan tulang punggung keluarga.
Baca juga: Dari Balikpapan hingga Karanganyar, Perjalanan Terakhir Jenazah Jevon Korban KM Virgo Transport 8
“Terus bagaimana anak-anak mereka yang mereka jadi tulang punggung keluarga, sehingga harapan kami itu akan ada subsidi ataupun ada semacam beasiswa bagi anak-anak yang ditinggal dan juga dari Jasa Marga,” jelasnya.
Selain soal santunan, GSJT menyoroti kemacetan panjang di Pelabuhan Ketapang, Banyuwangi, yang disebut mencapai 13 hingga 20 kilometer.
Sopir truk sempat memblokade akses sebagai bentuk protes terhadap kebijakan yang diterapkan Kantor Kesyahbandaran dan Otoritas Pelabuhan (KSOP).Supriyono mengatakan kondisi tersebut berdampak pada meningkatnya biaya yang harus dikeluarkan sopir karena harus menginap dan mengeluarkan lebih banyak biaya bahan bakar minyak (BBM).
“Harapan kami untuk dihadirkan para pemangku kebijakan di Banyuwangi berkaitan soal kemacetan yang sampai 20 kilo, yang akhirnya menyebabkan kawan-kawan pengemudi truk khususnya itu melakukan pembengkakan biaya, solarnya lebih banyak dan biaya hidup mereka lebih tinggi,” kata Supriyono.




  



    
        Bayangkan seorang anak Indonesia bercita-cita menjadi dokter tetapi hanya memiliki satu buku lusuh untuk belajar.","Pada Hari Rabu , 30 September 2026 17:18, Tabanan, Tabanan, Bali

SURABAYA, KOMPAS.com - Gerakan Sopir Jawa Timur (GSJT) menilai santunan Rp 50 juta bagi korban meninggal dunia kecelakaan KM Virgo Transport 8 tidak lagi cukup untuk memenuhi kebutuhan keluarga yang ditinggalkan.
Hal itu disampaikan GSJT saat menggelar aksi demonstrasi di depan Kantor Dinas Perhubungan (Dishub) Jawa Timur, Rabu (30/9/2026).Sekitar 600 truk dan towing yang dibawa sopir dari berbagai daerah di Jawa Timur dan luar provinsi ikut dalam aksi tersebut hingga menyebabkan jalan diblokade.
Baca juga: 4 Jenazah Korban KM Virgo Ditemukan di Perairan Kalteng, Akan Dievakuasi ke Banjarmasin
Dalam aksi itu, GSJT menyuarakan sejumlah tuntutan, di antaranya penghapusan barcode bersubsidi, pembiayaan penyesuaian dimensi kendaraan GSJT, serta penghentian pelarangan kendaraan dengan muatan lebih untuk naik kapal.
Mereka juga menuntut pertanggungjawaban pemerintah terkait kemacetan di Pelabuhan Ketapang, Banyuwangi, pemberian beasiswa bagi anak korban kecelakaan kapal, serta revisi PMK Nomor 15/PMK.010/2017 terkait besaran santunan korban kecelakaan.




Berdasarkan aturan tersebut, Jasa Raharja memberikan jaminan sebesar Rp 50 juta untuk korban meninggal dunia dan Rp 20 juta untuk perawatan korban selamat.
“Kalau yang hari ini terjadi itu kan Rp 50 juta. Nah, hari ini tidak relevan lagi Rp 50 juta. Karena ya uang itu dipakai kirim doa sampai 40 hari pasti sudah habis,” kata Koordinator GSJT Supriyono, Rabu (30/9/2026).GSJT meminta pemerintah menjamin pendidikan dan keberlangsungan hidup keluarga korban secara layak. Supriyono berharap anak-anak korban meninggal dunia mendapatkan beasiswa pendidikan karena kehilangan tulang punggung keluarga.
Baca juga: Dari Balikpapan hingga Karanganyar, Perjalanan Terakhir Jenazah Jevon Korban KM Virgo Transport 8
“Terus bagaimana anak-anak mereka yang mereka jadi tulang punggung keluarga, sehingga harapan kami itu akan ada subsidi ataupun ada semacam beasiswa bagi anak-anak yang ditinggal dan juga dari Jasa Marga,” jelasnya.
Selain soal santunan, GSJT menyoroti kemacetan panjang di Pelabuhan Ketapang, Banyuwangi, yang disebut mencapai 13 hingga 20 kilometer.
Sopir truk sempat memblokade akses sebagai bentuk protes terhadap kebijakan yang diterapkan Kantor Kesyahbandaran dan Otoritas Pelabuhan (KSOP).Supriyono mengatakan kondisi tersebut berdampak pada meningkatnya biaya yang harus dikeluarkan sopir karena harus menginap dan mengeluarkan lebih banyak biaya bahan bakar minyak (BBM).
“Harapan kami untuk dihadirkan para pemangku kebijakan di Banyuwangi berkaitan soal kemacetan yang sampai 20 kilo, yang akhirnya menyebabkan kawan-kawan pengemudi truk khususnya itu melakukan pembengkakan biaya, solarnya lebih banyak dan biaya hidup mereka lebih tinggi,” kata Supriyono.




  



    
        Bayangkan seorang anak Indonesia bercita-cita menjadi dokter tetapi hanya memiliki satu buku lusuh untuk belajar. Bersama Ekspedisi Kata ke Nyata Kompas.com, Anda bisa membantu mengubah kisah itu. Mari hadirkan akses literasi bagi anak-anak di berbagai pelosok Indonesia melalui donasi lewat tautan https://bit.ly/JagatLiterasi2026. Setiap kebaikan yang Anda berikan bukan hanya membuka jendela pengetahuan, tetapi juga membuka masa depan mereka.",Kompas.com,"Dajan Peken, 82114, Tabanan, Tabanan, Bali, Indonesia",-8.536609490935,115.13552944186335,5,"2, 7","kejaksaan, kejatibali, kejaritabanan, tabanan, news"
Tambang Timah Ilegal di Bangka Barat Ditertibkan 140 Ponton Ditemukan,2026-09-27T06:54:00.000Z,"Kabupaten Tabanan, Bali, Indonesia","Tambang Timah Ilegal di Bangka Barat Ditertibkan, 140 Ponton Ditemukan - Kompas.com","BANGKA, KOMPAS.com - Ratusan ponton tambang timah ilegal ditemukan di laut Tembelok dan Keranggan, Mentok, Bangka Barat, Kepulauan Bangka Belitung.
Polisi mendatangi para penambang dan meminta mereka menjauhi lokasi yang bukan wilayah penambangan tersebut.
Kapolres Bangka Barat AKBP Helen Simanjuntak mengatakan bahwa operasi penertiban kembali dilakukan karena banyak penambang yang bertahan di lokasi terlarang.""Kembali melakukan penertiban terhadap aktivitas penambangan ilegal di perairan Tembelok dan Keranggan, Kecamatan Mentok,"" kata Helen pada awak media, Sabtu (26/9/2026).
Baca juga: Tes Urine Mendadak di Tambang Timah Pangkalpinang, 29 Pekerja Positif Narkoba
Helen mengatakan, patroli dan penertiban yang dimulai sekitar pukul 13.00 WIB tersebut menyasar ponton jenis selam dan user-user yang sebelumnya diketahui beroperasi di kawasan Tembelok dan Keranggan.




Dalam kegiatan tersebut, petugas tidak menemukan adanya aktivitas penambangan yang sedang berlangsung.
Namun, petugas menemukan 140 ponton masih diparkir di kawasan perairan Tembelok dan Keranggan, yang terdiri dari sekitar 100 ponton jenis selam dan 40 ponton user-user.""Kondisi arus laut yang cukup deras disebut menjadi salah satu faktor tidak berlangsungnya aktivitas penyelaman saat petugas melakukan penertiban,"" ujar Helen.
Meski demikian, petugas tetap memberikan imbauan kepada para ojek serta pekerja yang sedang melakukan perbaikan ponton agar tidak kembali melakukan aktivitas penambangan di kawasan tersebut.Helen menegaskan bahwa peringatan disampaikan sebagai bagian dari upaya kepolisian menjaga situasi keamanan sekaligus melindungi ekosistem laut di perairan Tembelok dan Keranggan.
""Personel terus melakukan pemantauan dan memberikan imbauan agar tidak melakukan aktivitas penambangan di kawasan tersebut. Kami juga mengajak masyarakat bersama-sama menjaga ekosistem laut dan segera melaporkan apabila mengetahui adanya aktivitas penambangan,"" ujar Helen.
Baca juga: Kades Minta Tolong Kapolri, Tambang Timah Ilegal Beromset Rp 13,5 Miliar per Bulan Sulit Diberantas
Ia mengatakan bahwa keberadaan ponton ini menjadi perhatian petugas sehingga pemantauan terhadap kawasan tersebut akan terus dilakukan.
Tembelok dan Keranggan merupakan perairan laut dangkal yang berkisar enam sampai delapan meter dan dikenal kaya pasir timah.
Penambang melakukan penyelaman menggunakan selang kompresor dan menyedot pasir timah ke dalam ponton.Kawasan tersebut tidak termasuk izin usaha penambangan serta kegiatan penambangan yang tidak memenuhi standar keselamatan.
Kegiatan penertiban berlangsung aman dan kondusif.
Polres Bangka Barat bersama Ditpolairud Polda juga mengingatkan masyarakat agar tidak memanfaatkan situasi untuk kembali melakukan aktivitas penambangan ilegal di perairan Tembelok dan Keranggan.




  

    
        Bayangkan seorang anak Indonesia bercita-cita menjadi dokter tetapi hanya memiliki satu buku lusuh untuk belajar.","Bersama Ekspedisi Kata ke Nyata Kompas.com, Anda bisa membantu mengubah kisah itu. Mari hadirkan akses literasi bagi anak-anak di berbagai pelosok Indonesia melalui donasi lewat tautan https://bit.ly/JagatLiterasi2026.","Pada Hari Minggu , 27 September 2026 06:54, Tabanan, Tabanan, Bali

BANGKA, KOMPAS.com - Ratusan ponton tambang timah ilegal ditemukan di laut Tembelok dan Keranggan, Mentok, Bangka Barat, Kepulauan Bangka Belitung.
Polisi mendatangi para penambang dan meminta mereka menjauhi lokasi yang bukan wilayah penambangan tersebut.
Kapolres Bangka Barat AKBP Helen Simanjuntak mengatakan bahwa operasi penertiban kembali dilakukan karena banyak penambang yang bertahan di lokasi terlarang.""Kembali melakukan penertiban terhadap aktivitas penambangan ilegal di perairan Tembelok dan Keranggan, Kecamatan Mentok,"" kata Helen pada awak media, Sabtu (26/9/2026).
Baca juga: Tes Urine Mendadak di Tambang Timah Pangkalpinang, 29 Pekerja Positif Narkoba
Helen mengatakan, patroli dan penertiban yang dimulai sekitar pukul 13.00 WIB tersebut menyasar ponton jenis selam dan user-user yang sebelumnya diketahui beroperasi di kawasan Tembelok dan Keranggan.




Dalam kegiatan tersebut, petugas tidak menemukan adanya aktivitas penambangan yang sedang berlangsung.
Namun, petugas menemukan 140 ponton masih diparkir di kawasan perairan Tembelok dan Keranggan, yang terdiri dari sekitar 100 ponton jenis selam dan 40 ponton user-user.""Kondisi arus laut yang cukup deras disebut menjadi salah satu faktor tidak berlangsungnya aktivitas penyelaman saat petugas melakukan penertiban,"" ujar Helen.
Meski demikian, petugas tetap memberikan imbauan kepada para ojek serta pekerja yang sedang melakukan perbaikan ponton agar tidak kembali melakukan aktivitas penambangan di kawasan tersebut.Helen menegaskan bahwa peringatan disampaikan sebagai bagian dari upaya kepolisian menjaga situasi keamanan sekaligus melindungi ekosistem laut di perairan Tembelok dan Keranggan.
""Personel terus melakukan pemantauan dan memberikan imbauan agar tidak melakukan aktivitas penambangan di kawasan tersebut. Kami juga mengajak masyarakat bersama-sama menjaga ekosistem laut dan segera melaporkan apabila mengetahui adanya aktivitas penambangan,"" ujar Helen.
Baca juga: Kades Minta Tolong Kapolri, Tambang Timah Ilegal Beromset Rp 13,5 Miliar per Bulan Sulit Diberantas
Ia mengatakan bahwa keberadaan ponton ini menjadi perhatian petugas sehingga pemantauan terhadap kawasan tersebut akan terus dilakukan.
Tembelok dan Keranggan merupakan perairan laut dangkal yang berkisar enam sampai delapan meter dan dikenal kaya pasir timah.
Penambang melakukan penyelaman menggunakan selang kompresor dan menyedot pasir timah ke dalam ponton.Kawasan tersebut tidak termasuk izin usaha penambangan serta kegiatan penambangan yang tidak memenuhi standar keselamatan.
Kegiatan penertiban berlangsung aman dan kondusif.
Polres Bangka Barat bersama Ditpolairud Polda juga mengingatkan masyarakat agar tidak memanfaatkan situasi untuk kembali melakukan aktivitas penambangan ilegal di perairan Tembelok dan Keranggan.




  

    
        Bayangkan seorang anak Indonesia bercita-cita menjadi dokter tetapi hanya memiliki satu buku lusuh untuk belajar. Bersama Ekspedisi Kata ke Nyata Kompas.com, Anda bisa membantu mengubah kisah itu. Mari hadirkan akses literasi bagi anak-anak di berbagai pelosok Indonesia melalui donasi lewat tautan https://bit.ly/JagatLiterasi2026. Setiap kebaikan yang Anda berikan bukan hanya membuka jendela pengetahuan, tetapi juga membuka masa depan mereka.",Kompas.com,"Dajan Peken, 82114, Tabanan, Tabanan, Bali, Indonesia",-8.536609490935,115.13552944186335,5,"2, 7","kejaksaan, kejatibali, kejaritabanan, tabanan, news"
Beban Gaji PPPK Dialihkan ke APBN 2027 Gubernur Sulsel Sebut Angin Segar,2026-10-01T05:03:00.000Z,"Kabupaten Tabanan, Bali, Indonesia","Beban Gaji PPPK Dialihkan ke APBN 2027, Gubernur Sulsel Sebut Angin Segar - Kompas.com","MAKASSAR, KOMPAS.com - Badan Anggaran Dewan Perwakilan Rakyat (Banggar DPR) RI dan Pemerintah Pusat sepakat mengalihkan beban pembiayaan gaji Pegawai Pemerintah dengan Perjanjian Kerja (PPPK) daerah ke Anggaran Pendapatan dan Belanja Negara (APBN) 2027.
Pemerintah pusat mengalokasikan anggaran sebesar Rp 23 triliun dalam APBN 2027 khusus untuk pembayaran gaji PPPK Guru dan Tenaga Kesehatan di daerah.Gubernur Sulsel Andi Sudirman mengungkapkan rasa syukur karena beban fiskal belanja pegawai daerah kini dapat terbagi dengan pemerintah pusat.
Kebijakan ini juga disebutnya sebagai salah satu usulan yang sebelumnya gencar disuarakan oleh pemerintah daerah.
""Alhamdulillah, itu usulan kita kemarin bahwa sebaiknya PPPK disamakan dengan PNS dan menjadi beban APBN untuk kemudian tetap bisa mengabdi di daerah. Saya pikir ini suatu terobosan dari Bapak Presiden Prabowo melalui kementerian terkait,"" ujar Andi Sudirman saat ditemui di Rumah Jabatan Gubernur Sulsel, Jalan Sungai Tangka, Kota Makassar, Kamis (1/10/2026).
Baca juga: SD Mirip Kandang Ayam di Gowa Viral, Gubernur Sulsel Merespons




Ia menjelaskan, keterbatasan anggaran serta efisiensi di tingkat daerah selama ini membuat pembiayaan PPPK secara keseluruhan tidak dapat terakomodasi secara optimal melalui Anggaran Pendapatan dan Belanja Daerah (APBD).
Oleh karena itu, pengambilalihan pembiayaan gaji PPPK sektor pendidikan dan kesehatan oleh pemerintah pusat dinilai memberikan kepastian sekaligus angin segar bagi keuangan daerah.
""Tentu kita apresiasi melalui kementerian terkait bahwa akhirnya penantian para PPPK kita lebih ada kejelasan tentang bagaimana kemudian pusat bisa mengambil alih.","Karena memang pembebanan secara keseluruhan di daerah tidak bisa ter-cover sepenuhnya lantaran keterbatasan dan efisiensi yang terjadi di daerah,"" lanjutnya.
Dengan beralihnya beban gaji PPPK ke APBN, Andi Sudirman optimistis ruang fiskal daerah akan semakin terbuka sehingga dapat dialokasikan lebih besar untuk pembangunan wilayah serta pelayanan publik.Sementara para tenaga PPPK juga dapat bekerja lebih tenang dan fokus.
""Ini sangat membantu fiskal daerah, alhamdulillah,"" tegasnya.
Respons Penambahan Transfer ke Daerah
Selain kebijakan gaji PPPK, Andi Sudirman turut menanggapi keputusan DPR RI terkait penetapan alokasi Transfer ke Daerah (TKD) secara nasional yang mengalami peningkatan hingga mencapai sekitar Rp 735 triliun.
Ia optimistis penambahan alokasi anggaran tersebut akan semakin meningkatkan semangat daerah dalam meningkatkan kualitas pelayanan kepada masyarakat.
""Kita sangat bersyukur, saya yakin Bapak Presiden selalu memperhatikan daerah. Penambahan-penambahan itu tentu akan menambah semangat pelayanan di daerah,"" tuturnya.
Baca juga: Pemerintah Siapkan Dana Rp 23,0 Triliun untuk Peralihan Status Guru PPPK
Minta Pemda Jaga Amanah Presiden
Ia pun mengingatkan seluruh jajaran pemerintah daerah untuk menjaga amanah penambahan anggaran tersebut agar tepat sasaran dan berdampak langsung bagi masyarakat.
""Yang paling penting, kita harus memahami bahwa Bapak Presiden memberikan transfer tambahan ini tidak lain kecuali untuk pembangunan yang betul-betul berdampak,"" katanya.




  

    
        Bayangkan seorang anak Indonesia bercita-cita menjadi dokter tetapi hanya memiliki satu buku lusuh untuk belajar.","Pada Hari Kamis , 1 Oktober 2026 05:03, Tabanan, Tabanan, Bali

MAKASSAR, KOMPAS.com - Badan Anggaran Dewan Perwakilan Rakyat (Banggar DPR) RI dan Pemerintah Pusat sepakat mengalihkan beban pembiayaan gaji Pegawai Pemerintah dengan Perjanjian Kerja (PPPK) daerah ke Anggaran Pendapatan dan Belanja Negara (APBN) 2027.
Pemerintah pusat mengalokasikan anggaran sebesar Rp 23 triliun dalam APBN 2027 khusus untuk pembayaran gaji PPPK Guru dan Tenaga Kesehatan di daerah.Gubernur Sulsel Andi Sudirman mengungkapkan rasa syukur karena beban fiskal belanja pegawai daerah kini dapat terbagi dengan pemerintah pusat.
Kebijakan ini juga disebutnya sebagai salah satu usulan yang sebelumnya gencar disuarakan oleh pemerintah daerah.
""Alhamdulillah, itu usulan kita kemarin bahwa sebaiknya PPPK disamakan dengan PNS dan menjadi beban APBN untuk kemudian tetap bisa mengabdi di daerah. Saya pikir ini suatu terobosan dari Bapak Presiden Prabowo melalui kementerian terkait,"" ujar Andi Sudirman saat ditemui di Rumah Jabatan Gubernur Sulsel, Jalan Sungai Tangka, Kota Makassar, Kamis (1/10/2026).
Baca juga: SD Mirip Kandang Ayam di Gowa Viral, Gubernur Sulsel Merespons




Ia menjelaskan, keterbatasan anggaran serta efisiensi di tingkat daerah selama ini membuat pembiayaan PPPK secara keseluruhan tidak dapat terakomodasi secara optimal melalui Anggaran Pendapatan dan Belanja Daerah (APBD).
Oleh karena itu, pengambilalihan pembiayaan gaji PPPK sektor pendidikan dan kesehatan oleh pemerintah pusat dinilai memberikan kepastian sekaligus angin segar bagi keuangan daerah.
""Tentu kita apresiasi melalui kementerian terkait bahwa akhirnya penantian para PPPK kita lebih ada kejelasan tentang bagaimana kemudian pusat bisa mengambil alih. Karena memang pembebanan secara keseluruhan di daerah tidak bisa ter-cover sepenuhnya lantaran keterbatasan dan efisiensi yang terjadi di daerah,"" lanjutnya.
Dengan beralihnya beban gaji PPPK ke APBN, Andi Sudirman optimistis ruang fiskal daerah akan semakin terbuka sehingga dapat dialokasikan lebih besar untuk pembangunan wilayah serta pelayanan publik.Sementara para tenaga PPPK juga dapat bekerja lebih tenang dan fokus.
""Ini sangat membantu fiskal daerah, alhamdulillah,"" tegasnya.
Respons Penambahan Transfer ke Daerah
Selain kebijakan gaji PPPK, Andi Sudirman turut menanggapi keputusan DPR RI terkait penetapan alokasi Transfer ke Daerah (TKD) secara nasional yang mengalami peningkatan hingga mencapai sekitar Rp 735 triliun.
Ia optimistis penambahan alokasi anggaran tersebut akan semakin meningkatkan semangat daerah dalam meningkatkan kualitas pelayanan kepada masyarakat.
""Kita sangat bersyukur, saya yakin Bapak Presiden selalu memperhatikan daerah. Penambahan-penambahan itu tentu akan menambah semangat pelayanan di daerah,"" tuturnya.
Baca juga: Pemerintah Siapkan Dana Rp 23,0 Triliun untuk Peralihan Status Guru PPPK
Minta Pemda Jaga Amanah Presiden
Ia pun mengingatkan seluruh jajaran pemerintah daerah untuk menjaga amanah penambahan anggaran tersebut agar tepat sasaran dan berdampak langsung bagi masyarakat.
""Yang paling penting, kita harus memahami bahwa Bapak Presiden memberikan transfer tambahan ini tidak lain kecuali untuk pembangunan yang betul-betul berdampak,"" katanya.




  

    
        Bayangkan seorang anak Indonesia bercita-cita menjadi dokter tetapi hanya memiliki satu buku lusuh untuk belajar. Bersama Ekspedisi Kata ke Nyata Kompas.com, Anda bisa membantu mengubah kisah itu. Mari hadirkan akses literasi bagi anak-anak di berbagai pelosok Indonesia melalui donasi lewat tautan https://bit.ly/JagatLiterasi2026. Setiap kebaikan yang Anda berikan bukan hanya membuka jendela pengetahuan, tetapi juga membuka masa depan mereka.",Kompas.com,"Dajan Peken, 82114, Tabanan, Tabanan, Bali, Indonesia",-8.536609490935,115.13552944186335,5,"2, 7","kejaksaan, kejatibali, kejaritabanan, tabanan, news"
Penambang Timah Diterkam Buaya di Bangka Ditemukan Tewas Jasad Masih Digigit,2026-09-27T02:59:00.000Z,"Kabupaten Tabanan, Bali, Indonesia","Penambang Timah Diterkam Buaya di Bangka Ditemukan Tewas, Jasad Masih Digigit - Kompas.com","BANGKA, KOMPAS.com - Seorang penambang timah, Sareanda (19), yang sebelumnya dilaporkan hilang setelah diterkam buaya, ditemukan tewas mengapung di kolam tambang di Desa Kusam, Kecamatan Belinyu, Kabupaten Bangka, Kepulauan Bangka Belitung, Sabtu (26/9/2026) sekitar pukul 20.35 WIB.
Korban sebelumnya dilaporkan hilang setelah diterkam buaya saat hendak mencuci pasir timah hasil tambang.Kepala Kantor SAR Pangkalpinang Mikel Rachman Junika mengatakan, jasad warga Desa Kusam tersebut ditemukan tidak jauh dari lokasi pertama kali korban disambar buaya.
""Penemuan terjadi setelah tim SAR gabungan yang bergerak di lapangan terus membuntuti dan menghalau pergerakan predator buas tersebut,"" kata Mikel kepada awak media, Minggu (27/9/2026).
Baca juga: KKP Evakuasi Buaya Coki dari Rumah Warga Bandar Lampung ke Penangkaran Ogan Ilir
Mikel menuturkan, evakuasi berlangsung saat seekor buaya berukuran besar masih terlihat menggigit jasad korban.




""Bersama para penambang terus menghalau buaya tersebut agar menjauh,"" ujar Mikel.
Setelah sekitar dua jam, buaya akhirnya melepaskan gigitannya dan menjauh dari lokasi.""Personel gabungan bersama warga langsung turun ke dalam air untuk mengevakuasi tubuh korban, yang kemudian segera dibawa ke rumah duka,"" ucap Mikel.
Kronologi penambang diterkam buaya
Peristiwa tersebut terjadi sekitar pukul 18.00 WIB. Korban yang baru selesai menambang dan mengumpulkan pasir timah berniat mencuci hasil tambangnya di atas ponton rajuk.Saat melangkah dari daratan menuju ponton, seekor buaya berukuran besar tiba-tiba muncul dan menyambar tubuh korban, kemudian menyeretnya ke dasar kolam tambang.
Kejadian tersebut disaksikan langsung oleh kakak kandung korban, Tarmizi, yang berada tidak jauh dari lokasi.
Baca juga: Buaya 7 Meter di Sungai Ladongi Koltim Belum Dievakuasi, BPL: Terkendala Lahan Penangkaran
Pihak keluarga dan warga sempat melakukan pencarian sebelum melaporkan kejadian tersebut kepada Basarnas Pangkalpinang pada pukul 18.55 WIB melalui perwakilan keluarga, Wawan.
Merespons laporan tersebut, Basarnas Pangkalpinang menerjunkan tim rescue dari Unit Siaga SAR (USS) Belinyu pada pukul 19.15 WIB untuk melakukan operasi SAR malam hari bersama Polsek Belinyu, keluarga, dan masyarakat setempat.
Mikel mengonfirmasi jasad korban telah berhasil dievakuasi dan diserahkan kepada pihak keluarga.","Dengan ditemukannya korban, operasi SAR dinyatakan selesai dan ditutup.Kantor SAR Pangkalpinang menyampaikan duka cita kepada keluarga korban serta apresiasi kepada seluruh unsur yang terlibat dalam proses pencarian dan evakuasi.
Sementara itu, seekor buaya sepanjang enam meter telah ditangkap warga di lokasi yang sama. Buaya tersebut diduga merupakan satwa yang menerkam korban.




  



    
        Bayangkan seorang anak Indonesia bercita-cita menjadi dokter tetapi hanya memiliki satu buku lusuh untuk belajar.","Pada Hari Minggu , 27 September 2026 02:59, Tabanan, Tabanan, Bali

BANGKA, KOMPAS.com - Seorang penambang timah, Sareanda (19), yang sebelumnya dilaporkan hilang setelah diterkam buaya, ditemukan tewas mengapung di kolam tambang di Desa Kusam, Kecamatan Belinyu, Kabupaten Bangka, Kepulauan Bangka Belitung, Sabtu (26/9/2026) sekitar pukul 20.35 WIB.
Korban sebelumnya dilaporkan hilang setelah diterkam buaya saat hendak mencuci pasir timah hasil tambang.Kepala Kantor SAR Pangkalpinang Mikel Rachman Junika mengatakan, jasad warga Desa Kusam tersebut ditemukan tidak jauh dari lokasi pertama kali korban disambar buaya.
""Penemuan terjadi setelah tim SAR gabungan yang bergerak di lapangan terus membuntuti dan menghalau pergerakan predator buas tersebut,"" kata Mikel kepada awak media, Minggu (27/9/2026).
Baca juga: KKP Evakuasi Buaya Coki dari Rumah Warga Bandar Lampung ke Penangkaran Ogan Ilir
Mikel menuturkan, evakuasi berlangsung saat seekor buaya berukuran besar masih terlihat menggigit jasad korban.




""Bersama para penambang terus menghalau buaya tersebut agar menjauh,"" ujar Mikel.
Setelah sekitar dua jam, buaya akhirnya melepaskan gigitannya dan menjauh dari lokasi.""Personel gabungan bersama warga langsung turun ke dalam air untuk mengevakuasi tubuh korban, yang kemudian segera dibawa ke rumah duka,"" ucap Mikel.
Kronologi penambang diterkam buaya
Peristiwa tersebut terjadi sekitar pukul 18.00 WIB. Korban yang baru selesai menambang dan mengumpulkan pasir timah berniat mencuci hasil tambangnya di atas ponton rajuk.Saat melangkah dari daratan menuju ponton, seekor buaya berukuran besar tiba-tiba muncul dan menyambar tubuh korban, kemudian menyeretnya ke dasar kolam tambang.
Kejadian tersebut disaksikan langsung oleh kakak kandung korban, Tarmizi, yang berada tidak jauh dari lokasi.
Baca juga: Buaya 7 Meter di Sungai Ladongi Koltim Belum Dievakuasi, BPL: Terkendala Lahan Penangkaran
Pihak keluarga dan warga sempat melakukan pencarian sebelum melaporkan kejadian tersebut kepada Basarnas Pangkalpinang pada pukul 18.55 WIB melalui perwakilan keluarga, Wawan.
Merespons laporan tersebut, Basarnas Pangkalpinang menerjunkan tim rescue dari Unit Siaga SAR (USS) Belinyu pada pukul 19.15 WIB untuk melakukan operasi SAR malam hari bersama Polsek Belinyu, keluarga, dan masyarakat setempat.
Mikel mengonfirmasi jasad korban telah berhasil dievakuasi dan diserahkan kepada pihak keluarga. Dengan ditemukannya korban, operasi SAR dinyatakan selesai dan ditutup.Kantor SAR Pangkalpinang menyampaikan duka cita kepada keluarga korban serta apresiasi kepada seluruh unsur yang terlibat dalam proses pencarian dan evakuasi.
Sementara itu, seekor buaya sepanjang enam meter telah ditangkap warga di lokasi yang sama. Buaya tersebut diduga merupakan satwa yang menerkam korban.




  



    
        Bayangkan seorang anak Indonesia bercita-cita menjadi dokter tetapi hanya memiliki satu buku lusuh untuk belajar. Bersama Ekspedisi Kata ke Nyata Kompas.com, Anda bisa membantu mengubah kisah itu. Mari hadirkan akses literasi bagi anak-anak di berbagai pelosok Indonesia melalui donasi lewat tautan https://bit.ly/JagatLiterasi2026. Setiap kebaikan yang Anda berikan bukan hanya membuka jendela pengetahuan, tetapi juga membuka masa depan mereka.",Kompas.com,"Dajan Peken, 82114, Tabanan, Tabanan, Bali, Indonesia",-8.536609490935,115.13552944186335,5,"2, 7","kejaksaan, kejatibali, kejaritabanan, tabanan, news"
Diduga Hendak Curi Kabel Pria Tewas Kesetrum di Tanjungbalai,2026-10-01T08:49:00.000Z,"Kabupaten Tabanan, Bali, Indonesia","Diduga Hendak Curi Kabel, Pria Tewas Kesetrum di Tanjungbalai - Kompas.com","TANJUNGBALAI, KOMPAS.com - Seorang pria yang belum diketahui identitasnya ditemukan tewas dengan luka bakar di Jalan Tengku Umar, Tanjungbalai, Sumatera Utara, Kamis (1/10/2026).
Pria tersebut diduga meninggal akibat tersengat listrik saat hendak mencuri kabel. Dugaan itu muncul setelah petugas menemukan sebuah tang jepit di tangan kirinya.Selain itu, menurut warga setempat, kasus kehilangan kabel listrik sebelumnya juga kerap terjadi di sekitar Jalan Tengku Umar.
Baca juga: Diserahkan ke Imigrasi, 2 WN Iran Pencuri Uang Pedagang di Tabanan Tunggu Dideportasi
Polisi yang menerima laporan mengenai penemuan jenazah tersebut kemudian mendatangi lokasi dan melakukan olah tempat kejadian perkara (TKP).
Petugas selanjutnya mengevakuasi jasad pria tersebut.




Kepala lingkungan setempat, Fitri, mengatakan, korban pertama kali ditemukan oleh warga yang melintas di sekitar lokasi.
""Tadi saya dihubungi oleh warga, katanya ada temuan mayat.","Saya datang ke sini dan langsung menghubungi petugas kepolisian,"" kata Fitri.Korban sering terlihat di sekitar lokasi
Meski identitasnya belum diketahui, Fitri mengatakan pria tersebut bukan orang yang benar-benar asing bagi warga sekitar.
Menurut dia, korban cukup sering terlihat melintas di kawasan Jalan Tengku Umar.
""Memang sering melintas di sini. Masyarakat juga tahu, tapi sampai saat ini kami belum tahu nama korban,"" katanya.
Saat ditemukan, tubuh korban dalam kondisi mengalami luka bakar.
Petugas yang memeriksa lokasi juga menemukan sebuah tang jepit berada di tangan kiri korban.
Temuan tersebut kemudian memunculkan dugaan bahwa korban tengah beraktivitas di sekitar kabel listrik sebelum tersengat.
Namun, dalam keterangan yang tersedia, belum disebutkan hasil penyelidikan kepolisian mengenai aktivitas korban sebelum ditemukan meninggal dunia.




  

Identitas pria tersebut juga masih belum diketahui..","Pada Hari Kamis , 1 Oktober 2026 08:49, Tabanan, Tabanan, Bali

TANJUNGBALAI, KOMPAS.com - Seorang pria yang belum diketahui identitasnya ditemukan tewas dengan luka bakar di Jalan Tengku Umar, Tanjungbalai, Sumatera Utara, Kamis (1/10/2026).
Pria tersebut diduga meninggal akibat tersengat listrik saat hendak mencuri kabel. Dugaan itu muncul setelah petugas menemukan sebuah tang jepit di tangan kirinya.Selain itu, menurut warga setempat, kasus kehilangan kabel listrik sebelumnya juga kerap terjadi di sekitar Jalan Tengku Umar.
Baca juga: Diserahkan ke Imigrasi, 2 WN Iran Pencuri Uang Pedagang di Tabanan Tunggu Dideportasi
Polisi yang menerima laporan mengenai penemuan jenazah tersebut kemudian mendatangi lokasi dan melakukan olah tempat kejadian perkara (TKP).
Petugas selanjutnya mengevakuasi jasad pria tersebut.




Kepala lingkungan setempat, Fitri, mengatakan, korban pertama kali ditemukan oleh warga yang melintas di sekitar lokasi.
""Tadi saya dihubungi oleh warga, katanya ada temuan mayat. Saya datang ke sini dan langsung menghubungi petugas kepolisian,"" kata Fitri.Korban sering terlihat di sekitar lokasi
Meski identitasnya belum diketahui, Fitri mengatakan pria tersebut bukan orang yang benar-benar asing bagi warga sekitar.
Menurut dia, korban cukup sering terlihat melintas di kawasan Jalan Tengku Umar.
""Memang sering melintas di sini. Masyarakat juga tahu, tapi sampai saat ini kami belum tahu nama korban,"" katanya.
Saat ditemukan, tubuh korban dalam kondisi mengalami luka bakar.
Petugas yang memeriksa lokasi juga menemukan sebuah tang jepit berada di tangan kiri korban.
Temuan tersebut kemudian memunculkan dugaan bahwa korban tengah beraktivitas di sekitar kabel listrik sebelum tersengat.
Namun, dalam keterangan yang tersedia, belum disebutkan hasil penyelidikan kepolisian mengenai aktivitas korban sebelum ditemukan meninggal dunia.




  

Identitas pria tersebut juga masih belum diketahui.",Kompas.com,"Dajan Peken, 82114, Tabanan, Tabanan, Bali, Indonesia",-8.536609490935,115.13552944186335,5,"2, 7","kejaksaan, kejatibali, kejaritabanan, tabanan, news"
Pangdam Udayana Tekankan Pengamalan Pancasila dalam Pengabdian,2026-10-01T07:59:00.000Z,"Kabupaten Tabanan, Bali, Indonesia",Pangdam Udayana Tekankan Pengamalan Pancasila dalam Pengabdian - RRI.co.id,"Pangdam IX/Udayana Mayjen TNI Piek Budyakto memimpin Upacara Peringatan Hari Kesaktian Pancasila di Lapangan Makorem 163/Wira Satya.(Foto:PendamIXUdayana)
                                                    
                                                                                            
                                                                                                            
                                
                                RRI.CO.ID, Denpasar - Peringatan Hari Kesaktian Pancasila menjadi momentum bagi prajurit dan PNS Kodam IX/Udayana untuk kembali mengamalkan nilai-nilai Pancasila dalam pelaksanaan tugas. Pesan tersebut disampaikan Pangdam IX/Udayana Mayjen TNI Piek Budyakto saat memimpin upacara di Lapangan Makorem 163/Wira Satya, Denpasar, Kamis (1/10/2026).Upacara diikuti prajurit dan PNS Kodam IX/Udayana se-Garnisun Denpasar.","Pangdam menekankan peringatan Hari Kesaktian Pancasila tidak sekadar menjadi kegiatan seremonial, tetapi harus diwujudkan melalui sikap dan perilaku dalam kehidupan sehari-hari.“Pancasila telah terbukti tangguh dan mampu bertahan menghadapi berbagai ancaman serta upaya untuk mengganti ideologi negara. Karena itu, nilai-nilai Pancasila harus terus kita tanamkan dan amalkan dalam kehidupan sehari-hari,” tegas Piek Budyakto.Menurut Pangdam, Pancasila berperan sebagai perekat kemajemukan bangsa sekaligus landasan dalam menjaga persatuan.","Pada Hari Kamis , 1 Oktober 2026 07:59, Tabanan, Tabanan, Bali

Pangdam IX/Udayana Mayjen TNI Piek Budyakto memimpin Upacara Peringatan Hari Kesaktian Pancasila di Lapangan Makorem 163/Wira Satya.(Foto:PendamIXUdayana)
                                                    
                                                                                            
                                                                                                            
                                
                                RRI.CO.ID, Denpasar - Peringatan Hari Kesaktian Pancasila menjadi momentum bagi prajurit dan PNS Kodam IX/Udayana untuk kembali mengamalkan nilai-nilai Pancasila dalam pelaksanaan tugas. Pesan tersebut disampaikan Pangdam IX/Udayana Mayjen TNI Piek Budyakto saat memimpin upacara di Lapangan Makorem 163/Wira Satya, Denpasar, Kamis (1/10/2026).Upacara diikuti prajurit dan PNS Kodam IX/Udayana se-Garnisun Denpasar. Pangdam menekankan peringatan Hari Kesaktian Pancasila tidak sekadar menjadi kegiatan seremonial, tetapi harus diwujudkan melalui sikap dan perilaku dalam kehidupan sehari-hari.“Pancasila telah terbukti tangguh dan mampu bertahan menghadapi berbagai ancaman serta upaya untuk mengganti ideologi negara. Karena itu, nilai-nilai Pancasila harus terus kita tanamkan dan amalkan dalam kehidupan sehari-hari,” tegas Piek Budyakto.Menurut Pangdam, Pancasila berperan sebagai perekat kemajemukan bangsa sekaligus landasan dalam menjaga persatuan. Karena itu, seluruh prajurit dan PNS Kodam IX/Udayana diminta merefleksikan nilai Pancasila melalui disiplin, tanggung jawab, gotong royong dan kepedulian.Pangdam juga menyinggung kepercayaan pemerintah kepada TNI dalam mengawal sejumlah program pembangunan dan pemberdayaan masyarakat. Di antaranya Koperasi Desa/Kelurahan Merah Putih, ketahanan pangan, pembangunan jembatan dan berbagai program lainnya.“Kepercayaan ini harus kita jawab dengan melaksanakan setiap tugas secara sungguh-sungguh dan penuh rasa tanggung jawab sesuai bidang masing-masing. Semangat kebersamaan yang berlandaskan Pancasila harus terus kita pelihara untuk memperkokoh persatuan dan kesatuan serta menjaga keutuhan negara,” ujar Pangdam.Momentum Hari Kesaktian Pancasila juga dirangkaikan dengan kenaikan pangkat prajurit dan PNS Kodam IX/Udayana periode 1 Oktober 2026. Sebanyak 371 prajurit dan PNS se-Garnisun Denpasar menerima kenaikan pangkat, terdiri dari 7 Kolonel, 11 Letnan Kolonel, 21 Mayor, 47 Perwira Pertama, 74 Bintara, 142 Tamtama dan 69 PNS.Pangdam mengatakan kenaikan pangkat bukan sekadar hadiah, tetapi merupakan bentuk penghargaan atas prestasi sekaligus amanah yang harus dipertanggungjawabkan. Kepada penerima kenaikan pangkat, Pangdam berharap penghargaan tersebut menjadi motivasi untuk meningkatkan profesionalisme, disiplin dan kualitas pengabdian.Kapendam IX/Udayana Kolonel Inf Amrizal Nasution menambahkan, nilai Pancasila harus diwujudkan melalui sikap, disiplin, tanggung jawab dan pengabdian nyata. Kenaikan pangkat juga diharapkan menjadi dorongan bagi prajurit dan PNS untuk meningkatkan profesionalisme dalam menjalankan tugas.Upacara Hari Kesaktian Pancasila dan kenaikan pangkat dihadiri jajaran pimpinan Kodam IX/Udayana, para komandan satuan, prajurit dan PNS se-Garnisun Denpasar. Ketua dan Wakil Ketua Persit KCK PD IX/Udayana beserta anggota juga turut hadir dalam rangkaian kegiatan tersebut. 


                                
                                
                                
                                
                                
                                            
                                        
                                                                    

                                


                                
                                                                    
                                    
                                
                                                                                                                                                                                
                            
                            
                                                                        
                                                                
                                    
                                        
                                            Berita
                                        
                                    
                                    Terbaru Lainnya
                                
                                
                            
                            
                                    
                                    
                                        Memuat berita terbaru.....",RRI.co.id,"Dajan Peken, 82114, Tabanan, Tabanan, Bali, Indonesia",-8.536609490935,115.13552944186335,5,"2, 7","kejaksaan, kejatibali, kejaritabanan, tabanan, news"
Kepolisian Sosialisasi SMA Taruna Bhayangkara di SMPN 2 Gianyar,2026-10-01T08:04:00.000Z,"Kabupaten Tabanan, Bali, Indonesia",Kepolisian Sosialisasi SMA Taruna Bhayangkara di SMPN 2 Gianyar - RRI.co.id,"Polsek Gianyar Sosialisasikan Penerimaan SMA Kemala Taruna Bhayangkara di SMPN 2 Gianyar (Foto: Polres Gianyar)
                                                    
                                                                                            
                                                                                                            
                                
                                RRI.CO.ID, Gianyar - Polsek Gianyar melalui Kanit Binmas Iptu I Komang Iwan Setiawan melaksanakan sosialisasi penerimaan siswa baru SMA Kemala Taruna Bhayangkara Tahun Anggaran 2027/2028 di SMP Negeri 2 Gianyar pada Kamis, 1 Oktober 2026. Kegiatan sambang tersebut diterima langsung oleh Kepala SMP Negeri 2 Gianyar I Wayan Nuratna bersama para guru dan siswa.","Sosialisasi ini bertujuan memberikan informasi awal dan pemahaman kepada para siswa mengenai kesempatan melanjutkan pendidikan ke jenjang menengah kejuruan/keberbakatan kepolisian. Selain sosialisasi pendidikan, petugas Bhabinkamtibmas Kelurahan Bitera turut menyampaikan pesan keamanan dan ketertiban masyarakat (Kamtibmas).","Pada Hari Kamis , 1 Oktober 2026 08:04, Tabanan, Tabanan, Bali

Polsek Gianyar Sosialisasikan Penerimaan SMA Kemala Taruna Bhayangkara di SMPN 2 Gianyar (Foto: Polres Gianyar)
                                                    
                                                                                            
                                                                                                            
                                
                                RRI.CO.ID, Gianyar - Polsek Gianyar melalui Kanit Binmas Iptu I Komang Iwan Setiawan melaksanakan sosialisasi penerimaan siswa baru SMA Kemala Taruna Bhayangkara Tahun Anggaran 2027/2028 di SMP Negeri 2 Gianyar pada Kamis, 1 Oktober 2026. Kegiatan sambang tersebut diterima langsung oleh Kepala SMP Negeri 2 Gianyar I Wayan Nuratna bersama para guru dan siswa. Sosialisasi ini bertujuan memberikan informasi awal dan pemahaman kepada para siswa mengenai kesempatan melanjutkan pendidikan ke jenjang menengah kejuruan/keberbakatan kepolisian. Selain sosialisasi pendidikan, petugas Bhabinkamtibmas Kelurahan Bitera turut menyampaikan pesan keamanan dan ketertiban masyarakat (Kamtibmas). Para siswa diimbau untuk bersama-sama menjaga kondusivitas lingkungan sekolah serta dapat memanfaatkan Hotline Polisi 110 jika menemukan potensi gangguan Kamtibmas. Kapolsek Gianyar, Kompol I Made Adi Suryawan, menyampaikan bahwa kegiatan ini merupakan wujud pelayanan Polri untuk mendekatkan diri kepada masyarakat, khususnya kalangan pelajar.""Kami berharap melalui kegiatan sosialisasi ini para siswa memperoleh informasi yang jelas mengenai penerimaan SMA Kemala Taruna Bhayangkara, sekaligus semakin memahami pentingnya menjaga keamanan dan ketertiban di lingkungan sekolah. Sinergi antara Polri, pihak sekolah, guru dan siswa sangat penting dalam menciptakan lingkungan pendidikan yang aman, nyaman dan kondusif,"" ujar Kompol I Made Adi Suryawan. 


                                
                                
                                
                                
                                
                                            
                                        
                                                                    

                                


                                
                                                                    
                                    
                                
                                                                                                                                                                                
                            
                            
                                                                        
                                                                
                                    
                                        
                                            Berita
                                        
                                    
                                    Terbaru Lainnya
                                
                                
                            
                            
                                    
                                    
                                        Memuat berita terbaru.....",RRI.co.id,"Dajan Peken, 82114, Tabanan, Tabanan, Bali, Indonesia",-8.536609490935,115.13552944186335,5,"2, 7","kejaksaan, kejatibali, kejaritabanan, tabanan, news"
Polda Bali Perkuat Keterbukaan Informasi Publik di Era Digital,2026-09-30T10:12:00.000Z,"Kabupaten Tabanan, Bali, Indonesia",Polda Bali Perkuat Keterbukaan Informasi Publik di Era Digital - RRI.co.id,"Polda Bali menggelar rapat koordinasi PPID untuk memperkuat pengelolaan dan keterbukaan informasi publik di era digital di Rupatama Polda Bali.(Foto:HumasPoldaBali)
                                                    
                                                                                            
                                                                                                            
                                
                                Polda Bali terus memperkuat keterbukaan informasi publik di tengah perkembangan teknologi dan dinamika informasi digital. Upaya tersebut dilakukan melalui rapat koordinasi Pejabat Pengelola Informasi dan Dokumentasi (PPID) yang digelar di Rupatama Polda Bali, Rabu (30/9/2026).Kegiatan diikuti pejabat dan pengemban PPID, Kasi Humas jajaran, serta operator PPID di lingkungan Polda Bali.","Rapat koordinasi ini menjadi kesempatan untuk menyamakan pemahaman dan meningkatkan pengelolaan informasi publik di lingkungan Polda Bali dan jajaran.Dalam kegiatan tersebut, peserta mendapat materi tentang pemanfaatan teknologi informasi kehumasan sebagai sarana untuk menciptakan opini positif sekaligus melakukan counter terhadap pemberitaan negatif terkait organisasi Polri.Selain itu, peserta juga mendapat pemaparan mengenai e-Monev dalam mendukung keterbukaan informasi publik, serta penekanan terkait pengunggahan informasi dan pengisian Sistem Pelaporan Informasi Terpadu (SPIT) Polri.Materi lainnya membahas pentingnya membangun ketahanan informasi publik dalam menghadapi disinformasi di era digital. Hal ini menjadi perhatian seiring semakin cepatnya penyebaran informasi di tengah masyarakat.Melalui kegiatan ini, Polda Bali mendorong jajaran PPID dan Humas untuk terus meningkatkan pengelolaan informasi secara cepat, akurat, dan bertanggung jawab.","Pada Hari Rabu , 30 September 2026 10:12, Tabanan, Tabanan, Bali

Polda Bali menggelar rapat koordinasi PPID untuk memperkuat pengelolaan dan keterbukaan informasi publik di era digital di Rupatama Polda Bali.(Foto:HumasPoldaBali)
                                                    
                                                                                            
                                                                                                            
                                
                                Polda Bali terus memperkuat keterbukaan informasi publik di tengah perkembangan teknologi dan dinamika informasi digital. Upaya tersebut dilakukan melalui rapat koordinasi Pejabat Pengelola Informasi dan Dokumentasi (PPID) yang digelar di Rupatama Polda Bali, Rabu (30/9/2026).Kegiatan diikuti pejabat dan pengemban PPID, Kasi Humas jajaran, serta operator PPID di lingkungan Polda Bali. Rapat koordinasi ini menjadi kesempatan untuk menyamakan pemahaman dan meningkatkan pengelolaan informasi publik di lingkungan Polda Bali dan jajaran.Dalam kegiatan tersebut, peserta mendapat materi tentang pemanfaatan teknologi informasi kehumasan sebagai sarana untuk menciptakan opini positif sekaligus melakukan counter terhadap pemberitaan negatif terkait organisasi Polri.Selain itu, peserta juga mendapat pemaparan mengenai e-Monev dalam mendukung keterbukaan informasi publik, serta penekanan terkait pengunggahan informasi dan pengisian Sistem Pelaporan Informasi Terpadu (SPIT) Polri.Materi lainnya membahas pentingnya membangun ketahanan informasi publik dalam menghadapi disinformasi di era digital. Hal ini menjadi perhatian seiring semakin cepatnya penyebaran informasi di tengah masyarakat.Melalui kegiatan ini, Polda Bali mendorong jajaran PPID dan Humas untuk terus meningkatkan pengelolaan informasi secara cepat, akurat, dan bertanggung jawab. Langkah tersebut diharapkan dapat mendukung keterbukaan informasi sekaligus memperkuat komunikasi Polri dengan masyarakat. 


                                
                                
                                
                                
                                
                                            
                                        
                                                                    

                                


                                
                                                                    
                                    
                                
                                                                                                                                                                                
                            
                            
                                                                        
                                                                
                                    
                                        
                                            Berita
                                        
                                    
                                    Terbaru Lainnya
                                
                                
                            
                            
                                    
                                    
                                        Memuat berita terbaru.....",RRI.co.id,"Dajan Peken, 82114, Tabanan, Tabanan, Bali, Indonesia",-8.536609490935,115.13552944186335,5,"2, 7","kejaksaan, kejatibali, kejaritabanan, tabanan, news"
Indonesia Records Higher Foreign Tourist Arrivals Domestic Travel in August,2026-10-02T00:57:24.000Z,"Kabupaten Tabanan, Bali, Indonesia","Indonesia Records Higher Foreign Tourist Arrivals, Domestic Travel in August - RRI.co.id","National
                                                
                                            
                                                                            
                                    
                                    
                                        
                                            01 Okt 2026 19:55
                                            WIB
                                        
                                        
                                             Voice of Indonesia
                                        
                                    
                                    
                                                                                                                                
                                                                                
                                        
                                            
                                                Editor -
                                                Lasti Martina
                                            
                                        
                                    
                                

                                                                                                            
                                                
                                                                                                            Key Points
                                                                                                    
                                                
                                                                                                            
                                                            Foreign tourist arrivals in Indonesia reached 10.58 million in January-August 2026, up 5.38 percent from a year earlier.
                                                        
                                                                                                            
                                                            Domestic tourist trips rose 11.47 percent year-on-year to 104.30 million in August 2026.
                                                        
                                                                                                    
                                            
                                                                                                    

                                

                                                                                                            
                                        
                                                                                    
                                                
                                                    
                                                

                                                                                                    
                                                        File Photo - Foreign tourists visit the Ulun Danu Beratan tourism site in Tabanan, Bali. Foreign tourist arrivals and domestic travel in Indonesia continued to grow throughout 2026.","(Photo: Antara/Nyoman Hendra Wibowo)
                                                    
                                                                                            
                                                                                                            
                                
                                RRI.CO.ID, Jakarta – Foreign tourist arrivals and domestic travel in Indonesia continued to grow in 2026, according to data released by the Central Bureau of Statistics (BPS).BPS recorded 10.58 million foreign tourist arrivals from January to August 2026, up 5.38 percent from the same period in 2025.BPS Deputy for Distribution and Services Statistics Ateng Hartono said foreign tourist arrivals reached 1.60 million in August 2026, an increase of 6.27 percent from August 2025. ""Thus, cumulative foreign tourist arrivals from January to August 2026 reached 10.58 million, up 5.38 percent from the same period a year earlier,"" Ateng said in an official statement delivered virtually in Jakarta on Thursday, as quoted by Antara.Ateng said tourists holding Malaysian passports accounted for the largest share of arrivals in August 2026 at 18.52 percent, followed by Australia at 10.75 percent and China at 10.16 percent.","Pada Hari Jumat , 2 Oktober 2026 00:57, Tabanan, Tabanan, Bali

National
                                                
                                            
                                                                            
                                    
                                    
                                        
                                            01 Okt 2026 19:55
                                            WIB
                                        
                                        
                                             Voice of Indonesia
                                        
                                    
                                    
                                                                                                                                
                                                                                
                                        
                                            
                                                Editor -
                                                Lasti Martina
                                            
                                        
                                    
                                

                                                                                                            
                                                
                                                                                                            Key Points
                                                                                                    
                                                
                                                                                                            
                                                            Foreign tourist arrivals in Indonesia reached 10.58 million in January-August 2026, up 5.38 percent from a year earlier.
                                                        
                                                                                                            
                                                            Domestic tourist trips rose 11.47 percent year-on-year to 104.30 million in August 2026.
                                                        
                                                                                                    
                                            
                                                                                                    

                                

                                                                                                            
                                        
                                                                                    
                                                
                                                    
                                                

                                                                                                    
                                                        File Photo - Foreign tourists visit the Ulun Danu Beratan tourism site in Tabanan, Bali. Foreign tourist arrivals and domestic travel in Indonesia continued to grow throughout 2026. (Photo: Antara/Nyoman Hendra Wibowo)
                                                    
                                                                                            
                                                                                                            
                                
                                RRI.CO.ID, Jakarta – Foreign tourist arrivals and domestic travel in Indonesia continued to grow in 2026, according to data released by the Central Bureau of Statistics (BPS).BPS recorded 10.58 million foreign tourist arrivals from January to August 2026, up 5.38 percent from the same period in 2025.BPS Deputy for Distribution and Services Statistics Ateng Hartono said foreign tourist arrivals reached 1.60 million in August 2026, an increase of 6.27 percent from August 2025. ""Thus, cumulative foreign tourist arrivals from January to August 2026 reached 10.58 million, up 5.38 percent from the same period a year earlier,"" Ateng said in an official statement delivered virtually in Jakarta on Thursday, as quoted by Antara.Ateng said tourists holding Malaysian passports accounted for the largest share of arrivals in August 2026 at 18.52 percent, followed by Australia at 10.75 percent and China at 10.16 percent. On a monthly basis, tourist arrivals from Malaysia and China increased, while arrivals from Australia declined.Meanwhile, BPS also reported strong growth in domestic tourism, with domestic tourist trips reaching 104.30 million in August 2026, up 11.47 percent from the same month last year. ""Cumulatively, from January to August 2026, domestic tourist trips reached 842.15 million, an increase of 4.29 percent compared with the same period last year,"" Ateng said.He said the figure was the highest recorded for the January-August period since 2019, before the COVID-19 pandemic. ""The data indicate that public interest in and mobility for domestic travel continue to grow on an annual basis,"" he said.The increase in foreign and domestic travel reflects continued growth in Indonesia's tourism activity throughout 2026.The rise in foreign tourist arrivals also underscores sustained travel demand from several of Indonesia's key markets, particularly Malaysia, Australia and China.Meanwhile, the high number of domestic tourist trips highlights the significant role of domestic travel in supporting tourism activity across the country. Domestic tourists remain a key driver of tourism-related economic activity across regions. ***",RRI.co.id,"Dajan Peken, 82114, Tabanan, Tabanan, Bali, Indonesia",-8.536609490935,115.13552944186335,5,"2, 7","kejaksaan, kejatibali, kejaritabanan, tabanan, news"
KPU BaliKodam IXUdayana Perkuat Kerja Sama Pemutakhiran Data Pemilih,2026-10-01T02:25:00.000Z,"Kabupaten Tabanan, Bali, Indonesia",KPU Bali-Kodam IX/Udayana Perkuat Kerja Sama Pemutakhiran Data Pemilih - RRI.co.id,"RRI.CO.ID, Denpasar- Komisi Pemilihan Umum (KPU) Provinsi Bali menggelar audiensi sekaligus pembahasan Perjanjian Kerja Sama (PKS) bersama Komando Daerah Militer (Kodam) IX/Udayana bertempat di Ruang Tamu Pangdam IX/Udayana, Denpasar, pada Selasa 29 September 2026. Kerja sama strategis ini digagas dalam rangka memperkuat sinergitas pelaksanaan tugas dan fungsi kedua lembaga demi mendukung persiapan serta penyelenggaraan Pemilihan Umum (Pemilu) dan Pemilihan di wilayah Provinsi Bali.","Kesepakatan ini melibatkan Ketua KPU Provinsi Bali, I Dewa Agung Gede Lidartawan, bersama Panglima Komando Daerah Militer IX/Udayana, Mayjen TNI Piek Budyakto. Perjanjian Kerja Sama yang berlaku untuk jangka waktu 5 (lima) tahun ini mencakup sejumlah ruang lingkup strategis.","Pada Hari Kamis , 1 Oktober 2026 02:25, Tabanan, Tabanan, Bali

RRI.CO.ID, Denpasar- Komisi Pemilihan Umum (KPU) Provinsi Bali menggelar audiensi sekaligus pembahasan Perjanjian Kerja Sama (PKS) bersama Komando Daerah Militer (Kodam) IX/Udayana bertempat di Ruang Tamu Pangdam IX/Udayana, Denpasar, pada Selasa 29 September 2026. Kerja sama strategis ini digagas dalam rangka memperkuat sinergitas pelaksanaan tugas dan fungsi kedua lembaga demi mendukung persiapan serta penyelenggaraan Pemilihan Umum (Pemilu) dan Pemilihan di wilayah Provinsi Bali. Kesepakatan ini melibatkan Ketua KPU Provinsi Bali, I Dewa Agung Gede Lidartawan, bersama Panglima Komando Daerah Militer IX/Udayana, Mayjen TNI Piek Budyakto. Perjanjian Kerja Sama yang berlaku untuk jangka waktu 5 (lima) tahun ini mencakup sejumlah ruang lingkup strategis. Di antaranya meliputi pertukaran data dan informasi kepemiluan, bantuan pengamanan distribusi logistik, koordinasi serta sosialisasi netralitas TNI, hingga pemanfaatan sarana, prasarana, dan sumber daya manusia di wilayah teritorial Provinsi Bali.Salah satu poin krusial dalam Perjanjian Kerja Sama ini adalah penanganan dan pemutakhiran data penduduk yang beralih status menjadi prajurit TNI maupun purnawirawan secara berkala. Langkah ini menjadi solusi konkret atas hasil pencermatan data turunan Kementerian Dalam Negeri (Kemendagri) pada Pemutakhiran Data Pemilih Berkelanjutan (PDPB) Semester I Tahun 2026, di mana terdata sebanyak 117 orang yang dinyatakan Tidak Memenuhi Syarat (TMS) sebagai pemilih akibat beralih status menjadi anggota TNI.Melalui kesepakatan ini, KPU Bali dan Kodam IX/Udayana berkomitmen melakukan verifikasi, pembersihan, serta perbaikan data secara terpadu guna menjamin keakuratan dan akuntabilitas daftar pemilih di Bali. Di sisi lain, Kodam IX/Udayana turut menegaskan komitmennya untuk menjamin netralitas prajurit serta siap memberikan dukungan pengamanan dan deteksi dini guna mengantisipasi potensi gangguan keamanan selama tahapan pemilu berlangsung.Melalui kerja sama ini, KPU Provinsi Bali dan Kodam IX/Udayana berharap tercipta koordinasi yang intensif dan berkesinambungan. Sinergi lintas lembaga ini menjadi wujud komitmen bersama dalam mengawal penyelenggaraan Pemilu dan Pemilihan di Bali agar dapat berjalan aman, lancar, transparan, dan berintegritas. 


                                
                                
                                
                                
                                
                                            
                                        
                                                                    

                                


                                
                                                                    
                                    
                                
                                                                                                                                                                                
                            
                            
                                                                        
                                                                
                                    
                                        
                                            Berita
                                        
                                    
                                    Terbaru Lainnya
                                
                                
                            
                            
                                    
                                    
                                        Memuat berita terbaru.....",RRI.co.id,"Dajan Peken, 82114, Tabanan, Tabanan, Bali, Indonesia",-8.536609490935,115.13552944186335,5,"2, 7","kejaksaan, kejatibali, kejaritabanan, tabanan, news"
Turnamen Domino Piala Panglima TNI Perkuat Kebersamaan,2026-09-28T06:29:00.000Z,"Kabupaten Tabanan, Bali, Indonesia",Turnamen Domino Piala Panglima TNI Perkuat Kebersamaan - RRI.co.id,"Irdam IX/Udayana Brigjen TNI Muhammad Dariyanto membuka Turnamen ORADO Piala Panglima TNI di Lapangan Kodim 1611/Badung.(Foto:PendamIX/Udayana)
                                                    
                                                                                            
                                                                                                            
                                
                                RRI.CO.ID, Denpasar - Turnamen ORADO Piala Panglima TNI digelar di Lapangan Kodim 1611/Badung, Minggu, 27 September 2026. Kegiatan ini menjadi bagian dari rangkaian HUT ke-81 TNI sekaligus ruang memperkuat silaturahmi antara prajurit dan masyarakat.Inspektur Kodam IX/Udayana Brigjen TNI Muhammad Dariyanto membuka turnamen yang digelar serentak di 101 kota di Indonesia tersebut.","Di wilayah Kodam IX/Udayana, kegiatan mencakup Bali, Nusa Tenggara Barat, dan Nusa Tenggara Timur, serta dirangkaikan dengan keterlibatan pelaku UMKM.Dalam sambutan Pangdam IX/Udayana Mayjen TNI Piek Budyakto yang dibacakan Irdam, domino tidak hanya menjadi ajang permainan dan hiburan. Kegiatan tersebut juga dinilai menjadi sarana mempererat komunikasi, silaturahmi, dan kebersamaan antara TNI dengan masyarakat.“Kehadiran masyarakat bersama prajurit TNI menunjukkan bahwa TNI dan rakyat memiliki hubungan yang sangat dekat.","Pada Hari Senin , 28 September 2026 06:29, Tabanan, Tabanan, Bali

Irdam IX/Udayana Brigjen TNI Muhammad Dariyanto membuka Turnamen ORADO Piala Panglima TNI di Lapangan Kodim 1611/Badung.(Foto:PendamIX/Udayana)
                                                    
                                                                                            
                                                                                                            
                                
                                RRI.CO.ID, Denpasar - Turnamen ORADO Piala Panglima TNI digelar di Lapangan Kodim 1611/Badung, Minggu, 27 September 2026. Kegiatan ini menjadi bagian dari rangkaian HUT ke-81 TNI sekaligus ruang memperkuat silaturahmi antara prajurit dan masyarakat.Inspektur Kodam IX/Udayana Brigjen TNI Muhammad Dariyanto membuka turnamen yang digelar serentak di 101 kota di Indonesia tersebut. Di wilayah Kodam IX/Udayana, kegiatan mencakup Bali, Nusa Tenggara Barat, dan Nusa Tenggara Timur, serta dirangkaikan dengan keterlibatan pelaku UMKM.Dalam sambutan Pangdam IX/Udayana Mayjen TNI Piek Budyakto yang dibacakan Irdam, domino tidak hanya menjadi ajang permainan dan hiburan. Kegiatan tersebut juga dinilai menjadi sarana mempererat komunikasi, silaturahmi, dan kebersamaan antara TNI dengan masyarakat.“Kehadiran masyarakat bersama prajurit TNI menunjukkan bahwa TNI dan rakyat memiliki hubungan yang sangat dekat. Hubungan tersebut merupakan kekuatan yang harus terus dipelihara, karena TNI lahir dari rakyat, berjuang bersama rakyat, dan pengabdian TNI ditujukan untuk kepentingan bangsa dan negara,” demikian amanat Pangdam IX/Udayana.Pangdam juga mengingatkan peserta untuk menjunjung sportivitas, kejujuran, disiplin, dan persaudaraan selama pertandingan. Menang atau kalah disebut sebagai bagian dari perlombaan, sementara yang lebih penting adalah menjaga persahabatan dan kebersamaan.Ketua Pengcab ORADO Bali Dewa Made Mahayadnya mengatakan olahraga domino terus berkembang dan mendapat antusiasme masyarakat. Menurutnya, perkembangan tersebut perlu diikuti pembinaan dan kompetisi yang lebih terarah.“Domino tidak hanya menjadi permainan di tengah masyarakat, tetapi harus terus dikembangkan sebagai cabang olahraga yang memiliki organisasi, aturan, pembinaan, dan kompetisi yang menjunjung tinggi sportivitas,” ujar Dewa Made Mahayadnya.Pembukaan turnamen ditandai dengan penekanan tombol secara bersama sebagai tanda dimulainya pertandingan. Keterlibatan UMKM juga memberikan ruang bagi pelaku usaha untuk memperkenalkan dan memasarkan produk kepada peserta maupun masyarakat yang hadir. 


                                
                                
                                
                                
                                
                                            
                                        
                                                                    

                                


                                
                                                                    
                                    
                                
                                                                                                                                                                                
                            
                            
                                                                        
                                                                
                                    
                                        
                                            Berita
                                        
                                    
                                    Terbaru Lainnya
                                
                                
                            
                            
                                    
                                    
                                        Memuat berita terbaru.....",RRI.co.id,"Dajan Peken, 82114, Tabanan, Tabanan, Bali, Indonesia",-8.536609490935,115.13552944186335,5,"2, 7","kejaksaan, kejatibali, kejaritabanan, tabanan, news"
Kodam IXUdayana Salurkan Air Bersih Warga Terdampak Kekeringan,2026-09-30T00:33:00.000Z,"Kabupaten Tabanan, Bali, Indonesia",Kodam IX/Udayana Salurkan Air Bersih Warga Terdampak Kekeringan - RRI.co.id,"Kodam IX/Udayana menyalurkan bantuan air bersih kepada masyarakat terdampak kekeringan di Kampial, Denpasar. (Foto:PendamIXUdayana)
                                                    
                                                                                            
                                                                                                            
                                
                                RRI.CO.ID, Denpasar - Memasuki musim kemarau, Kodam IX/Udayana mengerahkan jajarannya untuk membantu masyarakat yang mengalami kesulitan mendapatkan air bersih.","Langkah tersebut merupakan tindak lanjut perintah Kepala Staf Angkatan Darat Jenderal TNI Maruli Simanjuntak untuk membantu masyarakat terdampak kekeringan.Salah satu penyaluran dilakukan Detasemen Markas Kodam IX/Udayana di Kelurahan Benoa, Banjar Menesa, Desa Adat Kampial, Jalan Raya Kampial, Selasa, 29 September 2026. Bantuan tersebut menyasar 650 kepala keluarga atau sekitar 3.900 jiwa dengan dukungan empat armada mobil tangki air.Kapendam IX/Udayana Kolonel Inf Amrizal Nasution mengatakan penyaluran air bersih menjadi bentuk respons TNI AD terhadap kebutuhan dasar masyarakat yang terdampak kekeringan.","Pada Hari Rabu , 30 September 2026 00:33, Tabanan, Tabanan, Bali

Kodam IX/Udayana menyalurkan bantuan air bersih kepada masyarakat terdampak kekeringan di Kampial, Denpasar. (Foto:PendamIXUdayana)
                                                    
                                                                                            
                                                                                                            
                                
                                RRI.CO.ID, Denpasar - Memasuki musim kemarau, Kodam IX/Udayana mengerahkan jajarannya untuk membantu masyarakat yang mengalami kesulitan mendapatkan air bersih. Langkah tersebut merupakan tindak lanjut perintah Kepala Staf Angkatan Darat Jenderal TNI Maruli Simanjuntak untuk membantu masyarakat terdampak kekeringan.Salah satu penyaluran dilakukan Detasemen Markas Kodam IX/Udayana di Kelurahan Benoa, Banjar Menesa, Desa Adat Kampial, Jalan Raya Kampial, Selasa, 29 September 2026. Bantuan tersebut menyasar 650 kepala keluarga atau sekitar 3.900 jiwa dengan dukungan empat armada mobil tangki air.Kapendam IX/Udayana Kolonel Inf Amrizal Nasution mengatakan penyaluran air bersih menjadi bentuk respons TNI AD terhadap kebutuhan dasar masyarakat yang terdampak kekeringan. Bantuan juga menjadi bagian dari gerakan jajaran Kodam IX/Udayana di Bali, Nusa Tenggara Barat, dan Nusa Tenggara Timur.“Penyaluran air bersih ini merupakan tindak lanjut atas perintah Bapak Kasad Jenderal TNI Maruli Simanjuntak agar jajaran TNI AD hadir membantu masyarakat yang mengalami kesulitan mendapatkan air bersih,” ujar Kolonel Inf Amrizal Nasution.Selain di Kampial, penyaluran air bersih di wilayah Bali juga dilakukan di Desa Bonyoh, Kecamatan Kintamani, Kabupaten Bangli. Untuk wilayah Kampial, bantuan yang disalurkan mencapai sekitar 16.000 liter air bersih menggunakan kendaraan tangki milik Makodam IX/Udayana yang dioperasikan Denmadam IX/Udayana.Kapendam menegaskan Kodam IX/Udayana akan terus berkoordinasi dengan pemerintah daerah dan unsur terkait dalam membantu masyarakat yang terdampak kekeringan. Bantuan diharapkan dapat disalurkan sesuai kebutuhan dan kondisi masing-masing wilayah agar manfaatnya dapat dirasakan masyarakat.“Air bersih merupakan kebutuhan dasar masyarakat, karena itu kami akan terus berkoordinasi dengan pemerintah daerah dan unsur terkait untuk membantu masyarakat yang terdampak kekeringan,” katanya.Penyaluran air bersih tersebut menjadi bagian dari upaya Kodam IX/Udayana membantu masyarakat menghadapi dampak musim kemarau. Kepedulian dan gotong royong diharapkan terus diperkuat agar kebutuhan dasar masyarakat yang terdampak kekeringan dapat terpenuhi. 


                                
                                
                                
                                
                                
                                            
                                        
                                                                    

                                


                                
                                                                    
                                    
                                
                                                                                                                                                                                
                            
                            
                                                                        
                                                                
                                    
                                        
                                            Berita
                                        
                                    
                                    Terbaru Lainnya
                                
                                
                            
                            
                                    
                                    
                                        Memuat berita terbaru.....",RRI.co.id,"Dajan Peken, 82114, Tabanan, Tabanan, Bali, Indonesia",-8.536609490935,115.13552944186335,5,"2, 7","kejaksaan, kejatibali, kejaritabanan, tabanan, news"
Sebanyak 1304 Sentra KI Terbentuk DJKI Siapkan Pembinaan hingga Tahap Hilirisasi,2026-09-26T05:29:00.000Z,"Kabupaten Tabanan, Bali, Indonesia","Sebanyak 1.304 Sentra KI Terbentuk, DJKI Siapkan Pembinaan hingga Tahap Hilirisasi - RRI.co.id","RRI.CO.ID, Jakarta — Sentra Kekayaan Intelektual (KI) di Indonesia melonjak menjadi 1.304 sentra pada 2026, atau bertambah 878 sentra dibandingkan 2025. Direktorat Jenderal Kekayaan Intelektual (DJKI) Kementerian Hukum kini menyiapkan pembinaan bertahap agar Sentra KI tidak sekadar bertambah secara jumlah, tetapi mampu mendampingi kreator, peneliti, inventor, dan pelaku usaha hingga tahap pengembangan dan hilirisasi.Direktur Jenderal Kekayaan Intelektual, Hermansyah Siregar, mengatakan peningkatan jumlah Sentra KI harus diikuti penguatan kapasitas pengelola agar keberadaannya memberikan manfaat nyata bagi ekosistem KI di daerah.","“1.304 Sentra KI yang telah terbentuk menjadi modal penting untuk memperluas akses terhadap ekosistem KI. Selanjutnya, kapasitasnya perlu diperkuat agar dapat mendampingi kreator, peneliti, inventor, dan pelaku usaha dalam melindungi serta mengembangkan karya dan inovasinya,” ujar Hermansyah.Jumlah tersebut meningkat dari 426 Sentra KI pada 2025 menjadi 1.304 Sentra KI pada 2026.","Pada Hari Sabtu , 26 September 2026 05:29, Tabanan, Tabanan, Bali

RRI.CO.ID, Jakarta — Sentra Kekayaan Intelektual (KI) di Indonesia melonjak menjadi 1.304 sentra pada 2026, atau bertambah 878 sentra dibandingkan 2025. Direktorat Jenderal Kekayaan Intelektual (DJKI) Kementerian Hukum kini menyiapkan pembinaan bertahap agar Sentra KI tidak sekadar bertambah secara jumlah, tetapi mampu mendampingi kreator, peneliti, inventor, dan pelaku usaha hingga tahap pengembangan dan hilirisasi.Direktur Jenderal Kekayaan Intelektual, Hermansyah Siregar, mengatakan peningkatan jumlah Sentra KI harus diikuti penguatan kapasitas pengelola agar keberadaannya memberikan manfaat nyata bagi ekosistem KI di daerah. “1.304 Sentra KI yang telah terbentuk menjadi modal penting untuk memperluas akses terhadap ekosistem KI. Selanjutnya, kapasitasnya perlu diperkuat agar dapat mendampingi kreator, peneliti, inventor, dan pelaku usaha dalam melindungi serta mengembangkan karya dan inovasinya,” ujar Hermansyah.Jumlah tersebut meningkat dari 426 Sentra KI pada 2025 menjadi 1.304 Sentra KI pada 2026. Artinya, terdapat tambahan 878 sentra atau pertumbuhan sekitar 206 persen. Pembentukan Sentra KI dilakukan melalui Perjanjian Kerja Sama (PKS) antara Kantor Wilayah Kementerian Hukum dengan perguruan tinggi, Badan Riset dan Inovasi Daerah (BRIDA), maupun lembaga penelitian.Capaian tersebut didukung optimalisasi peran Kantor Wilayah, sinergi dengan Lembaga Layanan Pendidikan Tinggi (LLDIKTI), serta pengendalian, pembinaan, monitoring, dan evaluasi yang dilakukan DJKI terhadap kinerja Kantor Wilayah. Berdasarkan data terbaru, Jawa Barat memiliki jumlah Sentra KI terbanyak dengan 179 sentra. Selanjutnya Jawa Timur 110 sentra dan Daerah Khusus Jakarta 108 sentra.DJKI mengarahkan keberadaan Sentra KI untuk membangun rantai nilai kekayaan intelektual dari hulu hingga hilir. Sentra KI diharapkan mampu mengidentifikasi potensi karya dan inovasi, meningkatkan kesadaran masyarakat untuk memperoleh pelindungan KI, serta membantu mengembangkan KI yang telah terlindungi melalui skema lisensi, waralaba, maupun hilirisasi.“Keberhasilan Sentra KI nantinya tidak hanya diukur dari jumlah yang terbentuk, tetapi dari kemampuan menjalankan fungsi sesuai tingkat kematangannya. Karena itu, pembinaan harus dilakukan secara terarah dan bertahap,” kata Hermansyah.Menurutnya, pertumbuhan Sentra KI juga diharapkan mendorong kreator dan inventor di berbagai daerah semakin aktif menghasilkan karya dan inovasi. Peningkatan tersebut pada akhirnya berpotensi mendorong bertambahnya permohonan pelindungan KI secara nasional.KI yang telah mendapatkan pelindungan selanjutnya dapat dikembangkan menjadi aset bernilai ekonomi melalui lisensi, waralaba, maupun berbagai skema hilirisasi lainnya. “Seluruh rantai ekosistem ini pada akhirnya akan menjadikan KI sebagai pilar utama dalam mengakselerasi pertumbuhan ekonomi makro, membuka lapangan kerja baru, dan meningkatkan daya saing bangsa di kancah global,” jelas Hermansyah.Untuk menentukan pola pembinaan, DJKI akan melakukan penilaian tingkat kematangan atau clustering terhadap Sentra KI. Pada tahap rintisan, pembinaan difokuskan pada edukasi KI, identifikasi potensi karya atau invensi, konsultasi dasar, serta pendampingan penyusunan draf permohonan pelindungan.Sementara tahap berkembang ditujukan bagi Sentra KI yang telah memiliki standar operasional prosedur (SOP) dan sumber daya manusia (SDM) yang memadai. Pada tahap ini, Sentra KI diharapkan mampu melakukan penelusuran dokumen paten (prior art), memfasilitasi kompensasi bagi inventor, serta membangun kemitraan regional.Adapun tahap maju diarahkan pada kemampuan melakukan valuasi KI, menyusun strategi lisensi komersial, melakukan negosiasi alih teknologi dengan mitra industri, hingga mendorong pembentukan spin-off. Untuk mendukung standardisasi pengelolaan, DJKI telah menyusun Buku Panduan Pengelolaan Sentra KI pada Perguruan Tinggi. Panduan tersebut menjadi acuan tata kelola sekaligus diarahkan untuk mendorong Sentra KI berkembang menjadi pusat inkubasi dan hilirisasi hasil riset akademik.DJKI juga merencanakan Forum Koordinasi Nasional Sentra KI sebagai agenda rutin tahunan untuk menyelaraskan pembinaan Sentra KI di berbagai wilayah. Melalui penguatan tersebut, DJKI mendorong kreator, peneliti, inventor, perguruan tinggi, dan pelaku usaha untuk semakin aktif mengidentifikasi dan melindungi karya maupun inovasinya.Pelindungan KI memberikan kepastian hukum sekaligus menjadi dasar bagi pengembangan dan pemanfaatan kekayaan intelektual secara berkelanjutan.",RRI.co.id,"Dajan Peken, 82114, Tabanan, Tabanan, Bali, Indonesia",-8.536609490935,115.13552944186335,5,"2, 7","kejaksaan, kejatibali, kejaritabanan, tabanan, news"
Pemkab Gianyar Teguhkan Semangat Persatuan di Hari Kesaktian Pancasila,2026-10-01T02:22:00.000Z,"Kabupaten Tabanan, Bali, Indonesia",Pemkab Gianyar Teguhkan Semangat Persatuan di Hari Kesaktian Pancasila - RRI.co.id,"Pemkab Gianyar Teguhkan Semangat Persatuan di Hari Kesaktian Pancasila (Foto: Pemkab Gianyar)
                                                    
                                                                                            
                                                                                                            
                                
                                RRI.CO.ID, Gianyar - Pemerintah Kabupaten Gianyar memperingati Hari Kesaktian Pancasila melalui upacara di Halaman Kantor Bupati Gianyar pada Kamis, 1 Oktober 2026. Peringatan tersebut menjadi momentum peneguhan komitmen untuk menjaga persatuan serta mempertahankan Pancasila sebagai dasar dan ideologi negara.Dalam upacara yang berlangsung khidmat, Kepala Bagian Organisasi Setda Kabupaten Gianyar, Made Sukania Dwiyani Prajnya Paramita, membacakan Ikrar Hari Kesaktian Pancasila yang ditandatangani oleh Ketua DPR RI, Puan Maharani.","Ikrar tersebut menegaskan bahwa meski perjalanan bangsa sejak 17 Agustus 1945 kerap menghadapi berbagai dinamika dan tantangan, semangat kebersamaan tetap mampu memperkokoh tegaknya Negara Kesatuan Republik Indonesia.""Maka di hadapan Tuhan Yang Maha Esa, dalam memperingati Hari Kesaktian Pancasila, kami membulatkan tekad untuk tetap mempertahankan dan mengamalkan nilai-nilai Pancasila sebagai sumber kekuatan menggalang kebersamaan untuk memperjuangkan, menegakkan kebenaran dan keadilan demi keutuhan Negara Kesatuan Republik Indonesia,"" ujar Sukania Dwiyani.Peringatan Hari Kesaktian Pancasila yang berkaitan dengan peristiwa sejarah 30 September 1965 ini diharapkan tidak hanya sekadar seremonial, tetapi menjadi refleksi bersama untuk terus merawat gotong royong, toleransi, dan keharmonisan di masyarakat. Berita
                                        
                                    
                                    Terbaru Lainnya
                                
                                
                            
                            
                                    
                                    
                                        Memuat berita terbaru......","Pada Hari Kamis , 1 Oktober 2026 02:22, Tabanan, Tabanan, Bali

Pemkab Gianyar Teguhkan Semangat Persatuan di Hari Kesaktian Pancasila (Foto: Pemkab Gianyar)
                                                    
                                                                                            
                                                                                                            
                                
                                RRI.CO.ID, Gianyar - Pemerintah Kabupaten Gianyar memperingati Hari Kesaktian Pancasila melalui upacara di Halaman Kantor Bupati Gianyar pada Kamis, 1 Oktober 2026. Peringatan tersebut menjadi momentum peneguhan komitmen untuk menjaga persatuan serta mempertahankan Pancasila sebagai dasar dan ideologi negara.Dalam upacara yang berlangsung khidmat, Kepala Bagian Organisasi Setda Kabupaten Gianyar, Made Sukania Dwiyani Prajnya Paramita, membacakan Ikrar Hari Kesaktian Pancasila yang ditandatangani oleh Ketua DPR RI, Puan Maharani. Ikrar tersebut menegaskan bahwa meski perjalanan bangsa sejak 17 Agustus 1945 kerap menghadapi berbagai dinamika dan tantangan, semangat kebersamaan tetap mampu memperkokoh tegaknya Negara Kesatuan Republik Indonesia.""Maka di hadapan Tuhan Yang Maha Esa, dalam memperingati Hari Kesaktian Pancasila, kami membulatkan tekad untuk tetap mempertahankan dan mengamalkan nilai-nilai Pancasila sebagai sumber kekuatan menggalang kebersamaan untuk memperjuangkan, menegakkan kebenaran dan keadilan demi keutuhan Negara Kesatuan Republik Indonesia,"" ujar Sukania Dwiyani.Peringatan Hari Kesaktian Pancasila yang berkaitan dengan peristiwa sejarah 30 September 1965 ini diharapkan tidak hanya sekadar seremonial, tetapi menjadi refleksi bersama untuk terus merawat gotong royong, toleransi, dan keharmonisan di masyarakat. 


                                
                                
                                
                                
                                
                                            
                                        
                                                                    

                                


                                
                                                                    
                                    
                                
                                                                                                                                                                                
                            
                            
                                                                        
                                                                
                                    
                                        
                                            Berita
                                        
                                    
                                    Terbaru Lainnya
                                
                                
                            
                            
                                    
                                    
                                        Memuat berita terbaru.....",RRI.co.id,"Dajan Peken, 82114, Tabanan, Tabanan, Bali, Indonesia",-8.536609490935,115.13552944186335,5,"2, 7","kejaksaan, kejatibali, kejaritabanan, tabanan, news"
AI Mulai Ikut Bercerita Seperti Apa Masa Depan Film,2026-09-28T07:02:00.000Z,"Kabupaten Tabanan, Bali, Indonesia","AI Mulai Ikut Bercerita, Seperti Apa Masa Depan Film? - RRI.co.id","Hiburan
                                                
                                            
                                                                            
                                    
                                    
                                        
                                            28 Sep 2026 14:02
                                            WIB
                                        
                                        
                                             Denpasar
                                        
                                    
                                    
                                                                                                                                
                                                                                
                                        
                                            
                                                Editor -
                                                Ni Putu Widyawati
                                            
                                        
                                    
                                

                                                                                                                                    

                                

                                                                                                            
                                        
                                                                                    
                                                
                                                    
                                                

                                                                                                    
                                                        BIAIFF 2026 mempertemukan insan perfilman dari berbagai negara (Foto:dok)
                                                    
                                                                                            
                                                                                                            
                                
                                RRI.CO.ID, Denpasar – Bayangkan membuat sebuah film dengan bantuan teknologi yang mampu menghasilkan visual, karakter, musik hingga berbagai elemen cerita. Perkembangan Artificial Intelligence (AI) kini mulai membuka kemungkinan baru dalam dunia perfilman.Fenomena tersebut menjadi salah satu hal yang diangkat dalam Bali International AI Film Festival (BIAIFF) Season 5.","Festival ini akan digelar pada 30 September 2026 di Paradiso Ubud, Bali, dan menghadirkan berbagai karya film yang memanfaatkan AI dalam proses kreatifnya.Karya yang ditampilkan tidak terbatas pada film pendek. BIAIFF juga membuka ruang untuk dokumenter, film feature, music video, animasi hingga karya eksperimental.","Pada Hari Senin , 28 September 2026 07:02, Tabanan, Tabanan, Bali

Hiburan
                                                
                                            
                                                                            
                                    
                                    
                                        
                                            28 Sep 2026 14:02
                                            WIB
                                        
                                        
                                             Denpasar
                                        
                                    
                                    
                                                                                                                                
                                                                                
                                        
                                            
                                                Editor -
                                                Ni Putu Widyawati
                                            
                                        
                                    
                                

                                                                                                                                    

                                

                                                                                                            
                                        
                                                                                    
                                                
                                                    
                                                

                                                                                                    
                                                        BIAIFF 2026 mempertemukan insan perfilman dari berbagai negara (Foto:dok)
                                                    
                                                                                            
                                                                                                            
                                
                                RRI.CO.ID, Denpasar – Bayangkan membuat sebuah film dengan bantuan teknologi yang mampu menghasilkan visual, karakter, musik hingga berbagai elemen cerita. Perkembangan Artificial Intelligence (AI) kini mulai membuka kemungkinan baru dalam dunia perfilman.Fenomena tersebut menjadi salah satu hal yang diangkat dalam Bali International AI Film Festival (BIAIFF) Season 5. Festival ini akan digelar pada 30 September 2026 di Paradiso Ubud, Bali, dan menghadirkan berbagai karya film yang memanfaatkan AI dalam proses kreatifnya.Karya yang ditampilkan tidak terbatas pada film pendek. BIAIFF juga membuka ruang untuk dokumenter, film feature, music video, animasi hingga karya eksperimental. Kehadiran berbagai format ini menunjukkan semakin luasnya eksplorasi kreator terhadap teknologi AI.Mengusung tema “The Soul of Storytelling, Reimagined by Code”, BIAIFF tidak hanya berbicara tentang kecanggihan teknologi. Festival ini juga mengajak melihat bagaimana AI dapat menjadi medium baru untuk menyampaikan ide dan cerita.Meski teknologi semakin canggih, manusia tetap memiliki peran penting dalam menentukan gagasan, sudut pandang dan pesan yang ingin disampaikan. AI dapat membantu mewujudkan sebuah ide, tetapi cerita tetap membutuhkan perspektif dan pengalaman manusia.Melalui BIAIFF, Bali menjadi salah satu ruang untuk melihat pertemuan antara teknologi dan seni. Menarik untuk melihat apakah perkembangan AI nantinya hanya mengubah cara film dibuat, atau sekaligus mengubah cara manusia bercerita. 


                                
                                
                                
                                
                                
                                            
                                        
                                                                    

                                


                                
                                                                    
                                    
                                
                                                                                                                                                                                
                            
                            
                                                                        
                                                                
                                    
                                        
                                            Berita
                                        
                                    
                                    Terbaru Lainnya
                                
                                
                            
                            
                                    
                                    
                                        Memuat berita terbaru.....",RRI.co.id,"Dajan Peken, 82114, Tabanan, Tabanan, Bali, Indonesia",-8.536609490935,115.13552944186335,5,"2, 7","kejaksaan, kejatibali, kejaritabanan, tabanan, news"
Gubernur Bali Ucapkan Selamat HUT ke77 Berdirinya Republik Rakyat Tiongkok,2026-09-30T14:29:00.000Z,"Kabupaten Tabanan, Bali, Indonesia",Gubernur Bali Ucapkan Selamat HUT ke-77 Berdirinya Republik Rakyat Tiongkok - RRI.co.id,"RRI.CO.ID, Denpasar- Mewakili Pemerintah Provinsi Bali dan masyarakat Bali, Gubernur Bali, Wayan Koster dihadapan Konsul Jenderal Republik Tiongkok di Denpasar, Mr. Zhang Zhisheng menyampaikan ucapan selamat Hari Ulang Tahun ke-77 Berdirinya Republik Rakyat Tiongkok (1949-2026).“ Semoga Republik Rakyat Tiongkok semakin maju dan hubungan Pemerintah Republik Indonesia dengan Tiongkok, serta Pemerintah Provinsi Bali dengan Tiongkok yang telah baik ini terus ditingkatkan,”ucapnya pada Selasa 29 September 2026.Koster mengucapkan terimakasih kepada Konsul Jenderal Republik Tiongkok di Denpasar, Mr.","Zhang Zhisheng atas kerjasama yang baik selama ini dengan harapan kerjasama yang sudah terjalin terus akan meningkat.Dikatakan, hubungan Bali dengan Tiongkok sudah terjalin sejak lama, selain karena historis, Bali dan Tiongkok juga sudah melakukan kerjasama di sektor budaya, ekonomi, perdagangan sampai ekspor buah - buahan maupun juga industri kerajinan rakyat, kemudian berlanjut kerjasamanya ke sektor pariwisata dan pendidikan.Hubungan ini terus meningkat, bahkan di bidang pariwisata, wisatawan Tiongkok yang berkunjung ke Bali sampai 31 Agustus 2026 itu sudah mencapai 400 ribu lebih orang. Kerjasama terbaru antara Pemerintah Republik Indonesia dengan Tiongkok di Bali ialah adanya kerjasama pembangunan Pengolahan Sampah menjadi Energi Listrik (PSEL), yang telah di groundbreaking pada tanggal 8 Juli 2026 dengan target selesai pada bulan Oktober 2027 atau bisa beroperasi pada bulan November/Desember 2027.PSEL yang dikerjakan oleh Weiming Environment Protection Co., Ltd ini akan mampu mengolah sampah kira - kira mencapai sebanyak 1.500 ton per hari, terutama sampah dari Kota Denpasar dan Kabupaten Badung.Ia berharap kerjasama Bali dan Tiongkok terus meningkat, jika memungkinkan adanya investasi energi bersih, salah satunya Pembangkit Listrik Tenaga Surya (PLTS) yang sedang diproses oleh PT.","Pada Hari Rabu , 30 September 2026 14:29, Tabanan, Tabanan, Bali

RRI.CO.ID, Denpasar- Mewakili Pemerintah Provinsi Bali dan masyarakat Bali, Gubernur Bali, Wayan Koster dihadapan Konsul Jenderal Republik Tiongkok di Denpasar, Mr. Zhang Zhisheng menyampaikan ucapan selamat Hari Ulang Tahun ke-77 Berdirinya Republik Rakyat Tiongkok (1949-2026).“ Semoga Republik Rakyat Tiongkok semakin maju dan hubungan Pemerintah Republik Indonesia dengan Tiongkok, serta Pemerintah Provinsi Bali dengan Tiongkok yang telah baik ini terus ditingkatkan,”ucapnya pada Selasa 29 September 2026.Koster mengucapkan terimakasih kepada Konsul Jenderal Republik Tiongkok di Denpasar, Mr. Zhang Zhisheng atas kerjasama yang baik selama ini dengan harapan kerjasama yang sudah terjalin terus akan meningkat.Dikatakan, hubungan Bali dengan Tiongkok sudah terjalin sejak lama, selain karena historis, Bali dan Tiongkok juga sudah melakukan kerjasama di sektor budaya, ekonomi, perdagangan sampai ekspor buah - buahan maupun juga industri kerajinan rakyat, kemudian berlanjut kerjasamanya ke sektor pariwisata dan pendidikan.Hubungan ini terus meningkat, bahkan di bidang pariwisata, wisatawan Tiongkok yang berkunjung ke Bali sampai 31 Agustus 2026 itu sudah mencapai 400 ribu lebih orang. Kerjasama terbaru antara Pemerintah Republik Indonesia dengan Tiongkok di Bali ialah adanya kerjasama pembangunan Pengolahan Sampah menjadi Energi Listrik (PSEL), yang telah di groundbreaking pada tanggal 8 Juli 2026 dengan target selesai pada bulan Oktober 2027 atau bisa beroperasi pada bulan November/Desember 2027.PSEL yang dikerjakan oleh Weiming Environment Protection Co., Ltd ini akan mampu mengolah sampah kira - kira mencapai sebanyak 1.500 ton per hari, terutama sampah dari Kota Denpasar dan Kabupaten Badung.Ia berharap kerjasama Bali dan Tiongkok terus meningkat, jika memungkinkan adanya investasi energi bersih, salah satunya Pembangkit Listrik Tenaga Surya (PLTS) yang sedang diproses oleh PT. PLN. PLTS di Bali akan dibangun berkapasitas 1.000 sampai 1.500 MWp.“Saya mendengar, China selain memiliki keunggulan teknologi, juga memiliki dana yang cukup, sehingga investasi dari China ke Bali untuk mewujudkan energi bersih sangat kami harapkan guna mendukung Bali Mandiri Energi. Ini kami perlukan agar Bali berkualitas, berdaya saing secara berkelanjutan, dan Bali betul - betul bisa ""survive"" guna terciptanya kesejahteraan dan kebahagiaan masyarakat Bali,”ucap Koster.Konsul Jenderal Republik Tiongkok di Denpasar, Mr. Zhang Zhisheng, dalam sambutannya mengatakan hubungan Tiongkok - Indonesia kini berada pada masa terbaik dalam sejarah. Tiongkok tidak hanya berupaya memajukan dirinya sendiri, melainkan senantiasa memikirkan kepentingan dunia dan nasib kemanusiaan.Sejak memasuki era baru, Presiden Xi Jinping telah mengajukan gagasan besar membangun Komunitas Senasib Sepenanggungan Umat Manusia, serta mengajukan inisiatif pembangunan global, keamanan global, peradaban global, dan inisiatif tata kelola global yang mendorong pembangunan sebagai prioritas, keamanan bersama, saling menghargai peradaban serta mewujudkan sistem dunia yang beragam dan tertib untuk menangani tantangan global.Karena itu, Kedepan, Tiongkok siap bekerja sama dengan Indonesia untuk melaksanakan kesepakatan strategis para pemimpin kedua negara, membangun komunitas senasib sepenanggungan antara Tiongkok - Indonesia, serta memajukan kerja sama berkualitas tinggi di bawah Belt and Road Initiative demi memenuhi cita - cita rakyat kedua negara yaitu kehidupan yang lebih baik, serta secara bersama - sama memajukan perdamaian, kestabilan, kemajuan, dan kemakmuran di tingkat regional dunia.“Kami Konsulat Jenderal Republik Rakyat Tiongkok di Denpasar akan senantiasa menjadi jembatan penghubung, memperdalam dan memperluas kerja sama antarwilayah, serta terus menghadirkan dorongan baru bagi perkembangan hubungan kedua negara,”ucap Koster.Tiongkok dan Indonesia adalah tetangga baik, serta menjadi mitra yang senasib. Dalam setahun terakhir, upaya membangun Komunitas Masa Depan Bersama Tiongkok - Indonesia telah membuahkan hasil, diantaranya seperti :a) Dari segi politik, Pemerintah Tiongkok telah mengundang Presiden Republik Indonesia, Prabowo Subianto untuk menghadiri KTT APEC di Tiongkok pada November tahun ini;b) Diluncurkannya program Kemitraan Tanggap Darurat Berbasis Masyarakat Indonesia, dalam program ini dilakukan oleh Tim Penyelamat Kesejahteraan Masyarakat Shenzhen dengan menyelenggarakan pelatihan layanan publik di berbagai lokasi, seperti di Kota Denpasar dan Buleleng. Pelatihan ini digelar bertujuan untuk meningkatkan kemampuan tanggap darurat serta pengurangan risiko bencana;c) Dari segi ekonomi, Tiongkok tetap menjadi mitra dagang terbesar, dan salah satu sumber investasi asing bagi Indonesia. Khusus untuk Bali, buah salak Bali telah berhasil dikirim ke pasar Tiongkok, dan ekspor produk laut melalui rantai pendingin yang terus berkembang;d) Adanya penerbangan langsung Beijing - Denpasar yang telah kembali beroperasi;e) Provinsi Yunnan, sebagai provinsi sahabat bagi Bali, telah melaksanakan tahap ketiga proyek kerja sama pariwisata pertanian lestari di Kabupaten Tabanan;f) Ada juga PT General Energy Bali (China Huadian Corporation) memegang peran kunci dalam menjamin kestabilan pasokan listrik di Bali. Termasuk proyek Pembangkit Listrik Tenaga Sampah (PSEL) Bali yang didanai oleh Weiming Environment Protection Co., Ltd juga telah mulai dibangun dan diperkirakan selesai dalam satu setengah tahun kedepan. Proyek ini akan menyumbangkan gagasan serta teknologi maju Tiongkok bagi pengelolaan lingkungan hidup di Bali; dang) Pematung Bali telah berpartisipasi dalam Festival Internasional Salju dan Es Harbin selama beberapa tahun berturut-turut, dan musisi Bali telah tampil dengan sukses di Shanghai, Guangzhou, dan kota-kota lainnya.",RRI.co.id,"Dajan Peken, 82114, Tabanan, Tabanan, Bali, Indonesia",-8.536609490935,115.13552944186335,5,"2, 7","kejaksaan, kejatibali, kejaritabanan, tabanan, news"
Hari Bakti Postel Ke81 Perkuat Kolaborasi Komunitas Bali,2026-09-28T06:29:00.000Z,"Kabupaten Tabanan, Bali, Indonesia",Hari Bakti Postel Ke-81 Perkuat Kolaborasi Komunitas Bali - RRI.co.id,"Peringatan Hari Bakti Postel ke-81 di Bali diisi dengan upacara dan kegiatan donor darah.(Foto:Dok)
                                                    
                                                                                            
                                                                                                            
                                
                                RRI.CO.ID, Denpasar - Peringatan Hari Bakti Postel ke-81 di Bali menjadi momentum untuk memperkuat kebersamaan komunitas pos dan telekomunikasi. Rangkaian kegiatan diisi dengan bakti sosial, donor darah, dan upacara peringatan yang melibatkan berbagai unsur terkait.Ketua Panitia Hari Bakti Postel ke-81, I Made Kartha Susila, mengatakan rangkaian kegiatan sebelumnya telah dilaksanakan melalui bakti sosial di dua yayasan.","Bantuan yang diberikan berupa uang dan sembako, sementara kegiatan donor darah pada puncak peringatan diikuti sekitar 70 peserta.“Hari ini kita melaksanakan puncak dari Hari Bakti Postel yang ke-81. Selain upacara, kita juga melaksanakan kegiatan donor darah yang pendaftarnya sudah mencapai 70 orang,” ujar I Made Kartha Susila.Menurutnya, kegiatan tersebut melibatkan komunitas pos dan telekomunikasi serta berbagai unsur penyiaran di wilayah Bali.","Pada Hari Senin , 28 September 2026 06:29, Tabanan, Tabanan, Bali

Peringatan Hari Bakti Postel ke-81 di Bali diisi dengan upacara dan kegiatan donor darah.(Foto:Dok)
                                                    
                                                                                            
                                                                                                            
                                
                                RRI.CO.ID, Denpasar - Peringatan Hari Bakti Postel ke-81 di Bali menjadi momentum untuk memperkuat kebersamaan komunitas pos dan telekomunikasi. Rangkaian kegiatan diisi dengan bakti sosial, donor darah, dan upacara peringatan yang melibatkan berbagai unsur terkait.Ketua Panitia Hari Bakti Postel ke-81, I Made Kartha Susila, mengatakan rangkaian kegiatan sebelumnya telah dilaksanakan melalui bakti sosial di dua yayasan. Bantuan yang diberikan berupa uang dan sembako, sementara kegiatan donor darah pada puncak peringatan diikuti sekitar 70 peserta.“Hari ini kita melaksanakan puncak dari Hari Bakti Postel yang ke-81. Selain upacara, kita juga melaksanakan kegiatan donor darah yang pendaftarnya sudah mencapai 70 orang,” ujar I Made Kartha Susila.Menurutnya, kegiatan tersebut melibatkan komunitas pos dan telekomunikasi serta berbagai unsur penyiaran di wilayah Bali. Dukungan juga datang dari TNI AD yang turut terlibat dalam pelaksanaan upacara peringatan Hari Bakti Postel ke-81.Kepala Balai Monitor Spektrum Frekuensi Radio dan Infrastruktur Digital (Balmon) Kelas I Denpasar, Indra Sofany, mengatakan peringatan Hari Bakti Postel menjadi pengingat sejarah perjuangan dalam merebut kembali jawatan pos, telegram, dan komunikasi pada 1945. Balmon Denpasar juga memiliki peran dalam menjaga penggunaan spektrum frekuensi radio sekaligus mendukung pembangunan infrastruktur digital di Bali.“Balmon Denpasar mempunyai peranan penting dalam kemajuan pembangunan infrastruktur digital, termasuk menjaga spektrum frekuensi radio yang berada di wilayah Bali,” kata Indra Sofany.Indra berharap kondisi Bali tetap aman dan kondusif, termasuk dari gangguan spektrum frekuensi radio. Kolaborasi seluruh komunitas pos dan telekomunikasi diharapkan terus menjaga konektivitas serta mendukung perkembangan ekosistem digital di Bali. 


                                
                                
                                
                                
                                
                                            
                                        
                                                                    

                                


                                
                                                                    
                                    
                                
                                                                                                                                                                                
                            
                            
                                                                        
                                                                
                                    
                                        
                                            Berita
                                        
                                    
                                    Terbaru Lainnya
                                
                                
                            
                            
                                    
                                    
                                        Memuat berita terbaru.....",RRI.co.id,"Dajan Peken, 82114, Tabanan, Tabanan, Bali, Indonesia",-8.536609490935,115.13552944186335,5,"2, 7","kejaksaan, kejatibali, kejaritabanan, tabanan, news"
Perubahan Cuaca Cepat Kesiapsiagaan Perlu Diperkuat,2026-09-26T05:29:00.000Z,"Kabupaten Tabanan, Bali, Indonesia","Perubahan Cuaca Cepat, Kesiapsiagaan Perlu Diperkuat - RRI.co.id","Perubahan Cuaca Cepat, Kesiapsiagaan Perlu Diperkuat. (Foto: RRI/Tri Larasati)
                                                    
                                                                                            
                                                                                                            
                                
                                RRI.CO.ID, Denpasar - Perubahan kondisi cuaca yang berlangsung cepat dan dinamis mendorong masyarakat meningkatkan kesiapsiagaan terhadap berbagai potensi dampak hidrometeorologi.","Pemantauan kondisi cuaca secara berkala dinilai penting untuk mendukung langkah antisipasi, termasuk dalam pengelolaan sumber daya air. Prakirawan BBMKG Wilayah III Denpasar, Agus Mahendra, mengatakan kondisi cuaca di Bali dalam beberapa waktu ke depan berpotensi mengalami penurunan curah hujan, khususnya di wilayah Bali bagian utara dan barat.","Pada Hari Sabtu , 26 September 2026 05:29, Tabanan, Tabanan, Bali

Perubahan Cuaca Cepat, Kesiapsiagaan Perlu Diperkuat. (Foto: RRI/Tri Larasati)
                                                    
                                                                                            
                                                                                                            
                                
                                RRI.CO.ID, Denpasar - Perubahan kondisi cuaca yang berlangsung cepat dan dinamis mendorong masyarakat meningkatkan kesiapsiagaan terhadap berbagai potensi dampak hidrometeorologi. Pemantauan kondisi cuaca secara berkala dinilai penting untuk mendukung langkah antisipasi, termasuk dalam pengelolaan sumber daya air. Prakirawan BBMKG Wilayah III Denpasar, Agus Mahendra, mengatakan kondisi cuaca di Bali dalam beberapa waktu ke depan berpotensi mengalami penurunan curah hujan, khususnya di wilayah Bali bagian utara dan barat. ""Potensi curah hujan berkurang khususnya di wilayah Bali bagian utara dan barat, kami himbau untuk bijak menggunakan air bersih untuk mengantisipasi adanya krisis supply air bersih,"" ujar Agus Mahendra pada Jumat, 25 September 2026.Penurunan curah hujan perlu menjadi perhatian, terutama apabila berlangsung dalam periode tertentu dan berpotensi memengaruhi ketersediaan sumber air. Masyarakat, sektor pertanian, maupun pelaku kegiatan yang memiliki ketergantungan terhadap sumber daya air diharapkan dapat melakukan langkah efisiensi dan menghindari penggunaan air secara berlebihan.""Lakukan update secara berkala untuk segala perubahan cuaca terbaru, di website, maupun kanal informasi resmi BMKG,"" katanya.Dengan kesiapsiagaan yang didukung informasi cuaca yang akurat, masyarakat diharapkan mampu beradaptasi terhadap perubahan kondisi atmosfer sekaligus menjaga keberlanjutan pemanfaatan sumber daya alam, khususnya ketersediaan air bersih. 


                                
                                
                                
                                
                                
                                            
                                        
                                                                    

                                


                                
                                                                    
                                    
                                
                                                                                                                                                                                
                            
                            
                                                                        
                                                                
                                    
                                        
                                            Berita
                                        
                                    
                                    Terbaru Lainnya
                                
                                
                            
                            
                                    
                                    
                                        Memuat berita terbaru.....",RRI.co.id,"Dajan Peken, 82114, Tabanan, Tabanan, Bali, Indonesia",-8.536609490935,115.13552944186335,5,"2, 7","kejaksaan, kejatibali, kejaritabanan, tabanan, news"
Puluhan Peserta Ikuti SKD POLTEKPIN 2026 Kakanwil Kemenkum Bali Tekankan Hal Ini,2026-09-26T14:28:00.000Z,"Kabupaten Tabanan, Bali, Indonesia","Puluhan Peserta Ikuti SKD POLTEKPIN 2026, Kakanwil Kemenkum Bali Tekankan Hal Ini - RRI.co.id","Regional
                                                
                                            
                                                                            
                                    
                                    
                                        
                                            26 Sep 2026 21:28
                                            WIB
                                        
                                        
                                             Denpasar
                                        
                                    
                                    
                                                                                                                                
                                                                                
                                        
                                            
                                                Editor -
                                                Ni Putu Nirawati
                                            
                                        
                                    
                                

                                                                                                                                    

                                

                                                                                                            
                                        
                                                                                    
                                                
                                                    
                                                

                                                                                                    
                                                        Sebanyak 86 peserta dari Provinsi Bali mengikuti Seleksi Kompetensi Dasar (SKD) Seleksi Penerimaan Mahasiswa Sekolah Kedinasan Politeknik Pengayoman Indonesia (POLTEKPIN) Tahun Anggaran 2026 di Kantor Regional X Badan Kepegawaian Negara (BKN) Denpasar, Jumat 25 September 2026. Seluruh peserta tercatat hadir dan mengikuti tahapan seleksi menggunakan metode Computer Assisted Test (CAT) BKN yang berlangsung tertib, transparan, dan objektif.","(Foto : Humas Kanwil Kemenkum Bali)
                                                    
                                                                                            
                                                                                                            
                                
                                RRI.CO.ID, Denpasar — Sebanyak 86 peserta dari Provinsi Bali mengikuti Seleksi Kompetensi Dasar (SKD) Seleksi Penerimaan Mahasiswa Sekolah Kedinasan Politeknik Pengayoman Indonesia (POLTEKPIN) Tahun Anggaran 2026 di Kantor Regional X Badan Kepegawaian Negara (BKN) Denpasar, Jumat 25 September 2026. Seluruh peserta tercatat hadir dan mengikuti tahapan seleksi menggunakan metode Computer Assisted Test (CAT) BKN yang berlangsung tertib, transparan, dan objektif.Pelaksanaan SKD menjadi tahapan penting dalam menjaring calon mahasiswa POLTEKPIN yang memiliki kompetensi dan karakter sesuai dengan kebutuhan pendidikan kedinasan.","Pada Hari Sabtu , 26 September 2026 14:28, Tabanan, Tabanan, Bali

Regional
                                                
                                            
                                                                            
                                    
                                    
                                        
                                            26 Sep 2026 21:28
                                            WIB
                                        
                                        
                                             Denpasar
                                        
                                    
                                    
                                                                                                                                
                                                                                
                                        
                                            
                                                Editor -
                                                Ni Putu Nirawati
                                            
                                        
                                    
                                

                                                                                                                                    

                                

                                                                                                            
                                        
                                                                                    
                                                
                                                    
                                                

                                                                                                    
                                                        Sebanyak 86 peserta dari Provinsi Bali mengikuti Seleksi Kompetensi Dasar (SKD) Seleksi Penerimaan Mahasiswa Sekolah Kedinasan Politeknik Pengayoman Indonesia (POLTEKPIN) Tahun Anggaran 2026 di Kantor Regional X Badan Kepegawaian Negara (BKN) Denpasar, Jumat 25 September 2026. Seluruh peserta tercatat hadir dan mengikuti tahapan seleksi menggunakan metode Computer Assisted Test (CAT) BKN yang berlangsung tertib, transparan, dan objektif. (Foto : Humas Kanwil Kemenkum Bali)
                                                    
                                                                                            
                                                                                                            
                                
                                RRI.CO.ID, Denpasar — Sebanyak 86 peserta dari Provinsi Bali mengikuti Seleksi Kompetensi Dasar (SKD) Seleksi Penerimaan Mahasiswa Sekolah Kedinasan Politeknik Pengayoman Indonesia (POLTEKPIN) Tahun Anggaran 2026 di Kantor Regional X Badan Kepegawaian Negara (BKN) Denpasar, Jumat 25 September 2026. Seluruh peserta tercatat hadir dan mengikuti tahapan seleksi menggunakan metode Computer Assisted Test (CAT) BKN yang berlangsung tertib, transparan, dan objektif.Pelaksanaan SKD menjadi tahapan penting dalam menjaring calon mahasiswa POLTEKPIN yang memiliki kompetensi dan karakter sesuai dengan kebutuhan pendidikan kedinasan. Peserta mengikuti materi Tes Wawasan Kebangsaan (TWK), Tes Inteligensia Umum (TIU), dan Tes Karakteristik Pribadi (TKP). Peserta yang memenuhi nilai ambang batas selanjutnya mengikuti proses pemeringkatan untuk menentukan kandidat yang berhak melanjutkan ke tahapan seleksi berikutnya.Kepala Kantor Wilayah Kementerian Hukum Bali, Eem Nurmanah, menyampaikan bahwa POLTEKPIN Tahun Anggaran 2026 menyediakan 250 formasi mahasiswa pada empat Program Studi Diploma IV, yaitu Perancangan Peraturan Perundang-undangan, Hukum Kekayaan Intelektual, Administrasi Hukum Umum, dan Pembangunan Hukum. “Ikuti seluruh tahapan seleksi dengan jujur, disiplin, dan penuh tanggung jawab. Percayakan hasilnya pada kemampuan diri dan mekanisme seleksi yang telah ditetapkan,” tegas Eem.Eem juga mengingatkan peserta agar tidak mudah percaya terhadap pihak-pihak yang menjanjikan kelulusan dengan imbalan tertentu. Menurutnya, integritas peserta merupakan bagian penting dalam proses pembentukan calon insan Pengayoman. Peserta yang dinyatakan lolos berdasarkan hasil pemeringkatan SKD selanjutnya akan mengikuti tahapan seleksi lanjutan, meliputi Tes Kesehatan, Tes Psikologi/Psikotes, Tes Kesamaptaan, serta Tes Manajerial, Sosial Kultural dan Keterampilan (Mansoskul dan Keterampilan).Pelaksanaan SKD POLTEKPIN di Bali didukung melalui sinergi Kantor Regional X BKN Denpasar, Biro SDM, Inspektorat, Direktorat Jenderal Kekayaan Intelektual, serta Panitia Daerah Kanwil Kementerian Hukum Bali. Sinergi tersebut menjadi wujud komitmen bersama dalam memastikan seluruh proses seleksi berjalan lancar, tertib, transparan, dan akuntabel, sekaligus memberikan ruang yang adil bagi putra-putri terbaik Bali untuk berkompetisi dan melanjutkan pendidikan kedinasan di POLTEKPIN. 


                                
                                
                                
                                
                                
                                            
                                        
                                                                    

                                


                                
                                                                    
                                    
                                
                                                                                                                                                                                
                            
                            
                                                                        
                                                                
                                    
                                        
                                            Berita
                                        
                                    
                                    Terbaru Lainnya
                                
                                
                            
                            
                                    
                                    
                                        Memuat berita terbaru.....",RRI.co.id,"Dajan Peken, 82114, Tabanan, Tabanan, Bali, Indonesia",-8.536609490935,115.13552944186335,5,"2, 7","kejaksaan, kejatibali, kejaritabanan, tabanan, news"
Pendidik Diminta Batasi Ketergantungan Siswa pada AI,2026-09-28T06:28:00.000Z,"Kabupaten Tabanan, Bali, Indonesia",Pendidik Diminta Batasi Ketergantungan Siswa pada AI - RRI.co.id,"Wakil Rektor III ITB Stikom Bali, Yudi Agusta, saat menyampaikan materi dalam International Conference on Leadership in Education (ICLE) 2026 di Badung, Minggu, 27 September 2026. (Foto: dok)
                                                    
                                                                                            
                                                                                                            
                                
                                RRI.CO.ID, Badung — Pendidik perlu membatasi ketergantungan siswa terhadap kecerdasan buatan atau AI dalam proses pembelajaran.","Siswa tidak cukup hanya diajarkan cara menggunakan AI, tetapi perlu memahami dasar teknologi tersebut agar dapat menggunakannya dengan tepat.Wakil Rektor III ITB Stikom Bali, Assoc. Prof.","Pada Hari Senin , 28 September 2026 06:28, Tabanan, Tabanan, Bali

Wakil Rektor III ITB Stikom Bali, Yudi Agusta, saat menyampaikan materi dalam International Conference on Leadership in Education (ICLE) 2026 di Badung, Minggu, 27 September 2026. (Foto: dok)
                                                    
                                                                                            
                                                                                                            
                                
                                RRI.CO.ID, Badung — Pendidik perlu membatasi ketergantungan siswa terhadap kecerdasan buatan atau AI dalam proses pembelajaran. Siswa tidak cukup hanya diajarkan cara menggunakan AI, tetapi perlu memahami dasar teknologi tersebut agar dapat menggunakannya dengan tepat.Wakil Rektor III ITB Stikom Bali, Assoc. Prof. Yudi Agusta, Ph.D., mengatakan mempersiapkan siswa menghadapi AI membutuhkan pemahaman yang lebih mendalam, bukan sekadar mengajarkan cara menggunakan teknologi tersebut. Siswa perlu memahami pengertian AI dan dasar pembentukannya agar dapat menggunakan teknologi tersebut dengan baik.“Kalau kita ingin mempersiapkan siswa, itu agak lebih dalam. Pengertian tentang AI harus dipahami, dasarnya dari mana. Karena AI itu kan dibuat, bukan sesuatu yang langsung jadi,” ujar Yudi saat diwawancarai usai menjadi pembicara dalam International Conference on Leadership in Education (ICLE) 2026 di HARRIS Hotel & Residences Sunset Road, Badung, Minggu, 27 September 2026.Dalam pemaparannya, Yudi mengatakan AI kini banyak digunakan untuk mencari informasi dan membantu menyiapkan materi presentasi. Menurutnya, penggunaan AI dalam pendidikan perlu diarahkan agar siswa tidak bergantung pada hasil yang diberikan teknologi tersebut.Yudi meminta siswa tidak langsung menggunakan jawaban dari AI untuk mengerjakan tugas. Jawaban tersebut perlu diperiksa dan dikembangkan kembali agar siswa tetap menggunakan pemahamannya sendiri.“Kalau dapat jawaban jangan langsung pakai. Harus melakukan sesuatu, minimal tanya balik lima kali. Supaya dapat jawaban yang berbeda dan kemudian nulisnya dengan cara yang berbeda,” katanya.Yudi mengatakan regulasi AI di lingkungan pendidikan sangat diperlukan. Ia menyebut kerangka yang telah disusun UNESCO dapat dipelajari untuk melihat kebutuhan penerapan AI, terutama jika regulasi di Indonesia belum tersedia.“Sangat perlu. Tapi di UNESCO kan sudah ada framework juga. Itu bisa dipelajari dari sana juga. Apa saja yang dibutuhkan untuk bisa menerapkan AI di lingkungan apapun,” ujarnya.Yudi mengatakan pedoman tersebut penting untuk mencegah penggunaan AI yang tidak tepat di lingkungan pendidikan. Jika regulasi belum tersedia, kerangka yang sudah ada dapat dijadikan dasar penerapan AI.“Kalau itu tidak disiapkan otomatis ya tadi bahaya. Penggunaan AI kan berbahaya. Jadi perlu untuk mengikuti kalau memang belum ada regulasi di sini, ada framework di mana-mana. Itu bisa untuk dijadikan dasarnya,” katanya. 


                                
                                
                                
                                
                                
                                            
                                        
                                                                    

                                


                                
                                                                    
                                    
                                
                                                                                                                                                                                
                            
                            
                                                                        
                                                                
                                    
                                        
                                            Berita
                                        
                                    
                                    Terbaru Lainnya
                                
                                
                            
                            
                                    
                                    
                                        Memuat berita terbaru.....",RRI.co.id,"Dajan Peken, 82114, Tabanan, Tabanan, Bali, Indonesia",-8.536609490935,115.13552944186335,5,"2, 7","kejaksaan, kejatibali, kejaritabanan, tabanan, news"
Orientasi Pencegahan Jadi Prioritas Layanan Kesehatan Pemkab Muba,2026-10-02T06:40:00.000Z,"Kabupaten Tabanan, Bali, Indonesia",Orientasi Pencegahan Jadi Prioritas Layanan Kesehatan Pemkab Muba - RRI.co.id,"Kesehatan
                                                
                                            
                                                                            
                                    
                                    
                                        
                                            02 Okt 2026 13:40
                                            WIB
                                        
                                        
                                             Palembang
                                        
                                    
                                    
                                                                                                                                
                                                                                
                                        
                                            
                                                Editor -
                                                Aditya Abrianto
                                            
                                        
                                    
                                

                                                                                                            
                                                
                                                                                                            Poin Utama
                                                                                                    
                                                
                                                                                                            
                                                            Pemerintah Kabupaten Musi Banyuasin meluncurkan Sigapke Muba sebagai sistem integrasi gerakan dan aplikasi pelaporan kesehatan untuk memperkuat pelayanan kesehatan yang berorientasi pada pencegahan penyakit.
                                                        
                                                                                                            
                                                            Bupati Toha Tohet menekankan bahwa inovasi ini harus menjadi penyemangat bagi semua pihak untuk terus meningkatkan kualitas dan jangkauan pelayanan kesehatan di daerah.
                                                        
                                                                                                            
                                                            Peluncuran Sigapke Muba mencerminkan komitmen pemerintah daerah untuk memberikan pelayanan kesehatan yang adil, tidak membeda-bedakan masyarakat berdasarkan asal-usul atau kondisi ekonomi.
                                                        
                                                                                                    
                                            
                                                                                                    

                                

                                                                                                            
                                        
                                                                                    
                                                
                                                    
                                                

                                                                                                    
                                                        Kegiatan Rapat Koordinasi Dinkes Muba.
(Foto: Dinkominfo Muba)
                                                    
                                                                                            
                                                                                                            
                                
                                RRI.CO.ID, Musi Banyuasin- Pemerintah Kabupaten Musi Banyuasin (Muba) terus mendorong penguatan pelayanan kesehatan yang tidak hanya berorientasi pada pengobatan, tetapi juga pencegahan. Hal itu ditandai dengan peluncuran Sistem Integrasi Gerakan dan Aplikasi Pelaporan Kesehatan Muba (Sigapke Muba) yang diinisiasi Dinas Kesehatan Muba, Kamis 1 Oktober 2026.Bupati Muba Toha Tohet mengtakan inovasi tersebut harus menjadi penyemangat untuk terus meningkatkan pelayanan.",Ia berpesan agar seluruh tenaga kesehatan memberikan pelayanan secara adil dan tidak membeda-bedakan masyarakat berdasarkan asal-usul maupun kondisi ekonomi.“Dalam memberikan pelayanan jangan pilih-pilih. Semua masyarakat mempunyai hak yang sama untuk mendapatkan pelayanan kesehatan.,"Pada Hari Jumat , 2 Oktober 2026 06:40, Tabanan, Tabanan, Bali

Kesehatan
                                                
                                            
                                                                            
                                    
                                    
                                        
                                            02 Okt 2026 13:40
                                            WIB
                                        
                                        
                                             Palembang
                                        
                                    
                                    
                                                                                                                                
                                                                                
                                        
                                            
                                                Editor -
                                                Aditya Abrianto
                                            
                                        
                                    
                                

                                                                                                            
                                                
                                                                                                            Poin Utama
                                                                                                    
                                                
                                                                                                            
                                                            Pemerintah Kabupaten Musi Banyuasin meluncurkan Sigapke Muba sebagai sistem integrasi gerakan dan aplikasi pelaporan kesehatan untuk memperkuat pelayanan kesehatan yang berorientasi pada pencegahan penyakit.
                                                        
                                                                                                            
                                                            Bupati Toha Tohet menekankan bahwa inovasi ini harus menjadi penyemangat bagi semua pihak untuk terus meningkatkan kualitas dan jangkauan pelayanan kesehatan di daerah.
                                                        
                                                                                                            
                                                            Peluncuran Sigapke Muba mencerminkan komitmen pemerintah daerah untuk memberikan pelayanan kesehatan yang adil, tidak membeda-bedakan masyarakat berdasarkan asal-usul atau kondisi ekonomi.
                                                        
                                                                                                    
                                            
                                                                                                    

                                

                                                                                                            
                                        
                                                                                    
                                                
                                                    
                                                

                                                                                                    
                                                        Kegiatan Rapat Koordinasi Dinkes Muba.
(Foto: Dinkominfo Muba)
                                                    
                                                                                            
                                                                                                            
                                
                                RRI.CO.ID, Musi Banyuasin- Pemerintah Kabupaten Musi Banyuasin (Muba) terus mendorong penguatan pelayanan kesehatan yang tidak hanya berorientasi pada pengobatan, tetapi juga pencegahan. Hal itu ditandai dengan peluncuran Sistem Integrasi Gerakan dan Aplikasi Pelaporan Kesehatan Muba (Sigapke Muba) yang diinisiasi Dinas Kesehatan Muba, Kamis 1 Oktober 2026.Bupati Muba Toha Tohet mengtakan inovasi tersebut harus menjadi penyemangat untuk terus meningkatkan pelayanan. Ia berpesan agar seluruh tenaga kesehatan memberikan pelayanan secara adil dan tidak membeda-bedakan masyarakat berdasarkan asal-usul maupun kondisi ekonomi.“Dalam memberikan pelayanan jangan pilih-pilih. Semua masyarakat mempunyai hak yang sama untuk mendapatkan pelayanan kesehatan. Jangan memandang asal-usul maupun sisi ekonomi masyarakat,” tegasnya dalam peluncuran inovasi itu bersama Wakil Bupati Muba Abdur Rohman Husen.Selain peluncuruan inovasi, juga digelar dalam Rapat Koordinasi Bidang Kesehatan Kabupaten Musi Banyuasin Tahun 2026. Rakor mengusung tema “Penguatan Koordinasi Lintas Program dan Lintas Sektor dalam Meningkatkan Kualitas Pelayanan dan Derajat Kesehatan Masyarakat Kabupaten Musi Banyuasin” dan diikuti jajaran Dinas Kesehatan, Direktur tiga RSUD, dokter, perawat, tenaga kesehatan, TP PKK serta DWP Muba.Bupati menyampaikan apresiasi atas kinerja Dinas Kesehatan Muba yang terus menghadirkan inovasi dan meningkatkan kualitas pelayanan kepada masyarakat. Apresiasi juga disampaikan kepada seluruh tenaga kesehatan yang selama ini menjadi garda terdepan dalam memberikan pelayanan kesehatan hingga ke tengah masyarakat.“Terima kasih kepada seluruh tenaga kesehatan di lingkungan Pemerintah Kabupaten Musi Banyuasin. Saya mengapresiasi apa yang sudah dilakukan dan berbagai capaian yang telah diraih Dinas Kesehatan,” katanya.Sementara itu, Asisten Bidang Pemerintahan dan Kesra Setda Muba Ardiansyah yang juga Plt Kepala Dinas Kesehatan Muba mengatakan Sigape Muba melengkapi sejumlah inovasi pelayanan kesehatan yang telah dikembangkan Dinkes Muba.Di antaranya Program Banak Mude (Bayi Aman, Mama UHC Pulang Dapat Akte), BASANAK (Bantuan Sayang Anak), ePus PADEK, eDinkes, GASKEN (Gerakan ASN Sehat melalui Pemeriksaan Kesehatan Gratis), serta pelayanan kesehatan yang turun langsung ke masyarakat.“Melalui rakor ini kami ingin memetakan persoalan yang dihadapi di lapangan. Sehingga koordinasi dari tingkat kabupaten hingga desa dapat semakin baik dan pelayanan kepada masyarakat terus meningkat,” kata Ardiansyah.Ardiansyah menyebutkan, pelayanan kesehatan Muba didukung tiga RSUD, 30 puskesmas, satu Labkesmas, 131 Pustu, 306 Poskesdes, empat Poskeskel dan 514 Posyandu dengan total 4.312 pegawai atau tenaga kesehatan. Pada periode Juni 2025-Juli 2026, Dinkes Muba juga menerima sembilan penghargaan tingkat Provinsi Sumatera Selatan.Dalam kegiatan tersebut, Bupati menyerahkan secara simbolis bantuan Program Basanak berupa susu bagi ibu hamil dan balita, hadiah doorprize bagi tenaga kesehatan, serta dilaksanakan juga penyerahan penghargaan dari Kepala BPJS Kesehatan Cabang Sekayu Susiana kepada Plt Kepala Dinas Kesehatan Muba. Kegiatan turut dihadiri Kasat Binmas Polres Muba AKP Ade Nurdin, Jaksa Kejari Muba Ary Anugerah Permana, para kepala perangkat daerah serta tenaga kesehatan di lingkungan Pemkab Muba. 


                                
                                
                                
                                
                                
                                            
                                        
                                                                    

                                


                                
                                                                    
                                    
                                
                                                                                                                                                                                
                            
                            
                                                                        
                                                                
                                    
                                        
                                            Berita
                                        
                                    
                                    Terbaru Lainnya
                                
                                
                            
                            
                                    
                                    
                                        Memuat berita terbaru.....",RRI.co.id,"Dajan Peken, 82114, Tabanan, Tabanan, Bali, Indonesia",-8.536609490935,115.13552944186335,5,"2, 7","kejaksaan, kejatibali, kejaritabanan, tabanan, news"
Gempa M38 Guncang Kuta Selatan Getaran Terasa hingga Denpasar,2026-10-02T03:06:00.000Z,"Kabupaten Tabanan, Bali, Indonesia","Gempa M3,8 Guncang Kuta Selatan, Getaran Terasa hingga Denpasar - RRI.co.id","Regional
                                                
                                            
                                                                            
                                    
                                    
                                        
                                            02 Okt 2026 10:06
                                            WIB
                                        
                                        
                                             Singaraja
                                        
                                    
                                    
                                                                                                                                
                                                                                
                                        
                                            
                                                Editor -
                                                Santi Mulyawati
                                            
                                        
                                    
                                

                                                                                                                                    

                                

                                                                                                            
                                        
                                                                                    
                                                
                                                    
                                                

                                                                                                    
                                                        Infografis Balai Besar Meteorologi, Klimatologi, dan Geofisika (BBMKG) Wilayah III Badung. (Foto: Dok.","BBMKG Wilayah III Badung.
                                                    
                                                                                            
                                                                                                            
                                
                                RRI.CO.ID, Singaraja - Gempa bumi tektonik berkekuatan Magnitudo 3,8 mengguncang wilayah Kuta Selatan, Bali, Jumat, 2 Oktober 2026 pukul 08.46.54 WITA. Gempa tersebut berpusat di laut pada jarak sekitar 29 kilometer barat daya Tabanan, dengan kedalaman 86 kilometer.","Pada Hari Jumat , 2 Oktober 2026 03:06, Tabanan, Tabanan, Bali

Regional
                                                
                                            
                                                                            
                                    
                                    
                                        
                                            02 Okt 2026 10:06
                                            WIB
                                        
                                        
                                             Singaraja
                                        
                                    
                                    
                                                                                                                                
                                                                                
                                        
                                            
                                                Editor -
                                                Santi Mulyawati
                                            
                                        
                                    
                                

                                                                                                                                    

                                

                                                                                                            
                                        
                                                                                    
                                                
                                                    
                                                

                                                                                                    
                                                        Infografis Balai Besar Meteorologi, Klimatologi, dan Geofisika (BBMKG) Wilayah III Badung. (Foto: Dok. BBMKG Wilayah III Badung.
                                                    
                                                                                            
                                                                                                            
                                
                                RRI.CO.ID, Singaraja - Gempa bumi tektonik berkekuatan Magnitudo 3,8 mengguncang wilayah Kuta Selatan, Bali, Jumat, 2 Oktober 2026 pukul 08.46.54 WITA. Gempa tersebut berpusat di laut pada jarak sekitar 29 kilometer barat daya Tabanan, dengan kedalaman 86 kilometer. Getaran gempa dirasakan masyarakat di sejumlah wilayah, termasuk Kuta Selatan, Kuta, dan Denpasar.Berdasarkan analisis Badan Meteorologi, Klimatologi, dan Geofisika (BMKG), episenter gempa berada pada koordinat 8,67 derajat Lintang Selatan dan 114,89 derajat Bujur Timur. Dengan memperhatikan lokasi episenter dan kedalaman hiposenternya, gempa tersebut dikategorikan sebagai gempa bumi menengah. Gempa dipicu aktivitas sesar aktif di dasar laut.Hasil analisis mekanisme sumber menunjukkan gempa memiliki pergerakan turun dengan kombinasi mendatar. Mekanisme tersebut dikenal sebagai Normal Right-Lateral Oblique, yang menggambarkan karakter pergerakan sumber gempa. Kedalaman 86 kilometer membuat gempa ini termasuk dalam kategori gempa menengah.Berdasarkan laporan masyarakat dan estimasi peta guncangan atau shakemap BMKG, getaran paling terasa di wilayah Kuta Selatan dan Kuta. Intensitas gempa di kedua wilayah tersebut berada pada skala II-III Modified Mercalli Intensity (MMI). Pada skala tersebut, getaran dapat dirasakan beberapa orang hingga terasa nyata di dalam rumah, termasuk benda-benda ringan yang digantung bergoyang.Sementara itu, wilayah Denpasar merasakan gempa dengan intensitas II MMI. Getaran pada skala tersebut dapat dirasakan nyata di dalam rumah dan sensasinya seperti truk yang sedang melintas. Meski dirasakan di beberapa wilayah, BMKG belum melaporkan adanya dampak kerusakan akibat gempa tersebut.Hingga pukul 09.15 WITA, BMKG menyatakan hasil monitoring belum menunjukkan adanya aktivitas gempa bumi susulan atau aftershock. Pemantauan terhadap aktivitas kegempaan tetap dilakukan untuk mengetahui perkembangan kondisi setelah gempa utama. Informasi terbaru akan disampaikan kepada pemangku kepentingan dan masyarakat apabila terdapat perkembangan.Kepala Balai Besar Meteorologi, Klimatologi, dan Geofisika (BBMKG) Wilayah III Badung, Cahyo Nugroho, mengimbau masyarakat tetap tenang dan tidak mudah terpengaruh informasi yang belum dapat dipertanggungjawabkan. Masyarakat juga diminta menghindari bangunan yang mengalami keretakan atau kerusakan akibat gempa. Langkah tersebut penting untuk mencegah risiko apabila terjadi gempa susulan atau kondisi bangunan tidak stabil.""BMKG akan terus memonitor aktivitas gempabumi susulan serta menyampaikan pemutakhiran informasi kepada stakeholder dan masyarakat,"" ujar Cahyo.BMKG juga mengingatkan masyarakat agar memperoleh informasi kebencanaan melalui kanal resmi dan terverifikasi. Informasi resmi dapat diakses melalui kanal komunikasi BMKG serta situs dan aplikasi resmi yang disediakan untuk masyarakat. Dengan mengandalkan sumber informasi resmi, masyarakat diharapkan tidak ikut menyebarkan kabar yang tidak dapat dipastikan kebenarannya. 


                                
                                
                                
                                
                                
                                            
                                        
                                                                    

                                


                                
                                                                    
                                    
                                
                                                                                                                                                                                
                            
                            
                                                                        
                                                                
                                    
                                        
                                            Berita
                                        
                                    
                                    Terbaru Lainnya
                                
                                
                            
                            
                                    
                                    
                                        Memuat berita terbaru.....",RRI.co.id,"Dajan Peken, 82114, Tabanan, Tabanan, Bali, Indonesia",-8.536609490935,115.13552944186335,5,"2, 7","kejaksaan, kejatibali, kejaritabanan, tabanan, news"
Buktikan Diri Kompeten Pelatih Perbakin di Bali Ikuti Sertifikasi Kompetensi,2026-09-27T09:01:00.000Z,"Kabupaten Tabanan, Bali, Indonesia","Buktikan Diri Kompeten, Pelatih Perbakin di Bali Ikuti Sertifikasi Kompetensi - RRI.co.id","Olimpik
                                                
                                            
                                                                            
                                    
                                    
                                        
                                            27 Sep 2026 16:01
                                            WIB
                                        
                                        
                                             Denpasar
                                        
                                    
                                    
                                                                                                                                
                                                                                
                                        
                                            
                                                Editor -
                                                Ni Nyoman Kasih
                                            
                                        
                                    
                                

                                                                                                                                    

                                

                                                                                                            
                                        
                                                                                    
                                                
                                                    
                                                

                                                                                                    
                                                        Buktikan Diri Kompeten, Pelatih Perbakin di Bali Ikuti Sertifikasi Kompetensi (Foto: Nira/RRI)
                                                    
                                                                                            
                                                                                                            
                                
                                RRI.CO.ID, Denpasar- Tercatat 16 Pelatih Menembak di Bali mengikuti Sertifikasi Kompetensi Pelatih Olahraga di Lapangan Tembak Perbakin Tohpati Denpasar 26-27 September 2026. Sertifikasi Kompetensi ini merupakan amanat Undang-undang Nomor 11 Tahun 2022 tentang Keolahragaan, dan Permenpora Nomor 8 Tahun 2026.Direktur Lembaga Sertifikasi Profesi Pelatih Olahraga (LSP-POR) Moch.","Yudianto Arifandi Minggu, 27 September 2026 mengatakan Sertifikasi Kompetensi ini menjadi keharusan bagi seorang pelatih olahraga. Sertifikasi ini sekaligus menjadi bukti bahwa pelatih olahraga benar-benar kompeten untuk melahirkan atlet-atlet berprestasi di era ekosistem olahraga modern.“Dengan adanya era globalisasi, dan menyambut Indonesia Emas 2025 dan masuk ke era ekosistem olahraga modern maka Permenpora memaksakan para Pelatih Olahraga sebagai garda terdepan untuk membina atletnya sesuai standarisasi yang telah dibuat,” ungkapnya.Yudianto Arifandi secara khusus mengapresiasi langkah cepat Perbakin Bali untuk mengikutsertakan para pelatihnya dalam Sertifikasi Kompetensi, dan menjadi contoh bagi Perbakin di Indonesia.“PB Perbakin seharusnya melihat langkah cepat Perbakin Bali ini dan menjadikannya sebagai contoh, karena profesi sebagai pelatih olahraga untuk sekarang ini sudah harus semakin dihargai,” tegasnya.Pada kesempatan sama Pelatih dan Pengurus Senior Persatuan Menembak Indonesia (Perbakin) Bali Made Sugiantara yang akrab disapa Pak Rino mengatakan Sertifikasi Kompetensi sangat penting untuk membangun kepercayaan diri pelatih, terutama saat mengawal atlet menuju event dengan level yang lebih tinggi.“Dengan posisi sekarang ini Bali akan bisa lebih diperkuat dengan rasa percaya diri pelatih itu penting.","Pada Hari Minggu , 27 September 2026 09:01, Tabanan, Tabanan, Bali

Olimpik
                                                
                                            
                                                                            
                                    
                                    
                                        
                                            27 Sep 2026 16:01
                                            WIB
                                        
                                        
                                             Denpasar
                                        
                                    
                                    
                                                                                                                                
                                                                                
                                        
                                            
                                                Editor -
                                                Ni Nyoman Kasih
                                            
                                        
                                    
                                

                                                                                                                                    

                                

                                                                                                            
                                        
                                                                                    
                                                
                                                    
                                                

                                                                                                    
                                                        Buktikan Diri Kompeten, Pelatih Perbakin di Bali Ikuti Sertifikasi Kompetensi (Foto: Nira/RRI)
                                                    
                                                                                            
                                                                                                            
                                
                                RRI.CO.ID, Denpasar- Tercatat 16 Pelatih Menembak di Bali mengikuti Sertifikasi Kompetensi Pelatih Olahraga di Lapangan Tembak Perbakin Tohpati Denpasar 26-27 September 2026. Sertifikasi Kompetensi ini merupakan amanat Undang-undang Nomor 11 Tahun 2022 tentang Keolahragaan, dan Permenpora Nomor 8 Tahun 2026.Direktur Lembaga Sertifikasi Profesi Pelatih Olahraga (LSP-POR) Moch. Yudianto Arifandi Minggu, 27 September 2026 mengatakan Sertifikasi Kompetensi ini menjadi keharusan bagi seorang pelatih olahraga. Sertifikasi ini sekaligus menjadi bukti bahwa pelatih olahraga benar-benar kompeten untuk melahirkan atlet-atlet berprestasi di era ekosistem olahraga modern.“Dengan adanya era globalisasi, dan menyambut Indonesia Emas 2025 dan masuk ke era ekosistem olahraga modern maka Permenpora memaksakan para Pelatih Olahraga sebagai garda terdepan untuk membina atletnya sesuai standarisasi yang telah dibuat,” ungkapnya.Yudianto Arifandi secara khusus mengapresiasi langkah cepat Perbakin Bali untuk mengikutsertakan para pelatihnya dalam Sertifikasi Kompetensi, dan menjadi contoh bagi Perbakin di Indonesia.“PB Perbakin seharusnya melihat langkah cepat Perbakin Bali ini dan menjadikannya sebagai contoh, karena profesi sebagai pelatih olahraga untuk sekarang ini sudah harus semakin dihargai,” tegasnya.Pada kesempatan sama Pelatih dan Pengurus Senior Persatuan Menembak Indonesia (Perbakin) Bali Made Sugiantara yang akrab disapa Pak Rino mengatakan Sertifikasi Kompetensi sangat penting untuk membangun kepercayaan diri pelatih, terutama saat mengawal atlet menuju event dengan level yang lebih tinggi.“Dengan posisi sekarang ini Bali akan bisa lebih diperkuat dengan rasa percaya diri pelatih itu penting. Saya lama di Pelatnas, saya harus punya percaya diri untuk bisa bangkit. Kalau kita dalam medan perang yang begitu masih merasa tidak percaya apalagi dengan Undang-undang dan peraturan ini itu, jadi kalau kita sudah punya sertifikasi maka kita sudah yakin, dan bisa mencetak atlet yang berprestasi. Ini juga pertanggungjawaban pelatih di daerah yang menerima dana hibah dari pemerintah, sehingga harus punya sertifikasi kompetensi agar tidak menjadi temuan nantinya,” ucapnya.Adapun 16 pelatih menembak yang mengikuti Sertifikasi Kompetensi ini masing-masing berasal dari Denpasar 9 orang, Badung 2 orang, Buleleng 2 orang, Klungkung, Gianyar dan Jembrana masing-masing 1 orang. Sementara 3 kabupaten yakni Tabanan, Karangasem dan Bangli belum mengirimkan pelatihnya. Sertifikasi Kompetensi Pelatih Olahraga berlaku selama 3 tahun, dan wajib di terus diupdate. 


                                
                                
                                
                                
                                
                                            
                                        
                                                                    

                                


                                
                                                                    
                                    
                                
                                                                                                                                                                                
                            
                            
                                                                        
                                                                
                                    
                                        
                                            Berita
                                        
                                    
                                    Terbaru Lainnya
                                
                                
                            
                            
                                    
                                    
                                        Memuat berita terbaru.....",RRI.co.id,"Dajan Peken, 82114, Tabanan, Tabanan, Bali, Indonesia",-8.536609490935,115.13552944186335,5,"2, 7","kejaksaan, kejatibali, kejaritabanan, tabanan, news"
Pemerintah Dorong Akselerasi Ekonomi Keuangan Digital untuk Ekonomi Nasional,2026-09-26T06:04:00.000Z,"Kabupaten Tabanan, Bali, Indonesia",Pemerintah Dorong Akselerasi Ekonomi Keuangan Digital untuk Ekonomi Nasional - RRI.co.id,"RRI.CO.ID, Jakarta - Pemerintah memperkuat sinergi lintas Kementerian/Lembaga (K/L), otoritas, Pemerintah Daerah (Pemda) dan pelaku industri dalam mendorong percepatan transformasi ekonomi dan keuangan digital (EKD) nasional, serta untuk memperkuat ekosistem EKD nasional. Komitmen tersebut diwujudkan melalui penyelenggaraan Festival Ekonomi Keuangan Digital Indonesia (FEKDI) dan Indonesia Fintech Summit and Expo (IFSE) 2026 yang diselenggarakan di Jakarta International Convention Center (JICC), Jakarta, pada 24-26 September 2026 dikutip dari ekon.go.id.Gelaran FEKDI x IFSE 2026 yang mengusung tema “Mempererat Sinergi, Memacu Inovasi, Mencetak Talenta Unggul Berdaya Saing Global untuk Kemajuan Ekonomi Keuangan Digital Nasional” menekankan tiga pilar utama, yaitu penguatan sinergi lintas otoritas dan industri, akselerasi inovasi teknologi keuangan, serta pengembangan talenta digital nasional yang unggul dan mampu bersaing di tingkat global.","Menteri Koordinator Bidang Perekonomian Airlangga Hartarto pada Opening Ceremony FEKDI x IFSE 2026, menyampaikan perkembangan ekonomi digital perlu didukung oleh kondisi perekonomian nasional yang tetap resilien dan kebijakan yang terkoordinasi. Pada semester I-2026, perekonomian nasional tumbuh sebesar 5,45%, sedangkan inflasi pada Agustus 2026 terkendali sebesar 3,19% secara tahunan (yoy).","Pada Hari Sabtu , 26 September 2026 06:04, Tabanan, Tabanan, Bali

RRI.CO.ID, Jakarta - Pemerintah memperkuat sinergi lintas Kementerian/Lembaga (K/L), otoritas, Pemerintah Daerah (Pemda) dan pelaku industri dalam mendorong percepatan transformasi ekonomi dan keuangan digital (EKD) nasional, serta untuk memperkuat ekosistem EKD nasional. Komitmen tersebut diwujudkan melalui penyelenggaraan Festival Ekonomi Keuangan Digital Indonesia (FEKDI) dan Indonesia Fintech Summit and Expo (IFSE) 2026 yang diselenggarakan di Jakarta International Convention Center (JICC), Jakarta, pada 24-26 September 2026 dikutip dari ekon.go.id.Gelaran FEKDI x IFSE 2026 yang mengusung tema “Mempererat Sinergi, Memacu Inovasi, Mencetak Talenta Unggul Berdaya Saing Global untuk Kemajuan Ekonomi Keuangan Digital Nasional” menekankan tiga pilar utama, yaitu penguatan sinergi lintas otoritas dan industri, akselerasi inovasi teknologi keuangan, serta pengembangan talenta digital nasional yang unggul dan mampu bersaing di tingkat global. Menteri Koordinator Bidang Perekonomian Airlangga Hartarto pada Opening Ceremony FEKDI x IFSE 2026, menyampaikan perkembangan ekonomi digital perlu didukung oleh kondisi perekonomian nasional yang tetap resilien dan kebijakan yang terkoordinasi. Pada semester I-2026, perekonomian nasional tumbuh sebesar 5,45%, sedangkan inflasi pada Agustus 2026 terkendali sebesar 3,19% secara tahunan (yoy). “Ekonomi digital Indonesia pada 2025 diperkirakan mendekati USD100 miliar dan diproyeksikan mencapai USD180-340 miliar pada 2030. Perkembangan digitalisasi keuangan juga tercermin dari pemanfaatan QRIS yang hingga Juni 2026 telah digunakan oleh 65,77 juta pengguna dan 44,86 juta merchant dengan 96,68% merchant merupakan UMKM,” jelas Menko Airlangga.Menko Airlangga mengatakan, ekonomi digital Indonesia merupakan yang terbesar di Asia Tenggara dengan nilai diperkirakan mendekati USD100 miliar pada 2025 dan diproyeksikan mencapai USD180-340 miliar pada 2030. Pemerintah juga terus memperluas digitalisasi keuangan di daerah. Hingga 2026, sebanyak 518 dari 546 Pemerintah Daerah atau 94,9% telah memiliki ekosistem digital, sementara realisasi pajak dan retribusi daerah non-tunai mencapai Rp165 triliun pada semester I-2026 atau meningkat 10,6% secara tahunan.“Sementara, dukungan konektivitas berbasis low earth orbit satellite telah menjangkau 269 Pemda, bersinergi dengan seluruh Kantor Perwakilan Bank Indonesia. Selain itu, pemanfaatan Kartu Kredit Indonesia (KKI) oleh Pemda dan K/L yang sudah bisa dipakai di e-katalog nasional mulai Oktober 2026, juga diperluas kerja sama e-katalog dengan marketplace dan UMKM,” tutur Menko Airlangga.Menko Airlangga menambahkan, pada 2027, digitalisasi daerah perlu diarahkan untuk meningkatkan kualitas layanan publik, memperbaiki iklim investasi daerah, monetisasi pemanfaatan Barang Milik Daerah yang lebih tertib (untuk sewa, dll.), serta membangun infrastruktur digital. Survei OJK 2026 mencatat indeks inklusi keuangan mencapai 93,61% dan literasi keuangan adalah 69,57%, dan ini berada di atas rata-rata inklusi keuangan di Negara OECD yang sebesar 63%. Hal tersebut salah satunya juga didorong oleh pemanfaatan teknologi Artificial Intelligence (AI) di sektor keuangan untuk menciptakan nilai ekonomi baru dan meningkatkan kualitas pengambilan keputusan. Pemanfaatan AI telah berkembang dalam berbagai aktivitas sektor keuangan, antara lain untuk verifikasi Know Your Customer (KYC) secara otomatis dan credit scoring.Menurut Menko Airlangga, penguatan talenta digital terus dilakukan melalui pertukaran talenta teknologi Indonesia-Singapura, piloting gig economy, insentif Super Tax Deduction hingga 200% untuk pelatihan vokasi serta Digital Talent Scholarship. Pada tingkat global, Indonesia juga aktif dalam perundingan ASEAN Digital Economy Framework Agreement (DEFA) dan telah menjadi founding member World AI Cooperation Organization (WAICO) yang juga membuka peluang pelatihan SDM AI di Tiongkok.Gelaran FEKDI x IFSE 2026 turut menghadirkan sejumlah sesi dialog interaktif yang mempertemukan otoritas, Pemerintah, pelaku industri dan pemangku kepentingan ekonomi digital. Rangkaian kegiatan mencakup High Level Talk mengenai sinergi kebijakan untuk mengakselerasi transformasi EKD dan produktivitas ekonomi. Diadakan juga sejumlah Casual Talk yang membahas pengembangan masa depan pasar modal, inovasi digital sebagai penggerak pertumbuhan ekonomi, hingga penerapan praktik terbaik teknologi dan proses bisnis pada ekosistem ekonomi keuangan digital antar negara.",RRI.co.id,"Dajan Peken, 82114, Tabanan, Tabanan, Bali, Indonesia",-8.536609490935,115.13552944186335,5,"2, 7","kejaksaan, kejatibali, kejaritabanan, tabanan, news"
Reforma Agraria Berperan Penting dalam Memperkuat Ketahanan Pangan Bali,2026-09-29T00:36:00.000Z,"Kabupaten Tabanan, Bali, Indonesia",Reforma Agraria Berperan Penting dalam Memperkuat Ketahanan Pangan Bali - RRI.co.id,"Ilustrasi Reforma Agraria Dinilai Berperan Penting dalam Memperkuat Ketahanan Pangan Bali. (Foto: DOK).
                                                    
                                                                                            
                                                                                                            
                                
                                RRI.CO.ID, Denpasar — Reforma agraria dinilai memiliki dampak signifikan terhadap penguatan ketahanan pangan di Bali, terutama karena memberikan kepastian hukum kepada petani atas lahan yang mereka kelola.","Analis Prasarana dan Sarana Pertanian Dinas Pertanian dan Ketahanan Pangan Provinsi Bali, Dice Siska Ndoen, Sst. M.agb, mengatakan kepastian hukum atas kepemilikan atau penguasaan tanah dapat membuka akses petani terhadap permodalan dan memperkuat kelembagaan usaha para petani.“Reforma agraria sangat berdampak kepada ketahanan pangan Bali.","Pada Hari Selasa , 29 September 2026 00:36, Tabanan, Tabanan, Bali

Ilustrasi Reforma Agraria Dinilai Berperan Penting dalam Memperkuat Ketahanan Pangan Bali. (Foto: DOK).
                                                    
                                                                                            
                                                                                                            
                                
                                RRI.CO.ID, Denpasar — Reforma agraria dinilai memiliki dampak signifikan terhadap penguatan ketahanan pangan di Bali, terutama karena memberikan kepastian hukum kepada petani atas lahan yang mereka kelola. Analis Prasarana dan Sarana Pertanian Dinas Pertanian dan Ketahanan Pangan Provinsi Bali, Dice Siska Ndoen, Sst. M.agb, mengatakan kepastian hukum atas kepemilikan atau penguasaan tanah dapat membuka akses petani terhadap permodalan dan memperkuat kelembagaan usaha para petani.“Reforma agraria sangat berdampak kepada ketahanan pangan Bali. Petani yang sudah memiliki kepastian hukum terhadap aset yang dimiliki dan tanah yang didiami bisa berusaha lebih luas lagi,” ujar Dice, Senin 28 September 2026.Menurut dia, kepastian atas aset juga membuat petani memiliki peluang lebih besar untuk mengakses permodalan dan mengembangkan usaha secara lebih luas. Namun, pemanfaatan lahan hasil reforma agraria masih menghadapi sejumlah kendala.Salah satunya adalah belum seluruh petani tergabung dalam kelompok yang memiliki tata kelola dan manajemen yang baik. Ia mengatakan penguatan kelembagaan petani menjadi penting agar lahan reforma agraria dapat dikelola secara produktif dan berkelanjutan.“Pendekatan kami adalah bagaimana mereka bisa melakukan kegiatan secara berkelompok, ada manajemennya, dan kita perlu kembali menata mereka sehingga mereka mau bersatu,” katanya.Ia menyebut pembentukan kelompok petani di kawasan reforma agraria membutuhkan upaya besar, baik dari petani maupun tenaga penyuluh. Selain sektor pertanian, pengembangan kawasan tersebut juga membutuhkan kolaborasi dengan berbagai sektor lain. Ia menambahkan koperasi, sektor perdagangan, perindustrian, serta instansi teknis lainnya perlu terlibat untuk meningkatkan produktivitas sekaligus taraf hidup masyarakat di kawasan reforma agraria. 


                                
                                
                                
                                
                                
                                            
                                        
                                                                    

                                


                                
                                                                    
                                    
                                
                                                                                                                                                                                
                            
                            
                                                                        
                                                                
                                    
                                        
                                            Berita
                                        
                                    
                                    Terbaru Lainnya
                                
                                
                            
                            
                                    
                                    
                                        Memuat berita terbaru.....",RRI.co.id,"Dajan Peken, 82114, Tabanan, Tabanan, Bali, Indonesia",-8.536609490935,115.13552944186335,5,"2, 7","kejaksaan, kejatibali, kejaritabanan, tabanan, news"
Komisi III DPR RI Pantau Penegakan Hukum Polda Bali,2026-09-26T05:27:00.000Z,"Kabupaten Tabanan, Bali, Indonesia",Komisi III DPR RI Pantau Penegakan Hukum Polda Bali - RRI.co.id,"Kapolda Bali bersama rombongan Komisi III DPR RI dalam kunjungan kerja spesifik di Gedung Presisi Polda Bali, Denpasar.(Foto:Humas Polda Bali)
                                                    
                                                                                            
                                                                                                            
                                
                                RRI.CO.ID, Denpasar - Komisi III DPR RI melakukan kunjungan kerja spesifik ke Polda Bali untuk memantau pelaksanaan penegakan hukum di wilayah Bali. Kunjungan Masa Persidangan I Tahun Sidang 2026–2027 tersebut berlangsung di Gedung Presisi Polda Bali, Jumat, 25 September 2026.Rombongan dipimpin Wakil Ketua Komisi III DPR RI Dede Indra Permana Soediro bersama sejumlah anggota Komisi III DPR RI.","Pertemuan turut dihadiri Wakapolda Bali, pejabat utama Polda Bali, Kapolres jajaran, serta unsur Kejaksaan Tinggi Bali dan BNNP Bali.Dalam kesempatan tersebut, Kapolda Bali menyampaikan situasi keamanan dan ketertiban masyarakat di wilayah hukum Polda Bali secara umum aman dan kondusif. Kondisi tersebut salah satunya terlihat dari pengamanan berbagai kegiatan internasional yang berlangsung di Bali.“Polda Bali berkomitmen untuk terus menjaga situasi Kamtibmas agar tetap kondusif sekaligus memberikan pelayanan dan penegakan hukum yang profesional kepada masyarakat.","Pada Hari Sabtu , 26 September 2026 05:27, Tabanan, Tabanan, Bali

Kapolda Bali bersama rombongan Komisi III DPR RI dalam kunjungan kerja spesifik di Gedung Presisi Polda Bali, Denpasar.(Foto:Humas Polda Bali)
                                                    
                                                                                            
                                                                                                            
                                
                                RRI.CO.ID, Denpasar - Komisi III DPR RI melakukan kunjungan kerja spesifik ke Polda Bali untuk memantau pelaksanaan penegakan hukum di wilayah Bali. Kunjungan Masa Persidangan I Tahun Sidang 2026–2027 tersebut berlangsung di Gedung Presisi Polda Bali, Jumat, 25 September 2026.Rombongan dipimpin Wakil Ketua Komisi III DPR RI Dede Indra Permana Soediro bersama sejumlah anggota Komisi III DPR RI. Pertemuan turut dihadiri Wakapolda Bali, pejabat utama Polda Bali, Kapolres jajaran, serta unsur Kejaksaan Tinggi Bali dan BNNP Bali.Dalam kesempatan tersebut, Kapolda Bali menyampaikan situasi keamanan dan ketertiban masyarakat di wilayah hukum Polda Bali secara umum aman dan kondusif. Kondisi tersebut salah satunya terlihat dari pengamanan berbagai kegiatan internasional yang berlangsung di Bali.“Polda Bali berkomitmen untuk terus menjaga situasi Kamtibmas agar tetap kondusif sekaligus memberikan pelayanan dan penegakan hukum yang profesional kepada masyarakat. Berbagai keterbatasan yang ada tidak boleh mengurangi kualitas pelayanan kami,” tegas Kapolda Bali.Kapolda Bali juga memaparkan perkembangan penanganan perkara yang ditangani jajarannya. Pada 2024 tercatat 5.541 kasus, meningkat menjadi 5.758 kasus pada 2025, sementara hingga 2026 terdapat 4.309 perkara masuk dan 2.390 perkara telah diselesaikan atau sekitar 55 persen.Perhatian juga diberikan terhadap kejahatan yang melibatkan warga negara asing serta pemberantasan narkotika. Sepanjang 2026, WNA tercatat terlibat sebagai pelaku dalam 161 kasus, sedangkan tiga barang bukti narkotika terbesar yang diamankan yakni ganja 45,6 kilogram, sabu 28,1 kilogram, dan kokain 7,7 kilogram.Polda Bali juga masih menghadapi keterbatasan jumlah penyidik dan penyidik pembantu. Dari kebutuhan ideal 2.009 personel, saat ini tersedia 1.684 personel sehingga masih terdapat kekurangan 325 personel.“Keterbatasan personel maupun sarana dan prasarana menjadi bagian yang terus kami evaluasi. Polda Bali melakukan pemetaan kebutuhan secara terukur sekaligus meningkatkan kompetensi personel agar pelayanan dan penegakan hukum kepada masyarakat tetap berjalan optimal,” ungkap Kapolda Bali.Kunjungan kemudian dilanjutkan dengan diskusi dan pendalaman terkait perkembangan kriminalitas, penyelesaian perkara, keterlibatan WNA, kesiapan personel, serta dukungan sarana dan prasarana penyidikan. Pertemuan ini menjadi bagian dari monitoring Komisi III DPR RI terhadap ekosistem penegakan hukum yang profesional dan berintegritas di Bali. 


                                
                                
                                
                                
                                
                                            
                                        
                                                                    

                                


                                
                                                                    
                                    
                                
                                                                                                                                                                                
                            
                            
                                                                        
                                                                
                                    
                                        
                                            Berita
                                        
                                    
                                    Terbaru Lainnya
                                
                                
                            
                            
                                    
                                    
                                        Memuat berita terbaru.....",RRI.co.id,"Dajan Peken, 82114, Tabanan, Tabanan, Bali, Indonesia",-8.536609490935,115.13552944186335,5,"2, 7","kejaksaan, kejatibali, kejaritabanan, tabanan, news"
Pemerintah Perkuat Sinergi Jaga Stabilitas Harga dan Daya Beli Masyarakat,2026-09-26T05:58:00.000Z,"Kabupaten Tabanan, Bali, Indonesia",Pemerintah Perkuat Sinergi Jaga Stabilitas Harga dan Daya Beli Masyarakat - RRI.co.id,"RRI.CO.ID, Jakarta - Di tengah ketidakpastian global, perekonomian Indonesia tetap menunjukkan resiliensi. Pada semester I-2026, ekonomi nasional tumbuh sebesar 5,45% (ctc), disertai inflasi yang terkendali.","Pada Agustus 2026, inflasi nasional tercatat sebesar 3,19% (yoy), berada dalam rentang sasaran nasional sebesar 2,5±1%. Capaian tersebut mencerminkan efektivitas sinergi Pemerintah Pusat, Pemerintah Daerah, dan Bank Indonesia dalam menjaga stabilitas harga dan daya beli masyarakat.","Pada Hari Sabtu , 26 September 2026 05:58, Tabanan, Tabanan, Bali

RRI.CO.ID, Jakarta - Di tengah ketidakpastian global, perekonomian Indonesia tetap menunjukkan resiliensi. Pada semester I-2026, ekonomi nasional tumbuh sebesar 5,45% (ctc), disertai inflasi yang terkendali. Pada Agustus 2026, inflasi nasional tercatat sebesar 3,19% (yoy), berada dalam rentang sasaran nasional sebesar 2,5±1%. Capaian tersebut mencerminkan efektivitas sinergi Pemerintah Pusat, Pemerintah Daerah, dan Bank Indonesia dalam menjaga stabilitas harga dan daya beli masyarakat. Sinergi tersebut diperkuat melalui Rapat Koordinasi Nasional (Rakornas) Pengendalian Inflasi serta Percepatan dan Perluasan Digitalisasi Daerah (P2DD) Tahun 2026, yang disinergikan dengan Festival Ekonomi dan Keuangan Digital Indonesia dan Indonesia Fintech Summit and Expo (FEKDI x IFSE) 2026. Hal itu dikatakan Menteri Koordinator Bidang Perekonomian Airlangga Hartarto, di Jakarta, Kamis 24 September 2026 dikutip dari ekon.go.id.“Rakornas Pengendalian Inflasi serta P2DD yang disinergikan dengan FEKDI x IFSE 2026 menjadi momentum untuk memperkuat koordinasi pusat-daerah, menjaga stabilitas harga, dan mempercepat transformasi digital,” ujarnya.Menko Airlangga mengatakan, untuk menjaga capaian tersebut sekaligus menopang pertumbuhan ekonomi, Pemerintah memperkuat sinergi kebijakan fiskal, moneter, dan sektor riil. Kebijakan diarahkan pada stabilisasi nilai tukar, penguatan ketahanan pangan, kelancaran distribusi, serta peningkatan produktivitas melalui dukungan pembiayaan, sarana produksi, modernisasi pertanian, dan pengembangan kawasan pangan terintegrasi.Menurut Menko Airlangga, berbagai kebijakan dan stimulus terus disalurkan untuk menjaga daya beli masyarakat dan stabilitas harga, antara lain Program Keluarga Harapan Tahap III sebesar Rp20,44 triliun bagi 27,13 juta KPM, bantuan beras 10 kg per bulan kepada 33,2 juta penerima pada Oktober-Desember 2026, serta percepatan penyaluran Stabilisasi Pasokan dan Harga Pangan (SPHP) beras medium yang hingga 20 September 2026 telah mencapai 817 ribu ton. Pemerintah juga memberikan insentif transportasi senilai Rp349,4 miliar pada periode libur sekolah dan Hari Besar Keagamaan Nasional (HBKN). Upaya tersebut turut diperkuat melalui hampir 9.000 kegiatan Gerakan Pangan Murah (GPM) hingga September 2026 dan 208 Kerja Sama Antar Daerah (KAD) hingga Juli 2026. Menko Airlangga menambahkan, Pemerintah memberikan fasilitas bea masuk 0% untuk LPG industri dan suku cadang pesawat untuk kebutuhan Maintenance, Repair, and Overhaul (MRO), serta mempercepat penyelesaian regulasi fasilitas bea masuk 0% untuk bahan baku plastik yang belum diproduksi di dalam negeri. Dukungan produksi juga diperkuat melalui penyaluran Kredit Usaha Rakyat (KUR) sebesar Rp234,17 triliun hingga 31 Agustus 2026, serta implementasi Biodiesel B50 dengan pemanfaatan mencapai 11,07 juta kiloliter hingga pertengahan September 2026. Pemerintah terus mengantisipasi berbagai risiko terhadap inflasi, terutama dampak El Nino, cuaca ekstrem, dan bencana alam yang dapat memengaruhi produksi dan distribusi pangan. Langkah mitigasi dilakukan melalui optimalisasi pengelolaan air irigasi, percepatan dan pengaturan pola tanam, pemetaan wilayah rawan, penguatan Early Warning System, serta koordinasi Tim Pengendalian Inflasi Pusat dan Daerah (TPIP dan TPID). “Bapak Presiden ingin menambahkan luasan daripada wilayah untuk pertanian, serta pemanfaatan daripada beberapa lahan yang masih dapat digunakan. Nah, tentu ini bisa kita dorong dengan penguatan koordinasi antara pusat dan daerah. Stabilitas pangan sangat penting untuk mendukung pertumbuhan sektor, termasuk keuangan dan ekonomi digital,” tutur Menko Airlangga.",RRI.co.id,"Dajan Peken, 82114, Tabanan, Tabanan, Bali, Indonesia",-8.536609490935,115.13552944186335,5,"2, 7","kejaksaan, kejatibali, kejaritabanan, tabanan, news"
Gunung Berapi dan Tsunami Jadi Fokus Utama Risiko Bencana di Bandara Ngurah Rai,2026-09-28T06:29:00.000Z,"Kabupaten Tabanan, Bali, Indonesia",Gunung Berapi dan Tsunami Jadi Fokus Utama Risiko Bencana di Bandara Ngurah Rai - RRI.co.id,"RRI.CO.ID, Badung – Bandara Internasional I Gusti Ngurah Rai Bali menetapkan potensi aktivitas gunung berapi dan tsunami sebagai prioritas utama penanganan kondisi darurat. Pemetaan risiko ini dilakukan untuk menjaga kesiapan operasional bandara dalam menghadapi berbagai ancaman bencana alam di wilayah Bali dan sekitarnya.General Manager PT Angkasa Pura Indonesia (InJourney Airports) Kantor Cabang Bandara Internasional I Gusti Ngurah Rai, Nugroho Jati, mengungkapkan bahwa dari tujuh kategori bencana yang telah dipetakan, ancaman dari aktivitas vulkanik serta tsunami membutuhkan perhatian khusus.“Kami menetapkan klasifikasi disaster yang berpotensi terjadi di Bali.","Dari tujuh kategori yang telah kami tetapkan ada prioritas utama, yaitu volcano activity atau gunung berapi, baik di Gunung Agung dan sekitarnya, tsunami, serta debu vulkanik akibat dari lingkungan sekitar Provinsi Bali,” ujar Nugroho Jati.Ia menjelaskan bahwa setiap potensi bencana memerlukan strategi dan keterlibatan pihak yang berbeda. Penanganan bencana alam seperti letusan gunung berapi atau tsunami akan sangat kontras dengan penanganan krisis non-alam seperti pandemi.“Ini berbeda penanganan ketika ada disaster terkait dengan pandemi, yang tidak ada batas waktu kapan selesai dan melibatkan pihak mana saja.","Pada Hari Senin , 28 September 2026 06:29, Tabanan, Tabanan, Bali

RRI.CO.ID, Badung – Bandara Internasional I Gusti Ngurah Rai Bali menetapkan potensi aktivitas gunung berapi dan tsunami sebagai prioritas utama penanganan kondisi darurat. Pemetaan risiko ini dilakukan untuk menjaga kesiapan operasional bandara dalam menghadapi berbagai ancaman bencana alam di wilayah Bali dan sekitarnya.General Manager PT Angkasa Pura Indonesia (InJourney Airports) Kantor Cabang Bandara Internasional I Gusti Ngurah Rai, Nugroho Jati, mengungkapkan bahwa dari tujuh kategori bencana yang telah dipetakan, ancaman dari aktivitas vulkanik serta tsunami membutuhkan perhatian khusus.“Kami menetapkan klasifikasi disaster yang berpotensi terjadi di Bali. Dari tujuh kategori yang telah kami tetapkan ada prioritas utama, yaitu volcano activity atau gunung berapi, baik di Gunung Agung dan sekitarnya, tsunami, serta debu vulkanik akibat dari lingkungan sekitar Provinsi Bali,” ujar Nugroho Jati.Ia menjelaskan bahwa setiap potensi bencana memerlukan strategi dan keterlibatan pihak yang berbeda. Penanganan bencana alam seperti letusan gunung berapi atau tsunami akan sangat kontras dengan penanganan krisis non-alam seperti pandemi.“Ini berbeda penanganan ketika ada disaster terkait dengan pandemi, yang tidak ada batas waktu kapan selesai dan melibatkan pihak mana saja. Jadi semua akan tergantung pada kondisinya,” tambahnya.Guna memastikan kesiapan seluruh jajaran dalam menghadapi skenario terburuk, Bandara Ngurah Rai menggelar latihan Penanganan Keadaan Darurat (PKD) skala penuh (full-scale exercise). Latihan rutin yang diadakan setiap dua tahun sekali ini merupakan yang pertama kalinya digelar kembali pasca-pandemi.Rangkaian simpul latihan mencakup tiga penanganan utama: simulasi kebakaran gedung (building fire), ancaman keamanan bandara (airport security), hingga penanganan kecelakaan pesawat (aircraft accident) di dalam kawasan bandara yang dilaksanakan hingga malam hari untuk menguji kesiapsiagaan operasional 24 jam.Latihan besar ini melibatkan sebanyak 860 personel gabungan lintas instansi yang tergabung dalam komite keamanan dan keadaan darurat bandar udara. Pihak yang terlibat meliputi TNI/Polri, maskapai, ground handling, Imigrasi, Bea Cukai, Karantina, BASARNAS, Petugas Pemadam Kebakaran daerah, rumah sakit rujukan, hingga AirNav Indonesia.Meski melibatkan ratusan personel dan kegiatan latihan berskala besar di area sisi udara (airside), pihak pengelola memastikan operasional penerbangan di Bandara Internasional I Gusti Ngurah Rai tetap berjalan normal tanpa penutupan maupun pengurangan penerbangan.Pengelola bandara juga telah menerbitkan Notice to Airmen (NOTAM) jauh-jauh hari untuk mengantisipasi potensi penyesuaian jadwal atau dampak delay selama latihan berlangsung.“Untuk latihan ini kita tetap menjaga operasional Bandar Udara I Gusti Ngurah Rai tetap berjalan dengan baik, lancar, dan tidak terganggu. Tidak ada penutupan, tidak ada pengurangan, semua tetap berjalan,” tegas Nugroho. 


                                
                                
                                
                                
                                
                                            
                                        
                                                                    

                                


                                
                                                                    
                                    
                                
                                                                                                                                                                                
                            
                            
                                                                        
                                                                
                                    
                                        
                                            Berita
                                        
                                    
                                    Terbaru Lainnya
                                
                                
                            
                            
                                    
                                    
                                        Memuat berita terbaru.....",RRI.co.id,"Dajan Peken, 82114, Tabanan, Tabanan, Bali, Indonesia",-8.536609490935,115.13552944186335,5,"2, 7","kejaksaan, kejatibali, kejaritabanan, tabanan, news"
Tingkatkan Produktivitas Bupati Kembang Dorong Penerapan PMAAS,2026-09-26T05:53:00.000Z,"Kabupaten Tabanan, Bali, Indonesia","Tingkatkan Produktivitas, Bupati Kembang Dorong Penerapan PM-AAS - RRI.co.id","RRI.CO.ID, Jembrana - Pemerintah Kabupaten Jembrana terus mendukung transformasi sektor pertanian menuju sistem modern guna meningkatkan produktivitas serta kesejahteraan petani. Hal tersebut disampaikan oleh Bupati Jembrana, I Made Kembang Hartawan, dalam acara Panen Bersama Padi Penerapan PM-AAS (Pertanian Modern - Advanced Agricultural System) yang berlangsung di Subak Tibu Beleng, Desa Penyaringan, Kecamatan Mendoyo, Kamis 24 September 2026.Sistem Pertanian Modern PM-AAS ini merupakan program strategis Kementerian Pertanian yang telah diterapkan di percontohan lahan seluas 100 hektar di 15 provinsi di Indonesia, mulai dari Sumatra, Kalimantan, Jawa, Bali, hingga Papua, salah satunya di Kabupaten Jembrana.",Rangkaian kegiatan diawali dengan panen padi bersama di lahan percontohan (demplot) dan dilanjutkan dengan sesi tatap muka serta dialog bersama para krama subak yang diikuti oleh Kepala Badan Perakitan dan Modernisasi Pertanian Prof. Dr.,"Pada Hari Sabtu , 26 September 2026 05:53, Tabanan, Tabanan, Bali

RRI.CO.ID, Jembrana - Pemerintah Kabupaten Jembrana terus mendukung transformasi sektor pertanian menuju sistem modern guna meningkatkan produktivitas serta kesejahteraan petani. Hal tersebut disampaikan oleh Bupati Jembrana, I Made Kembang Hartawan, dalam acara Panen Bersama Padi Penerapan PM-AAS (Pertanian Modern - Advanced Agricultural System) yang berlangsung di Subak Tibu Beleng, Desa Penyaringan, Kecamatan Mendoyo, Kamis 24 September 2026.Sistem Pertanian Modern PM-AAS ini merupakan program strategis Kementerian Pertanian yang telah diterapkan di percontohan lahan seluas 100 hektar di 15 provinsi di Indonesia, mulai dari Sumatra, Kalimantan, Jawa, Bali, hingga Papua, salah satunya di Kabupaten Jembrana. Rangkaian kegiatan diawali dengan panen padi bersama di lahan percontohan (demplot) dan dilanjutkan dengan sesi tatap muka serta dialog bersama para krama subak yang diikuti oleh Kepala Badan Perakitan dan Modernisasi Pertanian Prof. Dr. Ir. Fadjry Djufry, Direktur Pembenihan Tanaman Pangan Dr. Ir. Ladiyani Retno Widowati, Dandim 1617/Jembrana, para penyuluh pertanian (PPL) se-Kabupaten Jembrana, para tamu undangan serta Ketua Krama Subak se-Kabupaten Jembrana.Bupati Kembang menyampaikan optimismenya terhadap efisiensi dan efektivitas penerapan teknologi modern PM-AAS. Menurutnya, inovasi ini terbukti memberikan dampak peningkatan hasil panen yang sangat nyata.""Dengan sentuhan teknologi dan perlakuan yang berbeda, hasilnya sangat jauh berbeda. Dari sisi biaya operasional kenaikannya hanya sekitar 15%, namun hasilnya bisa meningkat hingga 50%. Dari yang biasanya 6–7 ton per hektar, kini dapat mencapai 10 hingga 11 ton per hektar,"" ujarnya.Bupati Kembang menegaskan bahwa pemerintah pusat dan daerah telah menyiapkan berbagai fasilitas pendukung, mulai dari alsintan (combine harvester dan traktor), kepastian harga gabah yang menguntungkan, ketersediaan pupuk bersubsidi, pendampingan PPL, hingga dukungan penuh dari TNI dan Polri untuk mengawal ketahanan pangan. Ia juga menekankan pentingnya perubahan mindset dan peningkatan kapasitas sumber daya manusia di kalangan petani, khususnya generasi muda.""Petani sekarang harus keren dan mau meng-upgrade diri. Jika dulu kita mengolah tanah dengan tenggala (bajak tradisional) lalu berganti traktor, kini ada teknologi penanaman yang lebih baru lagi. Jangan ragu untuk mengikutinya,"" tambahnya.Sejumlah kendala yang dialami oleh para petani juga disampaikan langsung oleh Bupati Kembang terutama kesulitan air di musim kemarau saat ini, selain itu alih fungsi lahan juga mendapat perhatian khusus darinya. ""Kerja sama dengan petani juga kami harapkan. Apabila ada yang merubah lahan sawah untuk perumahan, segera tegur, lapor ke desa, lapor ke Polprades, lapor ke camat. Jangan dibiarkan, karena sekarang aturannya ketat. Jadi para petani sudah di-backup oleh juga TNI/Polri. Ini untuk ketahanan pangan kita,"" tegasnya.Dilain sisi, Kepala Badan Perakitan dan Modernisasi Pertanian, Prof. Dr. Ir. Fadjry Djufry, mengapresiasi kebersamaan kelompok tani di Subak Tibu Beleng yang mau menerapkan pola tanam berkelompok dan serentak guna menekan resiko serangan hama. Sebagai bentuk komitmen pemerintah pusat, Prof. Fadjry Djufry menegaskan kesiapan untuk menyalurkan bantuan benih gratis secara berkelanjutan bagi petani di Kabupaten Jembrana.""Petani yang mau menerapkan sistem PM-AAS ini akan dibantu benih gratis sebanyak 70 kg per hektar dari pemerintah. Berapa pun kuota yang diminta Pak Bupati untuk Jembrana, kami siap alokasikan dan berikan semuanya,"" ujar Prof. Fadjry.Melalui panen bersama dan sinergi antara pemerintah pusat, daerah, TNI/Polri, serta krama subak ini, Kabupaten Jembrana optimistis mampu menjadi salah satu lumbung pangan modern yang mandiri dan berkelanjutan di Provinsi Bali.",RRI.co.id,"Dajan Peken, 82114, Tabanan, Tabanan, Bali, Indonesia",-8.536609490935,115.13552944186335,5,"2, 7","kejaksaan, kejatibali, kejaritabanan, tabanan, news"
Bali Dorong World Rabies Day Jadi Momentum Edukasi,2026-09-26T05:23:00.000Z,"Kabupaten Tabanan, Bali, Indonesia",Bali Dorong World Rabies Day Jadi Momentum Edukasi - RRI.co.id,"Ilustrasi Bali Dorong World Rabies Day Jadi Momentum Edukasi. (Foto:DOK).
                                                    
                                                                                            
                                                                                                            
                                
                                RRI.CO.ID, Denpasar – Gubernur Bali Wyan Koster mendukung pelaksanaan World Rabies Day (WRD) 2026 sebagai momentum untuk meningkatkan kesadaran masyarakat mengenai bahaya rabies.","Tidak hanya itu, momen tersebut sekaligus mendorong kepedulian terhadap kesehatan dan kesejahteraan hewan.Peringatan World Rabies Day 2026 dijadwalkan berlangsung pada 27 September 2026 di Lapangan Bajra Sandhi, Renon, Denpasar. Sejumlah kegiatan disiapkan, antara lain sterilisasi gratis anjing liar, vaksinasi rabies gratis, Pet Fun Walk, Lomba Anjing Sehat, Lomba Makan untuk Anjing, serta berbagai kegiatan edukasi.Koster mengajak masyarakat memanfaatkan kegiatan tersebut sekaligus mengambil bagian dalam upaya bersama memutus mata rantai penyebaran rabies.","Pada Hari Sabtu , 26 September 2026 05:23, Tabanan, Tabanan, Bali

Ilustrasi Bali Dorong World Rabies Day Jadi Momentum Edukasi. (Foto:DOK).
                                                    
                                                                                            
                                                                                                            
                                
                                RRI.CO.ID, Denpasar – Gubernur Bali Wyan Koster mendukung pelaksanaan World Rabies Day (WRD) 2026 sebagai momentum untuk meningkatkan kesadaran masyarakat mengenai bahaya rabies. Tidak hanya itu, momen tersebut sekaligus mendorong kepedulian terhadap kesehatan dan kesejahteraan hewan.Peringatan World Rabies Day 2026 dijadwalkan berlangsung pada 27 September 2026 di Lapangan Bajra Sandhi, Renon, Denpasar. Sejumlah kegiatan disiapkan, antara lain sterilisasi gratis anjing liar, vaksinasi rabies gratis, Pet Fun Walk, Lomba Anjing Sehat, Lomba Makan untuk Anjing, serta berbagai kegiatan edukasi.Koster mengajak masyarakat memanfaatkan kegiatan tersebut sekaligus mengambil bagian dalam upaya bersama memutus mata rantai penyebaran rabies. Menurutnya, pencegahan perlu dimulai dari lingkungan keluarga melalui kepemilikan dan pemeliharaan hewan secara bertanggung jawab.Masyarakat juga diimbau tidak mengabaikan kasus gigitan anjing atau hewan penular rabies lainnya. Jika terjadi gigitan, korban perlu segera mendapatkan penanganan yang tepat dan melaporkan kejadian tersebut kepada pihak terkait.“Kecepatan dalam mengenali risiko dan mengambil tindakan setelah terjadi gigitan menjadi bagian penting dalam mencegah dampak serius akibat rabies,”jelasnya.Di sisi lain, pemilik anjing di Bali diharapkan memastikan hewan peliharaan mendapatkan vaksinasi rabies secara rutin, tidak dibiarkan berkeliaran, serta melakukan sterilisasi sebagai bagian dari pengendalian populasi. Kolaborasi pemerintah, PDHI, tenaga medis veteriner, komunitas pencinta hewan, dan masyarakat menjadi bagian penting dalam memperkuat penanggulangan rabies.“Sinergi ini diharapkan menghasilkan penanganan yang lebih terintegrasi sekaligus memperkuat perlindungan kesehatan masyarakat dan hewan di Bali,”tutupnya. 


                                
                                
                                
                                
                                
                                            
                                        
                                                                    

                                


                                
                                                                    
                                    
                                
                                                                                                                                                                                
                            
                            
                                                                        
                                                                
                                    
                                        
                                            Berita
                                        
                                    
                                    Terbaru Lainnya
                                
                                
                            
                            
                                    
                                    
                                        Memuat berita terbaru.....",RRI.co.id,"Dajan Peken, 82114, Tabanan, Tabanan, Bali, Indonesia",-8.536609490935,115.13552944186335,5,"2, 7","kejaksaan, kejatibali, kejaritabanan, tabanan, news"
Menko Airlangga Investasi dan Ekspor Bernilai Tambah Kunci Pertumbuhan Ekonomi,2026-09-26T06:03:00.000Z,"Kabupaten Tabanan, Bali, Indonesia",Menko Airlangga: Investasi dan Ekspor Bernilai Tambah Kunci Pertumbuhan Ekonomi - RRI.co.id,"RRI.CO.ID, Jakarta - Perekonomian global masih diliputi ketidakpastian tinggi melalui tiga kanal risiko utama yang perlu terus diantisipasi, yakni energi dan logistik akibat konflik geopolitik, perdagangan dan investasi akibat meningkatnya proteksionisme, serta pasar keuangan dan fiskal akibat volatilitas global. Meskipun outlook perekonomian global pada 2027 diperkirakan membaik, proses pemulihan masih menghadapi berbagai kerentanan.","Dalam konteks tersebut, penguatan investasi, konektivitas, dan efisiensi logistik nasional menjadi semakin penting untuk menjaga daya tahan dan daya saing perekonomian nasional. Hal itu dikatakan Menteri Koordinator Bidang Perekonomian Airlangga Hartarto dalam acara ANTARA Business Forum “The Synergy Horizon - Positioning Indonesia For The Next Decade, Rabu 23 September 2026 dikutip dari ekon.go.id.Menko Airlangga mengatakan, di tengah dinamika global tersebut, fundamental perekonomian Indonesia hingga saat ini masih menunjukkan kondisi yang tetap terjaga.","Pada Hari Sabtu , 26 September 2026 06:03, Tabanan, Tabanan, Bali

RRI.CO.ID, Jakarta - Perekonomian global masih diliputi ketidakpastian tinggi melalui tiga kanal risiko utama yang perlu terus diantisipasi, yakni energi dan logistik akibat konflik geopolitik, perdagangan dan investasi akibat meningkatnya proteksionisme, serta pasar keuangan dan fiskal akibat volatilitas global. Meskipun outlook perekonomian global pada 2027 diperkirakan membaik, proses pemulihan masih menghadapi berbagai kerentanan. Dalam konteks tersebut, penguatan investasi, konektivitas, dan efisiensi logistik nasional menjadi semakin penting untuk menjaga daya tahan dan daya saing perekonomian nasional. Hal itu dikatakan Menteri Koordinator Bidang Perekonomian Airlangga Hartarto dalam acara ANTARA Business Forum “The Synergy Horizon - Positioning Indonesia For The Next Decade, Rabu 23 September 2026 dikutip dari ekon.go.id.Menko Airlangga mengatakan, di tengah dinamika global tersebut, fundamental perekonomian Indonesia hingga saat ini masih menunjukkan kondisi yang tetap terjaga. Perekonomian nasional tumbuh 5,45% (yoy) pada Semester I-2026, dengan inflasi yang terkendali sebesar 3,19% pada Agustus 2026, serta realisasi investasi mencapai Rp1.010,6 triliun hingga Semester I-2026. Dari sisi kesejahteraan, rasio gini turun menjadi 0,368, tingkat kemiskinan tercatat 8,07%, dan tingkat pengangguran terbuka berada pada 4,65%. Sementara itu, Indonesia juga tetap mempertahankan peringkat dalam kategori layak investasi, yang mencerminkan terjaganya kepercayaan terhadap fundamental dan prospek perekonomian nasional.“Pemerintah menargetkan pertumbuhan ekonomi 6% pada 2027 menuju 8% dalam jangka menengah, tiga syarat utama. Pertama, investasi harus tumbuh lebih cepat daripada PDB, kedua, produktivitas dan kualitas SDM meningkat, dan ketiga yakni ekspor harus semakin bernilai tambah dan logistik semakin efisien,” jelasnya.Menko Airlangga mengungkapkan, kebijakan ekonomi tahun 2027 akan diarahkan melalui sinergi fiskal sebagai katalis, moneter sebagai penjaga stabilitas, dan investasi sebagai penggerak kapasitas produksi serta penciptaan lapangan kerja. Sinergi ketiga kebijakan tersebut menjadi bagian dari upaya mendorong perekonomian nasional untuk tumbuh lebih tinggi dan meningkatkan kesejahteraan masyarakat secara lebih cepat.Menurut Menko Airlangga, untuk memperkecil kesenjangan menuju target pertumbuhan ekonomi, Pemerintah menyiapkan empat strategi, yakni deregulasi dan debottlenecking melalui Peraturan Pemerintah (PP) Nomor 28 Tahun 2025 dan Keputusan Presiden (Keppres) Nomor 4 Tahun 2026, penguatan investasi dan pembiayaan melalui KEK, Danantara, dan KPBU, peningkatan produktivitas melalui program magang dan vokasi, serta perluasan akses pasar melalui 25 perjanjian dagang yang telah diimplementasikan dan 13 perjanjian yang masih dalam proses perundingan, seiring dengan proses aksesi Indonesia menuju OECD. Menko Airlangga mengatakan, Penguatan ketahanan energi, ekonomi hijau, dan ekonomi digital juga terus menjadi bagian penting dalam membangun fondasi pertumbuhan ekonomi nasional. Ketahanan energi Indonesia tercermin dari Indeks Ketahanan Energi 2025 yang berada pada level tahan, sementara potensi energi baru terbarukan mencapai lebih dari 1.000 gigawatt. Upaya transisi energi juga diperkuat melalui inisiatif Just Energy Transition Partnership (JETP) dan Asia Zero Emission Community (AZEC) dengan dukungan pendanaan strategis.Di sisi digital, Indonesia telah menjadi ekonomi digital terbesar di ASEAN, yang didukung perluasan penggunaan QRIS lintas batas. Fondasi menuju target pertumbuhan ekonomi 8% juga diperkuat melalui pengembangan ekosistem pusat data, Artificial Intelligent (AI), semikonduktor, dan talenta digital nasional secara terintegrasi. Komitmen Indonesia dalam pengembangan ekosistem AI global turut ditunjukkan melalui status sebagai founding member World AI Cooperation Organization (WAICO), yang ditandatangani di Shanghai bersama 28 negara pendiri lainnya. Menurut Menko Airlangga, reformasi iklim investasi juga terus diperkuat dengan penerapan Service Level Agreement (SLA) untuk memberikan kepastian waktu dalam proses perizinan, serta pengembangan sistem Online Single Submission (OSS) berbasis risiko. Langkah tersebut menjadi bagian dari upaya menciptakan iklim investasi yang semakin memberikan kepastian, kemudahan, dan pelayanan yang lebih responsif bagi pelaku usaha. Pemerataan investasi juga terus didorong melalui Kawasan Ekonomi Khusus (KEK) sebagai salah satu instrumen utama pembangunan ekonomi di berbagai wilayah. Penguatan industri padat karya juga menjadi bagian penting dalam mendorong pertumbuhan ekonomi yang lebih inklusif, khususnya pada sektor Tekstil dan Produk Tekstil (TPT). Sektor TPT berkontribusi terhadap PDB, dengan menyerap jutaan tenaga kerja, serta mencatatkan nilai ekspor yang signifikan. Penguatan sektor ini dilakukan melalui peningkatan pasokan bahan baku, harmonisasi kebijakan hulu dan hilir, penertiban impor, serta dukungan restrukturisasi dan pembiayaan bagi pelaku industri.Menko Airlangga menambahkan, transformasi ekonomi nasional turut diperkuat melalui integrasi dengan perekonomian global. Indonesia terus berperan aktif dalam berbagai forum dan kerja sama ekonomi internasional, termasuk G20, ASEAN, RCEP, BRICS, serta proses aksesi OECD dan CPTPP. Di saat yang sama, perluasan jaringan kerja sama perdagangan, termasuk melalui Indonesia-European Union Comprehensive Economic Partnership Agreement (IEU-CEPA), terus didorong untuk memperluas akses pasar, meningkatkan daya saing produk nasional, dan membuka peluang investasi. “Kita memiliki pasar domestik yang besar, sumber daya alam yang kuat, bonus demografi, basis industri yang terus berkembang, serta posisi strategis di kawasan. Karena itu, arah kebijakan ke depan harus tetap berfokus pada investasi berkualitas, hilirisasi, peningkatan produktivitas, penguatan daya saing, serta perluasan akses pasar,“ tutur Menko Airlangga.",RRI.co.id,"Dajan Peken, 82114, Tabanan, Tabanan, Bali, Indonesia",-8.536609490935,115.13552944186335,5,"2, 7","kejaksaan, kejatibali, kejaritabanan, tabanan, news"
Ahmad Abdul Bawa Pulang Kisah Rindu dalam Video Klip Setelah Sekian Lama,2026-09-28T00:48:00.000Z,"Kabupaten Tabanan, Bali, Indonesia","Ahmad Abdul Bawa Pulang Kisah Rindu dalam Video Klip ""Setelah Sekian Lama"" - RRI.co.id","Hiburan
                                                
                                            
                                                                            
                                    
                                    
                                        
                                            28 Sep 2026 07:48
                                            WIB
                                        
                                        
                                             Denpasar
                                        
                                    
                                    
                                                                                                                                
                                                                                
                                        
                                            
                                                Editor -
                                                Ni Putu Widyawati
                                            
                                        
                                    
                                

                                                                                                                                    

                                

                                                                                                            
                                        
                                                                                    
                                                
                                                    
                                                

                                                                                                    
                                                        Cuplikan Video Clip ""Setelah Sekian Lama"" (Foto: dok)
                                                    
                                                                                            
                                                                                                            
                                
                                RRI.CO.ID, Denpasar – Ada rasa yang sulit dijelaskan ketika seseorang yang lama pergi akhirnya kembali ke rumah. Rasa itulah yang coba dihadirkan Ahmad Abdul lewat lagu terbarunya, “Setelah Sekian Lama”, sebuah cerita tentang perjalanan, kerinduan, dan tempat yang selalu menjadi tujuan untuk pulang.Kekuatan lagu ini terasa semakin dalam lewat video klipnya.","Visual sederhana tentang seorang anak yang kembali bertemu dan memeluk ibunya mampu menyampaikan emosi tanpa perlu banyak dialog. Ada rasa rindu, lelah, sekaligus kelegaan yang terasa begitu dekat dengan pengalaman banyak orang yang sedang jauh dari rumah.Salah satu detail yang paling menghangatkan justru hadir lewat sebuah kotak bekal.","Pada Hari Senin , 28 September 2026 00:48, Tabanan, Tabanan, Bali

Hiburan
                                                
                                            
                                                                            
                                    
                                    
                                        
                                            28 Sep 2026 07:48
                                            WIB
                                        
                                        
                                             Denpasar
                                        
                                    
                                    
                                                                                                                                
                                                                                
                                        
                                            
                                                Editor -
                                                Ni Putu Widyawati
                                            
                                        
                                    
                                

                                                                                                                                    

                                

                                                                                                            
                                        
                                                                                    
                                                
                                                    
                                                

                                                                                                    
                                                        Cuplikan Video Clip ""Setelah Sekian Lama"" (Foto: dok)
                                                    
                                                                                            
                                                                                                            
                                
                                RRI.CO.ID, Denpasar – Ada rasa yang sulit dijelaskan ketika seseorang yang lama pergi akhirnya kembali ke rumah. Rasa itulah yang coba dihadirkan Ahmad Abdul lewat lagu terbarunya, “Setelah Sekian Lama”, sebuah cerita tentang perjalanan, kerinduan, dan tempat yang selalu menjadi tujuan untuk pulang.Kekuatan lagu ini terasa semakin dalam lewat video klipnya. Visual sederhana tentang seorang anak yang kembali bertemu dan memeluk ibunya mampu menyampaikan emosi tanpa perlu banyak dialog. Ada rasa rindu, lelah, sekaligus kelegaan yang terasa begitu dekat dengan pengalaman banyak orang yang sedang jauh dari rumah.Salah satu detail yang paling menghangatkan justru hadir lewat sebuah kotak bekal. Di atasnya tertulis pesan sederhana dari sang ibu, “Jangan lupa makan, kalau capek, pulang.”Bagi mereka yang pernah menjadi perantau, kalimat itu mungkin terasa lebih dari sekadar pesan untuk makan. Ada perhatian, kekhawatiran, dan kasih sayang seorang ibu yang tetap mengikuti anaknya, bahkan ketika jarak memisahkan.Video klip ini seolah mengingatkan bahwa perjalanan mengejar mimpi tidak selalu mudah. Ada masa ketika seseorang merasa lelah, kehilangan arah, atau ingin menyerah. Dan di saat seperti itu, rumah bisa menjadi tempat untuk berhenti sejenak, bukan karena gagal, tetapi karena ada seseorang yang selalu siap menerima kita kembali.Lewat “Setelah Sekian Lama”, Ahmad Abdul tidak hanya menyanyikan sebuah lagu tentang pulang. Ia menghadirkan kembali perasaan yang mungkin pernah dirasakan banyak anak rantau: sejauh apa pun pergi, ada rumah dan seseorang yang selalu menunggu. 


                                
                                
                                
                                
                                
                                            
                                        
                                                                    

                                


                                
                                                                    
                                    
                                
                                                                                                                                                                                
                            
                            
                                                                        
                                                                
                                    
                                        
                                            Berita
                                        
                                    
                                    Terbaru Lainnya
                                
                                
                            
                            
                                    
                                    
                                        Memuat berita terbaru.....",RRI.co.id,"Dajan Peken, 82114, Tabanan, Tabanan, Bali, Indonesia",-8.536609490935,115.13552944186335,5,"2, 7","kejaksaan, kejatibali, kejaritabanan, tabanan, news"
Sambang Dialogis Bhabinkamtibmas Kesiman Petilan Ajak Warga Waspada Kebakaran,2026-09-30T00:42:00.000Z,"Kabupaten Tabanan, Bali, Indonesia","Sambang Dialogis, Bhabinkamtibmas Kesiman Petilan Ajak Warga Waspada Kebakaran - RRI.co.id","Sambang Dialogis, Bhabinkamtibmas Kesiman Petilan Ajak Warga Waspada Kebakaran dan Manfaatkan Layanan 110 (Foto: Humas Polresta Denpasar)
                                                    
                                                                                            
                                                                                                            
                                
                                RRI.CO.ID, Denpasar - Upaya menjaga keamanan dan ketertiban masyarakat terus dilakukan jajaran Polsek Denpasar Timur (Dentim) lmelalui kegiatan sambang dan dialogis. Bhabinkamtibmas Desa Kesiman Petilan, Aiptu I Made Eka Wiarta bersama Babinsa Serda M.","Shodiq menyambangi warga binaan di Jalan Waribang, Selasa 29 September 2026 pukul 12.20 WITA.Dalam kesempatan tersebut, Bhabinkamtibmas berdialog langsung dengan warga sekaligus menyampaikan pesan-pesan Kamtibmas. Warga diajak meningkatkan kepedulian terhadap keamanan lingkungan, khususnya kewaspadaan terhadap potensi kebakaran dengan memastikan kondisi rumah dan lingkungan tetap aman.Petugas juga mensosialisasikan layanan Polri 110 yang dapat dimanfaatkan masyarakat untuk menyampaikan laporan maupun meminta bantuan kepolisian secara cepat.","Pada Hari Rabu , 30 September 2026 00:42, Tabanan, Tabanan, Bali

Sambang Dialogis, Bhabinkamtibmas Kesiman Petilan Ajak Warga Waspada Kebakaran dan Manfaatkan Layanan 110 (Foto: Humas Polresta Denpasar)
                                                    
                                                                                            
                                                                                                            
                                
                                RRI.CO.ID, Denpasar - Upaya menjaga keamanan dan ketertiban masyarakat terus dilakukan jajaran Polsek Denpasar Timur (Dentim) lmelalui kegiatan sambang dan dialogis. Bhabinkamtibmas Desa Kesiman Petilan, Aiptu I Made Eka Wiarta bersama Babinsa Serda M. Shodiq menyambangi warga binaan di Jalan Waribang, Selasa 29 September 2026 pukul 12.20 WITA.Dalam kesempatan tersebut, Bhabinkamtibmas berdialog langsung dengan warga sekaligus menyampaikan pesan-pesan Kamtibmas. Warga diajak meningkatkan kepedulian terhadap keamanan lingkungan, khususnya kewaspadaan terhadap potensi kebakaran dengan memastikan kondisi rumah dan lingkungan tetap aman.Petugas juga mensosialisasikan layanan Polri 110 yang dapat dimanfaatkan masyarakat untuk menyampaikan laporan maupun meminta bantuan kepolisian secara cepat. Kehadiran Bhabinkamtibmas bersama Babinsa menjadi bagian dari upaya mempererat komunikasi dan sinergi dengan masyarakat dalam menjaga situasi tetap aman dan kondusif.Kapolsek Dentim AKP I Gusti Ngurah Agung Udiana, S.H.,M.H. mengatakan, kegiatan sambang merupakan salah satu upaya untuk memastikan kehadiran Polri benar-benar dirasakan masyarakat. “Kami mengajak masyarakat bersama-sama menjaga keamanan lingkungan, meningkatkan kewaspadaan terhadap potensi kebakaran, serta tidak ragu menghubungi layanan Polri 110 apabila membutuhkan bantuan atau menemukan kejadian yang memerlukan penanganan kepolisian,” ujarnya. 


                                
                                
                                
                                
                                
                                            
                                        
                                                                    

                                


                                
                                                                    
                                    
                                
                                                                                                                                                                                
                            
                            
                                                                        
                                                                
                                    
                                        
                                            Berita
                                        
                                    
                                    Terbaru Lainnya
                                
                                
                            
                            
                                    
                                    
                                        Memuat berita terbaru.....",RRI.co.id,"Dajan Peken, 82114, Tabanan, Tabanan, Bali, Indonesia",-8.536609490935,115.13552944186335,5,"2, 7","kejaksaan, kejatibali, kejaritabanan, tabanan, news"
Meta VR Glasses Kacamata VR ringan dengan berat hanya 100 Gram,2026-09-28T03:24:00.000Z,"Kabupaten Tabanan, Bali, Indonesia","Meta VR Glasses, Kacamata VR ringan dengan berat hanya 100 Gram - RRI.co.id","RRI.CO.ID, Denpasar - Meta memperkenalkan perangkat realitas virtual (Virtual Reality/VR) bernama Meta VR Glasses dengan desain yang berbeda dari perangkat VR pada umumnya. Bentuknya lebih mirip kacamata biasa dibandingkan headset VR tradisional dan beratnya hanya sekitar 100 gram.","Dikutip dari Gizchina, pada Kamis, 24 September 2026, disebutkan bahwa bobot yang ringan menjadi salah satu keunggulan utama perangkat ini. Meta memindahkan prosesor, baterai, dan penyimpanan ke perangkat terpisah berukuran saku yang disebut puck.Kacamata tersebut terhubung ke puck menggunakan kabel optik tipis.","Pada Hari Senin , 28 September 2026 03:24, Tabanan, Tabanan, Bali

RRI.CO.ID, Denpasar - Meta memperkenalkan perangkat realitas virtual (Virtual Reality/VR) bernama Meta VR Glasses dengan desain yang berbeda dari perangkat VR pada umumnya. Bentuknya lebih mirip kacamata biasa dibandingkan headset VR tradisional dan beratnya hanya sekitar 100 gram. Dikutip dari Gizchina, pada Kamis, 24 September 2026, disebutkan bahwa bobot yang ringan menjadi salah satu keunggulan utama perangkat ini. Meta memindahkan prosesor, baterai, dan penyimpanan ke perangkat terpisah berukuran saku yang disebut puck.Kacamata tersebut terhubung ke puck menggunakan kabel optik tipis. Menurut Meta, desain ini membuat kacamata sekitar lima kali lebih ringan dibandingkan Quest 3.Meta VR Glasses menggunakan rangka berbahan campuran magnesium dan tidak memiliki tali besar atau komputer berat yang menempel di kepala pengguna. Kacamata tersebut berisi layar, kamera, dan sensor, sedangkan puck bertugas menjalankan sebagian besar proses komputasi. Perangkat puck ini memiliki berat sekitar 300 gram.Puck tersebut menggunakan chip Snapdragon Reality Elite, RAM 12 GB, dan penyimpanan 128 GB. Perangkat ini juga memiliki slot microSD yang dapat digunakan untuk menambah kapasitas penyimpanan hingga 1 TB. Jadi, seluruh sistem sebenarnya tidak hanya berbobot 100 gram. Namun, memindahkan komponen berat dari kepala pengguna dapat membuat perangkat terasa jauh lebih nyaman saat digunakan dalam waktu lama.Meta juga menggunakan layar dengan spesifikasi tinggi. Perangkat ini memiliki dua layar micro-OLED dengan resolusi 2.412 × 2.288 piksel untuk masing-masing mata. Layar tersebut memiliki refresh rate hingga 120 Hz dan kepadatan 37 piksel per derajat. Spesifikasi ini seharusnya membuat tulisan dan gambar terlihat lebih tajam dibandingkan banyak headset VR generasi lama.Meta menggunakan lensa pancake yang dirancang khusus agar perangkat tetap bisa dibuat lebih tipis dan ringkas. Namun, ada kekurangannya, yaitu bidang pandang yang hanya sekitar 70 derajat secara horizontal dan 66 derajat secara vertikal. Angka tersebut lebih sempit dibandingkan Quest 3. Artinya, pengguna mendapatkan perangkat yang jauh lebih ringan, tetapi harus menerima area pandangan VR yang tidak seluas headset VR tradisional.Salah satu hal penting dalam peluncuran Meta VR Glasses adalah perangkat ini menjadi perangkat VR pertama yang mendapatkan sertifikasi IMAX Enhanced. Meta menggunakan teknologi tersebut untuk menjadikan kacamata ini seperti bioskop pribadi. Pengguna dapat menonton film tertentu dalam format 3D dan, untuk film yang mendukung, menggunakan tampilan dengan rasio gambar IMAX yang lebih lebar.Meta juga mengatakan Disney+ akan menyediakan sejumlah film 3D pilihan di platform tersebut. Layanan lain seperti Prime Video, YouTube, ESPN, Plex, dan Crunchyroll juga akan ditambahkan. Di sinilah desain yang hanya sekitar 100 gram menjadi penting. Memakai headset VR yang berat selama 20 menit untuk demonstrasi tentu berbeda dengan memakai perangkat tersebut sepanjang film.Meta juga mengandalkan penggunaan tanpa tangan. Kacamata ini dapat membaca gerakan mata dan tangan sehingga pengguna bisa membuka aplikasi, mengontrol konten, dan menggunakan menu tanpa harus memegang kontroler. Asisten Meta AI juga sudah terintegrasi langsung ke dalam sistem sehingga pengguna dapat mengendalikan kacamata menggunakan suara, gerakan mata, dan gerakan tangan.⁠⁠⁠⁠⁠⁠⁠Meta mengatakan sistem tersebut dapat membuka aplikasi, memutar konten, mengubah ruang kerja, dan menjawab pertanyaan. Ada pula fitur baru bernama Hologram untuk panggilan video. Fitur ini dapat membuat versi digital pengguna yang terlihat lebih nyata, lengkap dengan ekspresi wajah dan suara yang terasa berasal dari arah tertentu.Meta VR Glasses akan dijual dengan harga 1.299,99 dolar AS di Amerika Serikat (sekitar Rp23 juta) dan perusahaan berencana meluncurkannya pada musim semi 2027. Meta belum mengumumkan harga final untuk pasar lainnya. Perangkat ini tersedia dalam dua ukuran, yaitu Standard dan Large, yang dijual sebagai produk dengan pilihan ukuran berbeda.",RRI.co.id,"Dajan Peken, 82114, Tabanan, Tabanan, Bali, Indonesia",-8.536609490935,115.13552944186335,5,"2, 7","kejaksaan, kejatibali, kejaritabanan, tabanan, news"
Mazda 6e Fastback EV Mewah Hasil Kolaborasi Mazda dengan Tiongkok,2026-09-29T00:36:00.000Z,"Kabupaten Tabanan, Bali, Indonesia","Mazda 6e Fastback, EV Mewah Hasil Kolaborasi Mazda dengan Tiongkok - RRI.co.id","Hobi
                                                
                                            
                                                                            
                                    
                                    
                                        
                                            29 Sep 2026 07:36
                                            WIB
                                        
                                        
                                             Denpasar
                                        
                                    
                                    
                                                                                                                                
                                                                                
                                        
                                            
                                                Editor -
                                                Ni Nyoman Kasih
                                            
                                        
                                    
                                

                                                                                                                                    

                                

                                                                                                            
                                        
                                                                    
                                
                                RRI.CO.ID, Denpasar - Pasar kendaraan listrik di Indonesia kembali dikejutkan dengan langkah berani PT Eurokars Motor Indonesia yang memboyong Mazda 6e Fastback. Sedan listrik premium ini menjadi simbol transformasi sedan legendaris Mazda 6 menuju era elektrifikasi modern.","Menariknya, pengembangan model ini merupakan hasil kolaborasi strategis antara Mazda dengan mitra usahanya di Tiongkok, menggabungkan filosofi desain khas Jepang dengan penguasaan teknologi EV terdepan dari Tiongkok.Dari segi eksterior, Mazda 6e Fastback mempertahankan bahasa desain khas Kodo yang elegan namun tampil lebih futuristik. Tampilan bodinya mengusung gaya fastback aerodinamis dengan grill tertutup beraksen black glossy, pintu frameless tanpa bingkai, serta electric extending rear spoiler yang dapat menyembul secara otomatis pada kecepatan tinggi.","Pada Hari Selasa , 29 September 2026 00:36, Tabanan, Tabanan, Bali

Hobi
                                                
                                            
                                                                            
                                    
                                    
                                        
                                            29 Sep 2026 07:36
                                            WIB
                                        
                                        
                                             Denpasar
                                        
                                    
                                    
                                                                                                                                
                                                                                
                                        
                                            
                                                Editor -
                                                Ni Nyoman Kasih
                                            
                                        
                                    
                                

                                                                                                                                    

                                

                                                                                                            
                                        
                                                                    
                                
                                RRI.CO.ID, Denpasar - Pasar kendaraan listrik di Indonesia kembali dikejutkan dengan langkah berani PT Eurokars Motor Indonesia yang memboyong Mazda 6e Fastback. Sedan listrik premium ini menjadi simbol transformasi sedan legendaris Mazda 6 menuju era elektrifikasi modern. Menariknya, pengembangan model ini merupakan hasil kolaborasi strategis antara Mazda dengan mitra usahanya di Tiongkok, menggabungkan filosofi desain khas Jepang dengan penguasaan teknologi EV terdepan dari Tiongkok.Dari segi eksterior, Mazda 6e Fastback mempertahankan bahasa desain khas Kodo yang elegan namun tampil lebih futuristik. Tampilan bodinya mengusung gaya fastback aerodinamis dengan grill tertutup beraksen black glossy, pintu frameless tanpa bingkai, serta electric extending rear spoiler yang dapat menyembul secara otomatis pada kecepatan tinggi. Sektor pencahayaan dipadukan secara harmonis dengan garis bodi yang tegas namun dinamis, berhasil menyabet penghargaan desain pameran otomotif internasional sebagai 2026 World Car Design of The Year.Masuk ke dalam interior, atmosfer kemewahan dan kekedapan sangat terasa berkat garapan interior yang presisi. Pengemudi dan penumpang disuguhkan layar infotainment sentuh berukuran 14,6 inci, head up display, serta panel instrumen digital serba canggih. Pengalaman berkendara semakin dimanjakan dengan panoramic glass roof yang dilengkapi tirai elektrik, sistem tata suara premium Sony dengan 14 speaker, serta fitur ambient lighting dengan 64 warna yang menciptakan suasana kabin yang menenangkan.Di sektor performa, Mazda 6e Fastback dibekali motor listrik tunggal yang diletakkan di roda belakang. Dapur pacu listrik ini mampu mengeluarkan tenaga hingga 258 PS dengan torsi instan mencapai 320 Nm. Didukung baterai lithium-ion berkapasitas 78 kWh, sedan fastback ini mengklaim jarak tempuh maksimal hingga 560 km, menjadikannya sangat andal baik untuk mobilitas harian maupun perjalanan antar kota.Di pasar Indonesia, Mazda 6e Fastback ditawarkan dengan harga on the road (OTR) sekitar Rp899 juta dengan delapan pilihan warna ikonis seperti soul red crystal dan polymetal gray. Kehadiran kendaraan listrik ini tidak hanya menawarkan alternatif sedan ramah lingkungan berfitur melimpah, tetapi juga membuktikan bahwa sensasi menyatu antara pengemudi dan mobil tetap dapat diwujudkan secara optimal dalam kendaraan listrik murni. 


                                
                                
                                
                                
                                
                                            
                                        
                                                                    

                                


                                
                                                                    
                                    
                                
                                                                                                                                                                                
                            
                            
                                                                        
                                                                
                                    
                                        
                                            Berita
                                        
                                    
                                    Terbaru Lainnya
                                
                                
                            
                            
                                    
                                    
                                        Memuat berita terbaru.....",RRI.co.id,"Dajan Peken, 82114, Tabanan, Tabanan, Bali, Indonesia",-8.536609490935,115.13552944186335,5,"2, 7","kejaksaan, kejatibali, kejaritabanan, tabanan, news"
Jasa Raharja Apresiasi Polda hingga Polres melalui IRSMS Award,2026-09-25T23:48:00.000Z,"Kabupaten Tabanan, Bali, Indonesia",Jasa Raharja Apresiasi Polda hingga Polres melalui IRSMS Award - RRI.co.id,"RRI.CO.ID, Jakarta - PT Jasa Raharja (Persero) bersama Korlantas Polri memberikan penghargaan kepada jajaran kepolisian yang berpartisipasi aktif dalam mendukung pengelolaan dan pelaporan data kecelakaan lalu lintas melalui Integrated Road Safety Management System (IRSMS). Penghargaan IRSMS Award tersebut menjadi bagian dari rangkaian Syukuran Hari Lalu Lintas Bhayangkara ke-71 yang digelar Korlantas Polri di Birawa Assembly Hall, Hotel Bidakara, Jakarta Selatan, Jumat 25 September 2026.Acara tersebut dihadiri Kapolri Jenderal Polisi Listyo Sigit Prabowo, Kakorlantas Polri Irjen Pol.","Wibowo, Menko Polkam Djamari Chaniago, Menteri Perhubungan Dudy Purwagandhi, Anggota I BPK RI Nyoman Adhi Suryadnyana, Direktur Utama Jasa Raharja Muhammad Awaluddin, dan Direktur Operasional Jasa Raharja, Ariyandi. Pemberian IRSMS Award merupakan bentuk apresiasi atas kontribusi jajaran kepolisian dalam mendukung tersedianya data kecelakaan lalu lintas secara cepat dan akurat atas kinerja tahun 2025.Bagi Jasa Raharja, kualitas dan kecepatan informasi kecelakaan menjadi salah satu unsur penting dalam mendukung percepatan pelayanan kepada masyarakat yang menjadi korban kecelakaan lalu lintas.","Pada Hari Jumat , 25 September 2026 23:48, Tabanan, Tabanan, Bali

RRI.CO.ID, Jakarta - PT Jasa Raharja (Persero) bersama Korlantas Polri memberikan penghargaan kepada jajaran kepolisian yang berpartisipasi aktif dalam mendukung pengelolaan dan pelaporan data kecelakaan lalu lintas melalui Integrated Road Safety Management System (IRSMS). Penghargaan IRSMS Award tersebut menjadi bagian dari rangkaian Syukuran Hari Lalu Lintas Bhayangkara ke-71 yang digelar Korlantas Polri di Birawa Assembly Hall, Hotel Bidakara, Jakarta Selatan, Jumat 25 September 2026.Acara tersebut dihadiri Kapolri Jenderal Polisi Listyo Sigit Prabowo, Kakorlantas Polri Irjen Pol. Wibowo, Menko Polkam Djamari Chaniago, Menteri Perhubungan Dudy Purwagandhi, Anggota I BPK RI Nyoman Adhi Suryadnyana, Direktur Utama Jasa Raharja Muhammad Awaluddin, dan Direktur Operasional Jasa Raharja, Ariyandi. Pemberian IRSMS Award merupakan bentuk apresiasi atas kontribusi jajaran kepolisian dalam mendukung tersedianya data kecelakaan lalu lintas secara cepat dan akurat atas kinerja tahun 2025.Bagi Jasa Raharja, kualitas dan kecepatan informasi kecelakaan menjadi salah satu unsur penting dalam mendukung percepatan pelayanan kepada masyarakat yang menjadi korban kecelakaan lalu lintas. Penghargaan tersebut mencakup lima kategori, yakni Polda Tipe A, Polda Tipe B, Polres Metro/Polresta/Polrestabes, Polres Tipe A, dan Polres Tipe B. Pada kategori Polda Tipe A, Polda Jawa Barat menempati peringkat pertama dalam kategori “Sangat Baik”, disusul Polda Papua dan Polda Lampung.Sementara itu, pada kategori Polda Tipe B, peringkat pertama diraih Polda Maluku, diikuti Polda Kalimantan Utara dan Polda Maluku Utara. Untuk kategori Polres Metro/Polresta/Polrestabes, Polresta Cirebon menempati peringkat pertama, disusul Polresta Bandar Lampung dan Polresta Barelang.Selain itu, IRSMS Award juga mencakup kategori Polres Tipe A dan Polres Tipe B. Polres Madiun, Polres Tulungagung, dan Polres Minahasa menjadi tiga peringkat teratas pada kategori Polres Tipe A. Sementara kategori Polres Tipe B masing-masing ditempati Polres Halmahera Barat, Polres Teluk Bintuni, dan Polres Barito Selatan.Direktur Utama Jasa Raharja Muhammad Awaluddin mengatakan, apresiasi tersebut merupakan bagian dari upaya bersama untuk memperkuat kolaborasi dalam membangun sistem keselamatan lalu lintas yang semakin terintegrasi “Kecepatan dan ketepatan informasi kecelakaan sangat penting bagi kami dalam memberikan pelayanan kepada korban. Karena itu, kami memberikan apresiasi kepada jajaran kepolisian yang terus mendukung pengelolaan dan pelaporan data kecelakaan melalui IRSMS,” ujar Awaluddin.Menurutnya, sinergi tersebut tidak hanya berkaitan dengan percepatan pelayanan kepada korban, tetapi juga menjadi bagian dari upaya bersama untuk membangun basis data keselamatan lalu lintas yang semakin baik. “Semakin cepat informasi kecelakaan kami terima, semakin cepat pula langkah pelayanan dapat kami lakukan. Ini adalah bentuk nyata bagaimana kolaborasi dan pemanfaatan teknologi dapat menghadirkan negara di tengah masyarakat ketika terjadi kecelakaan,” tambah Awaluddin.KepedulianRangkaian Syukuran Hari Lalu Lintas Bhayangkara ke-71 juga diisi dengan berbagai kegiatan kepedulian. Antara lain prosesi pemberian tali asih kepada keluarga anggota Polri yang gugur saat menjalankan tugas.Dalam kesempatan tersebut, Kapolri Jenderal Polisi Listyo Sigit Prabowo bersama jajaran menyerahkan bantuan kepada perwakilan keluarga dua anggota Polri yang gugur, yakni AKP Anumerta Ali Agus dan Aiptu Anumerta Endang Karyana. Kepedulian terhadap korban kecelakaan juga menjadi bagian dari rangkaian kegiatan.Korlantas Polri menyerahkan kaki palsu kepadaDeni, pengemudi ojek online yang menjadi korban kecelakaan lalu lintas, serta kursi roda kepada Benny Harlapan yang juga mengalami kecelakaan dan memiliki keterbatasan fisik. Pemberian alat bantu tersebut menjadi bentuk kepedulian terhadap korban kecelakaan yang tetap berupaya menjalani kehidupan dan beraktivitas setelah mengalami musibah.Dalam kegiatan tersebut, Deni menyampaikan rasa syukurnya atas bantuan kaki palsu yang diterimanya. “Saya penerima kaki palsu untuk menambah kesempurnaan saya untuk jadi ojek online,” ungkapnya.Melalui sinergi bersama Korlantas Polri dan pemangku kepentingan lainnya, Jasa Raharja berkomitmen memperkuat pelayanan dan perlindungan kepada masyarakat. Selain itu, perusahaan juga terus mendorong upaya bersama dalam mewujudkan keselamatan transportasi yang semakin baik.",RRI.co.id,"Dajan Peken, 82114, Tabanan, Tabanan, Bali, Indonesia",-8.536609490935,115.13552944186335,5,"2, 7","kejaksaan, kejatibali, kejaritabanan, tabanan, news"
Pinjaman Lunak bagi UMKM Lokal Gerakkan Ekonomi Kerakyatan,2026-09-29T07:38:00.000Z,"Kabupaten Tabanan, Bali, Indonesia",Pinjaman Lunak bagi UMKM Lokal Gerakkan Ekonomi Kerakyatan - RRI.co.id,"Pinjaman Lunak bagi UMKM Lokal Gerakkan Ekonomi Kerakyatan (Foto : Dok)
                                                    
                                                                                            
                                                                                                            
                                
                                RRI.CO.ID, Denpasar - Usaha Mikro Kecil dan Menengah menjadi salah satu sector penyokong perekonomian daerah. Namun, sektor penyokong ekonomi tersebut cenderung mengalami kesulitan permodalan, bahkan tidak semua pelaku usaha terutama di daerah pelosok yang mengetahui jalur pengajuan pinjaman modal.Hal itu diungkapkan pelaku UMKM tas anyaman Ni Komang Rosiani kepada RRI.CO.ID di Denpasar.","Ia mengatakan, program pinjaman lunak dan subsidi bunga bagi Usaha Mikro, Kecil, dan Menengah menjadi peluang bagi UMKM untuk berkembang. Menurutnya, dengan pinjaman lunak tersebut akan meringankan beban pelaku UMKM dalam akses modal berbunga rendah serta memperkuat daya saing usaha lokal.","Pada Hari Selasa , 29 September 2026 07:38, Tabanan, Tabanan, Bali

Pinjaman Lunak bagi UMKM Lokal Gerakkan Ekonomi Kerakyatan (Foto : Dok)
                                                    
                                                                                            
                                                                                                            
                                
                                RRI.CO.ID, Denpasar - Usaha Mikro Kecil dan Menengah menjadi salah satu sector penyokong perekonomian daerah. Namun, sektor penyokong ekonomi tersebut cenderung mengalami kesulitan permodalan, bahkan tidak semua pelaku usaha terutama di daerah pelosok yang mengetahui jalur pengajuan pinjaman modal.Hal itu diungkapkan pelaku UMKM tas anyaman Ni Komang Rosiani kepada RRI.CO.ID di Denpasar. Ia mengatakan, program pinjaman lunak dan subsidi bunga bagi Usaha Mikro, Kecil, dan Menengah menjadi peluang bagi UMKM untuk berkembang. Menurutnya, dengan pinjaman lunak tersebut akan meringankan beban pelaku UMKM dalam akses modal berbunga rendah serta memperkuat daya saing usaha lokal. Hal tersebut juga akan memfasilitasi pelaku usaha kecil bisa naik kelas, memperbaiki kualitas produk, dan memperluas pasar. Rosiani menekankan kebijakan pinjaman modal lunak tersebut juga akan menjaga ketahanan ekonomi lokal dengan perputaran uang yang mensejahterakan masyarakat.“Pelaku UMKM pastinya memerlukan bantuan permodalan untuk menghasilkan produk berkualitas esuai standar pasar. Selain itu, kemudahan agunan juga diperlukan, karena sebagian pinjaman non subsidi masih memerlukan jaminan aset fisik yang menjadi kendala bagi UMKM,” ujarnya.Sementara, Praktisi Pariwisata Bali I Nyoman Rutha Ady mengatakan, pinjaman lunak menjadi salah satu bantuan permodalan yang diperlukan pelaku UMKM lokal. Menurutnya, tidak sedikit pelaku UMKM mengalami keterbatasan modal yang mengakibatkan usahanya sulit berkembang dan naik kelas. Rutha Ady mengatakan, untuk masuk dalam industri pariwisata, tentu produk UMKM harus berkelas dan berkualitas. Karena itu, diperlukan permodalan untuk mendukung peningkatkan kualitas produk UMKM agar sesuai dengan standar industri pariwisata.“Pinjaman lunak bagi Usaha Mikro, Kecil, dan Menengah akan menggerakkan ekonomi kerakyatan. Kebijakan tersebut sekaligus menjamin akses pembiayaan yang murah dan inklusif serta memperkuat daya saing usaha,” ujarnya.Permodalan menjadi salah satu faktor krusial untuk mendukung perkembangan sektor UMKM lokal. Bantuan permodalan bagi UMKM akan menggerakkan ekonomi kerakyatan dengan akses modal berbunga rendah dan syarat yang mudah untuk memperkuat daya saing usaha dan menjaga perputaran uang dari tingkat bawah. 


                                
                                
                                
                                
                                
                                            
                                        
                                                                    

                                


                                
                                                                    
                                    
                                
                                                                                                                                                                                
                            
                            
                                                                        
                                                                
                                    
                                        
                                            Berita
                                        
                                    
                                    Terbaru Lainnya
                                
                                
                            
                            
                                    
                                    
                                        Memuat berita terbaru.....",RRI.co.id,"Dajan Peken, 82114, Tabanan, Tabanan, Bali, Indonesia",-8.536609490935,115.13552944186335,5,"2, 7","kejaksaan, kejatibali, kejaritabanan, tabanan, news"
Hari Bakti Postel ke81 Komunitas Postel Siar Bali Gelar Aksi Sosial,2026-09-28T06:40:00.000Z,"Kabupaten Tabanan, Bali, Indonesia","Hari Bakti Postel ke-81, Komunitas Postel Siar Bali Gelar Aksi Sosial - RRI.co.id","RRI.CO.ID, Denpasar - Komunitas Postel Siar di wilayah Provinsi Bali menggelar kegiatan bakti sosial dalam rangka memperingati Hari Bakti Postel ke-81 dengan menyalurkan bantuan kepada Yayasan Kanker Anak Bali. Kepala Subbagian Umum Balai Monitor Spektrum Frekuensi Radio dan Infrastruktur Kelas I Denpasar, Ludi Jamal Awaluddin, kepada RRI.CO.ID, Jumat, 25 September 2026 mengatakan kegiatan tersebut menjadi bagian dari bentuk pengabdian komunitas Postel Siar kepada masyarakat.Menurutnya, kegiatan melibatkan komunitas Postel Siar di wilayah Bali dan diwujudkan melalui penyaluran bantuan kepada yayasan yang membutuhkan.","“Kami beserta seluruh komunitas Postel Siar di wilayah Provinsi Bali mengadakan bakti sosial untuk menyerahkan atau menyampaikan bantuan ke panti asuhan yang memang kita tuju,” ujarnya.Ketua Panitia Hari Bakti Postel ke-81 sekaligus perwakilan APJII Bali, Made Kartika, mengatakan kegiatan bakti sosial kali ini dilaksanakan di dua lokasi. Lokasi pertama yang dikunjungi yakni Yayasan Kanker Anak Bali, sedangkan lokasi berikutnya merupakan panti asuhan di kawasan Renon, Denpasar.Menurut Made, pemilihan lokasi dilakukan dengan mempertimbangkan kedekatan lokasi serta kebutuhan bantuan yang dinilai mendesak.","Pada Hari Senin , 28 September 2026 06:40, Tabanan, Tabanan, Bali

RRI.CO.ID, Denpasar - Komunitas Postel Siar di wilayah Provinsi Bali menggelar kegiatan bakti sosial dalam rangka memperingati Hari Bakti Postel ke-81 dengan menyalurkan bantuan kepada Yayasan Kanker Anak Bali. Kepala Subbagian Umum Balai Monitor Spektrum Frekuensi Radio dan Infrastruktur Kelas I Denpasar, Ludi Jamal Awaluddin, kepada RRI.CO.ID, Jumat, 25 September 2026 mengatakan kegiatan tersebut menjadi bagian dari bentuk pengabdian komunitas Postel Siar kepada masyarakat.Menurutnya, kegiatan melibatkan komunitas Postel Siar di wilayah Bali dan diwujudkan melalui penyaluran bantuan kepada yayasan yang membutuhkan. “Kami beserta seluruh komunitas Postel Siar di wilayah Provinsi Bali mengadakan bakti sosial untuk menyerahkan atau menyampaikan bantuan ke panti asuhan yang memang kita tuju,” ujarnya.Ketua Panitia Hari Bakti Postel ke-81 sekaligus perwakilan APJII Bali, Made Kartika, mengatakan kegiatan bakti sosial kali ini dilaksanakan di dua lokasi. Lokasi pertama yang dikunjungi yakni Yayasan Kanker Anak Bali, sedangkan lokasi berikutnya merupakan panti asuhan di kawasan Renon, Denpasar.Menurut Made, pemilihan lokasi dilakukan dengan mempertimbangkan kedekatan lokasi serta kebutuhan bantuan yang dinilai mendesak. “Untuk kali ini, yang kita bawa bantuannya selain berupa uang, juga ada sembako kepada panti asuhan dan yayasan ini,” katanya.Made menambahkan, kegiatan tersebut juga menjadi kesempatan bagi komunitas Postel Siar untuk memperoleh informasi lebih mengenai kondisi dan kebutuhan yayasan yang dikunjungi. Ia mengatakan komunitas Postel Siar terdiri dari berbagai unsur, termasuk penyedia layanan internet dan penyedia layanan seluler.Informasi yang diperoleh dari kunjungan tersebut selanjutnya diharapkan dapat diteruskan kepada instansi masing-masing sebagai bahan pertimbangan apabila terdapat kegiatan sosial maupun bentuk dukungan lainnya. Made juga menyoroti pentingnya penyebaran informasi yang benar di tengah maraknya hoaks di media sosial.Menurutnya, keterlibatan komunitas dalam kegiatan sosial juga dapat menjadi kesempatan untuk memperoleh informasi langsung dari masyarakat dan kemudian menyampaikannya kembali kepada publik secara lebih tepat. Sementara itu, Ludi mengatakan kegiatan sosial tersebut diharapkan tidak berhenti pada peringatan Hari Bakti Postel tahun ini.Ia menyebut komunitas Postel Siar akan terus bertukar informasi mengenai kebutuhan masyarakat yang dapat menjadi dasar pelaksanaan kegiatan bersama pada masa mendatang. “Mungkin tahun ini kita berkunjung ke panti asuhan, mungkin ke depannya kita ada program-program lain yang bisa kita galang bersama untuk kita berbakti sama negara atau masyarakat sekitar kita,” ujarnya.Ludi menegaskan, kegiatan tersebut menjadi bagian dari upaya komunitas Postel Siar untuk memperkuat kepedulian dan pengabdian kepada masyarakat melalui kegiatan yang dapat dilakukan secara bersama-sama. 


                                
                                
                                
                                
                                
                                            
                                        
                                                                    

                                


                                
                                                                    
                                    
                                
                                                                                                                                                                                
                            
                            
                                                                        
                                                                
                                    
                                        
                                            Berita
                                        
                                    
                                    Terbaru Lainnya
                                
                                
                            
                            
                                    
                                    
                                        Memuat berita terbaru.....",RRI.co.id,"Dajan Peken, 82114, Tabanan, Tabanan, Bali, Indonesia",-8.536609490935,115.13552944186335,5,"2, 7","kejaksaan, kejatibali, kejaritabanan, tabanan, news"
Putri Koster Dorong Tenun Bali Tembus Panggung Fesyen Dunia,2026-09-26T05:25:00.000Z,"Kabupaten Tabanan, Bali, Indonesia",Putri Koster Dorong Tenun Bali Tembus Panggung Fesyen Dunia - RRI.co.id,Ketua Dewan Kerajinan Nasional Daerah (Dekranasda) Provinsi Bali Ny. Putri Suastini Koster.,"(Foto:Humas Pemprov Bali).
                                                    
                                                                                            
                                                                                                            
                                
                                RRI.CO.ID, Gianyar — Ketua Dewan Kerajinan Nasional Daerah (Dekranasda) Provinsi Bali Ny. Putri Suastini Koster mendorong desainer Bali terus mengembangkan karya berbasis kain tenun tradisional agar mampu menembus pasar dan panggung fesyen internasional.","Pada Hari Sabtu , 26 September 2026 05:25, Tabanan, Tabanan, Bali

Ketua Dewan Kerajinan Nasional Daerah (Dekranasda) Provinsi Bali Ny. Putri Suastini Koster. (Foto:Humas Pemprov Bali).
                                                    
                                                                                            
                                                                                                            
                                
                                RRI.CO.ID, Gianyar — Ketua Dewan Kerajinan Nasional Daerah (Dekranasda) Provinsi Bali Ny. Putri Suastini Koster mendorong desainer Bali terus mengembangkan karya berbasis kain tenun tradisional agar mampu menembus pasar dan panggung fesyen internasional. Menurut Putri Koster, kain tenun endek dan berbagai kain berciri khas Bali tidak hanya memiliki nilai budaya, tetapi juga berpotensi dikembangkan menjadi produk fesyen bernilai tambah sekaligus memperkuat identitas Bali di industri kreatif global.Putri Koster berharap kegiatan yang membuka ruang bagi desainer dan pelaku industri kreatif dapat digelar secara konsisten dan berkelanjutan. Menurutnya, penguatan ekosistem fesyen Bali perlu berjalan beriringan dengan pelestarian serta pengembangan kain tradisional.""Teruslah digaungkan, angkat juga kearifan tenun tradisional kita, hingga suatu saat Bali tidak hanya terkenal karena tariannya, tidak hanya terkenal dengan tembangnya, tetapi suatu saat nanti Bali bisa menjadi kiblat mode dunia selain negara-negara di Eropa,"" ujar Putri Koster.Ia menekankan bahwa upaya membawa fesyen Bali ke tingkat internasional membutuhkan proses, konsistensi, dan dukungan berbagai pihak. Ruang berkarya dan promosi bagi desainer perlu terus diperluas agar karya berbasis budaya Bali semakin dikenal di tingkat nasional maupun internasional.Putri Koster mencontohkan kiprah desainer Bali Nyoman Adi melalui TAKSU yang telah memperoleh kesempatan memperkenalkan karya dalam sejumlah agenda fesyen di luar negeri, termasuk Paris dan Jepang. Menurutnya, pengalaman tersebut menunjukkan bahwa desainer Bali memiliki peluang untuk membawa karya berbasis budaya lokal ke panggung internasional.Karena itu, ia berharap semakin banyak desainer Bali yang tumbuh dan berani mengembangkan karya dengan tetap berpijak pada kekayaan budaya lokal. 


                                
                                
                                
                                
                                
                                            
                                        
                                                                    

                                


                                
                                                                    
                                    
                                
                                                                                                                                                                                
                            
                            
                                                                        
                                                                
                                    
                                        
                                            Berita
                                        
                                    
                                    Terbaru Lainnya
                                
                                
                            
                            
                                    
                                    
                                        Memuat berita terbaru.....",RRI.co.id,"Dajan Peken, 82114, Tabanan, Tabanan, Bali, Indonesia",-8.536609490935,115.13552944186335,5,"2, 7","kejaksaan, kejatibali, kejaritabanan, tabanan, news"
Gianyar Intip Modernisasi Padi 100 Hektar di Jembrana,2026-09-26T05:22:00.000Z,"Kabupaten Tabanan, Bali, Indonesia",Gianyar Intip Modernisasi Padi 100 Hektar di Jembrana - RRI.co.id,"Gianyar Intip Modernisasi Padi 100 Hektar di Jembrana (Foto: Pemkab Gianyar)
                                                    
                                                                                            
                                                                                                            
                                
                                RRI.CO.ID, Gianyar - Pemerintah Kabupaten Gianyar melalui Dinas Pertanian melihat langsung penerapan teknologi modern pada kawasan padi skala luas 100 hektar di Kabupaten Jembrana. Sekretaris Dinas Pertanian Kabupaten Gianyar, I Gusti Ngurah Dibya Presasta, hadir dalam Panen Padi Bersama Program Piloting Perakitan dan Modernisasi Kawasan Padi dengan teknologi Pertanian Modern-Agriculture Advanced System (PM-AAS) di Balai Subak Tibubeleng, Desa Penyaringan, Kecamatan Mendoyo, Kamis 24 September 2026.Kehadiran Dinas Pertanian Gianyar menjadi bagian dari upaya memperluas referensi penerapan teknologi pertanian, sekaligus melihat langsung model pengelolaan kawasan padi skala luas yang dikembangkan di Jembrana.","“Kami hadir untuk melihat secara langsung bagaimana modernisasi pertanian diterapkan di lapangan. Ini menjadi pembelajaran penting bagi Gianyar, terutama bagaimana teknologi dapat diterapkan secara efektif tanpa mengabaikan kondisi dan karakteristik petani serta subak di daerah kita,” ujar I Gusti Ngurah Dibya Presasta.Program tersebut dilaksanakan Badan Perakitan dan Modernisasi Pertanian (BRMP) melalui BRMP Bali.","Pada Hari Sabtu , 26 September 2026 05:22, Tabanan, Tabanan, Bali

Gianyar Intip Modernisasi Padi 100 Hektar di Jembrana (Foto: Pemkab Gianyar)
                                                    
                                                                                            
                                                                                                            
                                
                                RRI.CO.ID, Gianyar - Pemerintah Kabupaten Gianyar melalui Dinas Pertanian melihat langsung penerapan teknologi modern pada kawasan padi skala luas 100 hektar di Kabupaten Jembrana. Sekretaris Dinas Pertanian Kabupaten Gianyar, I Gusti Ngurah Dibya Presasta, hadir dalam Panen Padi Bersama Program Piloting Perakitan dan Modernisasi Kawasan Padi dengan teknologi Pertanian Modern-Agriculture Advanced System (PM-AAS) di Balai Subak Tibubeleng, Desa Penyaringan, Kecamatan Mendoyo, Kamis 24 September 2026.Kehadiran Dinas Pertanian Gianyar menjadi bagian dari upaya memperluas referensi penerapan teknologi pertanian, sekaligus melihat langsung model pengelolaan kawasan padi skala luas yang dikembangkan di Jembrana. “Kami hadir untuk melihat secara langsung bagaimana modernisasi pertanian diterapkan di lapangan. Ini menjadi pembelajaran penting bagi Gianyar, terutama bagaimana teknologi dapat diterapkan secara efektif tanpa mengabaikan kondisi dan karakteristik petani serta subak di daerah kita,” ujar I Gusti Ngurah Dibya Presasta.Program tersebut dilaksanakan Badan Perakitan dan Modernisasi Pertanian (BRMP) melalui BRMP Bali. Piloting modernisasi kawasan padi seluas 100 hektar ini merupakan bagian dari program yang dikembangkan di 15 provinsi, termasuk Provinsi Bali.Menurut Dibya, modernisasi pertanian tidak sebatas penggunaan mesin dan teknologi, tetapi harus memberikan manfaat nyata bagi petani. “Yang paling penting bukan hanya teknologinya, tetapi manfaat akhirnya bagi petani. Modernisasi harus mampu meningkatkan efisiensi, produktivitas, mengurangi beban biaya produksi dan memberikan dampak terhadap kesejahteraan petani,” tegasnya.Bagi Gianyar, penerapan teknologi menjadi salah satu bagian penting dalam menghadapi tantangan pertanian, mulai dari efisiensi usaha tani, ketersediaan tenaga kerja hingga regenerasi petani. Karena itu, setiap inovasi perlu dikaji dan disesuaikan dengan kondisi lahan, karakteristik petani serta kelembagaan subak.“Kami tentu melihat apa yang bisa diadopsi dan disesuaikan dengan kondisi Gianyar. Tidak semua model bisa diterapkan begitu saja, sehingga perlu dikaji dari sisi lahan, komoditas, kelembagaan subak, kesiapan petani dan manfaat ekonominya,” jelas Dibya.Panen bersama tersebut turut dihadiri jajaran pemerintah daerah, BRMP Bali, penyuluh pertanian, Pengendali Organisme Pengganggu Tumbuhan (POPT), Perum Bulog, PT. Pupuk Indonesia, kelompok tani, pekaseh, krama subak serta pemangku kepentingan bidang pertanian lainnya. Melalui kegiatan ini, Dinas Pertanian Gianyar memperkuat pertukaran pengalaman dan kolaborasi dalam mendorong pertanian yang lebih modern, efisien dan produktif, dengan tetap menempatkan petani dan subak sebagai bagian penting pembangunan pertanian Bali. 


                                
                                
                                
                                
                                
                                            
                                        
                                                                    

                                


                                
                                                                    
                                    
                                
                                                                                                                                                                                
                            
                            
                                                                        
                                                                
                                    
                                        
                                            Berita
                                        
                                    
                                    Terbaru Lainnya
                                
                                
                            
                            
                                    
                                    
                                        Memuat berita terbaru.....",RRI.co.id,"Dajan Peken, 82114, Tabanan, Tabanan, Bali, Indonesia",-8.536609490935,115.13552944186335,5,"2, 7","kejaksaan, kejatibali, kejaritabanan, tabanan, news"
Tim SAR Gabungan Lakukan Pencarian Korban Terseret Arus di Pantai Gerokgak,2026-09-26T05:59:00.000Z,"Kabupaten Tabanan, Bali, Indonesia",Tim SAR Gabungan Lakukan Pencarian Korban Terseret Arus di Pantai Gerokgak - RRI.co.id,"RRI.CO.ID, Buleleng — Seorang anak berusia 11 tahun dilaporkan hilang setelah terseret arus saat berenang di Pantai Gerokgak, Kabupaten Buleleng, Bali, Kamis 24 September 2026 sore. Hingga pencarian hari pertama berakhir, korban belum ditemukan dan tim SAR gabungan masih melakukan pencarian.Korban diketahui bernama Gede Adimas Raditya Wibawa, siswa kelas 5 SD yang tinggal di Banjar Dinas Batuagung, Desa Gerokgak, Kabupaten Buleleng.","Kepala Kantor Pencarian dan Pertolongan Denpasar menerima laporan kejadian tersebut pada pukul 17.10 WITA dari Kadek Partha, anggota Polsek Gerokgak.Berdasarkan informasi yang dihimpun, korban berenang bersama dua anak lainnya di Pantai Gerokgak sekitar pukul 16.00 WITA. Ketiganya menggunakan styrofoam saat berenang.Sekitar pukul 16.30 WITA, ketiga anak tersebut terseret arus ke arah tengah laut.","Pada Hari Sabtu , 26 September 2026 05:59, Tabanan, Tabanan, Bali

RRI.CO.ID, Buleleng — Seorang anak berusia 11 tahun dilaporkan hilang setelah terseret arus saat berenang di Pantai Gerokgak, Kabupaten Buleleng, Bali, Kamis 24 September 2026 sore. Hingga pencarian hari pertama berakhir, korban belum ditemukan dan tim SAR gabungan masih melakukan pencarian.Korban diketahui bernama Gede Adimas Raditya Wibawa, siswa kelas 5 SD yang tinggal di Banjar Dinas Batuagung, Desa Gerokgak, Kabupaten Buleleng. Kepala Kantor Pencarian dan Pertolongan Denpasar menerima laporan kejadian tersebut pada pukul 17.10 WITA dari Kadek Partha, anggota Polsek Gerokgak.Berdasarkan informasi yang dihimpun, korban berenang bersama dua anak lainnya di Pantai Gerokgak sekitar pukul 16.00 WITA. Ketiganya menggunakan styrofoam saat berenang.Sekitar pukul 16.30 WITA, ketiga anak tersebut terseret arus ke arah tengah laut. Dua anak berhasil diselamatkan oleh warga, sedangkan Gede Adimas terseret arus dan kemudian menghilang.Koordinator Pos Pencarian dan Pertolongan Buleleng, Kadek Donny Indrawan mengatakan, setelah menerima laporan tersebut, operator komunikasi Kantor Pencarian dan Pertolongan Denpasar langsung berkoordinasi dengan Polsek Gerokgak dan keluarga korban. Pada pukul 17.30 WITA, enam personel Tim Rescue Pos Pencarian dan Pertolongan Buleleng bergerak menuju lokasi kejadian.Setibanya di lokasi, tim melakukan briefing untuk membagi tugas dan menentukan pola pencarian. Empat personel melakukan pencarian menggunakan rubber boat ke arah utara dari lokasi kejadian. Sementara itu, personel lainnya melakukan penyisiran melalui jalur darat ke arah timur sejauh 2,5 kilometer.""Pada pukul 18.10 WITA, rubber boat mengarah ke utara,"" jelasnya.Pencarian melalui jalur laut menggunakan rubber boat berlangsung hingga pukul 18.40 WITA. Setelah itu, tim melanjutkan pencarian melalui penyisiran darat ke arah barat dari lokasi kejadian.""Tim yang di lapangan, yakni di pesisir pantai, melaksanakan penyisiran ke arah timur dan barat,"" imbuhnya.Kadek Donny mengatakan tim SAR gabungan telah melakukan pencarian melalui jalur laut dan darat dengan mempertimbangkan kondisi di sekitar lokasi kejadian. ""Pencarian akan terus dilakukan selama tujuh hari apabila korban belum ditemukan, tentunya dengan memperhatikan kondisi cuaca, arus, serta situasi di lapangan,"" ujarnya.Pencarian pada hari pertama berakhir sekitar pukul 21.30 WITA. Namun, korban masih belum ditemukan. Tim SAR gabungan dijadwalkan melanjutkan pencarian pada Jumat 25 September 2026 pagi sesuai rencana operasi dan perkembangan kondisi di lapangan.Sejumlah unsur terlibat dalam operasi pencarian tersebut, di antaranya Pos Pencarian dan Pertolongan Buleleng, Polairud Polda Bali, Polairud Polres Gerokgak, Polsek Gerokgak, Babinsa Gerokgak, TNI AL Celukan Bawang, Camat Gerokgak beserta perangkat desa, Cendana Mutiara, Satpol PP Gerokgak, serta keluarga korban.",RRI.co.id,"Dajan Peken, 82114, Tabanan, Tabanan, Bali, Indonesia",-8.536609490935,115.13552944186335,5,"2, 7","kejaksaan, kejatibali, kejaritabanan, tabanan, news"
Puluhan Gempabumi Guncang Bali Tidak Dirasakan Masyarakat,2026-09-27T02:02:00.000Z,"Kabupaten Tabanan, Bali, Indonesia",Puluhan Gempabumi Guncang Bali Tidak Dirasakan Masyarakat - RRI.co.id,"Puluhan Gempabumi Guncang Bali sepanjang minggu ke 3 bulan September dan tidak dirasakan masyarakat (Foto : Stasiun Geofisika Denpasar)
                                                    
                                                                                            
                                                                                                            
                                
                                RRI.CO.ID, Denpasar - Puluhan gempabumi yang didominasi gempabumi dangkal kembali mengguncang Pulau Dewata dan wilayah sekitarnya sepanjang minggu ke 3 bulan September 2026. Berdasarkan data Stasiun Geofisika Denpasar, daerah Bali dan sekitarnya dilanda 28 gempabumi dengan magnitudo bervariasi mulai dari 1.8 sampai 4.6.PMG Ahli Pertama Stasiun Geofiska Denpasar Muhammad Azany Harits kepada RRI.CO.ID di Denpasar mengatakan, puluhan gempabumi yang didominasi gempa dangkal tersebut diperkirakan berasosiasi dengan subduksi Indo Australia-Eurasia dan sesar aktif.","Ia menjelaskan, dari total gempa yang terjadi, 82 persen atau 23 kejadian gempabumi tercatat bermagnitudo kurang dari 3. Sedangkan 5 kejadian gempa bumi dengan mangnitudo 3 hingga kurang dari 5 atau 17 persen dari total kejadian gempabumi dan tidak terdapat gempabumi dengan magnitudo lebih dari 5.","Pada Hari Minggu , 27 September 2026 02:02, Tabanan, Tabanan, Bali

Puluhan Gempabumi Guncang Bali sepanjang minggu ke 3 bulan September dan tidak dirasakan masyarakat (Foto : Stasiun Geofisika Denpasar)
                                                    
                                                                                            
                                                                                                            
                                
                                RRI.CO.ID, Denpasar - Puluhan gempabumi yang didominasi gempabumi dangkal kembali mengguncang Pulau Dewata dan wilayah sekitarnya sepanjang minggu ke 3 bulan September 2026. Berdasarkan data Stasiun Geofisika Denpasar, daerah Bali dan sekitarnya dilanda 28 gempabumi dengan magnitudo bervariasi mulai dari 1.8 sampai 4.6.PMG Ahli Pertama Stasiun Geofiska Denpasar Muhammad Azany Harits kepada RRI.CO.ID di Denpasar mengatakan, puluhan gempabumi yang didominasi gempa dangkal tersebut diperkirakan berasosiasi dengan subduksi Indo Australia-Eurasia dan sesar aktif. Ia menjelaskan, dari total gempa yang terjadi, 82 persen atau 23 kejadian gempabumi tercatat bermagnitudo kurang dari 3. Sedangkan 5 kejadian gempa bumi dengan mangnitudo 3 hingga kurang dari 5 atau 17 persen dari total kejadian gempabumi dan tidak terdapat gempabumi dengan magnitudo lebih dari 5. “Puluhan gempa bumi kembali mengguncang Bali dan wilayah sekitarnya. Gempa dangkal yang terjadi sepanjang minggu ke 3 bulan September itu DIDOMINai gwmp DAngkal dan tidak dirasakan masyarakat,” ujarnya.Sementara berdasarkan kedalaman, Azany Harits mengungkapkan, gempabumi yang mendominasi merupakan gempabumi dangkal kurang dari 60 km sebanyak 67 persen dari total kejadian gempabumi. Selama periode ini tidak terdapat kejadian gempabumi yang dirasakan masyarakat di wilayah bali dan sekitarnya.""Gempabumi dangkal sebanyak 19 kejadian, 9 kejadian gempabumi dengan kedalaman menengah antara 60 - 300 km atau 32 persen dari total kejadian gempabumi, dan nihil gempabumi dengan kedalaman lebih dari 300 km,” tuturnya.Stasiun Geofisika Denpasar juga mencatat kejadian gempabumi yang terjadi di Bali dan wilayah sekitarnya berdasarkan sumber gempa. Sebanyak 22 kejadian gempabumi terjadi di selatan Pulau Jawa, Bali, dan Lombok yang diperkirakan berasosiasi dengan subduksi Indo Australia-Eurasia. Serta 6 kejadian gempabumi terjadi menyebar di wilayah Pulau Bali, Lombok dan sekitarnya diperkirakan berkaitan dengan sesar di belakang busur Flores dan aktivitas sesar aktif. 


                                
                                
                                
                                
                                
                                            
                                        
                                                                    

                                


                                
                                                                    
                                    
                                
                                                                                                                                                                                
                            
                            
                                                                        
                                                                
                                    
                                        
                                            Berita
                                        
                                    
                                    Terbaru Lainnya
                                
                                
                            
                            
                                    
                                    
                                        Memuat berita terbaru.....",RRI.co.id,"Dajan Peken, 82114, Tabanan, Tabanan, Bali, Indonesia",-8.536609490935,115.13552944186335,5,"2, 7","kejaksaan, kejatibali, kejaritabanan, tabanan, news"
Kecelakaan Pesawat hingga Ancaman Bom Bandara Ngurah Rai Uji Respons Darurat,2026-09-26T05:17:00.000Z,"Kabupaten Tabanan, Bali, Indonesia","Kecelakaan Pesawat hingga Ancaman Bom, Bandara Ngurah Rai Uji Respons Darurat - RRI.co.id","RRI.CO.ID, Mangupura – Bandara Internasional I Gusti Ngurah Rai Bali menggelar Airport Emergency Exercise (AEE) atau latihan penanganan keadaan darurat skala penuh pada Rabu, 23 September 2026. Latihan ini melibatkan berbagai instansi dan komunitas bandara untuk menguji kesiapan menghadapi kebakaran, gangguan keamanan, hingga kecelakaan pesawat.General Manager PT Angkasa Pura Indonesia (Persero) atau InJourney Airports Kantor Cabang Bandara Internasional I Gusti Ngurah Rai Bali, Nugroho Jati, mengatakan kesiapsiagaan penting untuk memastikan penanganan keadaan darurat dapat dilakukan secara terkoordinasi.","Bandara Ngurah Rai sebagai pintu gerbang udara utama Bali melayani hingga 24 juta penumpang dan lebih dari 140 ribu pergerakan pesawat setiap tahunnya.“Sebagai pintu gerbang udara utama di Bali yang melayani hingga 24 juta penumpang dan lebih dari 140 ribu pergerakan pesawat setiap tahunnya, langkah mitigasi dan kesiapsiagaan seluruh instansi dalam menghadapi keadaan darurat menjadi sangat penting. Pelaksanaan Airport Emergency Exercise di hari ini menjadi komitmen kami untuk menjaga dan memastikan standar keselamatan, keamanan, dan pelayanan di Bandara I Gusti Ngurah Rai Bali senantiasa terjaga,” ujar Nugroho Jati.AEE mencakup tiga skenario, yakni Building Fire Exercise, Airport Security Exercise, dan Aircraft Accident Exercise.","Pada Hari Sabtu , 26 September 2026 05:17, Tabanan, Tabanan, Bali

RRI.CO.ID, Mangupura – Bandara Internasional I Gusti Ngurah Rai Bali menggelar Airport Emergency Exercise (AEE) atau latihan penanganan keadaan darurat skala penuh pada Rabu, 23 September 2026. Latihan ini melibatkan berbagai instansi dan komunitas bandara untuk menguji kesiapan menghadapi kebakaran, gangguan keamanan, hingga kecelakaan pesawat.General Manager PT Angkasa Pura Indonesia (Persero) atau InJourney Airports Kantor Cabang Bandara Internasional I Gusti Ngurah Rai Bali, Nugroho Jati, mengatakan kesiapsiagaan penting untuk memastikan penanganan keadaan darurat dapat dilakukan secara terkoordinasi. Bandara Ngurah Rai sebagai pintu gerbang udara utama Bali melayani hingga 24 juta penumpang dan lebih dari 140 ribu pergerakan pesawat setiap tahunnya.“Sebagai pintu gerbang udara utama di Bali yang melayani hingga 24 juta penumpang dan lebih dari 140 ribu pergerakan pesawat setiap tahunnya, langkah mitigasi dan kesiapsiagaan seluruh instansi dalam menghadapi keadaan darurat menjadi sangat penting. Pelaksanaan Airport Emergency Exercise di hari ini menjadi komitmen kami untuk menjaga dan memastikan standar keselamatan, keamanan, dan pelayanan di Bandara I Gusti Ngurah Rai Bali senantiasa terjaga,” ujar Nugroho Jati.AEE mencakup tiga skenario, yakni Building Fire Exercise, Airport Security Exercise, dan Aircraft Accident Exercise. Latihan tersebut sekaligus menguji koordinasi, komunikasi, dan komando antarunit serta instansi komunitas bandara, termasuk sejumlah dokumen penanganan keadaan darurat.“Dalam Airport Emergency Exercise ini, fungsi koordinasi, komunikasi, dan komando antar unit dan instansi komunitas bandara diuji. Selain menguji kesiapsiagaan personel, latihan AEE juga menjadi upaya kami untuk menguji berbagai SOP dan dokumen, di antaranya adalah dokumen penanggulangan keadaan darurat bandara atau Airport Emergency Plan (AEP), dokumen program keamanan bandara atau Airport Security Programme (ASP), serta dokumen rencana mitigasi bencana di bandara atau Airport Disaster Management Plan (ADMP),” lanjut Nugroho Jati.Pada Building Fire Exercise, skenario diawali gempa bumi berkekuatan 5,9 skala Richter dengan titik gempa di sekitar Selat Lombok dan kedalaman 8 kilometer. Gempa tersebut memicu kepanikan pengguna jasa dan berdampak terhadap aktivitas di Hotel Novotel yang berada di kawasan bandara hingga terjadi korsleting dan kebakaran di area dapur.Petugas hotel berupaya memadamkan api menggunakan alat pemadam api ringan atau APAR, tetapi api semakin besar dan tidak terkendali. Unit Airport Rescue & Fire Fighting (ARFF) kemudian dikerahkan untuk memadamkan api dan mengevakuasi korban yang terdampak kepulan asap.Skenario kebakaran tersebut menguji kesiapan personel ARFF, jalur komunikasi, serta penerapan Airport Disaster Management Plan (ADMP). Latihan ini difokuskan pada penanganan kebakaran gedung dan evakuasi korban di kawasan bandara.Skenario kedua berupa Airport Security Exercise yang menggambarkan ancaman bom di ruang tunggu keberangkatan General Aviation Terminal (GAT) di sisi selatan runway. Seorang petugas kebersihan dalam skenario tersebut membawa ransel berisi bom rakitan untuk masuk ke area terminal.Personel Airport Security kemudian memeriksa ransel menggunakan mesin x-ray dan menemukan rangkaian bom di dalamnya. Setelah ransel ditinggalkan, dilakukan koordinasi dengan instansi terkait untuk menangani ancaman keamanan tersebut.Latihan ini menguji kesiapan personel Airport Security, peralatan pemeriksaan, serta koordinasi antarinstansi yang tergabung dalam Airport Security Committee, termasuk Pecalang. Dokumen Airport Security Programme (ASP) turut diuji untuk memastikan prosedur penanganan ancaman terhadap keamanan dan keselamatan penerbangan berjalan sesuai ketentuan.AEE ditutup dengan Aircraft Accident Exercise yang mensimulasikan kecelakaan pesawat Boeing 777-200ER milik Angkasa Air dengan nomor penerbangan AA239. Pesawat yang membawa 350 penumpang dan awak tersebut disimulasikan mengalami kecelakaan sesaat setelah touchdown di landasan pacu dan kemudian terbakar.Informasi kecelakaan dalam skenario diterima dari petugas Air Traffic Control (ATC) di menara AirNav Indonesia. Personel ARFF kemudian bergerak menuju lokasi untuk memadamkan api dan mengevakuasi penumpang.Penanganan simulasi melibatkan Kantor Otoritas Bandara, AirNav Indonesia, KNKT, Imigrasi, Bea Cukai, Balai Besar Kekarantinaan Kesehatan, ground handling, maskapai penerbangan, Kepolisian, TNI AU, rumah sakit, dan pemadam kebakaran. Dari 350 penumpang dan awak pesawat dalam skenario tersebut, 187 orang dinyatakan selamat, 143 orang mengalami luka-luka, dan 20 orang dinyatakan meninggal dunia.“Dalam Airport Emergency Exercise skala penuh ini turut diikuti oleh berbagai instansi anggota komunitas bandara dan instansi eksternal lainnya, dengan tujuan untuk memperkuat jalur koordinasi dan komunikasi jika terjadi kondisi darurat yang sebenarnya. Tentunya kami menyampaikan rasa terima kasih dan apresiasi atas keikutsertaan dalam AEE ini,” ujar Nugroho Jati.Sebelum pelaksanaan latihan, Bandara Ngurah Rai telah menyosialisasikan AEE kepada pengguna jasa dan masyarakat umum. Sosialisasi tersebut dilakukan agar latihan tidak berdampak terhadap pelayanan penumpang selama kegiatan berlangsung.“Sebelumnya, kami telah menyampaikan sosialisasi kepada pengguna jasa bandara dan masyarakat umum terkait pelaksanaan AEE ini, sehingga tidak berdampak terhadap pelayanan penumpang. Kami turut menyampaikan terima kasih kepada seluruh pengguna jasa bandara atas atensi dan kerja sama yang baik selama pelaksanaan AEE,” pungkas Nugroho Jati.",RRI.co.id,"Dajan Peken, 82114, Tabanan, Tabanan, Bali, Indonesia",-8.536609490935,115.13552944186335,5,"2, 7","kejaksaan, kejatibali, kejaritabanan, tabanan, news"
Aksi Sopir Truk Blokade Ketapang Antrean Gilimanuk Kembali Mengular,2026-09-28T01:08:00.000Z,"Kabupaten Tabanan, Bali, Indonesia","Aksi Sopir Truk Blokade Ketapang, Antrean Gilimanuk Kembali Mengular - RRI.co.id","Kondisi kemacetan kendaraan menuju Pelabuhan Gilimanuk, Kabupaten Jembrana, kembali mengalami antrean panjang sejak Sabtu malam 26 September 2026 malam hingga Minggu 27 September 2026. (Foto: Polsek Gilimanuk)
                                                    
                                                                                            
                                                                                                            
                                
                                RRI.CO.ID, Jembrana - Imbas aksi protes dan blokade yang dilancarkan para sopir truk di Pelabuhan Ketapang, Banyuwangi, pelayanan penyeberangan Selat Bali mendadak melumpuh.","Dampak domino dari ketegangan di Ketapang tersebut memicu kemacetan parah di Pelabuhan Gilimanuk, Kabupaten Jembrana, sejak Sabtu 26 September 2026 malam hingga Minggu 27 September 2026.Ribuan kendaraan terpaksa tertahan dan mengantre hingga puluhan kilometer untuk bisa menyeberang. Puncak kepadatan terjadi pada Sabtu malam, di mana ekor antrean kendaraan meluber hingga sejauh 10 kilometer dari areal pelabuhan.""Semalam ekor antrean dari Pelabuhan Gilimanuk mengular hingga ke kawasan hutan Mbah Temon di Banjar Klatakan, Desa Melaya,"" ungkap Kanit Lantas Polsek Kawasan Pelabuhan Gilimanuk AKP Kukuh Emanuel pelabuhan, Minggu 27 September 2026.Lumpuhnya kantong-kantong parkir di dalam pelabuhan tak hanya memadati Jalan Nasional Denpasar-Gilimanuk, tetapi juga memicu keresahan warga lokal.","Pada Hari Senin , 28 September 2026 01:08, Tabanan, Tabanan, Bali

Kondisi kemacetan kendaraan menuju Pelabuhan Gilimanuk, Kabupaten Jembrana, kembali mengalami antrean panjang sejak Sabtu malam 26 September 2026 malam hingga Minggu 27 September 2026. (Foto: Polsek Gilimanuk)
                                                    
                                                                                            
                                                                                                            
                                
                                RRI.CO.ID, Jembrana - Imbas aksi protes dan blokade yang dilancarkan para sopir truk di Pelabuhan Ketapang, Banyuwangi, pelayanan penyeberangan Selat Bali mendadak melumpuh. Dampak domino dari ketegangan di Ketapang tersebut memicu kemacetan parah di Pelabuhan Gilimanuk, Kabupaten Jembrana, sejak Sabtu 26 September 2026 malam hingga Minggu 27 September 2026.Ribuan kendaraan terpaksa tertahan dan mengantre hingga puluhan kilometer untuk bisa menyeberang. Puncak kepadatan terjadi pada Sabtu malam, di mana ekor antrean kendaraan meluber hingga sejauh 10 kilometer dari areal pelabuhan.""Semalam ekor antrean dari Pelabuhan Gilimanuk mengular hingga ke kawasan hutan Mbah Temon di Banjar Klatakan, Desa Melaya,"" ungkap Kanit Lantas Polsek Kawasan Pelabuhan Gilimanuk AKP Kukuh Emanuel pelabuhan, Minggu 27 September 2026.Lumpuhnya kantong-kantong parkir di dalam pelabuhan tak hanya memadati Jalan Nasional Denpasar-Gilimanuk, tetapi juga memicu keresahan warga lokal. Demi menghindari kemacetan utama, sejumlah oknum sopir kendaraan besar nekat menerobos dan menyusup ke gang-gang permukiman warga.Lurah Gilimanuk, Ida Bagus Tony Wirahadikusuma, menegaskan pihaknya menerima banyak aduan dari warga yang merasa ruang geraknya terisolasi akibat kendaraan besar yang memadati kawasan pemukiman tanpa pengawasan ketat. ""Warga sangat keberatan. Kendaraan besar masuk ke gang-gang dan menyulitkan aktivitas harian warga, terutama saat hendak beribadah di sekitar Pasar dan Masjid Al-Mubarok, maupun warga yang sedang menggelar hajatan,"" tegas Tony. Padahal, rapat koordinasi bersama kepolisian dan pihak ASDP telah digelar sebelumnya, namun tumpahan arus kendaraan tetap tak terbendung.Hingga Minggu siang, antrean kendaraan dari arah Bali masih terpantau mengekor dari pintu masuk (gate) pelabuhan hingga ke kawasan Monumen Lintas Laut Gilimanuk. Menanggapi situasi ini, Kapolsek Kawasan Pelabuhan Gilimanuk, AKP Gusti Kade Alit Mudiarsa, menyatakan bahwa secara umum situasi keamanan di area penyeberangan masih terkendali. Kepadatan meluas murni merupakan dampak langsung dari penutupan akses masuk di Pelabuhan Ketapang pasca-aksi mogok sopir. Guna mengurai benang kusut kemacetan, Polres Jembrana menerjunkan personel tambahan dari Satuan Lalu Lintas dan Satuan Samapta di berbagai titik krusial.""Kami memperkuat pengarahan lalu lintas di lapangan dan mengimbau seluruh pengguna jalan agar tetap tertib, mematuhi arahan petugas, serta tidak memotong jalur yang justru berpotensi memperparah kemacetan,"" ujar AKP Alit Mudiarsa. 


                                
                                
                                
                                
                                
                                            
                                        
                                                                    

                                


                                
                                                                    
                                    
                                
                                                                                                                                                                                
                            
                            
                                                                        
                                                                
                                    
                                        
                                            Berita
                                        
                                    
                                    Terbaru Lainnya
                                
                                
                            
                            
                                    
                                    
                                        Memuat berita terbaru.....",RRI.co.id,"Dajan Peken, 82114, Tabanan, Tabanan, Bali, Indonesia",-8.536609490935,115.13552944186335,5,"2, 7","kejaksaan, kejatibali, kejaritabanan, tabanan, news"
Hindus Throng Festival at Penataran Agung Temple of Ulundanu Beratan,2019-07-10T07:00:00.000Z,"Kabupaten Tabanan, Bali, Indonesia",Hindus Throng Festival at Penataran Agung Temple of Ulundanu Beratan - BALIPOST.com,"TABANAN, BALIPOST.com — Thousands of pilgrims from various regions thronged Penataran Agung Temple of Ulundanu Beratan, Baturiti, on Tuesday (Jul. 9) that coincided with Anggarakasih Julungwangi.","They came to say prayers in a series of Pujawali Ageng or grandiose ceremonies held at the local temple.Nevertheless, on days such as full moon, new moon and other major Hindu holidays, many Hindus also come to perform joint worship including the Melasti and Nyegara Gunung ceremonies. Regarding the pujawali ageng, Coordinator of Ulundanu Beratan Temple, I Putu Suma Artha, stated the series of pujawali ceremonies had been started since the beginning of the month or precisely on July 2, 2019 consisting of pengalah sasih and negtegan carried out by the supporting pilgrims of the Ulundanu Beratan Temple.","Pada Hari Rabu , 10 Juli 2019 07:00, Tabanan, Tabanan, Bali

TABANAN, BALIPOST.com — Thousands of pilgrims from various regions thronged Penataran Agung Temple of Ulundanu Beratan, Baturiti, on Tuesday (Jul. 9) that coincided with Anggarakasih Julungwangi. They came to say prayers in a series of Pujawali Ageng or grandiose ceremonies held at the local temple.Nevertheless, on days such as full moon, new moon and other major Hindu holidays, many Hindus also come to perform joint worship including the Melasti and Nyegara Gunung ceremonies. Regarding the pujawali ageng, Coordinator of Ulundanu Beratan Temple, I Putu Suma Artha, stated the series of pujawali ceremonies had been started since the beginning of the month or precisely on July 2, 2019 consisting of pengalah sasih and negtegan carried out by the supporting pilgrims of the Ulundanu Beratan Temple. Then, it was resumed on July 6 with the pakeling pujawali ceremony, mendak pekuluh and ngias. Meanwhile, the mecaru and mesucian ceremony were held on Monday or Soma Wage (Jul. 8), and then peak of the pujawali ageng was held on Anggarakasih Julungwangi or Tuesday (Jul. 9) commenced with the piodalan in the respective lawa. After holding the peak of piodalan, there were nganyarin ceremonies for three days and was closed on Sukra Pon or Friday (Jul. 12). “This piodalan is not only an obligation of the supporting pilgrims, but also has the objective to result in harmony as well as prosperity of life for the community or the entire Hindu fellows,” he said. He explained that Ulundanu Beratan Temple is supported by 800 families from 4 satakan villages or gebog satak, consisting of 15 customary villages and three chief of core customary villages and Marga Grand Place serves patron. Ulundanu Beratan Temple at Bedugul is also one of the most popular tourist attractions in Bali, located at Candi Kuning village, Baturiti, Tabanan. Aside from being a historical tourism, the pilgrims can take pleasure in natural attractions and lake water recreation activities. (Puspawati/balipost)",BALIPOST.com,"Dajan Peken, 82114, Tabanan, Tabanan, Bali, Indonesia",-8.536609490935,115.13552944186335,5,"2, 7","kejaksaan, kejatibali, kejaritabanan, tabanan, news"
Tabanan Sudah Keluarkan SE PPKM Sejumlah Fasilitas Ini Ditutup Sementara,2021-01-10T08:00:00.000Z,"Kabupaten Tabanan, Bali, Indonesia","Tabanan Sudah Keluarkan SE PPKM, Sejumlah Fasilitas Ini Ditutup Sementara - BALIPOST.com","I Gede Susila. (BP/dok)TABANAN, BALIPOST.com – Sejumlah kabupaten/kota di Bali pada 11 hingga 25 Januari menggelar pemberlakuan pembatasan kegiatan masyarakat (PPKM).","Salah satunya adalah Tabanan.Bupati Tabanan Ni Putu Eka Wiryastuti sudah menindaklanjuti dengan mengeluarkan surat edaran (SE). Penerapannya di lapangan nantinya akan dilaksanakan dengan tegas oleh tim yustisi dalam hal ini Satpol PP bersinergi dengan TNI dan Polri.Surat Edaran Nomor 517/120/BPBD ditujukan kepada Camat se-Kabupaten Tabanan, Perbekel, Bendesa Adat maupun Pengelola Gedung atau Tempat Olahraga.","Pada Hari Minggu , 10 Januari 2021 08:00, Tabanan, Tabanan, Bali

I Gede Susila. (BP/dok)TABANAN, BALIPOST.com – Sejumlah kabupaten/kota di Bali pada 11 hingga 25 Januari menggelar pemberlakuan pembatasan kegiatan masyarakat (PPKM). Salah satunya adalah Tabanan.Bupati Tabanan Ni Putu Eka Wiryastuti sudah menindaklanjuti dengan mengeluarkan surat edaran (SE). Penerapannya di lapangan nantinya akan dilaksanakan dengan tegas oleh tim yustisi dalam hal ini Satpol PP bersinergi dengan TNI dan Polri.Surat Edaran Nomor 517/120/BPBD ditujukan kepada Camat se-Kabupaten Tabanan, Perbekel, Bendesa Adat maupun Pengelola Gedung atau Tempat Olahraga. SE ini mengacu pada Perbup Nomor 44 tahun 2020 tentang disiplin penegakan hukum protokol kesehatan sebagai upaya mencegah penyebaran COVID-19 di Tabanan.Menurut Sekretaris Satgas Penanganan Covid19 Tabanan, I Gede Susila, surat edaran tersebut berisi sejumlah poin pengetatan atau pembatasan kegiatan masyarakat. Sejumlah fasilitas publik di Kabupaten, Kecamatan dan Desa dihentikan sementara atau ditutup.Contohnya, kegiatan atau aktivitas di Gedung Kesenian I Ketut Maria dan Taman Garuda Wisnu Serasi (GWS). Kegiatan atau aktivitas di gedung-gedung atau tempat olahraga juga sementara ini dihentikan atau ditutup.Selain itu, seluruh kegiatan atau aktivitas di wantilan atau balai banjar. Edaran ini berlaku sampai batas waktu yang tidak ditentukan. “Pemberlakukan PKM ini, intinya mempertegas kembali aturan-aturan yang sebelumnya sudah pernah dikeluarkan di Tabanan. Seperti pembatasan kegiatan di fasilitas umum seperti lapangan, gedung dan lain sebagainya,” terangnya.Pembatasan jam operasional pedagang juga kembali diatur. Namun kali ini pembatasannya lebih ketat lagi, dulunya buka sampai pukul 22.00 WITA, mulai tanggal 11 Januari nanti batas maksimalnya sampai pukul 21.00 WITA.Kegiatan upacara adat juga dibatasi seperti sebelumnya. Dia mengakui beberapa waktu belakangan ini memang sempat agak longgar. “Kita juga nanti akan mengeluarkan surat edaran penegasan kembali terkait aturan yang sebelumnya, dan penerapannya di lapangan juga nanti akan dilaksanakan dengan tegas oleh tim yustisi dalam hal ini Satpol PP yang bersinergi dengan TNI dan Polri,” tegasnya. (Puspawati/balipost)",BALIPOST.com,"Dajan Peken, 82114, Tabanan, Tabanan, Bali, Indonesia",-8.536609490935,115.13552944186335,5,"2, 7","kejaksaan, kejatibali, kejaritabanan, tabanan, news"
Penuhi Stok PMI Tabanan Buka Layanan Donor Darah di Kantor Lama,2020-04-14T07:00:00.000Z,"Kabupaten Tabanan, Bali, Indonesia","Penuhi Stok, PMI Tabanan Buka Layanan Donor Darah di Kantor Lama - BALIPOST.com","Donor darah. (BP/ist)TABANAN, BALIPOST.com – Mewabahnya virus Corona atau Covid-19 tentunya berdampak pada ketersediaan darah di ruang penyimpanan Unit Donor Darah Palang Merah Indonesia (PMI) Tabanan.","Ini disebabkan banyak dibatalkannya kegiatan donor darah.Kendati demikian, Kepala UDD PMI Kabupaten Tabanan dr Nyoman Gede Sumardika, mengatakan untuk bisa memenuhi kebutuhan stok darah yang ada di PMI, pihaknya membuka layanan donor darah di markas lama PMI yang berlokasi di jalan Rama No.3A Tabanan atau di sebelah Taman Makam Pahlawan. Bagi masyarakat yang hendak mendonorkan darahnya bisa datang langsung ke temmpat tersebut dan akan diberikan 1 pcs hand sanitizer.Layanan donor darah di kantor markas lama ini dibuka mulai pukul 08.00 WITA sampai dengan pukul 13.30 WITA tiap harinya.","Pada Hari Selasa , 14 April 2020 07:00, Tabanan, Tabanan, Bali

Donor darah. (BP/ist)TABANAN, BALIPOST.com – Mewabahnya virus Corona atau Covid-19 tentunya berdampak pada ketersediaan darah di ruang penyimpanan Unit Donor Darah Palang Merah Indonesia (PMI) Tabanan. Ini disebabkan banyak dibatalkannya kegiatan donor darah.Kendati demikian, Kepala UDD PMI Kabupaten Tabanan dr Nyoman Gede Sumardika, mengatakan untuk bisa memenuhi kebutuhan stok darah yang ada di PMI, pihaknya membuka layanan donor darah di markas lama PMI yang berlokasi di jalan Rama No.3A Tabanan atau di sebelah Taman Makam Pahlawan. Bagi masyarakat yang hendak mendonorkan darahnya bisa datang langsung ke temmpat tersebut dan akan diberikan 1 pcs hand sanitizer.Layanan donor darah di kantor markas lama ini dibuka mulai pukul 08.00 WITA sampai dengan pukul 13.30 WITA tiap harinya. Selain jam layanan tersebut, kegiatan donor darah juga dilayani di BRSU Tabanan mulai pukul 14.00 WITA sampai 20.00 WITA atau hari libur. “PMI tetap melayani pelayanan darah. Kebutuhan darah tentu tidak bisa ditunda, pasien di rumah sakit yang membutuhkan transfusi tentu harus tetap menjadi perhatian. Dan ini merupakan salah satu upaya kami untuk mengajak masyrakat mendonorkan darahnya,” terangnya.Dan terkait layanan donor darah di kantor lama, lanjut kata dr. Sumardika akan dibuka selama pandemi dan sampai pengambilan donor ke tempat unit donor normal kembali. Pihaknya juga memastikan kegiatan mendonorkan darah tetap aman dilakukan.Masyarakat diimbau selalu menjaga kesehatan, menerapkan perilaku hidup bersih dan sehat, cuci tangan dengan sabun, menerapkan etika bersin dan batuk. “Untuk yang standby di kantor markas lama satu tim, tetapi kalau dibutuhkan lebih untuk di tempat lain, kita siapkan tim lain, maksimal kita punya 3 tim,” ucapnya.Stok darah mulai menipis sejak awal Maret 2020. Padahal permintaan sangat tinggi. Per hari saja permintaanya diangka 15-20 kantong.Data Selasa (14/4) untuk darah A hanya ada untuk jenis Whole Blood (WB) tersedia 5 kantong, jenis Pakced Red Cell (PRC) tersedia 1 kantong dan jenis thrombocyte Concencrate (TC) kosong . Dan darah B jenis darah WB tersedia 3 kantong, darah PRC tersedia 1 kantong dan darah TC kosong. Sementara darah O bisa dibilang sangat menipis.Untuk jenis WB hanya tersedia 5 kantong, jenis PRC tersedia 1 kantong dan jenis TC kosong juga kosong alias tidak ada stok. Dan darah AB jenis darah WB tersedia 15 kantong, untuk jenis PRC ada 6 kantong dan jenis TC juga 6 kantong.Ketersediaan stok darah ini biasanya diperuntukkan untuk seluruh rumah sakit di Tabanan baik swasta maupun negeri. Dimana sekitar 85 persen diperuntukkan untuk pasien di BRSU Tabanan. “Kita hanya bisa berharap wabah virus ini segera berlalu dan bisa beraktifitas normal kembali,” pungkasnya. (Puspawati/balipost)",BALIPOST.com,"Dajan Peken, 82114, Tabanan, Tabanan, Bali, Indonesia",-8.536609490935,115.13552944186335,5,"2, 7","kejaksaan, kejatibali, kejaritabanan, tabanan, news"
Wisata Bali Kebun Raya Eka Karya di Tabanan Buka Kembali,2020-07-22T07:00:00.000Z,"Kabupaten Tabanan, Bali, Indonesia","Wisata Bali, Kebun Raya Eka Karya di Tabanan Buka Kembali - Kompas.com","KOMPAS.com - Lembaga Ilmu Pengetahuan Indonesia (LIPI) membuka kembali Kebun Raya Eka Karya Bali pada Rabu (22/7/2020) dengan penerapan protokol pencegahan Covid-19.
""Pembukaan ini menjadi momentum bagi Kebun Raya Eka Karya Bali untuk kembali memberikan layanan eduwisata dengan standar layanan yang lebih baik sesuai dengan Protokol Kesehatan,"" kata Kepala Balai Konservasi Tumbuhan Kebun Raya Eka Karya Bali LIPI Didit Okta Pribadi dalam keterangan tertulis yang diterima ANTARA, Selasa (21/7/2020).Baca juga: Kebun Raya Bogor Buka Kembali, Pesan Tiket Online Dulu
Pembukaan kembali tersebut merujuk pada Surat Keputusan Kepala LIPI Nomor 155/F/2020 tentang Pembukaan Kembali Layanan Kebun Raya di Lingkungan LIPI dan disertai dengan sejumlah protokol kunjungan di kawasan Kebun Raya.
Kebun Raya Eka Karya Bali kembali dibuka untuk kunjungan umum setelah pihak pengelola menerima Sertifikat Tatanan Kehidupan Era Baru Bidang Pariwisata Menuju Tabanan Aman dan Produktif Nomor 556/2353/DISPAR yang diserahkan oleh Bupati Tabanan Ni Putu Eka Wiryastuti pada Senin (20/7).
Sebelumnya, LIPI telah membuka kembali Kebun Raya Bogor dan Kebun Raya Cibodas pada 7 Juli 2020.




https://kebunraya.id/bal Kebun Raya Eka Karya Bali 
Pembatasan pengunjung
Didit mengatakan selain menjalankan protokol kesehatan, pembukaan kembali Kebun Raya Eka Karya Bali juga menerapkan fase nol dengan ketentuan pembatasan kuota pengunjung sebanyak 1.500 orang dalam satu waktu.
""Untuk dapat melangkah ke fase berikutnya, pelaksanaan fase nol ini akan dievaluasi secara bertahap, jika sudah memenuhi standar, baru boleh mengimplementasikan fase selanjutnya dengan penambahan kuota pengunjung,” ujar Didit.
Dia menuturkan ada tiga fase yang harus dilalui hingga mencapai standar pelayanan publik sesuai dengan ketentuan adaptasi kebiasaan baru.
Didit berharap pengunjung dapat mengikuti protokol kunjungan yang berlaku di Kebun Raya Eka Karya Bali untuk bersama-sama membantu mencegah penyebaran pandemi Covid-19.
Baca juga: 5 Tempat Wisata di Tabanan Bali Buka Kembali, Salah Satunya Tanah Lot
Protokol kesehatanSelama berkunjung di Kebun Raya Eka Karya Bali, pengunjung diwajibkan untuk memakai masker dan selalu menjaga jarak aman.
""Kami telah menyediakan fasilitas cuci tangan dengan touchless sanitizer di beberapa titik area kebun, namun disarankan pengunjung untuk selalu membawa hand sanitizer sendiri,"" tutur Didit.
Penyemprotan disinfektan ke fasilitas publik seperti toilet, kursi taman, dan mobil wisata juga dilakukan dengan frekuensi sesering mungkin.
Selain itu, informasi mengenai protokol kunjungan di kawasan Kebun Raya Eka Karya Bali akan dipampang di titik-titik strategis, serta diinformasikan secara berkala kepada pengunjung.
Kebun Raya Eka Karya Bali memiliki beberapa spot menarik, seperti Taman Paku yang berisi koleksi tanaman-tanaman paku. Lalu ada Taman Surya Nirwana dengan pemandangan indah ke Danau Beratan dan Bukit Pengelengan.
Tiket online
Tiket masuk Kebun Raya Eka Karya Bali dapat dibeli dalam jaringan (online) melalui https://tiketkebunraya.id yang langsung terintegrasi dengan ponsel pintar.
Untuk membeli tiket secara online, harus mendaftar terlebih dahulu dengan klik register pada laman tersebut.
Harga tiket masuk untuk wisatawan domestik Rp 9.000 dan wisatawan asing Rp 17.000.
Tiket masuk mobil juga bisa dibeli secara online, harganya Rp 11.000.","Namun kendaraan roda empat hanya diizinkan masuk pada hari Sabtu dan Minggu.
Saat pembelian tiket secara online, dalam web juga terpampang kapasitas total pengunjung pada hari tersebut.
Lokasi
Kebun Raya Eka Karya Bali berada di Jl. Kebun Raya, Candikuning, Kecamatan Baturiti, Tabanan.","Pada Hari Rabu , 22 Juli 2020 07:00, Tabanan, Tabanan, Bali

KOMPAS.com - Lembaga Ilmu Pengetahuan Indonesia (LIPI) membuka kembali Kebun Raya Eka Karya Bali pada Rabu (22/7/2020) dengan penerapan protokol pencegahan Covid-19.
""Pembukaan ini menjadi momentum bagi Kebun Raya Eka Karya Bali untuk kembali memberikan layanan eduwisata dengan standar layanan yang lebih baik sesuai dengan Protokol Kesehatan,"" kata Kepala Balai Konservasi Tumbuhan Kebun Raya Eka Karya Bali LIPI Didit Okta Pribadi dalam keterangan tertulis yang diterima ANTARA, Selasa (21/7/2020).Baca juga: Kebun Raya Bogor Buka Kembali, Pesan Tiket Online Dulu
Pembukaan kembali tersebut merujuk pada Surat Keputusan Kepala LIPI Nomor 155/F/2020 tentang Pembukaan Kembali Layanan Kebun Raya di Lingkungan LIPI dan disertai dengan sejumlah protokol kunjungan di kawasan Kebun Raya.
Kebun Raya Eka Karya Bali kembali dibuka untuk kunjungan umum setelah pihak pengelola menerima Sertifikat Tatanan Kehidupan Era Baru Bidang Pariwisata Menuju Tabanan Aman dan Produktif Nomor 556/2353/DISPAR yang diserahkan oleh Bupati Tabanan Ni Putu Eka Wiryastuti pada Senin (20/7).
Sebelumnya, LIPI telah membuka kembali Kebun Raya Bogor dan Kebun Raya Cibodas pada 7 Juli 2020.




https://kebunraya.id/bal Kebun Raya Eka Karya Bali 
Pembatasan pengunjung
Didit mengatakan selain menjalankan protokol kesehatan, pembukaan kembali Kebun Raya Eka Karya Bali juga menerapkan fase nol dengan ketentuan pembatasan kuota pengunjung sebanyak 1.500 orang dalam satu waktu.
""Untuk dapat melangkah ke fase berikutnya, pelaksanaan fase nol ini akan dievaluasi secara bertahap, jika sudah memenuhi standar, baru boleh mengimplementasikan fase selanjutnya dengan penambahan kuota pengunjung,” ujar Didit.
Dia menuturkan ada tiga fase yang harus dilalui hingga mencapai standar pelayanan publik sesuai dengan ketentuan adaptasi kebiasaan baru.
Didit berharap pengunjung dapat mengikuti protokol kunjungan yang berlaku di Kebun Raya Eka Karya Bali untuk bersama-sama membantu mencegah penyebaran pandemi Covid-19.
Baca juga: 5 Tempat Wisata di Tabanan Bali Buka Kembali, Salah Satunya Tanah Lot
Protokol kesehatanSelama berkunjung di Kebun Raya Eka Karya Bali, pengunjung diwajibkan untuk memakai masker dan selalu menjaga jarak aman.
""Kami telah menyediakan fasilitas cuci tangan dengan touchless sanitizer di beberapa titik area kebun, namun disarankan pengunjung untuk selalu membawa hand sanitizer sendiri,"" tutur Didit.
Penyemprotan disinfektan ke fasilitas publik seperti toilet, kursi taman, dan mobil wisata juga dilakukan dengan frekuensi sesering mungkin.
Selain itu, informasi mengenai protokol kunjungan di kawasan Kebun Raya Eka Karya Bali akan dipampang di titik-titik strategis, serta diinformasikan secara berkala kepada pengunjung.
Kebun Raya Eka Karya Bali memiliki beberapa spot menarik, seperti Taman Paku yang berisi koleksi tanaman-tanaman paku. Lalu ada Taman Surya Nirwana dengan pemandangan indah ke Danau Beratan dan Bukit Pengelengan.
Tiket online
Tiket masuk Kebun Raya Eka Karya Bali dapat dibeli dalam jaringan (online) melalui https://tiketkebunraya.id yang langsung terintegrasi dengan ponsel pintar.
Untuk membeli tiket secara online, harus mendaftar terlebih dahulu dengan klik register pada laman tersebut.
Harga tiket masuk untuk wisatawan domestik Rp 9.000 dan wisatawan asing Rp 17.000.
Tiket masuk mobil juga bisa dibeli secara online, harganya Rp 11.000. Namun kendaraan roda empat hanya diizinkan masuk pada hari Sabtu dan Minggu.
Saat pembelian tiket secara online, dalam web juga terpampang kapasitas total pengunjung pada hari tersebut.
Lokasi
Kebun Raya Eka Karya Bali berada di Jl. Kebun Raya, Candikuning, Kecamatan Baturiti, Tabanan. Tempat ini berlokasi di Bedugul, sekitar 60 kilometer dari Denpasar. (Martha Herlinawati S/Erafzon Saptiyulda AS)


  

    
        Bayangkan seorang anak Indonesia bercita-cita menjadi dokter tetapi hanya memiliki satu buku lusuh untuk belajar. Bersama Ekspedisi Kata ke Nyata Kompas.com, Anda bisa membantu mengubah kisah itu. Mari hadirkan akses literasi bagi anak-anak di berbagai pelosok Indonesia melalui donasi lewat tautan https://bit.ly/JagatLiterasi2026. Setiap kebaikan yang Anda berikan bukan hanya membuka jendela pengetahuan, tetapi juga membuka masa depan mereka.",Kompas.com,"Dajan Peken, 82114, Tabanan, Tabanan, Bali, Indonesia",-8.536609490935,115.13552944186335,5,"2, 7","kejaksaan, kejatibali, kejaritabanan, tabanan, news"
Harga Bahan Pangan di Tabanan Mulai Melonjak,2024-04-18T07:00:00.000Z,"Kabupaten Tabanan, Bali, Indonesia",Harga Bahan Pangan di Tabanan Mulai Melonjak - BALIPOST.com,"Pembeli sedang berbelanja di pasar yang ada di Tabanan. (BP/dok)TABANAN, BALIPOST.com – Harga sebagian besar komoditas pangan di sejumlah pasar di Kabupaten Tabanan mulai melonjak.","Bahkan, beberapa komoditas mengalami peningkatan harga di atas 50 persen.Berdasarkan hasil monitoring Dinas Perindustrian dan Perdagangan (Disperindag) Tabanan di sejumlah pasar tradisional, pada minggu ketiga di bulan April, sebagian besar harga bahan pangan mengalami lonjakan. Harga sawi putih naik dari Rp12.000 menjadi Rp18.000 atau naik 50 persen.","Pada Hari Kamis , 18 April 2024 07:00, Tabanan, Tabanan, Bali

Pembeli sedang berbelanja di pasar yang ada di Tabanan. (BP/dok)TABANAN, BALIPOST.com – Harga sebagian besar komoditas pangan di sejumlah pasar di Kabupaten Tabanan mulai melonjak. Bahkan, beberapa komoditas mengalami peningkatan harga di atas 50 persen.Berdasarkan hasil monitoring Dinas Perindustrian dan Perdagangan (Disperindag) Tabanan di sejumlah pasar tradisional, pada minggu ketiga di bulan April, sebagian besar harga bahan pangan mengalami lonjakan. Harga sawi putih naik dari Rp12.000 menjadi Rp18.000 atau naik 50 persen. Sayur hijau naik dari Rp12.000 menjadi Rp20.000 atau naik 67 persen. Kemudian, harga kacang panjang naik dari Rp12.000 menjadi Rp20.000 atau naik 67 persen, dan tomat naik dari Rp28.000 menjadi Rp30.000 atau naik 7 persen.Pada komoditi bumbu-bumbuan, kenaikan terjadi pada bawang merah yang naik dari Rp28.000 per kg menjadi Rp45.000 per kg atau naik 61 persen. Bawang bombay naik dari Rp30.000 per kg menjadi Rp40.0000 per kg atau naik 33 persen, dan cabai keriting naik dari Rp45.000 per kg menjadi Rp50.000 per kg atau naik 11 persen.Kemudian, harga daging ayam ras naik dari Rp40.000 per kg menjadi Rp 42.000 per kg atau naik 5 persen. Minyak Kita dari Rp16.000 menjadi Rp17.000 per kg atau naik 6 persen, dan harga jeruk naik dari Rp16.000 menjadi Rp18.000 per kg atau 13 persen.Petani cabai di Banjar Bangah, Kecamatan Baturiti, Tabanan, Nyoman Sudiasa, Rabu (17/4), mengungkapkan, setelah libur panjang Lebaran, kenaikan harga cabai merah besar maupun cabai merah kecil di tingkat petani terus berlanjut. Terbaru, harga untuk cabai merah kecil sudah menyentuh Rp50.000 per kg, sedangkan untuk cabai merah besar naik ke posisi Rp30.000 per kg. “Kenaikan harga cabai di petani ini terjadi secara bertahap dan terbaru terjadi pada Sabtu lalu,” tuturnya.Prediksinya, lonjakan harga cabai ini dipicu akibat ketersediaan barang di pasaran yang belum kembali normal pascalibur panjang Lebaran. Pasokan dari petani lokal maupun luar Bali belum maksimal sehingga di tengah meningkatnya permintaan pasar membuat kenaikan harga cabai ini terus berlanjut hingga saat ini.“Kemungkinan kenaikan harga cabai ini masih akan terus berlanjut dalam seminggu ke depan. Sehingga itu tentu menguntungkan bagi petani karena bisa mengantongi hasil lebih banyak dari biasanya,” katanya. (kmb/balipost)",BALIPOST.com,"Dajan Peken, 82114, Tabanan, Tabanan, Bali, Indonesia",-8.536609490935,115.13552944186335,5,"2, 7","kejaksaan, kejatibali, kejaritabanan, tabanan, news"
7 Tempat Wisata Keluarga di Tabanan Bali Mampir Kebun Bunga,2022-09-21T07:00:00.000Z,"Kabupaten Tabanan, Bali, Indonesia","7 Tempat Wisata Keluarga di Tabanan Bali, Mampir Kebun Bunga - Kompas.com","KOMPAS.com - Menghabiskan waktu liburan dengan mengunjungi tempat-tempat wisata di Tabanan bisa menjadi alternatif yang menarik, termasuk jika pergi bersama keluarga.
Jika pergi ke Bali naik pesawat, Kabupaten Tabanan tak begitu jauh dari Bandara I Gusti Ngurah Rai jika ditempuh menggunakan kendaraan. Jaraknya sekitar 30 kilometer, tergantung lokasi wisata yang dituju.","Untuk mencapainya hanya butuh waktu sekitar 1,5 jam.Baca juga: 28 Tempat Wisata Tabanan, Banyak Destinasi Liburan Keluarga
Sementara jika pergi naik mobil, misalnya berangkat dari Pulau Jawa kemudian menyebrang lewat Pelabuhan Ketapang ke Pelabuhan Gilimanuk, beberapa area di Tabanan juga relatif mudah diakses karena berada di kawasan Bali Barat.
Bagi kamu yang pergi liburan bersama keluarga, berikut beberapa pilihan tempat wisata keluarga di Tabanan Bali yang dapat dikunjungi.
Tempat wisata keluarga di Tabanan Bali
1. Tasta zoo
INSTAGRAM @tastazoo Tasta Zoo




Kebun binatang sering kali dijadikan destinasi edukasi seputar satwa, termasuk satwa-satwa liar dan langka yang mungkin tak pernah kita temui pada kehidupan sehari-hari.
Tasta Zoo adalah kebun binatang dan area konservasi yang berlokasi di Br Tegeh, Angseri, Kecamatan Baturiti, Tabanan.
Tak hanya berkeliling melihat koleksi satwanya, pengunjung juga bisa berinteraksi dengan sejumlah satwa, serta berfoto ria dengan latar patung-patung satwa dan Instagramable spot lainnya.
Baca juga: 25 Wisata Bali yang Populer dan Unik, Pas buat Libur Panjang 
Harga tiket masuk Tasta Zoo bagi wisatawan domestik adalah Rp 60.000 pada hari biasa dan Rp 70.000 pada akhir pekan.
Sementara bagi wisatawan mancanegara, harga tiket masuknya Rp 120.000 pada hari biasa dan Rp 200.000 pada akhir pekan.
Tasta Zoo buka pukul 09.00-17.00, dengan waktu check in terakhir pukul 16.30.

2.","Pada Hari Rabu , 21 September 2022 07:00, Tabanan, Tabanan, Bali

KOMPAS.com - Menghabiskan waktu liburan dengan mengunjungi tempat-tempat wisata di Tabanan bisa menjadi alternatif yang menarik, termasuk jika pergi bersama keluarga.
Jika pergi ke Bali naik pesawat, Kabupaten Tabanan tak begitu jauh dari Bandara I Gusti Ngurah Rai jika ditempuh menggunakan kendaraan. Jaraknya sekitar 30 kilometer, tergantung lokasi wisata yang dituju. Untuk mencapainya hanya butuh waktu sekitar 1,5 jam.Baca juga: 28 Tempat Wisata Tabanan, Banyak Destinasi Liburan Keluarga
Sementara jika pergi naik mobil, misalnya berangkat dari Pulau Jawa kemudian menyebrang lewat Pelabuhan Ketapang ke Pelabuhan Gilimanuk, beberapa area di Tabanan juga relatif mudah diakses karena berada di kawasan Bali Barat.
Bagi kamu yang pergi liburan bersama keluarga, berikut beberapa pilihan tempat wisata keluarga di Tabanan Bali yang dapat dikunjungi.
Tempat wisata keluarga di Tabanan Bali
1. Tasta zoo
INSTAGRAM @tastazoo Tasta Zoo




Kebun binatang sering kali dijadikan destinasi edukasi seputar satwa, termasuk satwa-satwa liar dan langka yang mungkin tak pernah kita temui pada kehidupan sehari-hari.
Tasta Zoo adalah kebun binatang dan area konservasi yang berlokasi di Br Tegeh, Angseri, Kecamatan Baturiti, Tabanan.
Tak hanya berkeliling melihat koleksi satwanya, pengunjung juga bisa berinteraksi dengan sejumlah satwa, serta berfoto ria dengan latar patung-patung satwa dan Instagramable spot lainnya.
Baca juga: 25 Wisata Bali yang Populer dan Unik, Pas buat Libur Panjang 
Harga tiket masuk Tasta Zoo bagi wisatawan domestik adalah Rp 60.000 pada hari biasa dan Rp 70.000 pada akhir pekan.
Sementara bagi wisatawan mancanegara, harga tiket masuknya Rp 120.000 pada hari biasa dan Rp 200.000 pada akhir pekan.
Tasta Zoo buka pukul 09.00-17.00, dengan waktu check in terakhir pukul 16.30.

2. Kebun Raya Bali
DOK KEBUN RAYA BALI Piknik di Kebun Raya Bali.
Jika mencari wisata alam, Tabanan memiliki banyak destinasi yang dapat dikunjungi.
Salah satu destinasi alam yang cocok dikunjungi bersama keluarga adalah Kebun Raya Bali.
Lokasinya ada di Jalan Kebun Raya, Candikuning, Kecamatan Baturiti, Kabupaten Tabanan, Bali.
Dikutip dari Kompas.com (01/09/2022), koleksi tanaman bisa kamu lihat dengan mengunjungi area seperti Taman Rhododendron, Taman Anggrek, Rumah Kaca Kaktus, Taman Aquatik, dan lainnya.
Baca juga: Seharian di Kebun Raya Bali, Bisa Apa Saja?
Tak hanya berkeliling melihat koleksi tanaman, pengunjung juga bisa santai di rerumputan sambil melihat pemandangan danau dan perbukitan di sekitar, atau bahkan menyewa spot piknik dan barbeque agar kebersamaan semakin terasa.
Jika lelah berjalan kaki untuk mengelilingi area kebun, kamu bisa memilih naik shuttle bus, sepeda, atau bahkan skuter.

3. Desa Coklat Bali
DOK DESA COKLAT BALI Desa Coklat Bali
Mengetahui proses pengolahan coklat, mulai dari penanaman, pengolahan di pabrik, hingga menyantapnya atau membawa pulang produk coklat menjadi aktivitas menarik yang bisa dijajal bersama keluarga.
Jika penasaran, kamu dan keluarga bisa mampir ke Desa Coklat Bali.
Lokasinya berada di Jalan Raya Marga-Apuan, Km 7, Desa Cau, Kabupaten Tabanan.
""Ini adalah agro-eduwisata, di mana kita juga belajar antara coklat dan Bali. Untuk coklatnya, kami mengenalkan tentang proses kakao menjadi coklat, baik dari proses awal -kami sebutnya bibit, sampai dikonsumsi,"" kata CEO CAU Chocolate Bali, Kadek Surya Prasetya Wiguna kepada Kompas.com, Jumat (26/08/2022).
Baca juga: 5 Aktivitas di Desa Coklat Bali, Seharian Jadi Petani Kakao
Setelah lelah berkeliling, pengunjung bisa santai di restorannya dan mencicipi berbagai menu, termasuk menu berbahan dasar coklat.
Beberapa menu berbahan dasar coklat yang jadi favorit antara lain Raw Cacao Ice Cream, Fruity Cacao Pizza, dan beragam menu minuman coklat.
4. The Blooms Garden
SITUS THE BLOOMS GARDEN The Blooms Garden merupakan salah satu tempat wisata dekat Kebun Raya Bali, Tabanan.Mampir ke taman rekreasi seluas 4,5 hektar, yakni The Blooms Garden, juga bisa dimasukkan ke dalam daftar wisata keluarga di Tabanan yang menarik untuk dikunjungi.
Dikutip dari Kompas.com (04/09/2022), destinasi ini memiliki beberapa area taman bunga yang menonjolkan ciri khas masing-masing. Taman-taman tersebut di antaranya Taman Belanda, Taman Cinta, Taman Dewi Danu, Taman Oval, dan lainnya.
Baca juga: 5 Tempat Wisata Dekat Kebun Raya Bali
Di Taman Belanda, misalnya, penunjung bisa menemukan ornamen dua kincir yang merupakan ikon negara Belanda. Selain mengeksplorasi taman bunga, ada pula aktivitas lain seperti naik ATV, main di playground anak, kulineran di restoran, dan lainnya.
The Blooms Garden berlokasi di Desa Batusea, Kecamatan Baturiti, Tabanan.
Harga tiket masuknya Rp 30.000 untuk dewasa dan Rp 15.000 untuk anak usia 5-12 tahun.
5. Taman Kupu-kupu
SHUTTERSTOCK/GALINA SAVINA Taman Kupu-kupu Bali
Destinasi wisata keluarga di Tabanan lainnya adalah Taman Kupu-kupu, yang berlokasi di Jalan Batukaru, Desa Sesandan, Kecamatan Penebel, Tabanan.
Dikutip dari Kompas.com, (20/09/2022), meski dinamai ""kupu-kupu"", namun destinasi yang berdiri sejak 1996 silam ini tak hanya menghadirkan beragam jenis kupu-kupu. Dikutip dari Tribun Bali, Taman Kupu-kupu turut menghadirkan serangga lain, seperti belalang kayu, kumbang tanduk, hingga tarantula.
Baca juga: 10 Rute Penerbangan Domestik Tersibuk di Dunia, Ada Jakarta-Bali
Untuk menuju ke destinasi ini, pengunjung perlu menempuh perjalanan sekitar 1,5 jam dari bandara atau 40 kilometer.

6. Sila's Agrotourism
SITUS THE SILA'S ARGOTOURISM Area bermain anak di The SILA's Agrotourism, salah satu tempat wisata dekat Kebun Raya Bali.
Sila's Arotourism adalah destinasi lainnya di Tabanan yang dapat dikunjungi bersama keluarga.
Selain memyediakan area rekreasi, tempat ini juga menjadi tempat pendidikan, sekaligus program pelatihan Sumber Daya Manusia (SDM) yang berdiri di atas lahan seluas 10 hektar.
Dikutip dari Kompas.com, beberapa aktivitas luar ruang yang bisa dijajal antara lain berkemah, outbound, flying fox, ATV, mini trail, berkuda, paintball, trekking, bersepeda, dan lainnya.
Baca juga: 6 Tempat Melihat Sunset di Bali, Ada yang Terbaik di Dunia
Jika sekadar ingin bersantai sambil menikmati udara sejuk dan panorama danau serta perbukitan yang menakjubkan, kamu juga bisa duduk di coffee shop yang tersedia sambil memesan menu yang ada di sana.
Untuk tamu yang ingin bermalam bisa coba menginap di Hobbiton dengan harga mulai dari Rp 200.000 per orang per malam, sudah termasuk tempat tidur, sleeping bag, perlengkapan mandi, sarapan, serta perapian.
7. Pantai Pasut
SITUS PEMERINTAH KABUPATEN TABANAN Pantai Pasut di Kabupaten Tabanan, Bali.
Liburan ke Bali, rasanya kurang sah jika tidak mampir ke pantai. 
Tabanan memiliki beberapa pantai yang bisa dikunjungi, dengan karakteristik dan keunikannya masing-masing.
Salah satu pantai populer di Tabanan adalah Tanah Lot atau Pura Tanah Lot, kemudian ada pula Pantai Kedungu, Pantai Soan Galuh, Pantai Kelecung, Pantai Kelating, dan lainnya.
Baca juga: 9 Wisata Pantai di Tabanan Bali, Tak Cuma Tanah Lot
Jika mencari pantai yang dapat dijadikan tempat wisata keluarga, Pantai Pasut bisa jadi pilihan.
Ombak di pantai ini relatif tidak tinggi, sehingga cukup aman untuk dijadikan tempat berenang atau snorkeling.
Selain untuk berenang atau snorkeling, pengunjung pantai berpasir hitam lembut ini bisa bersantai sambil berjemur, bermain pasir, berolahraga, atau berburu foto.
Lokasi Pantai Pasut ada di Jalan Raya Pasut, Desa Tibubiu, Kecamatan Kerambitan, Kabupaten Tabanan.



    
        Bayangkan seorang anak Indonesia bercita-cita menjadi dokter tetapi hanya memiliki satu buku lusuh untuk belajar. Bersama Ekspedisi Kata ke Nyata Kompas.com, Anda bisa membantu mengubah kisah itu. Mari hadirkan akses literasi bagi anak-anak di berbagai pelosok Indonesia melalui donasi lewat tautan https://bit.ly/JagatLiterasi2026. Setiap kebaikan yang Anda berikan bukan hanya membuka jendela pengetahuan, tetapi juga membuka masa depan mereka.",Kompas.com,"Dajan Peken, 82114, Tabanan, Tabanan, Bali, Indonesia",-8.536609490935,115.13552944186335,5,"2, 7","kejaksaan, kejatibali, kejaritabanan, tabanan, news"
Di Tabanan PAS SD Dikerjakan di Rumah,2020-12-02T08:00:00.000Z,"Kabupaten Tabanan, Bali, Indonesia","Di Tabanan, PAS SD Dikerjakan di Rumah - BALIPOST.com","Seorang siswa mengerjakan soal secara tertulis di rumah. (BP/bit)TABANAN, BALIPOST.com – Hampir seluruh tatanan kegiatan masyarakat berubah di masa pandemi COVID-19.","Tak terkecuali di sektor pendidikan.Tidak hanya belajar di rumah, para siswa juga harus menjalani ujian sekolah atau Penilaian Akhir Semester (PAS) di rumah. Berbeda dengan sebelumnya, soal  PAS kini diambil  ke sekolah oleh orangtua siswa, untuk selanjutnya dikerjakan oleh siswa sesuai dengan jadwal ujian yang diberikan oleh sekolah melalui pengumuman lewat grup WhatsApp (WA).Di kabupaten Tabanan, pelaksanaan PAS untuk jenjang SD sudah dimulai Senin (30/11) dan berakhir Sabtu (5/12). Sementara jenjang SMP mengerjakan soal secara daring.Kepala Dinas  Pendidikan Kabupaten Tabanan I Nyoman Putra mengatakan, sesuai aturan,  siswa wajib mengikuti penilaian akhir semester atau sumatif untuk mengetahui hasil dari proses pembelajaran jarak jauh (PJJ).","Pada Hari Rabu , 2 Desember 2020 08:00, Tabanan, Tabanan, Bali

Seorang siswa mengerjakan soal secara tertulis di rumah. (BP/bit)TABANAN, BALIPOST.com – Hampir seluruh tatanan kegiatan masyarakat berubah di masa pandemi COVID-19. Tak terkecuali di sektor pendidikan.Tidak hanya belajar di rumah, para siswa juga harus menjalani ujian sekolah atau Penilaian Akhir Semester (PAS) di rumah. Berbeda dengan sebelumnya, soal  PAS kini diambil  ke sekolah oleh orangtua siswa, untuk selanjutnya dikerjakan oleh siswa sesuai dengan jadwal ujian yang diberikan oleh sekolah melalui pengumuman lewat grup WhatsApp (WA).Di kabupaten Tabanan, pelaksanaan PAS untuk jenjang SD sudah dimulai Senin (30/11) dan berakhir Sabtu (5/12). Sementara jenjang SMP mengerjakan soal secara daring.Kepala Dinas  Pendidikan Kabupaten Tabanan I Nyoman Putra mengatakan, sesuai aturan,  siswa wajib mengikuti penilaian akhir semester atau sumatif untuk mengetahui hasil dari proses pembelajaran jarak jauh (PJJ). “Kami lebih  ingin tahu feedback dari hasil  proses belajar jarak jauh,” kata Nyoman Putra, Senin (2/12).Dijelaskan, dalam proses PAS ini, pihaknya sudah mengirim soal ke masing-masing satuan pendidikan (sekolah). Orangtua siswa mengambil soal tersebut, kemudian oleh siswa dikerjakan di rumah.Orangtua diharapkan mendampangi dengan baik dan benar, namun diharapkan tidak membantu dalam memberi jawaban. “Fungsi orangtua di sini hanya mendampingi dengan baik dan benar, namun tidak membantu memberitahu jawaban,” ucapnya.Sementara untuk SMP, kata mantan Kabag Umum Setwan Tabanan ini, proses PAS ada yang dilakukan secara sistem daring atau luring. Untuk sistem daring, siswa mengerjakan soal dari rumah dengan jaringan internet dan laptop masing-masing.Sementara bagi mereka yang luring, datang ke sekolah mengerjakan soal menggunakan laptop atau komputer sekolah. Bahkan, menurut Nyoman Putra, pelaksanaan PAS ada pula yang dilakukan tertulis oleh sejumlah siswa yang mengalami masalah jaringan. “Tetapi tidak semua siswa dibantu soal tertulis. Yang ngerjakan soal tertulis yang masalah jaringan. Sebagian besar pelaksanaan PAS dilakukan secara daring,” pungkasnya. (Puspawati/balipost)",BALIPOST.com,"Dajan Peken, 82114, Tabanan, Tabanan, Bali, Indonesia",-8.536609490935,115.13552944186335,5,"2, 7","kejaksaan, kejatibali, kejaritabanan, tabanan, news"
Video Jadi Klaster COVID19 di Tabanan Manajemen RS Wisma Prashanti Angkat Bicara,2020-06-26T07:00:00.000Z,"Kabupaten Tabanan, Bali, Indonesia","Video: Jadi Klaster COVID-19 di Tabanan, Manajemen RS Wisma Prashanti Angkat Bicara - BALIPOST.com","TABANAN, BALIPOST.com – Manajemen RS Wisma Prashanti akhirnya angkat bicara mengenai penyebab RS tersebut menjadi klaster COVID-19. Direktur Utama, dr.","I Made Surya Agung, MARS, Jumat (26/6), mengakui, ada protokol kesehatan yang dilanggar sehingga terjadi penularan virus. Fatalnya, pelanggaran itu justru dilakukan oleh orang yang diharapkan ikut berperan dalam memutus mata rantai COVID-19.Dirut didampingi Kepala bidang pelayanan medis dan keperawatan dr.","Pada Hari Jumat , 26 Juni 2020 07:00, Tabanan, Tabanan, Bali

TABANAN, BALIPOST.com – Manajemen RS Wisma Prashanti akhirnya angkat bicara mengenai penyebab RS tersebut menjadi klaster COVID-19. Direktur Utama, dr. I Made Surya Agung, MARS, Jumat (26/6), mengakui, ada protokol kesehatan yang dilanggar sehingga terjadi penularan virus. Fatalnya, pelanggaran itu justru dilakukan oleh orang yang diharapkan ikut berperan dalam memutus mata rantai COVID-19.Dirut didampingi Kepala bidang pelayanan medis dan keperawatan dr. Ni Nyoman Astriningsih tegas menjamin protokol kesehatan di rumah sakit dilakukan dengan ketat bahkan berlapis. Sehingga masyarakat yang ingin berobat tidak perlu merasa khawatir ataupun cemas lagi.Bahkan untuk protokol kesehatan ini sudah dilakukan pasca mewabahnya COVID19, mulai dari screening di pintu masuk rumah sakit seperti pengecekan suhu tubuh dan cuci tangan, penataan ruangan front office diberi sekat untuk tidak bersentuhan langsung, dan petugas yang telah dilengkapi Alat Pelindung Diri (APD) mulai dari level 1 sampai dengan level 3 disesuaikan dengan beban tugas mereka masing-masing. “Kami juga ada Poli Screening. Di sini pasien yang baru masuk dan akan rawat inap dilakukan rapid test terlebih dahulu, jika hasilnya reaktif maka pasien bersangkutan akan dirujuk ke RS rujukan, yakni di RSUD Tabanan atau di UPTD RS Nyitdah, karena kami bukan rumah sakit rujukan,” terangnya.Meski demikian pihaknya juga telah menyediakan ruang isolasi dengan 7 tempat tidur, untuk mengantisipasi lonjakan pasien reaktif di Poli Screening. Tentunya lokasinya terpisah dengan ruang rawat inap pasien umum lengkap dengan petugas ber APD sesuai dengan level yang dibutuhkan.“Jujur saja penemuan kasus reaktif di rumah sakit kami sangat tinggi, karena kami menjalankan SOP dan protokol kesehatan yang ada. Jika ada yang reaktif kami langsung koordinasi dengan Gugus Tugas dan merujuk pasien tersebut ke RS rujukan COVID, jadi tidak sampai masuk ke areal dalam di ruangan rawat inap rumah sakit,” ujarnya.Dan yang perlu dipahami, lanjutnya, hasil reaktif pada rapid test belum tentu positif COVID-19 sebelum pasien dilakukan swab test  “Reaktif kebanyakan karena kasus infeksi,” terangnya.Dan terkait kasus yang sebelumnya terjadi akibat ada protokol yang dilanggar karena menggunakan power bargaining, manajemen Wisma Prashanti juga sudah berkoordinasi dengan GTPP COVID-19 Tabanan. Dalam pertemuan tersebut, Ketua Harian GTPP Tabanan yang juga selaku ketua Sekda Tabanan bahkan mengatakan tidak segan akan menurunkan Satpol PP jika ada lagi pihak-pihak yang melanggar SOP ataupun protokol kesehatan alias ‘memengkung’.Sementara itu ditambahkan oleh Kepala Bidang Pelayanan Medis dan Keperawatan dr. Ni Nyoman Astriningsih, menindaklanjuti kasus yang terjadi sebelumnya, pihaknya sudah langsung melakukan rapid test massal. Dari 200 tenaga kesehatan dan karyawan hasilnya nonreakltif. “Kami juga melakukan tracking pencarian kronologis, didapatkan 60 orang kontak erat terhadap pasien ini, dan sudah dilakukan swab, benar ditemukan 3 orang tenaga kesehatan terkonfirmasi positif. Karena tenaga medis memang memiliki risiko tinggi terpapar, namun mereka dalam kondisi stabil tanpa gejala. Ketiganya sudah diisolasi di RS rujukan dan hasil swab sudah kami terima semua negatif,” ucapnya.Dan dari pantauan di rumah sakit, sejumlah pasien pun mengaku tidak khawatir untuk tetap berobat ke RS Wisma Prashanti. Mereka meyakini, protokol kesehatan yang dilakukan pihak rumah sakit sudah sangat ketat.Terkait kewaspadaan terhadap penyebaran virus COVID-19, mereka sudah melakukan anjuran pemerintah dan pihak rumah sakit seperti cuci tangan dan menggunakan masker serta penerapan social distancing. (Puspawati/balipost)",BALIPOST.com,"Dajan Peken, 82114, Tabanan, Tabanan, Bali, Indonesia",-8.536609490935,115.13552944186335,5,"2, 7","kejaksaan, kejatibali, kejaritabanan, tabanan, news"
Pengeragoan Rest Area Lacks of Visitors,2019-06-20T07:00:00.000Z,"Kabupaten Tabanan, Bali, Indonesia",Pengeragoan Rest Area Lacks of Visitors - BALIPOST.com,"NEGARA, BALIPOST.com – Pengeragoan rest area at Pengeragoan village, Pekutatan, has been operating for a long time. Road users, especially cars and motorbikes, prefer to rest around the Yeh Leh, the border between Jembrana and Tabanan.","Actually, the rest area built by the regional government is mostly taken advantage by trucks especially at night until morning.“In early morning, there are many trucks parked here. In the back, a lot of gazebos are usually used to take a break,” said Anom, 46, a road user.","Pada Hari Kamis , 20 Juni 2019 07:00, Tabanan, Tabanan, Bali

NEGARA, BALIPOST.com – Pengeragoan rest area at Pengeragoan village, Pekutatan, has been operating for a long time. Road users, especially cars and motorbikes, prefer to rest around the Yeh Leh, the border between Jembrana and Tabanan. Actually, the rest area built by the regional government is mostly taken advantage by trucks especially at night until morning.“In early morning, there are many trucks parked here. In the back, a lot of gazebos are usually used to take a break,” said Anom, 46, a road user. This condition is also seen on Wednesday morning (Jun. 19). A number of trucks were being parked in the parking lot of the rest area on the Denpasar-Gilimanuk roadside. Despite minimal lighting, many truck drivers choose to park their vehicles temporarily before continuing the journey. “Here, I can rest for a while, sleep can also made down there (beach side). Unfortunately, it is difficult to find merchants,” said Yopi, one of the truck drivers met last Wednesday. Condition of the building and park of the rest area is still sturdy and new. However, there is still a lot of garbage scattered especially in the front of the vehicle parking lot. Some stalls also look open even though the conditions are quiet. One of the three stalls in the rest area is closed. A different situation was seen around Yeh Leh tourist attraction on the border of Jembrana and Tabanan. Stalls on the beach looked crowded with visitors, especially motorists that were resting. The stalls selling food such as chicken meatballs, noodles and young coconut are open until early morning. Almost every time there are road users stopping by or just taking pictures in the border region. “Well, it is better here, over there many trucks are being parked. While here, there are also many merchants,” explained Anik Hariyati, 32, one of the travelers from East Java who stopped at Yeh Leh. This mother of two said she had stopped by the rest area not too far from Yeh Leh. According to her, it’s more comfortable to rest around Yeh Leh. (Surya Darma/balipost)",BALIPOST.com,"Dajan Peken, 82114, Tabanan, Tabanan, Bali, Indonesia",-8.536609490935,115.13552944186335,5,"2, 7","kejaksaan, kejatibali, kejaritabanan, tabanan, news"
Unearth the Secret Behind Balis Famous Jatiluwih Rice Terraces,2020-12-13T08:00:00.000Z,"Kabupaten Tabanan, Bali, Indonesia",Unearth the Secret Behind Bali’s Famous Jatiluwih Rice Terraces - Kompas.com,"KOMPAS.com – The Jatiluwih rice terraces in Bali is part of a village in Tabanan Regency that attracts tourists in search of a wondrous natural scene and we’re here to serve as your travel guide.
“There are excellent views of nature and visitors get the chance to see local farmers doing their daily activities such as cultivating rice as well as a waterfall scene,” said I Nyoman Nuarta, Chairman of the Indonesian Tour Guide Association.
When we say that this nature destination in Bali is famous, we mean it.Former US President Barack Obama and his family visited the village and the scenery of the Jatiluwih rice terraces have landed on Google Doodle on June 29, 2020.
Read also: Top 3 Unrivalled Diving Spots in Bali to Go for Vacation
To preserve the breathtaking magic of the area, locals are meticulous about maintaining the traditional irrigation system of Balinese rice paddy fields which incorporates Hindu values such as striking a balance between God, man, and nature.
In fact, the Subak Desa Jatiluwih is a cultural world heritage site awarded by UNESCO in 2012.
‘Subak’ is the island’s tradition of continuing its rice field irrigation system from one generation to the next.
The meaning is reflected in the rice terraces that have made it onto the Instagram feeds of travelers who have visited the site.
You would be wrong to assume that all there is to do at this famous Balinese nature destination is to see rows of green and our Jatiluwih rice terraces travel guide will show you the many activities to do here.
Learn how to farm
For travelers who are keen to find out the hard work or secrets behind this award-winning Bali tourist destination, get ready to get your hands dirty.
Read also: Experience the Best of Bali Culture with This Full-Day Ubud Itinerary
The area of Tabanan is part of an agrotourism concept, thus visitors have the opportunity to learn about farming, Subak, and other activities including rice cultivation.
Explore the village
Travelers can rent a bike from one of the locals and ride off into the winding roads of the village as you take in the fresh clean air and epic views.
There are some trekking locations that you also explore, and when you get hungry, you can buy a snack from one of the available food stalls.
SHUTTERSTOCK/WILLIAM VACCARO Buy red rice
Our travel guide to the Jatiluwih rice terraces encompasses buying red rice that is not only distinct to the area but was part of the reason UNESCO awarded Subak Jatiluwih with the accolade.
This Tabanan village is one of the main producers of red rice, where farmers veer away from the use of pesticides hence giving a unique color, smell, and taste of the healthy grain.
Visit an ancient temple
Indonesia’s Island of Gods is all too famous for its ancient temples and Tabanan Regency is no exception with its Luhur Sri Rambut Sedana Temple.
This historic monument on the slopes of Mount Batukaru is believed to bless visitors with fortune, wealth, and fertility. It is unknown when this longstanding temple was built because it is that ancient.
Read also: Bali's Award-Winning Penglipuran Village Reopens; Hopes up for Economic Recovery
Situated 700 meters above the surface, you will be greeted by a nice gentle breeze when visiting this ancient Balinese temple that is also surrounded by farms owned by the locals.
Discover a hidden waterfall
Part of our Jatiluwih rice terraces travel guide includes uncovering the hidden waterfall in Bali, namely the Yeh Hoo Waterfall.
Reaching the destination is not difficult although you are required to climb up a staircase which already offers you gorgeous views of Mother Nature.
Read also: Nature Attractions are New Favorites for Indonesia’s Tourism Post-Pandemic
As soon as your foot lands on the last stair, you can already see the strong current of this natural wonder.
This hidden waterfall in Bali is 8 meters tall and features a serene landscape that will make you want to stick around.
The final tip on our Jatiluwih rice terraces travel guide is that you be prepared to adhere to existing health protocols such as wearing a face mask and regularly disinfecting your hands during the ongoing pandemic.
(Writer: Nabilla Ramadhian | Editor: Kahfi Dirga Cahya)


  

Source: https://travel.kompas.com/read/2020/09/11/181000327/wisata-desa-jatiluwih-bali-air-terjun-tersembunyi-hingga-warisan-budaya-dunia?page=all#page2.",,"Pada Hari Minggu , 13 Desember 2020 08:00, Tabanan, Tabanan, Bali

KOMPAS.com – The Jatiluwih rice terraces in Bali is part of a village in Tabanan Regency that attracts tourists in search of a wondrous natural scene and we’re here to serve as your travel guide.
“There are excellent views of nature and visitors get the chance to see local farmers doing their daily activities such as cultivating rice as well as a waterfall scene,” said I Nyoman Nuarta, Chairman of the Indonesian Tour Guide Association.
When we say that this nature destination in Bali is famous, we mean it.Former US President Barack Obama and his family visited the village and the scenery of the Jatiluwih rice terraces have landed on Google Doodle on June 29, 2020.
Read also: Top 3 Unrivalled Diving Spots in Bali to Go for Vacation
To preserve the breathtaking magic of the area, locals are meticulous about maintaining the traditional irrigation system of Balinese rice paddy fields which incorporates Hindu values such as striking a balance between God, man, and nature.
In fact, the Subak Desa Jatiluwih is a cultural world heritage site awarded by UNESCO in 2012.
‘Subak’ is the island’s tradition of continuing its rice field irrigation system from one generation to the next.
The meaning is reflected in the rice terraces that have made it onto the Instagram feeds of travelers who have visited the site.
You would be wrong to assume that all there is to do at this famous Balinese nature destination is to see rows of green and our Jatiluwih rice terraces travel guide will show you the many activities to do here.
Learn how to farm
For travelers who are keen to find out the hard work or secrets behind this award-winning Bali tourist destination, get ready to get your hands dirty.
Read also: Experience the Best of Bali Culture with This Full-Day Ubud Itinerary
The area of Tabanan is part of an agrotourism concept, thus visitors have the opportunity to learn about farming, Subak, and other activities including rice cultivation.
Explore the village
Travelers can rent a bike from one of the locals and ride off into the winding roads of the village as you take in the fresh clean air and epic views.
There are some trekking locations that you also explore, and when you get hungry, you can buy a snack from one of the available food stalls.
SHUTTERSTOCK/WILLIAM VACCARO Buy red rice
Our travel guide to the Jatiluwih rice terraces encompasses buying red rice that is not only distinct to the area but was part of the reason UNESCO awarded Subak Jatiluwih with the accolade.
This Tabanan village is one of the main producers of red rice, where farmers veer away from the use of pesticides hence giving a unique color, smell, and taste of the healthy grain.
Visit an ancient temple
Indonesia’s Island of Gods is all too famous for its ancient temples and Tabanan Regency is no exception with its Luhur Sri Rambut Sedana Temple.
This historic monument on the slopes of Mount Batukaru is believed to bless visitors with fortune, wealth, and fertility. It is unknown when this longstanding temple was built because it is that ancient.
Read also: Bali's Award-Winning Penglipuran Village Reopens; Hopes up for Economic Recovery
Situated 700 meters above the surface, you will be greeted by a nice gentle breeze when visiting this ancient Balinese temple that is also surrounded by farms owned by the locals.
Discover a hidden waterfall
Part of our Jatiluwih rice terraces travel guide includes uncovering the hidden waterfall in Bali, namely the Yeh Hoo Waterfall.
Reaching the destination is not difficult although you are required to climb up a staircase which already offers you gorgeous views of Mother Nature.
Read also: Nature Attractions are New Favorites for Indonesia’s Tourism Post-Pandemic
As soon as your foot lands on the last stair, you can already see the strong current of this natural wonder.
This hidden waterfall in Bali is 8 meters tall and features a serene landscape that will make you want to stick around.
The final tip on our Jatiluwih rice terraces travel guide is that you be prepared to adhere to existing health protocols such as wearing a face mask and regularly disinfecting your hands during the ongoing pandemic.
(Writer: Nabilla Ramadhian | Editor: Kahfi Dirga Cahya)


  

Source: https://travel.kompas.com/read/2020/09/11/181000327/wisata-desa-jatiluwih-bali-air-terjun-tersembunyi-hingga-warisan-budaya-dunia?page=all#page2",Kompas.com,"Dajan Peken, 82114, Tabanan, Tabanan, Bali, Indonesia",-8.536609490935,115.13552944186335,5,"2, 7","kejaksaan, kejatibali, kejaritabanan, tabanan, news"
Awasi Peredaran Truk Pengangkut Penjual LPG 3 Kg Ditempeli Stiker,2018-05-06T07:00:00.000Z,"Kabupaten Tabanan, Bali, Indonesia","Awasi Peredaran, Truk Pengangkut Penjual LPG 3 Kg Ditempeli Stiker - BALIPOST.com","Untuk mengawasi penjualan LPG 3 Kg, Pertamina menerapkan peraturan baru dimana truk pengangkut harus ditempeli stiker yang berisi identitas nama Agen dan nomor barcode. (BP/san)TABANAN, BALIPOST.com – Kebutuhan masyarakat yang masih tinggi akan LPG ukuran 3 kilogram membuat peredaran tabung gas berwarna hijau ini diawasi ketat agar tidak disalahgunakan.","Tabanan sendiri tahun ini kouta tabung LPG 3 kg nya mengalami peningkatan sebanyak dua persen. Untuk mengawasi agar kouta ini tidak keluar dari wilayah Tabanan atau dijual ke daerah lain, pihak Pertamina saat ini mengharuskan seluruh agen untuk menempelkan stiker identitas pada truk pengangkut dari pangkalannya.Bagi truk pengangkut yang tidak ditempeli stiker akan diberikan sanksi oleh Pertamina.","Pada Hari Minggu , 6 Mei 2018 07:00, Tabanan, Tabanan, Bali

Untuk mengawasi penjualan LPG 3 Kg, Pertamina menerapkan peraturan baru dimana truk pengangkut harus ditempeli stiker yang berisi identitas nama Agen dan nomor barcode. (BP/san)TABANAN, BALIPOST.com – Kebutuhan masyarakat yang masih tinggi akan LPG ukuran 3 kilogram membuat peredaran tabung gas berwarna hijau ini diawasi ketat agar tidak disalahgunakan. Tabanan sendiri tahun ini kouta tabung LPG 3 kg nya mengalami peningkatan sebanyak dua persen. Untuk mengawasi agar kouta ini tidak keluar dari wilayah Tabanan atau dijual ke daerah lain, pihak Pertamina saat ini mengharuskan seluruh agen untuk menempelkan stiker identitas pada truk pengangkut dari pangkalannya.Bagi truk pengangkut yang tidak ditempeli stiker akan diberikan sanksi oleh Pertamina. Kepala Pelaksana Tim Pengendali Inflasi Daerah (TPID) Tabanan, I Gusti Putu Ekayana, Minggu (6/5) mengatakan mulai tahun 2018 ini kouta LPG 3 kg di Tabanan naik dua persen atau menjadi 18.426 tabung. Ia juga menambahkan harga LPG yang dibeli oleh agen ke Pertamina mengalami kenaikan Rp 250 yaitu dari Rp 13.300 menjadi 13.550.Kenaikan harga pembelian LPG 3 kg di tingkat agen ini menurut Ekayana tidak mempengaruhi harga jual di Agen yaitu tetap sesuai HET (Harga Eceran Tertinggi) yaitu Rp 14.500.Hal terbaru yang juga diterapkan tahun 2018 dalam hal pengawasan distribusi LPG 3 kg lanjut Ekayana adalah penempelan stiker pada truk pengakut LPG 3 kilogram. Dijelaskan Ekayana setiap agen memiliki pangkalan masing-masing. Setiap pangkalan ini memiliki truk pengangkut. Pada truk pengangkut inilah harus ditempeli stiker yang tertera nama agen resmi penyalur tabung 3 kilogram. Jika pada truk tidak terpasang stiker, hal ini dianggap tidak resmi dan agen yang melakukan keteledoran kata Ekayana akan mendapatkan sanksi dari Pertamina. ‘’Sanksinya berupa sanksi admin dari Pertamina,’’ papar Ekayana.Adanya stiker ini menurutnya adalah sebagai cara agar distribusi LPG 3 kilogram tidak keluar ke daerah lain. Sebab, menurut Ekayana setiap daerah memiliki kouta masing-masing dan sudah diperhitungkan sesuai kebutuhan masyarakatnya. Jika ada kouta yang keluar tentu kebutuhan LPG 3 kilogram di suatu daerah akan menjadi terganggu dan menimbulkan kelangkaan. Karenanya dengan adanya stiker, masyarakat bisa tahu darimana LPG 3 kilogram tersebut berasal sehingga bisa dilaporkan jika menjualnya diluar daerah yang tidak sesuai dengan  informasi di stiker yang tercantum.‘’Misalkan tertulis agen yang beralamatkan di Tabanan, tetapi truknya menurunkan LPG 3 kilogram di Singaraja. Ini bisa dilaporkan dan mendapatkan sanksi,’’ jelas Ekayana.Untuk saat ini menjelang Galungan dan Kuningan menurut Ekayana tidak ada kelangkaan stok LPG 3 kilogram. Meski diakuinya harga ditingkat pengecer masih di atas HET atau berkisar antara Rp 18.000 hingga Rp 20.000. ‘’Harga di pengecer memang belum bisa sesuai harga HET karena perdagang memperhitungkan biaya tranpostrasi dan lainnya. Tetapi jika masyarakat ingin membeli LPG 3 kg sesuai harga HET bisa langsung membeli ke pangkalan atau agen atau SPBU yang juga menjual tabung gas,’’ ujarnya. (wira sanjiwani/balipost)",BALIPOST.com,"Dajan Peken, 82114, Tabanan, Tabanan, Bali, Indonesia",-8.536609490935,115.13552944186335,5,"2, 7","kejaksaan, kejatibali, kejaritabanan, tabanan, news"
Kasus DID Tabanan KPK Panggil Eks Wakil Ketua DPRD,2022-02-04T08:00:00.000Z,"Kabupaten Tabanan, Bali, Indonesia","Kasus DID Tabanan, KPK Panggil Eks Wakil Ketua DPRD - Kompas.com","JAKARTA, KOMPAS.com - Penyidik Komisi Pemberantasan Korupsi (KPK) menjadwalkan pemeriksaan terhadap mantan Wakil Ketua DPRD Kabupaten Tabanan periode 2017-2019, I Made Meliani pada Jumat (3/2/2022).
I Made Meliani akan diperiksa sebagai saksi terkait kasus dugaan korupsi pemberian dan penerimaan hadiah atau janji pengurusan dana insentif daerah (DID) Kabupaten Tabanan, Bali, tahun anggaran 2018.""Pemeriksaan akan dilakukan Kantor Perwakilan BPKP Provinsi Bali, Jl Tantular Nomor 3054, Panjer, Denpasar Selatan, Kota Denpasar,"" ujar Pelaksana Tugas Juru Bicara KPK Ali Fikri, melalui keterangan tertulis, Jumat.
Selain eks Wakil Ketua DPRD Tabanan, KPK juga mengagendakan pemeriksaan terhadap Ketua Komisi I DPRD Tabanan tahun 2016 I Putu Eka Putra Cahyadi; Kepala Badan Keuangan Daerah Tabanan tahun 2016-2017 I Made Sukada dan Kepala Bagian Umum Setda Kabupaten Tabanan tahun 2017 I Made Sumerta Yasa.
Baca juga: Kasus DID Tabanan, KPK Panggil 4 Manajer Hotel di Jakarta sebagai Saksi
Kemudian, Kepala Badan Perencanaan Penelitian dan Pengembangan (Bappelitbang) Tabanan Ida Bagus Wiratmaja; Kasubid Kasda Pemkab Tabanan Ni Made Wasasih; eks plh Sekda Pemkab Karangasem I Made Sujana Erawan; eks Kadis PU I Made Yudiana dan Kepala Dinas Perpustakaan dan Arsip Dewa Ayu Budiarti.




Selain itu, ajudan Bupati Tabanan I Ketut Suwita; Direktur PT Dayu I Made Purniarta; Direktris CV Panugrah Ni Made Maharini; Direktris CV Kerang Mutiara Utama I Nyoman Ely Krisnawati dan Direktur CV Nitra Sakti I Nyoman Yupi Astika turut diperiksa sebagai saksi.Hingga kini, ujar Ali, tim penyidik masih terus mengumpulkan dan melengkapi bukti-bukti terkait dugaan korupsi dana insentif daerah Kabupaten Tabanan.
Ia mengatakan, KPK akan menjelaskan konstruksi perkara dan siapa saja pihak-pihak yang akan ditetapakan sebagai tersangka pada saat penyelidikan tersebut dinilai cukup.
""Kami pastikan setelah penyidikan cukup, kami akan sampaikan kontruksi utuh perkara dan pihak-pihak yang ditetapkan sebagai tersangka,"" kata Ali.
Baca juga: KPK Telusuri Aktivitas Pihak-pihak yang Terkait Pengurusan DID Tabanan
Dalam kasus ini, KPK telah melakukan penggeledahan di sejumlah tempat di Kabupaten Tabanan, Bali, pada Rabu (27/10/2021).
Lokasi yang digeledah antara lain Kantor Dinas PUPR, Kantor Bapelitbang, Kantor Badan Keuangan Daerah Tabanan, Kantor DPRD, serta rumah kediaman pihak yang terkait dengan perkara tersebut.




  

    
        Bayangkan seorang anak Indonesia bercita-cita menjadi dokter tetapi hanya memiliki satu buku lusuh untuk belajar. Bersama Ekspedisi Kata ke Nyata Kompas.com, Anda bisa membantu mengubah kisah itu.","Mari hadirkan akses literasi bagi anak-anak di berbagai pelosok Indonesia melalui donasi lewat tautan https://bit.ly/JagatLiterasi2026. Setiap kebaikan yang Anda berikan bukan hanya membuka jendela pengetahuan, tetapi juga membuka masa depan mereka.","Pada Hari Jumat , 4 Februari 2022 08:00, Tabanan, Tabanan, Bali

JAKARTA, KOMPAS.com - Penyidik Komisi Pemberantasan Korupsi (KPK) menjadwalkan pemeriksaan terhadap mantan Wakil Ketua DPRD Kabupaten Tabanan periode 2017-2019, I Made Meliani pada Jumat (3/2/2022).
I Made Meliani akan diperiksa sebagai saksi terkait kasus dugaan korupsi pemberian dan penerimaan hadiah atau janji pengurusan dana insentif daerah (DID) Kabupaten Tabanan, Bali, tahun anggaran 2018.""Pemeriksaan akan dilakukan Kantor Perwakilan BPKP Provinsi Bali, Jl Tantular Nomor 3054, Panjer, Denpasar Selatan, Kota Denpasar,"" ujar Pelaksana Tugas Juru Bicara KPK Ali Fikri, melalui keterangan tertulis, Jumat.
Selain eks Wakil Ketua DPRD Tabanan, KPK juga mengagendakan pemeriksaan terhadap Ketua Komisi I DPRD Tabanan tahun 2016 I Putu Eka Putra Cahyadi; Kepala Badan Keuangan Daerah Tabanan tahun 2016-2017 I Made Sukada dan Kepala Bagian Umum Setda Kabupaten Tabanan tahun 2017 I Made Sumerta Yasa.
Baca juga: Kasus DID Tabanan, KPK Panggil 4 Manajer Hotel di Jakarta sebagai Saksi
Kemudian, Kepala Badan Perencanaan Penelitian dan Pengembangan (Bappelitbang) Tabanan Ida Bagus Wiratmaja; Kasubid Kasda Pemkab Tabanan Ni Made Wasasih; eks plh Sekda Pemkab Karangasem I Made Sujana Erawan; eks Kadis PU I Made Yudiana dan Kepala Dinas Perpustakaan dan Arsip Dewa Ayu Budiarti.




Selain itu, ajudan Bupati Tabanan I Ketut Suwita; Direktur PT Dayu I Made Purniarta; Direktris CV Panugrah Ni Made Maharini; Direktris CV Kerang Mutiara Utama I Nyoman Ely Krisnawati dan Direktur CV Nitra Sakti I Nyoman Yupi Astika turut diperiksa sebagai saksi.Hingga kini, ujar Ali, tim penyidik masih terus mengumpulkan dan melengkapi bukti-bukti terkait dugaan korupsi dana insentif daerah Kabupaten Tabanan.
Ia mengatakan, KPK akan menjelaskan konstruksi perkara dan siapa saja pihak-pihak yang akan ditetapakan sebagai tersangka pada saat penyelidikan tersebut dinilai cukup.
""Kami pastikan setelah penyidikan cukup, kami akan sampaikan kontruksi utuh perkara dan pihak-pihak yang ditetapkan sebagai tersangka,"" kata Ali.
Baca juga: KPK Telusuri Aktivitas Pihak-pihak yang Terkait Pengurusan DID Tabanan
Dalam kasus ini, KPK telah melakukan penggeledahan di sejumlah tempat di Kabupaten Tabanan, Bali, pada Rabu (27/10/2021).
Lokasi yang digeledah antara lain Kantor Dinas PUPR, Kantor Bapelitbang, Kantor Badan Keuangan Daerah Tabanan, Kantor DPRD, serta rumah kediaman pihak yang terkait dengan perkara tersebut.




  

    
        Bayangkan seorang anak Indonesia bercita-cita menjadi dokter tetapi hanya memiliki satu buku lusuh untuk belajar. Bersama Ekspedisi Kata ke Nyata Kompas.com, Anda bisa membantu mengubah kisah itu. Mari hadirkan akses literasi bagi anak-anak di berbagai pelosok Indonesia melalui donasi lewat tautan https://bit.ly/JagatLiterasi2026. Setiap kebaikan yang Anda berikan bukan hanya membuka jendela pengetahuan, tetapi juga membuka masa depan mereka.    
                    Batas akses KARIN
                    
                        Kamu sudah mencapai batas akses KARIN.
                        Gabung membership Kompas.com+ MAX untuk bertanya lebih banyak dan memahami berita dengan lebih leluasa.
                    
                
            
                    
                    
                    Tidak akurat
                
                
                    
                    
                    Tidak relevan
                
                
                    
                    
                    Menyinggung
                
                
                    
                    
                    Terlalu lama
                
                
                    
                    
                    Isu privasi
                
                
                    
                    
                    Lainnya
                
            
            
                    Khusus Member
                    
                        Akses Tanya Langsung Tersedia untuk Member
                        Gabung membership Kompas.com+ MAX untuk bertanya lebih banyak dan memahami berita dengan lebih leluasa.",Kompas.com,"Dajan Peken, 82114, Tabanan, Tabanan, Bali, Indonesia",-8.536609490935,115.13552944186335,5,"2, 7","kejaksaan, kejatibali, kejaritabanan, tabanan, news"
Warga Diam di Rumah Jalan di Tabanan Lengang,2020-03-26T07:00:00.000Z,"Kabupaten Tabanan, Bali, Indonesia","Warga Diam di Rumah, Jalan di Tabanan Lengang - BALIPOST.com","TABANAN, BALIPOST.com – Suasana ruas jalan di Kabupaten Tabanan pada Kamis (26/3) atau pasca-Nyepi bampak lengang. Masyarakat telah banyak yang mengikuti himbauan pemerintah untuk tetap berada di rumah masing-masing.Jajaran kepolisian serta sejumlah pecalang pun ikut mengamankan instruksi pemerintah tersebut.",Sejumlah kendaraan yang melintas pun dihentikan oleh jajaran Satlantas Polres Tabanan.Ada diantaranya yang diperbolehkan melintas karena memang pekerjaan atau yang sifatnya penting. Sementara ada pula yang diminta untuk balik pulang ke rumah.Seperti disampaikan Kasat Lantas Polres Tabanan Iptu Ni Luh Putu Wila.,"Pada Hari Kamis , 26 Maret 2020 07:00, Tabanan, Tabanan, Bali

TABANAN, BALIPOST.com – Suasana ruas jalan di Kabupaten Tabanan pada Kamis (26/3) atau pasca-Nyepi bampak lengang. Masyarakat telah banyak yang mengikuti himbauan pemerintah untuk tetap berada di rumah masing-masing.Jajaran kepolisian serta sejumlah pecalang pun ikut mengamankan instruksi pemerintah tersebut. Sejumlah kendaraan yang melintas pun dihentikan oleh jajaran Satlantas Polres Tabanan.Ada diantaranya yang diperbolehkan melintas karena memang pekerjaan atau yang sifatnya penting. Sementara ada pula yang diminta untuk balik pulang ke rumah.Seperti disampaikan Kasat Lantas Polres Tabanan Iptu Ni Luh Putu Wila. Untuk kendaraan seperti truk yang melintas di jalan Denpasar-Gilimanuk, pihaknya menerapkan selektif prioritas. Artinya truk yang tidak mengangkut barang atau bahan pokok diarahkan dulu ke Terminal Pesiapan. “Tetapi jika mengangkut kebutuhan pokok kita jalankan, dan untuk kendaraan roda dua kita arahkan kembali pulang jika disekitar sini,” terangnya.Di sisi lain, selain himbauan agar tidak keluar rumah pada Kamis, Bupati Tabanan Ni Putu Eka Wiryastuti juga mengeluarkan surat edaran yang memerintahkan pengelola kafe dan pusat hiburan umum di Tabanan untuk menutup operasional usahanya sampai 30 Maret 2020. Kebijakan ini dikeluarkan lantaran penyebaran virus Corona yang makin meluas, dengan melakukan pembatasan kegiatan keramaian. (Puspawati/balipost)",BALIPOST.com,"Dajan Peken, 82114, Tabanan, Tabanan, Bali, Indonesia",-8.536609490935,115.13552944186335,5,"2, 7","kejaksaan, kejatibali, kejaritabanan, tabanan, news"
Suka Duka Sekaa di Jembrana Pelihara Instrumen Jegog,2018-04-14T07:00:00.000Z,"Kabupaten Tabanan, Bali, Indonesia",Suka Duka Sekaa di Jembrana Pelihara Instrumen Jegog - BALIPOST.com,"Sekeha memainkan instrumen Jegog. (BP/dok)NEGARA, BALIPOST.com – Kesenian Jegog yang identik dengan Kabupaten Jembrana disamping memiliki suara gamelan yang khas, perawatannya juga tergolong ekstra dan mahal.","Dalam merawat gamelan Jegog ini, diperlukan tempat dan perlakuan khusus.Sebab dibandingkan gong atau gamelan lainnya, alat musik jegog lebih rentan rusak karena faktor cuaca ataupun tempat penyimpanan yang tak layak. Satu saja bambu yang rusak/pecah diperlukan biaya yang tidak sedikit.Minimal Rp 350 ribu per satu bilah bambu.","Pada Hari Sabtu , 14 April 2018 07:00, Tabanan, Tabanan, Bali

Sekeha memainkan instrumen Jegog. (BP/dok)NEGARA, BALIPOST.com – Kesenian Jegog yang identik dengan Kabupaten Jembrana disamping memiliki suara gamelan yang khas, perawatannya juga tergolong ekstra dan mahal. Dalam merawat gamelan Jegog ini, diperlukan tempat dan perlakuan khusus.Sebab dibandingkan gong atau gamelan lainnya, alat musik jegog lebih rentan rusak karena faktor cuaca ataupun tempat penyimpanan yang tak layak. Satu saja bambu yang rusak/pecah diperlukan biaya yang tidak sedikit.Minimal Rp 350 ribu per satu bilah bambu. Bahan bambu yang digunakan pun jarang ditemukan di Jembrana lagi.Untuk mendapatkan bambu petung (bagian paling belakang) yang berdiameter besar itu, para perajin harus mencari di luar Jembrana, seperti Tabanan dan Karangasem. “Sekarang hampir tidak ada (bambu petung), harus memesan di Tabanan atau Gianyar,” ujar Oka, pemain Jegog asal Kelurahan Sangkaragung.Sehingga ketika gamelan bambu itu pecah, maka akan kesulitan dan biayanya cukup besar. Apalagi, saat pementasan Jegog dilakukan mebarung (adu suara) antar-sekaa, peluang pecahnya bambu cukup besar.Sehingga sekaa harus menyiapkan cadangan gamelan ketika bambu pecah. Begitu halnya dengan bambu lainnya yang lebih kecil seperti bambu jajang atau santong (lebih kecil) untuk suwir, kantil dan barangan masih bisa diperoleh.I Ketut Dernen, seniman penyetel gamelan Jegog asal Pancardawa, Kelurahan Pendem  beberapa waktu lalu mengatakan gamelan Jegog memiliki keistimewaan sehingga perawatannya pun harus ekstra. Bambu yang digunakan pun juga harus yang terpilih.Selain perangkat yang besar, nada suara lazimnya berubah saat berganti cuaca atau iklim. Misalnya, ketika alat musik bambu itu dibawa ke daerah dataran tinggi yang dingin, ketika ditabuh suaranya pasti berubah.Dernen berharap kendatipun instrumen musik ini cukup boros tempat, bisa disetarakan dengan alat musik lainnya. Pascabom Bali tahun 2000 lalu, banyak sekaha di Jembrana yang terpuruk karena minimnya pentas ke luar daerah dan minim pembiayaan. Sedangkan pentas-pentas di dalam Jembrana, bayaran tak sebanding dengan biaya yang dikeluarkan. Padahal perawatan untuk alat musik ini cukup tinggi.Seringkali, biaya untuk transportasi alat, penabuh serta perawatan gambelan lebih besar dari bayaran yang diterima. Untuk membuat seperangkat alat musik Jegog minimal dibutuhkan dana hingga Rp 50 juta.Pria kelahiran tahun 1956 ini selain menabuh juga dikenal kemampuannya dalam menyelaraskan nada gamelan Jegog. Tidak semua seniman memiliki kemampuan menyetel alat musik dari bambu ini.Bahkan Dernen mampu menyetel nada Jegog utuh dalam satu oktaf (do-re-mi-fa-sol-la-si-do). “Sekarang saya lebih banyak kerja kalau dipanggil, ada yang memanggil saya kerjakan disana. Bayaran tidak menarget, yang penting (gamelan) jadi dan senang sudah jadi,” kata pria berpenampilan sederhana ini.Keahlian seniman yang mengantongi penghargaan Satya Laksana Dharma Kusuma tahun 2013 ini, diperolehnya dari orang tua dan para seniman pembuat Jegog pendahulunya. Sisa bambu Jegog yang sudah rusak atau pecah biasanya tidak lagi dipergunakan dan dibuang.Namun di tangan orang-orang kreatif, limbah bambu Jegog itu dimanfaatkan lagi untuk hal lainnya. Seperti yang dilakukan sejumlah siswa dan guru SMAN 2 Negara.Bambu bekas gamelan Jegog yang menumpuk dan tidak bisa digunakan lagi, dimanfaatkan kembali. Seperti untuk pot tanaman misalnya.Kepala SMAN 2 Negara, I Wayan Sudiarta mengatakan sekolah sengaja memanfaatkan bambu gamelan Jegog sekolah yang rusak itu agar berguna kembali. “Dari pada tidak digunakan dan menumpuk, kami manfaatkan untuk pot tanaman untuk di sekitar sekolah,” terangnya.SMAN 2 Negara merupakan salah satu SMA yang memiliki gamelan Jegog ini dan sering tampil dengan penabuh para siswa. Selain pot bunga, bambu yang diantaranya berdiameter besar ini juga bisa dimanfaatkan untuk kerajinan lainnya seperti asbak atau tempat pensil. (Surya Dharma/balipost)",BALIPOST.com,"Dajan Peken, 82114, Tabanan, Tabanan, Bali, Indonesia",-8.536609490935,115.13552944186335,5,"2, 7","kejaksaan, kejatibali, kejaritabanan, tabanan, news"
Sejarah Pura Luhur Batukaru di Tabanan,2024-05-18T07:00:00.000Z,"Kabupaten Tabanan, Bali, Indonesia",Sejarah Pura Luhur Batukaru di Tabanan - Kompas.com,"KOMPAS.com - Bali dikenal memiliki banyak pura yang digunakan oleh umat Hindu untuk beribadah.
Pura bersejarah dan dianggap paling suci oleh masyarakat Bali adalah Pura Sad Kahyangan Jagad, yakni enam pura utama yang menjadi pilar Pulau Bali.Salah satu Pura Sad Kahyangan Jagad adalah Pura Luhur Batukaru, yang terletak di Desa Wangaya Gede, Kecamatan Penebel, Kabupaten Tabanan.
Lokasi pura ini berada di wilayah barat Pulau Bali, tepatnya di lereng selatan Gunung Batukaru.
Berikut ini sejarah Pura Luhur Batukaru dan fungsinya.
Baca juga: Sejarah Pura Goa Lawah di Bali




Sejarah Pura Luhur Batukaru
Melansir kesrasetda.bulelengkab.go.id, Pura Batukaru adalah stana Dewa Mahadewa.
Persembahyangan di Pura Luhur Batukaru dimaksudkan umat Hindu untuk memuja Tuhan Ida Sang Hyang Widhi Wasa dalam manifestasinya sebagai Dewa Mahadewa.
Dewa Mahadewa diberi gelar Ratu Hyang Tumuwuh, sebutan Tuhan sebagai yang menumbuhkan tumbuh-tumbuhan dengan menggunakan air secara benar.Nama pura ini kemungkinan besar diambil dari nama Gunung Batukaru.
Pura Luhur Batukaru termasuk Pura Sad Kahyangan yang disebut dalam Lontar Kusuma Dewa.
Konon, Pura Luhur Batukaru sudah ada pada abad ke-11, sebagaimana Pura Sad Kahyangan lainnya, yakni Pura Besakih, Pura Lempuyang Luhur, Pura Goa Lawah, Pura Luhur Uluwatu, dan Pura Pusering Jagat.
Tokoh yang mendirikan Pura Luhur Batukaru dan Pura Sad Kahyangan lainnya adalah Mpu Kuturan.
Mpu Kuturan adalah seorang pandita dari Jawa yang berperan menyatukan umat Hindu di Bali, sekaligus membangun banyak tempat suci di sana.
Baca juga: Sejarah Pura Lempuyang Luhur di Bali
Para ahli berpendapat bahwa Mpu Kuturan mendirikan Pura Sad Kahyangan Jagat untuk memotivasi umat menjaga keseimbangan eksistensi Sad Kerti, yaitu Atma Kerti, Samudra Kerti, Wana Kerti, Danu Kerti, Jagat Kerti, dan Jana Kerti.




  

Diduga, Pura Luhur Batukaru dulunya berfungsi sebagai tempat pemujaan dan tempat bertapa sebagai media Atma Kerti (membangun ketakwaan pada Tuhan) oleh tokoh-tokoh spiritual di daerah Tabanan..",,"Pada Hari Sabtu , 18 Mei 2024 07:00, Tabanan, Tabanan, Bali

KOMPAS.com - Bali dikenal memiliki banyak pura yang digunakan oleh umat Hindu untuk beribadah.
Pura bersejarah dan dianggap paling suci oleh masyarakat Bali adalah Pura Sad Kahyangan Jagad, yakni enam pura utama yang menjadi pilar Pulau Bali.Salah satu Pura Sad Kahyangan Jagad adalah Pura Luhur Batukaru, yang terletak di Desa Wangaya Gede, Kecamatan Penebel, Kabupaten Tabanan.
Lokasi pura ini berada di wilayah barat Pulau Bali, tepatnya di lereng selatan Gunung Batukaru.
Berikut ini sejarah Pura Luhur Batukaru dan fungsinya.
Baca juga: Sejarah Pura Goa Lawah di Bali




Sejarah Pura Luhur Batukaru
Melansir kesrasetda.bulelengkab.go.id, Pura Batukaru adalah stana Dewa Mahadewa.
Persembahyangan di Pura Luhur Batukaru dimaksudkan umat Hindu untuk memuja Tuhan Ida Sang Hyang Widhi Wasa dalam manifestasinya sebagai Dewa Mahadewa.
Dewa Mahadewa diberi gelar Ratu Hyang Tumuwuh, sebutan Tuhan sebagai yang menumbuhkan tumbuh-tumbuhan dengan menggunakan air secara benar.Nama pura ini kemungkinan besar diambil dari nama Gunung Batukaru.
Pura Luhur Batukaru termasuk Pura Sad Kahyangan yang disebut dalam Lontar Kusuma Dewa.
Konon, Pura Luhur Batukaru sudah ada pada abad ke-11, sebagaimana Pura Sad Kahyangan lainnya, yakni Pura Besakih, Pura Lempuyang Luhur, Pura Goa Lawah, Pura Luhur Uluwatu, dan Pura Pusering Jagat.
Tokoh yang mendirikan Pura Luhur Batukaru dan Pura Sad Kahyangan lainnya adalah Mpu Kuturan.
Mpu Kuturan adalah seorang pandita dari Jawa yang berperan menyatukan umat Hindu di Bali, sekaligus membangun banyak tempat suci di sana.
Baca juga: Sejarah Pura Lempuyang Luhur di Bali
Para ahli berpendapat bahwa Mpu Kuturan mendirikan Pura Sad Kahyangan Jagat untuk memotivasi umat menjaga keseimbangan eksistensi Sad Kerti, yaitu Atma Kerti, Samudra Kerti, Wana Kerti, Danu Kerti, Jagat Kerti, dan Jana Kerti.




  

Diduga, Pura Luhur Batukaru dulunya berfungsi sebagai tempat pemujaan dan tempat bertapa sebagai media Atma Kerti (membangun ketakwaan pada Tuhan) oleh tokoh-tokoh spiritual di daerah Tabanan.",Kompas.com,"Dajan Peken, 82114, Tabanan, Tabanan, Bali, Indonesia",-8.536609490935,115.13552944186335,5,"2, 7","kejaksaan, kejatibali, kejaritabanan, tabanan, news"
Diawali Suara Gemuruh Keras Gedung LPBJ Tabanan Ambrol,2021-11-21T08:00:00.000Z,"Kabupaten Tabanan, Bali, Indonesia","Diawali Suara Gemuruh Keras, Gedung LPBJ Tabanan Ambrol - BALIPOST.com","Gedung LPBJ Tabanan ambrol saat hujan mengguyur, Minggu (21/11). (BP/bit)TABANAN, BALIPOST.com – Hujan yang mengguyur wilayah Kabupaten Tabanan pada Minggu (21/11) mengakibatkan satu gedung di areal kantor Bupati Tabanan ambrol.","Gedung yang dimanfaatkan untuk layanan pengadaan barang dan jasa (LPBJ) Kabupaten Tabanan tersebut rusak parah.Kejadian ambruknya gedung LPBJ pertama kali diketahui salah seorang petugas keamanan, Putu Dedik Ardana Putra. Saat itu, ia tengah bertugas berjaga di gedung ruang rapat lantai bawah kantor Bupati Tabanan atau sebelah barat gedung LPBJ.Sekitar pukul 11.30 WITA, terdengar suara gemuruh keras.","Pada Hari Minggu , 21 November 2021 08:00, Tabanan, Tabanan, Bali

Gedung LPBJ Tabanan ambrol saat hujan mengguyur, Minggu (21/11). (BP/bit)TABANAN, BALIPOST.com – Hujan yang mengguyur wilayah Kabupaten Tabanan pada Minggu (21/11) mengakibatkan satu gedung di areal kantor Bupati Tabanan ambrol. Gedung yang dimanfaatkan untuk layanan pengadaan barang dan jasa (LPBJ) Kabupaten Tabanan tersebut rusak parah.Kejadian ambruknya gedung LPBJ pertama kali diketahui salah seorang petugas keamanan, Putu Dedik Ardana Putra. Saat itu, ia tengah bertugas berjaga di gedung ruang rapat lantai bawah kantor Bupati Tabanan atau sebelah barat gedung LPBJ.Sekitar pukul 11.30 WITA, terdengar suara gemuruh keras. “Sempat dengar suara keras, saat dicek ternyata atap gedung LPBJ sudah ambruk, langsung saya kirim video ke WA grup,” terangnya.Kepala BPBD Tabanan, I Nyoman Srinadha Giri mengatakan, bangunan ukuran 12 x 10 meter tersebut ambruk diperkirakan atap bangunan yang telah lapuk. Ditambah lagi hujan dengan intensitas tinggi yang mengguyur Tabanan selama tiga hari belakangan ini membuat atap kian rapuh hingga akhirnya jebol.“Usai mendapat laporan, kami langsung hubungi pihak PLN untuk memutus listrik di tempat itu agar tidak membahayakan saat proses evakuasi, berkas-berkas dan sejumlah komputer juga sudah dipindah ke ruang rapat,” ucapnya.Sementara itu Kepala Bagian LPBJ Dewa Putu Mahendra mengatakan, berkas-berkas termasuk peralatan komputer sudah seluruhnya dipindahkan ke ruang rapat untuk sementara. Ia mengatakan meski tidak ada kendala dalam proses kerja nantinya, karena untuk lelang sudah rampung akhir tahun ini.Hanya saja, memang perlu segera dilakukan langkah-langkah cepat untuk mengantisipasi adanya lelang mendahului (tidak bisa ditunda) di awal 2022 seperti lelang sewa mobil, dan lelang mamin rumah sakit. “Ada lelang mendahului untuk 2022 jadi diantisipasi lebih awal, sedangkan peralatan kita semua kena air dan belum dicek apakah rusak atau tidak,” jelasnya. (Puspawati/balipost)",BALIPOST.com,"Dajan Peken, 82114, Tabanan, Tabanan, Bali, Indonesia",-8.536609490935,115.13552944186335,5,"2, 7","kejaksaan, kejatibali, kejaritabanan, tabanan, news"
Kombinasi Pertanian dan Pariwisata Jadi Keunggulan Tabanan di Bali,2023-06-24T07:00:00.000Z,"Kabupaten Tabanan, Bali, Indonesia","Kombinasi Pertanian dan Pariwisata, Jadi Keunggulan Tabanan di Bali - Kompas.com","KOMPAS.com - Kabupaten Tabanan di Provinsi Bali berupaya menggabungkan potensi daerah mereka yaitu pertanian, dengan sektor pariwisata.
Cara ini menjadi salah satu langkah strategis untuk memanfaatkan kekuatan Tabanan di sektor pertanian, seperti disampaikan oleh Bupati Tabanan I Komang Gede Sanjaya.“Jadi kalau kami membajak sawah, bagaimana kearifan lokal para pekerja di sawah bisa (sekaligus) menjadi atraksi pariwisata. Begitu juga saat aktivitas (biji) kopi dipetik, bisa jadi atraksi, itulah bonusnya,” kata Sanjaya saat ditemui di kantor Kompas Gramedia Jakarta, Jumat (23/6/2023).
Baca juga: Tabanan, Lumbung Padinya Bali dengan Keindahan Alam Lengkap
Untuk beberapa aktivitas, seperti melihat proses membajak sawah sampai memetik biji kopi, wisatawan mancanegara sampai rela membayar.
Lebih lanjut, Sanjaya menjelaskan, pariwisata mencakup makna yang luas.","Bukan hanya sekadar mengunjungi tempat wisata yang indah, tetapi juga menikmati atau bahkan mencoba pengalaman unik.




Oleh karena itu, ia menilai aktivitas yang berkaitan dengan pertanian sebagai sektor paling utama di Tabanan, bisa dijadikan sebagai sarana wisata sekaligus.
“Jadi pariwisata sebagai daya dukung pertanian itu. Sektor pertanian sebagai hulu, dan bonusnya pariwisata,” ungkapnya.
Tabanan yang kaya keindahan alam
Menurut Sanjaya, Tabanan agak berbeda dari kabupaten atau kota lainnya di Bali karena lebih fokus bergerak pada bidang pertanian.
“Hampir 75 persen masyarakat Tabanan bergerak di pertanian.","Pada Hari Sabtu , 24 Juni 2023 07:00, Tabanan, Tabanan, Bali

KOMPAS.com - Kabupaten Tabanan di Provinsi Bali berupaya menggabungkan potensi daerah mereka yaitu pertanian, dengan sektor pariwisata.
Cara ini menjadi salah satu langkah strategis untuk memanfaatkan kekuatan Tabanan di sektor pertanian, seperti disampaikan oleh Bupati Tabanan I Komang Gede Sanjaya.“Jadi kalau kami membajak sawah, bagaimana kearifan lokal para pekerja di sawah bisa (sekaligus) menjadi atraksi pariwisata. Begitu juga saat aktivitas (biji) kopi dipetik, bisa jadi atraksi, itulah bonusnya,” kata Sanjaya saat ditemui di kantor Kompas Gramedia Jakarta, Jumat (23/6/2023).
Baca juga: Tabanan, Lumbung Padinya Bali dengan Keindahan Alam Lengkap
Untuk beberapa aktivitas, seperti melihat proses membajak sawah sampai memetik biji kopi, wisatawan mancanegara sampai rela membayar.
Lebih lanjut, Sanjaya menjelaskan, pariwisata mencakup makna yang luas. Bukan hanya sekadar mengunjungi tempat wisata yang indah, tetapi juga menikmati atau bahkan mencoba pengalaman unik.




Oleh karena itu, ia menilai aktivitas yang berkaitan dengan pertanian sebagai sektor paling utama di Tabanan, bisa dijadikan sebagai sarana wisata sekaligus.
“Jadi pariwisata sebagai daya dukung pertanian itu. Sektor pertanian sebagai hulu, dan bonusnya pariwisata,” ungkapnya.
Tabanan yang kaya keindahan alam
Menurut Sanjaya, Tabanan agak berbeda dari kabupaten atau kota lainnya di Bali karena lebih fokus bergerak pada bidang pertanian.
“Hampir 75 persen masyarakat Tabanan bergerak di pertanian. Kami masyarakat agraris, 25 persennya baru pariwisata,” ujar dia.Baca juga: Pantai Nyanyi Tabanan Bali: Jam Buka, Tiket Masuk, dan Aktivitas
Kendati tidak berfokus utama pada pariwisata, Sanjaya menjelaskan bahwa bentang alam di Tabanan merupakan salah satu yang terlengkap di Bali. Mulai dari pantai, gunung, sawah, hingga danau, semua dimiliki oleh Tabanan.
“Tabanan ada gunung, danau Beratan itu atraksi yang baik sekali. Kami juga punya sawah sebagai heritage, sawah abadi,” kata dia.
Namun, ia mengakui bahwa sampai saat ini, pantai dan pura di Tanah Lot masih menjadi daya tarik utama bagi wisatawan domestik maupun mancanegara.
UNSPLASH/NICK FEWINGS Pura Tanah Lot, salah satu kawasan wisata pantai di Tabanan, Bali. Berikut nama-nama bulan dalam Kalender Saka Bali.
“Sampai saat ini kunjungan terbanyak yang dikunjungi adalah Tanah Lot. Kalau ada pura di tengah laut, pasti Tanah Lot,” terangnya.
Selain Tanah Lot, beberapa atraksi wisata di Tabanan yang cukup ramai dikunjungi wisatawan antara lain seperti The Blooms Garden, Danau Beratan, Jatiluwih, Pantai Soka, Kebun Raya Bali, Taman Kupu-kupu, dan Museum Subak.
Baca juga: 9 Wisata Pantai di Tabanan Bali, Tak Cuma Tanah Lot
Di luar dari atraksi yang cukup populer di atas, wisatawan juga bisa mengeksplorasi Tabanan lebih lama lagi saat berkunjung, untuk bisa mendapatkan sejumlah hidden gem di sana.
Mulai dari air terjun, gua tempat melihat matahari terbenam (sunset), terasering yang terjaga, dan masih banyak lagi potensi alam lainnya di Tabanan.


  

    
        Bayangkan seorang anak Indonesia bercita-cita menjadi dokter tetapi hanya memiliki satu buku lusuh untuk belajar. Bersama Ekspedisi Kata ke Nyata Kompas.com, Anda bisa membantu mengubah kisah itu. Mari hadirkan akses literasi bagi anak-anak di berbagai pelosok Indonesia melalui donasi lewat tautan https://bit.ly/JagatLiterasi2026. Setiap kebaikan yang Anda berikan bukan hanya membuka jendela pengetahuan, tetapi juga membuka masa depan mereka.",Kompas.com,"Dajan Peken, 82114, Tabanan, Tabanan, Bali, Indonesia",-8.536609490935,115.13552944186335,5,"2, 7","kejaksaan, kejatibali, kejaritabanan, tabanan, news"
Mantan Bupati Tabanan Ni Putu Eka Wiryastuti Ditetapkan sebagai Tersangka Korupsi Dana Insentif Daerah,2022-03-24T07:00:00.000Z,"Kabupaten Tabanan, Bali, Indonesia",Mantan Bupati Tabanan Ni Putu Eka Wiryastuti Ditetapkan sebagai Tersangka Korupsi Dana Insentif Daerah - Kompas.com,"JAKARTA, KOMPAS.com - Komisi Pemberantasan Korupsi (KPK) mengumumkan mantan Bupati Tabanan, Ni Putu Eka Wiryastuti, sebagai tersangka kasus dugaan korupsi pengurusan dana insentif daerah (DID), Tabanan, Bali tahun 2018.
Eks Bupati Tabanan itu ditetapkan tersangka bersama seorang Dosen I Dewa Nyoman Wiratmaja dan Kepala Seksi Dana Alokasi Khusus Fisik II, Direktorat Jenderal Perimbangan Keuangan, Kementerian Keuangan tahun 2017, Rifa Surya.""KPK menemukan bukti permulaan yang cukup dan meningkatkan perkara ini ke tahap penyidikan pada Oktober 2021,"" ujar Wakil Ketua KPK Lili Pintauli Siregar, dalam konferensi pers, di Gedung Merah Putih KPK, Jakarta, Kamis (24/3/2022).
Baca juga: KPK Duga Dana Insentif Daerah Tabanan Digunakan Tak Sesuai Peruntukannya
Lili menerangkan, Ni Putu Eka Wiryastuti selaku Bupati Tabanan periode 2010-2021 dalam melaksanakan tugasnya mengangkat I Dewa Nyoman Wiratmaja sebagai staf khusus bidang ekonomi dan pembangunan.
Sekitar Agustus 2017, ujar dia, ada inisiatif Bupati Tabanan dua periode itu untuk mengajukan permohonan DID dari pemerintah pusat senilai Rp 65 miliar.




""Untuk merealisasikan keinginannya tersebut, tersangka NPEW (Ni Putu Eka Wiryastuti) memerintahkan tersangka IDNW (I Dewa Nyoman Wiratmaja) menyiapkan seluruh kelengkapan administrasi permohonan pengajuan dana DID dimaksud dan menemui serta berkomunikasi dengan beberapa pihak yang dapat memuluskan usulan tersebut,"" papar Lili.
Adapun pihak yang ditemui I Dewa Nyoman Wiratmaja yaitu Yaya Purnomo dan Rifa Surya yang diduga memiliki kewenangan dan dapat mengawal usulan dana DID untuk Kabupaten Tabanantahun 2018.
Baca juga: KPK Periksa Penggunaan DID untuk Proyek di Pemkab Tabanan
Yaya Purnomo dan Rifa Surya kemudian diduga mengajukan syarat khusus untuk mengawal usulan DID pada Ni Putu Eka Wiryastuti dengan meminta sejumlah uang sebagai fee dengan sebutan “dana adat istiadat”.""Dan permintaan ini lalu diteruskan tersangka IDNW pada tersangka NPEW dan mendapat persetujuan,"" ucap Lili.
""Nilai fee yang ditentukan oleh Yaya Purnomo dan tersangka RS (Rifa Surya) diduga sebesar 2,5 persen dari alokasi dana DID yang nantinya akan didapat oleh Kabupaten Tabanan di Tahun Anggaran 2018,"" sambungnya.
Lebih lanjut, sekitar Agustus-Desember 2017, kata Lili, diduga dilakukan penyerahan uangsecara bertahap oleh I Dewa Nyoman Wiratmaja kepada Yaya Purnomo dan Rifa Surya di salah satu hotel di Jakarta.
Menurut Lili, pemberian uang oleh Ni Putu Eka Wiryastuti melalui I Dewa Nyoman Wiratmaja diduga Rp 600 juta dan 55.300 dollar Amerika
Baca juga: KPK Telusuri Aktivitas Pihak-pihak yang Terkait Pengurusan DID Tabanan
Saat ini, ujar dia, tim penyidik masih akan terus mendalami dugaan adanya aliran uang pada pihak-pihak lain yang diduga juga punya andil dalam pengurusan dana DID untuk Kabupaten Tabanan Tahun Anggaran 2018.
Atas perbuatannya, Ni Putu Eka Wiryastuti dan I Dewa Nyoman Wiratmaja sebagai pihak pemberi disangkakan melanggar Pasal 5 Ayat 1 huruf a atau huruf b atau Pasal 13 Undang-Undang Nomor 31 Tahun 1999.
Sementara itu, Rifa Surya sebagai pihak penerima disangkakan melanggar Pasal 12 huruf a atau Pasal 11 Undang-Undang Nomor 31 Tahun 1999.




  

    
        Bayangkan seorang anak Indonesia bercita-cita menjadi dokter tetapi hanya memiliki satu buku lusuh untuk belajar. Bersama Ekspedisi Kata ke Nyata Kompas.com, Anda bisa membantu mengubah kisah itu.","Mari hadirkan akses literasi bagi anak-anak di berbagai pelosok Indonesia melalui donasi lewat tautan https://bit.ly/JagatLiterasi2026. Setiap kebaikan yang Anda berikan bukan hanya membuka jendela pengetahuan, tetapi juga membuka masa depan mereka.","Pada Hari Kamis , 24 Maret 2022 07:00, Tabanan, Tabanan, Bali

JAKARTA, KOMPAS.com - Komisi Pemberantasan Korupsi (KPK) mengumumkan mantan Bupati Tabanan, Ni Putu Eka Wiryastuti, sebagai tersangka kasus dugaan korupsi pengurusan dana insentif daerah (DID), Tabanan, Bali tahun 2018.
Eks Bupati Tabanan itu ditetapkan tersangka bersama seorang Dosen I Dewa Nyoman Wiratmaja dan Kepala Seksi Dana Alokasi Khusus Fisik II, Direktorat Jenderal Perimbangan Keuangan, Kementerian Keuangan tahun 2017, Rifa Surya.""KPK menemukan bukti permulaan yang cukup dan meningkatkan perkara ini ke tahap penyidikan pada Oktober 2021,"" ujar Wakil Ketua KPK Lili Pintauli Siregar, dalam konferensi pers, di Gedung Merah Putih KPK, Jakarta, Kamis (24/3/2022).
Baca juga: KPK Duga Dana Insentif Daerah Tabanan Digunakan Tak Sesuai Peruntukannya
Lili menerangkan, Ni Putu Eka Wiryastuti selaku Bupati Tabanan periode 2010-2021 dalam melaksanakan tugasnya mengangkat I Dewa Nyoman Wiratmaja sebagai staf khusus bidang ekonomi dan pembangunan.
Sekitar Agustus 2017, ujar dia, ada inisiatif Bupati Tabanan dua periode itu untuk mengajukan permohonan DID dari pemerintah pusat senilai Rp 65 miliar.




""Untuk merealisasikan keinginannya tersebut, tersangka NPEW (Ni Putu Eka Wiryastuti) memerintahkan tersangka IDNW (I Dewa Nyoman Wiratmaja) menyiapkan seluruh kelengkapan administrasi permohonan pengajuan dana DID dimaksud dan menemui serta berkomunikasi dengan beberapa pihak yang dapat memuluskan usulan tersebut,"" papar Lili.
Adapun pihak yang ditemui I Dewa Nyoman Wiratmaja yaitu Yaya Purnomo dan Rifa Surya yang diduga memiliki kewenangan dan dapat mengawal usulan dana DID untuk Kabupaten Tabanantahun 2018.
Baca juga: KPK Periksa Penggunaan DID untuk Proyek di Pemkab Tabanan
Yaya Purnomo dan Rifa Surya kemudian diduga mengajukan syarat khusus untuk mengawal usulan DID pada Ni Putu Eka Wiryastuti dengan meminta sejumlah uang sebagai fee dengan sebutan “dana adat istiadat”.""Dan permintaan ini lalu diteruskan tersangka IDNW pada tersangka NPEW dan mendapat persetujuan,"" ucap Lili.
""Nilai fee yang ditentukan oleh Yaya Purnomo dan tersangka RS (Rifa Surya) diduga sebesar 2,5 persen dari alokasi dana DID yang nantinya akan didapat oleh Kabupaten Tabanan di Tahun Anggaran 2018,"" sambungnya.
Lebih lanjut, sekitar Agustus-Desember 2017, kata Lili, diduga dilakukan penyerahan uangsecara bertahap oleh I Dewa Nyoman Wiratmaja kepada Yaya Purnomo dan Rifa Surya di salah satu hotel di Jakarta.
Menurut Lili, pemberian uang oleh Ni Putu Eka Wiryastuti melalui I Dewa Nyoman Wiratmaja diduga Rp 600 juta dan 55.300 dollar Amerika
Baca juga: KPK Telusuri Aktivitas Pihak-pihak yang Terkait Pengurusan DID Tabanan
Saat ini, ujar dia, tim penyidik masih akan terus mendalami dugaan adanya aliran uang pada pihak-pihak lain yang diduga juga punya andil dalam pengurusan dana DID untuk Kabupaten Tabanan Tahun Anggaran 2018.
Atas perbuatannya, Ni Putu Eka Wiryastuti dan I Dewa Nyoman Wiratmaja sebagai pihak pemberi disangkakan melanggar Pasal 5 Ayat 1 huruf a atau huruf b atau Pasal 13 Undang-Undang Nomor 31 Tahun 1999.
Sementara itu, Rifa Surya sebagai pihak penerima disangkakan melanggar Pasal 12 huruf a atau Pasal 11 Undang-Undang Nomor 31 Tahun 1999.




  

    
        Bayangkan seorang anak Indonesia bercita-cita menjadi dokter tetapi hanya memiliki satu buku lusuh untuk belajar. Bersama Ekspedisi Kata ke Nyata Kompas.com, Anda bisa membantu mengubah kisah itu. Mari hadirkan akses literasi bagi anak-anak di berbagai pelosok Indonesia melalui donasi lewat tautan https://bit.ly/JagatLiterasi2026. Setiap kebaikan yang Anda berikan bukan hanya membuka jendela pengetahuan, tetapi juga membuka masa depan mereka.    
                    Batas akses KARIN
                    
                        Kamu sudah mencapai batas akses KARIN.
                        Gabung membership Kompas.com+ MAX untuk bertanya lebih banyak dan memahami berita dengan lebih leluasa.
                    
                
            
                    
                    
                    Tidak akurat
                
                
                    
                    
                    Tidak relevan
                
                
                    
                    
                    Menyinggung
                
                
                    
                    
                    Terlalu lama
                
                
                    
                    
                    Isu privasi
                
                
                    
                    
                    Lainnya
                
            
            
                    Khusus Member
                    
                        Akses Tanya Langsung Tersedia untuk Member
                        Gabung membership Kompas.com+ MAX untuk bertanya lebih banyak dan memahami berita dengan lebih leluasa.",Kompas.com,"Dajan Peken, 82114, Tabanan, Tabanan, Bali, Indonesia",-8.536609490935,115.13552944186335,5,"2, 7","kejaksaan, kejatibali, kejaritabanan, tabanan, news"
Kerajaan Tabanan Sejarah Rajaraja Masa Kejayaan dan Keruntuhan,2021-12-14T08:00:00.000Z,"Kabupaten Tabanan, Bali, Indonesia","Kerajaan Tabanan: Sejarah, Raja-raja, Masa Kejayaan, dan Keruntuhan - Kompas.com","KOMPAS.com - Kerajaan Tabanan adalah salah satu dari beberapa kerajaan yang pernah berdiri di Pulau Bali.
Menurut Babad Arya Tabanan, raja pertama Kerajaan Tabanan adalah Arya Kenceng, yang merupakan keturunan Majapahit.
Pada awalnya, kerajaan ini berada di bawah dinasti Gelgel yang saat itu menguasai seluruh Bali.Sejak didirikan pada abad ke-14, Kerajaan Tabanan terus berkembang hingga mencapai masa kejayaan pada abad ke-17, ketika diperintah oleh Sri Magada Sakti.
Baca juga: Kerajaan Jembrana: Sejarah, Raja-raja, dan Keruntuhan
Sejarah berdirinya
Sejarah berdirinya Kerajaan Tabanan berkaitan erat dengan Kerajaan Majapahit. Pada masa pemerintahan Tribhuanatunggadewi (1329-1350), Majapahit ingin menyatukan kembali Bali dalam kekuasaannya.




Karena tidak dapat ditundukkan dengan cara diplomasi, Majapahit mengirim Gajah Mada dan Adityawarman (Arya Damar) bersama para Arya untuk menguasai Bali.
Adityawarman adalah adipati Palembang yang mempunyai hubungan kekerabatan dengan Raja Majapahit dari garis ibu.
Dalam serangan itu, Arya Kenceng, putra Adityawarman, memimpin pertempuran dari selatan.","Pada 1343, Bali akhirnya jatuh ke tangan Majapahit.Untuk mengatasi kekosongan pemerintahan di Bali, Raja Majapahit melantik Sri Kresna Kepakisan menjadi Raja Bali pada 1352 M.
Dalam pelantikan itu, juga diadakan pembagian wilayah Bali bagi para Arya, di mana Arya Kenceng ditugaskan di Tabanan.
Setelah Arya Kenceng diangkat menjadi Anglurah Tabanan pada 1352, ia segera membangun istana Buahan di Desa Pucangan dan bergelar Bhatara Arya Kenceng.
Arya Kenceng merupakan raja pertama yang menurunkan penguasa Kerajaan Tabanan selanjutnya.
Pada masa kekuasaan raja ketiganya, yaitu Sirarya Ngurah Langwang atau Prabu Singasana, istana dipindahkan dari Desa Pucangan ke Puri Agung Tabanan.
Baca juga: Kerajaan Gianyar: Sejarah, Raja-raja, dan Keruntuhan
Raja-raja Kerajaan Tabanan

Arya Kenceng
Sri Magada Nata/Arya Yasan
Prabu Singasana/Arya Langwang
I Gusti Ngurah Tabanan I
I Gusti Wayahan Pamedekan
I Gusti Made Pamedekan
I Gusti Ngurah Tabanan II
Prabu Nisweng Panida
I Gusti Made Dalang
I Gusti Nengah Malkangin
I Gusti Bolo di Malkangin
I Gusti Agung Badeng
Prabu Magada Sakti
Anglurah Mur Pamade
I Gusti Ngurah Sekar
I Gusti Ngurah Gede
I Gusti Ngurah Made Rai
I Gusti Ngurah Rai Panebel
I Gusti Ngurah Ubung
I Gusti Ngurah Agung I
I Gusti Ngurah Agung II
I Gusti Ngurah Rai Perang
Cokorda Ngurah Ketut
Regen Gusti Ngurah Wayan
Cokorda Ngurah Gede

Baca juga: Kerajaan Bangli: Sejarah, Raja-Raja, Keruntuhan, dan Peninggalan
Masa kejayaan Kerajaan Tabanan
Kejayaan Tabanan terjadi pada masa pemerintahan Raja Ki Gusti Dawuh yang bergelar Sri Magada Sakti (1650-1725).




  

Pada saat itum Tabanan sangat tertib dan aman, yang selanjutnya memisahkan diri dari kekuasaan Kerajaan Gelgel..","Pada Hari Selasa , 14 Desember 2021 08:00, Tabanan, Tabanan, Bali

KOMPAS.com - Kerajaan Tabanan adalah salah satu dari beberapa kerajaan yang pernah berdiri di Pulau Bali.
Menurut Babad Arya Tabanan, raja pertama Kerajaan Tabanan adalah Arya Kenceng, yang merupakan keturunan Majapahit.
Pada awalnya, kerajaan ini berada di bawah dinasti Gelgel yang saat itu menguasai seluruh Bali.Sejak didirikan pada abad ke-14, Kerajaan Tabanan terus berkembang hingga mencapai masa kejayaan pada abad ke-17, ketika diperintah oleh Sri Magada Sakti.
Baca juga: Kerajaan Jembrana: Sejarah, Raja-raja, dan Keruntuhan
Sejarah berdirinya
Sejarah berdirinya Kerajaan Tabanan berkaitan erat dengan Kerajaan Majapahit. Pada masa pemerintahan Tribhuanatunggadewi (1329-1350), Majapahit ingin menyatukan kembali Bali dalam kekuasaannya.




Karena tidak dapat ditundukkan dengan cara diplomasi, Majapahit mengirim Gajah Mada dan Adityawarman (Arya Damar) bersama para Arya untuk menguasai Bali.
Adityawarman adalah adipati Palembang yang mempunyai hubungan kekerabatan dengan Raja Majapahit dari garis ibu.
Dalam serangan itu, Arya Kenceng, putra Adityawarman, memimpin pertempuran dari selatan. Pada 1343, Bali akhirnya jatuh ke tangan Majapahit.Untuk mengatasi kekosongan pemerintahan di Bali, Raja Majapahit melantik Sri Kresna Kepakisan menjadi Raja Bali pada 1352 M.
Dalam pelantikan itu, juga diadakan pembagian wilayah Bali bagi para Arya, di mana Arya Kenceng ditugaskan di Tabanan.
Setelah Arya Kenceng diangkat menjadi Anglurah Tabanan pada 1352, ia segera membangun istana Buahan di Desa Pucangan dan bergelar Bhatara Arya Kenceng.
Arya Kenceng merupakan raja pertama yang menurunkan penguasa Kerajaan Tabanan selanjutnya.
Pada masa kekuasaan raja ketiganya, yaitu Sirarya Ngurah Langwang atau Prabu Singasana, istana dipindahkan dari Desa Pucangan ke Puri Agung Tabanan.
Baca juga: Kerajaan Gianyar: Sejarah, Raja-raja, dan Keruntuhan
Raja-raja Kerajaan Tabanan

Arya Kenceng
Sri Magada Nata/Arya Yasan
Prabu Singasana/Arya Langwang
I Gusti Ngurah Tabanan I
I Gusti Wayahan Pamedekan
I Gusti Made Pamedekan
I Gusti Ngurah Tabanan II
Prabu Nisweng Panida
I Gusti Made Dalang
I Gusti Nengah Malkangin
I Gusti Bolo di Malkangin
I Gusti Agung Badeng
Prabu Magada Sakti
Anglurah Mur Pamade
I Gusti Ngurah Sekar
I Gusti Ngurah Gede
I Gusti Ngurah Made Rai
I Gusti Ngurah Rai Panebel
I Gusti Ngurah Ubung
I Gusti Ngurah Agung I
I Gusti Ngurah Agung II
I Gusti Ngurah Rai Perang
Cokorda Ngurah Ketut
Regen Gusti Ngurah Wayan
Cokorda Ngurah Gede

Baca juga: Kerajaan Bangli: Sejarah, Raja-Raja, Keruntuhan, dan Peninggalan
Masa kejayaan Kerajaan Tabanan
Kejayaan Tabanan terjadi pada masa pemerintahan Raja Ki Gusti Dawuh yang bergelar Sri Magada Sakti (1650-1725).




  

Pada saat itum Tabanan sangat tertib dan aman, yang selanjutnya memisahkan diri dari kekuasaan Kerajaan Gelgel.",Kompas.com,"Dajan Peken, 82114, Tabanan, Tabanan, Bali, Indonesia",-8.536609490935,115.13552944186335,5,"2, 7","kejaksaan, kejatibali, kejaritabanan, tabanan, news"
Resep Sambal Sager Gerih Sambal dari Ikan Asin Khas Tabanan Bali,2021-03-14T08:00:00.000Z,"Kabupaten Tabanan, Bali, Indonesia","Resep Sambal Sager Gerih, Sambal dari Ikan Asin Khas Tabanan Bali - Kompas.com","KOMPAS.com - Kamu pencinta masakan pedas? Kamu bisa coba resep sambel sager gerih.
Sager gerih dalam arti harafiahnya adalah lawar ikan kering. Terkenal sebagai sambal khas Kabupaten Tabanan yang disajikan bersama nasi sele atau nasi yang dicampur dengan ketela.Ikuti cara membuat sambal sager gerih dalam buku “Pawon Bali” karya Nanik Mirna Agung terbitan PT Gramedia Pustaka Utama.
Baca juga: Resep Sambal Sere, Sambal Pelengkap Makanan Bali 
Resep sambal sager gerih
Bahan:

20 gram ikan asin
60 gram bawang merah
20 gram cabai rawit
4 gram terasi
5 gram garam
2 gram kemangi
30 gram kelapa panggang

Baca juga: Resep Sambal Bawang Merah Utuh, Sambal yang Viral di TikTok



Cara membuat sambal sager gerih:
1.","Rajang bawang merah, bawang putih, dan cabai rawit. Goreng secara terpisah.
2.","Pada Hari Minggu , 14 Maret 2021 08:00, Tabanan, Tabanan, Bali

KOMPAS.com - Kamu pencinta masakan pedas? Kamu bisa coba resep sambel sager gerih.
Sager gerih dalam arti harafiahnya adalah lawar ikan kering. Terkenal sebagai sambal khas Kabupaten Tabanan yang disajikan bersama nasi sele atau nasi yang dicampur dengan ketela.Ikuti cara membuat sambal sager gerih dalam buku “Pawon Bali” karya Nanik Mirna Agung terbitan PT Gramedia Pustaka Utama.
Baca juga: Resep Sambal Sere, Sambal Pelengkap Makanan Bali 
Resep sambal sager gerih
Bahan:

20 gram ikan asin
60 gram bawang merah
20 gram cabai rawit
4 gram terasi
5 gram garam
2 gram kemangi
30 gram kelapa panggang

Baca juga: Resep Sambal Bawang Merah Utuh, Sambal yang Viral di TikTok



Cara membuat sambal sager gerih:
1. Rajang bawang merah, bawang putih, dan cabai rawit. Goreng secara terpisah.
2. Parut kelapa yang sudah dipanggang.
3. Goreng teri asin dan rajang kecil-kecil. Campurkan semua bahan dan tambahkan daun kemangi yang telah dirajang kecil-kecil.
4. Sajikan.
Buku “Pawon Bali” karya Nanik Mirna Agung terbitan PT Gramedia Pustaka Utama bisa dibeli di Gramedia.com. 


  

    
        Bayangkan seorang anak Indonesia bercita-cita menjadi dokter tetapi hanya memiliki satu buku lusuh untuk belajar. Bersama Ekspedisi Kata ke Nyata Kompas.com, Anda bisa membantu mengubah kisah itu. Mari hadirkan akses literasi bagi anak-anak di berbagai pelosok Indonesia melalui donasi lewat tautan https://bit.ly/JagatLiterasi2026. Setiap kebaikan yang Anda berikan bukan hanya membuka jendela pengetahuan, tetapi juga membuka masa depan mereka.",Kompas.com,"Dajan Peken, 82114, Tabanan, Tabanan, Bali, Indonesia",-8.536609490935,115.13552944186335,5,"2, 7","kejaksaan, kejatibali, kejaritabanan, tabanan, news"
Bupati Tabanan Dorong Desa Wisata Kembangkan Kuliner,2013-07-17T07:00:00.000Z,"Kabupaten Tabanan, Bali, Indonesia",Bupati Tabanan Dorong Desa Wisata Kembangkan Kuliner - Kompas.com,"TABANAN, KOMPAS.com - Bupati Tabanan Ni Putu Eka Wiryastuti mendorong desa wisata di daerahnya mengembangkan kuliner khas perdesaan sebagai upaya menarik minat wisatawan. ""Tentu saja kami akan mendukung pengembangan kuliner oleh masyarakat desa wisata,"" katanya di Tabanan, Bali, Selasa (16/7/2013).Putu Eka menilai kuliner khas Bali pada umumnya monoton sehingga tidak mampu menarik minat wisatawan untuk mencicipinya.","""Kalau saja masyarakat di desa wisata mampu meramu dan menyajikan kuliner yang menggugah selera, tentu wisatawan akan betah dan ini berarti membuka kesempatan kerja bagi masyarakat perdesaan,"" kata putri pertama mantan Bupati Tabanan, Adi Wiryatama itu.Wiryastuti sangat bangga dengan kuliner yang disajikan anggota Padepokan Wirawana, Kecamatan Penebel. ""Masakannya bercita rasa tinggi dan cara penyajiannya juga tidak kalah dengan hotel berbintang,"" katanya.Padepokan itu mampu menyuguhkan ""entil"" atau ketupat khas Penebel yang disajikan bersama ""steak"" ayam dan gurami ""crispy"".Bupati baru menyadari ternyata di Tabanan selain terdapat potensi sumber daya alam yang melimpah, juga memiliki tenaga-tenaga terampil dalam bidang kuliner.","Pada Hari Rabu , 17 Juli 2013 07:00, Tabanan, Tabanan, Bali

TABANAN, KOMPAS.com - Bupati Tabanan Ni Putu Eka Wiryastuti mendorong desa wisata di daerahnya mengembangkan kuliner khas perdesaan sebagai upaya menarik minat wisatawan. ""Tentu saja kami akan mendukung pengembangan kuliner oleh masyarakat desa wisata,"" katanya di Tabanan, Bali, Selasa (16/7/2013).Putu Eka menilai kuliner khas Bali pada umumnya monoton sehingga tidak mampu menarik minat wisatawan untuk mencicipinya. ""Kalau saja masyarakat di desa wisata mampu meramu dan menyajikan kuliner yang menggugah selera, tentu wisatawan akan betah dan ini berarti membuka kesempatan kerja bagi masyarakat perdesaan,"" kata putri pertama mantan Bupati Tabanan, Adi Wiryatama itu.Wiryastuti sangat bangga dengan kuliner yang disajikan anggota Padepokan Wirawana, Kecamatan Penebel. ""Masakannya bercita rasa tinggi dan cara penyajiannya juga tidak kalah dengan hotel berbintang,"" katanya.Padepokan itu mampu menyuguhkan ""entil"" atau ketupat khas Penebel yang disajikan bersama ""steak"" ayam dan gurami ""crispy"".Bupati baru menyadari ternyata di Tabanan selain terdapat potensi sumber daya alam yang melimpah, juga memiliki tenaga-tenaga terampil dalam bidang kuliner. ""Menu yang disajikan oleh warga kita mampu menggugah selera siapa pun untuk mencicipi karena penyajiannya yang sangat apik di samping juga cara penyajiannya,"" katanya.Sementara  Wayan Wirawan selaku pengurus padepokan mengakui bahwa anggotanya mendapat pelatihan dari koki berpengalaman internasional di Bali. ""Anggota kami di Padepokan Wirawana saat ini berjumlah 30 orang. Kemampuan mereka tidak perlu diragukan lagi karena sudah mendapat pelatihan dari ’chef-chef’ andal,"" katanya.



Padepokan, lanjut Wirawan, juga memberdayakan masyarakat sekitar terutama kaum wanita yang tergabung dalam Kelompok Wanita Tani untuk menciptakan lingkungan bersih dan sehat.


  
""Selain mengembangkan kuliner, kami juga memberdayakan kaum perempuan untuk memilah sampah menjadi bank sampah. Selain mampu menciptakan lingkungan yang bersih dan sehat. Program ini juga bisa menambah pemasukan ibu-ibu kita,"" tambah Wirawan.
    
        Bayangkan seorang anak Indonesia bercita-cita menjadi dokter tetapi hanya memiliki satu buku lusuh untuk belajar. Bersama Ekspedisi Kata ke Nyata Kompas.com, Anda bisa membantu mengubah kisah itu. Mari hadirkan akses literasi bagi anak-anak di berbagai pelosok Indonesia melalui donasi lewat tautan https://bit.ly/JagatLiterasi2026. Setiap kebaikan yang Anda berikan bukan hanya membuka jendela pengetahuan, tetapi juga membuka masa depan mereka.",Kompas.com,"Dajan Peken, 82114, Tabanan, Tabanan, Bali, Indonesia",-8.536609490935,115.13552944186335,5,"2, 7","kejaksaan, kejatibali, kejaritabanan, tabanan, news"
Perumahan Terjangkau di Bawah Rp 200 Juta di Kabupaten Tabanan Pilihan Ekonomis,2024-08-04T07:00:00.000Z,"Kabupaten Tabanan, Bali, Indonesia",Perumahan Terjangkau di Bawah Rp 200 Juta di Kabupaten Tabanan: Pilihan Ekonomis - Kompas.com,"KOMPAS.com - Kabupaten Tabanan di Bali sedang menarik perhatian dari para calon pemilik rumah.
Sebagai pusat perhatian, daerah tersebut menawarkan berbagai pilihan rumah subsidi dengan harga terjangkau.
Masyarakat dapat mengakses inforamsi terkait rumah dengan harga kurang dari Rp 200 juta melalui Sistem Informasi Kumpulan Pengembang (Sikumbang).Berikut adalah beberapa pilihan rumah terjangkau di Kabupaten Tabanan:

Perumahan Taman Indah Lestari: Tipe 30/60
Terletak di Kerambitan, Kabupaten Tabanan, perumahan ini dibangun PT Puri Gita Asri seharga Rp 149 juta.
Masing-masing rumah dibuat seluas 30/60 meter persegi. Sebanyak 26 rumah telah terjual, sisanya masih 22 unit lagi.





Bca Pesona Jadi Thp 3: Tipe 25
Perumahan satu ini dikembangkan oleh PT Bumi Cempaka Asri yang terletak di Kediri, Kabupaten Tabanan.","Menawarkan 114 rumah dengan harga Rp 168 juta.
Luas bangunan rumah dibuat 25/60 meter persegi. Hingga saat ini, sudah terjual 95 rumah dan masih tersisa 19 unit lagi. 

Gedong Mandung V: Tipe 36
Berlokasi di Kerambitan, Kabupaten Tabanan, proyek perumahan ini dikembangkan oleh PT Gedong Becik Raindra seharga Rp 168 juta.
Bangunan rumah dibuat seluas 36/60 meter persegi.","Pada Hari Minggu , 4 Agustus 2024 07:00, Tabanan, Tabanan, Bali

KOMPAS.com - Kabupaten Tabanan di Bali sedang menarik perhatian dari para calon pemilik rumah.
Sebagai pusat perhatian, daerah tersebut menawarkan berbagai pilihan rumah subsidi dengan harga terjangkau.
Masyarakat dapat mengakses inforamsi terkait rumah dengan harga kurang dari Rp 200 juta melalui Sistem Informasi Kumpulan Pengembang (Sikumbang).Berikut adalah beberapa pilihan rumah terjangkau di Kabupaten Tabanan:

Perumahan Taman Indah Lestari: Tipe 30/60
Terletak di Kerambitan, Kabupaten Tabanan, perumahan ini dibangun PT Puri Gita Asri seharga Rp 149 juta.
Masing-masing rumah dibuat seluas 30/60 meter persegi. Sebanyak 26 rumah telah terjual, sisanya masih 22 unit lagi.





Bca Pesona Jadi Thp 3: Tipe 25
Perumahan satu ini dikembangkan oleh PT Bumi Cempaka Asri yang terletak di Kediri, Kabupaten Tabanan. Menawarkan 114 rumah dengan harga Rp 168 juta.
Luas bangunan rumah dibuat 25/60 meter persegi. Hingga saat ini, sudah terjual 95 rumah dan masih tersisa 19 unit lagi. 

Gedong Mandung V: Tipe 36
Berlokasi di Kerambitan, Kabupaten Tabanan, proyek perumahan ini dikembangkan oleh PT Gedong Becik Raindra seharga Rp 168 juta.
Bangunan rumah dibuat seluas 36/60 meter persegi. Hingga saat ini, masih tersedia 12 rumah dari total 26 unit yang disediakan.

Graha Kita Tahaf Ii: Tipe 35/66
Perumahan keempat ini terletak di Salamadeg Timur, Kabupaten Tabanan. Total rumah yang ditawarkan 24 unti seharga Rp 168 juta.
Bangunan rumah dibuat seluas 35/66 meter persgei. PT Jatayu Dewata masih memasarkan sisa satu rumah lagi. 

Bca Multi Jadi Ix Thp 3: Tipe 25
Di Kediri, Kabupaten Tabanan, terdapat perumahan dengan total 136 unit. Saat ini, telah terjual 95 rumah dengan harga Rp 168 juta per unit.
Bangunan-bangunan rumah dibuat seluas 25/60 meter persegi. PT Bumi Cempaka Asri masih memasarkan 41 rumah lagi.





  




    
        Bayangkan seorang anak Indonesia bercita-cita menjadi dokter tetapi hanya memiliki satu buku lusuh untuk belajar. Bersama Ekspedisi Kata ke Nyata Kompas.com, Anda bisa membantu mengubah kisah itu. Mari hadirkan akses literasi bagi anak-anak di berbagai pelosok Indonesia melalui donasi lewat tautan https://bit.ly/JagatLiterasi2026. Setiap kebaikan yang Anda berikan bukan hanya membuka jendela pengetahuan, tetapi juga membuka masa depan mereka.",Kompas.com,"Dajan Peken, 82114, Tabanan, Tabanan, Bali, Indonesia",-8.536609490935,115.13552944186335,5,"2, 7","kejaksaan, kejatibali, kejaritabanan, tabanan, news"
Tabanan Arsip Page 599 of 599,2026-09-25T16:08:02.000Z,"Kabupaten Tabanan, Bali, Indonesia",Tabanan Arsip | Page 599 of 599 - BALIPOST.com,"Pemuda Ini Sewa Mobil Untuk Curi GabahTabanan Senin, 13 Maret 2017 | 17:22:04 TABANAN, BALIPOST.com – Berdalih untuk memenuhi kebutuhan hidup dan berfoya-foya, tiga pemuda hanya tamatan SMP asal desa Sangketan, kecamatan Penebel diciduk Polisi. Ketiganya diamankan,...Galian C Kelating Akhirnya Ditutup SementaraTabanan Kamis, 9 Maret 2017 | 16:44:04 TABANAN, BALIPOST.com – Sehari setelah Ombudsman Republik Indonesia (ORI) Bali turun mengusut ijin aktivitas galian C di desa Kelating, kecamatan Kerambitan, Kamis (9/3) giliran Kepala...Ombudsman Usut Ijin Galian C di KelatingTabanan Rabu, 8 Maret 2017 | 16:29:08 TABANAN, BALIPOST.com – Status perijinan galian C di Desa Kelating, Kecamatan Kerambitan, yang diduga bodong rupanya mendapatkan perhatian serius dari Ombudsman Republik Indonesia (ORI)...Dedik Simpan Narkoba di Saku CelanaTabanan Rabu, 8 Maret 2017 | 15:58:34 TABANAN, BALIPOST.com – Anggota satuan narkoba menciduk I Made Ambara alias Dedik (27) di pertigaan jalan Padma, depan UD Manik Mulia, banjar Pande, Kediri,....",,"Pada Hari Jumat , 25 September 2026 16:08, Tabanan, Tabanan, Bali

Pemuda Ini Sewa Mobil Untuk Curi GabahTabanan Senin, 13 Maret 2017 | 17:22:04 TABANAN, BALIPOST.com – Berdalih untuk memenuhi kebutuhan hidup dan berfoya-foya, tiga pemuda hanya tamatan SMP asal desa Sangketan, kecamatan Penebel diciduk Polisi. Ketiganya diamankan,...Galian C Kelating Akhirnya Ditutup SementaraTabanan Kamis, 9 Maret 2017 | 16:44:04 TABANAN, BALIPOST.com – Sehari setelah Ombudsman Republik Indonesia (ORI) Bali turun mengusut ijin aktivitas galian C di desa Kelating, kecamatan Kerambitan, Kamis (9/3) giliran Kepala...Ombudsman Usut Ijin Galian C di KelatingTabanan Rabu, 8 Maret 2017 | 16:29:08 TABANAN, BALIPOST.com – Status perijinan galian C di Desa Kelating, Kecamatan Kerambitan, yang diduga bodong rupanya mendapatkan perhatian serius dari Ombudsman Republik Indonesia (ORI)...Dedik Simpan Narkoba di Saku CelanaTabanan Rabu, 8 Maret 2017 | 15:58:34 TABANAN, BALIPOST.com – Anggota satuan narkoba menciduk I Made Ambara alias Dedik (27) di pertigaan jalan Padma, depan UD Manik Mulia, banjar Pande, Kediri,...",BALIPOST.com,"Dajan Peken, 82114, Tabanan, Tabanan, Bali, Indonesia",-8.536609490935,115.13552944186335,5,"2, 7","kejaksaan, kejatibali, kejaritabanan, tabanan, news"
Prabowo Santap MBG Bareng Siswa Sekolah Rakyat di Tabanan,2026-06-07T07:00:00.000Z,"Kabupaten Tabanan, Bali, Indonesia",Prabowo Santap MBG Bareng Siswa Sekolah Rakyat di Tabanan - Kompas.com,"JAKARTA, KOMPAS.com - Presiden Prabowo Subianto sempat menyantap Makan Bergizi Gratis (MBG) saat menyambangi Sekolah Rakyat Menengah Pertama (SRMP) 17 Tabanan, Bali, Minggu (7/6/2026). Dilihat dari tayangan video Badan Komunikasi Pemerintah RI, Kepala Negara mulanya memberi sepatah dua patah arahan di hadapan para pelajar dan orang tua murid SRMP 17 Tabanan, Bali.","Ia lalu beranjak menuju ruang makan yang acapkali digunakan oleh para pelajar untuk santap siang. Setibanya di sana, kedatangan Prabowo disambut oleh salah seolah siswa yang sudah berdiri tegak, siap memberikan laporan.","Pada Hari Minggu , 7 Juni 2026 07:00, Tabanan, Tabanan, Bali

JAKARTA, KOMPAS.com - Presiden Prabowo Subianto sempat menyantap Makan Bergizi Gratis (MBG) saat menyambangi Sekolah Rakyat Menengah Pertama (SRMP) 17 Tabanan, Bali, Minggu (7/6/2026).  Dilihat dari tayangan video Badan Komunikasi Pemerintah RI, Kepala Negara mulanya memberi sepatah dua patah arahan di hadapan para pelajar dan orang tua murid SRMP 17 Tabanan, Bali.  Ia lalu beranjak menuju ruang makan yang acapkali digunakan oleh para pelajar untuk santap siang. Setibanya di sana, kedatangan Prabowo disambut oleh salah seolah siswa yang sudah berdiri tegak, siap memberikan laporan.  “Lapor! Makan siang siap dilaksanakan,” ucap salah seorang siswa yang memimpin dan melapor kepada Prabowo. “Laksanakan!” sahut Prabowo.
Baca juga: Prabowo: Pendidikan Bisa Buat Rakyat Sejahtera di Semua Bidang



 Prabowo kemudian menyempatkan diri untuk berbincang singkat dengan siswa tersebut, menanyakan dari mana asalnya dan tinggal bersama siapa di Pulau Dewata ini. Setelah itu, Prabowo duduk di tengah-tengah ruang makan bersama para siswa dan wali murid. Menu Makan Bergizi Gratis tersebut pun disantap dengan lahap. “Enak,” sahut seorang pelajar menutup santap siangnya tatkala usai menyantap Makan Bergizi Gratis di SRMP 17 Tabanan.
Baca juga: Prabowo Ingatkan Siswa Sekolah Rakyat di Bali: Belajar Disiplin, Patuh Sama Guru
Prabowo sampaikan manfaan Sekolah Rakyat dan pendidikan
Adapun dalam sambutannya, Prabowo menyebut bahwa Sekolah Rakyat dibangun untuk membantu masyarakat yang paling susah dan yang paling kurang berdaya.  Oleh karenanya Prabowo menekankan, usaha untuk membuat masyarakat hidup lebih baik dan lebih layak adalah usaha yang sangat besar.  Pendidikan kata Prabowo, menjadi salah satu yang ia prioritaskan.  ""Pendidikan yang bisa membuat rakyat sejahtera di semua bidang. Pendidikan dan latihan untuk petani, latihan untuk guru, untuk perawat, semua bidang harus kita tingkatkan pendidikan dan latihan,"" tandas Prabowo.




  




    
        Bayangkan seorang anak Indonesia bercita-cita menjadi dokter tetapi hanya memiliki satu buku lusuh untuk belajar. Bersama Ekspedisi Kata ke Nyata Kompas.com, Anda bisa membantu mengubah kisah itu. Mari hadirkan akses literasi bagi anak-anak di berbagai pelosok Indonesia melalui donasi lewat tautan https://bit.ly/JagatLiterasi2026. Setiap kebaikan yang Anda berikan bukan hanya membuka jendela pengetahuan, tetapi juga membuka masa depan mereka.    
                    Batas akses KARIN
                    
                        Kamu sudah mencapai batas akses KARIN.
                        Gabung membership Kompas.com+ MAX untuk bertanya lebih banyak dan memahami berita dengan lebih leluasa.
                    
                
            
                    
                    
                    Tidak akurat
                
                
                    
                    
                    Tidak relevan
                
                
                    
                    
                    Menyinggung
                
                
                    
                    
                    Terlalu lama
                
                
                    
                    
                    Isu privasi
                
                
                    
                    
                    Lainnya
                
            
            
                    Khusus Member
                    
                        Akses Tanya Langsung Tersedia untuk Member
                        Gabung membership Kompas.com+ MAX untuk bertanya lebih banyak dan memahami berita dengan lebih leluasa.",Kompas.com,"Dajan Peken, 82114, Tabanan, Tabanan, Bali, Indonesia",-8.536609490935,115.13552944186335,5,"2, 7","kejaksaan, kejatibali, kejaritabanan, tabanan, news"
Belajar Tentang Herbal dan Kopi Aktivitas Wisata Baru di Tabanan,2016-12-13T08:00:00.000Z,"Kabupaten Tabanan, Bali, Indonesia","Belajar Tentang Herbal dan Kopi, Aktivitas Wisata Baru di Tabanan - Kompas.com","JAKARTA, KOMPAS.com - Bali kini memiliki obyek wisata edukasi baru bernama Bali Secret Garden. Wisatawan bisa belajar tentang kekayaan herbal Indonesia yang belum banyak diketahui.","Misalnya, pembuatan lulur tradisional dan keunggulan kopi Tanah Air.""Ini objek wisata dan edukasi herborist pertama di Bali Utara. Namanya Bali Secret Garden.","Pada Hari Selasa , 13 Desember 2016 08:00, Tabanan, Tabanan, Bali

JAKARTA, KOMPAS.com - Bali kini memiliki obyek wisata edukasi baru bernama Bali Secret Garden. Wisatawan bisa belajar tentang kekayaan herbal Indonesia yang belum banyak diketahui. Misalnya, pembuatan lulur tradisional dan keunggulan kopi Tanah Air.""Ini objek wisata dan edukasi herborist pertama di Bali Utara. Namanya Bali Secret Garden. Wahananya telah resmi dibuka per 9 Desember 2016 oleh Menteri Pariwisata Arief Yahya. Ini menjadi destinasi baru pariwisata Bali,” terang Ketua Tim Percepatan Wisata Kuliner dan Belanja Kemenpar, Vita Datau Messakh seperti dikutip dari siaran pers Kementerian Pariwisata kepada KompasTravel, Senin (12/12/2016).Secara arsitektur, bangunan Secret Garden Village adalah perpaduan unsur modern dan tradisional khas Bali. Bangunan di Secret Garden Village ini terinspirasi dari pegunungan yang ada di sekitar Tabanan.Di Bali Secret Garden, wisatawan bisa mengunjungi Oemah Herborist Factory Outlet dan menjumpai salah satu produk kecantikan yang terkenal dengan lulur khas Bali-nya. Di area ini, pengunjung akan diajak mengunjungi Beauty Heritage Museum yang menyimpan sejarah dunia kecantikan dan kosmetik di Indonesia. Pengunjung juga bisa membuat kosmetik dari bahan alami di area mini plant serta menonton film pendek tentang kosmetik Indonesia dari masa ke masa.
Selanjutnya, ada wisata edukasi tentang kopi di Black Eye Coffee and Roastery yang bisa dinikmati. Di bagian ini, pengunjung bisa mempelajari proses pembuatan kopi berkualitas tinggi yang diracik langsung oleh para barista.
Dok. Bali Secret Garden Bagi pecinta kopi, Black Eye Coffee memberikan Anda kesempatan untuk menjelajah museum kopi, melihat proses pembuatan mulai dari pemrosesan biji mentah hingga menjadi kopi bubuk berkualitas tinggi, menyesap lezatnya kopi dari berbagai macam jenis, dan tentunya memilih berbagai jenis kopi untuk Anda bawa pulang.Sambil beristirahat sejenak, pengunjung juga bisa menikmati berbagai jenis kopi khas Nusantara seperti Kopi Toraja, Aceh, Lampung, Jawa, dan kopi dari beragam daerah lain.



“Kopi yang diolah di sini semuanya adalah kopi khas Nusantara, namun pengolahannya menggunakan mesin yang modern,” tambah Vita.
Bagi pecinta kopi, Black Eye Coffee memberikan Anda kesempatan untuk menjelajah museum kopi, melihat proses pembuatan mulai dari proses pengolahan biji mentah hingga menjadi kopi bubuk berkualitas tinggi, menyesap lezatnya kopi dari berbagai macam jenis, dan tentunya memilih berbagai jenis kopi untuk Anda bawa pulang.
Selain dua aktivitas tersebut, Anda dapat menikmati indahnya alam Bedugul yang dikelilingi perbukitan sambil menikmati kuliner lezat khas Bali dan menu internasional di Rice View Resto. Tempat makan ini khusus untuk BBQ, sementara The Luwus Resto yang menyediakan menu Nusantara dan menu masakan Asia.“Menu tradisional Tabanan Bebek Luwung menjadi makanan andalan tempat ini, selain makanan seafood dan makanan Western lainnya. Bebek luwung diolah dengan bumbu khas Bali yang memberikan pengalaman rasa secara lengkap,” terang wanita yang juga menjabat Ketua Akademi Gastronomi Indonesia itu.Dok. Bali Secret Garden Gourmet Bali Secret GardenBagi yang suka swafoto, silahkan arahkan pandangan ke Beauty Garden dengan hiasan taman yang indah. 
“Konsep Gourmet Beauty tersaji secara indah dan dapat diekpresikan sebagai usaha menggabungkan pengalaman panca indra yang lengkap visual, rasa, penciuman, pendengaran dan sentuhan. Sangat cocok untuk wisata keluarga. Ini menjadi aset promosi untuk mendatangkan wisatawan mancanegara khususnya wisatawan gastronomi,” tambah Vita.Menpar Arief Yahya menilai objek wisata baru ini berhasil menggabungkan pariwisata dan ekonomi kreatif. Menurutnya, Secret Garden Village akan ikut membantu upaya pemerintah meningkatkan kontribusi pariwisata dan ekonomi kreatif.
“Bangsa ini hanya bisa menangkan persaingan di ekonomi kreatif.‎ Kita akan menangkan persaingan dengan relatif mudah di pariwisata dan ekonomi kreatif,” jelasnya.
Dia memaparkan objek wisata di kawasan Bali Utara ini menggabungkan ekonomi kreatif kuliner dan fashion khususnya produk kosmetik. Dua pilihan tersebut dinilai sangat bagus, karena kedua sektor tersebut merupakan penyumbang terbesar devisa dari ekonomi kreatif.Dok. Bali Secret Garden Gourmet Bali Secret Garden Pemilik Secret Garden Village, Billy Hartono Salim mengharapkan keberadaan objek baru ini dapat menjadi ikon baru di Bali khususnya di Kabupaten Tabanan.
“Keberadaan objek baru ini sekaligus untuk menempatkan investasi tidak terbatas di Bali selatan saja, tetapi ke utara,” jelas Billy yang beruntung bisa dihadiri Menpar Arief Yahya.
Bagi yang ingin menyambangi Bali Secret Garden, lokasinya terbilang mudah dijangkau. Destinasi wisata dengan slogan ""The Next Iconic Destination of Bali Island"" itu terletak di Tabanan Km 36.


  


        Bayangkan seorang anak Indonesia bercita-cita menjadi dokter tetapi hanya memiliki satu buku lusuh untuk belajar. Bersama Ekspedisi Kata ke Nyata Kompas.com, Anda bisa membantu mengubah kisah itu. Mari hadirkan akses literasi bagi anak-anak di berbagai pelosok Indonesia melalui donasi lewat tautan https://bit.ly/JagatLiterasi2026. Setiap kebaikan yang Anda berikan bukan hanya membuka jendela pengetahuan, tetapi juga membuka masa depan mereka.",Kompas.com,"Dajan Peken, 82114, Tabanan, Tabanan, Bali, Indonesia",-8.536609490935,115.13552944186335,5,"2, 7","kejaksaan, kejatibali, kejaritabanan, tabanan, news"
Berita Kilas Daerah Kabupaten Tabanan Hari Ini,2024-07-17T05:27:07.000Z,"Kabupaten Tabanan, Bali, Indonesia",Berita Kilas Daerah Kabupaten Tabanan Hari Ini - Kompas.com,"TABANAN
                    

            
    
        
            
                
                
                
                    Tabanan Jadi Kabupaten Terbaik III Tekan Kemiskinan dan Stunting di Jawa-Bali
                    Salah satu inovasi yang terbukti mampu mendukung percepatan penurunan stunting di Kabupaten Tabanan adalah program unggulan Bupati Ngantor di Desa.
                    
                        
                            
                                TABANAN
                            
                            
                                5 Juni 2026
                            
                        
                    
                
            
        
    
    
                                      
            
                
                    
                    
                    
                        Kunjungan Ke-55 Program 'Bungan Desa', Bupati Tabanan Fokus Kembangkan Potensi Lokal
                        
                            
                                
                                    TABANAN
                                
                                
                                    30 Juli 2024
                                
                            
                        
                    
                
            
                          
            
                
                    
                    
                    
                        Ikuti Pesan Bung Karno, Bupati Tabanan Dorong KTNA Jaga Kemandirian Pangan
                        
                            
                                
                                    TABANAN
                                
                                
                                    29 Juli 2024
                                
                            
                        
                    
                
            
                          
            
                
                    
                    
                    
                        Ketua TP-PKK Tabanan Intensifkan Program Sosial di Marga dan Baturiti
                        
                            
                                
                                    TABANAN
                                
                                
                                    27 Juli 2024
                                
                            
                        
                    
                
            
                    

        

                
            
                
                    Feature
                
            

            
    
        
            
            
            
                Ketua TP-PKK Tabanan Intensifkan Program Sosial di Marga dan Baturiti
                
                    
                        
                            TABANAN
                        
                        
                            27 Juli 2024
                        
                    
                
            
        
    

        
        
                
            
                
                    All News
                
            

            
                 
    
        
            
            
            
                Ngantor di Desa Buahan, Bupati Tabanan Apresiasi Inovasi Mi Kelor yang Unik dan Sehat
                
                    
                        
                            TABANAN
                        
                        
                            26 Juli 2024
                        
                    
                
            
        
    

    
        
            
            
            
                Lestarikan Budaya dan Tradisi, Bupati Tabanan Pimpin Bhakti Penganyar di 2 Pura Suci di Jatim
                
                    
                        
                            TABANAN
                        
                        
                            23 Juli 2024
                        
                    
                
            
        
    

    
        
            
            
            
                Ceria dan Penuh Semangat, Anak-anak Belajar Story Telling bersama Bunda PAUD Tabanan
                
                    
                        
                            TABANAN
                        
                        
                            17 Juli 2024
                        
                    
                
            
        
    

    
        
            
            
            
                Festival Jatiluwih V Sukses Digelar, Bupati Tabanan Apresiasi Seluruh Pihak yang Terlibat
                
                    
                        
                            TABANAN
                        
                        
                            17 Juli 2024.",,"Pada Hari Rabu , 17 Juli 2024 05:27, Tabanan, Tabanan, Bali

TABANAN
                    

            
    
        
            
                
                
                
                    Tabanan Jadi Kabupaten Terbaik III Tekan Kemiskinan dan Stunting di Jawa-Bali
                    Salah satu inovasi yang terbukti mampu mendukung percepatan penurunan stunting di Kabupaten Tabanan adalah program unggulan Bupati Ngantor di Desa.
                    
                        
                            
                                TABANAN
                            
                            
                                5 Juni 2026
                            
                        
                    
                
            
        
    
    
                                      
            
                
                    
                    
                    
                        Kunjungan Ke-55 Program 'Bungan Desa', Bupati Tabanan Fokus Kembangkan Potensi Lokal
                        
                            
                                
                                    TABANAN
                                
                                
                                    30 Juli 2024
                                
                            
                        
                    
                
            
                          
            
                
                    
                    
                    
                        Ikuti Pesan Bung Karno, Bupati Tabanan Dorong KTNA Jaga Kemandirian Pangan
                        
                            
                                
                                    TABANAN
                                
                                
                                    29 Juli 2024
                                
                            
                        
                    
                
            
                          
            
                
                    
                    
                    
                        Ketua TP-PKK Tabanan Intensifkan Program Sosial di Marga dan Baturiti
                        
                            
                                
                                    TABANAN
                                
                                
                                    27 Juli 2024
                                
                            
                        
                    
                
            
                    

        

                
            
                
                    Feature
                
            

            
    
        
            
            
            
                Ketua TP-PKK Tabanan Intensifkan Program Sosial di Marga dan Baturiti
                
                    
                        
                            TABANAN
                        
                        
                            27 Juli 2024
                        
                    
                
            
        
    

        
        
                
            
                
                    All News
                
            

            
                 
    
        
            
            
            
                Ngantor di Desa Buahan, Bupati Tabanan Apresiasi Inovasi Mi Kelor yang Unik dan Sehat
                
                    
                        
                            TABANAN
                        
                        
                            26 Juli 2024
                        
                    
                
            
        
    

    
        
            
            
            
                Lestarikan Budaya dan Tradisi, Bupati Tabanan Pimpin Bhakti Penganyar di 2 Pura Suci di Jatim
                
                    
                        
                            TABANAN
                        
                        
                            23 Juli 2024
                        
                    
                
            
        
    

    
        
            
            
            
                Ceria dan Penuh Semangat, Anak-anak Belajar Story Telling bersama Bunda PAUD Tabanan
                
                    
                        
                            TABANAN
                        
                        
                            17 Juli 2024
                        
                    
                
            
        
    

    
        
            
            
            
                Festival Jatiluwih V Sukses Digelar, Bupati Tabanan Apresiasi Seluruh Pihak yang Terlibat
                
                    
                        
                            TABANAN
                        
                        
                            17 Juli 2024",Kompas.com,"Dajan Peken, 82114, Tabanan, Tabanan, Bali, Indonesia",-8.536609490935,115.13552944186335,5,"2, 7","kejaksaan, kejatibali, kejaritabanan, tabanan, news"
Pria di Tabanan Perkosa Anak dan Keponakan Terungkap karena Korban Cerita ke Guru,2022-11-03T07:00:00.000Z,"Kabupaten Tabanan, Bali, Indonesia","Pria di Tabanan Perkosa Anak dan Keponakan, Terungkap karena Korban Cerita ke Guru - Kompas.com","TABANAN, KOMPAS.com - Seorang pria asal Desa Delod Peken, Kecamatan Tabanan, Kabupaten Tabanan, Provinsi Bali, berinisial IKEA (48) ditangkap polisi karena diduga memerkosa anak kandungnya sendiri yang berusia 13 tahun dan keponakannya yang berusia 14 tahun.
Kasus ini terungkap setelah korban bercerita kepada gurunya. Guru korban pun melapor ke polisi, Selasa (1/11/2022).","Pelaku kemudian ditangkap polisi sehari setelahnya, Rabu (2/11/2022).
""Modus pelaku melakukan persetubuhan terhadap anak di bawah umur dengan bujuk rayu dan ancaman kekerasan,"" kata Kapolres Tabanan AKBP Renefli Dian Candra saat dihubungi, Kamis (3/11/2022).Baca juga: Merantai 2 Anaknya, Ibu Kandung dan Sang Kekasih di Tabanan Ditetapkan Tersangka 
Ia mengungkapkan, pelaku IKEA diduga memerkosa anak kandungnya sendiri berkali-kali.
Kejadian pertama pada 2019 di kamar bengkel pelaku. Saat itu korban masih duduk di bangku kelas 4 SD.




Kemudian pada 2020 pelaku kembali mencabuli anaknya.","Pada Hari Kamis , 3 November 2022 07:00, Tabanan, Tabanan, Bali

TABANAN, KOMPAS.com - Seorang pria asal Desa Delod Peken, Kecamatan Tabanan, Kabupaten Tabanan, Provinsi Bali, berinisial IKEA (48) ditangkap polisi karena diduga memerkosa anak kandungnya sendiri yang berusia 13 tahun dan keponakannya yang berusia 14 tahun.
Kasus ini terungkap setelah korban bercerita kepada gurunya. Guru korban pun melapor ke polisi, Selasa (1/11/2022). Pelaku kemudian ditangkap polisi sehari setelahnya, Rabu (2/11/2022).
""Modus pelaku melakukan persetubuhan terhadap anak di bawah umur dengan bujuk rayu dan ancaman kekerasan,"" kata Kapolres Tabanan AKBP Renefli Dian Candra saat dihubungi, Kamis (3/11/2022).Baca juga: Merantai 2 Anaknya, Ibu Kandung dan Sang Kekasih di Tabanan Ditetapkan Tersangka 
Ia mengungkapkan, pelaku IKEA diduga memerkosa anak kandungnya sendiri berkali-kali.
Kejadian pertama pada 2019 di kamar bengkel pelaku. Saat itu korban masih duduk di bangku kelas 4 SD.




Kemudian pada 2020 pelaku kembali mencabuli anaknya. Terakhir, aksi bejat itu dilakukan pelaku pada 14 Oktober 2022 di tempat yang sama yakni kamar bengkel milik pelaku.Tak hanya itu, pelaku IKEA juga diduga memerkosa keponakannya sebanyak 3 kali yaitu pada tahun 2019 dua kali, dan tahun 2020.
Bahkan, pada tahun 2019 pelaku diduga memerkosa anaknya dan keponakannya berbarengan.
Baca juga: Pria di Tabanan yang Hanyut Saat Mandi di Sungai Ditemukan Meninggal
Kepada polisi, pelaku IKEA mengaku tega memerkosa anak dan keponakannya sendiri karena sudah lama tidak mendapatkan kebutuhan biologis dari istrinya yang sudah sakit selama 14 tahun.
""Kalau pengakuan dia (pelaku) karena khilaf. Kami terus melakukan pemeriksaan. Apakah ada kelainan seksual kami belum pastikan karena kami belum periksa kejiwaannya,"" ujarnya.




  

    
        Bayangkan seorang anak Indonesia bercita-cita menjadi dokter tetapi hanya memiliki satu buku lusuh untuk belajar. Bersama Ekspedisi Kata ke Nyata Kompas.com, Anda bisa membantu mengubah kisah itu. Mari hadirkan akses literasi bagi anak-anak di berbagai pelosok Indonesia melalui donasi lewat tautan https://bit.ly/JagatLiterasi2026. Setiap kebaikan yang Anda berikan bukan hanya membuka jendela pengetahuan, tetapi juga membuka masa depan mereka.",Kompas.com,"Dajan Peken, 82114, Tabanan, Tabanan, Bali, Indonesia",-8.536609490935,115.13552944186335,5,"2, 7","kejaksaan, kejatibali, kejaritabanan, tabanan, news"
Anjing Rabies Gigit 15 Pendaki di Tabanan Dinas Pertanian Siapkan Vaksinasi Massal,2025-09-23T07:00:00.000Z,"Kabupaten Tabanan, Bali, Indonesia","Anjing Rabies Gigit 15 Pendaki di Tabanan, Dinas Pertanian Siapkan Vaksinasi Massal - Kompas.com","Kompas.com
        Regional
                            




    
        
        
        
         
 


    
                    
            
    
        Ilustrasi rabies
    





                                                                            
                    
                        
                        
                    
                
                                                                    
            
                
                    
                    
                
            
            
        
        
        
        
        
        
        
        
                
                 

                
                
                TABANAN, KOMPAS.com - Kasus gigitan anjing rabies terjadi di Kabupaten Tabanan, Provinsi Bali, di mana 15 pendaki menjadi korban gigitan anjing liar di kawasan Gunung Batukaru.
Kepala Bidang Peternakan dan Kesehatan Hewan Dinas Pertanian Kabupaten Tabanan, Gde Eka Parta Ariana, mengungkapkan bahwa hasil uji laboratorium terhadap sampel otak anjing tersebut dinyatakan positif rabies.
Baca juga: 6 Orang Dirawat di UGD Puskesmas Usai Anjing Rabies Gigit 15 Pendaki di TabananMenindaklanjuti temuan ini, Dinas Pertanian Kabupaten Tabanan akan menggelar vaksinasi massal di wilayah di mana anjing tersebut ditemukan.
""Sebagai langkah pencegahan, vaksinasi massal rabies akan digelar pada Kamis (25/9/2025) di Dusun Tibu Dalem, Desa Pujungan,"" ujar Gde Eka Parta Ariana dalam keterangannya pada Selasa (23/9/2025).
Vaksinasi darurat ini akan dipusatkan di wilayah yang terdampak untuk memutus potensi penyebaran rabies.



Sementara itu, anjing liar tanpa pemilik akan ditangani lembaga swadaya masyarakat (LSM) dan dipindahkan ke shelter penampungan.
Baca juga: Anjing Liar Diduga Rabies yang Gigit 15 Pendaki di Tabanan Dieliminasi, Sampel Otak Diteliti
Gde Eka menambahkan bahwa vaksinasi massal ini merupakan upaya perlindungan masyarakat.
“Hasil laboratorium yang positif rabies ini menjadi perhatian serius. Vaksinasi darurat adalah bentuk kewaspadaan,"" ucapnya.




  

    
        Bayangkan seorang anak Indonesia bercita-cita menjadi dokter tetapi hanya memiliki satu buku lusuh untuk belajar.","Bersama Ekspedisi Kata ke Nyata Kompas.com, Anda bisa membantu mengubah kisah itu. Mari hadirkan akses literasi bagi anak-anak di berbagai pelosok Indonesia melalui donasi lewat tautan https://bit.ly/JagatLiterasi2026.","Pada Hari Selasa , 23 September 2025 07:00, Tabanan, Tabanan, Bali

Kompas.com
        Regional
                            




    
        
        
        
         
 


    
                    
            
    
        Ilustrasi rabies
    





                                                                            
                    
                        
                        
                    
                
                                                                    
            
                
                    
                    
                
            
            
        
        
        
        
        
        
        
        
                
                 

                
                
                TABANAN, KOMPAS.com - Kasus gigitan anjing rabies terjadi di Kabupaten Tabanan, Provinsi Bali, di mana 15 pendaki menjadi korban gigitan anjing liar di kawasan Gunung Batukaru.
Kepala Bidang Peternakan dan Kesehatan Hewan Dinas Pertanian Kabupaten Tabanan, Gde Eka Parta Ariana, mengungkapkan bahwa hasil uji laboratorium terhadap sampel otak anjing tersebut dinyatakan positif rabies.
Baca juga: 6 Orang Dirawat di UGD Puskesmas Usai Anjing Rabies Gigit 15 Pendaki di TabananMenindaklanjuti temuan ini, Dinas Pertanian Kabupaten Tabanan akan menggelar vaksinasi massal di wilayah di mana anjing tersebut ditemukan.
""Sebagai langkah pencegahan, vaksinasi massal rabies akan digelar pada Kamis (25/9/2025) di Dusun Tibu Dalem, Desa Pujungan,"" ujar Gde Eka Parta Ariana dalam keterangannya pada Selasa (23/9/2025).
Vaksinasi darurat ini akan dipusatkan di wilayah yang terdampak untuk memutus potensi penyebaran rabies.



Sementara itu, anjing liar tanpa pemilik akan ditangani lembaga swadaya masyarakat (LSM) dan dipindahkan ke shelter penampungan.
Baca juga: Anjing Liar Diduga Rabies yang Gigit 15 Pendaki di Tabanan Dieliminasi, Sampel Otak Diteliti
Gde Eka menambahkan bahwa vaksinasi massal ini merupakan upaya perlindungan masyarakat.
“Hasil laboratorium yang positif rabies ini menjadi perhatian serius. Vaksinasi darurat adalah bentuk kewaspadaan,"" ucapnya.




  

    
        Bayangkan seorang anak Indonesia bercita-cita menjadi dokter tetapi hanya memiliki satu buku lusuh untuk belajar. Bersama Ekspedisi Kata ke Nyata Kompas.com, Anda bisa membantu mengubah kisah itu. Mari hadirkan akses literasi bagi anak-anak di berbagai pelosok Indonesia melalui donasi lewat tautan https://bit.ly/JagatLiterasi2026. Setiap kebaikan yang Anda berikan bukan hanya membuka jendela pengetahuan, tetapi juga membuka masa depan mereka.    
                
                
                
                
                





  
  

  


        
                        
                
                    
                    
                    Anjing Liar Diduga Rabies yang Gigit 15 Pendaki di Tabanan Dieliminasi, Sampel Otak Diteliti
                
            
                        
                
                    
                    
                    6 Orang Dirawat di UGD Puskesmas Usai Anjing Rabies Gigit 15 Pendaki di Tabanan
                
            
                    
    







                                
                

                
                
                

                                
                
                
                
                
                
                                            

                

        
        

        
                

        
                
        
        



                
         
                
  
        
  
  
  
    Denpasar
    02/10/2026, 19:02 WIB
      
  


  
        
  
  
  
    Denpasar
    02/10/2026, 11:16 WIB
      
  


  
        
  
  
  
    Denpasar
    02/10/2026, 10:22 WIB
      
  


  
        
  
  
  
    Denpasar
    02/10/2026, 09:55 WIB
      
  


  
        
  
  
  
    Denpasar
    02/10/2026, 08:51 WIB
      
  


  
        
  
  
  
    Denpasar
    02/10/2026, 07:55 WIB
      
  


  
        
  
  
  
    Denpasar
    01/10/2026, 22:37 WIB
      
  


  
        
  
  
  
    Denpasar
    01/10/2026, 22:00 WIB
      
  


  
        
  
  
  
    Denpasar
    01/10/2026, 21:09 WIB
      
  


  
        
  
  
  
    Denpasar
    01/10/2026, 18:59 WIB
      
  


  
        
  
  
  
    Denpasar
    01/10/2026, 13:22 WIB
      
  


  
        
  
  
  
    Denpasar
    01/10/2026, 11:48 WIB
      
  


  
        
  
  
  
    Denpasar
    01/10/2026, 11:33 WIB
      
  


  
        
  
  
  
    Denpasar
    30/09/2026, 20:49 WIB
      
  


  
        
  
  
  
    Denpasar
    30/09/2026, 17:41 WIB
      
  

            
            
    
        

            
        
        
        
            
                Unduh Kompas.com App untuk berita terkini, akurat, dan tepercaya setiap saat
            
            
            
            Arahkan kamera ke kode QR ini untuk download app
        
        
                
            
            
                
            
        
    
    

        


            
        

                
                
        
         






    

                
        

        


            
        

        
        



        


            
        
        
        
        
        Mungkin Anda melewatkan ini",Kompas.com,"Dajan Peken, 82114, Tabanan, Tabanan, Bali, Indonesia",-8.536609490935,115.13552944186335,5,"2, 7","kejaksaan, kejatibali, kejaritabanan, tabanan, news"
Bus yang Angkut 42 Siswa SMP di Surabaya Kecelakaan di Tabanan Pihak Sekolah Beri Layanan Trauma Healing,2022-06-21T07:00:00.000Z,"Kabupaten Tabanan, Bali, Indonesia","Bus yang Angkut 42 Siswa SMP di Surabaya Kecelakaan di Tabanan, Pihak Sekolah Beri Layanan ""Trauma Healing"" - Kompas.com","SURABAYA, KOMPAS.com - Rombongan siswa Sekolah Menengah Pertama (SMP) Labschool Unesa 2 Surabaya telah tiba di Surabaya, Senin (20/6/2022) setelah bus yang membawa mereka mengalami tabrakan beruntun di Baturiti, Tabanan, Bali.
Kecelakaan tersebut mengakibatkan satu orang tewas dan delapan lainnya luka-luka.
Baca juga: Pengakuan Sopir Bus, Tersangka Tabrakan Beruntun di Tabanan Bali: Kalau Saya Buang ke Kiri, Korban Mungkin Lebih BanyakSebanyak 42 siswa dan empat guru yang berada di dalam bus, semuanya kini tengah menjalani trauma healing dari tim Satuan Mitigasi Crisis Center (SMCC) Universitas Negeri Surabaya (UNESA).
Wakil Bidang Akademik Badan Pengelolaan Labschool Unesa, Widya Nusantara menerangkan bahwa trauma healing tersebut melibatkan semua siswa dan guru yang tergabung dalam rombongan study tour ke Bali.
Baca juga: Sebelum Tabrakan Beruntun di Tabanan, Penumpang Cium Bau Terbakar lalu Bus Melaju Zig-zag




Menurutnya, penumpang bus tentu merasakan syok usai mengalami kejadian tersebut.
""Sebagai orangtua tentulah ada rasa khawatir. Karena itu kita berikan penanganan juga.","Siswa aman dan ini kita kembalikan kondisi psikologisnya dan kita harapkan orangtua juga tenang,” kata Widya kepada Kompas.com, Selasa (21/6/2022).
Baca juga: Kecelakaan Maut di Baturiti Tabanan, Sopir Bus Pariwisata Jadi Tersangka


Widya menjelaskan, sejak rombongan korban tiba di Surabaya, tim SMCC telah melakukan asesmen untuk memastikan bahwa kondisi siswa baik-baik saja.
Ternyata ada empat orang yang mengalami luka terkena serpihan kaca, termasuk satu guru olahraga. 
“Kami sudah cek. Clear, tidak ada yang sampai parah.","Pada Hari Selasa , 21 Juni 2022 07:00, Tabanan, Tabanan, Bali

SURABAYA, KOMPAS.com - Rombongan siswa Sekolah Menengah Pertama (SMP) Labschool Unesa 2 Surabaya telah tiba di Surabaya, Senin (20/6/2022) setelah bus yang membawa mereka mengalami tabrakan beruntun di Baturiti, Tabanan, Bali.
Kecelakaan tersebut mengakibatkan satu orang tewas dan delapan lainnya luka-luka.
Baca juga: Pengakuan Sopir Bus, Tersangka Tabrakan Beruntun di Tabanan Bali: Kalau Saya Buang ke Kiri, Korban Mungkin Lebih BanyakSebanyak 42 siswa dan empat guru yang berada di dalam bus, semuanya kini tengah menjalani trauma healing dari tim Satuan Mitigasi Crisis Center (SMCC) Universitas Negeri Surabaya (UNESA).
Wakil Bidang Akademik Badan Pengelolaan Labschool Unesa, Widya Nusantara menerangkan bahwa trauma healing tersebut melibatkan semua siswa dan guru yang tergabung dalam rombongan study tour ke Bali.
Baca juga: Sebelum Tabrakan Beruntun di Tabanan, Penumpang Cium Bau Terbakar lalu Bus Melaju Zig-zag




Menurutnya, penumpang bus tentu merasakan syok usai mengalami kejadian tersebut.
""Sebagai orangtua tentulah ada rasa khawatir. Karena itu kita berikan penanganan juga. Siswa aman dan ini kita kembalikan kondisi psikologisnya dan kita harapkan orangtua juga tenang,” kata Widya kepada Kompas.com, Selasa (21/6/2022).
Baca juga: Kecelakaan Maut di Baturiti Tabanan, Sopir Bus Pariwisata Jadi Tersangka


Widya menjelaskan, sejak rombongan korban tiba di Surabaya, tim SMCC telah melakukan asesmen untuk memastikan bahwa kondisi siswa baik-baik saja.
Ternyata ada empat orang yang mengalami luka terkena serpihan kaca, termasuk satu guru olahraga. 
“Kami sudah cek. Clear, tidak ada yang sampai parah. Yang lecet dikit pun baik-baik saja dan beraktivitas seperti biasanya. Namun secara psikis perlu diberikan penanganan. Ini kami pihak sekolah dan SMCC benar-benar fokus penanganan psikologis dan pendampingan. Untuk aktivitas sekolah kami undur dulu sampai penanganan selesai,” terangnya.
Baca juga: PN Surabaya Izinkan Pasangan Beda Agama Menikah, Ini PertimbangannyaWiryo Nuryono, Ketua Divisi  SMCC UNESA menyatakan, sekitar 20 personel yang terdiri dari konselor dan psikolog UNESA terlibat untuk memberikan penanganan kepada seluruh siswa baik kelas VII maupun kelas VIII.
Penanganan juga menyasar kepada guru dan orangtua siswa. 
Ada penanganan yang bersifat individual dan ada yang berkelompok, didasarkan pada tingkat trauma atau kondisi psikis yang dialami siswa.
“Untuk yang individual ada timnya sendiri, pendekatannya sendiri dan ruangannya sendiri. Begitu pun yang kelompok. Semua sudah disiapkan dan ini sedang proses healing. Nanti teman-teman dari Pemkot mau ke sini, kami sudah koordinasi. Kita sama-sama beri treatment,” ucapnya.  
Baca juga: Kronologi Kecelakaan Beruntun Bus Pariwisata Tabrak 10 Kendaraan di Tabanan Bali
Melihat kondisi keparahan trauma yang dialami korban, Wiryo tidak bisa menargetkan kapan semua korban kembali normal, sebab kondisi psikologi masing-masing korban tidak sama.
“Mengenai sampai kapan treatment ini berlangsung, belum bisa ditentukan, karena trauma seseorang kadang bisa ditangani cepat kadang bisa lama. Tidak bisa diprediksi. Namun kami tetap memberikan yang terbaik sampai semua kembali pulih,” pungkas dia.
Rombongan siswa SMP Labschool Unesa 2 Surabaya berangkat ke Bali dalam rangka study tour.Mereka bertolak dari Surabaya pada Jumat melalui jalur utara, menggunakan tiga kendaraan yakni dua bus pariwisata dan satu Hiace.
Total ada 88 orang yang ikut dalam rombongan itu. Rinciannya, 62 siswa kelas VII dan VIII, 25 guru, dan satu keluarga guru.
Namun bus yang membawa 46 orang mengalami kecelakaan beruntun di Baturiti, Tabanan.




  

    
        Bayangkan seorang anak Indonesia bercita-cita menjadi dokter tetapi hanya memiliki satu buku lusuh untuk belajar. Bersama Ekspedisi Kata ke Nyata Kompas.com, Anda bisa membantu mengubah kisah itu. Mari hadirkan akses literasi bagi anak-anak di berbagai pelosok Indonesia melalui donasi lewat tautan https://bit.ly/JagatLiterasi2026. Setiap kebaikan yang Anda berikan bukan hanya membuka jendela pengetahuan, tetapi juga membuka masa depan mereka.",Kompas.com,"Dajan Peken, 82114, Tabanan, Tabanan, Bali, Indonesia",-8.536609490935,115.13552944186335,5,"2, 7","kejaksaan, kejatibali, kejaritabanan, tabanan, news"
Pemuka Agama di Tabanan Bali Jadi Tersangka Pelecehan Seksual,2023-10-13T07:00:00.000Z,"Kabupaten Tabanan, Bali, Indonesia",Pemuka Agama di Tabanan Bali Jadi Tersangka Pelecehan Seksual - Kompas.com,"TABANAN, KOMPAS.com - Polres Tabanan menetapkan seorang pemuka agama berinisial KDA di Kabupaten Tabanan, Provinsi Bali, atas kasus dugaan pelecehan seksual terhadap seorang perempuan berinisial NCK (22). Kapolres Tabanan, AKBP Leo Dedy Defretes mengatakan tersangka dijerat Pasal 6 huruf a Undang-undang RI No 12 tahun 2022 tentang Tindak Pidana Kekerasan Seksual (TPKS).
""Konstruksi pasal yang kami pakai adalah UU No 12 tahun 2022 Pasal 6 huruf a tentang TPKS,"" ujarnya, Jumat (13/10/2023) dalam keterangan pers di Mapolres Tabanan.Baca juga: Kasus Pelecehan Seksual, 2 Eks Mahasiswa FK Unand Divonis 9 Bulan Penjara
Polisi masih mendalami penyidikan penanganan kasus tersebut.","Dalam proses penyidikan itu, penyidik berkoordinasi dengan Jaksa Penuntut Umum (JPU) terkait pasal yang disangkakan.
Menurutnya, tak menutup kemungkinan polisi akan mengenakan pasal tambahan terhadap tersangka. ""Kami mohon waktu, dalam proses penyidikan ini tidak berhenti sampai di pasal ini saja.","Pada Hari Jumat , 13 Oktober 2023 07:00, Tabanan, Tabanan, Bali

TABANAN, KOMPAS.com - Polres Tabanan menetapkan seorang pemuka agama berinisial KDA di Kabupaten Tabanan, Provinsi Bali, atas kasus dugaan pelecehan seksual terhadap seorang perempuan berinisial NCK (22). 
Kapolres Tabanan, AKBP Leo Dedy Defretes mengatakan tersangka dijerat Pasal 6 huruf a Undang-undang RI No 12 tahun 2022 tentang Tindak Pidana Kekerasan Seksual (TPKS).
""Konstruksi pasal yang kami pakai adalah UU No 12 tahun 2022 Pasal 6 huruf a tentang TPKS,"" ujarnya, Jumat (13/10/2023) dalam keterangan pers di Mapolres Tabanan.Baca juga: Kasus Pelecehan Seksual, 2 Eks Mahasiswa FK Unand Divonis 9 Bulan Penjara
Polisi masih mendalami penyidikan penanganan kasus tersebut. Dalam proses penyidikan itu, penyidik berkoordinasi dengan Jaksa Penuntut Umum (JPU) terkait pasal yang disangkakan.
Menurutnya, tak menutup kemungkinan polisi akan mengenakan pasal tambahan terhadap tersangka. 




""Kami mohon waktu, dalam proses penyidikan ini tidak berhenti sampai di pasal ini saja. Kami akan koordinasi dengan kejaksaan untuk kemungkinan menggunakan penambahan pasal lain,"" sambung dia.Hingga saat ini, polisi telah memeriksa setidaknya tujuh orang saksi dan mengumpulkan sejumlah barang bukti dalam kasus tersebut.
""Kami melakukan pendalaman dan kemungkinan dilakukan pemanggilan terhadap saksi-saksi lainnya,"" katanya.
Adapun tersangka diduga melecehkan korban di sebuah kos-kosan di Desa Pandak Gede, Kecamatan Kediri, Kabupaten Tabanan, pada, Kamis (21/9/2023) malam.
Baca juga: Dugaan Pelecehan Seksual di UIN Salatiga, Polisi Sebut Belum Ada Laporan 
Kejadian dugaan pelecehan seksual ini sempat diunggah oleh pegiat media sosial dan viral.




  

    
        Bayangkan seorang anak Indonesia bercita-cita menjadi dokter tetapi hanya memiliki satu buku lusuh untuk belajar. Bersama Ekspedisi Kata ke Nyata Kompas.com, Anda bisa membantu mengubah kisah itu. Mari hadirkan akses literasi bagi anak-anak di berbagai pelosok Indonesia melalui donasi lewat tautan https://bit.ly/JagatLiterasi2026. Setiap kebaikan yang Anda berikan bukan hanya membuka jendela pengetahuan, tetapi juga membuka masa depan mereka.",Kompas.com,"Dajan Peken, 82114, Tabanan, Tabanan, Bali, Indonesia",-8.536609490935,115.13552944186335,5,"2, 7","kejaksaan, kejatibali, kejaritabanan, tabanan, news"
Gasak Emas Majikan Rp 50 Juta ART di Tabanan Ditangkap,2026-08-19T07:00:00.000Z,"Kabupaten Tabanan, Bali, Indonesia","Gasak Emas Majikan Rp 50 Juta, ART di Tabanan Ditangkap - Kompas.com","TABANAN, KOMPAS.com - Seorang asisten rumah tangga (ART) berinisial MLM (26) ditangkap polisi setelah mencuri sejumlah perhiasan emas milik majikannya di Kecamatan Kediri, Kabupaten Tabanan, Bali.
Perhiasan yang dicuri berupa dua kalung emas, dua gelang emas, dan satu cincin. Total kerugian korban ditaksir mencapai Rp 50 juta.Kepala Seksi (Kasi) Humas Polres Tabanan Iptu Ni Luh Putu Wiwik Endrayani mengatakan, kasus tersebut terungkap setelah korban melaporkan pencurian ke Polres Tabanan.
""Pelaku merupakan ART yang bekerja di rumah korban sehingga mengetahui kondisi dan letak penyimpanan barang berharga,"" kata Wiwik, dikonfirmasi Selasa (18/8/2026).
Baca juga: 5 Tersangka Pengeroyokan Pencuri Ayam di Tabanan Ajukan Penangguhan Penahanan
Pencurian dilakukan secara bertahap.","Polisi mengungkap, aksi pertama terjadi pada Sabtu (8/8/2026) sekitar pukul 12.00 Wita. Saat itu, pelaku mengambil satu kalung emas yang disimpan di laci lemari kamar utama.




Dua hari kemudian, Senin (10/8/2026) sekitar pukul 18.00 Wita, pelaku kembali mengambil perhiasan emas lainnya.","Pada Hari Rabu , 19 Agustus 2026 07:00, Tabanan, Tabanan, Bali

TABANAN, KOMPAS.com - Seorang asisten rumah tangga (ART) berinisial MLM (26) ditangkap polisi setelah mencuri sejumlah perhiasan emas milik majikannya di Kecamatan Kediri, Kabupaten Tabanan, Bali.
Perhiasan yang dicuri berupa dua kalung emas, dua gelang emas, dan satu cincin. Total kerugian korban ditaksir mencapai Rp 50 juta.Kepala Seksi (Kasi) Humas Polres Tabanan Iptu Ni Luh Putu Wiwik Endrayani mengatakan, kasus tersebut terungkap setelah korban melaporkan pencurian ke Polres Tabanan.
""Pelaku merupakan ART yang bekerja di rumah korban sehingga mengetahui kondisi dan letak penyimpanan barang berharga,"" kata Wiwik, dikonfirmasi Selasa (18/8/2026).
Baca juga: 5 Tersangka Pengeroyokan Pencuri Ayam di Tabanan Ajukan Penangguhan Penahanan
Pencurian dilakukan secara bertahap. Polisi mengungkap, aksi pertama terjadi pada Sabtu (8/8/2026) sekitar pukul 12.00 Wita. Saat itu, pelaku mengambil satu kalung emas yang disimpan di laci lemari kamar utama.




Dua hari kemudian, Senin (10/8/2026) sekitar pukul 18.00 Wita, pelaku kembali mengambil perhiasan emas lainnya. Barang yang diambil saat itu berupa gelang dan cincin.
Pada malam harinya, korban yang sedang bekerja di sebuah hotel di kawasan Seminyak mendapat kabar dari pengasuh anaknya bahwa listrik di rumah mati dan terdapat orang mencurigakan yang masuk ke rumah.
Korban kemudian meminta pengasuh bersama anak-anaknya tetap berada di dalam kamar dan mengunci pintu. Tetangga korban kemudian datang untuk mengecek kondisi rumah.
Baca juga: Kejari Tabanan Selidiki Dugaan Korupsi Anggaran Dinkes, Kerugian Rp 300 JutaSetelah listrik kembali menyala, mereka menemukan kondisi salah satu laci dalam keadaan berantakan. Namun, saat itu belum diketahui bahwa sejumlah perhiasan milik korban telah hilang.
Setibanya di rumah sekitar pukul 22.00 Wita, korban memeriksa laci tersebut dan menyadari perhiasannya sudah tidak ada.
Korban kemudian melaporkan kejadian tersebut ke Polres Tabanan. Polisi melakukan penyelidikan dan mengarah kepada MLM yang merupakan ART di rumah korban.Dari hasil pemeriksaan, pelaku mengakui mengambil perhiasan tersebut.
Polisi menyebut emas hasil curian kemudian dijual pada Selasa (11/8/2026) di kawasan Jalan Hasanudin, Denpasar. Dari penjualan tersebut, pelaku memperoleh Rp 33,15 juta.
""Sebagian besar hasil penjualan masih diamankan dan menjadi barang bukti,"" ujar Wiwik.Polisi mengamankan uang tunai Rp 32,15 juta yang disebut sebagai sisa hasil penjualan emas. Selain itu, polisi juga menyita satu kalung emas.
MLM beserta barang bukti kemudian dibawa ke Polres Tabanan untuk menjalani proses hukum. Dia disangkakan Pasal 476 KUHP juncto Pasal 126 Ayat (1) KUHP tentang pencurian.




  

    
        Bayangkan seorang anak Indonesia bercita-cita menjadi dokter tetapi hanya memiliki satu buku lusuh untuk belajar. Bersama Ekspedisi Kata ke Nyata Kompas.com, Anda bisa membantu mengubah kisah itu. Mari hadirkan akses literasi bagi anak-anak di berbagai pelosok Indonesia melalui donasi lewat tautan https://bit.ly/JagatLiterasi2026. Setiap kebaikan yang Anda berikan bukan hanya membuka jendela pengetahuan, tetapi juga membuka masa depan mereka.",Kompas.com,"Dajan Peken, 82114, Tabanan, Tabanan, Bali, Indonesia",-8.536609490935,115.13552944186335,5,"2, 7","kejaksaan, kejatibali, kejaritabanan, tabanan, news"
Kasus DID Tabanan KPK Panggil 4 Manajer Hotel di Jakarta sebagai Saksi,2022-01-24T08:00:00.000Z,"Kabupaten Tabanan, Bali, Indonesia","Kasus DID Tabanan, KPK Panggil 4 Manajer Hotel di Jakarta sebagai Saksi - Kompas.com","JAKARTA, KOMPAS.com - Komisi Pemberantasan Korupsi (KPK) menjadwalkan pemeriksaan terhadap 4 orang manager pada sebuah hotel di Jakarta sebagai saksi kasus dugaan korupsi pengurusan Dana Insentif Daerah (DID) Kabupaten Tabanan, Bali.
Empat saksi itu adalah Front Office Manager Hotel Santika Premiere Hayam Wuruk Am Ondro Winardi dan Supervisor Hotel Ibis Budget Cikini Teddy Jakaria Daud.
Kemudian, Front Office Manager Hotel Oakwood Kuningan Tier Aswan dan Manager Hotel Le Grandeur Mangga Dua Marionaldfo.""Pemeriksaan dilakukan di Komisi Pemberantasan Korupsi, Jl Kuningan Persada Kavling 4 Setiabudi, Jakarta Selatan,"" ujar Pelaksana Tugas Juru Bicara KPK Ali Fikri, melalui keterangan tertulis, Senin (24/1/20222).
Baca juga: KPK Telusuri Aktivitas Pihak-pihak yang Terkait Pengurusan DID Tabanan
KPK menyatakan, perkara dugaan korupsi terkait pengurusan Dana Insentif Daerah (DID) Kabupaten Tabanan telah memasuki tahap penyidikan.




Namun, hingga kini, lembaga antirasuah itu belum dapat menyampaikan konstruksi perkaranya secara lengkap.""Bila penyidikan cukup, kami pastikan akan kami umumkan pihak-pihak yang telah kami temukan sebagai tersangkanya beserta pasal sangkaan,"" ucap Ali. 
Baca juga: Kasus DID Tabanan, KPK Dalami Soal Aturan dan Dana Transfer Khusus
Dalam kasus ini, KPK telah menggeledah sejumlah tempat di Kabupaten Tabanan, Bali, pada Rabu (27/10/2021).
Lokasi yang digeledah antara lain Kantor Dinas PUPR, Kantor Bapelitbang, Kantor Badan Keuangan Daerah Tabanan, Kantor DPRD, serta kediaman pihak yang terkait dengan perkara tersebut.
""Saat ini tim penyidik masih terus bekerja mengumpulkan dan melengkapi alat bukti yang diperlukan dalam proses penyidikannya,"" ujar Ali, melalui keterangan tertulis, Kamis (28/10/2021).




  

    
        Bayangkan seorang anak Indonesia bercita-cita menjadi dokter tetapi hanya memiliki satu buku lusuh untuk belajar. Bersama Ekspedisi Kata ke Nyata Kompas.com, Anda bisa membantu mengubah kisah itu.","Mari hadirkan akses literasi bagi anak-anak di berbagai pelosok Indonesia melalui donasi lewat tautan https://bit.ly/JagatLiterasi2026. Setiap kebaikan yang Anda berikan bukan hanya membuka jendela pengetahuan, tetapi juga membuka masa depan mereka.","Pada Hari Senin , 24 Januari 2022 08:00, Tabanan, Tabanan, Bali

JAKARTA, KOMPAS.com - Komisi Pemberantasan Korupsi (KPK) menjadwalkan pemeriksaan terhadap 4 orang manager pada sebuah hotel di Jakarta sebagai saksi kasus dugaan korupsi pengurusan Dana Insentif Daerah (DID) Kabupaten Tabanan, Bali.
Empat saksi itu adalah Front Office Manager Hotel Santika Premiere Hayam Wuruk Am Ondro Winardi dan Supervisor Hotel Ibis Budget Cikini Teddy Jakaria Daud.
Kemudian, Front Office Manager Hotel Oakwood Kuningan Tier Aswan dan Manager Hotel Le Grandeur Mangga Dua Marionaldfo.""Pemeriksaan dilakukan di Komisi Pemberantasan Korupsi, Jl Kuningan Persada Kavling 4 Setiabudi, Jakarta Selatan,"" ujar Pelaksana Tugas Juru Bicara KPK Ali Fikri, melalui keterangan tertulis, Senin (24/1/20222).
Baca juga: KPK Telusuri Aktivitas Pihak-pihak yang Terkait Pengurusan DID Tabanan
KPK menyatakan, perkara dugaan korupsi terkait pengurusan Dana Insentif Daerah (DID) Kabupaten Tabanan telah memasuki tahap penyidikan.




Namun, hingga kini, lembaga antirasuah itu belum dapat menyampaikan konstruksi perkaranya secara lengkap.""Bila penyidikan cukup, kami pastikan akan kami umumkan pihak-pihak yang telah kami temukan sebagai tersangkanya beserta pasal sangkaan,"" ucap Ali. 
Baca juga: Kasus DID Tabanan, KPK Dalami Soal Aturan dan Dana Transfer Khusus
Dalam kasus ini, KPK telah menggeledah sejumlah tempat di Kabupaten Tabanan, Bali, pada Rabu (27/10/2021).
Lokasi yang digeledah antara lain Kantor Dinas PUPR, Kantor Bapelitbang, Kantor Badan Keuangan Daerah Tabanan, Kantor DPRD, serta kediaman pihak yang terkait dengan perkara tersebut.
""Saat ini tim penyidik masih terus bekerja mengumpulkan dan melengkapi alat bukti yang diperlukan dalam proses penyidikannya,"" ujar Ali, melalui keterangan tertulis, Kamis (28/10/2021).




  

    
        Bayangkan seorang anak Indonesia bercita-cita menjadi dokter tetapi hanya memiliki satu buku lusuh untuk belajar. Bersama Ekspedisi Kata ke Nyata Kompas.com, Anda bisa membantu mengubah kisah itu. Mari hadirkan akses literasi bagi anak-anak di berbagai pelosok Indonesia melalui donasi lewat tautan https://bit.ly/JagatLiterasi2026. Setiap kebaikan yang Anda berikan bukan hanya membuka jendela pengetahuan, tetapi juga membuka masa depan mereka.    
                    Batas akses KARIN
                    
                        Kamu sudah mencapai batas akses KARIN.
                        Gabung membership Kompas.com+ MAX untuk bertanya lebih banyak dan memahami berita dengan lebih leluasa.
                    
                
            
                    
                    
                    Tidak akurat
                
                
                    
                    
                    Tidak relevan
                
                
                    
                    
                    Menyinggung
                
                
                    
                    
                    Terlalu lama
                
                
                    
                    
                    Isu privasi
                
                
                    
                    
                    Lainnya
                
            
            
                    Khusus Member
                    
                        Akses Tanya Langsung Tersedia untuk Member
                        Gabung membership Kompas.com+ MAX untuk bertanya lebih banyak dan memahami berita dengan lebih leluasa.",Kompas.com,"Dajan Peken, 82114, Tabanan, Tabanan, Bali, Indonesia",-8.536609490935,115.13552944186335,5,"2, 7","kejaksaan, kejatibali, kejaritabanan, tabanan, news"
Ibu dan Anak Tersesat Saat Daki Gunung Batukaru di Tabanan Basarnas Lakukan Pencarian,2025-07-07T07:00:00.000Z,"Kabupaten Tabanan, Bali, Indonesia","Ibu dan Anak Tersesat Saat Daki Gunung Batukaru di Tabanan, Basarnas Lakukan Pencarian - Kompas.com","TABANAN, KOMPAS.com - Seorang ibu bernama Astuti (40) dan anaknya, Resta (19), tersesat saat mendaki Gunung Batukaru di Kecamatan Penebel, Kabupaten Tabanan, Provinsi Bali.
Kepala Basarnas Bali, I Nyoman Sidakarya menyampaikan bahwa kedua korban tersesat saat turun dari puncak Gunung Batukaru, Tabanan, Bali, pada Minggu (6/7/2025).
""Awalnya mereka melakukan pendakian bersama tujuh orang lainnya dalam satu rombongan,"" ujarnya, Senin (7/7/2025).Baca juga: 4 Pendaki Tersesat di Gunung Batukaru Tabanan, Basarnas Lakukan Pencarian
Rombongan memulai pendakian pada Minggu dini hari sekitar pukul 02.00 Wita dari jalur Pura Malem Desa Pupuan.
Ketika tiba di puncak, kedua korban memutuskan untuk turun terlebih dahulu.




Namun, hingga Minggu malam, keduanya tak kunjung kembali.Dari laporan yang diterima petugas siaga Basarnas Bali pada pukul 21.15 Wita, diketahui identitas kedua korban.
Mereka merupakan warga yang tinggal di daerah Tuban, Badung. ""Laporan kami terima, dikatakan perkiraan waktu kejadian kurang lebih pukul 11.00 Wita,"" ucap Sidakarya.
Baca juga: 4 Remaja Tersesat di Gunung Batukaru Tabanan
Setelah menerima laporan, sebanyak lima orang personel Basarnas dikerahkan untuk melakukan pencarian.
Tim SAR juga berkoordinasi dengan Polsek Penebel Tabanan dan pemandu lokal Batukaru.
""Saat ini cuaca di lokasi hujan ringan dengan suhu mencapai 22 derajat dan jarak pandang berkisar 11,6 km.","Semoga upaya pencarian bisa berjalan lancar,"" ucapnya. 




  

    
        Bayangkan seorang anak Indonesia bercita-cita menjadi dokter tetapi hanya memiliki satu buku lusuh untuk belajar. Bersama Ekspedisi Kata ke Nyata Kompas.com, Anda bisa membantu mengubah kisah itu.","Pada Hari Senin , 7 Juli 2025 07:00, Tabanan, Tabanan, Bali

TABANAN, KOMPAS.com - Seorang ibu bernama Astuti (40) dan anaknya, Resta (19), tersesat saat mendaki Gunung Batukaru di Kecamatan Penebel, Kabupaten Tabanan, Provinsi Bali.
Kepala Basarnas Bali, I Nyoman Sidakarya menyampaikan bahwa kedua korban tersesat saat turun dari puncak Gunung Batukaru, Tabanan, Bali, pada Minggu (6/7/2025).
""Awalnya mereka melakukan pendakian bersama tujuh orang lainnya dalam satu rombongan,"" ujarnya, Senin (7/7/2025).Baca juga: 4 Pendaki Tersesat di Gunung Batukaru Tabanan, Basarnas Lakukan Pencarian
Rombongan memulai pendakian pada Minggu dini hari sekitar pukul 02.00 Wita dari jalur Pura Malem Desa Pupuan.
Ketika tiba di puncak, kedua korban memutuskan untuk turun terlebih dahulu.




Namun, hingga Minggu malam, keduanya tak kunjung kembali.Dari laporan yang diterima petugas siaga Basarnas Bali pada pukul 21.15 Wita, diketahui identitas kedua korban.
Mereka merupakan warga yang tinggal di daerah Tuban, Badung. ""Laporan kami terima, dikatakan perkiraan waktu kejadian kurang lebih pukul 11.00 Wita,"" ucap Sidakarya.
Baca juga: 4 Remaja Tersesat di Gunung Batukaru Tabanan
Setelah menerima laporan, sebanyak lima orang personel Basarnas dikerahkan untuk melakukan pencarian.
Tim SAR juga berkoordinasi dengan Polsek Penebel Tabanan dan pemandu lokal Batukaru.
""Saat ini cuaca di lokasi hujan ringan dengan suhu mencapai 22 derajat dan jarak pandang berkisar 11,6 km. Semoga upaya pencarian bisa berjalan lancar,"" ucapnya. 




  

    
        Bayangkan seorang anak Indonesia bercita-cita menjadi dokter tetapi hanya memiliki satu buku lusuh untuk belajar. Bersama Ekspedisi Kata ke Nyata Kompas.com, Anda bisa membantu mengubah kisah itu. Mari hadirkan akses literasi bagi anak-anak di berbagai pelosok Indonesia melalui donasi lewat tautan https://bit.ly/JagatLiterasi2026. Setiap kebaikan yang Anda berikan bukan hanya membuka jendela pengetahuan, tetapi juga membuka masa depan mereka.",Kompas.com,"Dajan Peken, 82114, Tabanan, Tabanan, Bali, Indonesia",-8.536609490935,115.13552944186335,5,"2, 7","kejaksaan, kejatibali, kejaritabanan, tabanan, news"
Perangkat Desa di Tabanan Tilap Dana Desa Uang Rp 850 Juta Ditransfer ke Rekening Pribadi,2025-09-25T07:00:00.000Z,"Kabupaten Tabanan, Bali, Indonesia","Perangkat Desa di Tabanan Tilap Dana Desa, Uang Rp 850 Juta Ditransfer ke Rekening Pribadi - Kompas.com","TABANAN, KOMPAS.com – Kejaksaan Negeri (Kejari) Tabanan menahan seorang perangkat Desa Jegu, Kecamatan Penebel, Kabupaten Tabanan, Bali, berinisial IGPPW.
Pria yang menjabat sebagai Kepala Urusan (Kaur) Perencanaan sekaligus operator Sistem Keuangan Desa (Siskeudes) itu diduga menilal dana desa sebesar Rp 850,5 juta.
Kepala Seksi Intelijen Kejari Tabanan, Putu Nuryanto, mengatakan dana tersebut IGPPW transfer ke rekening pribadi IGPPW.""Modusnya, tersangka mentransfer kas desa ke rekening pribadinya tanpa sepengetahuan bendahara, sekretaris desa, maupun kepala desa,"" kata Nuryanto, Kamis (25/9/2025).
Baca juga: Plt Bupati Nduga Salurkan Dana Desa Rp 4 Miliar untuk 2 Distrik
Perbuatan itu diduga dilakukan tersangka sejak Oktober 2023 hingga 2024.




Selama periode tersebut, IGPPW diduga 18 kali mentransfer dana desa ke rekening pribadinya dengan total Rp 267,5 juta pada 2023.
Kemudian pada 2024, IGPPW kembali melakukan 46 kali transaksi dengan total Rp 583 juta.
""Tersangka bisa melakukan itu karena menguasai user ID, password, dan token internet banking desa. Seharusnya akses itu tidak boleh digunakan tanpa persetujuan perangkat desa lain,"" jelasnya.Baca juga: Eks Kades di Sergai Ditahan gara-gara Korupsi Dana Desa Rp 214 Juta
Untuk menutupi aksinya, IGPPW disebut memanipulasi laporan transaksi dengan menghapus namanya dari bukti transfer sebelum diserahkan ke kepala desa dan bendahara desa.
Aksi IGPPW terbongkar pada Oktober 2024 ketika sekretaris desa menemukan kejanggalan.
Honor kegiatan rutin desa, seperti posyandu dan kebersihan, sering terlambat dibayarkan.","Saat rekening kas desa diperiksa, saldo yang tersisa hanya Rp 900 ribu.
Berdasarkan audit Badan Pengawasan Keuangan dan Pembangunan (BPKP) Provinsi Bali, perbuatan IGPPW menimbulkan kerugian negara senilai Rp 850.552.992.
Atas perbuatannya, IGPPW disangka dengan Pasal 2 ayat (1), Pasal 3, dan Pasal 9 juncto Pasal 18 Undang-Undang Tipikor serta Pasal 64 ayat (1) KUHP.
""Jaksa Penuntut Umum melakukan penahanan selama 20 hari ke depan, terhitung sejak 23 September hingga 12 Oktober 2025, di Lapas Kelas IIA Kerobokan,"" pungkas Nuryanto.




  

    
        Bayangkan seorang anak Indonesia bercita-cita menjadi dokter tetapi hanya memiliki satu buku lusuh untuk belajar. Bersama Ekspedisi Kata ke Nyata Kompas.com, Anda bisa membantu mengubah kisah itu.","Pada Hari Kamis , 25 September 2025 07:00, Tabanan, Tabanan, Bali

TABANAN, KOMPAS.com – Kejaksaan Negeri (Kejari) Tabanan menahan seorang perangkat Desa Jegu, Kecamatan Penebel, Kabupaten Tabanan, Bali, berinisial IGPPW.
Pria yang menjabat sebagai Kepala Urusan (Kaur) Perencanaan sekaligus operator Sistem Keuangan Desa (Siskeudes) itu diduga menilal dana desa sebesar Rp 850,5 juta.
Kepala Seksi Intelijen Kejari Tabanan, Putu Nuryanto, mengatakan dana tersebut IGPPW transfer ke rekening pribadi IGPPW.""Modusnya, tersangka mentransfer kas desa ke rekening pribadinya tanpa sepengetahuan bendahara, sekretaris desa, maupun kepala desa,"" kata Nuryanto, Kamis (25/9/2025).
Baca juga: Plt Bupati Nduga Salurkan Dana Desa Rp 4 Miliar untuk 2 Distrik
Perbuatan itu diduga dilakukan tersangka sejak Oktober 2023 hingga 2024.




Selama periode tersebut, IGPPW diduga 18 kali mentransfer dana desa ke rekening pribadinya dengan total Rp 267,5 juta pada 2023.
Kemudian pada 2024, IGPPW kembali melakukan 46 kali transaksi dengan total Rp 583 juta.
""Tersangka bisa melakukan itu karena menguasai user ID, password, dan token internet banking desa. Seharusnya akses itu tidak boleh digunakan tanpa persetujuan perangkat desa lain,"" jelasnya.Baca juga: Eks Kades di Sergai Ditahan gara-gara Korupsi Dana Desa Rp 214 Juta
Untuk menutupi aksinya, IGPPW disebut memanipulasi laporan transaksi dengan menghapus namanya dari bukti transfer sebelum diserahkan ke kepala desa dan bendahara desa.
Aksi IGPPW terbongkar pada Oktober 2024 ketika sekretaris desa menemukan kejanggalan.
Honor kegiatan rutin desa, seperti posyandu dan kebersihan, sering terlambat dibayarkan. Saat rekening kas desa diperiksa, saldo yang tersisa hanya Rp 900 ribu.
Berdasarkan audit Badan Pengawasan Keuangan dan Pembangunan (BPKP) Provinsi Bali, perbuatan IGPPW menimbulkan kerugian negara senilai Rp 850.552.992.
Atas perbuatannya, IGPPW disangka dengan Pasal 2 ayat (1), Pasal 3, dan Pasal 9 juncto Pasal 18 Undang-Undang Tipikor serta Pasal 64 ayat (1) KUHP.
""Jaksa Penuntut Umum melakukan penahanan selama 20 hari ke depan, terhitung sejak 23 September hingga 12 Oktober 2025, di Lapas Kelas IIA Kerobokan,"" pungkas Nuryanto.




  

    
        Bayangkan seorang anak Indonesia bercita-cita menjadi dokter tetapi hanya memiliki satu buku lusuh untuk belajar. Bersama Ekspedisi Kata ke Nyata Kompas.com, Anda bisa membantu mengubah kisah itu. Mari hadirkan akses literasi bagi anak-anak di berbagai pelosok Indonesia melalui donasi lewat tautan https://bit.ly/JagatLiterasi2026. Setiap kebaikan yang Anda berikan bukan hanya membuka jendela pengetahuan, tetapi juga membuka masa depan mereka.",Kompas.com,"Dajan Peken, 82114, Tabanan, Tabanan, Bali, Indonesia",-8.536609490935,115.13552944186335,5,"2, 7","kejaksaan, kejatibali, kejaritabanan, tabanan, news"
Waspadai Penipuan Berkedok Aktivasi Identitas Kependudukan Digital,2025-05-26T07:00:00.000Z,"Kabupaten Tabanan, Bali, Indonesia",Waspadai Penipuan Berkedok Aktivasi Identitas Kependudukan Digital - BALIPOST.com,"Kepala Disdukcapil Tabanan, I Gusti Agung Rai Dwipayana. (BP/Bit)TABANAN, BALIPOST.com – Masyarakat Tabanan diminta waspada terhadap upaya penipuan yang mengatasnamakan Dinas Kependudukan dan Pencatatan Sipil (Disdukcapil) Kabupaten Tabanan dalam proses aktivasi Identitas Kependudukan Digital (IKD).","Pasalnya, Disdukcapil belakangan ini menerima sejumlah laporan terkait aksi penipuan yang dilakukan melalui pesan WhatsApp dan media digital lainnya.Kepala Disdukcapil Tabanan, I Gusti Agung Rai Dwipayana mengatakan, modus yang dilakukan pelaku penipuan yakni dengan berpura-pura sebagai petugas Dukcapil dan menghubungi warga secara pribadi untuk meminta mereka mengklik tautan atau mengunduh aplikasi tertentu dengan dalih aktivasi IKD.Rai Dwipayana pun menegaskan aktivasi IKD hanya bisa dilakukan secara langsung di kantor Disdukcapil Kabupaten Tabanan atau melalui layanan resmi yang diselenggarakan instansi terkait.“Kami tegaskan bahwa proses aktivasi IKD tidak pernah dilakukan melalui pesan pribadi, baik lewat WhatsApp, SMS, maupun media sosial. Masyarakat sebaiknya tidak mengklik tautan atau mengunduh aplikasi dari sumber yang tidak jelas,” tegasnya, Senin (26/5).Mencegah adanya korban, pihaknya juga sudah mengirimkan surat resmi yang ditujukan kepada camat, perbekel, lurah, serta masyarakat umum, untuk menyebarkan luaskan informasi ini dan mengimbau agar semua pihak berhati-hati dan tidak mudah percaya terhadap informasi yang mencurigakan.“Jika ada yang menerima pesan serupa bisa segera melapor kepada pihak berwenang atau menghubungi langsung kantor Disdukcapil Kabupaten Tabanan, untuk kami tindak lanjuti,” sarannya.","Pada Hari Senin , 26 Mei 2025 07:00, Tabanan, Tabanan, Bali

Kepala Disdukcapil Tabanan, I Gusti Agung Rai Dwipayana. (BP/Bit)TABANAN, BALIPOST.com – Masyarakat Tabanan diminta waspada terhadap upaya penipuan yang mengatasnamakan Dinas Kependudukan dan Pencatatan Sipil (Disdukcapil) Kabupaten Tabanan dalam proses aktivasi Identitas Kependudukan Digital (IKD). Pasalnya, Disdukcapil belakangan ini menerima sejumlah laporan terkait aksi penipuan yang dilakukan melalui pesan WhatsApp dan media digital lainnya.Kepala Disdukcapil Tabanan, I Gusti Agung Rai Dwipayana mengatakan, modus yang dilakukan pelaku penipuan yakni dengan berpura-pura sebagai petugas Dukcapil dan menghubungi warga secara pribadi untuk meminta mereka mengklik tautan atau mengunduh aplikasi tertentu dengan dalih aktivasi IKD.Rai Dwipayana pun menegaskan aktivasi IKD hanya bisa dilakukan secara langsung di kantor Disdukcapil Kabupaten Tabanan atau melalui layanan resmi yang diselenggarakan instansi terkait.“Kami tegaskan bahwa proses aktivasi IKD tidak pernah dilakukan melalui pesan pribadi, baik lewat WhatsApp, SMS, maupun media sosial. Masyarakat sebaiknya tidak mengklik tautan atau mengunduh aplikasi dari sumber yang tidak jelas,” tegasnya, Senin (26/5).Mencegah adanya korban, pihaknya juga sudah mengirimkan surat resmi yang ditujukan kepada camat, perbekel, lurah, serta masyarakat umum, untuk menyebarkan luaskan informasi ini dan mengimbau agar semua pihak berhati-hati dan tidak mudah percaya terhadap informasi yang mencurigakan.“Jika ada yang menerima pesan serupa bisa segera melapor kepada pihak berwenang atau menghubungi langsung kantor Disdukcapil Kabupaten Tabanan, untuk kami tindak lanjuti,” sarannya. (Puspawati/Balipost)",BALIPOST.com,"Dajan Peken, 82114, Tabanan, Tabanan, Bali, Indonesia",-8.536609490935,115.13552944186335,5,"2, 7","kejaksaan, kejatibali, kejaritabanan, tabanan, news"
Sektor Pariwisata Dongkrak PAD Tabanan,2026-08-02T07:00:00.000Z,"Kabupaten Tabanan, Bali, Indonesia",Sektor Pariwisata Dongkrak PAD Tabanan - BALIPOST.com,"Aktivitas wisatawan di DTW Tanah Lot salah satu gambaran geliat sektor pariwisata Tabanan.(BP/istimewa)SINGASANA, BALIPOST.com – Geliat sektor usaha dan pariwisata di Kabupaten Tabanan mulai berdampak terhadap penerimaan daerah. Sejumlah sektor pajak bahkan mencatat realisasi melampaui target, di tengah upaya pemerintah daerah memperkuat Pendapatan Asli Daerah (PAD) untuk menopang pembangunan dan pelayanan publik.Berdasarkan data Badan Keuangan Daerah (Bakeuda) Kabupaten Tabanan per 16 Juli 2026, realisasi PAD mencapai Rp331,97 miliar atau 35,80 persen dari target tahun 2026 sebesar Rp927,17 miliar.","Dari capaian tersebut, pajak daerah menjadi kontributor terbesar dengan realisasi Rp216,13 miliar atau 48,51 persen dari target yang ditetapkan.Menariknya, sejumlah sektor usaha justru mampu melampaui target penerimaan pajak. Di antaranya pajak karaoke, bar dan spa.","Pada Hari Minggu , 2 Agustus 2026 07:00, Tabanan, Tabanan, Bali

Aktivitas wisatawan di DTW Tanah Lot salah satu gambaran geliat sektor pariwisata Tabanan.(BP/istimewa)SINGASANA, BALIPOST.com – Geliat sektor usaha dan pariwisata di Kabupaten Tabanan mulai berdampak terhadap penerimaan daerah. Sejumlah sektor pajak bahkan mencatat realisasi melampaui target, di tengah upaya pemerintah daerah memperkuat Pendapatan Asli Daerah (PAD) untuk menopang pembangunan dan pelayanan publik.Berdasarkan data Badan Keuangan Daerah (Bakeuda) Kabupaten Tabanan per 16 Juli 2026, realisasi PAD mencapai Rp331,97 miliar atau 35,80 persen dari target tahun 2026 sebesar Rp927,17 miliar. Dari capaian tersebut, pajak daerah menjadi kontributor terbesar dengan realisasi Rp216,13 miliar atau 48,51 persen dari target yang ditetapkan.Menariknya, sejumlah sektor usaha justru mampu melampaui target penerimaan pajak. Di antaranya pajak karaoke, bar dan spa. Selain itu, pajak olahraga dan kebugaran, penyelenggaraan kesenian, vila hingga pondok wisata juga mencatat realisasi di atas target.Kondisi tersebut menjadi salah satu indikator bergeraknya aktivitas ekonomi di Tabanan, terutama sektor usaha yang berkaitan dengan pariwisata dan jasa. Di sisi lain, peningkatan penerimaan pajak juga tidak terlepas dari kepatuhan masyarakat maupun pelaku usaha dalam memenuhi kewajiban perpajakannya.Kepala Bakeuda Tabanan, Dra. Ni Wayan Mariati, mengatakan capaian hingga pertengahan tahun memberikan optimisme bagi pemerintah daerah dalam mengejar target PAD 2026.“Realisasi PAD hingga pertengahan tahun ini memberikan gambaran positif. Capaian semester I ini tentu jadi acuan sekaligus menumbuhkan optimisme target PAD Tahun 2026 dapat tercapai sesuai yang telah ditetapkan,” jelas Mariati.Menurutnya, Bakeuda akan terus memperkuat pengelolaan pendapatan melalui intensifikasi dan ekstensifikasi sumber-sumber PAD. Peningkatan kualitas pelayanan kepada wajib pajak serta koordinasi dengan seluruh perangkat daerah pengelola pendapatan juga terus dilakukan.Mariati berharap kolaborasi pemerintah daerah, pelaku usaha dan masyarakat dapat terus diperkuat. Kepatuhan dalam memenuhi kewajiban pajak dan retribusi, kata dia, akan menjadi salah satu penopang pencapaian target pendapatan daerah hingga akhir tahun.“Kolaborasi seluruh perangkat daerah, dukungan para pelaku usaha, dan kepatuhan masyarakat sebagai wajib pajak, kami optimistis target PAD tahun 2026 dapat direalisasikan optimal. Pendapatan yang berhasil dihimpun nantinya akan kembali kepada masyarakat dalam bentuk pembangunan dan peningkatan kualitas pelayanan publik,” pungkasnya.Terpisah, Bupati Tabanan, Dr. I Komang Gede Sanjaya, mengapresiasi kinerja perangkat daerah, pelaku usaha dan masyarakat yang turut berkontribusi terhadap peningkatan penerimaan daerah. Menurutnya, capaian tersebut menunjukkan aktivitas ekonomi di Tabanan terus bergerak dan kesadaran masyarakat dalam memenuhi kewajiban perpajakan semakin baik.“Astungkara, capaian Pendapatan Asli Daerah hingga pertengahan tahun ini menunjukkan perkembangan yang baik. Ini menjadi bukti bahwa aktivitas ekonomi di Kabupaten Tabanan terus bergerak positif dan kesadaran masyarakat serta pelaku usaha dalam memenuhi kewajiban perpajakan semakin meningkat,” ujarnya.Sanjaya mengatakan, pemerintah daerah akan terus melakukan inovasi dalam pengelolaan pendapatan sekaligus mengoptimalkan berbagai potensi PAD yang masih dapat dikembangkan.“Pendapatan Asli Daerah merupakan salah satu fondasi penting dalam mewujudkan pembangunan yang berkelanjutan. Semakin kuat kapasitas fiskal daerah, semakin besar pula kemampuan pemerintah menghadirkan pelayanan publik yang berkualitas, pembangunan infrastruktur, serta berbagai program yang berpihak kepada kesejahteraan masyarakat,” tegasnya.Ia menambahkan, penguatan PAD tidak semata-mata diarahkan untuk meningkatkan penerimaan daerah. Optimalisasi pendapatan juga harus berjalan beriringan dengan pertumbuhan ekonomi serta peningkatan kualitas pelayanan kepada masyarakat.(Puspawati/balipost)",BALIPOST.com,"Dajan Peken, 82114, Tabanan, Tabanan, Bali, Indonesia",-8.536609490935,115.13552944186335,5,"2, 7","kejaksaan, kejatibali, kejaritabanan, tabanan, news"
Bisnis Hotel di Bali Masih Menjanjikan,2018-03-10T08:00:00.000Z,"Kabupaten Tabanan, Bali, Indonesia",Bisnis Hotel di Bali Masih Menjanjikan - properti.kompas.com,"TABANAN, KOMPAS.com - Bisnis perhotelan atau fasilitas akomodasi di Bali, dinilai masih sangat menjanjikan dengan tingkat hunian rata-rata pada angka stabil 50-60 persen.
Dus, hingga saat ini pun Pulau Dewata masih menjadi destinasi wisata nomor satu dunia versi Traveler's Choice Awards 2017 yang digelar TripAdvisor.
Baca juga : Jumeirah Bakal Hadir di Bali Kuartal IV-2018 Oleh karena itulah, menyediakan hotel merupakan salah satu strategi Ciputra Group sebagai trigger atau pemantik dalam pengembangan mixed use Ciputra Beach Resort, di Kabupaten Tabanan, Bali.
Associate Director Ciputra Beach Resort Bali Helen hamzah menuturkan, di kawasan seluas 80 hektar tersebut, tak hanya dikembangkan hunian, melainkan juga hotel berkonsep resor dan vila.
""Kami menggandeng Rosewood, nama besar di sektor perhotelan dengan klasifikasi mewah,"" kata Helen menjawab Kompas.com, Rabu (6/3/2018).



Helen menuturkan, Rosewood Hotels and Resorts ini akan dibangun sebanyak 80 suites dan 40 vila dengan masing-masing punya keunikan yang berbeda.
Saat ini, aku Helen, Rosewood Hotels and Resorts tengah dalam tahap pematangan desain. Begitu desain final selesai, akan dilanjutkan dengan tahap pembangunan.
Menurut dia, nama besar rantai operator global ini sedikit banyak memengaruhi konsumen dan investor dalam keputusan membeli hunian Ciputra Beach Resort baik klaster Sadana maupun Nivata.Baca juga : Bisnis Properti Pulih, Ciputra Beach Resort Bali Terjual 70 Persen  
Tak hanya Rosewood Hotels and Resorts, Ciputra juga akan menggandeng nama besar lain yang lebih menyasar genre milenial.
""Keputusannya nanti dalam pengembangan Ciputra Beach Resort Tahap II,"" tambah Helen.
Kehadiran Rosewood Hotels and Resorts akan meramaikan kompetisi bisnis perhotelan di Bali.","Menurut catatan Colliers International Indonesia, per akhir 2017 saja terdapat 10 hotel baru yang beroperasi dengan jumlah kamar 1.402 unit.Angka itu tidak termasuk hotel yang masih berupa proyek atau dalam proses konstruksi namun dijadwalkan dibuka tahun ini seperti Springhill Villas & Resort at Jimbaran Hijau, The Himana-Mercure Bali Jimbaran, The Element Ubud, Jumeirah, Renaissance Bali Resort & Spa Uluwatu dan @HOM Jimbaran.
 ""Sementara jika dikalkulasi hingga tahun 2019 mendatang, terdapat 40 hotel baru dengan total 7.154 kamar yang dibuka untuk menyambut turis yang datang ke Bali,"" kata Senior Associate Director Research Colliers International Ferry Salanto. Di antara jumlah tersebut, satu merupakan hotel bintang tiga yakni Fairfield Hotel dengan jumlah kamar 223 unit.","Pada Hari Sabtu , 10 Maret 2018 08:00, Tabanan, Tabanan, Bali

TABANAN, KOMPAS.com - Bisnis perhotelan atau fasilitas akomodasi di Bali, dinilai masih sangat menjanjikan dengan tingkat hunian rata-rata pada angka stabil 50-60 persen.
Dus, hingga saat ini pun Pulau Dewata masih menjadi destinasi wisata nomor satu dunia versi Traveler's Choice Awards 2017 yang digelar TripAdvisor.
Baca juga : Jumeirah Bakal Hadir di Bali Kuartal IV-2018 Oleh karena itulah, menyediakan hotel merupakan salah satu strategi Ciputra Group sebagai trigger atau pemantik dalam pengembangan mixed use Ciputra Beach Resort, di Kabupaten Tabanan, Bali.
Associate Director Ciputra Beach Resort Bali Helen hamzah menuturkan, di kawasan seluas 80 hektar tersebut, tak hanya dikembangkan hunian, melainkan juga hotel berkonsep resor dan vila.
""Kami menggandeng Rosewood, nama besar di sektor perhotelan dengan klasifikasi mewah,"" kata Helen menjawab Kompas.com, Rabu (6/3/2018).



Helen menuturkan, Rosewood Hotels and Resorts ini akan dibangun sebanyak 80 suites dan 40 vila dengan masing-masing punya keunikan yang berbeda.
Saat ini, aku Helen, Rosewood Hotels and Resorts tengah dalam tahap pematangan desain. Begitu desain final selesai, akan dilanjutkan dengan tahap pembangunan.
Menurut dia, nama besar rantai operator global ini sedikit banyak memengaruhi konsumen dan investor dalam keputusan membeli hunian Ciputra Beach Resort baik klaster Sadana maupun Nivata.Baca juga : Bisnis Properti Pulih, Ciputra Beach Resort Bali Terjual 70 Persen  
Tak hanya Rosewood Hotels and Resorts, Ciputra juga akan menggandeng nama besar lain yang lebih menyasar genre milenial.
""Keputusannya nanti dalam pengembangan Ciputra Beach Resort Tahap II,"" tambah Helen.
Kehadiran Rosewood Hotels and Resorts akan meramaikan kompetisi bisnis perhotelan di Bali. Menurut catatan Colliers International Indonesia, per akhir 2017 saja terdapat 10 hotel baru yang beroperasi dengan jumlah kamar 1.402 unit.Angka itu tidak termasuk hotel yang masih berupa proyek atau dalam proses konstruksi namun dijadwalkan dibuka tahun ini seperti Springhill Villas & Resort at Jimbaran Hijau, The Himana-Mercure Bali Jimbaran, The Element Ubud, Jumeirah, Renaissance Bali Resort & Spa Uluwatu dan @HOM Jimbaran.
 ""Sementara jika dikalkulasi hingga tahun 2019 mendatang, terdapat 40 hotel baru dengan total 7.154 kamar yang dibuka untuk menyambut turis yang datang ke Bali,"" kata Senior Associate Director Research Colliers International Ferry Salanto. 
Di antara jumlah tersebut, satu merupakan hotel bintang tiga yakni Fairfield Hotel dengan jumlah kamar 223 unit. Hotel ini direncanakan beroperasi tahun 2018 ini.




  

    
        Bayangkan seorang anak Indonesia bercita-cita menjadi dokter tetapi hanya memiliki satu buku lusuh untuk belajar. Bersama Ekspedisi Kata ke Nyata Kompas.com, Anda bisa membantu mengubah kisah itu. Mari hadirkan akses literasi bagi anak-anak di berbagai pelosok Indonesia melalui donasi lewat tautan https://bit.ly/JagatLiterasi2026. Setiap kebaikan yang Anda berikan bukan hanya membuka jendela pengetahuan, tetapi juga membuka masa depan mereka.",properti.kompas.com,"Dajan Peken, 82114, Tabanan, Tabanan, Bali, Indonesia",-8.536609490935,115.13552944186335,5,"2, 7","kejaksaan, kejatibali, kejaritabanan, tabanan, news"
Rekonstruksi Pengeroyokan Pencuri Ayam di Tabanan 18 Adegan Diperagakan Tersangka Tetap 5,2026-09-21T07:00:00.000Z,"Kabupaten Tabanan, Bali, Indonesia","Rekonstruksi Pengeroyokan Pencuri Ayam di Tabanan, 18 Adegan Diperagakan, Tersangka Tetap 5 - Kompas.com","TABANAN, KOMPAS.com - Polisi merampungkan rekonstruksi kasus pengeroyokan yang mengakibatkan pencuri ayam tewas di Kabupaten Tabanan, Bali.
Kepala Seksi (Kasi) Humas Polres Tabanan, Iptu Ni Putu Wiwik Endrayani, mengatakan bahwa rekonstruksi digelar di halaman Mapolres Tabanan pada Kamis (17/9/2026).
""Rekonstruksi diikuti lima tersangka dan saksi yang berada di lokasi kejadian. Dihadiri pihak Kejaksaan Negeri (Kejari) Tabanan, tim kuasa hukum tersangka, serta penyidik Satreskrim Polres Tabanan,"" ujar Wiwik saat dikonfirmasi, Senin (21/9/2026).Dia menjelaskan, rekonstruksi dilakukan untuk memperagakan rangkaian kejadian pidana pengeroyokan berdasarkan perkara yang ditangani penyidik.
Baca juga: Koster Minta Warga Tak Main Hakim Sendiri Usai Pencuri Ayam Tewas Dikeroyok di Bali
Dikonfirmasi terpisah, Kasat Reskrim Polres Tabanan, AKP Made Teddy Satria Permana, mengatakan bahwa rekonstruksi tidak menemukan fakta baru dalam perkara tersebut.




Dia juga memastikan bahwa jumlah tersangka dalam perkara tersebut masih tetap lima orang.
""Tidak ada fakta baru, masih sama dengan BAP (Berita Acara Pemeriksaan).","Tersangka masih lima, belum ada penambahan,"" kata Teddy.
Menurut Teddy, setelah rekonstruksi, penyidik akan berkoordinasi dengan Kejari Tabanan untuk proses selanjutnya.""Setelah rekonstruksi kami koordinasi dengan kejaksaan untuk pengiriman berkas perkara,"" ujarnya.
Baca juga: 5 Tersangka Pengeroyokan Pencuri Ayam di Tabanan Ajukan Penangguhan Penahanan

Para tersangka disangkakan Pasal 262 ayat (1) atau ayat (4) terkait kekerasan yang dilakukan secara terang-terangan atau di muka umum secara bersama-sama terhadap orang atau barang hingga mengakibatkan kematian.
Adapun pengeroyokan itu terjadi di Banjar Juwuk Legi, Desa Batunya, Kecamatan Baturiti, pada 24 Juli 2026 dini hari.
Insiden tersebut menewaskan seorang pria asal Desa Sidetapa, Kecamatan Banjar, Kabupaten Buleleng, berinisial KD.
Pria itu tewas dihakimi massa ussai terpergok diduga mencuri seekor ayam aduan.
Baca juga: Pencuri Ayam yang Tewas di Bali Ternyata Sudah Diincar Polres Badung, 4 Kali Lolos Penggerebekan




  

    
        Bayangkan seorang anak Indonesia bercita-cita menjadi dokter tetapi hanya memiliki satu buku lusuh untuk belajar. Bersama Ekspedisi Kata ke Nyata Kompas.com, Anda bisa membantu mengubah kisah itu.","Pada Hari Senin , 21 September 2026 07:00, Tabanan, Tabanan, Bali

TABANAN, KOMPAS.com - Polisi merampungkan rekonstruksi kasus pengeroyokan yang mengakibatkan pencuri ayam tewas di Kabupaten Tabanan, Bali.
Kepala Seksi (Kasi) Humas Polres Tabanan, Iptu Ni Putu Wiwik Endrayani, mengatakan bahwa rekonstruksi digelar di halaman Mapolres Tabanan pada Kamis (17/9/2026).
""Rekonstruksi diikuti lima tersangka dan saksi yang berada di lokasi kejadian. Dihadiri pihak Kejaksaan Negeri (Kejari) Tabanan, tim kuasa hukum tersangka, serta penyidik Satreskrim Polres Tabanan,"" ujar Wiwik saat dikonfirmasi, Senin (21/9/2026).Dia menjelaskan, rekonstruksi dilakukan untuk memperagakan rangkaian kejadian pidana pengeroyokan berdasarkan perkara yang ditangani penyidik.
Baca juga: Koster Minta Warga Tak Main Hakim Sendiri Usai Pencuri Ayam Tewas Dikeroyok di Bali
Dikonfirmasi terpisah, Kasat Reskrim Polres Tabanan, AKP Made Teddy Satria Permana, mengatakan bahwa rekonstruksi tidak menemukan fakta baru dalam perkara tersebut.




Dia juga memastikan bahwa jumlah tersangka dalam perkara tersebut masih tetap lima orang.
""Tidak ada fakta baru, masih sama dengan BAP (Berita Acara Pemeriksaan). Tersangka masih lima, belum ada penambahan,"" kata Teddy.
Menurut Teddy, setelah rekonstruksi, penyidik akan berkoordinasi dengan Kejari Tabanan untuk proses selanjutnya.""Setelah rekonstruksi kami koordinasi dengan kejaksaan untuk pengiriman berkas perkara,"" ujarnya.
Baca juga: 5 Tersangka Pengeroyokan Pencuri Ayam di Tabanan Ajukan Penangguhan Penahanan

Para tersangka disangkakan Pasal 262 ayat (1) atau ayat (4) terkait kekerasan yang dilakukan secara terang-terangan atau di muka umum secara bersama-sama terhadap orang atau barang hingga mengakibatkan kematian.
Adapun pengeroyokan itu terjadi di Banjar Juwuk Legi, Desa Batunya, Kecamatan Baturiti, pada 24 Juli 2026 dini hari.
Insiden tersebut menewaskan seorang pria asal Desa Sidetapa, Kecamatan Banjar, Kabupaten Buleleng, berinisial KD.
Pria itu tewas dihakimi massa ussai terpergok diduga mencuri seekor ayam aduan.
Baca juga: Pencuri Ayam yang Tewas di Bali Ternyata Sudah Diincar Polres Badung, 4 Kali Lolos Penggerebekan




  

    
        Bayangkan seorang anak Indonesia bercita-cita menjadi dokter tetapi hanya memiliki satu buku lusuh untuk belajar. Bersama Ekspedisi Kata ke Nyata Kompas.com, Anda bisa membantu mengubah kisah itu. Mari hadirkan akses literasi bagi anak-anak di berbagai pelosok Indonesia melalui donasi lewat tautan https://bit.ly/JagatLiterasi2026. Setiap kebaikan yang Anda berikan bukan hanya membuka jendela pengetahuan, tetapi juga membuka masa depan mereka.",Kompas.com,"Dajan Peken, 82114, Tabanan, Tabanan, Bali, Indonesia",-8.536609490935,115.13552944186335,5,"2, 7","kejaksaan, kejatibali, kejaritabanan, tabanan, news"
Tabanan Arsip Page 598 of 598,2026-09-21T15:21:40.000Z,"Kabupaten Tabanan, Bali, Indonesia",Tabanan Arsip | Page 598 of 598 - BALIPOST.com,"Rastra Tabanan Segera DidistribusikanTabanan Jumat, 17 Maret 2017 | 09:08:59 TABANAN, BALIPOST.com - Data Keluarga Penerima Manfaat (KPM) Tabanan sudah diterima, Rabu (14/3). Penyaluran beras sejahtera (rastra) siap didistribusikan pada Maret ini.
Kepala Bagian Ekonomi...Veteran Made Tantra MeninggalTabanan Kamis, 16 Maret 2017 | 12:36:46 TABANAN, BALIPOST.com - Veteran I Made Tantra meninggal karena sakit, Senin (13/3).","Veteran yang meraih penghargaan Bintang Gerilya ini menghembuskan nafas terakhirnya di kediamannya...Konsumen Disarankan Beli Daging Babi dari TPHTabanan Kamis, 16 Maret 2017 | 10:12:49 TABANAN, BALIPOST.com - Maraknya warga yang diduga terjangkit bakteri Streptococcus suis di Tabanan dan Badung membuat konsumen ekstra hati-hati dalam membeli daging babi. Namun....","Pada Hari Senin , 21 September 2026 15:21, Tabanan, Tabanan, Bali

Rastra Tabanan Segera DidistribusikanTabanan Jumat, 17 Maret 2017 | 09:08:59 TABANAN, BALIPOST.com - Data Keluarga Penerima Manfaat (KPM) Tabanan sudah diterima, Rabu (14/3). Penyaluran beras sejahtera (rastra) siap didistribusikan pada Maret ini.
Kepala Bagian Ekonomi...Veteran Made Tantra MeninggalTabanan Kamis, 16 Maret 2017 | 12:36:46 TABANAN, BALIPOST.com - Veteran I Made Tantra meninggal karena sakit, Senin (13/3). Veteran yang meraih penghargaan Bintang Gerilya ini menghembuskan nafas terakhirnya di kediamannya...Konsumen Disarankan Beli Daging Babi dari TPHTabanan Kamis, 16 Maret 2017 | 10:12:49 TABANAN, BALIPOST.com - Maraknya warga yang diduga terjangkit bakteri Streptococcus suis di Tabanan dan Badung membuat konsumen ekstra hati-hati dalam membeli daging babi. Namun...",BALIPOST.com,"Dajan Peken, 82114, Tabanan, Tabanan, Bali, Indonesia",-8.536609490935,115.13552944186335,5,"2, 7","kejaksaan, kejatibali, kejaritabanan, tabanan, news"
Pendaki 80 Tahun Tersesat di Gunung Batukaru Tabanan Tim SAR Gunakan Drone untuk Pencarian,2026-04-26T07:00:00.000Z,"Kabupaten Tabanan, Bali, Indonesia","Pendaki 80 Tahun Tersesat di Gunung Batukaru Tabanan, Tim SAR Gunakan Drone untuk Pencarian - Kompas.com","TABANAN, KOMPAS.com — Seorang pendaki lanjut usia (lansia) hilang diduga tersesat di Gunung Batukaru, Kecamatan Penebel, Kabupaten Tabanan, Bali. Hingga Minggu (26/4/2026), tim SAR gabungan masih melakukan upaya pencarian terhadap korban.
Korban diketahui bernama Made Dibya (80), warga asal Penebel, Tabanan.","Ia dilaporkan terpisah dari rombongan saat melakukan pendakian pada Sabtu (25/4/2026) sekitar pukul 14.00 Wita.Kepala Basarnas Bali, I Nyoman Sidakarya menyebut, Basarnas menerima laporan kejadian tersebut pada Minggu pukul 04.40 Wita dari BPBD Kabupaten Tabanan.
Baca juga: Sempat Digendong, Pendaki Wanita Ditemukan Lemas di Bukit Pao Bangka Tengah
Berdasarkan informasi, Made Dibya awalnya mendaki bersama 13 orang lainnya melalui jalur Desa Sarin Buana sekitar pukul 06.00 Wita.




Namun, dalam perjalanan hanya 10 orang yang melanjutkan pendakian.
“Sore harinya, saat rombongan sudah kembali ke titik awal, baru disadari ada satu orang yang belum bergabung,” ucap dia, Minggu dalam keterangannya.Pencarian awal dilakukan oleh BPBD Kabupaten Tabanan bersama warga setempat. Namun belum membuahkan hasil.
Baca juga: Dua Pendaki Pemula Tersesat di Gunung Lawu, Ditemukan Selamat
Untuk memperluas pencarian, Basarnas Bali mengerahkan tujuh personel ke lokasi pada Minggu pagi.","Pada Hari Minggu , 26 April 2026 07:00, Tabanan, Tabanan, Bali

TABANAN, KOMPAS.com — Seorang pendaki lanjut usia (lansia) hilang diduga tersesat di Gunung Batukaru, Kecamatan Penebel, Kabupaten Tabanan, Bali. 
Hingga Minggu (26/4/2026), tim SAR gabungan masih melakukan upaya pencarian terhadap korban.
Korban diketahui bernama Made Dibya (80), warga asal Penebel, Tabanan. Ia dilaporkan terpisah dari rombongan saat melakukan pendakian pada Sabtu (25/4/2026) sekitar pukul 14.00 Wita.Kepala Basarnas Bali, I Nyoman Sidakarya menyebut, Basarnas menerima laporan kejadian tersebut pada Minggu pukul 04.40 Wita dari BPBD Kabupaten Tabanan.
Baca juga: Sempat Digendong, Pendaki Wanita Ditemukan Lemas di Bukit Pao Bangka Tengah
Berdasarkan informasi, Made Dibya awalnya mendaki bersama 13 orang lainnya melalui jalur Desa Sarin Buana sekitar pukul 06.00 Wita.




Namun, dalam perjalanan hanya 10 orang yang melanjutkan pendakian.
“Sore harinya, saat rombongan sudah kembali ke titik awal, baru disadari ada satu orang yang belum bergabung,” ucap dia, Minggu dalam keterangannya.Pencarian awal dilakukan oleh BPBD Kabupaten Tabanan bersama warga setempat. Namun belum membuahkan hasil.
Baca juga: Dua Pendaki Pemula Tersesat di Gunung Lawu, Ditemukan Selamat
Untuk memperluas pencarian, Basarnas Bali mengerahkan tujuh personel ke lokasi pada Minggu pagi. 
Tim dilengkapi dengan peralatan pendakian, perlengkapan medis, serta drone thermal guna menyisir area dari udara.
Selain Basarnas, operasi SAR juga melibatkan personel Polsek Penebel, BPBD Kabupaten Tabanan, masyarakat setempat, serta rekan korban.
Pencarian terus dilakukan dengan menyisir jalur pendakian dan area sekitar lokasi terakhir korban terlihat.




  

    
        Bayangkan seorang anak Indonesia bercita-cita menjadi dokter tetapi hanya memiliki satu buku lusuh untuk belajar. Bersama Ekspedisi Kata ke Nyata Kompas.com, Anda bisa membantu mengubah kisah itu. Mari hadirkan akses literasi bagi anak-anak di berbagai pelosok Indonesia melalui donasi lewat tautan https://bit.ly/JagatLiterasi2026. Setiap kebaikan yang Anda berikan bukan hanya membuka jendela pengetahuan, tetapi juga membuka masa depan mereka.",Kompas.com,"Dajan Peken, 82114, Tabanan, Tabanan, Bali, Indonesia",-8.536609490935,115.13552944186335,5,"2, 7","kejaksaan, kejatibali, kejaritabanan, tabanan, news"
Bupati Tabanan Diputuskan Resmi Bercerai Sang Suami Ajukan Banding,2017-09-22T07:00:00.000Z,"Kabupaten Tabanan, Bali, Indonesia","Bupati Tabanan Diputuskan Resmi Bercerai, Sang Suami Ajukan Banding - Kompas.com","TABANAN, KOMPAS.com - Bupati Tabanan, Bali, Ni Putu Eka Wiryastuti, dinyatakan resmi bercerai dari suaminya, I Made Dwi Saputra alias Bambang Aditya pada Selasa (22/8/2017) lalu.Putusan gugatan cerai dari Eka kepada Bambang ketika itu dikabulkan pihak Pengadilan Negeri Tabanan. Namun sang suami, Bambang Aditya mengajukan banding.
Kepala PN Tabanan, I Wayan Gede Rumega mengatakan, adanya perlawan tersebut secara otomatis membuat persidangan akan digelar kembali.“Ada verzet atau perlawanan hukum dari tergugat.","Alasannya karena tidak mengetahui ada gugatan,” kata Rumega saat dikonfirmasi, Kamis (21/9/2017).Rumega menyebutkan, adanya verzet adalah hal biasa dalam persidangan perdata dan merupakan hak dari tergugat.Dalam penyampaian gugatan ke pengadilan, disebutkan pihaknya sudah melayangkan surat pemberitahuan yang ditujukan kepada alamat sesuai Kartu Tanda Pengenal (KTP). “Jika alamatnya tidak diketahui maka kami bisa mengumumkan di media masa terkait adanya gugatan hukum,” jelasnya.
Baca juga: Ditangkap di Jakpus, Ini Alasan Anggota DPRD Tabanan Konsumsi SabuBambang Aditya yang menikah dengan Ni Putu Eka Wiryastuti pada Desember 2012 sempat ke PN Tabanan untuk mengambil putusan persidangan perceraiannya sekitar Jumat (15/9/2017).Tergugat mengaku tidak mengetahui adanya gugatan karena sedang berada di Jakarta.“Karena alasan itu, makanya ada perlawanan hukum,” terang Rumega.Dengan adanya upaya hukum tersebut, pihak pengadilan PN Tabanan secara otomatis belum bisa membuka detail perkara Bupati Tabanan dua periode itu.Untuk proses sidang, akan mulai berjalan dan tertutup untuk umum.Baca juga: Cerai Susuk, Cara Perceraian TKW Asal Banyuwangi
Berita ini sudah tayang di Tribunnews.com, Jumat 22 September 2017 dengan judul Status Janda Bupati Cantik Ini Dibatalkan, Suami Banding
Kompas TV Parade Gebogan Jadi Pembuka Festival Tanah Lot





  

    
        Bayangkan seorang anak Indonesia bercita-cita menjadi dokter tetapi hanya memiliki satu buku lusuh untuk belajar.","Pada Hari Jumat , 22 September 2017 07:00, Tabanan, Tabanan, Bali

TABANAN, KOMPAS.com - Bupati Tabanan, Bali, Ni Putu Eka Wiryastuti, dinyatakan resmi bercerai dari suaminya, I Made Dwi Saputra alias Bambang Aditya pada Selasa (22/8/2017) lalu.Putusan gugatan cerai dari Eka kepada Bambang ketika itu dikabulkan pihak Pengadilan Negeri Tabanan. Namun sang suami, Bambang Aditya mengajukan banding.
Kepala PN Tabanan, I Wayan Gede Rumega mengatakan, adanya perlawan tersebut secara otomatis membuat persidangan akan digelar kembali.“Ada verzet atau perlawanan hukum dari tergugat. Alasannya karena tidak mengetahui ada gugatan,” kata Rumega saat dikonfirmasi, Kamis (21/9/2017).Rumega menyebutkan, adanya verzet adalah hal biasa dalam persidangan perdata dan merupakan hak dari tergugat.Dalam penyampaian gugatan ke pengadilan, disebutkan pihaknya sudah melayangkan surat pemberitahuan yang ditujukan kepada alamat sesuai Kartu Tanda Pengenal (KTP). 



“Jika alamatnya tidak diketahui maka kami bisa mengumumkan di media masa terkait adanya gugatan hukum,” jelasnya.
Baca juga: Ditangkap di Jakpus, Ini Alasan Anggota DPRD Tabanan Konsumsi SabuBambang Aditya yang menikah dengan Ni Putu Eka Wiryastuti pada Desember 2012 sempat ke PN Tabanan untuk mengambil putusan persidangan perceraiannya sekitar Jumat (15/9/2017).Tergugat mengaku tidak mengetahui adanya gugatan karena sedang berada di Jakarta.“Karena alasan itu, makanya ada perlawanan hukum,” terang Rumega.Dengan adanya upaya hukum tersebut, pihak pengadilan PN Tabanan secara otomatis belum bisa membuka detail perkara Bupati Tabanan dua periode itu.Untuk proses sidang, akan mulai berjalan dan tertutup untuk umum.Baca juga: Cerai Susuk, Cara Perceraian TKW Asal Banyuwangi
Berita ini sudah tayang di Tribunnews.com, Jumat 22 September 2017 dengan judul Status Janda Bupati Cantik Ini Dibatalkan, Suami Banding
Kompas TV Parade Gebogan Jadi Pembuka Festival Tanah Lot





  

    
        Bayangkan seorang anak Indonesia bercita-cita menjadi dokter tetapi hanya memiliki satu buku lusuh untuk belajar. Bersama Ekspedisi Kata ke Nyata Kompas.com, Anda bisa membantu mengubah kisah itu. Mari hadirkan akses literasi bagi anak-anak di berbagai pelosok Indonesia melalui donasi lewat tautan https://bit.ly/JagatLiterasi2026. Setiap kebaikan yang Anda berikan bukan hanya membuka jendela pengetahuan, tetapi juga membuka masa depan mereka.    
                    Batas akses KARIN
                    
                        Kamu sudah mencapai batas akses KARIN.
                        Gabung membership Kompas.com+ MAX untuk bertanya lebih banyak dan memahami berita dengan lebih leluasa.
                    
                
            
                    
                    
                    Tidak akurat
                
                
                    
                    
                    Tidak relevan
                
                
                    
                    
                    Menyinggung
                
                
                    
                    
                    Terlalu lama
                
                
                    
                    
                    Isu privasi
                
                
                    
                    
                    Lainnya
                
            
            
                    Khusus Member
                    
                        Akses Tanya Langsung Tersedia untuk Member
                        Gabung membership Kompas.com+ MAX untuk bertanya lebih banyak dan memahami berita dengan lebih leluasa.",Kompas.com,"Dajan Peken, 82114, Tabanan, Tabanan, Bali, Indonesia",-8.536609490935,115.13552944186335,5,"2, 7","kejaksaan, kejatibali, kejaritabanan, tabanan, news"
Tabanan Arsip Page 474 of 596,2025-08-18T08:10:12.000Z,"Kabupaten Tabanan, Bali, Indonesia",Tabanan Arsip | Page 474 of 596 - BALIPOST.com,"Sebaran Personel TNI Belum MerataTabanan Jumat, 19 April 2019 | 20:35:24 DENPASAR, BALIPOST.com - Pimpinan TNI AD saat ini sangat konsen terhadap kondisi tidak meratanya jumlah personel TNI AD antara satuan di wilayah Pulau Jawa...Nabrak Truk Parkir, Pemotor TewasTabanan Jumat, 19 April 2019 | 17:44:35 TABANAN, BALIPOST.com - Seorang pemotor tewas karena menabrak truk parkir di Bypass Soekarno, Banjar Sanggulan, Desa Banjar Anyar, Kediri, Tabanan. Lokasinya di depan Hardy's...Hujan Deras, Dapur dan Kamar Mandi Warga AmblasTabanan Minggu, 14 April 2019 | 17:34:25 TABANAN, BALIPOST.com - Hujan deras di Tabanan, Sabtu (13/4) malam menyebabkan longsor.","Salah satunya Kecamatan Baturiti.
Longsor terjadi di Banjar Abianluang, Desa/Kecamatan Baturiti. Senderan bangunan...Mulai Musim Lobster, Nelayan Justru Tak MelautTabanan Kamis, 11 April 2019 | 18:12:23 TABANAN, BALIPOST.com - Musim tangkap lobster sudah dimulai sejak Maret dan diperkirakan akan mencapai puncaknya pada Agustus hingga Desember mendatang.","Pada Hari Senin , 18 Agustus 2025 08:10, Tabanan, Tabanan, Bali

Sebaran Personel TNI Belum MerataTabanan Jumat, 19 April 2019 | 20:35:24 DENPASAR, BALIPOST.com - Pimpinan TNI AD saat ini sangat konsen terhadap kondisi tidak meratanya jumlah personel TNI AD antara satuan di wilayah Pulau Jawa...Nabrak Truk Parkir, Pemotor TewasTabanan Jumat, 19 April 2019 | 17:44:35 TABANAN, BALIPOST.com - Seorang pemotor tewas karena menabrak truk parkir di Bypass Soekarno, Banjar Sanggulan, Desa Banjar Anyar, Kediri, Tabanan. Lokasinya di depan Hardy's...Hujan Deras, Dapur dan Kamar Mandi Warga AmblasTabanan Minggu, 14 April 2019 | 17:34:25 TABANAN, BALIPOST.com - Hujan deras di Tabanan, Sabtu (13/4) malam menyebabkan longsor. Salah satunya Kecamatan Baturiti.
Longsor terjadi di Banjar Abianluang, Desa/Kecamatan Baturiti. Senderan bangunan...Mulai Musim Lobster, Nelayan Justru Tak MelautTabanan Kamis, 11 April 2019 | 18:12:23 TABANAN, BALIPOST.com - Musim tangkap lobster sudah dimulai sejak Maret dan diperkirakan akan mencapai puncaknya pada Agustus hingga Desember mendatang. Sayangnya, meski sudah mulai...",BALIPOST.com,"Dajan Peken, 82114, Tabanan, Tabanan, Bali, Indonesia",-8.536609490935,115.13552944186335,5,"2, 7","kejaksaan, kejatibali, kejaritabanan, tabanan, news"
Gempa M 66 Tuban Dirasakan hingga Bali Warga Tabanan 10 Detik Lebih Cukup Kencang,2023-04-14T07:00:00.000Z,"Kabupaten Tabanan, Bali, Indonesia","Gempa M 6,6 Tuban Dirasakan hingga Bali, Warga Tabanan: 10 Detik Lebih, Cukup Kencang - Kompas.com","TABANAN, KOMPAS.com - Gempa bumi berkekuatan magnitudo 6,6 mengguncang Tuban, Jawa Timur, Jumat (14/4/2023) pukul 16.55 WIB. Getaran gempa dirasakan hingga wilayah Bali.","Hafid (29) merasakan gempa tersebut saat berada di kantornya sekitar pukul 18.00 Wita.
Baca juga: Gempa M 6,6 Guncang Tuban, Terasa hingga Solo, Tak Berpotensi TsunamiKetika itu Hafid dan karyawan lain di kantornya di Kabupaten Tabanan, sempat panik begitu guncangan terasa. ""Guncangannya terasa cukup lama.","Pada Hari Jumat , 14 April 2023 07:00, Tabanan, Tabanan, Bali

TABANAN, KOMPAS.com - Gempa bumi berkekuatan magnitudo 6,6 mengguncang Tuban, Jawa Timur, Jumat (14/4/2023) pukul 16.55 WIB. Getaran gempa dirasakan hingga wilayah Bali. Hafid (29) merasakan gempa tersebut saat berada di kantornya sekitar pukul 18.00 Wita.
Baca juga: Gempa M 6,6 Guncang Tuban, Terasa hingga Solo, Tak Berpotensi TsunamiKetika itu Hafid dan karyawan lain di kantornya di Kabupaten Tabanan, sempat panik begitu guncangan terasa. ""Guncangannya terasa cukup lama. Ada sekitar 10 detik lebih, cukup kencang,"" ujarnya. Selain di Kabupaten Tabanan, getaran gempa juga dirasakan warga di Kota Denpasar.




Baca juga: Gempa M 6,6 di Tuban Terasa hingga NTT  ""Lagi kerja tiba-tiba layar komputer goyang-goyang. Saya kira efek pusing sakit kepala, ternyata gempa. Teman-teman panik keluar ruangan,"" ujar Farah (26).
 Informasi dari BMKG, gempa bumi ini berkekuatan magnitudo 6,6 dan tidak berisiko tsunami.

Adapun gempa berpusat di 68 kilometer Barat Laut Tuban, Jawa Timur.
Gempa berlokasi di 6,29 Lintang Selatan dan 111,92 Bujur Timur.
Lokasi gempa di kedalaman 632 kilometer.




  

    
        Bayangkan seorang anak Indonesia bercita-cita menjadi dokter tetapi hanya memiliki satu buku lusuh untuk belajar. Bersama Ekspedisi Kata ke Nyata Kompas.com, Anda bisa membantu mengubah kisah itu. Mari hadirkan akses literasi bagi anak-anak di berbagai pelosok Indonesia melalui donasi lewat tautan https://bit.ly/JagatLiterasi2026. Setiap kebaikan yang Anda berikan bukan hanya membuka jendela pengetahuan, tetapi juga membuka masa depan mereka.",Kompas.com,"Dajan Peken, 82114, Tabanan, Tabanan, Bali, Indonesia",-8.536609490935,115.13552944186335,5,"2, 7","kejaksaan, kejatibali, kejaritabanan, tabanan, news"
