title,when_,where,who,what,why,how,source_agent_report,location_name,latitude,longitude,category,data_of_information,hashtags
Kodim Tabanan Teguhkan Pengabdian Bersama Rakyat,2026-10-06T05:24:00.000Z,"Kabupaten Tabanan, Bali, Indonesia",Kodim Tabanan Teguhkan Pengabdian Bersama Rakyat - RRI.co.id,"Kodim Tabanan Teguhkan Pengabdian Bersama Rakyat (Foto : Kodim 1619 Tabanan)
                                                    
                                                                                            
                                                                                                            
                                
                                RRI.CO.ID, Tabanan — Personel Kodim 1619/Tabanan mengikuti Upacara Peringatan HUT ke-81 TNI Tahun Anggaran 2026 di Lapangan Wira Yudha Bakti Rindam IX/Udayana, Desa Banjar Anyar Kediri, Tabanan, Senin 5 Oktober 2026. Upacara yang mengusung tema “TNI Kuat Bersama Rakyat, Indonesia Berdaulat Adil dan Makmur” tersebut dipimpin Wadan Rindam IX/Udayana Kolonel Inf I Gusti Bagus Putu Wijangsa selaku inspektur upacara.","Peringatan HUT TNI ke-81 menjadi momentum untuk meneguhkan kembali komitmen TNI dalam menjalankan tugas pertahanan negara sekaligus menjaga kedekatan dengan rakyat. Dalam upacara tersebut, personel Kodim 1619/Tabanan tergabung dalam pasukan upacara bersama unsur TNI lainnya serta peserta dari berbagai instansi.","Pada Hari Selasa , 6 Oktober 2026 05:24, Tabanan, Tabanan, Bali

Kodim Tabanan Teguhkan Pengabdian Bersama Rakyat (Foto : Kodim 1619 Tabanan)
                                                    
                                                                                            
                                                                                                            
                                
                                RRI.CO.ID, Tabanan — Personel Kodim 1619/Tabanan mengikuti Upacara Peringatan HUT ke-81 TNI Tahun Anggaran 2026 di Lapangan Wira Yudha Bakti Rindam IX/Udayana, Desa Banjar Anyar Kediri, Tabanan, Senin 5 Oktober 2026. Upacara yang mengusung tema “TNI Kuat Bersama Rakyat, Indonesia Berdaulat Adil dan Makmur” tersebut dipimpin Wadan Rindam IX/Udayana Kolonel Inf I Gusti Bagus Putu Wijangsa selaku inspektur upacara. Peringatan HUT TNI ke-81 menjadi momentum untuk meneguhkan kembali komitmen TNI dalam menjalankan tugas pertahanan negara sekaligus menjaga kedekatan dengan rakyat. Dalam upacara tersebut, personel Kodim 1619/Tabanan tergabung dalam pasukan upacara bersama unsur TNI lainnya serta peserta dari berbagai instansi. Kehadiran mereka menjadi bagian dari peringatan hari jadi TNI yang sekaligus menegaskan pentingnya soliditas dan kesiapan prajurit dalam menjalankan tugas di tengah masyarakat. Kasdim 1619/Tabanan Mayor Inf I Gede Nariada mengatakan peringatan HUT ke-81 TNI menjadi momentum untuk terus meningkatkan pengabdian dan menjaga kepercayaan masyarakat.“HUT TNI ke-81 ini menjadi momentum bagi kami untuk terus meningkatkan profesionalisme, menjaga soliditas serta memperkuat kemanunggalan TNI dengan rakyat. Karena kekuatan TNI tidak terlepas dari dukungan dan kepercayaan masyarakat,” ujarnya.Mayor Nariada menambahkan, personel Kodim Tabanan akan terus berupaya hadir di tengah masyarakat melalui pelaksanaan tugas kewilayahan serta membantu menjaga kondisi wilayah agar tetap kondusif. Peringatan HUT ke-81 TNI di Lapangan Wira Yudha Bakti Rindam IX/Udayana pun menjadi refleksi atas perjalanan pengabdian prajurit sekaligus penegasan komitmen untuk terus berdiri bersama rakyat dalam menjaga keutuhan Negara Kesatuan Republik Indonesia. 


                                
                                
                                
                                
                                
                                            
                                        
                                                                    

                                


                                
                                                                    
                                    
                                
                                                                                                                                                                                
                            
                            
                                                                        
                                                                
                                    
                                        
                                            Berita
                                        
                                    
                                    Terbaru Lainnya
                                
                                
                            
                            
                                    
                                    
                                        Memuat berita terbaru.....",RRI.co.id,"Dajan Peken, 82114, Tabanan, Tabanan, Bali, Indonesia",-8.536609490935,115.13552944186335,5,"2, 7","kejaksaan, kejatibali, kejaritabanan, tabanan, news"
Bupati Sanjaya Hadiri Acara Kenal Pamit Kapolres Tabanan,2025-07-10T07:00:00.000Z,"Kabupaten Tabanan, Bali, Indonesia",Bupati Sanjaya Hadiri Acara Kenal Pamit Kapolres Tabanan - RRI.co.id,"Bupati Tabanan I Komang Gede Sanjaya menghadiri Acara Kenal Pamit Kapolres Tabanan (Foto : Humas Pemkab Tabanan)
                                                    
                                                                                            
                                                                                                            
                                
                                
                                                                            KBRN, Tabanan : Bupati Tabanan I Komang Gede Sanjaya didampingi Wakil Bupati Tabanan I Made Dirga menghadiri acara Kenal Pamit Kapolres Tabanan yang di Gedung Kesenian I Ketut Marya, Rabu (9/6/2025). Acara yang berlangsung penuh kehangatan dan nuansa haru ini turut dihadiri oleh Ketua DPRD Kabupaten Tabanan, jajaran Forkopimda, Sekda dan jajaran, para tokoh masyarakat, serta undangan terkait lainnya.","Kegiatan ini menjadi momentum penting untuk mempererat silaturahmi dan memperkuat sinergi antara Pemerintah Kabupaten Tabanan dengan jajaran kepolisian.Bupati Sanjaya menyampaikan apresiasi dan rasa terima kasih kepada AKBP Chandra Citra Kesuma, S.I.K., M.H., yang kini resmi bertugas sebagai Kapolres Gianyar. Menurut Bupati Sanjaya, AKBP Chandra Citra Kesuma merupakan sosok pemimpin yang tegas dan hangat dalam membangun komunikasi, koordinasi, dan sinergi bersama lintas sektor selama menjabat Kapolres Tabanan.“Terima kasih atas dedikasi dan ngayah yang luar biasa selama bertugas di Tabanan.","Pada Hari Kamis , 10 Juli 2025 07:00, Tabanan, Tabanan, Bali

Bupati Tabanan I Komang Gede Sanjaya menghadiri Acara Kenal Pamit Kapolres Tabanan (Foto : Humas Pemkab Tabanan)
                                                    
                                                                                            
                                                                                                            
                                
                                
                                                                            KBRN, Tabanan : Bupati Tabanan I Komang Gede Sanjaya didampingi Wakil Bupati Tabanan I Made Dirga menghadiri acara Kenal Pamit Kapolres Tabanan yang di Gedung Kesenian I Ketut Marya, Rabu (9/6/2025). Acara yang berlangsung penuh kehangatan dan nuansa haru ini turut dihadiri oleh Ketua DPRD Kabupaten Tabanan, jajaran Forkopimda, Sekda dan jajaran, para tokoh masyarakat, serta undangan terkait lainnya. Kegiatan ini menjadi momentum penting untuk mempererat silaturahmi dan memperkuat sinergi antara Pemerintah Kabupaten Tabanan dengan jajaran kepolisian.Bupati Sanjaya menyampaikan apresiasi dan rasa terima kasih kepada AKBP Chandra Citra Kesuma, S.I.K., M.H., yang kini resmi bertugas sebagai Kapolres Gianyar. Menurut Bupati Sanjaya, AKBP Chandra Citra Kesuma merupakan sosok pemimpin yang tegas dan hangat dalam membangun komunikasi, koordinasi, dan sinergi bersama lintas sektor selama menjabat Kapolres Tabanan.“Terima kasih atas dedikasi dan ngayah yang luar biasa selama bertugas di Tabanan. Berkat kepemimpinan beliau, stabilitas keamanan dan ketertiban masyarakat terjaga dengan sangat baik, termasuk dalam pelaksanaan Pemilukada yang berjalan aman dan lancar,” ujarnya.Bupati Sanjaya juga mengapresiasi kontribusi AKBP Chandra dalam mendukung program swasembada pangan yang menjadi arahan dari Presiden dan Kapolri. “Di Tabanan Pak Kapolres hadir memberikan bibit cabe kepada masyarakat secara cuma-cuma, secara gratis, pekerjaan yang sangat mulia. Kita ucapkan terimakasih kepada Pak Chandra sudah membuat terobosan yang sangat luar biasa buat petani Tabanan. Dengan ini, Tabanan sebagai daerah agraris yang subur dapat membantu menjaga stabilitas kebutuhan pokok dan menekan inflasi,"" tegasnya.Bupati Sanjaya beserta seluruh jajaran Forkopimda menyambut dengan hangat Kapolres Tabanan AKBP I Putu Bayu Pati, S.I.K., M.H., yang sebelumnya menjabat sebagai Kanit 2 Subdit I Dittipidsiber Bareskrim Polri. Bupati Sanjaya berharap, Kapolres yang baru mampu melanjutkan dan meningkatkan program-program yang telah berjalan dengan baik di Tabanan. “Kami ucapkan selamat datang kepada Bapak Kapolres dan keluarga di Tabanan. Mari kita jalin koordinasi yang erat demi terwujudnya Tabanan Era Baru yang Aman, Unggul, dan Madani,” pungkasnya.Sementara itu, dalam sambutan perpisahannya, AKBP Chandra menyampaikan terimakasih kepada seluruh pihak atas dukungan dan kerja sama selama dirinya menjabat di Tabanan. “Saya ucapkan terimakasih kepada Bapak Bupati, Wakil Bupati, jajaran Forkopimda, dan seluruh elemen dinas yang telah mendukung kami di Tabanan. Kepada Kapolres Tabanan kami ucapkan selamat datang, saya izin titip wilayah Kabupaten Tabanan,” tutupnya sembari pamit undur diri dan memohon doa restu untuk penugasan di tempat yang baru.Kapolres Tabanan AKBP I Putu Bayu Pati mengungkapkan rasa syukurnya bisa mengemban tugas sebagai Kapolres Tabanan. Ia menyadari, bahwa tugas ini bukanlah tanggung jawab yang ringan, namun dengan dukungan seluruh elemen masyarakat, ia optimis dapat membawa kemajuan dan dampak positif bagi Kabupaten Tabanan. “Saya mohon dukungan dan kerjasama dari seluruh personil Polres Tabanan unsur Forkopimda, para tokoh agama, tokoh adat, tokoh masyarakat serta seluruh lapisan masyarakat Kabupaten Tabanan. Saya percaya dengan kerjasama yang telah terjalin selama ini kita dapat mewujudkan Tabanan yang aman, damai dan sejahtera,"" tutupnya.
                                                                    


                                
                                
                                
                                
                                
                                            
                                        
                                                                    

                                


                                
                                
                                                                                                                                                                                
                            
                            
                                                                        
                                                                
                                    
                                        
                                            Berita
                                        
                                    
                                    Terbaru Lainnya
                                
                                
                            
                            
                                    
                                    
                                        Memuat berita terbaru.....",RRI.co.id,"Dajan Peken, 82114, Tabanan, Tabanan, Bali, Indonesia",-8.536609490935,115.13552944186335,5,"2, 7","kejaksaan, kejatibali, kejaritabanan, tabanan, news"
Kodim Tabanan Perkuat Kemampuan Aparat Kewilayahan,2026-10-05T04:28:00.000Z,"Kabupaten Tabanan, Bali, Indonesia",Kodim Tabanan Perkuat Kemampuan Aparat Kewilayahan - RRI.co.id,"Kodim Tabanan Perkuat Kemampuan Aparat Kewilayahan (Foto : Kodim 1619 Tabanan)
                                                    
                                                                                            
                                                                                                            
                                
                                RRI.CO.ID, Tabanan – Kodim 1619/Tabanan menggelar kegiatan Peningkatan Kemampuan Aparat Komando Kewilayahan (Apkowil) Tersebar Tahun Anggaran 2026 di Makodim 1619/Tabanan, Jumat 2 Oktober 2026. Kegiatan ini menjadi upaya memperkuat kemampuan personel dalam menjalankan tugas kewilayahan sekaligus mendukung pembinaan teritorial yang berkualitas.Kegiatan yang dihadiri Pasi Komsos Korem 163/Wsa dan diikuti Kasdim, Perwira Staf, para Danramil dan anggota jajaran Kodim 1619/Tabanan tersebut mengusung tema “Melalui Kegiatan Peningkatan Kemampuan Aparat Komando Kewilayahan Tersebar, kita bangun aparat komando kewilayahan yang unggul, modern dan humanis dalam mendukung terwujudnya pembinaan teritorial yang berkualitas"".","Materi yang diberikan mencakup penanganan stunting, Sapta Marga dan Sumpah Prajurit, lima kemampuan teritorial, Sisrendal Binter, ketatalaksanaan Binter, sikap teritorial serta netralitas TNI. Pembekalan tersebut diarahkan untuk meningkatkan pengetahuan dan kesiapan personel dalam menghadapi perubahan serta dinamika yang berkembang di wilayah.","Pada Hari Senin , 5 Oktober 2026 04:28, Tabanan, Tabanan, Bali

Kodim Tabanan Perkuat Kemampuan Aparat Kewilayahan (Foto : Kodim 1619 Tabanan)
                                                    
                                                                                            
                                                                                                            
                                
                                RRI.CO.ID, Tabanan – Kodim 1619/Tabanan menggelar kegiatan Peningkatan Kemampuan Aparat Komando Kewilayahan (Apkowil) Tersebar Tahun Anggaran 2026 di Makodim 1619/Tabanan, Jumat 2 Oktober 2026. Kegiatan ini menjadi upaya memperkuat kemampuan personel dalam menjalankan tugas kewilayahan sekaligus mendukung pembinaan teritorial yang berkualitas.Kegiatan yang dihadiri Pasi Komsos Korem 163/Wsa dan diikuti Kasdim, Perwira Staf, para Danramil dan anggota jajaran Kodim 1619/Tabanan tersebut mengusung tema “Melalui Kegiatan Peningkatan Kemampuan Aparat Komando Kewilayahan Tersebar, kita bangun aparat komando kewilayahan yang unggul, modern dan humanis dalam mendukung terwujudnya pembinaan teritorial yang berkualitas"". Materi yang diberikan mencakup penanganan stunting, Sapta Marga dan Sumpah Prajurit, lima kemampuan teritorial, Sisrendal Binter, ketatalaksanaan Binter, sikap teritorial serta netralitas TNI. Pembekalan tersebut diarahkan untuk meningkatkan pengetahuan dan kesiapan personel dalam menghadapi perubahan serta dinamika yang berkembang di wilayah. Kasdim 1619/Tabanan Mayor Inf I Gede Nariada mengatakan, kemampuan Apkowil perlu terus ditingkatkan agar personel mampu menjalankan tugas secara profesional dan responsif terhadap kondisi di lapangan.“Apkowil harus selalu waspada dan peka terhadap perkembangan wilayah, termasuk menghadapi cuaca ekstrem, kemarau berkepanjangan dan potensi bencana kebakaran, sehingga dapat memberikan imbauan serta membantu penanganan secara cepat sesuai tugas dan kewenangan,” ujarnya.Kegiatan tersebut diharapkan semakin memperkuat kemampuan aparat kewilayahan dalam berkomunikasi, memahami kondisi masyarakat dan merespons berbagai persoalan di wilayah. Dengan kemampuan yang terus diperbarui, Apkowil diharapkan mampu mendukung pembinaan teritorial yang unggul, modern dan humanis. 


                                
                                
                                
                                
                                
                                            
                                        
                                                                    

                                


                                
                                                                    
                                    
                                
                                                                                                                                                                                
                            
                            
                                                                        
                                                                
                                    
                                        
                                            Berita
                                        
                                    
                                    Terbaru Lainnya
                                
                                
                            
                            
                                    
                                    
                                        Memuat berita terbaru.....",RRI.co.id,"Dajan Peken, 82114, Tabanan, Tabanan, Bali, Indonesia",-8.536609490935,115.13552944186335,5,"2, 7","kejaksaan, kejatibali, kejaritabanan, tabanan, news"
Kejari Tabanan Gandeng Kodim Tabanan Perkuat Supremasi Hukum,2026-02-27T08:00:00.000Z,"Kabupaten Tabanan, Bali, Indonesia",Kejari Tabanan Gandeng Kodim Tabanan Perkuat Supremasi Hukum - RRI.co.id,"Kejaksaan Negeri Tabanan menandatangani Perjanjian Kerja Sama (PKS) dengan Komando Distrik Militer 1619/Tabanan di Kantor Kejaksaan Negeri Tabanan (Foto : Humas Kodim 1619 Tabanan)
                                                    
                                                                                            
                                                                                                            
                                
                                RRI.CO.ID, Tabanan – Memperkuat sinergitas antar lembaga negara di bidang penegakan hukum dan dukungan institusional, Kejaksaan Negeri Tabanan menandatangani Perjanjian Kerja Sama (PKS) dengan Komando Distrik Militer 1619/Tabanan di Kantor Kejaksaan Negeri Tabanan, Jumat 27 Februari 2026.Penandatanganan kerja sama tersebut dilaksanakan sebagai tidak lanjut dari kerjasama yang telah dilaksanakan oleh Kejaksaan Negeri RI dengan TNI yang merupakan langkah strategis dalam memperkuat koordinasi dan kolaborasi kedua institusi dalam pelaksanaan penegakan hukum. Perjanjian Kerja Sama ini mencakup dukungan di bidang pengamanan, pengawalan kegiatan strategis, pertukaran informasi, serta peningkatan koordinasi dalam rangka mendukung stabilitas dan supremasi hukum di wilayah Kabupaten Tabanan.Kasdim 1619/Tabanan Mayor Kav I Nyoman Arya Jayantara menyampaikan kerja sama ini merupakan bentuk konkret komitmen TNI AD, khususnya Kodim 1619/Tabanan, dalam mendukung tugas-tugas penegakan hukum yang dilaksanakan oleh Kejaksaan.“Kerja sama ini bukan hanya sebatas penandatanganan dokumen, tetapi merupakan wujud nyata sinergitas antara TNI dan Kejaksaan dalam menjaga stabilitas keamanan serta mendukung proses penegakan hukum yang profesional, transparan, dan berkeadilan di wilayah Tabanan.","Kami siap memberikan dukungan sesuai tugas dan fungsi kami,” ujar Mayor Kav Arya Jayantara.Kasdim juga menambahkan kolaborasi lintas institusi menjadi kunci utama dalam menghadapi dinamika tantangan hukum dan keamanan yang semakin kompleks, sehingga diperlukan soliditas dan komunikasi yang berkesinambungan.Dengan ditandatanganinya Perjanjian Kerja Sama ini, diharapkan hubungan kelembagaan antara Kejaksaan Negeri Tabanan dan Kodim 1619/Tabanan semakin solid, harmonis, dan mampu memberikan kontribusi nyata agar tercipta situasi wilayah yang aman, tertib, kondusif serta masyarakat yang terlindungi oleh hukum. Berita
                                        
                                    
                                    Terbaru Lainnya
                                
                                
                            
                            
                                    
                                    
                                        Memuat berita terbaru......","Pada Hari Jumat , 27 Februari 2026 08:00, Tabanan, Tabanan, Bali

Kejaksaan Negeri Tabanan menandatangani Perjanjian Kerja Sama (PKS) dengan Komando Distrik Militer 1619/Tabanan di Kantor Kejaksaan Negeri Tabanan (Foto : Humas Kodim 1619 Tabanan)
                                                    
                                                                                            
                                                                                                            
                                
                                RRI.CO.ID, Tabanan – Memperkuat sinergitas antar lembaga negara di bidang penegakan hukum dan dukungan institusional, Kejaksaan Negeri Tabanan menandatangani Perjanjian Kerja Sama (PKS) dengan Komando Distrik Militer 1619/Tabanan di Kantor Kejaksaan Negeri Tabanan, Jumat 27 Februari 2026.Penandatanganan kerja sama tersebut dilaksanakan sebagai tidak lanjut dari kerjasama yang telah dilaksanakan oleh Kejaksaan Negeri RI dengan TNI yang merupakan langkah strategis dalam memperkuat koordinasi dan kolaborasi kedua institusi dalam pelaksanaan penegakan hukum. Perjanjian Kerja Sama ini mencakup dukungan di bidang pengamanan, pengawalan kegiatan strategis, pertukaran informasi, serta peningkatan koordinasi dalam rangka mendukung stabilitas dan supremasi hukum di wilayah Kabupaten Tabanan.Kasdim 1619/Tabanan Mayor Kav I Nyoman Arya Jayantara menyampaikan kerja sama ini merupakan bentuk konkret komitmen TNI AD, khususnya Kodim 1619/Tabanan, dalam mendukung tugas-tugas penegakan hukum yang dilaksanakan oleh Kejaksaan.“Kerja sama ini bukan hanya sebatas penandatanganan dokumen, tetapi merupakan wujud nyata sinergitas antara TNI dan Kejaksaan dalam menjaga stabilitas keamanan serta mendukung proses penegakan hukum yang profesional, transparan, dan berkeadilan di wilayah Tabanan. Kami siap memberikan dukungan sesuai tugas dan fungsi kami,” ujar Mayor Kav Arya Jayantara.Kasdim juga menambahkan kolaborasi lintas institusi menjadi kunci utama dalam menghadapi dinamika tantangan hukum dan keamanan yang semakin kompleks, sehingga diperlukan soliditas dan komunikasi yang berkesinambungan.Dengan ditandatanganinya Perjanjian Kerja Sama ini, diharapkan hubungan kelembagaan antara Kejaksaan Negeri Tabanan dan Kodim 1619/Tabanan semakin solid, harmonis, dan mampu memberikan kontribusi nyata agar tercipta situasi wilayah yang aman, tertib, kondusif serta masyarakat yang terlindungi oleh hukum. 


                                
                                
                                
                                
                                
                                            
                                        
                                                                    

                                


                                
                                                                    
                                    
                                
                                                                                                                                                                                
                            
                            
                                                                        
                                                                
                                    
                                        
                                            Berita
                                        
                                    
                                    Terbaru Lainnya
                                
                                
                            
                            
                                    
                                    
                                        Memuat berita terbaru.....",RRI.co.id,"Dajan Peken, 82114, Tabanan, Tabanan, Bali, Indonesia",-8.536609490935,115.13552944186335,5,"2, 7","kejaksaan, kejatibali, kejaritabanan, tabanan, news"
BPBD Tabanan Imbau Warga Waspada Angin Kencang,2025-01-31T08:00:00.000Z,"Kabupaten Tabanan, Bali, Indonesia",BPBD Tabanan Imbau Warga Waspada Angin Kencang - RRI.co.id,"Regional
                                                
                                            
                                                                            
                                    
                                    
                                        
                                            31 Jan 2025 15:00
                                            WIB
                                        
                                        
                                             Denpasar
                                        
                                    
                                    
                                                                                                                                
                                                                                
                                        
                                            
                                                Editor -
                                                Ni Nyoman Kasih
                                            
                                        
                                    
                                

                                                                                                                                    

                                

                                                                                                            
                                        
                                                                                    
                                                
                                                    
                                                

                                                                                                    
                                                        BPBD Tabanan Imbau Warga Waspada, Angin Kencang Diprediksi Melanda Bali (foto: Freepik)
                                                    
                                                                                            
                                                                                                            
                                
                                KBRN Denpasar: Angin kencang diperkirakan akan melanda sejumlah wilayah di Bali dalam beberapa hari terakhir. Badan Penanggulangan Bencana Daerah (BPBD) Tabanan mengimbau masyarakat untuk meningkatkan kewaspadaan guna mengurangi risiko akibat cuaca ekstrem ini.","Kepala Pelaksana BPBD Tabanan, I Nyoman Sridana Giri, kepada RRI di Denpasar menegaskan pentingnya langkah antisipasi, terutama bagi masyarakat yang beraktivitas di luar ruangan. ""Kita tidak bisa memprediksi kapan angin kencang datang.","Pada Hari Jumat , 31 Januari 2025 08:00, Tabanan, Tabanan, Bali

Regional
                                                
                                            
                                                                            
                                    
                                    
                                        
                                            31 Jan 2025 15:00
                                            WIB
                                        
                                        
                                             Denpasar
                                        
                                    
                                    
                                                                                                                                
                                                                                
                                        
                                            
                                                Editor -
                                                Ni Nyoman Kasih
                                            
                                        
                                    
                                

                                                                                                                                    

                                

                                                                                                            
                                        
                                                                                    
                                                
                                                    
                                                

                                                                                                    
                                                        BPBD Tabanan Imbau Warga Waspada, Angin Kencang Diprediksi Melanda Bali (foto: Freepik)
                                                    
                                                                                            
                                                                                                            
                                
                                KBRN Denpasar: Angin kencang diperkirakan akan melanda sejumlah wilayah di Bali dalam beberapa hari terakhir. Badan Penanggulangan Bencana Daerah (BPBD) Tabanan mengimbau masyarakat untuk meningkatkan kewaspadaan guna mengurangi risiko akibat cuaca ekstrem ini. Kepala Pelaksana BPBD Tabanan, I Nyoman Sridana Giri, kepada RRI di Denpasar menegaskan pentingnya langkah antisipasi, terutama bagi masyarakat yang beraktivitas di luar ruangan. ""Kita tidak bisa memprediksi kapan angin kencang datang. Oleh karena itu, kami mengimbau masyarakat untuk menghindari pohon besar ketika angin mulai bertiup kencang. Selain itu, sebaiknya menunda kegiatan di kebun atau ladang jika kondisi cuaca tidak memungkinkan,"" ujarnya. Ia mencontohkan angin puting beliung di Desa Senganan sebagai ancaman yang bisa terjadi secara tiba-tiba. Oleh karena itu, masyarakat yang berada di ladang atau tengah menggembalakan ternak diminta segera kembali ke rumah saat angin mulai bertiup kencang. Tak hanya bagi warga di darat, BPBD juga mengingatkan para nelayan agar tidak memaksakan diri melaut saat gelombang tinggi. ""Kami sudah menyampaikan kepada nelayan agar lebih berhati-hati dan tidak memaksakan diri melaut jika kondisi gelombang sudah mulai tinggi. Begitu juga dengan para pengelola usaha di kawasan pantai, seperti di Keletcung, kami imbau untuk lebih waspada dan mengingatkan pengunjung agar tidak berenang saat ombak sedang besar,"" tambahnya. BPBD Tabanan juga menyoroti keterbatasan tim penyelamatan yang saat ini baru tersedia di kawasan Tanah Lot. Oleh karena itu, kesadaran dan kewaspadaan masyarakat menjadi faktor utama dalam mengurangi risiko akibat angin kencang dan gelombang tinggi. Masyarakat diimbau untuk terus memantau informasi cuaca dari sumber resmi dan segera melaporkan jika terjadi situasi darurat akibat cuaca ekstrem. 


                                
                                
                                
                                
                                
                                            
                                        
                                                                    

                                


                                
                                
                                                                                                                                                                                
                            
                            
                                                                        
                                                                
                                    
                                        
                                            Berita
                                        
                                    
                                    Terbaru Lainnya
                                
                                
                            
                            
                                    
                                    
                                        Memuat berita terbaru.....",RRI.co.id,"Dajan Peken, 82114, Tabanan, Tabanan, Bali, Indonesia",-8.536609490935,115.13552944186335,5,"2, 7","kejaksaan, kejatibali, kejaritabanan, tabanan, news"
Kasus Pungli BPN Kota Serang Pengacara Deni Marzuki Sebut Dakwan Jaksa Kabur,2026-10-06T11:55:00.000Z,"Kabupaten Tabanan, Bali, Indonesia","Kasus Pungli BPN Kota Serang, Pengacara Deni Marzuki Sebut Dakwan Jaksa Kabur - Kompas.com","SERANG, KOMPAS.com - Mantan Kepala Seksi Pendaftaran Hak dan Pendaftaran (PHP) Kantor Pertanahan Kota Serang, Deni Marzuki telah mengajukan nota keberatan atau eksepsi di Pengadilan Tipikor Serang.
Pengajuan dilakukan atas dakwaan jaksa penuntut umum (JPU) Kejari Serang pada kasus dugaan korupsi pungutan liar (pungli) pelayanan dokumen pertanahan di Kantor Pertanahan (ATR/BPN) Kota Serang.
Tim kuasa hukum Deni, Muhammad Rizky Eka Pratama menilai dakwaan jaksa tidak jelas atau kabur (obscuur libel) baik penerapan pasal, kontruksi perbuatan berlanjut tidak diuraikan.""Unsur inti memaksa seseorang dalam pasal 12 huruf E UU Tipikor (pada dakwaan) tidak diuraikan, sehingga dakwaan kabur,"" kata Rizki dikutip dari salinan nota keberatan yang diterima Kompas.com, Selasa (6/10/2026).
Baca juga: 6 Terdakwa Kasus Pungli BPN Kota Serang Ajukan Eksepsi, Dakwaan Jaksa Dinilai Kabur
Selain itu, kata Rizky, kaburnya dakwaan juga terlihat dari tidak diuraikannya bentuk penyertaan turut serta melakukan kliennya pada Pasal 20 Huruf C KUHP.




Rizky menilai, konstruksi perbuatan berlanjut pada pasal 126 ayat (1) KUHP juga tidak diuraikan dalam dakwaan jaksa.
Kemudian, surat dakwaan tidak menguraikan locus delicti secara jelas,  dokumen penyidikan menunjuk seksi survei dan pemetaan, sedangkan terdakwa adalah kepala seksi penetapan hak dan pendaftaran.
""Surat dakwaan tidak menguraikan hubungan antara bukti permulaan hasil penggeledahan kantor pertanahan Kota Serang dengan diri Terdakwa,"" ujar Rizky.Baca juga: Kejagung Tarik 3 Eks Kajari di Sumut yang Terseret Kasus Dugaan Pungli hingga Pemerasan
Rizky mengurai, pada tanggal 3 Maret 2026 dilakukan penggeledahan di Kantor Pertanahan Kota Serang dengan temuan uang tunai Rp 35 juta di ruang Kepala Kantor Taufik Rohkman;
Kemudian Rp 40 juta di ruang Kepala Seksi Survei dan Pemetaan, Federico Aditya Pasha; dan Rp158 juta di ruang Kepala Seksi Pengendalian dan Penanganan Sengketa, Fathurahman.
Sebaliknya, pada ruang Deni Marzuki tidak ditemukan uang tunai ataupun barang yang menunjukkan adanya penerimaan atau penghimpunan uang oleh Terdakwa.
""Bahwa penggeledahan tersebut merupakan peristiwa penting yang menjadi bagian dari bukti permulaan dalam penyidikan,"" ujar dia.
Baca juga: KPK Siap Jemput Bola Ungkap Pungli dan Fasilitas Mewah Lapas Cibinong 
Namun, dalam dakwaan mendalilkan Terdakwa memerintahkan penghimpunan uang antara lain untuk kebutuhan pribadinya sama sekali tidak mengurai siapa pemilik atau penguasa uang tunai tersebut.
Lalu bagaimana keterkaitan uang tersebut dengan Terdakwa dan saksi-saksi lain, serta mengapa peristiwa yang menjadi bukti permulaan utama penyidikan justru tidak digambarkan dalam konstruksi dakwaan.




  

Tanpa uraian mengenai hubungan tersebut, lanjut Rizky, terjadi lompatan dari fakta ditemukannya uang di lokasi tertentu kepada pertanggungjawaban individual Terdakwa..",,"Pada Hari Selasa , 6 Oktober 2026 11:55, Tabanan, Tabanan, Bali

SERANG, KOMPAS.com - Mantan Kepala Seksi Pendaftaran Hak dan Pendaftaran (PHP) Kantor Pertanahan Kota Serang, Deni Marzuki telah mengajukan nota keberatan atau eksepsi di Pengadilan Tipikor Serang.
Pengajuan dilakukan atas dakwaan jaksa penuntut umum (JPU) Kejari Serang pada kasus dugaan korupsi pungutan liar (pungli) pelayanan dokumen pertanahan di Kantor Pertanahan (ATR/BPN) Kota Serang.
Tim kuasa hukum Deni, Muhammad Rizky Eka Pratama menilai dakwaan jaksa tidak jelas atau kabur (obscuur libel) baik penerapan pasal, kontruksi perbuatan berlanjut tidak diuraikan.""Unsur inti memaksa seseorang dalam pasal 12 huruf E UU Tipikor (pada dakwaan) tidak diuraikan, sehingga dakwaan kabur,"" kata Rizki dikutip dari salinan nota keberatan yang diterima Kompas.com, Selasa (6/10/2026).
Baca juga: 6 Terdakwa Kasus Pungli BPN Kota Serang Ajukan Eksepsi, Dakwaan Jaksa Dinilai Kabur
Selain itu, kata Rizky, kaburnya dakwaan juga terlihat dari tidak diuraikannya bentuk penyertaan turut serta melakukan kliennya pada Pasal 20 Huruf C KUHP.




Rizky menilai, konstruksi perbuatan berlanjut pada pasal 126 ayat (1) KUHP juga tidak diuraikan dalam dakwaan jaksa.
Kemudian, surat dakwaan tidak menguraikan locus delicti secara jelas,  dokumen penyidikan menunjuk seksi survei dan pemetaan, sedangkan terdakwa adalah kepala seksi penetapan hak dan pendaftaran.
""Surat dakwaan tidak menguraikan hubungan antara bukti permulaan hasil penggeledahan kantor pertanahan Kota Serang dengan diri Terdakwa,"" ujar Rizky.Baca juga: Kejagung Tarik 3 Eks Kajari di Sumut yang Terseret Kasus Dugaan Pungli hingga Pemerasan
Rizky mengurai, pada tanggal 3 Maret 2026 dilakukan penggeledahan di Kantor Pertanahan Kota Serang dengan temuan uang tunai Rp 35 juta di ruang Kepala Kantor Taufik Rohkman;
Kemudian Rp 40 juta di ruang Kepala Seksi Survei dan Pemetaan, Federico Aditya Pasha; dan Rp158 juta di ruang Kepala Seksi Pengendalian dan Penanganan Sengketa, Fathurahman.
Sebaliknya, pada ruang Deni Marzuki tidak ditemukan uang tunai ataupun barang yang menunjukkan adanya penerimaan atau penghimpunan uang oleh Terdakwa.
""Bahwa penggeledahan tersebut merupakan peristiwa penting yang menjadi bagian dari bukti permulaan dalam penyidikan,"" ujar dia.
Baca juga: KPK Siap Jemput Bola Ungkap Pungli dan Fasilitas Mewah Lapas Cibinong 
Namun, dalam dakwaan mendalilkan Terdakwa memerintahkan penghimpunan uang antara lain untuk kebutuhan pribadinya sama sekali tidak mengurai siapa pemilik atau penguasa uang tunai tersebut.
Lalu bagaimana keterkaitan uang tersebut dengan Terdakwa dan saksi-saksi lain, serta mengapa peristiwa yang menjadi bukti permulaan utama penyidikan justru tidak digambarkan dalam konstruksi dakwaan.




  

Tanpa uraian mengenai hubungan tersebut, lanjut Rizky, terjadi lompatan dari fakta ditemukannya uang di lokasi tertentu kepada pertanggungjawaban individual Terdakwa.",Kompas.com,"Dajan Peken, 82114, Tabanan, Tabanan, Bali, Indonesia",-8.536609490935,115.13552944186335,5,"2, 7","kejaksaan, kejatibali, kejaritabanan, tabanan, news"
Karhutla di Kalimantan Ganggu 180 Penerbangan Terbanyak di Kalteng,2026-10-06T12:27:00.000Z,"Kabupaten Tabanan, Bali, Indonesia","Karhutla di Kalimantan Ganggu 180 Penerbangan, Terbanyak di Kalteng - Kompas.com","BALIKPAPAN, KOMPAS.com– Sebanyak 180 penerbangan di sejumlah bandar udara di Kalimantan terdampak kebakaran hutan dan lahan (karhutla) selama periode 28 September–4 Oktober 2026.
Dari jumlah tersebut, sebanyak 63 penerbangan mengalami keterlambatan (delayed), sedangkan 117 penerbangan mengalami pembatalan atau penundaan (cancelled/postponed).
Kendati demikian, tidak ada penerbangan yang mengalami pengalihan (diverted) selama periode tersebut.Baca juga: Kebakaran Tenggarong Hanguskan Lebih dari 50 Rumah, Damkar Terkendala Akses dan Air
Kepala Otoritas Bandar Udara Wilayah VII Ferdinan Nurdin mengatakan, jumlah penerbangan terdampak tersebut berkurang dibandingkan periode sebelumnya.
""Jumlah tersebut menurun sebanyak 124 penerbangan atau sekitar 40,8 persen dibandingkan periode 21–27 September 2026 yang mencatat 304 penerbangan terdampak,"" ujar Ferdinan kepada Kompas.com, Selasa (6/10/2026).




Secara kategori, jumlah penerbangan delayed tercatat tetap sebanyak 63 penerbangan. Sementara itu, penerbangan cancelled/postponed berkurang dari 240 menjadi 117 penerbangan atau sekitar 51,3 persen.
Adapun penerbangan diverted berkurang dari satu penerbangan menjadi nihil.
Baca juga: Asap Karhutla Bikin Kualitas Udara Palu seperti Jakarta, Masuk Kategori Tidak Sehat 
Kalimantan Tengah masih tertinggi
Secara kewilayahan, Kalimantan Tengah masih mencatat jumlah penerbangan terdampak terbanyak, yakni 125 penerbangan.Jumlah tersebut terdiri atas 38 penerbangan delayed dan 87 penerbangan cancelled/postponed.","Angka itu berkurang dari 225 penerbangan pada periode sebelumnya menjadi 125 penerbangan atau sekitar 44,4 persen.
Kalimantan Tengah menyumbang sekitar 69,4 persen dari total penerbangan terdampak pada periode 28 September–4 Oktober 2026.
Baca juga: Saat Asap Kembali Selimuti Pontianak...
Sementara itu, di Kalimantan Timur terdapat 47 penerbangan terdampak, terdiri atas 19 delayed dan 28 cancelled/postponed.
""Angka tersebut meningkat dibandingkan periode sebelumnya yang mencatat 41 penerbangan terdampak, atau naik sekitar 14,6 persen,"" kata Ferdinan.
Di Kalimantan Utara, jumlah penerbangan terdampak berkurang dari 38 menjadi delapan penerbangan atau sekitar 78,9 persen.
Dari delapan penerbangan tersebut, enam mengalami delayed dan dua lainnya cancelled/postponed.
Baca juga: Kisah Shiddiq, Pemuda Pontianak yang Bikin Nozzle untuk Padamkan Api di Lahan Gambut




  

Jarak pandang terendah 100 meter
Selain jumlah penerbangan terdampak, kondisi jarak pandang juga menjadi perhatian Otoritas Bandar Udara dalam pelaksanaan operasional penerbangan..","Pada Hari Selasa , 6 Oktober 2026 12:27, Tabanan, Tabanan, Bali

BALIKPAPAN, KOMPAS.com– Sebanyak 180 penerbangan di sejumlah bandar udara di Kalimantan terdampak kebakaran hutan dan lahan (karhutla) selama periode 28 September–4 Oktober 2026.
Dari jumlah tersebut, sebanyak 63 penerbangan mengalami keterlambatan (delayed), sedangkan 117 penerbangan mengalami pembatalan atau penundaan (cancelled/postponed).
Kendati demikian, tidak ada penerbangan yang mengalami pengalihan (diverted) selama periode tersebut.Baca juga: Kebakaran Tenggarong Hanguskan Lebih dari 50 Rumah, Damkar Terkendala Akses dan Air
Kepala Otoritas Bandar Udara Wilayah VII Ferdinan Nurdin mengatakan, jumlah penerbangan terdampak tersebut berkurang dibandingkan periode sebelumnya.
""Jumlah tersebut menurun sebanyak 124 penerbangan atau sekitar 40,8 persen dibandingkan periode 21–27 September 2026 yang mencatat 304 penerbangan terdampak,"" ujar Ferdinan kepada Kompas.com, Selasa (6/10/2026).




Secara kategori, jumlah penerbangan delayed tercatat tetap sebanyak 63 penerbangan. Sementara itu, penerbangan cancelled/postponed berkurang dari 240 menjadi 117 penerbangan atau sekitar 51,3 persen.
Adapun penerbangan diverted berkurang dari satu penerbangan menjadi nihil.
Baca juga: Asap Karhutla Bikin Kualitas Udara Palu seperti Jakarta, Masuk Kategori Tidak Sehat 
Kalimantan Tengah masih tertinggi
Secara kewilayahan, Kalimantan Tengah masih mencatat jumlah penerbangan terdampak terbanyak, yakni 125 penerbangan.Jumlah tersebut terdiri atas 38 penerbangan delayed dan 87 penerbangan cancelled/postponed. Angka itu berkurang dari 225 penerbangan pada periode sebelumnya menjadi 125 penerbangan atau sekitar 44,4 persen.
Kalimantan Tengah menyumbang sekitar 69,4 persen dari total penerbangan terdampak pada periode 28 September–4 Oktober 2026.
Baca juga: Saat Asap Kembali Selimuti Pontianak...
Sementara itu, di Kalimantan Timur terdapat 47 penerbangan terdampak, terdiri atas 19 delayed dan 28 cancelled/postponed.
""Angka tersebut meningkat dibandingkan periode sebelumnya yang mencatat 41 penerbangan terdampak, atau naik sekitar 14,6 persen,"" kata Ferdinan.
Di Kalimantan Utara, jumlah penerbangan terdampak berkurang dari 38 menjadi delapan penerbangan atau sekitar 78,9 persen.
Dari delapan penerbangan tersebut, enam mengalami delayed dan dua lainnya cancelled/postponed.
Baca juga: Kisah Shiddiq, Pemuda Pontianak yang Bikin Nozzle untuk Padamkan Api di Lahan Gambut




  

Jarak pandang terendah 100 meter
Selain jumlah penerbangan terdampak, kondisi jarak pandang juga menjadi perhatian Otoritas Bandar Udara dalam pelaksanaan operasional penerbangan.",Kompas.com,"Dajan Peken, 82114, Tabanan, Tabanan, Bali, Indonesia",-8.536609490935,115.13552944186335,5,"2, 7","kejaksaan, kejatibali, kejaritabanan, tabanan, news"
Banjir Bandang Solok Dipicu Bendungan Alami Badan Geologi Dorong EWS dan Sabo Dam Segera Dibangun,2026-10-06T09:20:00.000Z,"Kabupaten Tabanan, Bali, Indonesia","Banjir Bandang Solok Dipicu Bendungan Alami, Badan Geologi Dorong EWS dan Sabo Dam Segera Dibangun - Kompas.com","SOLOK, KOMPAS.com - Badan Geologi Kementerian Energi dan Sumber Daya Mineral (ESDM) meminta pembangunan sistem peringatan dini terpadu atau early warning system (EWS) serta pengerjaan bangunan pengendali sedimen (sabo dam) diprioritaskan di Kabupaten Solok, Sumatera Barat.
Kepala Badan Geologi Lana Saria mengatakan pembangunan sistem peringatan dini perlu dilakukan secara terpadu, terutama di sepanjang daerah aliran sungai (DAS) yang berada di lereng barat Gunung Talang dan melintasi Kawasan Arosuka.""Sistem peringatan dini yang dibangun harus terhubung dengan pemantauan curah hujan di hulu, perubahan debit air, serta potensi pembentukan sumbatan alur sungai secara real-time,"" kata dia, Senin (5/10/2026) dikutip dari Antara.
Baca juga: Belasan Anak Penyintas Bencana Solok Keracunan setelah Konsumsi Makanan di Kegiatan Trauma Healing
Menurut Lana, EWS tidak cukup hanya berupa alat pendeteksi hujan atau kenaikan debit air. Sistem tersebut harus mampu memberikan informasi secara cepat mengenai perubahan kondisi di wilayah hulu sehingga masyarakat dan pemerintah memiliki waktu untuk mengambil langkah penyelamatan.
Mengapa EWS menjadi kebutuhan mendesak di Solok?
Peristiwa banjir bandang di Kawasan Arosuka menunjukkan bahwa perubahan kondisi di wilayah hulu dapat dengan cepat menimbulkan dampak hingga kawasan yang berada jauh di bawahnya.




Hasil evaluasi Tim Penyelidik Badan Geologi menyebut banjir bandang tersebut dipicu kombinasi hujan lebat dan penyumbatan material longsoran di wilayah hulu lereng barat Gunung Talang.
Baca juga: Badan Geologi Rekomendasikan Relokasi Kantor Pemkab Solok karena Risiko Banjir Bandang Berulang
Pergerakan tanah di wilayah hulu terjadi setelah hujan dengan intensitas tinggi mengguyur kawasan tersebut sejak dua hari sebelumnya.","Material longsoran kemudian masuk ke alur sungai.
Material itu terdiri atas tanah, batuan vulkanik, hingga bongkah andesit berukuran sekitar 2 sampai 3 meter. Material tersebut kemudian terakumulasi di lokasi pertemuan dua lembah utama.Akumulasi material longsoran diduga kuat membentuk bendungan alami atau natural dam.","Pada Hari Selasa , 6 Oktober 2026 09:20, Tabanan, Tabanan, Bali

SOLOK, KOMPAS.com - Badan Geologi Kementerian Energi dan Sumber Daya Mineral (ESDM) meminta pembangunan sistem peringatan dini terpadu atau early warning system (EWS) serta pengerjaan bangunan pengendali sedimen (sabo dam) diprioritaskan di Kabupaten Solok, Sumatera Barat.
Kepala Badan Geologi Lana Saria mengatakan pembangunan sistem peringatan dini perlu dilakukan secara terpadu, terutama di sepanjang daerah aliran sungai (DAS) yang berada di lereng barat Gunung Talang dan melintasi Kawasan Arosuka.""Sistem peringatan dini yang dibangun harus terhubung dengan pemantauan curah hujan di hulu, perubahan debit air, serta potensi pembentukan sumbatan alur sungai secara real-time,"" kata dia, Senin (5/10/2026) dikutip dari Antara.
Baca juga: Belasan Anak Penyintas Bencana Solok Keracunan setelah Konsumsi Makanan di Kegiatan Trauma Healing
Menurut Lana, EWS tidak cukup hanya berupa alat pendeteksi hujan atau kenaikan debit air. Sistem tersebut harus mampu memberikan informasi secara cepat mengenai perubahan kondisi di wilayah hulu sehingga masyarakat dan pemerintah memiliki waktu untuk mengambil langkah penyelamatan.
Mengapa EWS menjadi kebutuhan mendesak di Solok?
Peristiwa banjir bandang di Kawasan Arosuka menunjukkan bahwa perubahan kondisi di wilayah hulu dapat dengan cepat menimbulkan dampak hingga kawasan yang berada jauh di bawahnya.




Hasil evaluasi Tim Penyelidik Badan Geologi menyebut banjir bandang tersebut dipicu kombinasi hujan lebat dan penyumbatan material longsoran di wilayah hulu lereng barat Gunung Talang.
Baca juga: Badan Geologi Rekomendasikan Relokasi Kantor Pemkab Solok karena Risiko Banjir Bandang Berulang
Pergerakan tanah di wilayah hulu terjadi setelah hujan dengan intensitas tinggi mengguyur kawasan tersebut sejak dua hari sebelumnya. Material longsoran kemudian masuk ke alur sungai.
Material itu terdiri atas tanah, batuan vulkanik, hingga bongkah andesit berukuran sekitar 2 sampai 3 meter. Material tersebut kemudian terakumulasi di lokasi pertemuan dua lembah utama.Akumulasi material longsoran diduga kuat membentuk bendungan alami atau natural dam. Bendungan tersebut sempat menahan aliran air di bagian hulu sehingga terbentuk genangan dengan volume besar.
Baca juga: Pembersihan Material Belum Tuntas, Masa Tanggap Darurat Bencana Solok Diperpanjang
Situasi kemudian berubah ketika bendungan alami tersebut runtuh.
""Keruntuhan bendungan alami tersebut kemudian melepaskan air dan material rombakan secara mendadak dengan kecepatan dan energi tinggi menuruni lembah menuju kawasan pemukiman serta kompleks perkantoran Arosuka,"" kata Lana.
Mengapa pembangunan sabo dam juga diprioritaskan?
Selain EWS, Badan Geologi merekomendasikan intervensi teknis berupa pembangunan sabo dam di bagian hulu.
Sabo dam merupakan bangunan pengendali sedimen yang berfungsi menahan atau mengendalikan pergerakan material seperti tanah, batu, dan endapan yang terbawa aliran.
Baca juga: Pemulihan Pascabanjir Bandang Belum Tuntas, Solok Perpanjang Tanggap Darurat hingga 12 Oktober
Dalam konteks Solok, bangunan tersebut diharapkan dapat mengurangi laju material rombakan sekaligus menekan energi hantaman aliran ketika terjadi banjir material.




  

Namun, pembangunan sabo dam tidak dapat dilakukan tanpa kajian terlebih dahulu. Badan Geologi menekankan perlunya kajian mendalam mengenai kondisi hidrologi, sedimentologi, dan geoteknik.",Kompas.com,"Dajan Peken, 82114, Tabanan, Tabanan, Bali, Indonesia",-8.536609490935,115.13552944186335,5,"2, 7","kejaksaan, kejatibali, kejaritabanan, tabanan, news"
Cemari Lingkungan dengan Radioaktif di Cikande PT PMT Dituntut Denda Rp 3 Miliar dan Pemulihan Lingkungan,2026-10-06T03:09:00.000Z,"Kabupaten Tabanan, Bali, Indonesia","Cemari Lingkungan dengan Radioaktif di Cikande, PT PMT Dituntut Denda Rp 3 Miliar dan Pemulihan Lingkungan - Kompas.com","SERANG, KOMPAS.com - PT Peter Metal Tekhnologi (PMT) dituntut membayar denda Rp 3 miliar dan wajib memulihkan lingkungan yang rusak akibat tercemar radioaktif Cesium-137 (Cs-137) di Kawasan Industri Modern Cikande, Kabupaten Serang, Banten.
Jaksa Penuntut Umum Kejaksaan Tinggi Banten menilai perusahaan peleburan logam yang diwakili Direktur PT PMT Lin Jinzhang itu terbukti secara sah dan meyakinkan melakukan tindak pidana lingkungan hidup.Perbuatan tersebut dinilai melanggar Pasal 98 Ayat (1) Undang-Undang RI Nomor 32 Tahun 2009 tentang Perlindungan dan Pengelolaan Lingkungan Hidup.
""PT Peter Metal Tekhnologi yang diwakili Lin Jinzhang berupa pidana denda sejumlah Rp 3.000.000.000,00,"" kata Jaksa Penuntut Umum Kejati Banten Fitriah saat membacakan tuntutan di Pengadilan Negeri Serang, Senin (5/10/2026) petang.
Baca juga: Kasus Radioaktif Cs-137 Cikande Banten, Direktur PT PMT Dituntut 5 Tahun Penjara dan Denda Rp 1 Miliar
Denda Wajib Dibayar Maksimal Dua Bulan
Fitriah mengatakan, PT PMT diperintahkan membayar denda tersebut dalam jangka waktu satu bulan setelah putusan pengadilan berkekuatan hukum tetap. Jangka waktu tersebut dapat diperpanjang satu bulan.




Jika denda tidak dibayarkan dalam waktu yang ditentukan, harta benda, kekayaan, atau pendapatan PT PMT dapat disita jaksa dan dilelang untuk melunasi pidana tersebut.
""Menetapkan apabila denda tersebut tidak dibayar dalam jangka waktu yang ditentukan, maka harta benda/kekayaan/pendapatan terdakwa PT.","Peter Metal Tekhnologi dapat disita oleh jaksa dan di lelang untuk melunasi pidana tersebut,"" ujar jaksa.
Apabila kekayaan atau pendapatan PT PMT tidak mencukupi untuk membayar denda, jaksa menuntut pidana pengganti berupa pembekuan seluruh kegiatan usaha selama dua tahun.Wajib Pulihkan Lingkungan Rp 4,38 Miliar
Selain denda, jaksa juga menuntut PT PMT menjalankan pidana tambahan berupa perbaikan akibat pencemaran radioaktif Cs-137 melalui pemulihan lingkungan dan bioremediasi senilai Rp 4.385.386.920.
PT PMT diperintahkan membayar pidana tambahan tersebut dalam waktu satu bulan dan dapat diperpanjang satu bulan setelah putusan pengadilan berkekuatan hukum tetap.
Baca juga: Temuan Potasium-40 di Sawah Cikande, KBR Brimob Polda Banten Ambil Sampel Uji Dugaan Limbah B3
Jika pidana tambahan itu tidak dibayarkan, harta benda, kekayaan, atau pendapatan PT PMT dapat disita dan dilelang untuk melunasinya.
""Apabila kekayaan atau pendapatan Terdakwa PT. PMT tidak mencukupi untuk melunasi pidana tambahan, maka diganti dengan pidana pengganti berupa pembubaran korporasi,"" sebut jaksa.
Tanah Rusak dan Logam Berat Melonjak
Dalam tuntutannya, jaksa mengungkap adanya kerusakan tanah yang sangat signifikan akibat pembuangan limbah radioaktif berdasarkan hasil uji laboratorium PT Biodiversitas Bioteknologi Indonesia (ICBB).
Kerusakan antara lain ditemukan pada parameter kadar klei atau liat yang berada di bawah ambang kritis 18 persen.","Pada Hari Selasa , 6 Oktober 2026 03:09, Tabanan, Tabanan, Bali

SERANG, KOMPAS.com - PT Peter Metal Tekhnologi (PMT) dituntut membayar denda Rp 3 miliar dan wajib memulihkan lingkungan yang rusak akibat tercemar radioaktif Cesium-137 (Cs-137) di Kawasan Industri Modern Cikande, Kabupaten Serang, Banten.
Jaksa Penuntut Umum Kejaksaan Tinggi Banten menilai perusahaan peleburan logam yang diwakili Direktur PT PMT Lin Jinzhang itu terbukti secara sah dan meyakinkan melakukan tindak pidana lingkungan hidup.Perbuatan tersebut dinilai melanggar Pasal 98 Ayat (1) Undang-Undang RI Nomor 32 Tahun 2009 tentang Perlindungan dan Pengelolaan Lingkungan Hidup.
""PT Peter Metal Tekhnologi yang diwakili Lin Jinzhang berupa pidana denda sejumlah Rp 3.000.000.000,00,"" kata Jaksa Penuntut Umum Kejati Banten Fitriah saat membacakan tuntutan di Pengadilan Negeri Serang, Senin (5/10/2026) petang.
Baca juga: Kasus Radioaktif Cs-137 Cikande Banten, Direktur PT PMT Dituntut 5 Tahun Penjara dan Denda Rp 1 Miliar
Denda Wajib Dibayar Maksimal Dua Bulan
Fitriah mengatakan, PT PMT diperintahkan membayar denda tersebut dalam jangka waktu satu bulan setelah putusan pengadilan berkekuatan hukum tetap. Jangka waktu tersebut dapat diperpanjang satu bulan.




Jika denda tidak dibayarkan dalam waktu yang ditentukan, harta benda, kekayaan, atau pendapatan PT PMT dapat disita jaksa dan dilelang untuk melunasi pidana tersebut.
""Menetapkan apabila denda tersebut tidak dibayar dalam jangka waktu yang ditentukan, maka harta benda/kekayaan/pendapatan terdakwa PT. Peter Metal Tekhnologi dapat disita oleh jaksa dan di lelang untuk melunasi pidana tersebut,"" ujar jaksa.
Apabila kekayaan atau pendapatan PT PMT tidak mencukupi untuk membayar denda, jaksa menuntut pidana pengganti berupa pembekuan seluruh kegiatan usaha selama dua tahun.Wajib Pulihkan Lingkungan Rp 4,38 Miliar
Selain denda, jaksa juga menuntut PT PMT menjalankan pidana tambahan berupa perbaikan akibat pencemaran radioaktif Cs-137 melalui pemulihan lingkungan dan bioremediasi senilai Rp 4.385.386.920.
PT PMT diperintahkan membayar pidana tambahan tersebut dalam waktu satu bulan dan dapat diperpanjang satu bulan setelah putusan pengadilan berkekuatan hukum tetap.
Baca juga: Temuan Potasium-40 di Sawah Cikande, KBR Brimob Polda Banten Ambil Sampel Uji Dugaan Limbah B3
Jika pidana tambahan itu tidak dibayarkan, harta benda, kekayaan, atau pendapatan PT PMT dapat disita dan dilelang untuk melunasinya.
""Apabila kekayaan atau pendapatan Terdakwa PT. PMT tidak mencukupi untuk melunasi pidana tambahan, maka diganti dengan pidana pengganti berupa pembubaran korporasi,"" sebut jaksa.
Tanah Rusak dan Logam Berat Melonjak
Dalam tuntutannya, jaksa mengungkap adanya kerusakan tanah yang sangat signifikan akibat pembuangan limbah radioaktif berdasarkan hasil uji laboratorium PT Biodiversitas Bioteknologi Indonesia (ICBB).
Kerusakan antara lain ditemukan pada parameter kadar klei atau liat yang berada di bawah ambang kritis 18 persen. Sementara kadar pasir melonjak hingga 89,20 persen, melebihi ambang kritis 80 persen.




  

Kondisi tersebut disebut memicu ketidakstabilan tanah berdasarkan Peraturan Pemerintah Nomor 150 Tahun 2000.",Kompas.com,"Dajan Peken, 82114, Tabanan, Tabanan, Bali, Indonesia",-8.536609490935,115.13552944186335,5,"2, 7","kejaksaan, kejatibali, kejaritabanan, tabanan, news"
Kasus Influenza di Lampung Naik Hampir 3 Kali Lipat 669 Kasus hingga Oktober Ada yang Meninggal,2026-10-06T09:20:00.000Z,"Kabupaten Tabanan, Bali, Indonesia","Kasus Influenza di Lampung Naik Hampir 3 Kali Lipat, 669 Kasus hingga Oktober, Ada yang Meninggal - Kompas.com","LAMPUNG, KOMPAS.com - Kasus influenza yang terpantau di Provinsi Lampung melonjak sepanjang 2026.
Dinas Kesehatan (Dinkes) Provinsi Lampung mencatat 669 kasus influenza sejak 1 Januari hingga 3 Oktober 2026.Angka tersebut hampir tiga kali lipat dibandingkan periode yang sama pada 2025 yang hanya mencatat 223 kasus.
Kepala Dinkes Provinsi Lampung, dr Djohan Lius, mengatakan angka tersebut merupakan kasus yang memenuhi definisi operasional influenza-like illness (ILI) dan severe acute respiratory infection (SARI) berdasarkan pemantauan dua site sentinel.
""Update data 1 Januari sampai 3 Oktober 2026, kasus influenza sebanyak 669 kasus yang masuk dalam definisi operasional dari ILI dan SARI,"" kata Djohan, Selasa (6/10/2026).
Baca juga: Kasus Influenza A di Medan Naik pada September, Dinas Kesehatan Keluarkan Surat Kesiapsiagaan




Kasus Terbanyak Terdeteksi di Bandar Lampung
Djohan menjelaskan, data tersebut perlu dibaca sesuai cakupan lokasi pemantauan.
Saat ini, Lampung memiliki satu site sentinel ILI di Puskesmas Sumur Batu, Bandar Lampung, serta satu site sentinel SARI di RSUD Dr H Abdul Moeloek.
Puskesmas Sumur Batu menjadi lokasi pemantauan ILI yang mewakili wilayah Bandar Lampung.Sementara itu, RSUD Dr H Abdul Moeloek sebagai site sentinel SARI menerima pasien dengan infeksi saluran pernapasan berat dari berbagai wilayah kabupaten/kota.
""Karena itu, kasus yang terdeteksi paling banyak tercatat di Bandar Lampung, terutama karena wilayah tersebut menjadi lokasi site sentinel ILI,"" ujar Djohan.
Dari hasil pemantauan tersebut, Dinkes Lampung juga menemukan subtipe influenza A (H1N1) pdm09.
Djohan mengatakan, influenza A merupakan salah satu virus penyebab infeksi saluran pernapasan yang dapat menimbulkan gejala dengan tingkat keparahan berbeda, mulai dari ringan hingga berat.
""Selain A(H1N1)pdm09, subtipe influenza yang umum ditemukan secara global antara lain A(H3N2) dan influenza tipe B. Dalam beberapa bulan terakhir, aktivitas influenza musiman secara global dilaporkan meningkat dan didominasi oleh virus influenza A,"" ucapnya.
Baca juga: Influenza A Bisa Menular Sebelum Gejala Muncul, Dinkes P2KB Jember Ungkap Cara Pencegahan
Ada Kasus Berat hingga Meninggal
Peningkatan kasus tidak hanya terlihat pada pasien dengan gejala ringan.




  

Dinkes Lampung juga mencatat kasus influenza dalam kondisi berat yang ditangani melalui site sentinel SARI di RSUD Dr.",H. Abdul Moeloek..,"Pada Hari Selasa , 6 Oktober 2026 09:20, Tabanan, Tabanan, Bali

LAMPUNG, KOMPAS.com - Kasus influenza yang terpantau di Provinsi Lampung melonjak sepanjang 2026.
Dinas Kesehatan (Dinkes) Provinsi Lampung mencatat 669 kasus influenza sejak 1 Januari hingga 3 Oktober 2026.Angka tersebut hampir tiga kali lipat dibandingkan periode yang sama pada 2025 yang hanya mencatat 223 kasus.
Kepala Dinkes Provinsi Lampung, dr Djohan Lius, mengatakan angka tersebut merupakan kasus yang memenuhi definisi operasional influenza-like illness (ILI) dan severe acute respiratory infection (SARI) berdasarkan pemantauan dua site sentinel.
""Update data 1 Januari sampai 3 Oktober 2026, kasus influenza sebanyak 669 kasus yang masuk dalam definisi operasional dari ILI dan SARI,"" kata Djohan, Selasa (6/10/2026).
Baca juga: Kasus Influenza A di Medan Naik pada September, Dinas Kesehatan Keluarkan Surat Kesiapsiagaan




Kasus Terbanyak Terdeteksi di Bandar Lampung
Djohan menjelaskan, data tersebut perlu dibaca sesuai cakupan lokasi pemantauan.
Saat ini, Lampung memiliki satu site sentinel ILI di Puskesmas Sumur Batu, Bandar Lampung, serta satu site sentinel SARI di RSUD Dr H Abdul Moeloek.
Puskesmas Sumur Batu menjadi lokasi pemantauan ILI yang mewakili wilayah Bandar Lampung.Sementara itu, RSUD Dr H Abdul Moeloek sebagai site sentinel SARI menerima pasien dengan infeksi saluran pernapasan berat dari berbagai wilayah kabupaten/kota.
""Karena itu, kasus yang terdeteksi paling banyak tercatat di Bandar Lampung, terutama karena wilayah tersebut menjadi lokasi site sentinel ILI,"" ujar Djohan.
Dari hasil pemantauan tersebut, Dinkes Lampung juga menemukan subtipe influenza A (H1N1) pdm09.
Djohan mengatakan, influenza A merupakan salah satu virus penyebab infeksi saluran pernapasan yang dapat menimbulkan gejala dengan tingkat keparahan berbeda, mulai dari ringan hingga berat.
""Selain A(H1N1)pdm09, subtipe influenza yang umum ditemukan secara global antara lain A(H3N2) dan influenza tipe B. Dalam beberapa bulan terakhir, aktivitas influenza musiman secara global dilaporkan meningkat dan didominasi oleh virus influenza A,"" ucapnya.
Baca juga: Influenza A Bisa Menular Sebelum Gejala Muncul, Dinkes P2KB Jember Ungkap Cara Pencegahan
Ada Kasus Berat hingga Meninggal
Peningkatan kasus tidak hanya terlihat pada pasien dengan gejala ringan.




  

Dinkes Lampung juga mencatat kasus influenza dalam kondisi berat yang ditangani melalui site sentinel SARI di RSUD Dr. H. Abdul Moeloek.",Kompas.com,"Dajan Peken, 82114, Tabanan, Tabanan, Bali, Indonesia",-8.536609490935,115.13552944186335,5,"2, 7","kejaksaan, kejatibali, kejaritabanan, tabanan, news"
Persib Main 3 Kali di Si Jalak Harupat Polresta Bandung Siapkan Pengamanan Maksimal,2026-10-05T12:07:00.000Z,"Kabupaten Tabanan, Bali, Indonesia","Persib Main 3 Kali di Si Jalak Harupat, Polresta Bandung Siapkan Pengamanan Maksimal - Kompas.com","BANDUNG, KOMPAS.com - Polresta Bandung bersama Polda Jawa Barat bersiap memberikan pengamanan maksimal menjelang tiga laga kandang beruntun yang bakal dilakoni Persib Bandung pada pertengahan Oktober mendatang di Stadion Si Jalak Harupat, Kabupaten Bandung.
Kapolresta Bandung Kombes Tri Suhartanto memastikan seluruh jajaran kepolisian telah menyusun skema pengamanan ketat untuk mengawal jalannya pertandingan agar tetap aman dan kondusif.
""Untuk tiga laga Persib yang akan datang, persiapannya tentu sudah dilakukan. Seperti yang kita ketahui, pertandingan akan berlangsung pada tanggal 11, 14, dan 18 Oktober,"" kata Tri saat ditemui di Mapolresta Bandung, Senin (5/10/2026).Baca juga: Persib Pindah Kandang ke Si Jalak Harupat, Polresta Bandung Siapkan Pengamanan All Out
Tri menegaskan bahwa pihak kepolisian tidak akan main-main dalam mengamankan jalannya pertandingan tersebut.
Dukungan penuh akan dikerahkan demi menjamin keselamatan para pemain, official, hingga para penonton yang hadir di stadion.




""Kami dari jajaran Polresta Bandung dan Polda Jawa Barat akan memberikan pengamanan secara all out kepada seluruh kegiatan Persib,"" ujar Tri.Di sisi lain, Tri mengimbau seluruh pendukung setia Persib, Bobotoh, untuk dapat menunjukkan kedewasaan dalam mendukung tim kesayangannya.Ia berharap bentuk dukungan tidak hanya sebatas teriakan dan nyanyian di dalam tribune, tetapi juga ditunjukkan melalui sikap tertib di luar area stadion.
""Kami pun meminta kepada Bobotoh dan para pendukungnya agar tidak hanya menjadi pendukung ketika berada di lapangan, masuk ke lapangan, kemudian menyanyikan lagu-lagu untuk mendukung.","Seorang pendukung juga harus bisa berada di luar lapangan untuk mendukung kesebelasannya, tentu saja Persib, serta tetap menjaga harkamtibmas, sehingga kita bisa menjadi tuan rumah yang baik,"" tutur Tri.
Baca juga: Kapolresta Bandung yang Baru Gagas Satgas Suporter Persib, Apresiasi Aldi Subartono
Persib Bandung akan melakoni laga kandang menjamu Dewa United pada Minggu, 11 Oktober, kemudian menjamu Viettel FC pada 14 Oktober dalam ajang AFC Champions League Two (ACL Two), dan terakhir menjamu Persik Kediri pada 18 Oktober.
Tak hanya menyoroti kesiapan laga Pangeran Biru, Tri memberikan perhatian pada penampilan Tim Nasional Indonesia yang bakal berlaga.
Ia berharap skuad Garuda mampu mengamankan hasil positif tanpa memedulikan berapa pun skor akhir yang diraih.
""Di sisi final timnas nanti malam, apa pun yang terjadi dan berapa pun skornya, yang penting timnas menang,"" ucap Tri.




  

    
        Bayangkan seorang anak Indonesia bercita-cita menjadi dokter tetapi hanya memiliki satu buku lusuh untuk belajar. Bersama Ekspedisi Kata ke Nyata Kompas.com, Anda bisa membantu mengubah kisah itu.","Pada Hari Senin , 5 Oktober 2026 12:07, Tabanan, Tabanan, Bali

BANDUNG, KOMPAS.com - Polresta Bandung bersama Polda Jawa Barat bersiap memberikan pengamanan maksimal menjelang tiga laga kandang beruntun yang bakal dilakoni Persib Bandung pada pertengahan Oktober mendatang di Stadion Si Jalak Harupat, Kabupaten Bandung.
Kapolresta Bandung Kombes Tri Suhartanto memastikan seluruh jajaran kepolisian telah menyusun skema pengamanan ketat untuk mengawal jalannya pertandingan agar tetap aman dan kondusif.
""Untuk tiga laga Persib yang akan datang, persiapannya tentu sudah dilakukan. Seperti yang kita ketahui, pertandingan akan berlangsung pada tanggal 11, 14, dan 18 Oktober,"" kata Tri saat ditemui di Mapolresta Bandung, Senin (5/10/2026).Baca juga: Persib Pindah Kandang ke Si Jalak Harupat, Polresta Bandung Siapkan Pengamanan All Out
Tri menegaskan bahwa pihak kepolisian tidak akan main-main dalam mengamankan jalannya pertandingan tersebut.
Dukungan penuh akan dikerahkan demi menjamin keselamatan para pemain, official, hingga para penonton yang hadir di stadion.




""Kami dari jajaran Polresta Bandung dan Polda Jawa Barat akan memberikan pengamanan secara all out kepada seluruh kegiatan Persib,"" ujar Tri.Di sisi lain, Tri mengimbau seluruh pendukung setia Persib, Bobotoh, untuk dapat menunjukkan kedewasaan dalam mendukung tim kesayangannya.Ia berharap bentuk dukungan tidak hanya sebatas teriakan dan nyanyian di dalam tribune, tetapi juga ditunjukkan melalui sikap tertib di luar area stadion.
""Kami pun meminta kepada Bobotoh dan para pendukungnya agar tidak hanya menjadi pendukung ketika berada di lapangan, masuk ke lapangan, kemudian menyanyikan lagu-lagu untuk mendukung. Seorang pendukung juga harus bisa berada di luar lapangan untuk mendukung kesebelasannya, tentu saja Persib, serta tetap menjaga harkamtibmas, sehingga kita bisa menjadi tuan rumah yang baik,"" tutur Tri.
Baca juga: Kapolresta Bandung yang Baru Gagas Satgas Suporter Persib, Apresiasi Aldi Subartono
Persib Bandung akan melakoni laga kandang menjamu Dewa United pada Minggu, 11 Oktober, kemudian menjamu Viettel FC pada 14 Oktober dalam ajang AFC Champions League Two (ACL Two), dan terakhir menjamu Persik Kediri pada 18 Oktober.
Tak hanya menyoroti kesiapan laga Pangeran Biru, Tri memberikan perhatian pada penampilan Tim Nasional Indonesia yang bakal berlaga.
Ia berharap skuad Garuda mampu mengamankan hasil positif tanpa memedulikan berapa pun skor akhir yang diraih.
""Di sisi final timnas nanti malam, apa pun yang terjadi dan berapa pun skornya, yang penting timnas menang,"" ucap Tri.




  

    
        Bayangkan seorang anak Indonesia bercita-cita menjadi dokter tetapi hanya memiliki satu buku lusuh untuk belajar. Bersama Ekspedisi Kata ke Nyata Kompas.com, Anda bisa membantu mengubah kisah itu. Mari hadirkan akses literasi bagi anak-anak di berbagai pelosok Indonesia melalui donasi lewat tautan https://bit.ly/JagatLiterasi2026. Setiap kebaikan yang Anda berikan bukan hanya membuka jendela pengetahuan, tetapi juga membuka masa depan mereka.",Kompas.com,"Dajan Peken, 82114, Tabanan, Tabanan, Bali, Indonesia",-8.536609490935,115.13552944186335,5,"2, 7","kejaksaan, kejatibali, kejaritabanan, tabanan, news"
Bakar Lahan untuk Kebun Kopi Dua Warga Empat Lawang Ditangkap,2026-10-06T12:08:00.000Z,"Kabupaten Tabanan, Bali, Indonesia","Bakar Lahan untuk Kebun Kopi, Dua Warga Empat Lawang Ditangkap - Kompas.com","EMPAT LAWANG, KOMPAS.com - Dua warga inisial HT (52) dan RR (31) yang merupakan warga Desa Terusan Lama, Kecamatan Tebing Tinggi, Kabupaten Empat Lawang, Sumatera Selatan, ditangkap polisi lantaran kedapatan membakar lahan untuk dijadikan kebun kopi.
Kasi Humas Polres Empat Lawang, Iptu Ariyanto, mengatakan mereka sebelumnya mendapatkan informasi adanya lahan terbakar di RSUD Empat Lawang, Desa Seguring.Dari laporan tersebut, polisi pun menuju ke lokasi kebakaran dan mendapati keduanya sedang berupaya melakukan pemadaman.
""Setibanya di lokasi, petugas menemukan api yang sudah membesar serta dua orang yang sedang melakukan upaya pemadaman,"" ujar Ariyanto, Selasa (6/10/2026).
Baca juga: 2 Tahun Buron, Eks Anggota DPRD Empat Lawang Ditangkap Kasus Korupsi Rp 900 Juta
HT dan RR kemudian dibawa petugas untuk dilakukan pemeriksaan.




Mereka pun mengakui bahwa lahan yang dibakar tersebut akan disiapkan untuk dijadikan kebun kopi.
""Dari pemeriksaan awal, HT dan RR mengakui lahan yang terbakar merupakan milik mereka. Lahan tersebut dipersiapkan untuk dijadikan kebun kopi,"" ujarnya.
Dari lokasi, polisi mengamankan sejumlah barang bukti berupa satu unit pompa sprayer elektrik, satu unit pompa sprayer manual, dua bilah parang dan empat buah korek api.Perkara tersebut kini masih didalami penyidik.
Kedua warga itu disangkakan dengan sejumlah ketentuan pidana terkait pembakaran lahan dan lingkungan.
Baca juga: 12 Rumah Ludes Terbakar di Empat Lawang, Kerugian Ditaksir Rp 4 Miliar
Pasal yang diterapkan antara lain Pasal 78 ayat (3) juncto Pasal 50 ayat (3) huruf d Undang-Undang Nomor 41 Tahun 1999 tentang Kehutanan.
Selain itu, penyidik menerapkan Pasal 108 Undang-Undang Nomor 32 Tahun 2009 tentang Perlindungan dan Pengelolaan Lingkungan Hidup serta Pasal 108 Undang-Undang Nomor 39 Tahun 2014 tentang Perkebunan.
Penyidik juga mencantumkan Pasal 308 dan Pasal 311 Undang-Undang Nomor 1 Tahun 2023 tentang KUHP dalam sangkaan terhadap keduanya.
""Kami mengajak seluruh masyarakat Kabupaten Empat Lawang untuk bersama-sama mencegah terjadinya karhutla.","Pembukaan lahan dengan cara dibakar tidak hanya berisiko menyebabkan kebakaran meluas, tetapi juga dapat berdampak terhadap lingkungan dan kesehatan masyarakat,"" ucap Ariyanto.




  

    
        Bayangkan seorang anak Indonesia bercita-cita menjadi dokter tetapi hanya memiliki satu buku lusuh untuk belajar. Bersama Ekspedisi Kata ke Nyata Kompas.com, Anda bisa membantu mengubah kisah itu.","Pada Hari Selasa , 6 Oktober 2026 12:08, Tabanan, Tabanan, Bali

EMPAT LAWANG, KOMPAS.com - Dua warga inisial HT (52) dan RR (31) yang merupakan warga Desa Terusan Lama, Kecamatan Tebing Tinggi, Kabupaten Empat Lawang, Sumatera Selatan, ditangkap polisi lantaran kedapatan membakar lahan untuk dijadikan kebun kopi.
Kasi Humas Polres Empat Lawang, Iptu Ariyanto, mengatakan mereka sebelumnya mendapatkan informasi adanya lahan terbakar di RSUD Empat Lawang, Desa Seguring.Dari laporan tersebut, polisi pun menuju ke lokasi kebakaran dan mendapati keduanya sedang berupaya melakukan pemadaman.
""Setibanya di lokasi, petugas menemukan api yang sudah membesar serta dua orang yang sedang melakukan upaya pemadaman,"" ujar Ariyanto, Selasa (6/10/2026).
Baca juga: 2 Tahun Buron, Eks Anggota DPRD Empat Lawang Ditangkap Kasus Korupsi Rp 900 Juta
HT dan RR kemudian dibawa petugas untuk dilakukan pemeriksaan.




Mereka pun mengakui bahwa lahan yang dibakar tersebut akan disiapkan untuk dijadikan kebun kopi.
""Dari pemeriksaan awal, HT dan RR mengakui lahan yang terbakar merupakan milik mereka. Lahan tersebut dipersiapkan untuk dijadikan kebun kopi,"" ujarnya.
Dari lokasi, polisi mengamankan sejumlah barang bukti berupa satu unit pompa sprayer elektrik, satu unit pompa sprayer manual, dua bilah parang dan empat buah korek api.Perkara tersebut kini masih didalami penyidik.
Kedua warga itu disangkakan dengan sejumlah ketentuan pidana terkait pembakaran lahan dan lingkungan.
Baca juga: 12 Rumah Ludes Terbakar di Empat Lawang, Kerugian Ditaksir Rp 4 Miliar
Pasal yang diterapkan antara lain Pasal 78 ayat (3) juncto Pasal 50 ayat (3) huruf d Undang-Undang Nomor 41 Tahun 1999 tentang Kehutanan.
Selain itu, penyidik menerapkan Pasal 108 Undang-Undang Nomor 32 Tahun 2009 tentang Perlindungan dan Pengelolaan Lingkungan Hidup serta Pasal 108 Undang-Undang Nomor 39 Tahun 2014 tentang Perkebunan.
Penyidik juga mencantumkan Pasal 308 dan Pasal 311 Undang-Undang Nomor 1 Tahun 2023 tentang KUHP dalam sangkaan terhadap keduanya.
""Kami mengajak seluruh masyarakat Kabupaten Empat Lawang untuk bersama-sama mencegah terjadinya karhutla. Pembukaan lahan dengan cara dibakar tidak hanya berisiko menyebabkan kebakaran meluas, tetapi juga dapat berdampak terhadap lingkungan dan kesehatan masyarakat,"" ucap Ariyanto.




  

    
        Bayangkan seorang anak Indonesia bercita-cita menjadi dokter tetapi hanya memiliki satu buku lusuh untuk belajar. Bersama Ekspedisi Kata ke Nyata Kompas.com, Anda bisa membantu mengubah kisah itu. Mari hadirkan akses literasi bagi anak-anak di berbagai pelosok Indonesia melalui donasi lewat tautan https://bit.ly/JagatLiterasi2026. Setiap kebaikan yang Anda berikan bukan hanya membuka jendela pengetahuan, tetapi juga membuka masa depan mereka.",Kompas.com,"Dajan Peken, 82114, Tabanan, Tabanan, Bali, Indonesia",-8.536609490935,115.13552944186335,5,"2, 7","kejaksaan, kejatibali, kejaritabanan, tabanan, news"
Pemkab Pangandaran Siapkan Tenda dan Rencana Bangun Kembali 7 Rumah Terbakar di Legokjawa,2026-10-06T06:59:00.000Z,"Kabupaten Tabanan, Bali, Indonesia",Pemkab Pangandaran Siapkan Tenda dan Rencana Bangun Kembali 7 Rumah Terbakar di Legokjawa - Kompas.com,"PANGANDARAN, KOMPAS.com – Pemerintah Kabupaten Pangandaran menyiapkan tempat tinggal sementara bagi warga yang kehilangan rumah akibat kebakaran di Blok Logodor, Dusun Legok, Desa Legokjawa, Kecamatan Cimerak, Kabupaten Pangandaran, Jawa Barat, Senin (5/10/2026).
Tujuh rumah warga ludes terbakar dalam kebakaran yang terjadi sekitar pukul 05.30 WIB itu.Rumah-rumah tersebut merupakan bangunan bantuan pemerintah untuk warga yang terdampak tsunami Pangandaran pada 2006.Bupati Pangandaran, Citra Pitriyami, mengatakan pemerintah telah menyiapkan tenda untuk warga yang membutuhkan tempat tinggal sementara setelah rumah mereka terbakar.
Namun, seluruh korban tidak serta-merta akan ditempatkan di tenda.
Pemerintah desa akan terlebih dahulu mendata kondisi masing-masing keluarga dan membahas lokasi tempat tinggal sementara yang paling memungkinkan.




Baca juga: 7 Rumah Bantuan Korban Tsunami Pangandaran Ludes Terbakar di Legokjawa
""Tenda sudah kami siapkan, tapi saya sudah koordinasi dan bentuk panitia untuk penempatan. Misalnya mau di rumah tetangga dulu untuk sementara atau di tenda.","Pemerintah sudah siapkan tenda,"" ujar Citra saat mendatangi lokasi kebakaran, Senin (5/10/2026).
Menurut Citra, sebagian warga dapat tinggal sementara di rumah saudara atau kerabat apabila memungkinkan.Dengan begitu, tenda tidak harus menjadi satu-satunya pilihan tempat tinggal bagi korban kebakaran.""Kami diskusi dengan Pak Kuwu, mungkin akan ada yang tinggal dengan saudaranya,"" katanya.
Kebutuhan Disiapkan
Selain tempat tinggal sementara, Pemerintah Kabupaten Pangandaran menyiapkan kebutuhan dasar bagi warga terdampak kebakaran.
Citra mengatakan, pemerintah akan menyediakan makanan melalui dapur umum untuk memenuhi kebutuhan warga selama masa penanganan.
Pemerintah juga akan berkoordinasi dengan pemerintah desa untuk memastikan kebutuhan kelompok rentan, termasuk anak balita yang kehilangan tempat tinggal akibat kebakaran, ikut tertangani.
“Terutama balita, kami juga berkoordinasi dengan pihak pemerintah desa,"" kata Citra.
Baca juga: Sempat Lama Terhenti, Pojok Baca di Lapang Merdeka Pangandaran Kembali Dibuka 




  

Akan Dibangun Kembali
Penanganan tidak hanya dilakukan untuk kebutuhan darurat..","Pada Hari Selasa , 6 Oktober 2026 06:59, Tabanan, Tabanan, Bali

PANGANDARAN, KOMPAS.com – Pemerintah Kabupaten Pangandaran menyiapkan tempat tinggal sementara bagi warga yang kehilangan rumah akibat kebakaran di Blok Logodor, Dusun Legok, Desa Legokjawa, Kecamatan Cimerak, Kabupaten Pangandaran, Jawa Barat, Senin (5/10/2026).
Tujuh rumah warga ludes terbakar dalam kebakaran yang terjadi sekitar pukul 05.30 WIB itu.Rumah-rumah tersebut merupakan bangunan bantuan pemerintah untuk warga yang terdampak tsunami Pangandaran pada 2006.Bupati Pangandaran, Citra Pitriyami, mengatakan pemerintah telah menyiapkan tenda untuk warga yang membutuhkan tempat tinggal sementara setelah rumah mereka terbakar.
Namun, seluruh korban tidak serta-merta akan ditempatkan di tenda.
Pemerintah desa akan terlebih dahulu mendata kondisi masing-masing keluarga dan membahas lokasi tempat tinggal sementara yang paling memungkinkan.




Baca juga: 7 Rumah Bantuan Korban Tsunami Pangandaran Ludes Terbakar di Legokjawa
""Tenda sudah kami siapkan, tapi saya sudah koordinasi dan bentuk panitia untuk penempatan. Misalnya mau di rumah tetangga dulu untuk sementara atau di tenda. Pemerintah sudah siapkan tenda,"" ujar Citra saat mendatangi lokasi kebakaran, Senin (5/10/2026).
Menurut Citra, sebagian warga dapat tinggal sementara di rumah saudara atau kerabat apabila memungkinkan.Dengan begitu, tenda tidak harus menjadi satu-satunya pilihan tempat tinggal bagi korban kebakaran.""Kami diskusi dengan Pak Kuwu, mungkin akan ada yang tinggal dengan saudaranya,"" katanya.
Kebutuhan Disiapkan
Selain tempat tinggal sementara, Pemerintah Kabupaten Pangandaran menyiapkan kebutuhan dasar bagi warga terdampak kebakaran.
Citra mengatakan, pemerintah akan menyediakan makanan melalui dapur umum untuk memenuhi kebutuhan warga selama masa penanganan.
Pemerintah juga akan berkoordinasi dengan pemerintah desa untuk memastikan kebutuhan kelompok rentan, termasuk anak balita yang kehilangan tempat tinggal akibat kebakaran, ikut tertangani.
“Terutama balita, kami juga berkoordinasi dengan pihak pemerintah desa,"" kata Citra.
Baca juga: Sempat Lama Terhenti, Pojok Baca di Lapang Merdeka Pangandaran Kembali Dibuka 




  

Akan Dibangun Kembali
Penanganan tidak hanya dilakukan untuk kebutuhan darurat.",Kompas.com,"Dajan Peken, 82114, Tabanan, Tabanan, Bali, Indonesia",-8.536609490935,115.13552944186335,5,"2, 7","kejaksaan, kejatibali, kejaritabanan, tabanan, news"
89 Kg Sabu Disita di Pelabuhan Bakauheni Kurirnya Dijanjikan Rp 300 Juta,2026-10-06T06:03:00.000Z,"Kabupaten Tabanan, Bali, Indonesia","89 Kg Sabu Disita di Pelabuhan Bakauheni, Kurirnya Dijanjikan Rp 300 Juta - Kompas.com","LAMPUNG, KOMPAS.com - Pelabuhan Bakauheni, Lampung Selatan, kembali menjadi titik pengungkapan jaringan narkotika lintas provinsi.
Dalam satu pagi pada 29 September 2026, aparat menggagalkan dua perkara berbeda dengan total barang bukti 89 kilogram sabu di area pemeriksaan seaport interdiction Pelabuhan Bakauheni.Dalam perkara pertama, Direktorat Reserse Narkoba Polda Lampung menemukan 39 kilogram sabu, 1.929 pcs etomidate, dan 8,4 liter etomidate cair dari sebuah Toyota Innova sekitar pukul 05.50 WIB.
Baca juga: Potret Bobrok Hotel Prodeo: Pesta Sabu di Rutan Depok, Blok Mewah di Lapas Cibinong
Polisi menangkap kurir berinisial WHY (40). Dari penangkapan tersebut, polisi kemudian mengembangkan kasus hingga ke Depok, Jawa Barat, dan Banda Aceh.
Tiga tersangka lain turut diamankan, yakni YL (49), KHR (35), dan MZG (30).




Dalam jaringan tersebut, WHY berperan sebagai kurir, YL sebagai penerima, sedangkan KHR dan MZG disebut sebagai pengendali.""Jadi kami tidak berhenti pada penangkapan kurir.","Setelah barang bukti ditemukan di Bakauheni, tim langsung melakukan pengembangan untuk mengungkap siapa penerima dan pengendalinya,"" kata Kapolda Lampung Irjen Pol Helfi Assegaf saat konferensi pers di Mapolda Lampung, Selasa (6/10/2026).
50 Kg Sabu Dibawa dari Aceh
Pengungkapan kedua terjadi di lokasi yang sama sekitar pukul 05.10 WIB.Satresnarkoba Polres Lampung Selatan mengamankan tiga orang, yakni MW (43), MF (25), dan PAS (32), bersama 50 kilogram sabu yang dikemas dalam 50 paket.
Ketiganya disebut berperan sebagai kurir yang membawa sabu dari Aceh menuju Pulau Jawa.
Dari pemeriksaan, para tersangka mengaku sabu tersebut milik seseorang berinisial AZ yang kini masuk daftar pencarian orang (DPO).
Baca juga: Viral Polisi di Batubara Nyamar Jadi Petugas PLN saat Tangkap Pengedar Sabu
Mereka juga mengaku dijanjikan upah Rp 300 juta untuk membawa sabu tersebut hingga Pelabuhan Merak.
""Ini menunjukkan bahwa jalur menuju Pulau Jawa masih menjadi sasaran jaringan narkotika. Karena itu, pemeriksaan di pintu masuk seperti Bakauheni menjadi sangat penting untuk memutus distribusi sebelum barang tersebut masuk lebih jauh,"" ujar Helfi.
Total Barang Bukti Rp 191 Miliar
Jika digabungkan, dua pengungkapan tersebut menghasilkan 89 kilogram sabu.




  
Selain sabu, polisi mengamankan 1.929 pcs etomidate dan 8,4 liter etomidate cair, empat kendaraan roda empat, sembilan telepon seluler, serta uang tunai Rp 251,5 juta..","Pada Hari Selasa , 6 Oktober 2026 06:03, Tabanan, Tabanan, Bali

LAMPUNG, KOMPAS.com - Pelabuhan Bakauheni, Lampung Selatan, kembali menjadi titik pengungkapan jaringan narkotika lintas provinsi.
Dalam satu pagi pada 29 September 2026, aparat menggagalkan dua perkara berbeda dengan total barang bukti 89 kilogram sabu di area pemeriksaan seaport interdiction Pelabuhan Bakauheni.Dalam perkara pertama, Direktorat Reserse Narkoba Polda Lampung menemukan 39 kilogram sabu, 1.929 pcs etomidate, dan 8,4 liter etomidate cair dari sebuah Toyota Innova sekitar pukul 05.50 WIB.
Baca juga: Potret Bobrok Hotel Prodeo: Pesta Sabu di Rutan Depok, Blok Mewah di Lapas Cibinong
Polisi menangkap kurir berinisial WHY (40). Dari penangkapan tersebut, polisi kemudian mengembangkan kasus hingga ke Depok, Jawa Barat, dan Banda Aceh.
Tiga tersangka lain turut diamankan, yakni YL (49), KHR (35), dan MZG (30).




Dalam jaringan tersebut, WHY berperan sebagai kurir, YL sebagai penerima, sedangkan KHR dan MZG disebut sebagai pengendali.""Jadi kami tidak berhenti pada penangkapan kurir. Setelah barang bukti ditemukan di Bakauheni, tim langsung melakukan pengembangan untuk mengungkap siapa penerima dan pengendalinya,"" kata Kapolda Lampung Irjen Pol Helfi Assegaf saat konferensi pers di Mapolda Lampung, Selasa (6/10/2026).
50 Kg Sabu Dibawa dari Aceh
Pengungkapan kedua terjadi di lokasi yang sama sekitar pukul 05.10 WIB.Satresnarkoba Polres Lampung Selatan mengamankan tiga orang, yakni MW (43), MF (25), dan PAS (32), bersama 50 kilogram sabu yang dikemas dalam 50 paket.
Ketiganya disebut berperan sebagai kurir yang membawa sabu dari Aceh menuju Pulau Jawa.
Dari pemeriksaan, para tersangka mengaku sabu tersebut milik seseorang berinisial AZ yang kini masuk daftar pencarian orang (DPO).
Baca juga: Viral Polisi di Batubara Nyamar Jadi Petugas PLN saat Tangkap Pengedar Sabu
Mereka juga mengaku dijanjikan upah Rp 300 juta untuk membawa sabu tersebut hingga Pelabuhan Merak.
""Ini menunjukkan bahwa jalur menuju Pulau Jawa masih menjadi sasaran jaringan narkotika. Karena itu, pemeriksaan di pintu masuk seperti Bakauheni menjadi sangat penting untuk memutus distribusi sebelum barang tersebut masuk lebih jauh,"" ujar Helfi.
Total Barang Bukti Rp 191 Miliar
Jika digabungkan, dua pengungkapan tersebut menghasilkan 89 kilogram sabu.




  
Selain sabu, polisi mengamankan 1.929 pcs etomidate dan 8,4 liter etomidate cair, empat kendaraan roda empat, sembilan telepon seluler, serta uang tunai Rp 251,5 juta.",Kompas.com,"Dajan Peken, 82114, Tabanan, Tabanan, Bali, Indonesia",-8.536609490935,115.13552944186335,5,"2, 7","kejaksaan, kejatibali, kejaritabanan, tabanan, news"
Dampak Kemarau Petani di Ambarawa Beli Pertalite Rp 800000 Sebulan untuk Pompa Air,2026-10-06T04:33:00.000Z,"Kabupaten Tabanan, Bali, Indonesia","Dampak Kemarau, Petani di Ambarawa Beli Pertalite Rp 800.000 Sebulan untuk Pompa Air - Kompas.com","UNGARAN, KOMPAS.com - Beban petani di Tambakboyo, Kecamatan Ambarawa, Kabupaten Semarang bertambah saat kemarau. 
Selain pengeluaran rutin seperti membeli bibit dan pupuk, juga ada tambahan pengeluaran untuk membeli bahan bakar mesin pompa agar sawah bisa teraliri air.
Penggunaan pompa air ini telah berlangsung kurang lebih selama dua bulan.""Ya keluar uang lagi, uang tambahan hingga dua kali lipat. Untuk beli bahan bakar pompa air,"" kata Hasan, salah seorang petani di Tambakboyo, Selasa (6/10/2026).
Hasan mengatakan, sumber air yang berada di dekat sawahnya berjarak kisaran 10-30 meter.
Karena kemarau debit air menurun sehingga arus ditunjang dengan pompa agar bisa mengairi sawah.




""Kemarau kan airnya turun, agar bisa naik ke sawah ya harus dipompa,"" ujarnya.
Baca juga: Sumur Kering akibat Kemarau, Warga Purwakarta Bolak-balik 500 Meter Ambil Air 
Sebulan Keluarkan Rp 800.000 untuk Beli Pertalite
Menurut Hasan, mesin pompa air saat ini menjadi andalan para petani untuk memenuhi kebutuhan air.""Tapi ya itu, konsekuensinya harus membeli Pertalite yang untuk sekali pengairan butuh 10 liter,"" paparnya.
Selama musim kemarau, pengairan dengan menggunakan pompa dilakukan empat hari sekali.
""Meski belum maksimal, tapi masih bisa menanam.","Karena kalau tidak ada air ya menganggur, jadi meski kondisi sulit tetap diusahakan ada air,"" kata Hasan.
Dalam sebulan, dia memperkirakan pembelian Pertalite untuk pompa air mencapai Rp 800.000.
""Karena itu pengeluaran bertambah, kemarau berkepanjangan ini memang membuat bertambah susah,"" ungkapnya.
Baca juga: Kemarau Panjang Bikin Harga Sayuran Melonjak di Malang, Cabai Tembus Rp 75.000
Hasan mengungkapkan, selain kemarau, petani juga akan menghadapi tantangan lain. Yakni hama tikus jika nanti mendekati masa panen.
""Karena itu harus siaga menjaga padi agar tetap bagus hasilnya,"" kata dia.




  

    
        Bayangkan seorang anak Indonesia bercita-cita menjadi dokter tetapi hanya memiliki satu buku lusuh untuk belajar.","Pada Hari Selasa , 6 Oktober 2026 04:33, Tabanan, Tabanan, Bali

UNGARAN, KOMPAS.com - Beban petani di Tambakboyo, Kecamatan Ambarawa, Kabupaten Semarang bertambah saat kemarau. 
Selain pengeluaran rutin seperti membeli bibit dan pupuk, juga ada tambahan pengeluaran untuk membeli bahan bakar mesin pompa agar sawah bisa teraliri air.
Penggunaan pompa air ini telah berlangsung kurang lebih selama dua bulan.""Ya keluar uang lagi, uang tambahan hingga dua kali lipat. Untuk beli bahan bakar pompa air,"" kata Hasan, salah seorang petani di Tambakboyo, Selasa (6/10/2026).
Hasan mengatakan, sumber air yang berada di dekat sawahnya berjarak kisaran 10-30 meter.
Karena kemarau debit air menurun sehingga arus ditunjang dengan pompa agar bisa mengairi sawah.




""Kemarau kan airnya turun, agar bisa naik ke sawah ya harus dipompa,"" ujarnya.
Baca juga: Sumur Kering akibat Kemarau, Warga Purwakarta Bolak-balik 500 Meter Ambil Air 
Sebulan Keluarkan Rp 800.000 untuk Beli Pertalite
Menurut Hasan, mesin pompa air saat ini menjadi andalan para petani untuk memenuhi kebutuhan air.""Tapi ya itu, konsekuensinya harus membeli Pertalite yang untuk sekali pengairan butuh 10 liter,"" paparnya.
Selama musim kemarau, pengairan dengan menggunakan pompa dilakukan empat hari sekali.
""Meski belum maksimal, tapi masih bisa menanam. Karena kalau tidak ada air ya menganggur, jadi meski kondisi sulit tetap diusahakan ada air,"" kata Hasan.
Dalam sebulan, dia memperkirakan pembelian Pertalite untuk pompa air mencapai Rp 800.000.
""Karena itu pengeluaran bertambah, kemarau berkepanjangan ini memang membuat bertambah susah,"" ungkapnya.
Baca juga: Kemarau Panjang Bikin Harga Sayuran Melonjak di Malang, Cabai Tembus Rp 75.000
Hasan mengungkapkan, selain kemarau, petani juga akan menghadapi tantangan lain. Yakni hama tikus jika nanti mendekati masa panen.
""Karena itu harus siaga menjaga padi agar tetap bagus hasilnya,"" kata dia.




  

    
        Bayangkan seorang anak Indonesia bercita-cita menjadi dokter tetapi hanya memiliki satu buku lusuh untuk belajar. Bersama Ekspedisi Kata ke Nyata Kompas.com, Anda bisa membantu mengubah kisah itu. Mari hadirkan akses literasi bagi anak-anak di berbagai pelosok Indonesia melalui donasi lewat tautan https://bit.ly/JagatLiterasi2026. Setiap kebaikan yang Anda berikan bukan hanya membuka jendela pengetahuan, tetapi juga membuka masa depan mereka.",Kompas.com,"Dajan Peken, 82114, Tabanan, Tabanan, Bali, Indonesia",-8.536609490935,115.13552944186335,5,"2, 7","kejaksaan, kejatibali, kejaritabanan, tabanan, news"
Jarak Pandang 150 Meter Kabut Asap Karhutla Bikin 4 Penerbangan di Palangka Raya Batal,2026-10-06T10:26:00.000Z,"Kabupaten Tabanan, Bali, Indonesia","Jarak Pandang 150 Meter, Kabut Asap Karhutla Bikin 4 Penerbangan di Palangka Raya Batal - Kompas.com","PALANGKA RAYA, KOMPAS.com - Dampak kabut asap akibat kebakaran hutan dan lahan (karhutla) di Kalimantan Tengah (Kalteng) makin memburuk hingga melumpuhkan sektor transportasi udara.
PT Angkasa Pura Indonesia (Persero) Kantor Cabang Bandara Tjilik Riwut menyampaikan bahwa operasional penerbangan pada Selasa (6/10/2026) terganggu akibat jarak pandang (visibility) yang drastis menurun.Department Head Business Support Bandara Tjilik Riwut Andi Wiguna mengungkapkan, berdasarkan pemantauan cuaca di area bandara, jarak pandang terendah tercatat berada di angka 150 meter pada pukul 10.00 hingga 10.30 WIB. Angka ini berada jauh di bawah batas minimum keselamatan penerbangan.
“Akibatnya, sebanyak empat penerbangan dari dan menuju Palangka Raya terpaksa dibatalkan (cancel).","Penerbangan yang terdampak meliputi maskapai Batik Air dan Lion Air untuk rute Jakarta dan Surabaya,” jelas Andi Wiguna saat dikonfirmasi Kompas.com, Selasa (6/10/2026).
Baca juga: Asap Karhutla Kalimantan dan Papua Terbawa Angin, Hampir Seluruh Sulut Terdampak
Empat Penerbangan Batal
Adapun rincian empat penerbangan yang batal beroperasi tersebut mencakup dua jadwal keberangkatan dan dua jadwal kedatangan.




Untuk rute keberangkatan, penerbangan yang dibatalkan yaitu Batik Air ID 6201 rute Palangka Raya–Jakarta (jadwal 16.55 WIB) dan Lion Air JT 680 rute Palangka Raya–Surabaya (jadwal 15.25 WIB).
Sementara untuk rute kedatangan, penerbangan yang terdampak meliputi Batik Air ID 6200 rute Jakarta–Palangka Raya (jadwal 16.15 WIB) dan Lion Air JT 680 rute Surabaya–Palangka Raya (jadwal 14.45 WIB).Pengelola Tegaskan Bandara Tetap Beroperasi
Manajemen PT Angkasa Pura Indonesia menegaskan bahwa prioritas utama dalam situasi ini adalah keselamatan dan keamanan para penumpang.
“Keputusan pembatalan murni diambil berdasarkan pertimbangan keselamatan penerbangan,” jelas Andi.
Meski sejumlah jadwal terganggu, pengelola memastikan Bandara Tjilik Riwut tidak ditutup dan tetap beroperasi secara normal menyesuaikan perkembangan di lapangan.
”Bandara Tjilik Riwut tetap beroperasi dan tidak pernah ditutup. Operasional penerbangan menyesuaikan kondisi aktual jarak pandang dan keputusan masing-masing maskapai,” tegasnya.
Pihak bandara terus berkoordinasi intensif dengan AirNav Indonesia, BMKG, serta maskapai penerbangan untuk memantau pergerakan kabut asap dan perkembangan cuaca.
Bagi calon penumpang yang terdampak pembatalan, pengelola mengimbau untuk segera menghubungi maskapai terkait prosedur pengajuan pengembalian dana (refund) maupun penjadwalan ulang (reschedule).




  

    
        Bayangkan seorang anak Indonesia bercita-cita menjadi dokter tetapi hanya memiliki satu buku lusuh untuk belajar.","Pada Hari Selasa , 6 Oktober 2026 10:26, Tabanan, Tabanan, Bali

PALANGKA RAYA, KOMPAS.com - Dampak kabut asap akibat kebakaran hutan dan lahan (karhutla) di Kalimantan Tengah (Kalteng) makin memburuk hingga melumpuhkan sektor transportasi udara.
PT Angkasa Pura Indonesia (Persero) Kantor Cabang Bandara Tjilik Riwut menyampaikan bahwa operasional penerbangan pada Selasa (6/10/2026) terganggu akibat jarak pandang (visibility) yang drastis menurun.Department Head Business Support Bandara Tjilik Riwut Andi Wiguna mengungkapkan, berdasarkan pemantauan cuaca di area bandara, jarak pandang terendah tercatat berada di angka 150 meter pada pukul 10.00 hingga 10.30 WIB. Angka ini berada jauh di bawah batas minimum keselamatan penerbangan.
“Akibatnya, sebanyak empat penerbangan dari dan menuju Palangka Raya terpaksa dibatalkan (cancel). Penerbangan yang terdampak meliputi maskapai Batik Air dan Lion Air untuk rute Jakarta dan Surabaya,” jelas Andi Wiguna saat dikonfirmasi Kompas.com, Selasa (6/10/2026).
Baca juga: Asap Karhutla Kalimantan dan Papua Terbawa Angin, Hampir Seluruh Sulut Terdampak
Empat Penerbangan Batal
Adapun rincian empat penerbangan yang batal beroperasi tersebut mencakup dua jadwal keberangkatan dan dua jadwal kedatangan.




Untuk rute keberangkatan, penerbangan yang dibatalkan yaitu Batik Air ID 6201 rute Palangka Raya–Jakarta (jadwal 16.55 WIB) dan Lion Air JT 680 rute Palangka Raya–Surabaya (jadwal 15.25 WIB).
Sementara untuk rute kedatangan, penerbangan yang terdampak meliputi Batik Air ID 6200 rute Jakarta–Palangka Raya (jadwal 16.15 WIB) dan Lion Air JT 680 rute Surabaya–Palangka Raya (jadwal 14.45 WIB).Pengelola Tegaskan Bandara Tetap Beroperasi
Manajemen PT Angkasa Pura Indonesia menegaskan bahwa prioritas utama dalam situasi ini adalah keselamatan dan keamanan para penumpang.
“Keputusan pembatalan murni diambil berdasarkan pertimbangan keselamatan penerbangan,” jelas Andi.
Meski sejumlah jadwal terganggu, pengelola memastikan Bandara Tjilik Riwut tidak ditutup dan tetap beroperasi secara normal menyesuaikan perkembangan di lapangan.
”Bandara Tjilik Riwut tetap beroperasi dan tidak pernah ditutup. Operasional penerbangan menyesuaikan kondisi aktual jarak pandang dan keputusan masing-masing maskapai,” tegasnya.
Pihak bandara terus berkoordinasi intensif dengan AirNav Indonesia, BMKG, serta maskapai penerbangan untuk memantau pergerakan kabut asap dan perkembangan cuaca.
Bagi calon penumpang yang terdampak pembatalan, pengelola mengimbau untuk segera menghubungi maskapai terkait prosedur pengajuan pengembalian dana (refund) maupun penjadwalan ulang (reschedule).




  

    
        Bayangkan seorang anak Indonesia bercita-cita menjadi dokter tetapi hanya memiliki satu buku lusuh untuk belajar. Bersama Ekspedisi Kata ke Nyata Kompas.com, Anda bisa membantu mengubah kisah itu. Mari hadirkan akses literasi bagi anak-anak di berbagai pelosok Indonesia melalui donasi lewat tautan https://bit.ly/JagatLiterasi2026. Setiap kebaikan yang Anda berikan bukan hanya membuka jendela pengetahuan, tetapi juga membuka masa depan mereka.",Kompas.com,"Dajan Peken, 82114, Tabanan, Tabanan, Bali, Indonesia",-8.536609490935,115.13552944186335,5,"2, 7","kejaksaan, kejatibali, kejaritabanan, tabanan, news"
Presiden Prabowo Setujui Bantuan Rumah Rusak Berat Pascabencana SumateraAceh Naik Jadi Rp 70 Juta,2026-10-05T10:20:00.000Z,"Kabupaten Tabanan, Bali, Indonesia",Presiden Prabowo Setujui Bantuan Rumah Rusak Berat Pascabencana Sumatera-Aceh Naik Jadi Rp 70 Juta - Kompas.com,"BANDA ACEH, KOMPAS.com - Presiden Prabowo Subianto menyetujui secara prinsip usulan kenaikan Bantuan Stimulan Rumah Rusak Berat (RSRB) bagi korban bencana hidrometeorologi di wilayah Sumatera dan Aceh.
Nilai bantuan yang sebelumnya Rp 60 juta per unit kini dinaikkan menjadi Rp 70 juta per unit.Kebijakan ini menjadi bagian dari upaya pemerintah mempercepat proses rehabilitasi dan rekonstruksi rumah warga yang terdampak bencana, terutama di wilayah yang mengalami kerusakan cukup luas akibat cuaca ekstrem.
Baca juga: Polda Sumut Gagalkan Penyelundupan 50 Kg Sabu, 3 Kurir Diringkus di Aceh Timur
Apa latar belakang kenaikan bantuan rumah rusak berat ini?
Persetujuan Presiden Prabowo tersebut disampaikan melalui surat Menteri Sekretaris Negara kepada Menteri Koordinator Bidang Pembangunan Manusia dan Kebudayaan (PMK) tertanggal 25 September 2026.
Usulan kenaikan ini sebelumnya diajukan dengan mempertimbangkan meningkatnya biaya pembangunan rumah di lapangan. Faktor yang melatarbelakangi usulan tersebut antara lain:





Kenaikan harga material bangunan
Peningkatan upah tenaga kerja
Biaya mobilisasi material ke daerah terdampak
Kebutuhan standar rumah layak huni pascabencana.

Baca juga: Polda Sumut Gagalkan Penyelundupan 50 Kg Sabu, 3 Kurir Diringkus di Aceh Timur
Bagaimana respons pemerintah daerah terhadap kebijakan ini?
Kepala Posko Wilayah Aceh Satgas PRR, Safrizal ZA, menyambut baik keputusan Presiden tersebut.
Menurutnya, kenaikan bantuan ini menunjukkan perhatian pemerintah terhadap masyarakat terdampak bencana sekaligus mempercepat proses pemulihan.
""Kami menyambut baik persetujuan Bapak Presiden.","Ini merupakan bentuk perhatian dan komitmen pemerintah dalam mempercepat pemulihan masyarakat pascabencana,"" kata Safrizal ZA di Banda Aceh, Senin (5/10/2026) dikutip dari Antara.Ia menegaskan bahwa kebijakan tersebut menjadi kabar baik bagi masyarakat yang rumahnya mengalami kerusakan berat akibat bencana hidrometeorologi di wilayah Sumatera dan Aceh.
Baca juga: Sawah Aceh Barat Kembali Produktif, Panen Tembus 7 Ton Per Hektar
Mengapa kenaikan bantuan ini dinilai penting?
Menurut Safrizal, penyesuaian nilai bantuan menjadi Rp 70 juta per unit dinilai lebih realistis dalam konteks biaya pembangunan saat ini.
Dengan angka tersebut, pemerintah diharapkan dapat lebih optimal membantu warga membangun kembali rumah mereka.
""Kenaikan bantuan menjadi Rp 70 juta per unit tentu akan sangat membantu karena lebih sesuai dengan kondisi harga material dan biaya pembangunan rumah saat ini,"" ujarnya.
Baca juga: Dana Darurat Banjir dan Longsor Tahun 2025 Rp 1,77 Miliar di Aceh Singkil Diduga Dikorupsi
Ia menambahkan bahwa peningkatan bantuan ini juga memberikan ruang lebih luas bagi pembangunan rumah yang memenuhi standar kelayakan huni, baik dari sisi struktur bangunan maupun aspek keselamatan.
""Harapannya kebijakan ini dapat segera ditindaklanjuti sehingga proses rehabilitasi dan rekonstruksi rumah masyarakat terdampak bencana dapat berjalan lebih cepat dan optimal,"" kata Safrizal ZA.




  

    
        Bayangkan seorang anak Indonesia bercita-cita menjadi dokter tetapi hanya memiliki satu buku lusuh untuk belajar. Bersama Ekspedisi Kata ke Nyata Kompas.com, Anda bisa membantu mengubah kisah itu.","Pada Hari Senin , 5 Oktober 2026 10:20, Tabanan, Tabanan, Bali

BANDA ACEH, KOMPAS.com - Presiden Prabowo Subianto menyetujui secara prinsip usulan kenaikan Bantuan Stimulan Rumah Rusak Berat (RSRB) bagi korban bencana hidrometeorologi di wilayah Sumatera dan Aceh.
Nilai bantuan yang sebelumnya Rp 60 juta per unit kini dinaikkan menjadi Rp 70 juta per unit.Kebijakan ini menjadi bagian dari upaya pemerintah mempercepat proses rehabilitasi dan rekonstruksi rumah warga yang terdampak bencana, terutama di wilayah yang mengalami kerusakan cukup luas akibat cuaca ekstrem.
Baca juga: Polda Sumut Gagalkan Penyelundupan 50 Kg Sabu, 3 Kurir Diringkus di Aceh Timur
Apa latar belakang kenaikan bantuan rumah rusak berat ini?
Persetujuan Presiden Prabowo tersebut disampaikan melalui surat Menteri Sekretaris Negara kepada Menteri Koordinator Bidang Pembangunan Manusia dan Kebudayaan (PMK) tertanggal 25 September 2026.
Usulan kenaikan ini sebelumnya diajukan dengan mempertimbangkan meningkatnya biaya pembangunan rumah di lapangan. Faktor yang melatarbelakangi usulan tersebut antara lain:





Kenaikan harga material bangunan
Peningkatan upah tenaga kerja
Biaya mobilisasi material ke daerah terdampak
Kebutuhan standar rumah layak huni pascabencana.

Baca juga: Polda Sumut Gagalkan Penyelundupan 50 Kg Sabu, 3 Kurir Diringkus di Aceh Timur
Bagaimana respons pemerintah daerah terhadap kebijakan ini?
Kepala Posko Wilayah Aceh Satgas PRR, Safrizal ZA, menyambut baik keputusan Presiden tersebut.
Menurutnya, kenaikan bantuan ini menunjukkan perhatian pemerintah terhadap masyarakat terdampak bencana sekaligus mempercepat proses pemulihan.
""Kami menyambut baik persetujuan Bapak Presiden. Ini merupakan bentuk perhatian dan komitmen pemerintah dalam mempercepat pemulihan masyarakat pascabencana,"" kata Safrizal ZA di Banda Aceh, Senin (5/10/2026) dikutip dari Antara.Ia menegaskan bahwa kebijakan tersebut menjadi kabar baik bagi masyarakat yang rumahnya mengalami kerusakan berat akibat bencana hidrometeorologi di wilayah Sumatera dan Aceh.
Baca juga: Sawah Aceh Barat Kembali Produktif, Panen Tembus 7 Ton Per Hektar
Mengapa kenaikan bantuan ini dinilai penting?
Menurut Safrizal, penyesuaian nilai bantuan menjadi Rp 70 juta per unit dinilai lebih realistis dalam konteks biaya pembangunan saat ini.
Dengan angka tersebut, pemerintah diharapkan dapat lebih optimal membantu warga membangun kembali rumah mereka.
""Kenaikan bantuan menjadi Rp 70 juta per unit tentu akan sangat membantu karena lebih sesuai dengan kondisi harga material dan biaya pembangunan rumah saat ini,"" ujarnya.
Baca juga: Dana Darurat Banjir dan Longsor Tahun 2025 Rp 1,77 Miliar di Aceh Singkil Diduga Dikorupsi
Ia menambahkan bahwa peningkatan bantuan ini juga memberikan ruang lebih luas bagi pembangunan rumah yang memenuhi standar kelayakan huni, baik dari sisi struktur bangunan maupun aspek keselamatan.
""Harapannya kebijakan ini dapat segera ditindaklanjuti sehingga proses rehabilitasi dan rekonstruksi rumah masyarakat terdampak bencana dapat berjalan lebih cepat dan optimal,"" kata Safrizal ZA.




  

    
        Bayangkan seorang anak Indonesia bercita-cita menjadi dokter tetapi hanya memiliki satu buku lusuh untuk belajar. Bersama Ekspedisi Kata ke Nyata Kompas.com, Anda bisa membantu mengubah kisah itu. Mari hadirkan akses literasi bagi anak-anak di berbagai pelosok Indonesia melalui donasi lewat tautan https://bit.ly/JagatLiterasi2026. Setiap kebaikan yang Anda berikan bukan hanya membuka jendela pengetahuan, tetapi juga membuka masa depan mereka.",Kompas.com,"Dajan Peken, 82114, Tabanan, Tabanan, Bali, Indonesia",-8.536609490935,115.13552944186335,5,"2, 7","kejaksaan, kejatibali, kejaritabanan, tabanan, news"
Bupati Garut Bantu Biaya Pengobatan Siswa SMA yang Jadi Korban Penembakan,2026-10-06T10:53:00.000Z,"Kabupaten Tabanan, Bali, Indonesia",Bupati Garut Bantu Biaya Pengobatan Siswa SMA yang Jadi Korban Penembakan - Kompas.com,"GARUT, KOMPAS.com - Bupati Garut Abdusy Syakur Amin memastikan akan membantu biaya pengobatan Pazwa Pahaludin (15), siswa SMA yang jadi korban penembakan hingga mengalami luka serius di bagian kiri mata.
Orang nomor satu di Garut itu menyebut, korban saat ini sudah menjalani pemeriksaan lanjutan di RS Mata Cicendo, Bandung.
""Saya sudah komunikasi dengan RS Cicendo, ananda Pazwa sudah mendapat penanganan medis lanjutan,"" ujarnya kepada Kompas.com, Selasa (6/10/2026).Ia menuturkan, pengobatan korban tidak tercover oleh BPJS Kesehatan lantaran luka atau cedera itu disebabkan oleh aksi kejahatan.
Baca juga: Proyektil Airsoftgun Diduga Masih Bersarang di Mata, Siswa SMA Garut Akan Jalani Operasi di RS Cicendo
Namun, lanjut Syakur pihaknya akan membantu semaksimal mungkin agar korban segera mendapatkan penanganan medis.




""Kami prihatin atas kejadian ini,"" ungkapnya.
Korban Merasa Gelap di Bagian Mata Kiri
Ketua Asosiasi Perlindungan dan Kesejahteraan Anak (Askara), Imelia Pratiwi, menyebut penglihatan korban pada mata kirinya terganggu setelah terkena tembakan.Bahkan, korban mengaku kini tidak dapat melihat menggunakan mata kirinya seperti kondisi normal.
Baca juga: Pelaku Penembakan Siswa SMA di Garut Kabur, Kini Diburu Polisi
""Penuturan korban terakhir, mata sebelah kiri gelap. Jadi bukan hanya samar-samar, tetapi gelap sebelah,"" kata Imelia.
Imelia menjelaskan, korban sempat mengalami pendarahan pada bagian mata setelah kejadian. Korban kemudian mendapat pertolongan medis di sejumlah fasilitas kesehatan di Kabupaten Garut.
Penanganan awal dilakukan di RS Medina sebelum korban dibawa ke RSUD. Namun, kondisi korban membutuhkan penanganan yang lebih khusus sehingga akhirnya harus menjalani proses rujukan.
""Awalnya dibawa ke rumah sakit di Garut.","Sempat ke RS Medina, kemudian ke RSUD. Tapi karena kondisinya tidak sanggup ditangani di sana, akhirnya dirujuk,"" tuturnya.




  

    
        Bayangkan seorang anak Indonesia bercita-cita menjadi dokter tetapi hanya memiliki satu buku lusuh untuk belajar.","Pada Hari Selasa , 6 Oktober 2026 10:53, Tabanan, Tabanan, Bali

GARUT, KOMPAS.com - Bupati Garut Abdusy Syakur Amin memastikan akan membantu biaya pengobatan Pazwa Pahaludin (15), siswa SMA yang jadi korban penembakan hingga mengalami luka serius di bagian kiri mata.
Orang nomor satu di Garut itu menyebut, korban saat ini sudah menjalani pemeriksaan lanjutan di RS Mata Cicendo, Bandung.
""Saya sudah komunikasi dengan RS Cicendo, ananda Pazwa sudah mendapat penanganan medis lanjutan,"" ujarnya kepada Kompas.com, Selasa (6/10/2026).Ia menuturkan, pengobatan korban tidak tercover oleh BPJS Kesehatan lantaran luka atau cedera itu disebabkan oleh aksi kejahatan.
Baca juga: Proyektil Airsoftgun Diduga Masih Bersarang di Mata, Siswa SMA Garut Akan Jalani Operasi di RS Cicendo
Namun, lanjut Syakur pihaknya akan membantu semaksimal mungkin agar korban segera mendapatkan penanganan medis.




""Kami prihatin atas kejadian ini,"" ungkapnya.
Korban Merasa Gelap di Bagian Mata Kiri
Ketua Asosiasi Perlindungan dan Kesejahteraan Anak (Askara), Imelia Pratiwi, menyebut penglihatan korban pada mata kirinya terganggu setelah terkena tembakan.Bahkan, korban mengaku kini tidak dapat melihat menggunakan mata kirinya seperti kondisi normal.
Baca juga: Pelaku Penembakan Siswa SMA di Garut Kabur, Kini Diburu Polisi
""Penuturan korban terakhir, mata sebelah kiri gelap. Jadi bukan hanya samar-samar, tetapi gelap sebelah,"" kata Imelia.
Imelia menjelaskan, korban sempat mengalami pendarahan pada bagian mata setelah kejadian. Korban kemudian mendapat pertolongan medis di sejumlah fasilitas kesehatan di Kabupaten Garut.
Penanganan awal dilakukan di RS Medina sebelum korban dibawa ke RSUD. Namun, kondisi korban membutuhkan penanganan yang lebih khusus sehingga akhirnya harus menjalani proses rujukan.
""Awalnya dibawa ke rumah sakit di Garut. Sempat ke RS Medina, kemudian ke RSUD. Tapi karena kondisinya tidak sanggup ditangani di sana, akhirnya dirujuk,"" tuturnya.




  

    
        Bayangkan seorang anak Indonesia bercita-cita menjadi dokter tetapi hanya memiliki satu buku lusuh untuk belajar. Bersama Ekspedisi Kata ke Nyata Kompas.com, Anda bisa membantu mengubah kisah itu. Mari hadirkan akses literasi bagi anak-anak di berbagai pelosok Indonesia melalui donasi lewat tautan https://bit.ly/JagatLiterasi2026. Setiap kebaikan yang Anda berikan bukan hanya membuka jendela pengetahuan, tetapi juga membuka masa depan mereka.",Kompas.com,"Dajan Peken, 82114, Tabanan, Tabanan, Bali, Indonesia",-8.536609490935,115.13552944186335,5,"2, 7","kejaksaan, kejatibali, kejaritabanan, tabanan, news"
Kecelakaan Beruntun Libatkan 10 Kendaraan di Tulang Bawang Diduga akibat Asap Kebakaran,2026-10-06T09:38:00.000Z,"Kabupaten Tabanan, Bali, Indonesia","Kecelakaan Beruntun Libatkan 10 Kendaraan di Tulang Bawang, Diduga akibat Asap Kebakaran - Kompas.com","LAMPUNG, KOMPAS.com - Kepulan asap kebakaran menutup Jalan Lintas Timur di Kampung Bawang Latak, Kecamatan Menggala, Kabupaten Tulang Bawang, Lampung, Selasa (6/10/2026) siang.
Dalam kondisi jarak pandang terganggu, kecelakaan beruntun terjadi dan melibatkan sekitar 10 kendaraan, mulai dari kendaraan boks, minibus, truk, hingga fuso.Peristiwa tersebut terjadi sekitar pukul 13.35 WIB.Benturan awal diduga terjadi saat sebuah kendaraan boks mencoba mendahului kendaraan di depannya ketika ruas jalan tertutup asap.
Dari arah berlawanan, sebuah minibus kemudian datang sehingga terjadi benturan.
Kecelakaan itu selanjutnya memicu tabrakan beruntun yang melibatkan kendaraan lain di belakangnya.




Baca juga: Kasus Influenza di Lampung Naik Hampir 3 Kali Lipat, 669 Kasus hingga Oktober, Ada yang Meninggal
Keterangan Kepolisian
Kasat Lantas Polres Tulang Bawang Iptu Farhan Maulana Affianto membenarkan kejadian tersebut.Menurut Farhan, informasi sementara yang diperoleh petugas di lokasi menunjukkan asap kebakaran menjadi salah satu faktor yang mengganggu jarak pandang pengemudi.
""Berdasarkan keterangan sementara di TKP, kejadian bermula saat kendaraan boks mendahului kendaraan di depannya, dalam kondisi jalan tertutup asap kebakaran,"" kata Farhan, Selasa (6/10/2026).""Dari arah berlawanan datang kendaraan minibus, sehingga terjadi benturan dan kemudian memicu kecelakaan beruntun yang melibatkan kurang lebih 10 kendaraan,"" lanjutnya.
Sopir Terjepit, Kemacetan Mengular 4 Kilometer
Rekaman video yang diterima Kompas.com memperlihatkan kepulan asap pekat menyelimuti badan jalan.
Sejumlah kendaraan tampak berhenti dalam kondisi rusak setelah terlibat benturan.Dalam salah satu rekaman, seorang pria memperingatkan pengguna jalan mengenai kecelakaan di depan.
Ia juga menyebut seorang sopir masih terjepit dan belum berhasil dievakuasi.




  

""Mohon berhati-hati. Ada kecelakaan beruntun di depan.","Ada mobil empat di depan. Satu mobil sopirnya kejepit, belum bisa dievakuasi,"" ujar pria tersebut dalam rekaman..","Pada Hari Selasa , 6 Oktober 2026 09:38, Tabanan, Tabanan, Bali

LAMPUNG, KOMPAS.com - Kepulan asap kebakaran menutup Jalan Lintas Timur di Kampung Bawang Latak, Kecamatan Menggala, Kabupaten Tulang Bawang, Lampung, Selasa (6/10/2026) siang.
Dalam kondisi jarak pandang terganggu, kecelakaan beruntun terjadi dan melibatkan sekitar 10 kendaraan, mulai dari kendaraan boks, minibus, truk, hingga fuso.Peristiwa tersebut terjadi sekitar pukul 13.35 WIB.Benturan awal diduga terjadi saat sebuah kendaraan boks mencoba mendahului kendaraan di depannya ketika ruas jalan tertutup asap.
Dari arah berlawanan, sebuah minibus kemudian datang sehingga terjadi benturan.
Kecelakaan itu selanjutnya memicu tabrakan beruntun yang melibatkan kendaraan lain di belakangnya.




Baca juga: Kasus Influenza di Lampung Naik Hampir 3 Kali Lipat, 669 Kasus hingga Oktober, Ada yang Meninggal
Keterangan Kepolisian
Kasat Lantas Polres Tulang Bawang Iptu Farhan Maulana Affianto membenarkan kejadian tersebut.Menurut Farhan, informasi sementara yang diperoleh petugas di lokasi menunjukkan asap kebakaran menjadi salah satu faktor yang mengganggu jarak pandang pengemudi.
""Berdasarkan keterangan sementara di TKP, kejadian bermula saat kendaraan boks mendahului kendaraan di depannya, dalam kondisi jalan tertutup asap kebakaran,"" kata Farhan, Selasa (6/10/2026).""Dari arah berlawanan datang kendaraan minibus, sehingga terjadi benturan dan kemudian memicu kecelakaan beruntun yang melibatkan kurang lebih 10 kendaraan,"" lanjutnya.
Sopir Terjepit, Kemacetan Mengular 4 Kilometer
Rekaman video yang diterima Kompas.com memperlihatkan kepulan asap pekat menyelimuti badan jalan.
Sejumlah kendaraan tampak berhenti dalam kondisi rusak setelah terlibat benturan.Dalam salah satu rekaman, seorang pria memperingatkan pengguna jalan mengenai kecelakaan di depan.
Ia juga menyebut seorang sopir masih terjepit dan belum berhasil dievakuasi.




  

""Mohon berhati-hati. Ada kecelakaan beruntun di depan. Ada mobil empat di depan. Satu mobil sopirnya kejepit, belum bisa dievakuasi,"" ujar pria tersebut dalam rekaman.",Kompas.com,"Dajan Peken, 82114, Tabanan, Tabanan, Bali, Indonesia",-8.536609490935,115.13552944186335,5,"2, 7","kejaksaan, kejatibali, kejaritabanan, tabanan, news"
Samsat Pajajaran Bandung Pindah ke Pusdai Parkir dan Layanan Jadi Alasannya,2026-10-06T01:48:00.000Z,"Kabupaten Tabanan, Bali, Indonesia","Samsat Pajajaran Bandung Pindah ke Pusdai, Parkir dan Layanan Jadi Alasannya - Kompas.com","BANDUNG, KOMPAS.com - Layanan Samsat Pajajaran resmi dipindahkan ke Bale Asri, kawasan Pusat Dakwah Islam (Pusdai) Jawa Barat, Kota Bandung, mulai Senin (5/10/2026).
Pemindahan dilakukan karena lokasi Samsat di Jalan Pajajaran dinilai kurang mendukung pelayanan, terutama akibat keterbatasan area parkir dan pemeriksaan kendaraan yang dilakukan di basement.Kepala Badan Pendapatan Daerah (Bapenda) Jabar Asep Supriatna mengatakan, lokasi baru dipilih untuk memberikan pelayanan yang lebih nyaman bagi masyarakat saat membayar pajak kendaraan.
""Pada prinsipnya, kami ingin terus meningkatkan layanan agar masyarakat nyaman,"" kata Asep dalam keterangan tertulisnya kepada Kompas.com, Selasa (6/10/2026).
Baca juga: Tak Sempat ke Samsat? Ini Cara Bayar Pajak Kendaraan oleh Orang Lain
Parkir sempit, pemeriksaan kendaraan di basement
Asep menjelaskan, kondisi lokasi Samsat Pajajaran di Jalan Pajajaran menjadi salah satu pertimbangan pemindahan.




Selain area parkir yang terbatas, pemeriksaan kendaraan dilakukan di basement sehingga dinilai kurang baik bagi petugas maupun masyarakat.
""Yang di Jalan Pajajaran itu ruang parkirnya kurang memadai. Pemeriksaan kendaraan juga di basement.","Kurang baik dari sisi kesehatan bagi petugas maupun masyarakat. Sehingga masyarakat juga mungkin kurang nyaman,"" ucap Asep.
Menurut Asep, rencana pemindahan tersebut telah disiapkan sejak sekitar satu tahun lalu, termasuk penyediaan berbagai fasilitas pendukung.Pemindahan Samsat Pajajaran juga menjadi bagian dari penataan dan pemanfaatan aset.
Baca juga: Cek Lokasi dan Jadwal Samsat Bandung, Warga Bisa Perpanjang STNK Tanpa Antre Panjang
Bale Asri punya parkir lebih luas
Di lokasi baru, masyarakat akan mendapatkan area parkir yang lebih luas serta tempat pelayanan yang dinilai lebih memadai.
""Di Bale Asri, fasilitasnya jauh lebih memadai, parkir luas dan tempat layanan lebih baik,"" ujarnya.
Asep berharap kondisi tersebut dapat meningkatkan kenyamanan masyarakat ketika mengakses layanan Samsat.Aktivitas Masjid Pusdai tetap berjalan
Meski layanan Samsat Pajajaran kini menempati Bale Asri, Asep memastikan aktivitas keagamaan di kawasan Pusdai tetap berjalan seperti biasa.
Masjid Pusdai tetap beroperasi dan pengelolaannya tidak berubah.","Pada Hari Selasa , 6 Oktober 2026 01:48, Tabanan, Tabanan, Bali

BANDUNG, KOMPAS.com - Layanan Samsat Pajajaran resmi dipindahkan ke Bale Asri, kawasan Pusat Dakwah Islam (Pusdai) Jawa Barat, Kota Bandung, mulai Senin (5/10/2026).
Pemindahan dilakukan karena lokasi Samsat di Jalan Pajajaran dinilai kurang mendukung pelayanan, terutama akibat keterbatasan area parkir dan pemeriksaan kendaraan yang dilakukan di basement.Kepala Badan Pendapatan Daerah (Bapenda) Jabar Asep Supriatna mengatakan, lokasi baru dipilih untuk memberikan pelayanan yang lebih nyaman bagi masyarakat saat membayar pajak kendaraan.
""Pada prinsipnya, kami ingin terus meningkatkan layanan agar masyarakat nyaman,"" kata Asep dalam keterangan tertulisnya kepada Kompas.com, Selasa (6/10/2026).
Baca juga: Tak Sempat ke Samsat? Ini Cara Bayar Pajak Kendaraan oleh Orang Lain
Parkir sempit, pemeriksaan kendaraan di basement
Asep menjelaskan, kondisi lokasi Samsat Pajajaran di Jalan Pajajaran menjadi salah satu pertimbangan pemindahan.




Selain area parkir yang terbatas, pemeriksaan kendaraan dilakukan di basement sehingga dinilai kurang baik bagi petugas maupun masyarakat.
""Yang di Jalan Pajajaran itu ruang parkirnya kurang memadai. Pemeriksaan kendaraan juga di basement. Kurang baik dari sisi kesehatan bagi petugas maupun masyarakat. Sehingga masyarakat juga mungkin kurang nyaman,"" ucap Asep.
Menurut Asep, rencana pemindahan tersebut telah disiapkan sejak sekitar satu tahun lalu, termasuk penyediaan berbagai fasilitas pendukung.Pemindahan Samsat Pajajaran juga menjadi bagian dari penataan dan pemanfaatan aset.
Baca juga: Cek Lokasi dan Jadwal Samsat Bandung, Warga Bisa Perpanjang STNK Tanpa Antre Panjang
Bale Asri punya parkir lebih luas
Di lokasi baru, masyarakat akan mendapatkan area parkir yang lebih luas serta tempat pelayanan yang dinilai lebih memadai.
""Di Bale Asri, fasilitasnya jauh lebih memadai, parkir luas dan tempat layanan lebih baik,"" ujarnya.
Asep berharap kondisi tersebut dapat meningkatkan kenyamanan masyarakat ketika mengakses layanan Samsat.Aktivitas Masjid Pusdai tetap berjalan
Meski layanan Samsat Pajajaran kini menempati Bale Asri, Asep memastikan aktivitas keagamaan di kawasan Pusdai tetap berjalan seperti biasa.
Masjid Pusdai tetap beroperasi dan pengelolaannya tidak berubah. Masjid tersebut tetap berada di bawah Dewan Kemakmuran Masjid (DKM) Pusdai.
""Masjid Pusdai dan area penunjang lainnya tetap akan dikelola oleh DKM Masjid Pusdai,"" pungkas Asep.




  

    
        Bayangkan seorang anak Indonesia bercita-cita menjadi dokter tetapi hanya memiliki satu buku lusuh untuk belajar. Bersama Ekspedisi Kata ke Nyata Kompas.com, Anda bisa membantu mengubah kisah itu. Mari hadirkan akses literasi bagi anak-anak di berbagai pelosok Indonesia melalui donasi lewat tautan https://bit.ly/JagatLiterasi2026. Setiap kebaikan yang Anda berikan bukan hanya membuka jendela pengetahuan, tetapi juga membuka masa depan mereka.",Kompas.com,"Dajan Peken, 82114, Tabanan, Tabanan, Bali, Indonesia",-8.536609490935,115.13552944186335,5,"2, 7","kejaksaan, kejatibali, kejaritabanan, tabanan, news"
Data Warga Surabaya yang KTPnya Dipinjam Bos untuk Beli Alphard Sudah Dipulihkan,2026-10-05T13:04:00.000Z,"Kabupaten Tabanan, Bali, Indonesia",Data Warga Surabaya yang KTP-nya Dipinjam Bos untuk Beli Alphard Sudah Dipulihkan - Kompas.com,"SURABAYA, KOMPAS.com - Dinas Komunikasi dan Informatika (Diskominfo) Kota Surabaya, Jawa Timur, menyebut data warga yang dicoret dari data penerima bantuan sosial (bansos) karena tercatat membeli mobil Alphard, kini sudah dipulihkan. Warga itu kembali terdaftar menjadi penerima bansos.
Kepala Dinas Komunikasi dan Informatika (Diskominfo) Kota Surabaya, Eddy Christijanto menerangkan, warga asal Manyar, Surabaya, itu dicoret dari daftar penerima bantuan sosial (bansos) karena namanya digunakan bosnya untuk membeli mobil Alphard.Setelah petugas turun ke lapangan, kondisi rumah dan sosial ekonomi warga itu sangat memprihatinkan.
Baca juga: Gara-gara KTP Dipinjam Bos untuk Beli Alphard, Warga Surabaya Gagal Terima Bansos
“Waktu itu dia enggak dapat bansos dari Pemkot.","Ketika dilihat datanya memiliki mobil dan dia menyatakan, iya namanya dipakai untuk (beli) mobil Alphard milik bosnya. Dan kita sampaikan harus memperbarui datanya dan untuk mobil harus balik nama ke pemilik,” ungkap Eddy, Senin (5/10/2026).
Eddy menuturkan, kasus tersebut terjadi pada 2024 saat dirinya masih menjabat di Dinas Kependudukan dan Pencatatan Sipil (Disdukcapil).




Baca juga: Eri Cahyadi Minta Warga Surabaya Tak Asal Pinjamkan KTP ke Orang Lain
Kini, data warga tersebut sudah dipulihkan sebagai penerima bansos.
“Kan setelah pengecekan di lapangan itu akhirnya tahu kalau memang ada kasus pinjam nama tadi, ya akhirnya dipulihkan lagi datanya,” ucapnya.
Tidak hanya itu, ia mengungkapkan masih banyak kasus serupa yang ditemukan di lapangan.Sebagai langkah antisipasi, pihaknya telah menerjunkan 14.000 agen yang terdiri dari camat, lurah, ASN Pendamping, Ketua RT/RW, hingga pendamping PKH untuk menyisir warga dari pintu ke pintu.
“Tujuannya agar akurasi data yang ada di Perlinsos (Perlindungan Sosial) Digital itu sama dengan yang di lapangan.","Pada Hari Senin , 5 Oktober 2026 13:04, Tabanan, Tabanan, Bali

SURABAYA, KOMPAS.com - Dinas Komunikasi dan Informatika (Diskominfo) Kota Surabaya, Jawa Timur, menyebut data warga yang dicoret dari data penerima bantuan sosial (bansos) karena tercatat membeli mobil Alphard, kini sudah dipulihkan. Warga itu kembali terdaftar menjadi penerima bansos.
Kepala Dinas Komunikasi dan Informatika (Diskominfo) Kota Surabaya, Eddy Christijanto menerangkan, warga asal Manyar, Surabaya, itu dicoret dari daftar penerima bantuan sosial (bansos) karena namanya digunakan bosnya untuk membeli mobil Alphard.Setelah petugas turun ke lapangan, kondisi rumah dan sosial ekonomi warga itu sangat memprihatinkan.
Baca juga: Gara-gara KTP Dipinjam Bos untuk Beli Alphard, Warga Surabaya Gagal Terima Bansos
“Waktu itu dia enggak dapat bansos dari Pemkot. Ketika dilihat datanya memiliki mobil dan dia menyatakan, iya namanya dipakai untuk (beli) mobil Alphard milik bosnya. Dan kita sampaikan harus memperbarui datanya dan untuk mobil harus balik nama ke pemilik,” ungkap Eddy, Senin (5/10/2026).
Eddy menuturkan, kasus tersebut terjadi pada 2024 saat dirinya masih menjabat di Dinas Kependudukan dan Pencatatan Sipil (Disdukcapil).




Baca juga: Eri Cahyadi Minta Warga Surabaya Tak Asal Pinjamkan KTP ke Orang Lain
Kini, data warga tersebut sudah dipulihkan sebagai penerima bansos.
“Kan setelah pengecekan di lapangan itu akhirnya tahu kalau memang ada kasus pinjam nama tadi, ya akhirnya dipulihkan lagi datanya,” ucapnya.
Tidak hanya itu, ia mengungkapkan masih banyak kasus serupa yang ditemukan di lapangan.Sebagai langkah antisipasi, pihaknya telah menerjunkan 14.000 agen yang terdiri dari camat, lurah, ASN Pendamping, Ketua RT/RW, hingga pendamping PKH untuk menyisir warga dari pintu ke pintu.
“Tujuannya agar akurasi data yang ada di Perlinsos (Perlindungan Sosial) Digital itu sama dengan yang di lapangan. Kegiatan sudah berlangsung mulai 18 Juni hingga 18 Juli 2026,” paparnya.
Hasilnya, dari jutaan warga yang disurvei, sebanyak 219.000 orang dinyatakan tidak ditemukan di alamat domisilinya, dan sekitar 26.000 orang lainnya tercatat telah meninggal dunia.
Tak hanya berpatokan pada desil
Sementara itu, Wali Kota Surabaya, Eri Cahyadi menegaskan bahwa Pemkot Surabaya kini tidak hanya berpatokan pada data desil, tetapi menerapkan skema penentuan prioritas penerima bantuan yang disepakati secara terbuka melalui musyawarah di tingkat Rukun Tetangga (RT).
Dalam musyawarah penentuan prioritas tersebut, pihaknya akan melibatkan Lurah, Camat, Ketua RT/RW, tokoh masyarakat, serta minimal tiga perempat warga dari wilayah RT setempat untuk memverifikasi kondisi ekonomi aktual setiap tetangga.
""Yang menentukan bukan hanya Pemkot, tapi seluruh warga di RT tersebut. Warga sendiri yang akan melihat dan menentukan, misalnya mana lansia yang belum dapat bantuan sama sekali dan tidak punya apa-apa, itu yang jadi prioritas pertama,"" jelas Eri.
Ia berharap seluruh warga Surabaya ikut mengawasi ketepatan penyaluran bantuan di lingkungannya masing-masing.
Ia meminta warga aktif saling menjaga dan memanfaatkan fitur aduan atau pengecekan seperti aplikasi Cek Wargaku.
""Ayo kita mulai lagi agar bantuan tepat sasaran. KTP-ne tulung dijogo, ojo disilihno gawe tuku mobil (KTP-nya tolong dijaga, jangan dipinjamkan untuk beli mobil). Mari kita pastikan bantuan ini benar-benar jatuh ke tangan warga yang membutuhkan,"" pungkasnya.




  



    
        Bayangkan seorang anak Indonesia bercita-cita menjadi dokter tetapi hanya memiliki satu buku lusuh untuk belajar. Bersama Ekspedisi Kata ke Nyata Kompas.com, Anda bisa membantu mengubah kisah itu. Mari hadirkan akses literasi bagi anak-anak di berbagai pelosok Indonesia melalui donasi lewat tautan https://bit.ly/JagatLiterasi2026. Setiap kebaikan yang Anda berikan bukan hanya membuka jendela pengetahuan, tetapi juga membuka masa depan mereka.",Kompas.com,"Dajan Peken, 82114, Tabanan, Tabanan, Bali, Indonesia",-8.536609490935,115.13552944186335,5,"2, 7","kejaksaan, kejatibali, kejaritabanan, tabanan, news"
Modus Korupsi Honor Imam dan Pendeta Rp 42 M di Polman Dana 2023 Tak Dicairkan dan Diduga Dipakai Pribadi,2026-10-06T12:27:00.000Z,"Kabupaten Tabanan, Bali, Indonesia","Modus Korupsi Honor Imam dan Pendeta Rp 4,2 M di Polman: Dana 2023 Tak Dicairkan dan Diduga Dipakai Pribadi - Kompas.com","POLEWALI MANDAR, KOMPAS.com - Kasus dugaan korupsi dana hibah honor rohaniwan pada Sekretariat Daerah Kabupaten Polewali Mandar (Polman), Sulawesi Barat, menyita perhatian publik.
Dana sebesar Rp 4,2 miliar yang semestinya menjadi hak para imam masjid, khatib, hingga pendeta diduga ditilep.
Pengusutan perkara ini kian bergulir tajam. Direktorat Reserse Kriminal Khusus (Ditreskrimsus) Polda Sulawesi Barat meningkatkan status penanganan perkara dari penyelidikan ke tingkat penyidikan, sekaligus menelusuri peran sejumlah pejabat daerah.Direktur Reserse Kriminal Khusus Polda Sulbar Kombes Pol Abd Asiz mengatakan, peningkatan status perkara ini dilakukan setelah penyidik menemukan indikasi kuat tindak pidana korupsi dalam pengelolaan dana yang melekat di Bagian Kesejahteraan Rakyat (Kesra) Setda Pemkab Polman tersebut.
Baca juga: Kasus Korupsi Honor Rohaniawan Polewali Mandar Rp 4,2 M Naik Penyidikan, 16 Camat dan Mantan Bupati Diperiksa 
“Dugaan korupsi dana kerohaniwan yang kami tangani saat ini sudah naik sidik.","Pihak penyidik sudah meningkatkan statusnya dari lidik menjadi sidik,” ujar Abd Asiz saat ditemui wartawan di ruang kerjanya di Mapolda Sulawesi Barat, Mamuju, Selasa (6/10/2026).




Gali lubang tutup lubang
Praktik dugaan penyimpangan ini terendus pada pengelolaan anggaran tahun anggaran (TA) 2023 dan 2024.
Hasil penyelidikan sementara menunjukkan adanya anggaran honorarium rohaniwan TA 2023 yang diduga kuat belum pernah dicairkan kepada para penerima manfaat.Memasuki TA 2024, anggaran yang baru dialokasikan justru diduga dipakai untuk mengangkangi kewajiban atau menutupi tunggakan pembayaran dari tahun sebelumnya.
Padahal, dana bernilai Rp 4,2 miliar tersebut dialokasikan secara khusus sebagai bentuk apresiasi dan dukungan bagi para pelayan umat, mulai dari imam masjid, khatib, hingga pendeta di wilayah Polewali Mandar.
Baca juga: Rumah Argentina Berdiri di Pesisir Polewali Mandar, Kisah Fanatisme Yusuf untuk Tim Tango
Mantan bupati hingga 16 camat diperiksa
Guna mengurai tuntas alur pengelolaan serta dugaan penyelewengan dana kerohaniwan tersebut, penyidik telah memanggil dan memeriksa puluhan saksi dari pelbagai tingkatan instansi.
Hingga saat ini, sebanyak 28 orang saksi telah dimintai keterangan. Jumlah tersebut mencakup 16 camat aktif di Kabupaten Polman serta jajaran pengelola keuangan daerah.
""Untuk mengusut tuntas kasus ini, penyidik telah memeriksa bendahara, mantan Kepala Bagian Kesra, penerima manfaat, hingga mantan Bupati Polman,"" tutur Abd Asiz.




  

    
        Bayangkan seorang anak Indonesia bercita-cita menjadi dokter tetapi hanya memiliki satu buku lusuh untuk belajar.","Pada Hari Selasa , 6 Oktober 2026 12:27, Tabanan, Tabanan, Bali

POLEWALI MANDAR, KOMPAS.com - Kasus dugaan korupsi dana hibah honor rohaniwan pada Sekretariat Daerah Kabupaten Polewali Mandar (Polman), Sulawesi Barat, menyita perhatian publik.
Dana sebesar Rp 4,2 miliar yang semestinya menjadi hak para imam masjid, khatib, hingga pendeta diduga ditilep.
Pengusutan perkara ini kian bergulir tajam. Direktorat Reserse Kriminal Khusus (Ditreskrimsus) Polda Sulawesi Barat meningkatkan status penanganan perkara dari penyelidikan ke tingkat penyidikan, sekaligus menelusuri peran sejumlah pejabat daerah.Direktur Reserse Kriminal Khusus Polda Sulbar Kombes Pol Abd Asiz mengatakan, peningkatan status perkara ini dilakukan setelah penyidik menemukan indikasi kuat tindak pidana korupsi dalam pengelolaan dana yang melekat di Bagian Kesejahteraan Rakyat (Kesra) Setda Pemkab Polman tersebut.
Baca juga: Kasus Korupsi Honor Rohaniawan Polewali Mandar Rp 4,2 M Naik Penyidikan, 16 Camat dan Mantan Bupati Diperiksa 
“Dugaan korupsi dana kerohaniwan yang kami tangani saat ini sudah naik sidik. Pihak penyidik sudah meningkatkan statusnya dari lidik menjadi sidik,” ujar Abd Asiz saat ditemui wartawan di ruang kerjanya di Mapolda Sulawesi Barat, Mamuju, Selasa (6/10/2026).




Gali lubang tutup lubang
Praktik dugaan penyimpangan ini terendus pada pengelolaan anggaran tahun anggaran (TA) 2023 dan 2024.
Hasil penyelidikan sementara menunjukkan adanya anggaran honorarium rohaniwan TA 2023 yang diduga kuat belum pernah dicairkan kepada para penerima manfaat.Memasuki TA 2024, anggaran yang baru dialokasikan justru diduga dipakai untuk mengangkangi kewajiban atau menutupi tunggakan pembayaran dari tahun sebelumnya.
Padahal, dana bernilai Rp 4,2 miliar tersebut dialokasikan secara khusus sebagai bentuk apresiasi dan dukungan bagi para pelayan umat, mulai dari imam masjid, khatib, hingga pendeta di wilayah Polewali Mandar.
Baca juga: Rumah Argentina Berdiri di Pesisir Polewali Mandar, Kisah Fanatisme Yusuf untuk Tim Tango
Mantan bupati hingga 16 camat diperiksa
Guna mengurai tuntas alur pengelolaan serta dugaan penyelewengan dana kerohaniwan tersebut, penyidik telah memanggil dan memeriksa puluhan saksi dari pelbagai tingkatan instansi.
Hingga saat ini, sebanyak 28 orang saksi telah dimintai keterangan. Jumlah tersebut mencakup 16 camat aktif di Kabupaten Polman serta jajaran pengelola keuangan daerah.
""Untuk mengusut tuntas kasus ini, penyidik telah memeriksa bendahara, mantan Kepala Bagian Kesra, penerima manfaat, hingga mantan Bupati Polman,"" tutur Abd Asiz.




  

    
        Bayangkan seorang anak Indonesia bercita-cita menjadi dokter tetapi hanya memiliki satu buku lusuh untuk belajar. Bersama Ekspedisi Kata ke Nyata Kompas.com, Anda bisa membantu mengubah kisah itu. Mari hadirkan akses literasi bagi anak-anak di berbagai pelosok Indonesia melalui donasi lewat tautan https://bit.ly/JagatLiterasi2026. Setiap kebaikan yang Anda berikan bukan hanya membuka jendela pengetahuan, tetapi juga membuka masa depan mereka.",Kompas.com,"Dajan Peken, 82114, Tabanan, Tabanan, Bali, Indonesia",-8.536609490935,115.13552944186335,5,"2, 7","kejaksaan, kejatibali, kejaritabanan, tabanan, news"
Pikiran Terbagi Saat Indonesia Lawan Thailand Cerita Syahroni Gagal Fokus Jualan Es Teh,2026-10-06T07:34:00.000Z,"Kabupaten Tabanan, Bali, Indonesia","Pikiran Terbagi Saat Indonesia Lawan Thailand, Cerita Syahroni ""Gagal Fokus"" Jualan Es Teh - Kompas.com","PEKALONGAN, KOMPAS.com – Papan berisi gelas-gelas es teh tetap berada di pundak Syahroni (36) saat ia menyusuri kerumunan warga di halaman Pendopo Rumah Dinas Bupati Pekalongan, Jawa Tengah, Senin (5/10/2026) malam.
Sepuluh gelas es teh tersusun di atas papan kayu yang dipanggulnya. Rezeki harus dicari, tetapi matanya tak sepenuhnya awas mengamati raut penonton yang kehausan.Sesekali ia mencuri pandang ke layar besar di depan.","Indonesia sedang bertanding melawan Thailand pada laga final FIFA ASEAN Cup 2026. Setiap sorakan riuh warga membuat langkah Syahroni terhenti, kepalanya spontan menoleh mencari angka di papan skor.
Baca juga: Alasan Tanggul Sungai Silempeng Pekalongan yang Jebol Ditangani Pakai Karung Tanah
Datang Bukan sebagai Penonton
Syahroni datang bukan sebagai penonton yang duduk manis.","Pada Hari Selasa , 6 Oktober 2026 07:34, Tabanan, Tabanan, Bali

PEKALONGAN, KOMPAS.com – Papan berisi gelas-gelas es teh tetap berada di pundak Syahroni (36) saat ia menyusuri kerumunan warga di halaman Pendopo Rumah Dinas Bupati Pekalongan, Jawa Tengah, Senin (5/10/2026) malam.
Sepuluh gelas es teh tersusun di atas papan kayu yang dipanggulnya. Rezeki harus dicari, tetapi matanya tak sepenuhnya awas mengamati raut penonton yang kehausan.Sesekali ia mencuri pandang ke layar besar di depan. Indonesia sedang bertanding melawan Thailand pada laga final FIFA ASEAN Cup 2026. Setiap sorakan riuh warga membuat langkah Syahroni terhenti, kepalanya spontan menoleh mencari angka di papan skor.
Baca juga: Alasan Tanggul Sungai Silempeng Pekalongan yang Jebol Ditangani Pakai Karung Tanah
Datang Bukan sebagai Penonton
Syahroni datang bukan sebagai penonton yang duduk manis. Ia memanggul papan dagangan sembari menawarkan es teh dari satu tangan ke tangan lain.
Di satu sisi, ada pertandingan Timnas Indonesia yang ingin ia saksikan. Di sisi lain, ada gelas-gelas es teh yang harus ludes terjual demi menyambung hidup.




""Ya, saya enggak fokus,"" kata Syahroni kepada Kompas.com, Senin malam.
Bukan karena tidak tahu apa yang harus dikerjakan, melainkan ada dua hal yang sama-sama penting baginya malam itu. Menonton Timnas adalah bentuk dukungan, sedangkan menjual es teh adalah cara menyambung kehidupan.
""Karena memang ramai banget, di sela-sela itu saya sering banget melirik layar nobar. Mengecek apakah Indonesia sudah tertinggal, apakah Indonesia sudah unggul angkanya atau belum,"" ujarnya.
Baca juga: Gaya Prabowo Saat Indonesia Menang atas Thailand Viral, Teddy: Selebrasi Power RangersSorakan Penonton Jadi ""Alarm""
Sorakan penonton menjadi tanda bagi Syahroni. Jika suara gemuruh membesar, kepalanya otomatis menoleh ke layar besar.
""Gak ingin kehilangan momen, tapi juga gak ingin kehilangan pembeli. Dua-duanya saya jalani malam ini,"" tuturnya sembari tersenyum.
Papan di pundaknya menjadi bukti bahwa dukungan terhadap Timnas Indonesia tak selalu hadir dengan duduk berjam-jam di depan layar.
""Ketika 90 menit berlangsung, ditambah tambahan waktu 30 menit, ditambah penalti, ya saya enggak fokus,"" katanya.
Meski pikirannya terbagi, usahanya tak sia-sia. Papan dagangannya berkali-kali kosong dan diisi ulang. Es teh yang dibawanya ludes terjual disorot ribuan pasang mata penonton.
""Alhamdulillah, laku cukup banyak. Bisa untuk hari-hari. Untuk hari ini, alhamdulillah cukup banyak. Tak kalah penting Indonesia menang. Juara,"" ucap Syahroni lega.
Bagi Syahroni dan pedagang kecil lainnya, euforia nonton bareng bukan sekadar ajang berkumpul warga, melainkan mendatangkan keberkahan rezeki.
""Kemenangan Timnas, berkumpulnya warga juga keberkahan rezeki bagi kami pedagang-pedagang kecil di kampung-kampung,"" pungkasnya.




  

    
        Bayangkan seorang anak Indonesia bercita-cita menjadi dokter tetapi hanya memiliki satu buku lusuh untuk belajar. Bersama Ekspedisi Kata ke Nyata Kompas.com, Anda bisa membantu mengubah kisah itu. Mari hadirkan akses literasi bagi anak-anak di berbagai pelosok Indonesia melalui donasi lewat tautan https://bit.ly/JagatLiterasi2026. Setiap kebaikan yang Anda berikan bukan hanya membuka jendela pengetahuan, tetapi juga membuka masa depan mereka.",Kompas.com,"Dajan Peken, 82114, Tabanan, Tabanan, Bali, Indonesia",-8.536609490935,115.13552944186335,5,"2, 7","kejaksaan, kejatibali, kejaritabanan, tabanan, news"
Dinsos Semarang Bakal Kirim Pulang PGOT Luar Kota ke Daerah Asal,2026-10-06T10:55:00.000Z,"Kabupaten Tabanan, Bali, Indonesia",Dinsos Semarang Bakal Kirim Pulang PGOT Luar Kota ke Daerah Asal - Kompas.com,"SEMARANG, KOMPAS.com – Potret memprihatinkan seorang warga yang tidur beralaskan terpal tipis di trotoar kawasan Banyumanik dan pertamanan Kampung Kali mendadak ramai disorot di media sosial.
Kondisi tunawisma yang terbiarkan beratap langit di pinggir jalan protokol Kota Semarang tersebut memicu gelombang keprihatinan sekaligus desakan publik agar pemerintah kota segera bertindak.Menanggapi aduan warga yang tular di jagat maya, Dinas Sosial (Dinsos) Kota Semarang bersama Satuan Polisi Pamong Praja (Satpol PP) menyisir lokasi rawan keberadaan Pengemis, Gelandangan, dan Orang Terlantar (PGOT).
Baca juga: 40 Gelandangan dan Pengemis di Sumenep Terima Beras Hingga Telur Gratis
Dalam operasi penjangkauan tersebut, petugas menemukan seorang wanita beserta anak balitanya yang berada di lokasi. Petugas gabungan langsung mengamankan dan membawa keduanya ke panti penampungan untuk menjalani proses asesmen serta pendataan identitas.
Kepala Dinas Sosial Kota Semarang Moh Agus Junaidi mengonfirmasi bahwa penanganan penjangkauan bersama Satpol PP telah rampung dilakukan di lapangan.","Pihaknya memastikan penanganan tidak berhenti pada tindakan penertiban fisik semata, melainkan dilanjutkan dengan pemetaan status kependudukan.




""Dinsos akan melakukan pengecekan identitas dan edukasi kepada PGOT,"" kata Agus saat dikonfirmasi Kompas.com, Selasa (6/10/2026).
Skema Pemulangan PGOT
KOMPAS.COM/FATAH AKROM PENDATAAN DINSOS. Petugas Dinsos Kota Semarang bersama Satpol PP mendata seorang wanita dan anak balita yang diamankan usai penjangkauan PGOT di Semarang, Jawa Tengah, Selasa (6/10/2026).Agus menerangkan, dari hasil asesmen identitas tersebut, Dinsos menyiapkan dua opsi penanganan jangka panjang.
Bagi warga terlantar yang terdata bukan sebagai pemegang KTP Kota Semarang, Dinsos akan memfasilitasi pemulangan ke daerah asalnya melalui koordinasi antarwilayah.
""Jika PGOT beridentitas bukan Kota Semarang, maka Dinsos Kota Semarang akan berkoordinasi dengan Dinsos kabupaten/kota asal PGOT guna reunifikasi ke daerah asal,"" terang Agus.
Sementara itu, bagi warga terjaring yang terdaftar sebagai warga lokal Kota Semarang, pihak dinas memprioritaskan pemulangan ke keluarga atau rujukan ke panti pelayanan sosial.
""Jika PGOT beridentitas warga Kota Semarang, maka akan diberikan edukasi dan reunifikasi ke keluarga serta rujukan ke panti pelayanan sosial berdasarkan hasil asesmen,"" tegasnya.
Tantangan Penataan Ruang Publik
Fenomena maraknya PGOT di titik-titik strategis Kota Semarang terus menjadi tantangan penataan ruang publik.
Langkah tegas dan terukur dari Pemkot Semarang ini diharapkan tak sekadar menertibkan pemandangan kota, namun betul-betul memberikan perlindungan sosial yang memadai bagi kelompok rentan.




  

    
        Bayangkan seorang anak Indonesia bercita-cita menjadi dokter tetapi hanya memiliki satu buku lusuh untuk belajar.","Pada Hari Selasa , 6 Oktober 2026 10:55, Tabanan, Tabanan, Bali

SEMARANG, KOMPAS.com – Potret memprihatinkan seorang warga yang tidur beralaskan terpal tipis di trotoar kawasan Banyumanik dan pertamanan Kampung Kali mendadak ramai disorot di media sosial.
Kondisi tunawisma yang terbiarkan beratap langit di pinggir jalan protokol Kota Semarang tersebut memicu gelombang keprihatinan sekaligus desakan publik agar pemerintah kota segera bertindak.Menanggapi aduan warga yang tular di jagat maya, Dinas Sosial (Dinsos) Kota Semarang bersama Satuan Polisi Pamong Praja (Satpol PP) menyisir lokasi rawan keberadaan Pengemis, Gelandangan, dan Orang Terlantar (PGOT).
Baca juga: 40 Gelandangan dan Pengemis di Sumenep Terima Beras Hingga Telur Gratis
Dalam operasi penjangkauan tersebut, petugas menemukan seorang wanita beserta anak balitanya yang berada di lokasi. Petugas gabungan langsung mengamankan dan membawa keduanya ke panti penampungan untuk menjalani proses asesmen serta pendataan identitas.
Kepala Dinas Sosial Kota Semarang Moh Agus Junaidi mengonfirmasi bahwa penanganan penjangkauan bersama Satpol PP telah rampung dilakukan di lapangan. Pihaknya memastikan penanganan tidak berhenti pada tindakan penertiban fisik semata, melainkan dilanjutkan dengan pemetaan status kependudukan.




""Dinsos akan melakukan pengecekan identitas dan edukasi kepada PGOT,"" kata Agus saat dikonfirmasi Kompas.com, Selasa (6/10/2026).
Skema Pemulangan PGOT
KOMPAS.COM/FATAH AKROM PENDATAAN DINSOS. Petugas Dinsos Kota Semarang bersama Satpol PP mendata seorang wanita dan anak balita yang diamankan usai penjangkauan PGOT di Semarang, Jawa Tengah, Selasa (6/10/2026).Agus menerangkan, dari hasil asesmen identitas tersebut, Dinsos menyiapkan dua opsi penanganan jangka panjang.
Bagi warga terlantar yang terdata bukan sebagai pemegang KTP Kota Semarang, Dinsos akan memfasilitasi pemulangan ke daerah asalnya melalui koordinasi antarwilayah.
""Jika PGOT beridentitas bukan Kota Semarang, maka Dinsos Kota Semarang akan berkoordinasi dengan Dinsos kabupaten/kota asal PGOT guna reunifikasi ke daerah asal,"" terang Agus.
Sementara itu, bagi warga terjaring yang terdaftar sebagai warga lokal Kota Semarang, pihak dinas memprioritaskan pemulangan ke keluarga atau rujukan ke panti pelayanan sosial.
""Jika PGOT beridentitas warga Kota Semarang, maka akan diberikan edukasi dan reunifikasi ke keluarga serta rujukan ke panti pelayanan sosial berdasarkan hasil asesmen,"" tegasnya.
Tantangan Penataan Ruang Publik
Fenomena maraknya PGOT di titik-titik strategis Kota Semarang terus menjadi tantangan penataan ruang publik.
Langkah tegas dan terukur dari Pemkot Semarang ini diharapkan tak sekadar menertibkan pemandangan kota, namun betul-betul memberikan perlindungan sosial yang memadai bagi kelompok rentan.




  

    
        Bayangkan seorang anak Indonesia bercita-cita menjadi dokter tetapi hanya memiliki satu buku lusuh untuk belajar. Bersama Ekspedisi Kata ke Nyata Kompas.com, Anda bisa membantu mengubah kisah itu. Mari hadirkan akses literasi bagi anak-anak di berbagai pelosok Indonesia melalui donasi lewat tautan https://bit.ly/JagatLiterasi2026. Setiap kebaikan yang Anda berikan bukan hanya membuka jendela pengetahuan, tetapi juga membuka masa depan mereka.",Kompas.com,"Dajan Peken, 82114, Tabanan, Tabanan, Bali, Indonesia",-8.536609490935,115.13552944186335,5,"2, 7","kejaksaan, kejatibali, kejaritabanan, tabanan, news"
Dispursip Palangka Raya Gelar Pemilihan Duta Baca di Luar Ruangan Diselimuti Kabut Asap,2026-10-06T06:25:00.000Z,"Kabupaten Tabanan, Bali, Indonesia","Dispursip Palangka Raya Gelar Pemilihan Duta Baca di Luar Ruangan, Diselimuti Kabut Asap - Kompas.com","PALANGKA RAYA, KOMPAS.com - Dinas Perpustakaan dan Arsip (Dispursip) Palangka Raya, Kalimantan Tengah menggelar acara puncak pemilihan Duta Baca Palangka Raya 2026, Selasa (6/10/2026).
Acara tersebut dilaksanakan di luar ruangan yang diselimuti kabut asap akibat kebakaran hutan dan lahan (karhutla).
Acara yang mengundang siswa SMP dan SMA sederajat itu dilaksanakan di Halaman Dispursip Palangka Raya, Jalan Diponegoro.Berdasarkan aplikasi ISPU KLH, indikator kualitas udara menunjukkan kategori Berbahaya dengan angka di atas 1.000.
Berdasarkan keterangan dalam ISPU KLH, kualitas udara tersebut dapat merugikan kesehatan serius pada populasi dan perlu penanganan cepat.
Rekomendasi juga berisi saran agar masyarakat tetap berada di dalam ruangan dan hanya melakukan sedikit aktivitas jika ke luar.




Baca juga: Kabut Asap Karhutla Selimuti Palangka Raya Selama 2 Bulan, Warga: Tidak Ada Perubahan
Pantauan Kompas.com, saat acara pemilihan Duta Baca Palangka Raya 2026, para peserta dan hadirin sebagian tampak melepaskan masker.
Asap juga tampak di Jalan Diponegoro, termasuk Kantor Dispursip Palangka Raya.Dalam seremonial tersebut, pihak panitia mengumumkan pemenang pemilihan Duta Baca tahun ini.Para pemenang dipanggil untuk berdiri di atas panggung dan menerima hadiah.
Penjelasan Dispursip
Kepala Dispursip Palangka Raya, M Setiadi Hidayat menjelaskan, acara tersebut kurang lebih dilaksanakan selama tiga hari.
Dua hari pertama telah dilaksanakan di dalam ruangan.
“Di dalam ruangan kami siapkan aula, sementara yang hari ini, ini puncaknya, sudah ada penentuan juaranya, baik SMP dan SMA, semua itu ada juara 1-3 dan juara harapan 1-3,” kata Setiadi saat dikonfirmasi awak media usai acara, Selasa.
Baca juga: Tangani Gangguan Kesehatan Akibat Asap Karhutla, Dinkes Palangka Raya Siapkan Home Care
Ditanya soal pelaksanaan acara di luar ruangan dan di tengah kabut asap, Setiadi menyatakan memang acara sudah seharusnya di luar, karena terlalu sempit jika digelar di dalam ruangan.




  

“Harusnya memang di luar, kalau di (dalam) ruangan itu terlalu kecil tempatnya,” kata Setiadi..",,"Pada Hari Selasa , 6 Oktober 2026 06:25, Tabanan, Tabanan, Bali

PALANGKA RAYA, KOMPAS.com - Dinas Perpustakaan dan Arsip (Dispursip) Palangka Raya, Kalimantan Tengah menggelar acara puncak pemilihan Duta Baca Palangka Raya 2026, Selasa (6/10/2026).
Acara tersebut dilaksanakan di luar ruangan yang diselimuti kabut asap akibat kebakaran hutan dan lahan (karhutla).
Acara yang mengundang siswa SMP dan SMA sederajat itu dilaksanakan di Halaman Dispursip Palangka Raya, Jalan Diponegoro.Berdasarkan aplikasi ISPU KLH, indikator kualitas udara menunjukkan kategori Berbahaya dengan angka di atas 1.000.
Berdasarkan keterangan dalam ISPU KLH, kualitas udara tersebut dapat merugikan kesehatan serius pada populasi dan perlu penanganan cepat.
Rekomendasi juga berisi saran agar masyarakat tetap berada di dalam ruangan dan hanya melakukan sedikit aktivitas jika ke luar.




Baca juga: Kabut Asap Karhutla Selimuti Palangka Raya Selama 2 Bulan, Warga: Tidak Ada Perubahan
Pantauan Kompas.com, saat acara pemilihan Duta Baca Palangka Raya 2026, para peserta dan hadirin sebagian tampak melepaskan masker.
Asap juga tampak di Jalan Diponegoro, termasuk Kantor Dispursip Palangka Raya.Dalam seremonial tersebut, pihak panitia mengumumkan pemenang pemilihan Duta Baca tahun ini.Para pemenang dipanggil untuk berdiri di atas panggung dan menerima hadiah.
Penjelasan Dispursip
Kepala Dispursip Palangka Raya, M Setiadi Hidayat menjelaskan, acara tersebut kurang lebih dilaksanakan selama tiga hari.
Dua hari pertama telah dilaksanakan di dalam ruangan.
“Di dalam ruangan kami siapkan aula, sementara yang hari ini, ini puncaknya, sudah ada penentuan juaranya, baik SMP dan SMA, semua itu ada juara 1-3 dan juara harapan 1-3,” kata Setiadi saat dikonfirmasi awak media usai acara, Selasa.
Baca juga: Tangani Gangguan Kesehatan Akibat Asap Karhutla, Dinkes Palangka Raya Siapkan Home Care
Ditanya soal pelaksanaan acara di luar ruangan dan di tengah kabut asap, Setiadi menyatakan memang acara sudah seharusnya di luar, karena terlalu sempit jika digelar di dalam ruangan.




  

“Harusnya memang di luar, kalau di (dalam) ruangan itu terlalu kecil tempatnya,” kata Setiadi.",Kompas.com,"Dajan Peken, 82114, Tabanan, Tabanan, Bali, Indonesia",-8.536609490935,115.13552944186335,5,"2, 7","kejaksaan, kejatibali, kejaritabanan, tabanan, news"
Potret SDN 005 Bang Biau Kaltara Hanya Memiliki 3 Murid dan 5 Guru dengan Kelas Rangkap,2026-10-06T09:12:00.000Z,"Kabupaten Tabanan, Bali, Indonesia",Potret SDN 005 Bang Biau Kaltara: Hanya Memiliki 3 Murid dan 5 Guru dengan Kelas Rangkap - Kompas.com,"MALINAU, KOMPAS.com – Sebuah unggahan di media sosial memperlihatkan potret pendidikan di wilayah pelosok Kalimantan Utara.
Dalam momen upacara bendera pada Senin (5/10/2026), hanya tampak dua murid berseragam putih merah berdiri tegak di lapangan rumput yang dikelilingi hutan lebat. Tidak ada barisan di samping maupun di belakang mereka.
Peristiwa tersebut merupakan bagian dari aktivitas di SDN 005 Mentarang Hulu, Dusun Bang Biau, Desa Lung Barang, Kecamatan Mentarang Hulu, Kabupaten Malinau, Kalimantan Utara.""Ada tiga murid dan lima guru di SDN 005 Mentarang Hulu.","Satu murid berada di kelas 1 dan sisanya di kelas 2. Tapi aktivitas belajar mengajar tetap normal setiap jam sekolah,"" ujar Kepala Dinas Pendidikan Malinau Muhammad Fiteriadi saat dihubungi, Selasa (6/10/2026).
Baca juga: Potret SD Mirip Kandang Ayam di Gowa, Siswa Kelas 1-6 Digabung
Pada upacara bendera tersebut, satu murid berhalangan hadir sehingga hanya dua siswa yang tampak mengikuti prosesi di bawah bimbingan para guru.




Fiteriadi menceritakan, sekolah ini awalnya merupakan SD Filial (kelas jauh) di bawah naungan SDN 001 Lung Barang.
Akses dari Lung Barang menuju Bang Biau membutuhkan waktu hingga satu hari berjalan kaki melintasi medan pedalaman.","Pada Hari Selasa , 6 Oktober 2026 09:12, Tabanan, Tabanan, Bali

MALINAU, KOMPAS.com – Sebuah unggahan di media sosial memperlihatkan potret pendidikan di wilayah pelosok Kalimantan Utara.
Dalam momen upacara bendera pada Senin (5/10/2026), hanya tampak dua murid berseragam putih merah berdiri tegak di lapangan rumput yang dikelilingi hutan lebat. Tidak ada barisan di samping maupun di belakang mereka.
Peristiwa tersebut merupakan bagian dari aktivitas di SDN 005 Mentarang Hulu, Dusun Bang Biau, Desa Lung Barang, Kecamatan Mentarang Hulu, Kabupaten Malinau, Kalimantan Utara.""Ada tiga murid dan lima guru di SDN 005 Mentarang Hulu. Satu murid berada di kelas 1 dan sisanya di kelas 2. Tapi aktivitas belajar mengajar tetap normal setiap jam sekolah,"" ujar Kepala Dinas Pendidikan Malinau Muhammad Fiteriadi saat dihubungi, Selasa (6/10/2026).
Baca juga: Potret SD Mirip Kandang Ayam di Gowa, Siswa Kelas 1-6 Digabung
Pada upacara bendera tersebut, satu murid berhalangan hadir sehingga hanya dua siswa yang tampak mengikuti prosesi di bawah bimbingan para guru.




Fiteriadi menceritakan, sekolah ini awalnya merupakan SD Filial (kelas jauh) di bawah naungan SDN 001 Lung Barang.
Akses dari Lung Barang menuju Bang Biau membutuhkan waktu hingga satu hari berjalan kaki melintasi medan pedalaman. Jarak yang jauh dan akses yang berat dinilai tidak memungkinkan untuk ditempuh anak-anak setiap hari.
""Menjawab tantangan tersebut, Pemkab Malinau mengambil langkah cepat dan konkret. Demi menjamin hak dasar pendidikan anak-anak pedalaman, pemerintah memekarkan status sekolah filial tersebut menjadi sekolah mandiri dengan menerbitkan penetapan SDN 005 Bang Biau,"" tutur Fiteriadi.Komitmen Pendidikan di Wilayah 3T
Fiteriadi menegaskan, penegerian sekolah tersebut menjadi bukti hadirnya negara di garis terdepan agar anak-anak di daerah pedalaman tetap mendapatkan hak pendidikan.
""Di pelosok negeri, kondisi geografis masih sangat mempengaruhi jumlah murid sekolah. Akses jalan yang buruk dan sangat jauh menjadi alasan murid sekolah hanya beberapa saja,"" jelasnya.
Menurut Fiteriadi, populasi penduduk di Bang Biau berkisar puluhan jiwa, dan anak usia sekolah dasar saat ini memang hanya berjumlah tiga orang tersebut. Sementara itu, anak-anak lainnya belum cukup umur untuk masuk SD.
""Pemerintah Kabupaten Malinau berkomitmen memberikan akses seluas-luasnya bagi anak-anak kita. Jangan alasan akses sulit, alasan murid sedikit, menjadikan aktivitas belajar mengajar terhenti,"" kata Fiteriadi.
Baca juga: Dua Kali Kecelakaan, Guru Jihan Tetap Tempuh 140 Km demi Anak-anak di Lereng Pasuruan
Penerapan Metode Kelas Rangkap
Untuk mengoptimalkan proses belajar mengajar di wilayah dengan populasi minim, Dinas Pendidikan Malinau menerapkan metode kelas rangkap (multigrade teaching).
""Untuk wilayah terpencil dengan populasi minim, kami mengoptimalkan sekolah kecil atau sekolah terpencil dengan kelas rangkap (multigrade teaching), agar proses belajar tetap efektif,"" imbuhnya.
Pemkab Malinau juga memberikan apresiasi tinggi kepada para guru yang bertugas di wilayah Tertinggal, Terdepan, dan Terluar (3T). Pemenuhan hak pendidik terus diupayakan melalui Tunjangan Khusus Guru (TKG), penyediaan fasilitas tinggal yang layak, serta peningkatan konektivitas pendukung.




  

    
        Bayangkan seorang anak Indonesia bercita-cita menjadi dokter tetapi hanya memiliki satu buku lusuh untuk belajar. Bersama Ekspedisi Kata ke Nyata Kompas.com, Anda bisa membantu mengubah kisah itu. Mari hadirkan akses literasi bagi anak-anak di berbagai pelosok Indonesia melalui donasi lewat tautan https://bit.ly/JagatLiterasi2026. Setiap kebaikan yang Anda berikan bukan hanya membuka jendela pengetahuan, tetapi juga membuka masa depan mereka.",Kompas.com,"Dajan Peken, 82114, Tabanan, Tabanan, Bali, Indonesia",-8.536609490935,115.13552944186335,5,"2, 7","kejaksaan, kejatibali, kejaritabanan, tabanan, news"
Mayjen Nefra Firdaus Ditunjuk jadi Pangdam Pertama Kodam XXVIIIMoloku Kie Raha,2026-10-05T04:43:00.000Z,"Kabupaten Tabanan, Bali, Indonesia",Mayjen Nefra Firdaus Ditunjuk jadi Pangdam Pertama Kodam XXVIII/Moloku Kie Raha - Kompas.com,"TERNATE, KOMPAS.com - Mayor Jenderal (Mayjen) TNI Nefra Firdaus ditunjuk menjadi Panglima Komando Daerah Militer (Pangdam) XXVIII/Moloku Kie Raha di Provinsi Maluku Utara.
Nefra Firdaus yang sebelumnya menjabat Kepala Staf Kodam (Kasdam) XV/Pattimura akan menjadi Pangdam pertama setelah Kodam XXVIII/Moloku Kie Raha resmi dibentuk.Danrem 152/Baabullah, Brigjen TNI Enoh Solehudin mengatakan, penunjukan Nefra Firdaus tinggal menunggu peresmian oleh Presiden Prabowo Subianto di Mabes TNI, Cilangkap.
""Pangdam sudah ditunjuk, tinggal nanti diresmikan di Cilangkap, Mabes TNI oleh Bapak Presiden, yaitu Mayor Jenderal Nefra Firdaus yang sebelumnya menjabat Kasdam XV/Pattimura,"" ujar Enoh saat ditemui seusai memimpin upacara HUT ke-81 TNI di lapangan Makorem 152/Baabullah, Ternate, Senin (5/10/2026).
Baca juga: Pangdam Pattimura: 75 Senjata Api dan 1.069 Amunisi Diserahkan Warga, Peninggalan Konflik 1999
Setelah diresmikan, Kodam XXVIII/Moloku Kie Raha untuk sementara akan berkantor di Markas Korem 152/Baabullah, Ternate.




Sementara itu, Korem 152/Baabullah akan dipindahkan ke gedung Sanggar Kegiatan Bersama (SKB) Ternate.
Menurut Enoh, pembentukan Kodam baru diharapkan dapat memperkuat kondisi keamanan di Maluku Utara sekaligus membuka lebih banyak peluang bagi putra-putri daerah untuk menjadi prajurit TNI.
""Mudahan-mudahan dengan adanya Kodam, Maluku Utara tambah kondusif, dan kepada masyarakat tentunya dengan adanya Kodam baru, putra-putri daerah akan banyak alokasi untuk menjadi prajurit TNI,"" kata Enoh.
Rencana Dua Korem
Selain pembentukan Kodam, struktur komando kewilayahan TNI AD di Maluku Utara juga akan dikembangkan.
Baca juga: Prabowo Janji Kapolda-Pangdam Riau Dapat Kenaikan Pangkat jika Bisa Padamkan Karhutla
Enoh mengatakan, berdasarkan kajian yang dilakukan, nantinya akan direncanakan dua Korem, yakni Korem tipe A di Kota Ternate dan Korem tipe B di wilayah Kepulauan Halmahera.
Kedua Korem tersebut nantinya akan membawahi sejumlah Komando Distrik Militer (Kodim) yang berada di wilayah Maluku Utara.
""Nanti tentunya dengan adanya kajian-kajian, rencana ada dua Korem tipe A di Kota Ternate, dan tipe B di Kepulauan Halmahera membawahi Kodim-Kodim di Halmahera,"" ujarnya.
Profil Mayjen Nefra Firdaus
Mayjen TNI Nefra Firdaus merupakan lulusan Akademi Militer (Akmil) tahun 1992.Pria kelahiran Padangsidimpuan, Sumatera Utara, 5 September 1969, tersebut saat ini tercatat sebagai Dekan Fakultas Keamanan Nasional Universitas Pertahanan Republik Indonesia (Unhan RI).
Ia juga pernah menjabat Kasdam XV/Pattimura sebelum ditunjuk menjadi Pangdam XXVIII/Moloku Kie Raha.
Baca juga: Pangdam Udayana Lapor ke Prabowo: 5 Yon TP Dikerahkan Bantu Korban Gempa NTT
Dalam perjalanan pendidikannya, Nefra mengikuti sejumlah pendidikan dan kursus militer, di antaranya Sussarcabif pada 1992, Dik PARA, Dik Gultor, Selapa I/Infanteri pada 1997, Selapa II/Infanteri pada 2000, Dikreg Sesko TNI pada 2015, serta PPRA LVIII Lemhannas RI pada 2018.
Sejumlah jabatan strategis juga pernah diembannya, antara lain Komandan Batalyon 812/Bantuan Sat 81/Kopassus, Komandan Kodim 1415/Selayar, Komandan Brigif 16/Wira Yudha, Asisten Teritorial Kasdam Iskandar Muda, dan Komandan Korem 012/Teuku Umar.
Nefra kemudian dipercaya menjadi Kepala Dinas Penerangan TNI AD pada 2020-2021, Wair Kodiklatad pada 2021-2024, sebelum menjabat Kasdam XV/Pattimura mulai 1 April 2024.
Kodam Maluku Utara Berkedudukan di Sofifi
Kodam XXVIII/Moloku Kie Raha merupakan satuan baru dalam struktur komando kewilayahan TNI Angkatan Darat.
Markas Kodam baru tersebut dipersiapkan berkedudukan di Sofifi, ibu kota Provinsi Maluku Utara.
Sebelumnya, Pangdam XV/Pattimura Mayjen TNI Dody Triwinarto mengatakan Kodam Maluku Utara dijadwalkan diresmikan pada 5 Oktober 2026, bertepatan dengan peringatan HUT ke-81 TNI.
""Insya Allah, kantor Kodam baru akan diresmikan pada 5 Oktober mendatang,"" kata Dody di Kantor Korem 152/Baabullah, Ternate, Jumat (2/10/2026).
Markas Kodam tersebut dipersiapkan di kawasan eks lahan Hak Guna Bangunan (HGB) 03 milik PT Darko di Sofifi.
Kawasan itu nantinya menjadi pusat komando TNI Angkatan Darat untuk wilayah Maluku Utara.
Selain Kodam XXVIII/Moloku Kie Raha di Maluku Utara, lima Kodam baru lainnya juga diresmikan, yakni di Daerah Istimewa Yogyakarta (DIY), Papua Tengah, Nusa Tenggara Timur (NTT), Kepulauan Riau, dan Nusa Tenggara Barat (NTB)




  

    
        Bayangkan seorang anak Indonesia bercita-cita menjadi dokter tetapi hanya memiliki satu buku lusuh untuk belajar. Bersama Ekspedisi Kata ke Nyata Kompas.com, Anda bisa membantu mengubah kisah itu.","Mari hadirkan akses literasi bagi anak-anak di berbagai pelosok Indonesia melalui donasi lewat tautan https://bit.ly/JagatLiterasi2026. Setiap kebaikan yang Anda berikan bukan hanya membuka jendela pengetahuan, tetapi juga membuka masa depan mereka..","Pada Hari Senin , 5 Oktober 2026 04:43, Tabanan, Tabanan, Bali

TERNATE, KOMPAS.com - Mayor Jenderal (Mayjen) TNI Nefra Firdaus ditunjuk menjadi Panglima Komando Daerah Militer (Pangdam) XXVIII/Moloku Kie Raha di Provinsi Maluku Utara.
Nefra Firdaus yang sebelumnya menjabat Kepala Staf Kodam (Kasdam) XV/Pattimura akan menjadi Pangdam pertama setelah Kodam XXVIII/Moloku Kie Raha resmi dibentuk.Danrem 152/Baabullah, Brigjen TNI Enoh Solehudin mengatakan, penunjukan Nefra Firdaus tinggal menunggu peresmian oleh Presiden Prabowo Subianto di Mabes TNI, Cilangkap.
""Pangdam sudah ditunjuk, tinggal nanti diresmikan di Cilangkap, Mabes TNI oleh Bapak Presiden, yaitu Mayor Jenderal Nefra Firdaus yang sebelumnya menjabat Kasdam XV/Pattimura,"" ujar Enoh saat ditemui seusai memimpin upacara HUT ke-81 TNI di lapangan Makorem 152/Baabullah, Ternate, Senin (5/10/2026).
Baca juga: Pangdam Pattimura: 75 Senjata Api dan 1.069 Amunisi Diserahkan Warga, Peninggalan Konflik 1999
Setelah diresmikan, Kodam XXVIII/Moloku Kie Raha untuk sementara akan berkantor di Markas Korem 152/Baabullah, Ternate.




Sementara itu, Korem 152/Baabullah akan dipindahkan ke gedung Sanggar Kegiatan Bersama (SKB) Ternate.
Menurut Enoh, pembentukan Kodam baru diharapkan dapat memperkuat kondisi keamanan di Maluku Utara sekaligus membuka lebih banyak peluang bagi putra-putri daerah untuk menjadi prajurit TNI.
""Mudahan-mudahan dengan adanya Kodam, Maluku Utara tambah kondusif, dan kepada masyarakat tentunya dengan adanya Kodam baru, putra-putri daerah akan banyak alokasi untuk menjadi prajurit TNI,"" kata Enoh.
Rencana Dua Korem
Selain pembentukan Kodam, struktur komando kewilayahan TNI AD di Maluku Utara juga akan dikembangkan.
Baca juga: Prabowo Janji Kapolda-Pangdam Riau Dapat Kenaikan Pangkat jika Bisa Padamkan Karhutla
Enoh mengatakan, berdasarkan kajian yang dilakukan, nantinya akan direncanakan dua Korem, yakni Korem tipe A di Kota Ternate dan Korem tipe B di wilayah Kepulauan Halmahera.
Kedua Korem tersebut nantinya akan membawahi sejumlah Komando Distrik Militer (Kodim) yang berada di wilayah Maluku Utara.
""Nanti tentunya dengan adanya kajian-kajian, rencana ada dua Korem tipe A di Kota Ternate, dan tipe B di Kepulauan Halmahera membawahi Kodim-Kodim di Halmahera,"" ujarnya.
Profil Mayjen Nefra Firdaus
Mayjen TNI Nefra Firdaus merupakan lulusan Akademi Militer (Akmil) tahun 1992.Pria kelahiran Padangsidimpuan, Sumatera Utara, 5 September 1969, tersebut saat ini tercatat sebagai Dekan Fakultas Keamanan Nasional Universitas Pertahanan Republik Indonesia (Unhan RI).
Ia juga pernah menjabat Kasdam XV/Pattimura sebelum ditunjuk menjadi Pangdam XXVIII/Moloku Kie Raha.
Baca juga: Pangdam Udayana Lapor ke Prabowo: 5 Yon TP Dikerahkan Bantu Korban Gempa NTT
Dalam perjalanan pendidikannya, Nefra mengikuti sejumlah pendidikan dan kursus militer, di antaranya Sussarcabif pada 1992, Dik PARA, Dik Gultor, Selapa I/Infanteri pada 1997, Selapa II/Infanteri pada 2000, Dikreg Sesko TNI pada 2015, serta PPRA LVIII Lemhannas RI pada 2018.
Sejumlah jabatan strategis juga pernah diembannya, antara lain Komandan Batalyon 812/Bantuan Sat 81/Kopassus, Komandan Kodim 1415/Selayar, Komandan Brigif 16/Wira Yudha, Asisten Teritorial Kasdam Iskandar Muda, dan Komandan Korem 012/Teuku Umar.
Nefra kemudian dipercaya menjadi Kepala Dinas Penerangan TNI AD pada 2020-2021, Wair Kodiklatad pada 2021-2024, sebelum menjabat Kasdam XV/Pattimura mulai 1 April 2024.
Kodam Maluku Utara Berkedudukan di Sofifi
Kodam XXVIII/Moloku Kie Raha merupakan satuan baru dalam struktur komando kewilayahan TNI Angkatan Darat.
Markas Kodam baru tersebut dipersiapkan berkedudukan di Sofifi, ibu kota Provinsi Maluku Utara.
Sebelumnya, Pangdam XV/Pattimura Mayjen TNI Dody Triwinarto mengatakan Kodam Maluku Utara dijadwalkan diresmikan pada 5 Oktober 2026, bertepatan dengan peringatan HUT ke-81 TNI.
""Insya Allah, kantor Kodam baru akan diresmikan pada 5 Oktober mendatang,"" kata Dody di Kantor Korem 152/Baabullah, Ternate, Jumat (2/10/2026).
Markas Kodam tersebut dipersiapkan di kawasan eks lahan Hak Guna Bangunan (HGB) 03 milik PT Darko di Sofifi.
Kawasan itu nantinya menjadi pusat komando TNI Angkatan Darat untuk wilayah Maluku Utara.
Selain Kodam XXVIII/Moloku Kie Raha di Maluku Utara, lima Kodam baru lainnya juga diresmikan, yakni di Daerah Istimewa Yogyakarta (DIY), Papua Tengah, Nusa Tenggara Timur (NTT), Kepulauan Riau, dan Nusa Tenggara Barat (NTB)




  

    
        Bayangkan seorang anak Indonesia bercita-cita menjadi dokter tetapi hanya memiliki satu buku lusuh untuk belajar. Bersama Ekspedisi Kata ke Nyata Kompas.com, Anda bisa membantu mengubah kisah itu. Mari hadirkan akses literasi bagi anak-anak di berbagai pelosok Indonesia melalui donasi lewat tautan https://bit.ly/JagatLiterasi2026. Setiap kebaikan yang Anda berikan bukan hanya membuka jendela pengetahuan, tetapi juga membuka masa depan mereka.",Kompas.com,"Dajan Peken, 82114, Tabanan, Tabanan, Bali, Indonesia",-8.536609490935,115.13552944186335,5,"2, 7","kejaksaan, kejatibali, kejaritabanan, tabanan, news"
Oknum Polisi di Tolitoli Terancam Demosi Diduga Terlibat Pengeroyokan Terhadap Warga,2026-10-06T03:17:00.000Z,"Kabupaten Tabanan, Bali, Indonesia","Oknum Polisi di Tolitoli Terancam Demosi, Diduga Terlibat Pengeroyokan Terhadap Warga - Kompas.com","TOLITOLI, KOMPAS.com - Bripda SR, anggota Polres Tolitoli, Sulawesi Tengah, yang terlibat aksi pengeroyokan warga kini ditempatkan di sel Propam.
Ia terancam sanksi disiplin karena diduga melanggar Kode Etik Profesi Polri.
""Bripda S saat ini telah diamankan dan ditempatkan di ruang khusus atau sel Propam Polres Tolitoli sejak 20 September 2026,"" kata Kasi Humas Polres Tolitoli, Iptu Budi Atmojo, Selasa (6/10/2026).Bripda SR diduga melanggar Pasal 7 huruf d dan Pasal 13 huruf m Peraturan Kepolisian Negara Republik Indonesia Nomor 7 Tahun 2022 tentang Kode Etik Profesi dan Komisi Kode Etik Polri.
Dalam aturan tersebut, anggota Polri diwajibkan melakukan tindakan pertama kepolisian sebagaimana tugas, wewenang, dan tanggung jawabnya, baik saat bertugas maupun di luar tugas.
Selain itu, anggota Polri dilarang melakukan tindakan kekerasan, berperilaku kasar, dan tidak patut.




Baca juga: Kasus Pengeroyokan Warga Tolitoli: 3 Sipil Jadi Tersangka, Oknum Polisi Ditahan Propam
""Adapun sanksi yang dapat dijatuhkan terhadap Bripda S meliputi permohonan maaf secara lisan maupun tertulis, mutasi bersifat demosi, penundaan kenaikan pangkat, penundaan pendidikan, hingga penempatan di ruang khusus selama 30 hari,"" ujar Iptu Budi.
Namun, sanksi tersebut belum diputuskan. Perkara Bripda S masih dalam proses penanganan Propam dan selanjutnya akan disidangkan dalam Komisi Kode Etik Polri.Diduga Terlibat Pengeroyokan
Sebelumnya, Bripda S diduga terlibat pengeroyokan terhadap warga bernama Riandi di kawasan Bundaran Cengkeh, Tolitoli pada Minggu (20/9/2026).Peristiwa bermula dari insiden hampir bersenggolan antara sepeda motor yang dikendarai Bripda S dan Riandi di perempatan Bank Sulteng Tolitoli.
Bripda S kemudian mengikuti Riandi hingga ke Bundaran Cengkeh.
Di lokasi tersebut terjadi perkelahian yang melibatkan sejumlah orang.
Baca juga: Anak Luka Serius, Ayah Korban Ungkap Kronologi Pengeroyokan Libatkan Polisi di Tolitoli
Berdasarkan keterangan saksi dan pengakuan Bripda S, saat hendak menyelesaikan persoalan di Polres Tolitoli, Bripda S mengambil sandal miliknya dan menyuruh Riandi menggigit sandal tersebut.
""Bripda S kemudian meninggalkan lokasi setelah melihat salah satu teman Riandi membawa busur,"" jelas Iptu Budi.




  

Belakangan, Bripda S mendapat informasi bahwa Riandi masuk rumah sakit setelah dipukuli oleh teman-temannya..",,"Pada Hari Selasa , 6 Oktober 2026 03:17, Tabanan, Tabanan, Bali

TOLITOLI, KOMPAS.com - Bripda SR, anggota Polres Tolitoli, Sulawesi Tengah, yang terlibat aksi pengeroyokan warga kini ditempatkan di sel Propam.
Ia terancam sanksi disiplin karena diduga melanggar Kode Etik Profesi Polri.
""Bripda S saat ini telah diamankan dan ditempatkan di ruang khusus atau sel Propam Polres Tolitoli sejak 20 September 2026,"" kata Kasi Humas Polres Tolitoli, Iptu Budi Atmojo, Selasa (6/10/2026).Bripda SR diduga melanggar Pasal 7 huruf d dan Pasal 13 huruf m Peraturan Kepolisian Negara Republik Indonesia Nomor 7 Tahun 2022 tentang Kode Etik Profesi dan Komisi Kode Etik Polri.
Dalam aturan tersebut, anggota Polri diwajibkan melakukan tindakan pertama kepolisian sebagaimana tugas, wewenang, dan tanggung jawabnya, baik saat bertugas maupun di luar tugas.
Selain itu, anggota Polri dilarang melakukan tindakan kekerasan, berperilaku kasar, dan tidak patut.




Baca juga: Kasus Pengeroyokan Warga Tolitoli: 3 Sipil Jadi Tersangka, Oknum Polisi Ditahan Propam
""Adapun sanksi yang dapat dijatuhkan terhadap Bripda S meliputi permohonan maaf secara lisan maupun tertulis, mutasi bersifat demosi, penundaan kenaikan pangkat, penundaan pendidikan, hingga penempatan di ruang khusus selama 30 hari,"" ujar Iptu Budi.
Namun, sanksi tersebut belum diputuskan. Perkara Bripda S masih dalam proses penanganan Propam dan selanjutnya akan disidangkan dalam Komisi Kode Etik Polri.Diduga Terlibat Pengeroyokan
Sebelumnya, Bripda S diduga terlibat pengeroyokan terhadap warga bernama Riandi di kawasan Bundaran Cengkeh, Tolitoli pada Minggu (20/9/2026).Peristiwa bermula dari insiden hampir bersenggolan antara sepeda motor yang dikendarai Bripda S dan Riandi di perempatan Bank Sulteng Tolitoli.
Bripda S kemudian mengikuti Riandi hingga ke Bundaran Cengkeh.
Di lokasi tersebut terjadi perkelahian yang melibatkan sejumlah orang.
Baca juga: Anak Luka Serius, Ayah Korban Ungkap Kronologi Pengeroyokan Libatkan Polisi di Tolitoli
Berdasarkan keterangan saksi dan pengakuan Bripda S, saat hendak menyelesaikan persoalan di Polres Tolitoli, Bripda S mengambil sandal miliknya dan menyuruh Riandi menggigit sandal tersebut.
""Bripda S kemudian meninggalkan lokasi setelah melihat salah satu teman Riandi membawa busur,"" jelas Iptu Budi.




  

Belakangan, Bripda S mendapat informasi bahwa Riandi masuk rumah sakit setelah dipukuli oleh teman-temannya.",Kompas.com,"Dajan Peken, 82114, Tabanan, Tabanan, Bali, Indonesia",-8.536609490935,115.13552944186335,5,"2, 7","kejaksaan, kejatibali, kejaritabanan, tabanan, news"
Rekam Jejak Irjen Pol Roy Hardi Siahaan Kapolda Jateng Baru Pengganti Ribut Hari Wibowo,2026-10-05T14:18:00.000Z,"Kabupaten Tabanan, Bali, Indonesia","Rekam Jejak Irjen Pol Roy Hardi Siahaan, Kapolda Jateng Baru Pengganti Ribut Hari Wibowo - Kompas.com","SEMARANG, KOMPAS.com – Pucuk pimpinan Kepolisian Daerah (Polda) Jawa Tengah resmi berganti.
Irjen Pol. Roy Hardi Siahaan ditunjuk mengemban amanah sebagai Kapolda Jawa Tengah menggantikan Irjen Pol.","Ribut Hari Wibowo.
Rotasi kepemimpinan tersebut tertuang dalam Surat Telegram Kapolri Nomor ST/2205/X/KEP./2026 tertanggal 2 Oktober 2026. Dalam mutasi perwira tinggi tersebut, Irjen Pol. Ribut Hari Wibowo mendapatkan penugasan baru sebagai Wakil Kepala Lembaga Pendidikan dan Pelatihan (Wakalemdiklat) Polri.
Baca juga: Kapolda Bali Irjen Daniel Adityajaya Dimutasi, Diganti Brigjen Pasma Royce
Dinamika organisasi
Kabid Humas Polda Jawa Tengah, Kombes Pol.","Pada Hari Senin , 5 Oktober 2026 14:18, Tabanan, Tabanan, Bali

SEMARANG, KOMPAS.com – Pucuk pimpinan Kepolisian Daerah (Polda) Jawa Tengah resmi berganti.
Irjen Pol. Roy Hardi Siahaan ditunjuk mengemban amanah sebagai Kapolda Jawa Tengah menggantikan Irjen Pol. Ribut Hari Wibowo.
Rotasi kepemimpinan tersebut tertuang dalam Surat Telegram Kapolri Nomor ST/2205/X/KEP./2026 tertanggal 2 Oktober 2026. Dalam mutasi perwira tinggi tersebut, Irjen Pol. Ribut Hari Wibowo mendapatkan penugasan baru sebagai Wakil Kepala Lembaga Pendidikan dan Pelatihan (Wakalemdiklat) Polri.
Baca juga: Kapolda Bali Irjen Daniel Adityajaya Dimutasi, Diganti Brigjen Pasma Royce
Dinamika organisasi
Kabid Humas Polda Jawa Tengah, Kombes Pol. Yuliyanto, menegaskan bahwa pergantian jabatan ini merupakan bagian dari dinamika organisasi serta penyegaran pembinaan karier di tubuh Kepolisian Negara Republik Indonesia.




""Yang terpenting adalah bagaimana kesinambungan pelaksanaan tugas tetap terjaga dan seluruh program pelayanan kepada masyarakat dapat terus berjalan dengan baik,"" kata Yuliyanto kepada awak media, Senin (5/10/2026).
Baca juga: Kapolda Jatim Diganti, Irjen Dekananto Eko Purwono Gantikan Nanang Avianto
Yuliyanto menyampaikan apresiasi mendalam atas kepemimpinan dan pengabdian pejabat lama selama menahkodai polda di wilayah Jawa Tengah.
""Seluruh keluarga besar Polda Jawa Tengah menyampaikan terima kasih dan penghargaan setinggi-tingginya kepada Bapak Irjen Pol. Ribut Hari Wibowo atas dedikasi, pengabdian, dan kepemimpinan selama memimpin Polda Jawa Tengah. Semoga sukses dalam mengemban amanah dan tugas baru sebagai Wakalemdiklat Polri,"" ungkapnya.Jajaran Polda Jawa Tengah menyatakan kesiapan penuh untuk mendukung kepemimpinan Irjen Pol. Roy Hardi Siahaan dalam menjaga stabilitas keamanan serta meningkatkan profesionalisme personel di wilayah Jawa Tengah.
""Kami akan terus memperkuat soliditas, sinergitas, dan kolaborasi dengan seluruh elemen masyarakat untuk menjaga Jawa Tengah tetap aman, kondusif, dan memberikan pelayanan terbaik kepada masyarakat,"" ucap Yuliyanto.
Baca juga: Baru 3 Bulan Menjabat, Kapolda Sumbar Irjan Djati Wiyoto Diganti Jawari
Rekam jejak Roy Hardi Siahaan
KOMPAS.COM/TEUKU UMAR Brigjen Pol Roy Hardi Siahaan, Direktur Narkotika Deputi Pemberantasan BNN bersama tim gabungan melakukan pemusnahan ladang ganja di lamteuba Aceh Besar, Selasa (15/03/2022).Roy Hardi merupakan lulusan Akpol 1993.
Perwira tinggi (pati) Polri kelahiran Medan, 16 Februari 1970 itu memiliki latar belakang di bidang reserse, khususnya narkoba. 
Sebelum kembali ke Korps Bhayangkara, Brigjen Roy Hardi banyak menghabiskan pengabdiannya pada BNN.
Berikut riwayat singkat karier Brigjen Roy Hardi di Polri:

Kepala Unit IV-Sat Ops I-Direktorat Reserse Kriminal Polda Jawa Barat
Kasat Reskrim Polrestabes Medan
Direktur Reserse Kriminal Khusus Polda Bengkulu
Kasat Reskrim Polrestabes Semarang
Kepala BNNP Kalimantan Tengah
Kepala BNNP Maluku Utara
Direktur Deputi Bidang Pemberantasan BNN.

Baca juga: Kapolda Jambi Diganti, Irjen Widodo Gantikan Krisno H Siregar




  

    
        Bayangkan seorang anak Indonesia bercita-cita menjadi dokter tetapi hanya memiliki satu buku lusuh untuk belajar. Bersama Ekspedisi Kata ke Nyata Kompas.com, Anda bisa membantu mengubah kisah itu. Mari hadirkan akses literasi bagi anak-anak di berbagai pelosok Indonesia melalui donasi lewat tautan https://bit.ly/JagatLiterasi2026. Setiap kebaikan yang Anda berikan bukan hanya membuka jendela pengetahuan, tetapi juga membuka masa depan mereka.",Kompas.com,"Dajan Peken, 82114, Tabanan, Tabanan, Bali, Indonesia",-8.536609490935,115.13552944186335,5,"2, 7","kejaksaan, kejatibali, kejaritabanan, tabanan, news"
Kata Korwil SPPG soal MBG Prasmanan di Blora Siswa Lebih Antusias Makanan Tidak Mubazir,2026-10-05T08:35:00.000Z,"Kabupaten Tabanan, Bali, Indonesia","Kata Korwil SPPG soal MBG Prasmanan di Blora: Siswa Lebih Antusias, Makanan Tidak Mubazir - Kompas.com","BLORA, KOMPAS.com - SDN 5 Ngawen, Blora, Jawa Tengah, melakukan uji coba Makan Bergizi Gratis (MBG) dengan sistem prasmanan mulai Senin (5/10/2026). 
Makanan disajikan di aula sekolah. Siswa antre bergantian, memilih menu sesuai porsi, lalu menaruhnya di ompreng.Koordinator Wilayah (Korwil) Satuan Pelayanan Pemenuhan Gizi (SPPG) Kabupaten Blora Artika Diannita menjelaskan, sekolah ini ditunjuk berdasarkan nota dinas dari Badan Gizi Nasional (BGN).
""Hari ini kita melakukan piloting project MBG prasmanan itu sesuai dengan nota dinas dari Deputi Sistem Tata dan Kelola itu berdasarkan nota dinas nomor 43 pertanggal 30 September 2026 itu terdapat 42 SPPG seluruh Indonesia yang melaksanakan MBG prasmanan,"" ujarnya dilansir dari Kompas.com, Senin.
Baca juga: Singgung Cicilan Bank, Dapur MBG di Tasikmalaya Desak Pemotongan Insentif Dikaji Ulang
Makanan Tidak Banyak Terbuang




Menurut Artika, siswa terlihat antusias dengan konsep MBG prasmanan.","Ia juga menyebut makanan tidak banyak terbuang karena siswa mengambil sesuai keinginan.
""Kalau kita lihat anak-anak lebih antusias, lebih senang ketika mereka dapat mengambil makanannya sendiri karena bisa disesuaikan sama keinginan ya. Jadi mengambilnya sesuai enggak dibuang-buang atau mubazir,"" jelasnya.
Artika mengatakan, uji coba di SDN 5 Ngawen berlangsung selama dua pekan.","Pada Hari Senin , 5 Oktober 2026 08:35, Tabanan, Tabanan, Bali

BLORA, KOMPAS.com - SDN 5 Ngawen, Blora, Jawa Tengah, melakukan uji coba Makan Bergizi Gratis (MBG) dengan sistem prasmanan mulai Senin (5/10/2026). 
Makanan disajikan di aula sekolah. Siswa antre bergantian, memilih menu sesuai porsi, lalu menaruhnya di ompreng.Koordinator Wilayah (Korwil) Satuan Pelayanan Pemenuhan Gizi (SPPG) Kabupaten Blora Artika Diannita menjelaskan, sekolah ini ditunjuk berdasarkan nota dinas dari Badan Gizi Nasional (BGN).
""Hari ini kita melakukan piloting project MBG prasmanan itu sesuai dengan nota dinas dari Deputi Sistem Tata dan Kelola itu berdasarkan nota dinas nomor 43 pertanggal 30 September 2026 itu terdapat 42 SPPG seluruh Indonesia yang melaksanakan MBG prasmanan,"" ujarnya dilansir dari Kompas.com, Senin.
Baca juga: Singgung Cicilan Bank, Dapur MBG di Tasikmalaya Desak Pemotongan Insentif Dikaji Ulang
Makanan Tidak Banyak Terbuang




Menurut Artika, siswa terlihat antusias dengan konsep MBG prasmanan. Ia juga menyebut makanan tidak banyak terbuang karena siswa mengambil sesuai keinginan.
""Kalau kita lihat anak-anak lebih antusias, lebih senang ketika mereka dapat mengambil makanannya sendiri karena bisa disesuaikan sama keinginan ya. Jadi mengambilnya sesuai enggak dibuang-buang atau mubazir,"" jelasnya.
Artika mengatakan, uji coba di SDN 5 Ngawen berlangsung selama dua pekan. Setelah itu, hasil dari lapangan akan dievaluasi dan dilaporkan sebelum BGN menentukan kelanjutan sistem ini.""Untuk uji coba ini dilaksanakan 2 minggu. Jadi setelahnya kita akan evaluasi juga, kita laporkan hasil dari lapangan,"" terangnya.
""Untuk selanjutnya kita dari BGN yang langsung untuk melanjutkan atau gimana,"" ucap Artika.Ia menambahkan, prasmanan juga bertujuan meminimalkan kejadian yang menonjol, seperti gangguan pencernaan.
Sistem pendistribusian dilakukan ketika makanan masih hangat sehingga dapat dinikmati oleh siswa.
Baca juga: Uji Coba MBG Prasmanan di SDN 5 Ngawen Blora: Siswa Ambil Sendiri, Makanan Masih Hangat
Siswa Senang Bisa Ambil Banyak Makanan
Terkait uji coba MBG prasmanan, siswa kelas 5 SDN 5 Ngawen, Remo Bimo Giwantoro, mengaku senang karena ia bisa mengambil makanan sesuai keinginan.
""Iya senang bisa ambil sendiri, bisa ambil banyak,"" tuturnya.
Sementara itu, mitra SPPG Ngawen 1 Febrian Candra juga lebih menyukai metode ini karena makanan diantarkan dalam keadaan hangat dan segar.""Kalau saya lebih suka metode yang seperti ini, makanan diantarkan dalam keadaan hangat segar,"" ucapnya.
""Siswa bisa ambil sendiri, dan ini bisa menumbuhkan budaya tertib dan disiplin dari siswa, sesuai konsep MBG Jepang, Kyushoku,"" pungkas Febrian.
(Sumber: Kompas.com/Aria | Editor: Vachri Rinaldy Lutfipambudi).
Baca juga: Keracunan MBG Terjadi Lagi dari Dapur yang Sama, SPPG Panyandaan Bandung Barat Diberhentikan 20 Hari




  

    
        Bayangkan seorang anak Indonesia bercita-cita menjadi dokter tetapi hanya memiliki satu buku lusuh untuk belajar. Bersama Ekspedisi Kata ke Nyata Kompas.com, Anda bisa membantu mengubah kisah itu. Mari hadirkan akses literasi bagi anak-anak di berbagai pelosok Indonesia melalui donasi lewat tautan https://bit.ly/JagatLiterasi2026. Setiap kebaikan yang Anda berikan bukan hanya membuka jendela pengetahuan, tetapi juga membuka masa depan mereka.",Kompas.com,"Dajan Peken, 82114, Tabanan, Tabanan, Bali, Indonesia",-8.536609490935,115.13552944186335,5,"2, 7","kejaksaan, kejatibali, kejaritabanan, tabanan, news"
Eri Cahyadi Minta Warga Surabaya Tak Asal Pinjamkan KTP ke Orang Lain,2026-10-05T12:46:00.000Z,"Kabupaten Tabanan, Bali, Indonesia",Eri Cahyadi Minta Warga Surabaya Tak Asal Pinjamkan KTP ke Orang Lain - Kompas.com,"SURABAYA, KOMPAS.com – Wali Kota Surabaya Eri Cahyadi meminta seluruh masyarakat tidak mudah meminjamkan Kartu Tanda Penduduk (KTP) kepada orang lain. Utamanya, jika KTP tersebut hendak dipakai untuk kepentingan pembelian barang mahal, seperti sepeda motor atau mobil.
Hal ini untuk memastikan agar seluruh program bantuan sosial (bansos) dan perlindungan sosial (perlinsos) dari pemerintah disalurkan tepat sasaran kepada masyarakat yang membutuhkan.""Karena itu, saya nyuwun tulung (minta tolong) warga Suroboyo, KTP-nya jangan dipinjamkan untuk pembelian mobil atau motor,"" ujar Eri di Surabaya, Senin (5/10/2026).
Ia mengungkapkan bahwa petugas kerap menemukan ketidaksesuaian data kepemilikan aset ketika menelusuri data perlinsos di lapangan.
Baca juga: Gara-gara KTP Dipinjam Bos untuk Beli Alphard, Warga Surabaya Gagal Terima Bansos
Sebab, banyak warga yang secara nyata hidup dalam kondisi kurang mampu, namun mereka justru terdeteksi memiliki mobil atau motor di dalam sistem.




""Setelah diklarifikasi, warga yang bersangkutan mengaku KTP-nya dipinjam oleh orang lain,"" ucapnya. 
Untuk memastikan bansos tepat sasaran, Pemkot Surabaya kini tidak hanya berpatokan pada data desil, tetapi menerapkan skema penentuan prioritas penerima bantuan yang disepakati secara terbuka melalui musyawarah di tingkat Rukun Tetangga (RT).Dalam musyawarah penentuan prioritas tersebut, pihaknya akan melibatkan lurah, camat, ketua RT/RW, tokoh masyarakat, serta minimal tiga perempat warga dari wilayah RT setempat untuk memverifikasi kondisi ekonomi aktual setiap tetangga.
""Yang menentukan bukan hanya Pemkot, tapi seluruh warga di RT tersebut.","Warga sendiri yang akan melihat dan menentukan, misalnya mana lansia yang belum dapat bantuan sama sekali dan tidak punya apa-apa, itu yang jadi prioritas pertama,"" jelasnya.
Baca juga: Eri Cahyadi: Jangan Ada Lagi Penambahan Diskotek di Surabaya
Ia berharap seluruh warga Surabaya ikut mengawasi ketepatan penyaluran bantuan di lingkungannya masing-masing.
Ia meminta warga aktif saling menjaga dan memanfaatkan fitur aduan atau pengecekan seperti aplikasi Cek Wargaku.
""Ayo kita mulai lagi agar bantuan tepat sasaran. KTP-ne tulung dijogo, ojo disilihno gawe tuku mobil (KTP-nya tolong dijaga, jangan dipinjamkan untuk beli mobil).","Pada Hari Senin , 5 Oktober 2026 12:46, Tabanan, Tabanan, Bali

SURABAYA, KOMPAS.com – Wali Kota Surabaya Eri Cahyadi meminta seluruh masyarakat tidak mudah meminjamkan Kartu Tanda Penduduk (KTP) kepada orang lain. Utamanya, jika KTP tersebut hendak dipakai untuk kepentingan pembelian barang mahal, seperti sepeda motor atau mobil.
Hal ini untuk memastikan agar seluruh program bantuan sosial (bansos) dan perlindungan sosial (perlinsos) dari pemerintah disalurkan tepat sasaran kepada masyarakat yang membutuhkan.""Karena itu, saya nyuwun tulung (minta tolong) warga Suroboyo, KTP-nya jangan dipinjamkan untuk pembelian mobil atau motor,"" ujar Eri di Surabaya, Senin (5/10/2026).
Ia mengungkapkan bahwa petugas kerap menemukan ketidaksesuaian data kepemilikan aset ketika menelusuri data perlinsos di lapangan.
Baca juga: Gara-gara KTP Dipinjam Bos untuk Beli Alphard, Warga Surabaya Gagal Terima Bansos
Sebab, banyak warga yang secara nyata hidup dalam kondisi kurang mampu, namun mereka justru terdeteksi memiliki mobil atau motor di dalam sistem.




""Setelah diklarifikasi, warga yang bersangkutan mengaku KTP-nya dipinjam oleh orang lain,"" ucapnya. 
Untuk memastikan bansos tepat sasaran, Pemkot Surabaya kini tidak hanya berpatokan pada data desil, tetapi menerapkan skema penentuan prioritas penerima bantuan yang disepakati secara terbuka melalui musyawarah di tingkat Rukun Tetangga (RT).Dalam musyawarah penentuan prioritas tersebut, pihaknya akan melibatkan lurah, camat, ketua RT/RW, tokoh masyarakat, serta minimal tiga perempat warga dari wilayah RT setempat untuk memverifikasi kondisi ekonomi aktual setiap tetangga.
""Yang menentukan bukan hanya Pemkot, tapi seluruh warga di RT tersebut. Warga sendiri yang akan melihat dan menentukan, misalnya mana lansia yang belum dapat bantuan sama sekali dan tidak punya apa-apa, itu yang jadi prioritas pertama,"" jelasnya.
Baca juga: Eri Cahyadi: Jangan Ada Lagi Penambahan Diskotek di Surabaya
Ia berharap seluruh warga Surabaya ikut mengawasi ketepatan penyaluran bantuan di lingkungannya masing-masing.
Ia meminta warga aktif saling menjaga dan memanfaatkan fitur aduan atau pengecekan seperti aplikasi Cek Wargaku.
""Ayo kita mulai lagi agar bantuan tepat sasaran. KTP-ne tulung dijogo, ojo disilihno gawe tuku mobil (KTP-nya tolong dijaga, jangan dipinjamkan untuk beli mobil). Mari kita pastikan bantuan ini benar-benar jatuh ke tangan warga yang membutuhkan,"" pungkasnya.




  

    
        Bayangkan seorang anak Indonesia bercita-cita menjadi dokter tetapi hanya memiliki satu buku lusuh untuk belajar. Bersama Ekspedisi Kata ke Nyata Kompas.com, Anda bisa membantu mengubah kisah itu. Mari hadirkan akses literasi bagi anak-anak di berbagai pelosok Indonesia melalui donasi lewat tautan https://bit.ly/JagatLiterasi2026. Setiap kebaikan yang Anda berikan bukan hanya membuka jendela pengetahuan, tetapi juga membuka masa depan mereka.",Kompas.com,"Dajan Peken, 82114, Tabanan, Tabanan, Bali, Indonesia",-8.536609490935,115.13552944186335,5,"2, 7","kejaksaan, kejatibali, kejaritabanan, tabanan, news"
Evaluasi APBD Selesai Perbaikan Jalan Ambles KaliwunguBoja Ditarget Rampung 2026,2026-10-06T07:43:00.000Z,"Kabupaten Tabanan, Bali, Indonesia","Evaluasi APBD Selesai, Perbaikan Jalan Ambles Kaliwungu-Boja Ditarget Rampung 2026 - Kompas.com","KENDAL, KOMPAS.com – Pemerintah Kabupaten Kendal, Jawa Tengah, segera memperbaiki ruas jalan Kaliwungu-Boja yang ambles di Desa Protomulyo, Kecamatan Kaliwungu Selatan.
Kepastian perbaikan jalan yang menghubungkan Kendal-Semarang dan Kendal-Ungaran tersebut menyusul selesainya evaluasi APBD Perubahan Kabupaten Kendal oleh Pemerintah Provinsi Jawa Tengah.Bupati Kendal Dyah Kartika Permanasari mengatakan, APBD Perubahan selanjutnya akan dibahas dalam rapat Badan Anggaran (Banggar) DPRD Kendal sebelum kembali disampaikan ke Pemerintah Provinsi Jawa Tengah untuk mendapatkan registrasi.
""Hari ini rapat Banggar. Setelah Banggar, kembali disampaikan ke pemerintah provinsi untuk minta diregistrasi.","Kemudian baru dilaksanakan pembangunan,"" kata Dyah Kartika, Selasa (6/10/2026).
Baca juga: Sudah 4 Bulan Ambles, Jalan Penghubung Kendal-Semarang Belum Diperbaiki
Bupati yang akrab disapa Mbak Tika itu berharap seluruh tahapan administrasi dan proses pengadaan dapat berjalan lancar sehingga pekerjaan fisik segera dimulai.




Pemkab Kendal menargetkan perbaikan jalan ambles tersebut rampung sebelum akhir tahun 2026.
""Waktu pekerjaan rencana 75 hari. Insya Allah bisa tepat waktu sebelum akhir tahun,"" ujarnya.
Sempat Direncanakan Menggunakan Anggaran BTT
Tika menjelaskan, pada awalnya perbaikan jalan tersebut direncanakan menggunakan anggaran Belanja Tidak Terduga (BTT) lantaran dikategorikan sebagai dampak bencana akibat tergerus hujan dan dilalui kendaraan angkutan berat.Namun, kebutuhan biaya penanganan kerusakan dinilai cukup besar sehingga tidak dapat dibiayai melalui anggaran BTT.
""Awalnya pembangunan jalan ambles akan menggunakan anggaran BTT karena masuk dalam bencana.","Pada Hari Selasa , 6 Oktober 2026 07:43, Tabanan, Tabanan, Bali

KENDAL, KOMPAS.com – Pemerintah Kabupaten Kendal, Jawa Tengah, segera memperbaiki ruas jalan Kaliwungu-Boja yang ambles di Desa Protomulyo, Kecamatan Kaliwungu Selatan.
Kepastian perbaikan jalan yang menghubungkan Kendal-Semarang dan Kendal-Ungaran tersebut menyusul selesainya evaluasi APBD Perubahan Kabupaten Kendal oleh Pemerintah Provinsi Jawa Tengah.Bupati Kendal Dyah Kartika Permanasari mengatakan, APBD Perubahan selanjutnya akan dibahas dalam rapat Badan Anggaran (Banggar) DPRD Kendal sebelum kembali disampaikan ke Pemerintah Provinsi Jawa Tengah untuk mendapatkan registrasi.
""Hari ini rapat Banggar. Setelah Banggar, kembali disampaikan ke pemerintah provinsi untuk minta diregistrasi. Kemudian baru dilaksanakan pembangunan,"" kata Dyah Kartika, Selasa (6/10/2026).
Baca juga: Sudah 4 Bulan Ambles, Jalan Penghubung Kendal-Semarang Belum Diperbaiki
Bupati yang akrab disapa Mbak Tika itu berharap seluruh tahapan administrasi dan proses pengadaan dapat berjalan lancar sehingga pekerjaan fisik segera dimulai.




Pemkab Kendal menargetkan perbaikan jalan ambles tersebut rampung sebelum akhir tahun 2026.
""Waktu pekerjaan rencana 75 hari. Insya Allah bisa tepat waktu sebelum akhir tahun,"" ujarnya.
Sempat Direncanakan Menggunakan Anggaran BTT
Tika menjelaskan, pada awalnya perbaikan jalan tersebut direncanakan menggunakan anggaran Belanja Tidak Terduga (BTT) lantaran dikategorikan sebagai dampak bencana akibat tergerus hujan dan dilalui kendaraan angkutan berat.Namun, kebutuhan biaya penanganan kerusakan dinilai cukup besar sehingga tidak dapat dibiayai melalui anggaran BTT.
""Awalnya pembangunan jalan ambles akan menggunakan anggaran BTT karena masuk dalam bencana. Amblesnya jalan dikarenakan hujan dan dilewati angkutan berat,"" kata Tika.
""Kebutuhan anggarannya besar, tidak cukup pakai BTT, jadi terpaksa menunggu APBD Perubahan,"" lanjutnya.
Baca juga: Usai Viral dan Diberitakan, Jalan Ambles di Kaliwungu Segera Diperbaiki dengan Anggaran Rp 1,2 M
Dianggarkan Rp 1,2 Miliar
Sebelumnya, Kepala Dinas Pekerjaan Umum dan Penataan Ruang (DPUPR) Kabupaten Kendal Sudaryanto mengatakan, tahap perencanaan perbaikan jalan tersebut hampir selesai.
Setelah perencanaan rampung, Pemkab Kendal akan menyiapkan dokumen pengadaan sebelum masuk proses pemilihan penyedia pekerjaan melalui e-purchasing.
""Perencanaan hampir selesai (finishing), setelah itu perlu disiapkan dokumen pengadaan atau kompetisinya. Besar anggaran yang digunakan Rp 1,2 miliar,"" kata Sudaryanto, Senin (5/10/2026).




  

Berdasarkan hasil peninjauan DPUPR, bagian jalan yang mengalami kerusakan memiliki panjang sekitar 36 meter dengan lebar sekitar 3 meter.",Kompas.com,"Dajan Peken, 82114, Tabanan, Tabanan, Bali, Indonesia",-8.536609490935,115.13552944186335,5,"2, 7","kejaksaan, kejatibali, kejaritabanan, tabanan, news"
Dua SD di DIY Jadi Pilot Project MBG Prasmanan BGN Sebut Respons Penerima Manfaat Positif,2026-10-06T05:56:00.000Z,"Kabupaten Tabanan, Bali, Indonesia","Dua SD di DIY Jadi Pilot Project MBG Prasmanan, BGN Sebut Respons Penerima Manfaat Positif - Kompas.com","YOGYAKARTA, KOMPAS.com - Dua sekolah di Daerah Istimewa Yogyakarta (DIY) menjadi pilot project pelaksanaan program Makan Bergizi Gratis (MBG) prasmanan.
Kedua sekolah tersebut adalah SDN Soprayan dan SD Muhammadiyah Bantar.
Kepala Regional Badan Gizi Nasional (BGN) DIY, Gagat Widyatmoko mengatakan, pilot project MBG secara prasmanan ini dimulai pada 5 Oktober 2026 sampai dengan 16 Oktober 2026.Proses memasak tetap dilakukan di Satuan Pelayanan Pemenuhan Gizi (SPPG).
Makanan lalu dibawa ke sekolah. SPPG tetap menyediakan food tray yang sudah steril untuk digunakan penerima manfaat.
“Di wilayah DIY, kegiatan dilaksanakan di SPPG Sleman Turi Bangunkerto 2 dengan lokasi SDN Soprayan dan SPPG Polda DIY dengan lokasi SD Muhammadiyah Bantar,” kata dia, Selasa (6/10/2026).




Baca juga: Uji Coba MBG Prasmanan, Kepala BGN: Siswa Bisa Nambah, Sisa Makanan Lebih Sedikit
Dia menyampaikan, pilot project ini melibatkan total 106 penerima manfaat, terdiri dari 59 siswa SDN Soprayan kelas 4–6 dan 47 siswa SD Muhammadiyah Bantar kelas 5–6.
Menurut Gagat, pelaksanaan ini sekaligus merupakan evaluasi model layanan pemberian MBG.
Diharapkan melalui model prasmanan, dapat memastikan aspek keamanan pangan, higiene, kenyamanan pelayanan, kepuasan penerima manfaat, serta pengendalian food waste tetap menjadi perhatian utama.“Dari aspek keamanan dan higiene, uji organoleptik pada kedua lokasi dinyatakan layak, sementara tingkat kepatuhan penggunaan APD siswa mencapai 99 persen,” kata dia.
Respons Penerima Manfaat Positif
Gagat menyampaikan, respons penerima manfaat juga menunjukkan hasil yang positif dengan skor 5/5.
Penilaian tersebut diberikan oleh siswa dan guru.
Di sisi lain, metode prasmanan ini masih menyisakan makanan atau food waste dengan total 3,3 kilogram di kedua sekolah.
Baca juga: Mitra SPPG Blora Suka MBG Prasmanan: Makanan Hangat, Siswa Bisa Ambil Sendiri
“Terdiri dari 1,6 kilogram di SDN Soprayan dan 1,7 kilogram di SD Muhammadiyah Bantar. Data tersebut menjadi salah satu bahan evaluasi untuk melihat pola konsumsi serta preferensi penerima manfaat terhadap menu yang disajikan,” jelasnya.
Dia menambahkan, BGN akan menjadikan hasil pilot project ini sebagai bahan evaluasi dan penyempurnaan model layanan MBG prasmanan, termasuk dari sisi alur pelayanan, higiene, kenyamanan penerima manfaat, kepuasan, serta pengendalian food waste.
Baca juga: Kata Korwil SPPG soal MBG Prasmanan di Blora: Siswa Lebih Antusias, Makanan Tidak Mubazir
“Melalui pilot project ini, BGN berharap pengembangan model layanan MBG dapat terus dilakukan secara terukur berdasarkan hasil pelaksanaan di lapangan, sehingga ke depan dapat menghadirkan layanan yang semakin aman, berkualitas, nyaman, efektif, dan berorientasi pada kebutuhan penerima manfaat,” ujar dia.




  

    
        Bayangkan seorang anak Indonesia bercita-cita menjadi dokter tetapi hanya memiliki satu buku lusuh untuk belajar.","Bersama Ekspedisi Kata ke Nyata Kompas.com, Anda bisa membantu mengubah kisah itu. Mari hadirkan akses literasi bagi anak-anak di berbagai pelosok Indonesia melalui donasi lewat tautan https://bit.ly/JagatLiterasi2026.","Pada Hari Selasa , 6 Oktober 2026 05:56, Tabanan, Tabanan, Bali

YOGYAKARTA, KOMPAS.com - Dua sekolah di Daerah Istimewa Yogyakarta (DIY) menjadi pilot project pelaksanaan program Makan Bergizi Gratis (MBG) prasmanan.
Kedua sekolah tersebut adalah SDN Soprayan dan SD Muhammadiyah Bantar.
Kepala Regional Badan Gizi Nasional (BGN) DIY, Gagat Widyatmoko mengatakan, pilot project MBG secara prasmanan ini dimulai pada 5 Oktober 2026 sampai dengan 16 Oktober 2026.Proses memasak tetap dilakukan di Satuan Pelayanan Pemenuhan Gizi (SPPG).
Makanan lalu dibawa ke sekolah. SPPG tetap menyediakan food tray yang sudah steril untuk digunakan penerima manfaat.
“Di wilayah DIY, kegiatan dilaksanakan di SPPG Sleman Turi Bangunkerto 2 dengan lokasi SDN Soprayan dan SPPG Polda DIY dengan lokasi SD Muhammadiyah Bantar,” kata dia, Selasa (6/10/2026).




Baca juga: Uji Coba MBG Prasmanan, Kepala BGN: Siswa Bisa Nambah, Sisa Makanan Lebih Sedikit
Dia menyampaikan, pilot project ini melibatkan total 106 penerima manfaat, terdiri dari 59 siswa SDN Soprayan kelas 4–6 dan 47 siswa SD Muhammadiyah Bantar kelas 5–6.
Menurut Gagat, pelaksanaan ini sekaligus merupakan evaluasi model layanan pemberian MBG.
Diharapkan melalui model prasmanan, dapat memastikan aspek keamanan pangan, higiene, kenyamanan pelayanan, kepuasan penerima manfaat, serta pengendalian food waste tetap menjadi perhatian utama.“Dari aspek keamanan dan higiene, uji organoleptik pada kedua lokasi dinyatakan layak, sementara tingkat kepatuhan penggunaan APD siswa mencapai 99 persen,” kata dia.
Respons Penerima Manfaat Positif
Gagat menyampaikan, respons penerima manfaat juga menunjukkan hasil yang positif dengan skor 5/5.
Penilaian tersebut diberikan oleh siswa dan guru.
Di sisi lain, metode prasmanan ini masih menyisakan makanan atau food waste dengan total 3,3 kilogram di kedua sekolah.
Baca juga: Mitra SPPG Blora Suka MBG Prasmanan: Makanan Hangat, Siswa Bisa Ambil Sendiri
“Terdiri dari 1,6 kilogram di SDN Soprayan dan 1,7 kilogram di SD Muhammadiyah Bantar. Data tersebut menjadi salah satu bahan evaluasi untuk melihat pola konsumsi serta preferensi penerima manfaat terhadap menu yang disajikan,” jelasnya.
Dia menambahkan, BGN akan menjadikan hasil pilot project ini sebagai bahan evaluasi dan penyempurnaan model layanan MBG prasmanan, termasuk dari sisi alur pelayanan, higiene, kenyamanan penerima manfaat, kepuasan, serta pengendalian food waste.
Baca juga: Kata Korwil SPPG soal MBG Prasmanan di Blora: Siswa Lebih Antusias, Makanan Tidak Mubazir
“Melalui pilot project ini, BGN berharap pengembangan model layanan MBG dapat terus dilakukan secara terukur berdasarkan hasil pelaksanaan di lapangan, sehingga ke depan dapat menghadirkan layanan yang semakin aman, berkualitas, nyaman, efektif, dan berorientasi pada kebutuhan penerima manfaat,” ujar dia.




  

    
        Bayangkan seorang anak Indonesia bercita-cita menjadi dokter tetapi hanya memiliki satu buku lusuh untuk belajar. Bersama Ekspedisi Kata ke Nyata Kompas.com, Anda bisa membantu mengubah kisah itu. Mari hadirkan akses literasi bagi anak-anak di berbagai pelosok Indonesia melalui donasi lewat tautan https://bit.ly/JagatLiterasi2026. Setiap kebaikan yang Anda berikan bukan hanya membuka jendela pengetahuan, tetapi juga membuka masa depan mereka.",Kompas.com,"Dajan Peken, 82114, Tabanan, Tabanan, Bali, Indonesia",-8.536609490935,115.13552944186335,5,"2, 7","kejaksaan, kejatibali, kejaritabanan, tabanan, news"
Hasil Forensik Ungkap Luka di Bagian Intim Siswi 14 Tahun Korban Pembunuhan Satu Keluarga di Lampung,2026-10-06T03:27:00.000Z,"Kabupaten Tabanan, Bali, Indonesia",Hasil Forensik Ungkap Luka di Bagian Intim Siswi 14 Tahun Korban Pembunuhan Satu Keluarga di Lampung - Kompas.com,"LAMPUNG, KOMPAS.com - Kasus pembunuhan satu keluarga di Kampung Purwa Jaya, Kecamatan Banjar Margo, Kabupaten Tulang Bawang, Lampung, mengungkap fakta baru.
Hasil pemeriksaan forensik menemukan tanda dugaan persetubuhan terhadap remaja perempuan berinisial DKP (14), salah satu dari tiga korban yang ditemukan meninggal dunia di rumahnya, Senin (5/10/2026) pagi.DKP ditemukan meninggal dunia bersama ayah dan ibunya, Rahmat (69) dan Hasanah (56).
Kasatreskrim Polres Tulang Bawang AKP Apfryyadi Pratama mengatakan, pemeriksaan awal dokter forensik menunjukkan adanya tanda persetubuhan pada tubuh korban anak tersebut.
“Yang jelas terjadi persetubuhan terhadap korban anak yang umur 14 tahun,” kata Apfryyadi saat ditemui di Rumah Sakit Bhayangkara Polda Lampung, Senin (5/10/2026).
Baca juga: Polisi Tembak Mati Pelaku Pembunuhan Satu Keluarga di Tulang Bawang Lampung




Menurut Apfryyadi, tanda tersebut terlihat dari adanya robekan pada selaput dara dan bagian anus korban.
Namun, polisi belum dapat memastikan kapan persetubuhan tersebut terjadi.
“Masih diperiksa oleh dokter forensik,” ujarnya saat ditanya apakah persetubuhan terjadi sebelum atau setelah korban meninggal dunia.Terduga Pelaku Adik Kandung Ibu Korban
Polisi sebelumnya mengidentifikasi AF (35) sebagai terduga pelaku pembunuhan satu keluarga tersebut.
AF merupakan adik kandung Hasanah, ibu DKP. Dengan demikian, AF memiliki hubungan keluarga dengan ketiga korban.
Peristiwa itu diketahui sekitar pukul 08.00 WIB setelah anak korban datang ke rumah dan mendapati pintu dalam keadaan terkunci.
Karena tidak mendapat jawaban setelah memanggil orangtuanya, pintu rumah kemudian dibuka paksa.
Di dalam rumah, tiga anggota keluarganya ditemukan telah meninggal dunia.","Polisi menemukan sejumlah luka akibat senjata tajam serta dugaan benturan benda keras pada tubuh korban.
Baca juga: Adik Diduga Bunuh Kakak dan Dua Anggota Keluarga di Lampung, Polisi Buru Pelaku
AF Ditembak Polisi hingga Meninggal
Setelah kejadian, AF diduga melarikan diri menggunakan sepeda motor menuju Lampung Timur.




  

Polisi kemudian mendapatkan informasi mengenai keberadaan AF di wilayah Purbolinggo..","Pada Hari Selasa , 6 Oktober 2026 03:27, Tabanan, Tabanan, Bali

LAMPUNG, KOMPAS.com - Kasus pembunuhan satu keluarga di Kampung Purwa Jaya, Kecamatan Banjar Margo, Kabupaten Tulang Bawang, Lampung, mengungkap fakta baru.
Hasil pemeriksaan forensik menemukan tanda dugaan persetubuhan terhadap remaja perempuan berinisial DKP (14), salah satu dari tiga korban yang ditemukan meninggal dunia di rumahnya, Senin (5/10/2026) pagi.DKP ditemukan meninggal dunia bersama ayah dan ibunya, Rahmat (69) dan Hasanah (56).
Kasatreskrim Polres Tulang Bawang AKP Apfryyadi Pratama mengatakan, pemeriksaan awal dokter forensik menunjukkan adanya tanda persetubuhan pada tubuh korban anak tersebut.
“Yang jelas terjadi persetubuhan terhadap korban anak yang umur 14 tahun,” kata Apfryyadi saat ditemui di Rumah Sakit Bhayangkara Polda Lampung, Senin (5/10/2026).
Baca juga: Polisi Tembak Mati Pelaku Pembunuhan Satu Keluarga di Tulang Bawang Lampung




Menurut Apfryyadi, tanda tersebut terlihat dari adanya robekan pada selaput dara dan bagian anus korban.
Namun, polisi belum dapat memastikan kapan persetubuhan tersebut terjadi.
“Masih diperiksa oleh dokter forensik,” ujarnya saat ditanya apakah persetubuhan terjadi sebelum atau setelah korban meninggal dunia.Terduga Pelaku Adik Kandung Ibu Korban
Polisi sebelumnya mengidentifikasi AF (35) sebagai terduga pelaku pembunuhan satu keluarga tersebut.
AF merupakan adik kandung Hasanah, ibu DKP. Dengan demikian, AF memiliki hubungan keluarga dengan ketiga korban.
Peristiwa itu diketahui sekitar pukul 08.00 WIB setelah anak korban datang ke rumah dan mendapati pintu dalam keadaan terkunci.
Karena tidak mendapat jawaban setelah memanggil orangtuanya, pintu rumah kemudian dibuka paksa.
Di dalam rumah, tiga anggota keluarganya ditemukan telah meninggal dunia. Polisi menemukan sejumlah luka akibat senjata tajam serta dugaan benturan benda keras pada tubuh korban.
Baca juga: Adik Diduga Bunuh Kakak dan Dua Anggota Keluarga di Lampung, Polisi Buru Pelaku
AF Ditembak Polisi hingga Meninggal
Setelah kejadian, AF diduga melarikan diri menggunakan sepeda motor menuju Lampung Timur.




  

Polisi kemudian mendapatkan informasi mengenai keberadaan AF di wilayah Purbolinggo.",Kompas.com,"Dajan Peken, 82114, Tabanan, Tabanan, Bali, Indonesia",-8.536609490935,115.13552944186335,5,"2, 7","kejaksaan, kejatibali, kejaritabanan, tabanan, news"
Viral Korban Dugaan Keracunan MBG di Batang Ditelantarkan Ini Penjelasan Keluarga,2026-10-06T10:42:00.000Z,"Kabupaten Tabanan, Bali, Indonesia","Viral Korban Dugaan Keracunan MBG di Batang Ditelantarkan, Ini Penjelasan Keluarga - Kompas.com","BATANG, KOMPAS.com – Keluarga Muhammad Raeza Afkarian (3), balita asal Desa Kemesu, Kecamatan Reban, Kabupaten Batang, Jawa Tengah, merasa dirugikan dengan narasi yang beredar di media sosial terkait penelantaran korban keracunan program Makan Bergizi Gratis (MBG).
Pihak keluarga membantah adanya penelantaran terhadap Raeza setelah balita tersebut diduga mengalami gejala keracunan usai mengonsumsi makanan dari paket MBG.
Narasi yang beredar viral di media sosial Facebook menyebutkan, korban menjalani perawatan di Limpung Medical Center (LMC) sejak 23 September 2026 dan sempat pulang pada 26 September setelah keluarga khawatir biaya perawatan membengkak.Baca juga: 19 Sekolah di Pekalongan Tolak MBG, BGN: yang Mau Menerima Saja
Pengunggah juga mengklaim terdapat informasi bahwa biaya perawatan akan ditanggung pemerintah, tetapi keluarga disebut tetap mengeluarkan biaya pribadi.
Setelah kondisi korban kembali memburuk, korban kembali dibawa ke rumah sakit pada 5 Oktober 2026.




Unggahan viral itu juga menyebut keluarga sempat mencari perawatan di sejumlah rumah sakit lain sebelum akhirnya mendapat penanganan di RS Baitussyifa.Tahu informasi dari kerabat
Menanggapi hal tersebut, Ibu Raeza, Nafiatul Karomah (26), mengatakan dirinya baru mengetahui informasi yang viral dari kerabat.
Ia mengaku tidak mengetahui adanya pemberitaan di media sosial karena tidak menggunakan Facebook.“Saya tidak tahu ada berita yang viral di media. Itu kan viral di Facebook.","Mohon maaf, saya memang tidak bermain Facebook.""
Baca juga: Dua SD di DIY Jadi Pilot Project MBG Prasmanan, BGN Sebut Respons Penerima Manfaat Positif
""Saya juga dikasih tahu sama kerabat saya yang melihat postingan itu baru tadi malam,” kata Nafiatul saat dihubungi Kompas.com melalui sambungan telepon, Selasa (6/10/2026).
Menurut Nafiatul, sejak mengetahui informasi tersebut, dirinya belum mengambil langkah apa pun terkait narasi yang beredar. Ia memilih memusatkan perhatian pada kondisi kesehatan anaknya.
Kendati demikian, Nafiatul mengaku merasa dirugikan dengan narasi yang beredar tersebut.“Iya merasa dirugikan, tapi bagaimana, soalnya sudah viral terus juga keadaan anak saya seperti ini.","Pada Hari Selasa , 6 Oktober 2026 10:42, Tabanan, Tabanan, Bali

BATANG, KOMPAS.com – Keluarga Muhammad Raeza Afkarian (3), balita asal Desa Kemesu, Kecamatan Reban, Kabupaten Batang, Jawa Tengah, merasa dirugikan dengan narasi yang beredar di media sosial terkait penelantaran korban keracunan program Makan Bergizi Gratis (MBG).
Pihak keluarga membantah adanya penelantaran terhadap Raeza setelah balita tersebut diduga mengalami gejala keracunan usai mengonsumsi makanan dari paket MBG.
Narasi yang beredar viral di media sosial Facebook menyebutkan, korban menjalani perawatan di Limpung Medical Center (LMC) sejak 23 September 2026 dan sempat pulang pada 26 September setelah keluarga khawatir biaya perawatan membengkak.Baca juga: 19 Sekolah di Pekalongan Tolak MBG, BGN: yang Mau Menerima Saja
Pengunggah juga mengklaim terdapat informasi bahwa biaya perawatan akan ditanggung pemerintah, tetapi keluarga disebut tetap mengeluarkan biaya pribadi.
Setelah kondisi korban kembali memburuk, korban kembali dibawa ke rumah sakit pada 5 Oktober 2026.




Unggahan viral itu juga menyebut keluarga sempat mencari perawatan di sejumlah rumah sakit lain sebelum akhirnya mendapat penanganan di RS Baitussyifa.Tahu informasi dari kerabat
Menanggapi hal tersebut, Ibu Raeza, Nafiatul Karomah (26), mengatakan dirinya baru mengetahui informasi yang viral dari kerabat.
Ia mengaku tidak mengetahui adanya pemberitaan di media sosial karena tidak menggunakan Facebook.“Saya tidak tahu ada berita yang viral di media. Itu kan viral di Facebook. Mohon maaf, saya memang tidak bermain Facebook.""
Baca juga: Dua SD di DIY Jadi Pilot Project MBG Prasmanan, BGN Sebut Respons Penerima Manfaat Positif
""Saya juga dikasih tahu sama kerabat saya yang melihat postingan itu baru tadi malam,” kata Nafiatul saat dihubungi Kompas.com melalui sambungan telepon, Selasa (6/10/2026).
Menurut Nafiatul, sejak mengetahui informasi tersebut, dirinya belum mengambil langkah apa pun terkait narasi yang beredar. Ia memilih memusatkan perhatian pada kondisi kesehatan anaknya.
Kendati demikian, Nafiatul mengaku merasa dirugikan dengan narasi yang beredar tersebut.“Iya merasa dirugikan, tapi bagaimana, soalnya sudah viral terus juga keadaan anak saya seperti ini. Saya fokus sama kesehatan anak,” kata dia.
Kasus dugaan keracunan MBG di Kecamatan Bawang, Kabupaten Batang, Jawa Tengah mulai dilaporkan pada Rabu 23 September 2026.
Pada hari pertama, jumlah korban yang tercatat mencapai 276 orang. Pada hari yang sama, Raeza sedang berada di rumah kerabatnya di Kecamatan Bawang.




  

Baca juga: 25 Anak Diduga Keracunan MBG, Pemkab Purworejo Tunggu Hasil Lab SPPG untuk Tentukan Sanksi",Kompas.com,"Dajan Peken, 82114, Tabanan, Tabanan, Bali, Indonesia",-8.536609490935,115.13552944186335,5,"2, 7","kejaksaan, kejatibali, kejaritabanan, tabanan, news"
Detikdetik 3 Anak Terjebak Kebakaran di Lantai 3 Panti Asuhan Kudus Diselamatkan Warga,2026-10-06T09:02:00.000Z,"Kabupaten Tabanan, Bali, Indonesia","Detik-detik 3 Anak Terjebak Kebakaran di Lantai 3 Panti Asuhan Kudus, Diselamatkan Warga - Kompas.com","KUDUS, KOMPAS.com - Detik-detik menegangkan terekam kamera saat tiga anak terjebak di lantai 3 dalam insiden kebakaran di asrama tempat mereka tinggal.
Kejadian tersebut tepatnya di Gedung Serbaguna Panti Asuhan Darul Hadlonah Muslimat NU Kudus, di Kelurahan Wergu Wetan, Kecamatan Kota, Kabupaten Kudus, Jawa Tengah, Selasa (6/10/2026) siang. Video memperlihatkan, 3 anak berada di atas kanopi jendela lantai 2 gedung, sementara seluruh kaca jendela lantai 3 yang sejajar dengan mereka mengeluarkan asap hitam.Baca juga: Kebakaran Tenggarong Hanguskan Lebih dari 50 Rumah, Damkar Terkendala Akses dan Air
Kronologi kejadian
Dari halaman depan, warga setempat berusaha menyelamatkan 3 anak malang tersebut dengan alat seadanya, mereka melemparkan tali dan tangga bambu agar anak-anak tersebut bisa turun.","Sekretaris Pengurus Panti Asuhan Darul Hadlonah Kudus, Umi Kulsum, mengkonfirmasi insiden tersebut.



 Menurutnya kejadian tersebut berawal dari salah satu anak yang hendak ke kamar mandi dan melihat kepulan asap.
""Dia lihat asap terus keluar lewat jendela, di situ ada AC kan, berdiri di situ kemudian dilempar tali oleh warga,"" kata Umi, ditemui di lokasi, Selasa siang.
Baca juga: Kebakaran Trans Home Jogja Dilaporkan ke Polisi, Kerugian Ditaksir Rp 20 Miliar
Awal mula kebakaran
KOMPAS.COM/NUR ZAIDI Sejumlah petugas dan warga lalu lalang di depan gedung Panti Asuhan Darul Hadlonah Muslimat NU Kudus, Desa Wergu Wetan, Kecamatan Kota Kudus paska kebakaran, Selasa (6/10/2026) siang.Adapun ketiga anak tersebut kini dilarikan ke fasilitas kesehatan terdekat untuk dilakukan perawatan karena sempat terpapar asap.Menurutnya, asrama tersebut dihuni oleh 12 orang santri, 3 anak yang dalam kondisi sakit sehingga tidak berangkat sekolah. Umi mengatakan, kebakaran pertama kali diketahui oleh staf SD di sekitar lokasi sekitar pukul 10.30 WIB dengan titik api di lantai 2.
Baca juga: Kebakaran di Panti Asuhan Kudus, 4 Anak Dilarikan ke Rumah Sakit
Penyebab kebakaran belum diketahui
Ia mengaku tidak tahu persis penyebab kebakaran, namun dari sejumlah kesaksian sempat terdengar suara ledakan sebelum insiden kebakaran.
""Tadi tak tanya pertama kali melihat kaya ada ledakan gitu,"" ujarnya lagi.
Untuk sementara, santri putra yang tinggal di gedung terbakar tersebut akan dipindahkan ke asrama putri yang masih aman.
Baca juga: Penjelasan KAI soal Pemasangan Pagar Seng 20 Meter di Lahan Sengketa Ledoksari Solo
Sebelumnya Kasi Pemadam Kebakaran Satpol PP Kudus, Slamet, mengatakan pihaknya menerima informasi kejadian sekitar pukul 11.45 WIB dan bergegas ke lokasi.




  

Situasi tersebut sempat membuat kepanikan warga setempat, namun tak selang lama api berhasil dipadamkan..","Pada Hari Selasa , 6 Oktober 2026 09:02, Tabanan, Tabanan, Bali

KUDUS, KOMPAS.com - Detik-detik menegangkan terekam kamera saat tiga anak terjebak di lantai 3 dalam insiden kebakaran di asrama tempat mereka tinggal.
Kejadian tersebut tepatnya di Gedung Serbaguna Panti Asuhan Darul Hadlonah Muslimat NU Kudus, di Kelurahan Wergu Wetan, Kecamatan Kota, Kabupaten Kudus, Jawa Tengah, Selasa (6/10/2026) siang. Video memperlihatkan, 3 anak berada di atas kanopi jendela lantai 2 gedung, sementara seluruh kaca jendela lantai 3 yang sejajar dengan mereka mengeluarkan asap hitam.Baca juga: Kebakaran Tenggarong Hanguskan Lebih dari 50 Rumah, Damkar Terkendala Akses dan Air
Kronologi kejadian
Dari halaman depan, warga setempat berusaha menyelamatkan 3 anak malang tersebut dengan alat seadanya, mereka melemparkan tali dan tangga bambu agar anak-anak tersebut bisa turun. Sekretaris Pengurus Panti Asuhan Darul Hadlonah Kudus, Umi Kulsum, mengkonfirmasi insiden tersebut.



 Menurutnya kejadian tersebut berawal dari salah satu anak yang hendak ke kamar mandi dan melihat kepulan asap.
""Dia lihat asap terus keluar lewat jendela, di situ ada AC kan, berdiri di situ kemudian dilempar tali oleh warga,"" kata Umi, ditemui di lokasi, Selasa siang.
Baca juga: Kebakaran Trans Home Jogja Dilaporkan ke Polisi, Kerugian Ditaksir Rp 20 Miliar
Awal mula kebakaran
KOMPAS.COM/NUR ZAIDI Sejumlah petugas dan warga lalu lalang di depan gedung Panti Asuhan Darul Hadlonah Muslimat NU Kudus, Desa Wergu Wetan, Kecamatan Kota Kudus paska kebakaran, Selasa (6/10/2026) siang.Adapun ketiga anak tersebut kini dilarikan ke fasilitas kesehatan terdekat untuk dilakukan perawatan karena sempat terpapar asap.Menurutnya, asrama tersebut dihuni oleh 12 orang santri, 3 anak yang dalam kondisi sakit sehingga tidak berangkat sekolah. Umi mengatakan, kebakaran pertama kali diketahui oleh staf SD di sekitar lokasi sekitar pukul 10.30 WIB dengan titik api di lantai 2.
Baca juga: Kebakaran di Panti Asuhan Kudus, 4 Anak Dilarikan ke Rumah Sakit
Penyebab kebakaran belum diketahui
Ia mengaku tidak tahu persis penyebab kebakaran, namun dari sejumlah kesaksian sempat terdengar suara ledakan sebelum insiden kebakaran.
""Tadi tak tanya pertama kali melihat kaya ada ledakan gitu,"" ujarnya lagi.
Untuk sementara, santri putra yang tinggal di gedung terbakar tersebut akan dipindahkan ke asrama putri yang masih aman.
Baca juga: Penjelasan KAI soal Pemasangan Pagar Seng 20 Meter di Lahan Sengketa Ledoksari Solo
Sebelumnya Kasi Pemadam Kebakaran Satpol PP Kudus, Slamet, mengatakan pihaknya menerima informasi kejadian sekitar pukul 11.45 WIB dan bergegas ke lokasi.




  

Situasi tersebut sempat membuat kepanikan warga setempat, namun tak selang lama api berhasil dipadamkan.",Kompas.com,"Dajan Peken, 82114, Tabanan, Tabanan, Bali, Indonesia",-8.536609490935,115.13552944186335,5,"2, 7","kejaksaan, kejatibali, kejaritabanan, tabanan, news"
Event Lari di Surabaya Tuai ProKontra Pemprov Jatim Minta Pemda Matangkan Mitigasi,2026-10-05T08:18:00.000Z,"Kabupaten Tabanan, Bali, Indonesia","Event Lari di Surabaya Tuai Pro-Kontra, Pemprov Jatim Minta Pemda Matangkan Mitigasi - Kompas.com","SURABAYA, KOMPAS.com - Dinas Kebudayaan, Pariwisata, dan Ekonomi Kreatif Pemerintah Provinsi Jawa Timur (Disbudparekraf Jatim) meminta agar kegiatan lari yang masuk dalam sport tourism direncanakan dengan baik.
Salah satu event lari di Kota Surabaya pada Minggu (4/10/2026) mengundang pro-kontra di kalangan masyarakat dan pelari.Event lari di satu sisi dinilai meningkatkan perputaran ekonomi yang tinggi, namun di sisi lain masyarakat terdampak akibat adanya penutupan jalan.
Kepala Bidang Pemasaran dan Kelembagaan Parekraf Disbudparekraf Jatim, Ali Afandi mengatakan kegiatan tersebut merupakan kewenangan dari Pemerintah Kota Surabaya.
Baca juga: Pria Mabuk di Cileungsi Tantang Balapan Lari Berujung Tewas Dikeroyok, Polisi Tangkap 10 Terduga Pelaku
“Sehingga kalau kami ditanya terkait yang kejadian kemarin sampai ada penutupan jalan, banyak yang protes teman-teman ojek online terutama, itu saya terus terang tidak paham ya, tidak mengikuti secara detail kegiatan tersebut,” kata Ali kepada Kompas.com, Senin (5/10/2026).




Meski begitu, agar kejadian serupa tidak terjadi di kota-kota lain di Jawa Timur, Disbudparekraf Jatim meminta agar setiap pemerintah daerah merencanakan event lari dengan baik.
“Semua event, baik itu yang diselenggarakan terkait dengan sport, terkait dengan budaya, ataupun event-event yang lain itu kami selalu menyampaikan ke teman-teman di kabupaten/kota untuk direncanakan dengan baik,” bebernya.Menurutnya, perlu ada mitigasi terhadap potensi dampak yang ditimbulkan.
Misalnya, penutupan jalan dengan penyiapan alternatif strategis, pemilihan lokasi yang menjadi jantung aktivitas masyarakat dan sebagainya.
Baca juga: Lari Sekaligus Liburan, Pangandarun 2026 Digelar Dekat Batukaras dan Green Canyon
“Misalnya penutupan jalan, terus keramaian-keramaian, kemacetan, dan lain-lain itu mesti akan selalu kita dorong untuk dilakukan mitigasi bagaimana tidak menjadi salah satu yang berdampak tidak baik, seperti itu. Kami selalu sampaikan seperti itu,” jelasnya
Pemprov Jatim berharap setiap event olahraga yang diselenggarakan baik oleh pemerintah maupun swasta memberikan efek positif bagi perekonomian daerah dan masyarakat.
“Jadi biasanya kami akan mengajak mereka berdiskusi bersama bagaimana agar event yang diselenggarakan ini memberikan dampak positif bagi masyarakat, dan juga perlu perencanaan yang baik, mitigasi-mitigasi terhadap catatan-catatan yang ada,” pungkasnya




  

    
        Bayangkan seorang anak Indonesia bercita-cita menjadi dokter tetapi hanya memiliki satu buku lusuh untuk belajar.","Bersama Ekspedisi Kata ke Nyata Kompas.com, Anda bisa membantu mengubah kisah itu. Mari hadirkan akses literasi bagi anak-anak di berbagai pelosok Indonesia melalui donasi lewat tautan https://bit.ly/JagatLiterasi2026.","Pada Hari Senin , 5 Oktober 2026 08:18, Tabanan, Tabanan, Bali

SURABAYA, KOMPAS.com - Dinas Kebudayaan, Pariwisata, dan Ekonomi Kreatif Pemerintah Provinsi Jawa Timur (Disbudparekraf Jatim) meminta agar kegiatan lari yang masuk dalam sport tourism direncanakan dengan baik.
Salah satu event lari di Kota Surabaya pada Minggu (4/10/2026) mengundang pro-kontra di kalangan masyarakat dan pelari.Event lari di satu sisi dinilai meningkatkan perputaran ekonomi yang tinggi, namun di sisi lain masyarakat terdampak akibat adanya penutupan jalan.
Kepala Bidang Pemasaran dan Kelembagaan Parekraf Disbudparekraf Jatim, Ali Afandi mengatakan kegiatan tersebut merupakan kewenangan dari Pemerintah Kota Surabaya.
Baca juga: Pria Mabuk di Cileungsi Tantang Balapan Lari Berujung Tewas Dikeroyok, Polisi Tangkap 10 Terduga Pelaku
“Sehingga kalau kami ditanya terkait yang kejadian kemarin sampai ada penutupan jalan, banyak yang protes teman-teman ojek online terutama, itu saya terus terang tidak paham ya, tidak mengikuti secara detail kegiatan tersebut,” kata Ali kepada Kompas.com, Senin (5/10/2026).




Meski begitu, agar kejadian serupa tidak terjadi di kota-kota lain di Jawa Timur, Disbudparekraf Jatim meminta agar setiap pemerintah daerah merencanakan event lari dengan baik.
“Semua event, baik itu yang diselenggarakan terkait dengan sport, terkait dengan budaya, ataupun event-event yang lain itu kami selalu menyampaikan ke teman-teman di kabupaten/kota untuk direncanakan dengan baik,” bebernya.Menurutnya, perlu ada mitigasi terhadap potensi dampak yang ditimbulkan.
Misalnya, penutupan jalan dengan penyiapan alternatif strategis, pemilihan lokasi yang menjadi jantung aktivitas masyarakat dan sebagainya.
Baca juga: Lari Sekaligus Liburan, Pangandarun 2026 Digelar Dekat Batukaras dan Green Canyon
“Misalnya penutupan jalan, terus keramaian-keramaian, kemacetan, dan lain-lain itu mesti akan selalu kita dorong untuk dilakukan mitigasi bagaimana tidak menjadi salah satu yang berdampak tidak baik, seperti itu. Kami selalu sampaikan seperti itu,” jelasnya
Pemprov Jatim berharap setiap event olahraga yang diselenggarakan baik oleh pemerintah maupun swasta memberikan efek positif bagi perekonomian daerah dan masyarakat.
“Jadi biasanya kami akan mengajak mereka berdiskusi bersama bagaimana agar event yang diselenggarakan ini memberikan dampak positif bagi masyarakat, dan juga perlu perencanaan yang baik, mitigasi-mitigasi terhadap catatan-catatan yang ada,” pungkasnya




  

    
        Bayangkan seorang anak Indonesia bercita-cita menjadi dokter tetapi hanya memiliki satu buku lusuh untuk belajar. Bersama Ekspedisi Kata ke Nyata Kompas.com, Anda bisa membantu mengubah kisah itu. Mari hadirkan akses literasi bagi anak-anak di berbagai pelosok Indonesia melalui donasi lewat tautan https://bit.ly/JagatLiterasi2026. Setiap kebaikan yang Anda berikan bukan hanya membuka jendela pengetahuan, tetapi juga membuka masa depan mereka.",Kompas.com,"Dajan Peken, 82114, Tabanan, Tabanan, Bali, Indonesia",-8.536609490935,115.13552944186335,5,"2, 7","kejaksaan, kejatibali, kejaritabanan, tabanan, news"
RTH Eks Abu Bakar Ali Yogyakarta Ditargetkan Selesai Desember Telan Rp 5 Miliar Dana Keistimewaan,2026-10-06T10:56:00.000Z,"Kabupaten Tabanan, Bali, Indonesia","RTH Eks Abu Bakar Ali Yogyakarta Ditargetkan Selesai Desember, Telan Rp 5 Miliar Dana Keistimewaan - Kompas.com","YOGYAKARTA, KOMPAS.com - Proyek pembangunan Ruang Terbuka Hijau (RTH) di lahan eks Taman Parkir Abu Bakar Ali, Kota Yogyakarta, Daerah Istimewa Yogyakarta (DIY), ditargetkan rampung pada Desember 2026.
Pembangunan RTH tersebut menelan anggaran Rp 5 miliar yang bersumber dari Dana Keistimewaan (Danais) Pemerintah DIY.
Berdasarkan papan informasi proyek di lokasi, kegiatan tersebut bernama Belanja Modal Bangunan Terbuka – RTH Abu Bakar Ali (RKAPH – DLHK DIY).Proyek tahun anggaran 2026 itu difokuskan pada lahan eks Taman Parkir Abu Bakar Ali dan sepenuhnya didanai APBD melalui pos Dana Keistimewaan Pemerintah DIY.
Baca juga: Kebakaran Trans Home Jogja Dilaporkan ke Polisi, Kerugian Ditaksir Rp 20 Miliar
Penataan Kawasan Sumbu Filosofi Yogyakarta
Pembangunan yang telah berjalan sekitar empat minggu itu bertujuan memulihkan kondisi lingkungan ekologis perkotaan sekaligus mendukung penataan Kawasan Sumbu Filosofi Yogyakarta.




Target penyelesaian proyek ditetapkan pada 22 Desember 2026.
Kawasan Sumbu Filosofi Yogyakarta merupakan warisan budaya dunia yang telah diakui UNESCO. Kawasan tersebut membentang dari Panggung Krapyak, Keraton Yogyakarta, hingga Tugu Pal Putih.
Penataan kawasan Sumbu Filosofi secara garis besar berfokus pada pelestarian tata ruang yang harmonis, pembatasan volume kendaraan, serta optimalisasi fasilitas bagi pejalan kaki untuk menjaga keselarasan antara manusia, alam, dan nilai-nilai spiritual.
Baca juga: Kota Yogyakarta Jadi Pilot Project Penataan Kabel Optik Nasional, Kawasan Sumbu Filosofi Jadi Perhatian
Gabungkan konsep Hutan dan Taman Kota
Kepala Dinas Lingkungan Hidup (DLH) Daerah Istimewa Yogyakarta (DIY) Kusno Wibowo mengatakan, pembangunan konstruksi RTH Abu Bakar Ali telah dimulai sejak bulan lalu dan ditargetkan selesai pada Desember 2026.“Target nanti akhir tahun sudah selesai untuk pembuatan ruang terbuka hijau Abu Bakar Ali ini,” ujarnya, Selasa (6/10/2026).
Kusno menjelaskan, konsep RTH di lahan eks Taman Parkir Abu Bakar Ali akan menggabungkan konsep hutan kota dan taman kota.
“Konsepnya ya nanti ada semacam paduan antara hutan kota, kemudian juga dengan taman kota,” kata dia.
Baca juga: Penyebab Kebakaran TPA Jatibarang Semarang Belum Padam 7 Hari
Menurut Kusno, jenis tanaman yang akan ditanam di kawasan tersebut tidak dipilih secara sembarangan.
Pemilihan tanaman dikonsultasikan dan dipilih langsung oleh Gubernur DIY sekaligus Raja Keraton Yogyakarta Sri Sultan Hamengku Buwono X.
“Pohonnya macam-macam,” kata dia.
Berdasarkan data DLH DIY, sejumlah jenis tanaman yang akan ditanam di RTH Abu Bakar Ali antara lain asam jawa, keben, kol banda, kemuning, tanjung, cempaka/kantil, trembesi, ketapang kencana, daun kupu-kupu, pulai, flamboyan, biola cantik, palm merah, palm putri, palm ekor tupai, dan sikas.
Baca juga: Kasus Dugaan Pungli Alkid Yogyakarta Dihentikan, Polisi: Tak Ada Unsur Pemerasan, Parkir Rp 6 Juta Hasil Kesepakatan




  

    
        Bayangkan seorang anak Indonesia bercita-cita menjadi dokter tetapi hanya memiliki satu buku lusuh untuk belajar.","Bersama Ekspedisi Kata ke Nyata Kompas.com, Anda bisa membantu mengubah kisah itu. Mari hadirkan akses literasi bagi anak-anak di berbagai pelosok Indonesia melalui donasi lewat tautan https://bit.ly/JagatLiterasi2026.","Pada Hari Selasa , 6 Oktober 2026 10:56, Tabanan, Tabanan, Bali

YOGYAKARTA, KOMPAS.com - Proyek pembangunan Ruang Terbuka Hijau (RTH) di lahan eks Taman Parkir Abu Bakar Ali, Kota Yogyakarta, Daerah Istimewa Yogyakarta (DIY), ditargetkan rampung pada Desember 2026.
Pembangunan RTH tersebut menelan anggaran Rp 5 miliar yang bersumber dari Dana Keistimewaan (Danais) Pemerintah DIY.
Berdasarkan papan informasi proyek di lokasi, kegiatan tersebut bernama Belanja Modal Bangunan Terbuka – RTH Abu Bakar Ali (RKAPH – DLHK DIY).Proyek tahun anggaran 2026 itu difokuskan pada lahan eks Taman Parkir Abu Bakar Ali dan sepenuhnya didanai APBD melalui pos Dana Keistimewaan Pemerintah DIY.
Baca juga: Kebakaran Trans Home Jogja Dilaporkan ke Polisi, Kerugian Ditaksir Rp 20 Miliar
Penataan Kawasan Sumbu Filosofi Yogyakarta
Pembangunan yang telah berjalan sekitar empat minggu itu bertujuan memulihkan kondisi lingkungan ekologis perkotaan sekaligus mendukung penataan Kawasan Sumbu Filosofi Yogyakarta.




Target penyelesaian proyek ditetapkan pada 22 Desember 2026.
Kawasan Sumbu Filosofi Yogyakarta merupakan warisan budaya dunia yang telah diakui UNESCO. Kawasan tersebut membentang dari Panggung Krapyak, Keraton Yogyakarta, hingga Tugu Pal Putih.
Penataan kawasan Sumbu Filosofi secara garis besar berfokus pada pelestarian tata ruang yang harmonis, pembatasan volume kendaraan, serta optimalisasi fasilitas bagi pejalan kaki untuk menjaga keselarasan antara manusia, alam, dan nilai-nilai spiritual.
Baca juga: Kota Yogyakarta Jadi Pilot Project Penataan Kabel Optik Nasional, Kawasan Sumbu Filosofi Jadi Perhatian
Gabungkan konsep Hutan dan Taman Kota
Kepala Dinas Lingkungan Hidup (DLH) Daerah Istimewa Yogyakarta (DIY) Kusno Wibowo mengatakan, pembangunan konstruksi RTH Abu Bakar Ali telah dimulai sejak bulan lalu dan ditargetkan selesai pada Desember 2026.“Target nanti akhir tahun sudah selesai untuk pembuatan ruang terbuka hijau Abu Bakar Ali ini,” ujarnya, Selasa (6/10/2026).
Kusno menjelaskan, konsep RTH di lahan eks Taman Parkir Abu Bakar Ali akan menggabungkan konsep hutan kota dan taman kota.
“Konsepnya ya nanti ada semacam paduan antara hutan kota, kemudian juga dengan taman kota,” kata dia.
Baca juga: Penyebab Kebakaran TPA Jatibarang Semarang Belum Padam 7 Hari
Menurut Kusno, jenis tanaman yang akan ditanam di kawasan tersebut tidak dipilih secara sembarangan.
Pemilihan tanaman dikonsultasikan dan dipilih langsung oleh Gubernur DIY sekaligus Raja Keraton Yogyakarta Sri Sultan Hamengku Buwono X.
“Pohonnya macam-macam,” kata dia.
Berdasarkan data DLH DIY, sejumlah jenis tanaman yang akan ditanam di RTH Abu Bakar Ali antara lain asam jawa, keben, kol banda, kemuning, tanjung, cempaka/kantil, trembesi, ketapang kencana, daun kupu-kupu, pulai, flamboyan, biola cantik, palm merah, palm putri, palm ekor tupai, dan sikas.
Baca juga: Kasus Dugaan Pungli Alkid Yogyakarta Dihentikan, Polisi: Tak Ada Unsur Pemerasan, Parkir Rp 6 Juta Hasil Kesepakatan




  

    
        Bayangkan seorang anak Indonesia bercita-cita menjadi dokter tetapi hanya memiliki satu buku lusuh untuk belajar. Bersama Ekspedisi Kata ke Nyata Kompas.com, Anda bisa membantu mengubah kisah itu. Mari hadirkan akses literasi bagi anak-anak di berbagai pelosok Indonesia melalui donasi lewat tautan https://bit.ly/JagatLiterasi2026. Setiap kebaikan yang Anda berikan bukan hanya membuka jendela pengetahuan, tetapi juga membuka masa depan mereka.",Kompas.com,"Dajan Peken, 82114, Tabanan, Tabanan, Bali, Indonesia",-8.536609490935,115.13552944186335,5,"2, 7","kejaksaan, kejatibali, kejaritabanan, tabanan, news"
Kabut Asap Pekat Karhutla Selimuti Riau Warga Bikin Napas Sesak,2026-10-06T12:21:00.000Z,"Kabupaten Tabanan, Bali, Indonesia","Kabut Asap Pekat Karhutla Selimuti Riau, Warga: Bikin Napas Sesak... - Kompas.com","PEKANBARU, KOMPAS.com - Kabut asap pekat menyelimuti wilayah Provinsi Riau, Selasa (6/10/2026).
Kabut asap ini merupakan dampak dari kebakaran hutan dan lahan (karhutla), tetapi bukan dari titik api karhutla di Riau.Kabut asap tersebut diduga kiriman dari provinsi lain.
""Kabut asap di Riau (kiriman) dari provinsi sebelah bagian selatan,"" kata Kepala Badan Meteorologi, Klimatologi, dan Geofisika (BMKG) Pekanbaru, Warjono, saat dikonfirmasi Kompas.com melalui pesan WhatsApp, Selasa.
Baca juga: Hukuman Gubernur Riau Nonaktif Abdul Wahid Diperberat, Dari 2 Tahun Jadi 4 Tahun Penjara
Warjono tidak bersedia menyebut nama daerah sumber asap. Dia menyebut kabut asap merata di wilayah Riau.




Kondisi ini membuat kualitas udara menjadi sangat tidak sehat hingga berbahaya.
Warga Keluhkan Asap Pekat
Dari pantauan Kompas.com, kabut asap cukup pekat di wilayah Kota Pekanbaru.","Jarak pandang hanya sekitar 1 kilometer.Kondisi ini dikeluhkan warga karena merasakan dampak kabut asap tersebut.""Pekat sekali asapnya, bikin napas sesak,"" ujar salah seorang pengendara sepeda motor, Oki (38), saat diwawancarai Kompas.com, Selasa.
Pria ini merasa khawatir karena kualitas udara sudah sangat tidak sehat.
Baca juga: Dilaporkan ke Polda Riau, Wali Kota Payakumbuh: Soal Jual Beli Saham
""Ini saya mau langsung pulang ke rumah, tak tahan lama-lama hirup asap, bikin batuk juga,"" ujar Oki.
Keluhan yang sama disampaikan pengendara motor lainnya, Ujang (35). Ia merasa sesak saat berada di luar ruangan.
Dia menyebut, kabut asap di Pekanbaru sudah terjadi beberapa hari terakhir.Namun, hari ini jauh lebih pekat dibandingkan hari sebelumnya.
""Setahu saya sekarang ini tidak ada karhutla di Riau, tapi asap pekat.","Pada Hari Selasa , 6 Oktober 2026 12:21, Tabanan, Tabanan, Bali

PEKANBARU, KOMPAS.com - Kabut asap pekat menyelimuti wilayah Provinsi Riau, Selasa (6/10/2026).
Kabut asap ini merupakan dampak dari kebakaran hutan dan lahan (karhutla), tetapi bukan dari titik api karhutla di Riau.Kabut asap tersebut diduga kiriman dari provinsi lain.
""Kabut asap di Riau (kiriman) dari provinsi sebelah bagian selatan,"" kata Kepala Badan Meteorologi, Klimatologi, dan Geofisika (BMKG) Pekanbaru, Warjono, saat dikonfirmasi Kompas.com melalui pesan WhatsApp, Selasa.
Baca juga: Hukuman Gubernur Riau Nonaktif Abdul Wahid Diperberat, Dari 2 Tahun Jadi 4 Tahun Penjara
Warjono tidak bersedia menyebut nama daerah sumber asap. Dia menyebut kabut asap merata di wilayah Riau.




Kondisi ini membuat kualitas udara menjadi sangat tidak sehat hingga berbahaya.
Warga Keluhkan Asap Pekat
Dari pantauan Kompas.com, kabut asap cukup pekat di wilayah Kota Pekanbaru. Jarak pandang hanya sekitar 1 kilometer.Kondisi ini dikeluhkan warga karena merasakan dampak kabut asap tersebut.""Pekat sekali asapnya, bikin napas sesak,"" ujar salah seorang pengendara sepeda motor, Oki (38), saat diwawancarai Kompas.com, Selasa.
Pria ini merasa khawatir karena kualitas udara sudah sangat tidak sehat.
Baca juga: Dilaporkan ke Polda Riau, Wali Kota Payakumbuh: Soal Jual Beli Saham
""Ini saya mau langsung pulang ke rumah, tak tahan lama-lama hirup asap, bikin batuk juga,"" ujar Oki.
Keluhan yang sama disampaikan pengendara motor lainnya, Ujang (35). Ia merasa sesak saat berada di luar ruangan.
Dia menyebut, kabut asap di Pekanbaru sudah terjadi beberapa hari terakhir.Namun, hari ini jauh lebih pekat dibandingkan hari sebelumnya.
""Setahu saya sekarang ini tidak ada karhutla di Riau, tapi asap pekat. Berarti ini asap kiriman karhutla di daerah lain. Mestinya pemerintah di situ harus cepat menangani titik api karena kami di sini yang kena dampaknya,"" ujar Ujang.




  

    
        Bayangkan seorang anak Indonesia bercita-cita menjadi dokter tetapi hanya memiliki satu buku lusuh untuk belajar. Bersama Ekspedisi Kata ke Nyata Kompas.com, Anda bisa membantu mengubah kisah itu. Mari hadirkan akses literasi bagi anak-anak di berbagai pelosok Indonesia melalui donasi lewat tautan https://bit.ly/JagatLiterasi2026. Setiap kebaikan yang Anda berikan bukan hanya membuka jendela pengetahuan, tetapi juga membuka masa depan mereka.",Kompas.com,"Dajan Peken, 82114, Tabanan, Tabanan, Bali, Indonesia",-8.536609490935,115.13552944186335,5,"2, 7","kejaksaan, kejatibali, kejaritabanan, tabanan, news"
Bau Busuk 2 Hari Jasad Pria Terborgol dengan Bercak Darah Ditemukan di Kendal,2026-10-06T10:42:00.000Z,"Kabupaten Tabanan, Bali, Indonesia","Bau Busuk 2 Hari, Jasad Pria Terborgol dengan Bercak Darah Ditemukan di Kendal - Kompas.com","KENDAL, KOMPAS.com - Bau busuk yang tercium selama dua hari mengantarkan warga pada penemuan jasad seorang laki-laki tanpa identitas di lantai dua sebuah bangunan di Jalan Arteri, Desa Kebonadem, Kecamatan Brangsong, Kabupaten Kendal, Jawa Tengah, Selasa (6/10/2026) pagi.
Yang membuat penemuan tersebut mengundang perhatian, jasad pria itu ditemukan dalam kondisi tangan kiri terborgol dan terikat pada teralis besi jendela. Di sekitar jasad juga ditemukan bercak darah.Plt Kasie Humas Polres Kendal Iptu Deni Herawan mengatakan, jasad tersebut pertama kali ditemukan oleh Eko Mulyono, seorang juru parkir rumah makan yang berada di dekat lokasi.
Eko mengaku sudah mencium bau tidak sedap dari sekitar bangunan selama kurang lebih dua hari.","Karena bau semakin menyengat, Eko bersama Zainul Amri dan Budiyanto kemudian mengecek bangunan tersebut sekitar pukul 05.15 WIB.
Baca juga: Terlibat Tawuran di Kendal, Pelajar 16 Tahun Diringkus karena Bawa Celurit 82 Cm
""Korban ditemukan dalam kondisi terborgol di teralis jendela. Di sekitar korban juga terdapat bercak darah,"" kata Deni, Selasa (6/10/2026).




Setelah menemukan jasad tersebut, warga melaporkan kejadian itu kepada polisi.
Petugas Polres Kendal bersama Polsek Brangsong, Tim Inafis Polres Kendal, BPBD Kabupaten Kendal, dan Dinas Kesehatan Kabupaten Kendal kemudian mendatangi lokasi untuk melakukan pemeriksaan dan olah tempat kejadian perkara (TKP).Jenazah selanjutnya dievakuasi dan dibawa ke RS Bhayangkara Semarang untuk pemeriksaan lebih lanjut dan autopsi.Ditemukan Mengenakan ""Hoodie"" dan Celana Jeans
Saat ditemukan, pria tersebut masih mengenakan hoodie hitam dan celana jeans.","Pada Hari Selasa , 6 Oktober 2026 10:42, Tabanan, Tabanan, Bali

KENDAL, KOMPAS.com - Bau busuk yang tercium selama dua hari mengantarkan warga pada penemuan jasad seorang laki-laki tanpa identitas di lantai dua sebuah bangunan di Jalan Arteri, Desa Kebonadem, Kecamatan Brangsong, Kabupaten Kendal, Jawa Tengah, Selasa (6/10/2026) pagi.
Yang membuat penemuan tersebut mengundang perhatian, jasad pria itu ditemukan dalam kondisi tangan kiri terborgol dan terikat pada teralis besi jendela. Di sekitar jasad juga ditemukan bercak darah.Plt Kasie Humas Polres Kendal Iptu Deni Herawan mengatakan, jasad tersebut pertama kali ditemukan oleh Eko Mulyono, seorang juru parkir rumah makan yang berada di dekat lokasi.
Eko mengaku sudah mencium bau tidak sedap dari sekitar bangunan selama kurang lebih dua hari. Karena bau semakin menyengat, Eko bersama Zainul Amri dan Budiyanto kemudian mengecek bangunan tersebut sekitar pukul 05.15 WIB.
Baca juga: Terlibat Tawuran di Kendal, Pelajar 16 Tahun Diringkus karena Bawa Celurit 82 Cm
""Korban ditemukan dalam kondisi terborgol di teralis jendela. Di sekitar korban juga terdapat bercak darah,"" kata Deni, Selasa (6/10/2026).




Setelah menemukan jasad tersebut, warga melaporkan kejadian itu kepada polisi.
Petugas Polres Kendal bersama Polsek Brangsong, Tim Inafis Polres Kendal, BPBD Kabupaten Kendal, dan Dinas Kesehatan Kabupaten Kendal kemudian mendatangi lokasi untuk melakukan pemeriksaan dan olah tempat kejadian perkara (TKP).Jenazah selanjutnya dievakuasi dan dibawa ke RS Bhayangkara Semarang untuk pemeriksaan lebih lanjut dan autopsi.Ditemukan Mengenakan ""Hoodie"" dan Celana Jeans
Saat ditemukan, pria tersebut masih mengenakan hoodie hitam dan celana jeans. Jasad berada di atas karpet lantai di lantai dua bangunan.
Hingga kini, identitas korban belum diketahui. Polisi masih melakukan penyelidikan untuk mengungkap identitas korban, penyebab kematian, serta bagaimana pria tersebut bisa berada di dalam bangunan.
Polres Kendal juga berkoordinasi dengan Jatanras Polda Jawa Tengah dan Inafis Polda Jawa Tengah untuk melakukan olah TKP lanjutan.
Kasat Reskrim Polres Kendal maupun Kapolsek Brangsong yang berada di lokasi belum memberikan keterangan mengenai perkembangan penyelidikan. Garis polisi telah dipasang di sekitar bangunan untuk kepentingan penyelidikan.
Baca juga: Pelaku Pelecehan Belum Ditahan Meski Sudah Divonis Penjara, Kakek Korban Datangi PN Kendal
Bangunan Disewa untuk SPPG
Bangunan dua lantai tempat jasad ditemukan merupakan rumah yang disewa untuk keperluan Satuan Pelayanan Pemenuhan Gizi (SPPG).
Pemilik bangunan Azka Aulia mengatakan, rumah tersebut sebelumnya sudah lama tidak ditempati. Bangunan itu disewakan sejak Februari 2026 dengan masa sewa selama empat tahun.




  

""Memang sebelumnya kosong tidak ditempati, tapi ini sudah dikontrak untuk SPPG,"" kata Azka saat ditemui di lokasi.",Kompas.com,"Dajan Peken, 82114, Tabanan, Tabanan, Bali, Indonesia",-8.536609490935,115.13552944186335,5,"2, 7","kejaksaan, kejatibali, kejaritabanan, tabanan, news"
15 Guru Besar Perebutkan Kursi Rektor UINSA Periode 20262030,2026-10-06T07:48:00.000Z,"Kabupaten Tabanan, Bali, Indonesia",15 Guru Besar Perebutkan Kursi Rektor UINSA Periode 2026–2030 - Kompas.com,"SURABAYA, KOMPAS.com – Sebanyak 15 guru besar resmi mendaftarkan diri sebagai bakal calon Rektor (bacarek) Universitas Islam Negeri Sunan Ampel (UINSA) Surabaya periode 2026–2030. Setelah Akhmad Muzakkj resmi dicopot jabatannya sebagai rektor UINSA oleh Kementerian Agama (Kemenag).
Ketua Panitia Penjaringan Bacarek UINSA, Prof.","Achmad Zaini, mengatakan bahwa jumlah tersebut lebih banyak dibanding proses penjaringan sebelumnya yang diikuti 13 pendaftar.
Dia mengungkapkan, seluruh berkas pendaftar telah masuk tahap verifikasi administrasi sejak Senin (5/10/2026).“Nama-nama yang memenuhi persyaratan selanjutnya akan diumumkan dan diserahkan kepada Plt Rektor UINSA untuk diteruskan ke senat universitas,” ujar Zaini, Selasa (6/10/2026).
Baca juga: Plt Rektor UINSA Dorong Percepatan Pemilihan Rektor Baru Sesuai RegulasiBerikut 15 nama yang mendaftar sebagai bakal calon rektor UINSA:





Prof. Abdul Chalik
Prof.","Pada Hari Selasa , 6 Oktober 2026 07:48, Tabanan, Tabanan, Bali

SURABAYA, KOMPAS.com – Sebanyak 15 guru besar resmi mendaftarkan diri sebagai bakal calon Rektor (bacarek) Universitas Islam Negeri Sunan Ampel (UINSA) Surabaya periode 2026–2030. Setelah Akhmad Muzakkj resmi dicopot jabatannya sebagai rektor UINSA oleh Kementerian Agama (Kemenag).
Ketua Panitia Penjaringan Bacarek UINSA, Prof. Achmad Zaini, mengatakan bahwa jumlah tersebut lebih banyak dibanding proses penjaringan sebelumnya yang diikuti 13 pendaftar.
Dia mengungkapkan, seluruh berkas pendaftar telah masuk tahap verifikasi administrasi sejak Senin (5/10/2026).“Nama-nama yang memenuhi persyaratan selanjutnya akan diumumkan dan diserahkan kepada Plt Rektor UINSA untuk diteruskan ke senat universitas,” ujar Zaini, Selasa (6/10/2026).
Baca juga: Plt Rektor UINSA Dorong Percepatan Pemilihan Rektor Baru Sesuai RegulasiBerikut 15 nama yang mendaftar sebagai bakal calon rektor UINSA:





Prof. Abdul Chalik
Prof. Husniyatus Salamah Zainiyati
Prof. Rubaidi
Prof. Evi Fatimatur Rusydiyah
Prof. Zumrotul Mukaffa
Prof. Masdar Hilmy
Prof. Khoirun Niam
Prof. Mohammad Kurjum
Prof. Wahidah Zein Br Siregar
Prof. Titik Triwulan Tutik
Prof. Achmad Muhibin Zuhri
Prof. Siti Warjiyati
Prof. Nurkholis
Prof. Abd Kadir
Prof. Moh Thohir.


Setelah verifikasi administrasi, tahapan berikutnya dijadwalkan berlanjut dengan rapat Senat UINSA pada 7 Oktober 2026, untuk memberikan pertimbangan kualitatif.
“Hasil pertimbangan tersebut diserahkan kepada Plt Rektor pada 8 Oktober, sebelum dokumen hasil penjaringan dan pertimbangan kualitatif dikirimkan kepada Kementerian Agama pada 9 Oktober,” pungkas Zaini.
Baca juga: Kemenag Sebut Ada 4 Tahapan dalam Pemilihan Rektor UINSA




  

    
        Bayangkan seorang anak Indonesia bercita-cita menjadi dokter tetapi hanya memiliki satu buku lusuh untuk belajar. Bersama Ekspedisi Kata ke Nyata Kompas.com, Anda bisa membantu mengubah kisah itu. Mari hadirkan akses literasi bagi anak-anak di berbagai pelosok Indonesia melalui donasi lewat tautan https://bit.ly/JagatLiterasi2026. Setiap kebaikan yang Anda berikan bukan hanya membuka jendela pengetahuan, tetapi juga membuka masa depan mereka.",Kompas.com,"Dajan Peken, 82114, Tabanan, Tabanan, Bali, Indonesia",-8.536609490935,115.13552944186335,5,"2, 7","kejaksaan, kejatibali, kejaritabanan, tabanan, news"
Praperadilan 3 Anggota DPRD TTU Ditolak Penetapan Tersangka Kasus Dokter Icha Sah,2026-10-06T04:24:00.000Z,"Kabupaten Tabanan, Bali, Indonesia","Praperadilan 3 Anggota DPRD TTU Ditolak, Penetapan Tersangka Kasus Dokter Icha Sah - Kompas.com","KUPANG, KOMPAS.com - Pengadilan Negeri (PN) Kupang menolak permohonan praperadilan tiga anggota DPRD Timor Tengah Utara (TTU), Nusa Tenggara Timur (NTT), yang menggugat penetapan mereka sebagai tersangka oleh Polda NTT.
Putusan tersebut dibacakan hakim tunggal PN Kupang Jantiani Longli Naetasi dalam perkara Nomor 7/Pid.Pra/2026/PN Kpg, Selasa (6/10/2026).""Mengadili, menolak permohonan praperadilan para pemohon,"" kata Jantiani dalam amar putusannya.
Dalam putusan tersebut, hakim juga menyatakan biaya perkara dibebankan kepada para pemohon dengan jumlah nihil.
Baca juga: Prapid 3 Anggota DPRD TTU terkait Dokter Icha, Ahli Nilai Dalil soal Izin Gubernur Rapuh
Tiga anggota DPRD TTU yang mengajukan praperadilan adalah Therensius Lazakar, Norbertus Tubani, dan Veronika Lake.




Mereka sebelumnya mempersoalkan sejumlah hal terkait proses penetapan tersangka oleh penyidik Polda NTT. Salah satunya mengenai bukti permulaan yang digunakan penyidik untuk menetapkan mereka sebagai tersangka.
Menurut hakim, penyidik telah memiliki setidaknya dua alat bukti permulaan yang sah untuk menetapkan ketiganya sebagai tersangka.
Hakim juga menyatakan tidak terbukti bahwa bukti-bukti tersebut diperoleh secara melawan hukum.
""Termohon dalam menetapkan para pemohon sebagai tersangka telah didasarkan pada setidak-tidaknya dua alat bukti permulaan yang sah,"" kata Jantiani.
Hakim menyebut alat bukti tersebut antara lain diperoleh dari pemeriksaan saksi, surat, dan barang bukti yang proses penyitaannya telah mendapatkan izin.
Adapun mengenai relevansi hasil diagnosis psikiater dengan dugaan tindak pidana yang dilakukan para pemohon, hakim menilai hal tersebut merupakan materi pokok perkara.
Baca juga: Sidang Praperadilan Dokter Icha, Kuasa Hukum Soroti Keterangan Ahli Pemohon
""Apakah hasil dari surat diagnosis psikiater tersebut merupakan dampak dari adanya dugaan tindak pidana oleh para pemohon, dan apakah surat tersebut memiliki relevansi dengan perbuatan pidana yang diduga dilakukan oleh para pemohon, barulah dapat dinilai dalam pemeriksaan pokok perkara di persidangan,"" ujar hakim.
Dengan pertimbangan tersebut, hakim menyatakan alasan para pemohon mengenai tidak relevannya bukti permulaan tidak beralasan.
Persetujuan Gubernur
Hakim juga menolak dalil para pemohon yang mempersoalkan pemeriksaan mereka sebagai tersangka karena tidak didahului persetujuan tertulis dari Gubernur NTT.
Para pemohon sebelumnya mendasarkan dalil tersebut pada Putusan Mahkamah Konstitusi (MK) Nomor 76/PUU-XII/2014.
Namun, menurut hakim, putusan MK tersebut tidak serta-merta mengharuskan pemeriksaan anggota DPRD kabupaten/kota dilakukan setelah memperoleh persetujuan tertulis gubernur.
Hakim mempertimbangkan bahwa setelah Putusan MK Nomor 76/PUU-XII/2014, Undang-Undang tentang MPR, DPR, DPD, dan DPRD (UU MD3) mengalami perubahan pada 2018 dan 2019.
Baca juga: Keluarga Dokter Icha Yakin Praperadilan 3 Anggota DPRD TTU Ditolak Hakim
Perubahan tersebut tidak mengadopsi pertimbangan hukum yang mewajibkan pemeriksaan anggota DPRD kabupaten/kota dengan persetujuan tertulis gubernur.
Karena itu, hakim menilai ketentuan tersebut bersifat obiter dictum, bukan ratio decidendi.Hakim juga menggunakan asas lex posterior derogat legi priori, yakni hukum yang baru mengesampingkan hukum yang lama.
""Dengan tidak diatur dalam perubahan Undang-Undang MD3 maka berlaku asas lex posterior derogat legi priori yang menetapkan bahwa hukum yang baru mengesampingkan berlakunya hukum yang lama,"" kata Jantiani.
Menurut hakim, meskipun putusan MK bersifat final dan mengikat, ketentuan yang dipersoalkan dalam perkara tersebut tidak lagi dapat dijadikan dasar untuk menyatakan pemeriksaan para pemohon harus mendapat persetujuan tertulis gubernur.
Surat penetapan tersangka dinilai memuat kronologi
Dalil lainnya yang ditolak hakim adalah keberatan terhadap surat penetapan tersangka yang disebut tidak memuat uraian singkat perkara.
Hakim merujuk pada Surat Ketetapan tentang Penetapan Tersangka Nomor S.Tap.Tsk/15/VIII/2026/Ditreskrimum tertanggal 27 Agustus 2026 atas nama Th(er)ensius Lazakar.
Baca juga: Keluarga Dokter Icha Hormati 3 Anggota DPRD TTU Ajukan Praperadilan
Kemudian, Surat Ketetapan Nomor S.Tap.Tsk/16/VIII/2026/Ditreskrimum atas nama Norbertus Tubani dan Surat Ketetapan Nomor S.Tap.Tsk/17/VIII/2026/Ditreskrimum atas nama Veronika Lake.
Menurut hakim, ketiga surat tersebut memuat identitas tersangka, kronologi perkara, hak-hak tersangka, serta pemberitahuan penetapan tersangka kepada pihak terkait.
Pada bagian kronologi, surat tersebut menyebut para pemohon menjadi tersangka dalam perkara dugaan tindak pidana terhadap tubuh berupa penganiayaan dan/atau pengancaman menggunakan kekerasan verbal.
Perbuatan tersebut diduga menyebabkan korban mengalami gangguan kesehatan berupa depresi berat dan kemudian meninggal dunia karena bunuh diri.
Peristiwa dugaan tindak pidana itu disebut terjadi pada Sabtu, 13 Juni 2026, di ruang Instalasi Gawat Darurat (IGD) Rumah Sakit Umum Leona-Kefamenanu, Kelurahan Maubeli, Kecamatan Kota Kefamenanu, Kabupaten TTU.
Korban kemudian disebut meninggal akibat bunuh diri pada 26 Juni 2026 di perumahan RSS Baumata, Desa Baumata Barat, Kecamatan Taebenu, Kabupaten Kupang.
Dalam surat tersebut juga disebutkan bahwa penyidik menetapkan para pemohon sebagai tersangka setelah mengumpulkan dan memperoleh kejelasan terjadinya tindak pidana berdasarkan minimal dua alat bukti.
Baca juga: Keluarga Dokter Icha Tutup Pintu Damai: Kami Kawal Perkara Ini Sampai Tuntas
Atas dasar itu, hakim menilai surat penetapan tersangka telah memenuhi uraian yang dipersoalkan para pemohon.
Para pemohon juga mempersoalkan pemberitahuan penetapan tersangka kepada Kepala Kejaksaan Tinggi NTT dan pelapor karena dinilai bertentangan dengan Pasal 90 ayat (2) KUHAP.
Namun, hakim menilai pemberitahuan tersebut tidak bertentangan dengan nilai-nilai yang hidup dalam masyarakat dan justru memberikan manfaat.
Menurut hakim, pelapor dapat mengetahui sejauh mana tindak lanjut atas laporan dugaan tindak pidana yang disampaikannya.
""Sehingga, pemberitahuan penetapan tersangka para pemohon kepada Kepala Kejaksaan Tinggi Nusa Tenggara Timur dan juga kepada Drs.","Gabriel Pakaenoni, M.Si., selaku pelapor, adalah tidak bertentangan nilai-nilai yang hidup dalam masyarakat, justru memberikan manfaat bagi pelapor,"" ujar Jantiani.
Dengan seluruh pertimbangan tersebut, hakim menyatakan permohonan praperadilan tiga anggota DPRD TTU tidak beralasan menurut hukum dan menolaknya.




  



    
        Bayangkan seorang anak Indonesia bercita-cita menjadi dokter tetapi hanya memiliki satu buku lusuh untuk belajar. Bersama Ekspedisi Kata ke Nyata Kompas.com, Anda bisa membantu mengubah kisah itu.","Pada Hari Selasa , 6 Oktober 2026 04:24, Tabanan, Tabanan, Bali

KUPANG, KOMPAS.com - Pengadilan Negeri (PN) Kupang menolak permohonan praperadilan tiga anggota DPRD Timor Tengah Utara (TTU), Nusa Tenggara Timur (NTT), yang menggugat penetapan mereka sebagai tersangka oleh Polda NTT.
Putusan tersebut dibacakan hakim tunggal PN Kupang Jantiani Longli Naetasi dalam perkara Nomor 7/Pid.Pra/2026/PN Kpg, Selasa (6/10/2026).""Mengadili, menolak permohonan praperadilan para pemohon,"" kata Jantiani dalam amar putusannya.
Dalam putusan tersebut, hakim juga menyatakan biaya perkara dibebankan kepada para pemohon dengan jumlah nihil.
Baca juga: Prapid 3 Anggota DPRD TTU terkait Dokter Icha, Ahli Nilai Dalil soal Izin Gubernur Rapuh
Tiga anggota DPRD TTU yang mengajukan praperadilan adalah Therensius Lazakar, Norbertus Tubani, dan Veronika Lake.




Mereka sebelumnya mempersoalkan sejumlah hal terkait proses penetapan tersangka oleh penyidik Polda NTT. Salah satunya mengenai bukti permulaan yang digunakan penyidik untuk menetapkan mereka sebagai tersangka.
Menurut hakim, penyidik telah memiliki setidaknya dua alat bukti permulaan yang sah untuk menetapkan ketiganya sebagai tersangka.
Hakim juga menyatakan tidak terbukti bahwa bukti-bukti tersebut diperoleh secara melawan hukum.
""Termohon dalam menetapkan para pemohon sebagai tersangka telah didasarkan pada setidak-tidaknya dua alat bukti permulaan yang sah,"" kata Jantiani.
Hakim menyebut alat bukti tersebut antara lain diperoleh dari pemeriksaan saksi, surat, dan barang bukti yang proses penyitaannya telah mendapatkan izin.
Adapun mengenai relevansi hasil diagnosis psikiater dengan dugaan tindak pidana yang dilakukan para pemohon, hakim menilai hal tersebut merupakan materi pokok perkara.
Baca juga: Sidang Praperadilan Dokter Icha, Kuasa Hukum Soroti Keterangan Ahli Pemohon
""Apakah hasil dari surat diagnosis psikiater tersebut merupakan dampak dari adanya dugaan tindak pidana oleh para pemohon, dan apakah surat tersebut memiliki relevansi dengan perbuatan pidana yang diduga dilakukan oleh para pemohon, barulah dapat dinilai dalam pemeriksaan pokok perkara di persidangan,"" ujar hakim.
Dengan pertimbangan tersebut, hakim menyatakan alasan para pemohon mengenai tidak relevannya bukti permulaan tidak beralasan.
Persetujuan Gubernur
Hakim juga menolak dalil para pemohon yang mempersoalkan pemeriksaan mereka sebagai tersangka karena tidak didahului persetujuan tertulis dari Gubernur NTT.
Para pemohon sebelumnya mendasarkan dalil tersebut pada Putusan Mahkamah Konstitusi (MK) Nomor 76/PUU-XII/2014.
Namun, menurut hakim, putusan MK tersebut tidak serta-merta mengharuskan pemeriksaan anggota DPRD kabupaten/kota dilakukan setelah memperoleh persetujuan tertulis gubernur.
Hakim mempertimbangkan bahwa setelah Putusan MK Nomor 76/PUU-XII/2014, Undang-Undang tentang MPR, DPR, DPD, dan DPRD (UU MD3) mengalami perubahan pada 2018 dan 2019.
Baca juga: Keluarga Dokter Icha Yakin Praperadilan 3 Anggota DPRD TTU Ditolak Hakim
Perubahan tersebut tidak mengadopsi pertimbangan hukum yang mewajibkan pemeriksaan anggota DPRD kabupaten/kota dengan persetujuan tertulis gubernur.
Karena itu, hakim menilai ketentuan tersebut bersifat obiter dictum, bukan ratio decidendi.Hakim juga menggunakan asas lex posterior derogat legi priori, yakni hukum yang baru mengesampingkan hukum yang lama.
""Dengan tidak diatur dalam perubahan Undang-Undang MD3 maka berlaku asas lex posterior derogat legi priori yang menetapkan bahwa hukum yang baru mengesampingkan berlakunya hukum yang lama,"" kata Jantiani.
Menurut hakim, meskipun putusan MK bersifat final dan mengikat, ketentuan yang dipersoalkan dalam perkara tersebut tidak lagi dapat dijadikan dasar untuk menyatakan pemeriksaan para pemohon harus mendapat persetujuan tertulis gubernur.
Surat penetapan tersangka dinilai memuat kronologi
Dalil lainnya yang ditolak hakim adalah keberatan terhadap surat penetapan tersangka yang disebut tidak memuat uraian singkat perkara.
Hakim merujuk pada Surat Ketetapan tentang Penetapan Tersangka Nomor S.Tap.Tsk/15/VIII/2026/Ditreskrimum tertanggal 27 Agustus 2026 atas nama Th(er)ensius Lazakar.
Baca juga: Keluarga Dokter Icha Hormati 3 Anggota DPRD TTU Ajukan Praperadilan
Kemudian, Surat Ketetapan Nomor S.Tap.Tsk/16/VIII/2026/Ditreskrimum atas nama Norbertus Tubani dan Surat Ketetapan Nomor S.Tap.Tsk/17/VIII/2026/Ditreskrimum atas nama Veronika Lake.
Menurut hakim, ketiga surat tersebut memuat identitas tersangka, kronologi perkara, hak-hak tersangka, serta pemberitahuan penetapan tersangka kepada pihak terkait.
Pada bagian kronologi, surat tersebut menyebut para pemohon menjadi tersangka dalam perkara dugaan tindak pidana terhadap tubuh berupa penganiayaan dan/atau pengancaman menggunakan kekerasan verbal.
Perbuatan tersebut diduga menyebabkan korban mengalami gangguan kesehatan berupa depresi berat dan kemudian meninggal dunia karena bunuh diri.
Peristiwa dugaan tindak pidana itu disebut terjadi pada Sabtu, 13 Juni 2026, di ruang Instalasi Gawat Darurat (IGD) Rumah Sakit Umum Leona-Kefamenanu, Kelurahan Maubeli, Kecamatan Kota Kefamenanu, Kabupaten TTU.
Korban kemudian disebut meninggal akibat bunuh diri pada 26 Juni 2026 di perumahan RSS Baumata, Desa Baumata Barat, Kecamatan Taebenu, Kabupaten Kupang.
Dalam surat tersebut juga disebutkan bahwa penyidik menetapkan para pemohon sebagai tersangka setelah mengumpulkan dan memperoleh kejelasan terjadinya tindak pidana berdasarkan minimal dua alat bukti.
Baca juga: Keluarga Dokter Icha Tutup Pintu Damai: Kami Kawal Perkara Ini Sampai Tuntas
Atas dasar itu, hakim menilai surat penetapan tersangka telah memenuhi uraian yang dipersoalkan para pemohon.
Para pemohon juga mempersoalkan pemberitahuan penetapan tersangka kepada Kepala Kejaksaan Tinggi NTT dan pelapor karena dinilai bertentangan dengan Pasal 90 ayat (2) KUHAP.
Namun, hakim menilai pemberitahuan tersebut tidak bertentangan dengan nilai-nilai yang hidup dalam masyarakat dan justru memberikan manfaat.
Menurut hakim, pelapor dapat mengetahui sejauh mana tindak lanjut atas laporan dugaan tindak pidana yang disampaikannya.
""Sehingga, pemberitahuan penetapan tersangka para pemohon kepada Kepala Kejaksaan Tinggi Nusa Tenggara Timur dan juga kepada Drs. Gabriel Pakaenoni, M.Si., selaku pelapor, adalah tidak bertentangan nilai-nilai yang hidup dalam masyarakat, justru memberikan manfaat bagi pelapor,"" ujar Jantiani.
Dengan seluruh pertimbangan tersebut, hakim menyatakan permohonan praperadilan tiga anggota DPRD TTU tidak beralasan menurut hukum dan menolaknya.




  



    
        Bayangkan seorang anak Indonesia bercita-cita menjadi dokter tetapi hanya memiliki satu buku lusuh untuk belajar. Bersama Ekspedisi Kata ke Nyata Kompas.com, Anda bisa membantu mengubah kisah itu. Mari hadirkan akses literasi bagi anak-anak di berbagai pelosok Indonesia melalui donasi lewat tautan https://bit.ly/JagatLiterasi2026. Setiap kebaikan yang Anda berikan bukan hanya membuka jendela pengetahuan, tetapi juga membuka masa depan mereka.",Kompas.com,"Dajan Peken, 82114, Tabanan, Tabanan, Bali, Indonesia",-8.536609490935,115.13552944186335,5,"2, 7","kejaksaan, kejatibali, kejaritabanan, tabanan, news"
Kodam Baru di Maluku Utara Personel Akan Diambil dari Korem 152Baabullah,2026-10-06T02:40:00.000Z,"Kabupaten Tabanan, Bali, Indonesia","Kodam Baru di Maluku Utara, Personel Akan Diambil dari Korem 152/Baabullah - Kompas.com","TERNATE, KOMPAS.com - Personel untuk mendukung operasional Kodam XXVIII/Moloku Kie Raha di Provinsi Maluku Utara akan dipenuhi secara bertahap dari jajaran Korem 152/Baabullah dan mendapat dukungan berkala dari komando atas.
Danrem 152/Baabullah Brigjen TNI Enoh Solehudin mengatakan, pengisian personel dilakukan secara bertahap sesuai kebutuhan organisasi.""Untuk personel sendiri, untuk personel Kodam akan diambil dari Korem dan diambil dari komando atas,"" kata Enoh, Selasa (6/10/2026).
Menurut Enoh, untuk sementara kebutuhan personel Kodam akan dipenuhi dari satuan yang sudah ada. Selanjutnya, dukungan personel akan diberikan secara berkala dari komando atas.
""Jadi sementara personel dan ada dukungan secara berkala dari komando atas,"" tambahnya.
Baca juga: Rekam Jejak Mayjen TNI Rionardo, Pangdam Pertama Kodam XXV/Mahmud Roayat Syah Kepri




Kodam baru sementara berkantor di Markas Korem
Kodam XXVIII/Moloku Kie Raha telah diresmikan Presiden Prabowo Subianto pada Senin (5/10/2026).
Untuk sementara, Kodam baru tersebut akan menggunakan Markas Korem 152/Baabullah di Kota Ternate sebagai tempat berkantor.
Sementara itu, Korem 152/Baabullah akan dipindahkan ke gedung Sanggar Kegiatan Bersama (SKB) Ternate.Enoh berharap kehadiran Kodam baru dapat mendukung kondisi keamanan di Maluku Utara.","Selain itu, keberadaan Kodam diharapkan membuka lebih banyak kesempatan bagi putra-putri daerah untuk menjadi prajurit TNI.
""Mudahan-mudahan dengan adanya Kodam, Maluku Utara tambah kondusif, dan kepada masyarakat tentunya dengan adanya Kodam baru, putra-putri daerah akan banyak alokasi untuk menjadi prajurit TNI,"" kata Enoh.
Baca juga: Mayjen Nefra Firdaus Ditunjuk jadi Pangdam Pertama Kodam XXVIII/Moloku Kie Raha
Dua Korem direncanakan
Pembentukan Kodam XXVIII/Moloku Kie Raha juga akan diikuti dengan penataan struktur komando kewilayahan di Maluku Utara.
Enoh menyebut, ada rencana pembentukan dua Korem, yakni Korem tipe A yang berkedudukan di Kota Ternate dan Korem tipe B di wilayah Kepulauan Halmahera.
""Nanti tentunya dengan adanya kajian-kajian, rencana ada dua Korem tipe A di Kota Ternate, dan tipe B di Kepulauan Halmahera membawahi Kodim-Kodim di Halmahera,"" ujarnya.
Menurut Enoh, rencana tersebut masih dalam tahap kajian. Nantinya, dua Korem tersebut akan menjadi bagian dari struktur komando kewilayahan di bawah Kodam XXVIII/Moloku Kie Raha.




  



    
        Bayangkan seorang anak Indonesia bercita-cita menjadi dokter tetapi hanya memiliki satu buku lusuh untuk belajar.","Pada Hari Selasa , 6 Oktober 2026 02:40, Tabanan, Tabanan, Bali

TERNATE, KOMPAS.com - Personel untuk mendukung operasional Kodam XXVIII/Moloku Kie Raha di Provinsi Maluku Utara akan dipenuhi secara bertahap dari jajaran Korem 152/Baabullah dan mendapat dukungan berkala dari komando atas.
Danrem 152/Baabullah Brigjen TNI Enoh Solehudin mengatakan, pengisian personel dilakukan secara bertahap sesuai kebutuhan organisasi.""Untuk personel sendiri, untuk personel Kodam akan diambil dari Korem dan diambil dari komando atas,"" kata Enoh, Selasa (6/10/2026).
Menurut Enoh, untuk sementara kebutuhan personel Kodam akan dipenuhi dari satuan yang sudah ada. Selanjutnya, dukungan personel akan diberikan secara berkala dari komando atas.
""Jadi sementara personel dan ada dukungan secara berkala dari komando atas,"" tambahnya.
Baca juga: Rekam Jejak Mayjen TNI Rionardo, Pangdam Pertama Kodam XXV/Mahmud Roayat Syah Kepri




Kodam baru sementara berkantor di Markas Korem
Kodam XXVIII/Moloku Kie Raha telah diresmikan Presiden Prabowo Subianto pada Senin (5/10/2026).
Untuk sementara, Kodam baru tersebut akan menggunakan Markas Korem 152/Baabullah di Kota Ternate sebagai tempat berkantor.
Sementara itu, Korem 152/Baabullah akan dipindahkan ke gedung Sanggar Kegiatan Bersama (SKB) Ternate.Enoh berharap kehadiran Kodam baru dapat mendukung kondisi keamanan di Maluku Utara. Selain itu, keberadaan Kodam diharapkan membuka lebih banyak kesempatan bagi putra-putri daerah untuk menjadi prajurit TNI.
""Mudahan-mudahan dengan adanya Kodam, Maluku Utara tambah kondusif, dan kepada masyarakat tentunya dengan adanya Kodam baru, putra-putri daerah akan banyak alokasi untuk menjadi prajurit TNI,"" kata Enoh.
Baca juga: Mayjen Nefra Firdaus Ditunjuk jadi Pangdam Pertama Kodam XXVIII/Moloku Kie Raha
Dua Korem direncanakan
Pembentukan Kodam XXVIII/Moloku Kie Raha juga akan diikuti dengan penataan struktur komando kewilayahan di Maluku Utara.
Enoh menyebut, ada rencana pembentukan dua Korem, yakni Korem tipe A yang berkedudukan di Kota Ternate dan Korem tipe B di wilayah Kepulauan Halmahera.
""Nanti tentunya dengan adanya kajian-kajian, rencana ada dua Korem tipe A di Kota Ternate, dan tipe B di Kepulauan Halmahera membawahi Kodim-Kodim di Halmahera,"" ujarnya.
Menurut Enoh, rencana tersebut masih dalam tahap kajian. Nantinya, dua Korem tersebut akan menjadi bagian dari struktur komando kewilayahan di bawah Kodam XXVIII/Moloku Kie Raha.




  



    
        Bayangkan seorang anak Indonesia bercita-cita menjadi dokter tetapi hanya memiliki satu buku lusuh untuk belajar. Bersama Ekspedisi Kata ke Nyata Kompas.com, Anda bisa membantu mengubah kisah itu. Mari hadirkan akses literasi bagi anak-anak di berbagai pelosok Indonesia melalui donasi lewat tautan https://bit.ly/JagatLiterasi2026. Setiap kebaikan yang Anda berikan bukan hanya membuka jendela pengetahuan, tetapi juga membuka masa depan mereka.",Kompas.com,"Dajan Peken, 82114, Tabanan, Tabanan, Bali, Indonesia",-8.536609490935,115.13552944186335,5,"2, 7","kejaksaan, kejatibali, kejaritabanan, tabanan, news"
Dampak Ledakan di Pakuwon City Surabaya Kaca Ruko Pecah Atap Perumahan Warga Ambrol,2026-10-06T07:24:00.000Z,"Kabupaten Tabanan, Bali, Indonesia","Dampak Ledakan di Pakuwon City Surabaya: Kaca Ruko Pecah, Atap Perumahan Warga Ambrol - Kompas.com","SURABAYA, KOMPAS.com - Peristiwa ledakan di kawasan San Antonio, Jalan Kalisari Utara I, Mulyorejo, Surabaya, menimbulkan dampak kerusakan yang cukup signifikan pada bangunan di sekitarnya.
Sejumlah kaca pertokoan atau ruko pecah berhamburan, sementara di area permukiman yang berada tepat di balik tempat kejadian perkara (TKP), rata-rata atap rumah warga ambrol.
Kerusakan pada bangunan ruko mayoritas terjadi di bagian fasad dan lantai dua, di mana pecahan kaca hingga rontokan kusen jatuh menimpa area bawah.""Kalau yang di balik TKP itu adalah perumahan, rata-rata atapnya yang ambrol, kalau yang di sini rata-rata hanya kaca. Atap ini dampak dari kaca juga yang di lantai dua.","Dia pecah juga, akhirnya jatuhnya ke sini,"" ujar Komandan Rescue, Muhammad Didik Hari Santoso, Selasa (6/10/2026).
Baca juga: Pemkot Surabaya Sebar ASN Ngantor di Balai RW, Antusiasme Masyarakat Tinggi
Selain itu, menurut Didik, gelombang tekanan ledakan juga menyebabkan beberapa pintu ruko melengkung dan sulit untuk dibuka.




Sementara itu, untuk bangunan perumahan warga yang letaknya persis di belakang TKP, dampak ledakan mengakibatkan kerusakan parah pada bagian atap.
KOMPAS.com/DIKI FEBRIANTO Tim gabungan melakukan pembersihan material kaca bangunan ruko di kawasan San Antonio, Jalan Kalisari Utara I, Mulyorejo, Surabaya, pasca ledakan 
Didik menjelaskan bahwa penanganan telah berlangsung sejak pagi hingga siang hari untuk membersihkan puing-puing kaca yang berhamburan.
""Untuk kegiatan mulai pagi hari sampai siang hari ini di lokasi ledakan yang ada di San Antonio, kita melakukan pembersihan kaca-kaca yang terdampak dari ledakan. Maksud dan tujuannya untuk mengamankan warga yang lalu lalang di sini agar tidak ada korban tambahan,"" kata Didik.
Dalam proses evakuasi dan pembersihan material pascaledakan, Tim Rescue menurunkan sebanyak 15 personel yang disiagakan di lapangan.","Pada Hari Selasa , 6 Oktober 2026 07:24, Tabanan, Tabanan, Bali

SURABAYA, KOMPAS.com - Peristiwa ledakan di kawasan San Antonio, Jalan Kalisari Utara I, Mulyorejo, Surabaya, menimbulkan dampak kerusakan yang cukup signifikan pada bangunan di sekitarnya.
Sejumlah kaca pertokoan atau ruko pecah berhamburan, sementara di area permukiman yang berada tepat di balik tempat kejadian perkara (TKP), rata-rata atap rumah warga ambrol.
Kerusakan pada bangunan ruko mayoritas terjadi di bagian fasad dan lantai dua, di mana pecahan kaca hingga rontokan kusen jatuh menimpa area bawah.""Kalau yang di balik TKP itu adalah perumahan, rata-rata atapnya yang ambrol, kalau yang di sini rata-rata hanya kaca. Atap ini dampak dari kaca juga yang di lantai dua. Dia pecah juga, akhirnya jatuhnya ke sini,"" ujar Komandan Rescue, Muhammad Didik Hari Santoso, Selasa (6/10/2026).
Baca juga: Pemkot Surabaya Sebar ASN Ngantor di Balai RW, Antusiasme Masyarakat Tinggi
Selain itu, menurut Didik, gelombang tekanan ledakan juga menyebabkan beberapa pintu ruko melengkung dan sulit untuk dibuka.




Sementara itu, untuk bangunan perumahan warga yang letaknya persis di belakang TKP, dampak ledakan mengakibatkan kerusakan parah pada bagian atap.
KOMPAS.com/DIKI FEBRIANTO Tim gabungan melakukan pembersihan material kaca bangunan ruko di kawasan San Antonio, Jalan Kalisari Utara I, Mulyorejo, Surabaya, pasca ledakan 
Didik menjelaskan bahwa penanganan telah berlangsung sejak pagi hingga siang hari untuk membersihkan puing-puing kaca yang berhamburan.
""Untuk kegiatan mulai pagi hari sampai siang hari ini di lokasi ledakan yang ada di San Antonio, kita melakukan pembersihan kaca-kaca yang terdampak dari ledakan. Maksud dan tujuannya untuk mengamankan warga yang lalu lalang di sini agar tidak ada korban tambahan,"" kata Didik.
Dalam proses evakuasi dan pembersihan material pascaledakan, Tim Rescue menurunkan sebanyak 15 personel yang disiagakan di lapangan. Penanganan ini juga mendapat dukungan penuh dari Badan Penanggulangan Bencana Daerah (BPBD) Kota Surabaya yang menyediakan unit kendaraan pengangkut puing.Baca juga: Ledakan Pakuwon City San Antonio Surabaya Rusak 41 Bangunan, Jendela dan Kaca Pecah
Selain membersihkan pecahan kaca dan kusen yang berpotensi melukai warga, petugas juga berupaya membobol pintu-pintu ruko yang sempat macet akibat tertekan gelombang ledakan.
""Ada beberapa pintu yang memang agak meleot sehingga sulit untuk dibuka. Tapi kita paksa sedikit, akhirnya bisa dibuka,"" ujar Didik.
Kehadiran tim gabungan ini disiagakan agar warga maupun pemilik ruko tidak kebingungan dalam membersihkan sisa-sisa reruntuhan material yang membahayakan.
Upaya sterilisasi dan penanganan cepat di kawasan bisnis San Antonio Surabaya ini tidak hanya bertujuan untuk keselamatan warga, tetapi juga demi mendukung percepatan pemulihan kegiatan ekonomi setempat.
Tim rescue, menurut Didik, memprioritaskan evakuasi benda-benda berbahaya agar para pemilik usaha dan pertokoan dapat segera beroperasi kembali tanpa harus mengalami kerugian yang semakin membengkak akibat penutupan tempat usaha yang terlalu lama.
""Upaya yang dilakukan ini supaya perekonomian di sini juga tetap jalan. Para pelaku usaha tidak sampai rugi dan tidak sampai tutup terlalu lama,"" pungkasnya.
Saat ini, lokasi sekitar ledakan di kawasan San Antonio telah berangsur dibersihkan dari material kaca dan kusen yang rawan runtuh. Sementara pendataan terkait total kerusakan terus dilakukan oleh pihak berwenang.
Baca juga: Detik-detik Ledakan Ruko di Pakuwon City Surabaya, Koki Sempat Cium Bau Gas, Warga Dengar Gemuruh




  

    
        Bayangkan seorang anak Indonesia bercita-cita menjadi dokter tetapi hanya memiliki satu buku lusuh untuk belajar. Bersama Ekspedisi Kata ke Nyata Kompas.com, Anda bisa membantu mengubah kisah itu. Mari hadirkan akses literasi bagi anak-anak di berbagai pelosok Indonesia melalui donasi lewat tautan https://bit.ly/JagatLiterasi2026. Setiap kebaikan yang Anda berikan bukan hanya membuka jendela pengetahuan, tetapi juga membuka masa depan mereka.",Kompas.com,"Dajan Peken, 82114, Tabanan, Tabanan, Bali, Indonesia",-8.536609490935,115.13552944186335,5,"2, 7","kejaksaan, kejatibali, kejaritabanan, tabanan, news"
Rekam Jejak Mayjen TNI Rionardo Pangdam Pertama Kodam XXVMahmud Roayat Syah Kepri,2026-10-06T01:30:00.000Z,"Kabupaten Tabanan, Bali, Indonesia","Rekam Jejak Mayjen TNI Rionardo, Pangdam Pertama Kodam XXV/Mahmud Roayat Syah Kepri - Kompas.com","TANJUNGPINANG, KOMPAS.com - Mayjen TNI Rionardo resmi ditunjuk sebagai Panglima Kodam XXV/Mahmud Riayat Syah di Provinsi Kepulauan Riau.
Komando Daerah Militer (Kodam) XXV/Mahmud Riayat Syah merupakan satu dari enam kodam baru yang diresmikan oleh Presiden Prabowo Subianto pada Senin (5/10/2026).Peresmian 6 kodam baru ini bertepatan dengan Hari Ulang Tahun (HUT) ke-81 TNI.
""Dengan mengucap Bismillahirrahmanirrahim, pada pagi hari ini, Senin, 5 Oktober 2026, dengan rahmat Tuhan Yang Maha Besar, saya, Prabowo Subianto, Presiden Republik Indonesia, dengan ini meresmikan 204 satuan baru TNI,” kata Prabowo.
Baca juga: HUT Ke-81 TNI Jadi Berkah bagi Pedagang di Indramayu, 100 Bungkus Cimol Ludes dalam 1 Jam





Lantas, siapa Mayjen TNI Rionardo?
Rekam jejak Mayjen TNI Rionardo
Dikutip dari pemberitaan Kompas.com, Senin, Mayjen Rionardo merupakan lulusan Akademi Militer (Akmil) 1994.
Sepanjang kariernya, pati TNI kelahiran 4 Agustus 1971 itu memiliki latar belakang kecabangan Infanteri dari Korps Pasukan Khusus (Kopassus).Tercatat, Mayjen Rionardo menduduki posisi Danyonif 600/Raider pada 2010-2011 dan Danyontar Wreda Mentar Akmil hingga 2012.Selanjutnya, ia menjabat sebagai Dandim 0424/Tanggamus pada 2012 hingga 2014 dan dipercaya menjadi Danbrigif 1/Jaya Sakti pada 2015-2017.
Karier Mayjen Rionardo pun terus menanjak. Pada 2022, ia bahkan ditunjuk menjadi Kapusdatin Kementerian Pertahanan (Kemenhan).
Pada 2025, ia menjabat sebagai Stafai Ahli Menteri Pertahanan Bidang Sosial.
Baca juga: Mayjen Nefra Firdaus Ditunjuk jadi Pangdam Pertama Kodam XXVIII/Moloku Kie Raha
Alasan pembengtukan 6 kodam baru
Sebelumnya, Panglima TNI Jenderal Agus Subianto menuturkan, pembentukan 6 kodam dan satuan pasukan baru dimaksudkan agar pengawasan wilayah dapat dilakukan secara maksimal.
Menurutnya, penambahan kodam dan satuan baru bertujuan untuk memperkuat kekuatan wilayah hingga ke titik terjauh Indonesia.
""Jadi keutuhan wilayah, kedaulatan harus kita pertahankan,"" ujarnya, dikutip dari Antara.
Baca juga: Razia Tempat Hiburan Malam di Surabaya, 1 Anggota TNI AL dan 7 Personel Polri Ditangkap




  

Pasalnya, wilayah Indonesia memiliki 17.000 pulau besar dan kecil, dengan mayoritas berada di bagian terluar..",,"Pada Hari Selasa , 6 Oktober 2026 01:30, Tabanan, Tabanan, Bali

TANJUNGPINANG, KOMPAS.com - Mayjen TNI Rionardo resmi ditunjuk sebagai Panglima Kodam XXV/Mahmud Riayat Syah di Provinsi Kepulauan Riau.
Komando Daerah Militer (Kodam) XXV/Mahmud Riayat Syah merupakan satu dari enam kodam baru yang diresmikan oleh Presiden Prabowo Subianto pada Senin (5/10/2026).Peresmian 6 kodam baru ini bertepatan dengan Hari Ulang Tahun (HUT) ke-81 TNI.
""Dengan mengucap Bismillahirrahmanirrahim, pada pagi hari ini, Senin, 5 Oktober 2026, dengan rahmat Tuhan Yang Maha Besar, saya, Prabowo Subianto, Presiden Republik Indonesia, dengan ini meresmikan 204 satuan baru TNI,” kata Prabowo.
Baca juga: HUT Ke-81 TNI Jadi Berkah bagi Pedagang di Indramayu, 100 Bungkus Cimol Ludes dalam 1 Jam





Lantas, siapa Mayjen TNI Rionardo?
Rekam jejak Mayjen TNI Rionardo
Dikutip dari pemberitaan Kompas.com, Senin, Mayjen Rionardo merupakan lulusan Akademi Militer (Akmil) 1994.
Sepanjang kariernya, pati TNI kelahiran 4 Agustus 1971 itu memiliki latar belakang kecabangan Infanteri dari Korps Pasukan Khusus (Kopassus).Tercatat, Mayjen Rionardo menduduki posisi Danyonif 600/Raider pada 2010-2011 dan Danyontar Wreda Mentar Akmil hingga 2012.Selanjutnya, ia menjabat sebagai Dandim 0424/Tanggamus pada 2012 hingga 2014 dan dipercaya menjadi Danbrigif 1/Jaya Sakti pada 2015-2017.
Karier Mayjen Rionardo pun terus menanjak. Pada 2022, ia bahkan ditunjuk menjadi Kapusdatin Kementerian Pertahanan (Kemenhan).
Pada 2025, ia menjabat sebagai Stafai Ahli Menteri Pertahanan Bidang Sosial.
Baca juga: Mayjen Nefra Firdaus Ditunjuk jadi Pangdam Pertama Kodam XXVIII/Moloku Kie Raha
Alasan pembengtukan 6 kodam baru
Sebelumnya, Panglima TNI Jenderal Agus Subianto menuturkan, pembentukan 6 kodam dan satuan pasukan baru dimaksudkan agar pengawasan wilayah dapat dilakukan secara maksimal.
Menurutnya, penambahan kodam dan satuan baru bertujuan untuk memperkuat kekuatan wilayah hingga ke titik terjauh Indonesia.
""Jadi keutuhan wilayah, kedaulatan harus kita pertahankan,"" ujarnya, dikutip dari Antara.
Baca juga: Razia Tempat Hiburan Malam di Surabaya, 1 Anggota TNI AL dan 7 Personel Polri Ditangkap




  

Pasalnya, wilayah Indonesia memiliki 17.000 pulau besar dan kecil, dengan mayoritas berada di bagian terluar.",Kompas.com,"Dajan Peken, 82114, Tabanan, Tabanan, Bali, Indonesia",-8.536609490935,115.13552944186335,5,"2, 7","kejaksaan, kejatibali, kejaritabanan, tabanan, news"
Sopir Kadis Dukcapil Dogiyai Dibacok OTK Diketahui Warga Berlari dalam Kondisi Terluka,2026-10-06T01:40:00.000Z,"Kabupaten Tabanan, Bali, Indonesia","Sopir Kadis Dukcapil Dogiyai Dibacok OTK, Diketahui Warga Berlari dalam Kondisi Terluka - Kompas.com","JAYAPURA, KOMPAS.com – Sopir Kepala Dinas Kependudukan dan Pencatatan Sipil (Dukcapil) Kabupaten Dogiyai, Dadang Setiawan, menjadi korban pembacokan oleh orang tak dikenal (OTK) di Jalan Tokapo, Kampung Ikebo, Distrik Kamu, Kabupaten Dogiyai, Papua Tengah, Senin (5/10/2026) sekitar pukul 10.00 WIT.
Kapolres Dogiyai Kompol Piter Kendek menjelaskan, kejadian tersebut diketahui setelah seorang saksi melihat korban berlari dari arah depan Bandara menuju tempat saksi berjualan dalam kondisi terluka dan wajah berlumuran darah.
Saksi kemudian memberikan pertolongan dengan membonceng korban menggunakan sepeda motor menuju klinik miliknya.“Korban mengalami luka robek pada pipi bagian kanan dan kiri, lengan kanan bagian bawah, tangan kanan, serta pergelangan tangan kanan,” kata Piter, Senin (5/10/2026), dilansir dari Kompas.com.
Baca juga: Polisi Tangkap Pria yang Bacok Pemuda Saat Pesta Joget di Seram Bagian Barat
Sempat ditangani di dua klinik
Setelah tiba di klinik milik saksi, Dadang mendapat penanganan medis awal. Namun, karena fasilitas yang tersedia terbatas, korban kemudian dibawa ke Klinik K12.




“Karena keterbatasan peralatan medis, korban kemudian dibawa ke Klinik K12 untuk mendapatkan penanganan medis.","Setelah penanganan awal dilakukan, korban langsung kita rujuk ke RSUD Kabupaten Paniai dengan pengawalan anggota Polri,” jelasnya.
Dadang selanjutnya dirujuk ke RSUD Kabupaten Paniai untuk mendapatkan perawatan lebih lanjut. Proses rujukan tersebut mendapat pengawalan dari personel kepolisian.
Polisi olah TKP dan periksa saksi
Setelah menerima laporan mengenai pembacokan tersebut, Polres Dogiyai mengerahkan personel Regu Patroli ke lokasi kejadian.
Baca juga: Sopir Kadis Dukcapil Dogiyai Dibacok OTK, Polisi Buru PelakuDi lokasi, polisi melakukan olah tempat kejadian perkara (TKP) serta meminta keterangan sejumlah saksi untuk mencari petunjuk mengenai pelaku.
“Personel saat ini masih melakukan olah TKP dan mengumpulkan keterangan dari para saksi untuk mencari petunjuk untuk dapat mengidentifikasi pelaku,” ujar Piter.
Hingga kini, polisi belum mengetahui identitas pelaku maupun motif pembacokan terhadap sopir Kadis Dukcapil Dogiyai tersebut.
Penyidik masih mendalami rangkaian kejadian untuk mengungkap latar belakang aksi pembacokan.
“Kami masih melakukan pendalaman untuk memperoleh gambaran yang lebih jelas mengenai kejadian dan motifnya.","Pada Hari Selasa , 6 Oktober 2026 01:40, Tabanan, Tabanan, Bali

JAYAPURA, KOMPAS.com – Sopir Kepala Dinas Kependudukan dan Pencatatan Sipil (Dukcapil) Kabupaten Dogiyai, Dadang Setiawan, menjadi korban pembacokan oleh orang tak dikenal (OTK) di Jalan Tokapo, Kampung Ikebo, Distrik Kamu, Kabupaten Dogiyai, Papua Tengah, Senin (5/10/2026) sekitar pukul 10.00 WIT.
Kapolres Dogiyai Kompol Piter Kendek menjelaskan, kejadian tersebut diketahui setelah seorang saksi melihat korban berlari dari arah depan Bandara menuju tempat saksi berjualan dalam kondisi terluka dan wajah berlumuran darah.
Saksi kemudian memberikan pertolongan dengan membonceng korban menggunakan sepeda motor menuju klinik miliknya.“Korban mengalami luka robek pada pipi bagian kanan dan kiri, lengan kanan bagian bawah, tangan kanan, serta pergelangan tangan kanan,” kata Piter, Senin (5/10/2026), dilansir dari Kompas.com.
Baca juga: Polisi Tangkap Pria yang Bacok Pemuda Saat Pesta Joget di Seram Bagian Barat
Sempat ditangani di dua klinik
Setelah tiba di klinik milik saksi, Dadang mendapat penanganan medis awal. Namun, karena fasilitas yang tersedia terbatas, korban kemudian dibawa ke Klinik K12.




“Karena keterbatasan peralatan medis, korban kemudian dibawa ke Klinik K12 untuk mendapatkan penanganan medis. Setelah penanganan awal dilakukan, korban langsung kita rujuk ke RSUD Kabupaten Paniai dengan pengawalan anggota Polri,” jelasnya.
Dadang selanjutnya dirujuk ke RSUD Kabupaten Paniai untuk mendapatkan perawatan lebih lanjut. Proses rujukan tersebut mendapat pengawalan dari personel kepolisian.
Polisi olah TKP dan periksa saksi
Setelah menerima laporan mengenai pembacokan tersebut, Polres Dogiyai mengerahkan personel Regu Patroli ke lokasi kejadian.
Baca juga: Sopir Kadis Dukcapil Dogiyai Dibacok OTK, Polisi Buru PelakuDi lokasi, polisi melakukan olah tempat kejadian perkara (TKP) serta meminta keterangan sejumlah saksi untuk mencari petunjuk mengenai pelaku.
“Personel saat ini masih melakukan olah TKP dan mengumpulkan keterangan dari para saksi untuk mencari petunjuk untuk dapat mengidentifikasi pelaku,” ujar Piter.
Hingga kini, polisi belum mengetahui identitas pelaku maupun motif pembacokan terhadap sopir Kadis Dukcapil Dogiyai tersebut.
Penyidik masih mendalami rangkaian kejadian untuk mengungkap latar belakang aksi pembacokan.
“Kami masih melakukan pendalaman untuk memperoleh gambaran yang lebih jelas mengenai kejadian dan motifnya. Korban saat ini masih dalam kondisi cukup parah sehingga belum dapat memberikan keterangan,” katanya.
Baca juga: Kronologi Guru SD di Sleman Dibacok Wali Murid, Berawal dari Jajanan Kantin
Piter menegaskan, kepolisian masih melakukan penyelidikan untuk mengungkap kasus tersebut.
“Kepolisian akan terus bekerja keras untuk mengungkap kasus ini,” tegasnya.




  


    
        Bayangkan seorang anak Indonesia bercita-cita menjadi dokter tetapi hanya memiliki satu buku lusuh untuk belajar. Bersama Ekspedisi Kata ke Nyata Kompas.com, Anda bisa membantu mengubah kisah itu. Mari hadirkan akses literasi bagi anak-anak di berbagai pelosok Indonesia melalui donasi lewat tautan https://bit.ly/JagatLiterasi2026. Setiap kebaikan yang Anda berikan bukan hanya membuka jendela pengetahuan, tetapi juga membuka masa depan mereka.",Kompas.com,"Dajan Peken, 82114, Tabanan, Tabanan, Bali, Indonesia",-8.536609490935,115.13552944186335,5,"2, 7","kejaksaan, kejatibali, kejaritabanan, tabanan, news"
Dinkes Batang Bantah Narasi Viral Korban Dugaan Keracunan MBG Ditelantarkan,2026-10-06T10:51:00.000Z,"Kabupaten Tabanan, Bali, Indonesia",Dinkes Batang Bantah Narasi Viral Korban Dugaan Keracunan MBG Ditelantarkan - Kompas.com,"BATANG, KOMPAS.com – Dinas Kesehatan (Dinkes) Kabupaten Batang, Jawa Tengah, membantah narasi yang beredar di media sosial terkait dugaan penelantaran Muhammad Raeza Afkarian (3).
Balita asal Desa Kemesu, Kecamatan Reban, itu disebut sebagai korban dugaan keracunan program Makan Bergizi Gratis (MBG).
Plt Kepala Bidang Kesehatan Masyarakat (Kesmas) Dinkes Batang, Mei Erawati mengatakan, informasi yang menyebut Raeza tidak mendapatkan penanganan medis tidak sepenuhnya benar.Menurut Mei, keluarga justru berupaya membawa Raeza ke fasilitas kesehatan setelah balita tersebut mengalami kondisi yang diduga berkaitan dengan kasus keracunan MBG di Kecamatan Bawang.
“Jadi informasi viral itu kurang benar. Yang viral itu kan katanya tidak ditangani,” kata Mei saat dihubungi melalui sambungan telepon, Selasa (6/10/2026).
Baca juga: Viral Korban Dugaan Keracunan MBG di Batang Ditelantarkan, Ini Penjelasan Keluarga




Faskes pemerintah penuh
Ia menjelaskan, saat kejadian, fasilitas kesehatan pemerintah yang didatangi keluarga dalam kondisi penuh sehingga Raeza akhirnya dibawa ke fasilitas kesehatan swasta.
Mei mengatakan, berdasarkan informasi yang diperolehnya dari ibu korban, Raeza berada di rumah bibinya di Kecamatan Bawang pada Rabu 23 September 2026.
Raeza yang sehari-hari tinggal bersama orang tuanya di Desa Kemesu, Kecamatan Reban, ikut mengonsumsi makanan dari paket MBG milik bibinya.“Dari tanggal 23 September putranya main ke tempat budenya di Kecamatan Bawang.","Di sana budenya ada MBG, ikut makan MBG itu tiga suap telur katanya,” kata Mei.
Pada hari yang sama, kasus dugaan keracunan MBG di Kecamatan Bawang mulai dilaporkan.
Ratusan warga disebut mengalami gejala yang diduga berkaitan dengan makanan program tersebut.
Dalam kondisi tersebut, Raeza dibawa ke Puskesmas Bawang. Namun, menurut Mei, fasilitas kesehatan tersebut tidak dapat langsung menangani Raeza karena penuh.
Baca juga: Menu MBG Ayam Tepung Diduga Jadi Penyebab Keracunan SMAN 1 Tukdana Indramayu, Sempat Tercium Aroma Tak Sedap
“Membawa mobil pribadi, dibawa ke rumah sakit Limpung juga sudah penuh,” ujarnya.
Lantaran tidak mendapatkan penanganan di fasilitas kesehatan tersebut, keluarga membawa Raeza ke Limpung Medical Center (LMC).","Pada Hari Selasa , 6 Oktober 2026 10:51, Tabanan, Tabanan, Bali

BATANG, KOMPAS.com – Dinas Kesehatan (Dinkes) Kabupaten Batang, Jawa Tengah, membantah narasi yang beredar di media sosial terkait dugaan penelantaran Muhammad Raeza Afkarian (3).
Balita asal Desa Kemesu, Kecamatan Reban, itu disebut sebagai korban dugaan keracunan program Makan Bergizi Gratis (MBG).
Plt Kepala Bidang Kesehatan Masyarakat (Kesmas) Dinkes Batang, Mei Erawati mengatakan, informasi yang menyebut Raeza tidak mendapatkan penanganan medis tidak sepenuhnya benar.Menurut Mei, keluarga justru berupaya membawa Raeza ke fasilitas kesehatan setelah balita tersebut mengalami kondisi yang diduga berkaitan dengan kasus keracunan MBG di Kecamatan Bawang.
“Jadi informasi viral itu kurang benar. Yang viral itu kan katanya tidak ditangani,” kata Mei saat dihubungi melalui sambungan telepon, Selasa (6/10/2026).
Baca juga: Viral Korban Dugaan Keracunan MBG di Batang Ditelantarkan, Ini Penjelasan Keluarga




Faskes pemerintah penuh
Ia menjelaskan, saat kejadian, fasilitas kesehatan pemerintah yang didatangi keluarga dalam kondisi penuh sehingga Raeza akhirnya dibawa ke fasilitas kesehatan swasta.
Mei mengatakan, berdasarkan informasi yang diperolehnya dari ibu korban, Raeza berada di rumah bibinya di Kecamatan Bawang pada Rabu 23 September 2026.
Raeza yang sehari-hari tinggal bersama orang tuanya di Desa Kemesu, Kecamatan Reban, ikut mengonsumsi makanan dari paket MBG milik bibinya.“Dari tanggal 23 September putranya main ke tempat budenya di Kecamatan Bawang. Di sana budenya ada MBG, ikut makan MBG itu tiga suap telur katanya,” kata Mei.
Pada hari yang sama, kasus dugaan keracunan MBG di Kecamatan Bawang mulai dilaporkan.
Ratusan warga disebut mengalami gejala yang diduga berkaitan dengan makanan program tersebut.
Dalam kondisi tersebut, Raeza dibawa ke Puskesmas Bawang. Namun, menurut Mei, fasilitas kesehatan tersebut tidak dapat langsung menangani Raeza karena penuh.
Baca juga: Menu MBG Ayam Tepung Diduga Jadi Penyebab Keracunan SMAN 1 Tukdana Indramayu, Sempat Tercium Aroma Tak Sedap
“Membawa mobil pribadi, dibawa ke rumah sakit Limpung juga sudah penuh,” ujarnya.
Lantaran tidak mendapatkan penanganan di fasilitas kesehatan tersebut, keluarga membawa Raeza ke Limpung Medical Center (LMC). Raeza menjalani perawatan di LMC selama tiga hari tiga malam.




  

“Kemudian pulang, nah setelah pulang di rumah panas lagi. Terus sekarang di RS Baitussyifa Limpung,” kata Mei.",Kompas.com,"Dajan Peken, 82114, Tabanan, Tabanan, Bali, Indonesia",-8.536609490935,115.13552944186335,5,"2, 7","kejaksaan, kejatibali, kejaritabanan, tabanan, news"
Pejabat hingga Camat di Banyuwangi Jalani Tes Urine Narkoba,2026-10-06T13:39:00.000Z,"Kabupaten Tabanan, Bali, Indonesia",Pejabat hingga Camat di Banyuwangi Jalani Tes Urine Narkoba - Kompas.com,"BANYUWANGI, KOMPAS.com - Sejumlah pejabat Pemerintah Kabupaten (Pemkab) Banyuwangi, mulai camat hingga kepala organisasi perangkat daerah (OPD), menjalani tes urine narkoba di Aula Rempeg Jogopati, Selasa (6/10/2026).
Pemeriksaan dilakukan oleh tim Badan Narkotika Nasional Kabupaten (BNNK) Banyuwangi atas permintaan langsung Bupati Banyuwangi Ipuk Fiestiandani.
Ipuk mengatakan, pemeriksaan tersebut menjadi bagian dari upaya Pemkab Banyuwangi mencegah penyalahgunaan narkoba di lingkungan pemerintahan.“Kami tegaskan Pemkab Banyuwangi berkomitmen zero tolerance terhadap narkoba, ini sebagai bentuk komitmen dan integritas sebagai abdi negara,” kata Ipuk, Selasa.
Baca juga: Anggota DPRD Banyuwangi Terlibat Pesta Narkoba Batal Diperiksa DPP Gerindra Hari Ini
Menurut Ipuk, Pemkab Banyuwangi telah menjalankan program Pencegahan dan Pemberantasan Penyalahgunaan dan Peredaran Gelap Narkotika (P4GN) sejak 2015. Satuan Pelaksana P4GN dibentuk melalui Keputusan Bupati Banyuwangi Nomor 188/138/KEP/429.011/2015.




Pada 2025, Pemkab Banyuwangi kembali memperbarui Tim Terpadu Fasilitasi P4GN sebagai wadah koordinasi lintas sektor dalam pencegahan dan pemberantasan penyalahgunaan serta peredaran gelap narkotika.
Pemkab Banyuwangi bersama BNNK juga melibatkan 54 fasilitator P4GN untuk memperluas edukasi dan pencegahan hingga desa dan kelurahan.
Sementara itu, setelah pemeriksaan urine, kegiatan dilanjutkan dengan deklarasi dan penandatanganan Pakta Integritas P4GN serta deteksi dini.Baca juga: Kasus Pesta Narkoba Asrila Diska, 49 Anggota DPRD Banyuwangi Mengaku Tak Bisa Tidur
Ipuk mengatakan, upaya pencegahan narkoba membutuhkan keterlibatan berbagai pihak, mulai dari pemerintah, aparat penegak hukum, sekolah, pesantren, organisasi masyarakat, dunia usaha hingga keluarga.
“Butuh keterlibatan semua pihak pemerintah, aparat penegak hukum, sekolah, pesantren, organisasi masyarakat, dunia usaha, tokoh agama, tokoh masyarakat, keluarga, dan seluruh warga Banyuwangi,” ujarnya.

Sementara itu, Kepala BNNK Banyuwangi, Kombes Pol Rachmat Kurniawan, mengatakan bahwa pemeriksaan urine tersebut dilakukan atas permintaan langsung Pemkab Banyuwangi.
Dia pun mengapresiasi respons Pemkab Banyuwangi dalam upaya pencegahan penyalahgunaan dan peredaran narkoba.
“Kami berharap seluruh instansi bergerak bersama dalam tugas pokoknya masing-masing untuk berpartisipasi dalam pemberantasan narkoba,” pungkasnya.
Baca juga: Sepekan Usai Kasus Pesta Narkoba, Anggota DPRD Banyuwangi Belum Bisa Dihubungi BK




  

    
        Bayangkan seorang anak Indonesia bercita-cita menjadi dokter tetapi hanya memiliki satu buku lusuh untuk belajar.","Bersama Ekspedisi Kata ke Nyata Kompas.com, Anda bisa membantu mengubah kisah itu. Mari hadirkan akses literasi bagi anak-anak di berbagai pelosok Indonesia melalui donasi lewat tautan https://bit.ly/JagatLiterasi2026.","Pada Hari Selasa , 6 Oktober 2026 13:39, Tabanan, Tabanan, Bali

BANYUWANGI, KOMPAS.com - Sejumlah pejabat Pemerintah Kabupaten (Pemkab) Banyuwangi, mulai camat hingga kepala organisasi perangkat daerah (OPD), menjalani tes urine narkoba di Aula Rempeg Jogopati, Selasa (6/10/2026).
Pemeriksaan dilakukan oleh tim Badan Narkotika Nasional Kabupaten (BNNK) Banyuwangi atas permintaan langsung Bupati Banyuwangi Ipuk Fiestiandani.
Ipuk mengatakan, pemeriksaan tersebut menjadi bagian dari upaya Pemkab Banyuwangi mencegah penyalahgunaan narkoba di lingkungan pemerintahan.“Kami tegaskan Pemkab Banyuwangi berkomitmen zero tolerance terhadap narkoba, ini sebagai bentuk komitmen dan integritas sebagai abdi negara,” kata Ipuk, Selasa.
Baca juga: Anggota DPRD Banyuwangi Terlibat Pesta Narkoba Batal Diperiksa DPP Gerindra Hari Ini
Menurut Ipuk, Pemkab Banyuwangi telah menjalankan program Pencegahan dan Pemberantasan Penyalahgunaan dan Peredaran Gelap Narkotika (P4GN) sejak 2015. Satuan Pelaksana P4GN dibentuk melalui Keputusan Bupati Banyuwangi Nomor 188/138/KEP/429.011/2015.




Pada 2025, Pemkab Banyuwangi kembali memperbarui Tim Terpadu Fasilitasi P4GN sebagai wadah koordinasi lintas sektor dalam pencegahan dan pemberantasan penyalahgunaan serta peredaran gelap narkotika.
Pemkab Banyuwangi bersama BNNK juga melibatkan 54 fasilitator P4GN untuk memperluas edukasi dan pencegahan hingga desa dan kelurahan.
Sementara itu, setelah pemeriksaan urine, kegiatan dilanjutkan dengan deklarasi dan penandatanganan Pakta Integritas P4GN serta deteksi dini.Baca juga: Kasus Pesta Narkoba Asrila Diska, 49 Anggota DPRD Banyuwangi Mengaku Tak Bisa Tidur
Ipuk mengatakan, upaya pencegahan narkoba membutuhkan keterlibatan berbagai pihak, mulai dari pemerintah, aparat penegak hukum, sekolah, pesantren, organisasi masyarakat, dunia usaha hingga keluarga.
“Butuh keterlibatan semua pihak pemerintah, aparat penegak hukum, sekolah, pesantren, organisasi masyarakat, dunia usaha, tokoh agama, tokoh masyarakat, keluarga, dan seluruh warga Banyuwangi,” ujarnya.

Sementara itu, Kepala BNNK Banyuwangi, Kombes Pol Rachmat Kurniawan, mengatakan bahwa pemeriksaan urine tersebut dilakukan atas permintaan langsung Pemkab Banyuwangi.
Dia pun mengapresiasi respons Pemkab Banyuwangi dalam upaya pencegahan penyalahgunaan dan peredaran narkoba.
“Kami berharap seluruh instansi bergerak bersama dalam tugas pokoknya masing-masing untuk berpartisipasi dalam pemberantasan narkoba,” pungkasnya.
Baca juga: Sepekan Usai Kasus Pesta Narkoba, Anggota DPRD Banyuwangi Belum Bisa Dihubungi BK




  

    
        Bayangkan seorang anak Indonesia bercita-cita menjadi dokter tetapi hanya memiliki satu buku lusuh untuk belajar. Bersama Ekspedisi Kata ke Nyata Kompas.com, Anda bisa membantu mengubah kisah itu. Mari hadirkan akses literasi bagi anak-anak di berbagai pelosok Indonesia melalui donasi lewat tautan https://bit.ly/JagatLiterasi2026. Setiap kebaikan yang Anda berikan bukan hanya membuka jendela pengetahuan, tetapi juga membuka masa depan mereka.",Kompas.com,"Dajan Peken, 82114, Tabanan, Tabanan, Bali, Indonesia",-8.536609490935,115.13552944186335,5,"2, 7","kejaksaan, kejatibali, kejaritabanan, tabanan, news"
Pasutri asal Jakarta Tewas Ditabrak Truk di Tol JogjaSolo Hendak Melayat ke Jogja,2026-10-05T10:30:00.000Z,"Kabupaten Tabanan, Bali, Indonesia","Pasutri asal Jakarta Tewas Ditabrak Truk di Tol Jogja-Solo, Hendak Melayat ke Jogja - Kompas.com","KLATEN, KOMPAS.com - Pasangan suami istri (pasutri) asal Jakarta, JN dan AS meninggal dunia setelah mengalami kecelakaan tabrak lari di Km 16 Tol Jogja-Solo tepatnya ruas Brangkal, Karanganom, Klaten, Jawa Tengah pada Jumat (2/10/2026) dini hari.
Rencananya, korban dari Jakarta hendak melayat saudaranya di Daerah Istimewa Yogyakarta (DIY). Kanit Gakkum Satlantas Polresta Klaten, Iptu Ryan Dwi Prabowo mengatakan, korban ditabrak truk tronton saat berhenti untuk mengganti ban depan mobilnya di bahu jalan tol.","""Tujuannya mau ke Jogja mau layat saudaranya informasinya,"" kata Ryan dikonfirmasi Kompas.com, Senin (5/10/2026).
Baca juga: Bupati Gowa Husniah Talenrang Akan Lawan Putusan MA, Persoalkan Surat Klarifikasi yang Nyasar
Ryan menambahkan, korban dibawa ke Jogja dan dimakamkan di sebelah saudaranya.



 ""Terus akhirnya dimakamkan di sebalah saudaranya. Dimakamkan satu titik (liang lahat) tiga jenazah,"" ungkap dia.","Pada Hari Senin , 5 Oktober 2026 10:30, Tabanan, Tabanan, Bali

KLATEN, KOMPAS.com - Pasangan suami istri (pasutri) asal Jakarta, JN dan AS meninggal dunia setelah mengalami kecelakaan tabrak lari di Km 16 Tol Jogja-Solo tepatnya ruas Brangkal, Karanganom, Klaten, Jawa Tengah pada Jumat (2/10/2026) dini hari.
Rencananya, korban dari Jakarta hendak melayat saudaranya di Daerah Istimewa Yogyakarta (DIY). Kanit Gakkum Satlantas Polresta Klaten, Iptu Ryan Dwi Prabowo mengatakan, korban ditabrak truk tronton saat berhenti untuk mengganti ban depan mobilnya di bahu jalan tol. ""Tujuannya mau ke Jogja mau layat saudaranya informasinya,"" kata Ryan dikonfirmasi Kompas.com, Senin (5/10/2026).
Baca juga: Bupati Gowa Husniah Talenrang Akan Lawan Putusan MA, Persoalkan Surat Klarifikasi yang Nyasar
Ryan menambahkan, korban dibawa ke Jogja dan dimakamkan di sebelah saudaranya.



 ""Terus akhirnya dimakamkan di sebalah saudaranya. Dimakamkan satu titik (liang lahat) tiga jenazah,"" ungkap dia. Ia menambahkan, polisi telah melakukan olah tempat kejadian perkara (TKP) kecelakaan di jalan tol.
Polisi akhirnya berhasil mengamankan sopir diduga pelaku tabrak lari beserta truk di wilayah Surabaya. Pelaku dan unit truk telah dibawa ke Satlantas Polresta Klaten guna kepentingan pemeriksaan.
Baca juga: Kebakaran Trans Home Jogja Dilaporkan ke Polisi, Kerugian Ditaksir Rp 20 Miliar




  

    
        Bayangkan seorang anak Indonesia bercita-cita menjadi dokter tetapi hanya memiliki satu buku lusuh untuk belajar. Bersama Ekspedisi Kata ke Nyata Kompas.com, Anda bisa membantu mengubah kisah itu. Mari hadirkan akses literasi bagi anak-anak di berbagai pelosok Indonesia melalui donasi lewat tautan https://bit.ly/JagatLiterasi2026. Setiap kebaikan yang Anda berikan bukan hanya membuka jendela pengetahuan, tetapi juga membuka masa depan mereka.",Kompas.com,"Dajan Peken, 82114, Tabanan, Tabanan, Bali, Indonesia",-8.536609490935,115.13552944186335,5,"2, 7","kejaksaan, kejatibali, kejaritabanan, tabanan, news"
Kronologi Surat MA untuk Bupati Gowa Salah Kirim Husniah Duga Ada Kesengajaan,2026-10-06T00:03:00.000Z,"Kabupaten Tabanan, Bali, Indonesia","Kronologi Surat MA untuk Bupati Gowa Salah Kirim, Husniah Duga Ada Kesengajaan - Kompas.com","GOWA, KOMPAS.com - Tim kuasa hukum Bupati Gowa Sitti Husniah Talenrang mengetahui surat Mahkamah Agung (MA) untuk kliennya salah kirim ke Pengadilan Agama Sungguminasa.
Temuan ini terungkap ketika mereka mendatangi MA di Jakarta pada Jumat (2/10/2026).Kuasa Hukum Bupati Gowa Adhi Bintang menyebut pihaknya sedang menyiapkan sejumlah langkah hukum atas putusan MA.
""Sebagai warga negara Indonesia, Ibu Bupati tentu memiliki hak hukum. Kami akan melakukan segala upaya hukum, termasuk menyusun surat kepada Mahkamah Agung yang nantinya akan ditembuskan kepada Kementerian Dalam Negeri dan DPRD Kabupaten Gowa,"" ujarnya dikutip dari Antara, Minggu (4/10/2026).
Baca juga: Tanggapan Gubernur Sulsel soal Putusan MA yang Kabulkan Pemakzulan Bupati Gowa Husniah Talenrang
Kronologi Surat Salah Kirim
Perkara uji pendapat ini diregistrasi MA pada 21 Agustus 2026, setelah DPRD Gowa mengajukan permohonan terkait usulan pemberhentian Sitti Husniah.




Pada awal September 2026, MA menyerahkan suratnya kepada PT Pos.","Surat itu memberi Sitti Husniah kesempatan menyampaikan tanggapan.
Namun, surat tersebut salah dikirim ke Pengadilan Agama Sungguminasa.
Kamis (1/10/2026), MA memutus permohonan DPRD Gowa. Berdasarkan informasi perkara MA, amar putusan mengabulkan permohonan dan menyatakan objek permohonan berdasarkan hukum.
Putusan ini bagian dari mekanisme pemberhentian kepala daerah yang diatur dalam Undang-Undang Nomor 23 Tahun 2014 tentang Pemerintahan Daerah.
Baca juga: MA Kabulkan Pemakzulan, Bupati Gowa Ungkap Tak Diundang Klarifikasi, Surat Salah Alamat
Sehari kemudian, tim kuasa hukum datang ke MA untuk menanyakan perkembangan perkara.","Pada Hari Selasa , 6 Oktober 2026 00:03, Tabanan, Tabanan, Bali

GOWA, KOMPAS.com - Tim kuasa hukum Bupati Gowa Sitti Husniah Talenrang mengetahui surat Mahkamah Agung (MA) untuk kliennya salah kirim ke Pengadilan Agama Sungguminasa.
Temuan ini terungkap ketika mereka mendatangi MA di Jakarta pada Jumat (2/10/2026).Kuasa Hukum Bupati Gowa Adhi Bintang menyebut pihaknya sedang menyiapkan sejumlah langkah hukum atas putusan MA.
""Sebagai warga negara Indonesia, Ibu Bupati tentu memiliki hak hukum. Kami akan melakukan segala upaya hukum, termasuk menyusun surat kepada Mahkamah Agung yang nantinya akan ditembuskan kepada Kementerian Dalam Negeri dan DPRD Kabupaten Gowa,"" ujarnya dikutip dari Antara, Minggu (4/10/2026).
Baca juga: Tanggapan Gubernur Sulsel soal Putusan MA yang Kabulkan Pemakzulan Bupati Gowa Husniah Talenrang
Kronologi Surat Salah Kirim
Perkara uji pendapat ini diregistrasi MA pada 21 Agustus 2026, setelah DPRD Gowa mengajukan permohonan terkait usulan pemberhentian Sitti Husniah.




Pada awal September 2026, MA menyerahkan suratnya kepada PT Pos. Surat itu memberi Sitti Husniah kesempatan menyampaikan tanggapan.
Namun, surat tersebut salah dikirim ke Pengadilan Agama Sungguminasa.
Kamis (1/10/2026), MA memutus permohonan DPRD Gowa. Berdasarkan informasi perkara MA, amar putusan mengabulkan permohonan dan menyatakan objek permohonan berdasarkan hukum.
Putusan ini bagian dari mekanisme pemberhentian kepala daerah yang diatur dalam Undang-Undang Nomor 23 Tahun 2014 tentang Pemerintahan Daerah.
Baca juga: MA Kabulkan Pemakzulan, Bupati Gowa Ungkap Tak Diundang Klarifikasi, Surat Salah Alamat
Sehari kemudian, tim kuasa hukum datang ke MA untuk menanyakan perkembangan perkara. Mereka juga hendak menyampaikan tanggapan Sitti Husniah.
Di sana, mereka baru tahu bahwa MA sudah memutus perkara. Surat yang salah kirim itu baru ditarik kembali pada hari yang sama.Tim kuasa hukum lalu mengadukan dugaan kelalaian dalam pengiriman surat ke Polda Sulawesi Selatan untuk ditelusuri lebih lanjut.
Sitti Husniah menyampaikan sikapnya dalam konferensi pers di Rumah Jabatan Bupati Gowa, Minggu (4/10/2026) malam. 
Ia tidak pernah menerima surat MA yang memberinya kesempatan untuk menanggapi.
Sitti Husniah menduga ada unsur kesengajaan dalam kesalahan pengiriman itu. Akibatnya, ia kehilangan kesempatan menyampaikan tanggapan sebelum MA memutus perkara.
Baca juga: MA Kabulkan Pemakzulan Bupati Gowa Husniah Talenrang, Kuasa Hukum: Ada yang Akan Kami Bongkar
""Hal ini di luar dari dugaan kami dan tentunya terhadap apa yang terjadi akan segera kami tindak lanjuti,"" jelasnya.
Ia berencana mengirim surat resmi kepada MA dan Kementerian Dalam Negeri (Kemendagri) soal tanggapan yang tidak sempat sampai ke MA.
""Upaya hukum akan saya lakukan termasuk juga menyampaikan surat secara resmi kepada Mahkamah Agung, Kemendagri, terhadap sabotase surat tanggapan saya yang seharusnya saya berikan kepada MA yang merupakan hak dari saya selaku Bupati Gowa,"" tutur Husniah.
Husniah juga menilai dinamika politik di Kabupaten Gowa mengganggu jalannya pemerintahan dan pelayanan kepada masyarakat.
""Tentu ini sangat mengganggu jalannya proses pemerintahan dan yang pasti proses pelayanan bagi masyarakat. Itu yang sangat tidak saya inginkan,"" imbuhnya.
Baca juga: Usai 5 Bulan Disandera Perompak Somalia, Kapten MT Honour 25 Asal Gowa Hubungi Ayah




  

    
        Bayangkan seorang anak Indonesia bercita-cita menjadi dokter tetapi hanya memiliki satu buku lusuh untuk belajar. Bersama Ekspedisi Kata ke Nyata Kompas.com, Anda bisa membantu mengubah kisah itu. Mari hadirkan akses literasi bagi anak-anak di berbagai pelosok Indonesia melalui donasi lewat tautan https://bit.ly/JagatLiterasi2026. Setiap kebaikan yang Anda berikan bukan hanya membuka jendela pengetahuan, tetapi juga membuka masa depan mereka.",Kompas.com,"Dajan Peken, 82114, Tabanan, Tabanan, Bali, Indonesia",-8.536609490935,115.13552944186335,5,"2, 7","kejaksaan, kejatibali, kejaritabanan, tabanan, news"
Cerita Bobby Nasution Pernah Berantem dengan Kajari Garagara Pungli Kepsek,2026-10-06T13:44:00.000Z,"Kabupaten Tabanan, Bali, Indonesia",Cerita Bobby Nasution Pernah 'Berantem' dengan Kajari Gara-gara Pungli Kepsek - Kompas.com,"MEDAN,KOMPAS.com - Gubernur Sumatera Utara, Bobby Nasution bercerita pernah berseteru dengan salah seorang kepala kejaksaan negeri di Kota Medan.
Perseteruan dipicu karena oknum kepala kejaksaaan (Kajari) meminta kepada kepala sekolah uang sebesar Rp 5 juta hingga Rp 10 juta. Bobby menyampaikan itu, saat sosialisasi program Kejati Sumut, Jaksa Sahabat Pendidik di Kantor Gubernur Sumut, Selasa (6/10/2026).Kata Bobby peristiwa yang dialaminya terjadi saat ia menjabat menjadi Wali Kota Medan.","Awalnya dia bercerita bahwa kepala sekolah tidak perlu takut dengan berbagai bentuk pemerasan, termasuk dari Lembaga Swadaya Masyarakat (LSM) yang namanya menyerupai lembaga penegak hukum (APH).
Baca juga: Siswa Nias Seberangi Sungai ke Sekolah, Bobby Nasution Janji Bangun Jembatan Tahun Ini
""Banyak sekali pak LSM, mohon maaf ini pak Kejati, bapak perhatikan LSM ini namanya mirip nama-nama APH, kenapa LSM ini namanya banyak nama APH, yang tadi yang berita tadi LSM KPK, LSM Tipikor, belum lagi gabungan sudah lah APH tambah lagi hewan buas, macan keadilan,"" ujar Bobby yang disambut peserta kegiatan.




Dihadapan Kajati Sumut, Mahibuddin yang hadir di acara itu, Bobby lalu mengatakan seharusnya para Kepsek tidak perlu takut diperas apalagi jika tidak bersalah.
""Kalau yang salah, wajib takut, kalau yang benar dan yang mau menjalankan dengan benar, ini bukan takut sama LSM nya, Pak, tapi takut sama yang bekingi LSM-nya, Pak,"" kata Bobby.
Baca juga: Bobby Nasution Ajak Ikatan Keluarga Minangkabau Sumut Perkuat Ekonomi Keumatan dan Industri Halal 
Bobby lalu menceritakan pengalamannya pernah 'berantem' dengan salah satu Kajari yang ada di Medan. Namun Bobby tidak menyebut nama dan institusinya serta tahun berapa.","Pada Hari Selasa , 6 Oktober 2026 13:44, Tabanan, Tabanan, Bali

MEDAN,KOMPAS.com - Gubernur Sumatera Utara, Bobby Nasution bercerita pernah berseteru dengan salah seorang kepala kejaksaan negeri di Kota Medan.
Perseteruan dipicu karena oknum kepala kejaksaaan (Kajari) meminta kepada kepala sekolah uang sebesar Rp 5 juta hingga Rp 10 juta. 
Bobby menyampaikan itu, saat sosialisasi program Kejati Sumut, Jaksa Sahabat Pendidik di Kantor Gubernur Sumut, Selasa (6/10/2026).Kata Bobby peristiwa yang dialaminya terjadi saat ia menjabat menjadi Wali Kota Medan. Awalnya dia bercerita bahwa kepala sekolah tidak perlu takut dengan berbagai bentuk pemerasan, termasuk dari Lembaga Swadaya Masyarakat (LSM) yang namanya menyerupai lembaga penegak hukum (APH).
Baca juga: Siswa Nias Seberangi Sungai ke Sekolah, Bobby Nasution Janji Bangun Jembatan Tahun Ini
""Banyak sekali pak LSM, mohon maaf ini pak Kejati, bapak perhatikan LSM ini namanya mirip nama-nama APH, kenapa LSM ini namanya banyak nama APH, yang tadi yang berita tadi LSM KPK, LSM Tipikor, belum lagi gabungan sudah lah APH tambah lagi hewan buas, macan keadilan,"" ujar Bobby yang disambut peserta kegiatan.




Dihadapan Kajati Sumut, Mahibuddin yang hadir di acara itu, Bobby lalu mengatakan seharusnya para Kepsek tidak perlu takut diperas apalagi jika tidak bersalah.
""Kalau yang salah, wajib takut, kalau yang benar dan yang mau menjalankan dengan benar, ini bukan takut sama LSM nya, Pak, tapi takut sama yang bekingi LSM-nya, Pak,"" kata Bobby.
Baca juga: Bobby Nasution Ajak Ikatan Keluarga Minangkabau Sumut Perkuat Ekonomi Keumatan dan Industri Halal 
Bobby lalu menceritakan pengalamannya pernah 'berantem' dengan salah satu Kajari yang ada di Medan. Namun Bobby tidak menyebut nama dan institusinya serta tahun berapa. Diketahui di Kota Medan sendiri ada 2 Kajari, yakni Kajari Belawan dan Medan.""Saya dulu pas di Medan, mohon maaf Pak Rico (Walikota Medan), bukannya menyinggung nih, Pak ya. Saya dulu pas di Medan, mohon izin, saya pernah berantem, sama Forkopimda saya. Makanya tadi pas Pak Kajati sampaikan Pak Rico tadi didampingi 2 Kejari, seingat saya, Pak, saya pernah berantem sama salah satu Kejari saya di Medan,"" ujar Bobby.
Kata Bobby perseteruan diawali ketika pada pagi hari, dia mendapat laporan dari kepala dinas pendidikan, bahwa Kajari yang dimaksud meminta uang Rp 5-10 juta ke kepala sekolah.
Baca juga: Jalan Provinsi Kembali Rusak, Warga Sergai Desak Bobby Nasution Tertibkan Truk Overload
""Pak Kejari-nya waktu itu minta uang ke kepala sekolah-kepala sekolah, seingat saya totalnya ada Rp 5 juta, ada Rp10 juta, kebetulan pada saat itu siangnya saya mau ketemu sama Pak Kajati, Pak, waktu itu, kami ada kegiatan Pemkot Medan dan Kejatisu,'' kata Bobby.
Selanjutnya kata Bobby sebelum berangkat menemui Kepala Kejaksaan Tinggi (Kejati), Sumut, ia sempatkan menelpon Kajari yang dimaksudnya. Melalui saluran telepon dia mengatakan siap membayar uang yang diminta Kajari ke Kepsek, tetapi uang itu harus langsung diserahkan di depan Kepala Kejati Sumut saat itu.
""(Saya bilang) Pak Kejari, nanti yang uang kepala sekolah ini enggak usah dari kepala sekolah, dari saya saja. Tapi kalau boleh, Pak, nanti saya serahkan di depan Pak Kajati ya, saya siapkan sekarang,"" ujar Bobby menirukan ucapannya kala itu.
Baca juga: Bobby Nasution Pastikan Siswa Korban Keracunan MBG di Karo Dapat Pendampingan Belajar
Kata Booby, setelah percakapan lewat telpon tersebut, Kajari yang dimaksud Bobby membatalkan meminta uang kepada kepala sekolah.




  

Tetapi sejak saat itu, hubungannya dengan Kajari yang dimaksudnya renggang.",Kompas.com,"Dajan Peken, 82114, Tabanan, Tabanan, Bali, Indonesia",-8.536609490935,115.13552944186335,5,"2, 7","kejaksaan, kejatibali, kejaritabanan, tabanan, news"
ASDP Ubah Pola Angkut Truk Berat di Pelabuhan Ketapang,2026-10-06T13:03:00.000Z,"Kabupaten Tabanan, Bali, Indonesia",ASDP Ubah Pola Angkut Truk Berat di Pelabuhan Ketapang - Kompas.com,"BANYUWANGI, KOMPAS.com - PT ASDP Indonesia Ferry (Persero) mengubah pola pengaturan truk di Pelabuhan Ketapang, Banyuwangi.
Kendaraan logistik berukuran besar, termasuk truk dengan bobot di atas 20 ton, kini diarahkan melalui Dermaga Landing Craft Machinery (LCM) dan Movable Bridge (MB) IV. Sementara dermaga MB I, II, dan III difokuskan untuk kendaraan kecil dan truk sedang.
Perubahan pola tersebut dilakukan dengan mempertimbangkan jenis, dimensi, dan bobot kendaraan serta kapasitas kapal dan fasilitas dermaga.Direktur Utama ASDP, Heru Widodo, mengatakan bahwa pengaturan kendaraan tidak bisa hanya berorientasi pada kecepatan pelayanan, melainkan memastikan setiap kendaraan dapat dilayani secara aman sesuai karakteristik kendaraan, kapasitas kapal, dan kesiapan fasilitas pelabuhan.
""Keselamatan tetap menjadi pertimbangan utama dalam setiap pengaturan operasional,” kata Heru, Selasa (6/10/2026).
Baca juga: Pemkab Banyuwangi Siapkan Jalur Alternatif Menuju Pelabuhan Ketapang untuk Urai Kemacetan




Pengaturan truk tersebut juga berkaitan dengan upaya pemerintah menuju penerapan kebijakan Zero Over Dimension Over Load (ODOL) 2027.
Di tengah perubahan pola angkutan kendaraan, ASDP juga menyiapkan tambahan kapasitas di lintasan Ketapang-Gilimanuk.
KMP Portlink dan KMP Jatra I digunakan sebagai kapal perbantuan untuk mendukung layanan Ketapang-Gilimanuk serta Tanjung Wangi-Lembar.Selain itu, pola Tiba-Bongkar-Berangkat (TBB) dapat diterapkan ketika antrean kendaraan kembali meningkat.","Pola tersebut memungkinkan kapal yang tiba segera melakukan bongkar muatan sebelum kembali berangkat.

Baca juga: Pengembangan Lintasan Ketapang-Gilimanuk Diusulkan Masuk PSN
Di sisi lain, ASDP juga mengoptimalkan kapal berkapasitas di atas 2.000 GT untuk memaksimalkan kapasitas angkut yang tersedia.
General Manager ASDP Cabang Ketapang, Media Syahrianto, mengatakan bahwa pengaturan kendaraan di dalam pelabuhan dilakukan berdasarkan karakteristik kendaraan serta kesesuaian dengan kapasitas kapal dan dermaga.
Kendaraan yang telah masuk ke area pelabuhan disebutnya dilayani secara tertib sesuai antrean. Distribusi kendaraan selanjutnya dilakukan berdasarkan karakteristik kendaraan serta kesesuaian kapasitas kapal dan dermaga.
""Dengan pola tersebut, kelancaran pelayanan dapat tetap dijaga tanpa mengurangi aspek keselamatan,” pungkasnya.
Baca juga: ASDP Sebut Truk ODOL Pengaruhi Proses Pemuatan Kapal di Ketapang-Gilimanuk




  

    
        Bayangkan seorang anak Indonesia bercita-cita menjadi dokter tetapi hanya memiliki satu buku lusuh untuk belajar.","Pada Hari Selasa , 6 Oktober 2026 13:03, Tabanan, Tabanan, Bali

BANYUWANGI, KOMPAS.com - PT ASDP Indonesia Ferry (Persero) mengubah pola pengaturan truk di Pelabuhan Ketapang, Banyuwangi.
Kendaraan logistik berukuran besar, termasuk truk dengan bobot di atas 20 ton, kini diarahkan melalui Dermaga Landing Craft Machinery (LCM) dan Movable Bridge (MB) IV. Sementara dermaga MB I, II, dan III difokuskan untuk kendaraan kecil dan truk sedang.
Perubahan pola tersebut dilakukan dengan mempertimbangkan jenis, dimensi, dan bobot kendaraan serta kapasitas kapal dan fasilitas dermaga.Direktur Utama ASDP, Heru Widodo, mengatakan bahwa pengaturan kendaraan tidak bisa hanya berorientasi pada kecepatan pelayanan, melainkan memastikan setiap kendaraan dapat dilayani secara aman sesuai karakteristik kendaraan, kapasitas kapal, dan kesiapan fasilitas pelabuhan.
""Keselamatan tetap menjadi pertimbangan utama dalam setiap pengaturan operasional,” kata Heru, Selasa (6/10/2026).
Baca juga: Pemkab Banyuwangi Siapkan Jalur Alternatif Menuju Pelabuhan Ketapang untuk Urai Kemacetan




Pengaturan truk tersebut juga berkaitan dengan upaya pemerintah menuju penerapan kebijakan Zero Over Dimension Over Load (ODOL) 2027.
Di tengah perubahan pola angkutan kendaraan, ASDP juga menyiapkan tambahan kapasitas di lintasan Ketapang-Gilimanuk.
KMP Portlink dan KMP Jatra I digunakan sebagai kapal perbantuan untuk mendukung layanan Ketapang-Gilimanuk serta Tanjung Wangi-Lembar.Selain itu, pola Tiba-Bongkar-Berangkat (TBB) dapat diterapkan ketika antrean kendaraan kembali meningkat. Pola tersebut memungkinkan kapal yang tiba segera melakukan bongkar muatan sebelum kembali berangkat.

Baca juga: Pengembangan Lintasan Ketapang-Gilimanuk Diusulkan Masuk PSN
Di sisi lain, ASDP juga mengoptimalkan kapal berkapasitas di atas 2.000 GT untuk memaksimalkan kapasitas angkut yang tersedia.
General Manager ASDP Cabang Ketapang, Media Syahrianto, mengatakan bahwa pengaturan kendaraan di dalam pelabuhan dilakukan berdasarkan karakteristik kendaraan serta kesesuaian dengan kapasitas kapal dan dermaga.
Kendaraan yang telah masuk ke area pelabuhan disebutnya dilayani secara tertib sesuai antrean. Distribusi kendaraan selanjutnya dilakukan berdasarkan karakteristik kendaraan serta kesesuaian kapasitas kapal dan dermaga.
""Dengan pola tersebut, kelancaran pelayanan dapat tetap dijaga tanpa mengurangi aspek keselamatan,” pungkasnya.
Baca juga: ASDP Sebut Truk ODOL Pengaruhi Proses Pemuatan Kapal di Ketapang-Gilimanuk




  

    
        Bayangkan seorang anak Indonesia bercita-cita menjadi dokter tetapi hanya memiliki satu buku lusuh untuk belajar. Bersama Ekspedisi Kata ke Nyata Kompas.com, Anda bisa membantu mengubah kisah itu. Mari hadirkan akses literasi bagi anak-anak di berbagai pelosok Indonesia melalui donasi lewat tautan https://bit.ly/JagatLiterasi2026. Setiap kebaikan yang Anda berikan bukan hanya membuka jendela pengetahuan, tetapi juga membuka masa depan mereka.",Kompas.com,"Dajan Peken, 82114, Tabanan, Tabanan, Bali, Indonesia",-8.536609490935,115.13552944186335,5,"2, 7","kejaksaan, kejatibali, kejaritabanan, tabanan, news"
Pemuda di Solo Ditangkap Densus 88 Saat Ambil Gaji Keluarga Khawatir,2026-10-03T09:00:00.000Z,"Kabupaten Tabanan, Bali, Indonesia","Pemuda di Solo Ditangkap Densus 88 Saat Ambil Gaji, Keluarga Khawatir - Kompas.com","SOLO, KOMPAS.com - YDK (21), pemuda asal Kecamatan Jebres, Kota Solo, Jawa Tengah, ditangkap Detasemen Khusus (Densus) 88 Antitetor Mabes Polri pada Kamis (1/10/2026) malam seusai mengambil gaji di tempat kerja.
Pendamping keluarga YDK, Endro Sudarsono, mengungkapkan, YDK mengambil gaji pada Kamis pagi. Tapi, sampai malam YDK tak kunjung pulang.Keluarga yang khawatir mencoba menghubungi ponsel YDK, namun tidak mendapatkan respons.
Baca juga: Densus 88 Tangkap 3 Terduga Teroris di Sulteng, 2 Orang Dikenal Tertutup
Kejelasan mengenai keberadaan YDK baru diketahui pada Jumat (2/10/2026) pagi, saat keluarga menerima surat resmi penangkapan dari Densus 88.
Meskipun telah menerima surat penangkapan, pihak keluarga mengaku masih kebingungan lantaran belum mengetahui secara pasti keterlibatan maupun dugaan tindak pidana yang disangkakan kepada YDK.




""Dari keluarga mempertanyakan tentang kasusnya (YDK).","Ini terkait dengan peristiwa apa, di mana, kapan, perannya dia apa, termasuk apakah ada korban atau tidak,"" kata Endro saat ditemui di Kecamatan Jebres, Solo, Jawa Tengah, Sabtu (3/10/2026).
Baca juga: Densus 88 Ungkap Lebih dari 300 Anak Terjebak True Crime Community, Rentan Rekrutmen EkstremismeSelain mempertanyakan perkara YDK, keluarga juga mengkhawatirkan kondisi fisik YDK selama menjalani proses pemeriksaan di kepolisian.
Keluarga berharap Densus 88 dapat mengedepankan asas praduga tak bersalah dan menjamin pemenuhan hak-hak hukum YDK tanpa adanya tindakan kekerasan maupun intimidasi.
""Keluarga berharap Mas YDK ini baik-baik saja, sehat-sehat sehingga yang selama ini Densus lakukan itu tidak terjadi pada Mas YDK, khususnya masalah hak tidak ada intimidasi, tidak dianiaya, dan tidak dijatuhkan harkat dan marbatanya di dalam proses hukum,"" ungkap dia.Sementara itu, ayah YDK, Edi, mengatakan, YDK merupakan anak pertama dari dua bersaudara. Selama ini keseharian YDK baik-baik saja.
""Kesehariannya itu ya kerja.","Pada Hari Sabtu , 3 Oktober 2026 09:00, Tabanan, Tabanan, Bali

SOLO, KOMPAS.com - YDK (21), pemuda asal Kecamatan Jebres, Kota Solo, Jawa Tengah, ditangkap Detasemen Khusus (Densus) 88 Antitetor Mabes Polri pada Kamis (1/10/2026) malam seusai mengambil gaji di tempat kerja.
Pendamping keluarga YDK, Endro Sudarsono, mengungkapkan, YDK mengambil gaji pada Kamis pagi. Tapi, sampai malam YDK tak kunjung pulang.Keluarga yang khawatir mencoba menghubungi ponsel YDK, namun tidak mendapatkan respons.
Baca juga: Densus 88 Tangkap 3 Terduga Teroris di Sulteng, 2 Orang Dikenal Tertutup
Kejelasan mengenai keberadaan YDK baru diketahui pada Jumat (2/10/2026) pagi, saat keluarga menerima surat resmi penangkapan dari Densus 88.
Meskipun telah menerima surat penangkapan, pihak keluarga mengaku masih kebingungan lantaran belum mengetahui secara pasti keterlibatan maupun dugaan tindak pidana yang disangkakan kepada YDK.




""Dari keluarga mempertanyakan tentang kasusnya (YDK). Ini terkait dengan peristiwa apa, di mana, kapan, perannya dia apa, termasuk apakah ada korban atau tidak,"" kata Endro saat ditemui di Kecamatan Jebres, Solo, Jawa Tengah, Sabtu (3/10/2026).
Baca juga: Densus 88 Ungkap Lebih dari 300 Anak Terjebak True Crime Community, Rentan Rekrutmen EkstremismeSelain mempertanyakan perkara YDK, keluarga juga mengkhawatirkan kondisi fisik YDK selama menjalani proses pemeriksaan di kepolisian.
Keluarga berharap Densus 88 dapat mengedepankan asas praduga tak bersalah dan menjamin pemenuhan hak-hak hukum YDK tanpa adanya tindakan kekerasan maupun intimidasi.
""Keluarga berharap Mas YDK ini baik-baik saja, sehat-sehat sehingga yang selama ini Densus lakukan itu tidak terjadi pada Mas YDK, khususnya masalah hak tidak ada intimidasi, tidak dianiaya, dan tidak dijatuhkan harkat dan marbatanya di dalam proses hukum,"" ungkap dia.Sementara itu, ayah YDK, Edi, mengatakan, YDK merupakan anak pertama dari dua bersaudara. Selama ini keseharian YDK baik-baik saja.
""Kesehariannya itu ya kerja. YDK kerja sama temannya di galon. Pulang jam 3 (sore) kerja di warung bebek. Pulange jam 12 malam,"" kata Edi.
Edi tak menyangka YDK ditangkap Densus 88 saat mengambil gaji pada Kamis pagi. Kebetulan, hari itu YDK libur kerja dan hanya mengambil gaji. Tapi sampai malam YDK tak kunjung pulang.
""Ya saya kaget malam kok tidak pulang terus (Jumat) pagi-pagi kok datang Densus. Ternyata (memberikan surat) penangkapan anak saya YDK itu,"" ucap dia.




  



    
        Bayangkan seorang anak Indonesia bercita-cita menjadi dokter tetapi hanya memiliki satu buku lusuh untuk belajar. Bersama Ekspedisi Kata ke Nyata Kompas.com, Anda bisa membantu mengubah kisah itu. Mari hadirkan akses literasi bagi anak-anak di berbagai pelosok Indonesia melalui donasi lewat tautan https://bit.ly/JagatLiterasi2026. Setiap kebaikan yang Anda berikan bukan hanya membuka jendela pengetahuan, tetapi juga membuka masa depan mereka.",Kompas.com,"Dajan Peken, 82114, Tabanan, Tabanan, Bali, Indonesia",-8.536609490935,115.13552944186335,5,"2, 7","kejaksaan, kejatibali, kejaritabanan, tabanan, news"
Bebas dari Perompak Somalia Keluarga Harap Kapten Kapal Asal Gowa Segera Dibawa ke RI,2026-10-06T07:55:00.000Z,"Kabupaten Tabanan, Bali, Indonesia","Bebas dari Perompak Somalia, Keluarga Harap Kapten Kapal Asal Gowa Segera Dibawa ke RI - Kompas.com","GOWA, KOMPAS.com - Keluarga Kapten Kapal MT Hanour 25, Ashari Samadikun, berharap anaknya segera dipulangkan ke Makassar setelah dibebaskan dari perompak Somalia.
Ashari berasal dari Kabupaten Gowa, Sulawesi Selatan. Keluarganya bersyukur ia dan rekan-rekannya berhasil diselamatkan.Harapan itu disampaikan ayah Ashari, Syamsuddin Daeng Ngawing, kepada wartawan di rumahnya, Desa Paccellekang, Kecamatan Pattallassang, Kabupaten Gowa, Senin.
""Harapan terakhir kami supaya, segera anak saya dapat dipulangkan kembali ke Makassar dan bertemu dengan keluarganya, keluarga besar,"" kata Syamsuddin dilansir dari Antara, Senin (5/10/2026).
Keluarga meminta pemerintah segera mengurus kepulangan Ashari yang kini berada di zona aman. 
Menurut kabar dari Ashari, ia berada di Bosaso, wilayah pesisir utara Somalia.




""Saya berharap kepada pemerintah (dipulangkan segera),"" imbuh Syamsuddin.
""Saya mengucapkan kepada pemerintah terima kasih yang sebesar-besarnya, semua pihak yang sudah turun campur di dalam penyelesaian masalah anak saya,"" tambahnya.Baca juga: Kapten Kapal Asal Gowa 3 Bulan Disandera Perompak Somalia, Negosiator-Tebusan Jadi Kendala
Kapal Dibebaskan Aparat Puntland
Syamsuddin menerima kabar bahwa anaknya dibebaskan bersama beberapa rekan pada 29 September 2026. 
Pembebasan itu terjadi setelah aparat keamanan bersenjata Puntland, wilayah semi-otonomi di Somalia, menyerbu kapal yang dibajak perompak sejak 21 April 2026.
""Anak saya juga tidak tahu bahwa akan terjadi penyerangan, tiba-tiba ada penyerangan seperti itu.","Hanya karena anak saya menyampaikan, ketika dia melihat kapal yang mencurigakan,"" tuturnya.
""Semua awak kapal di atas langsung diikat, ketika dia merasa curiga. Nah, itulah dia tahu anak saya sudah sampaikan bahwa bukan itu (kapal penyergap), karena itu adalah kapal tanker.","Pada Hari Selasa , 6 Oktober 2026 07:55, Tabanan, Tabanan, Bali

GOWA, KOMPAS.com - Keluarga Kapten Kapal MT Hanour 25, Ashari Samadikun, berharap anaknya segera dipulangkan ke Makassar setelah dibebaskan dari perompak Somalia.
Ashari berasal dari Kabupaten Gowa, Sulawesi Selatan. Keluarganya bersyukur ia dan rekan-rekannya berhasil diselamatkan.Harapan itu disampaikan ayah Ashari, Syamsuddin Daeng Ngawing, kepada wartawan di rumahnya, Desa Paccellekang, Kecamatan Pattallassang, Kabupaten Gowa, Senin.
""Harapan terakhir kami supaya, segera anak saya dapat dipulangkan kembali ke Makassar dan bertemu dengan keluarganya, keluarga besar,"" kata Syamsuddin dilansir dari Antara, Senin (5/10/2026).
Keluarga meminta pemerintah segera mengurus kepulangan Ashari yang kini berada di zona aman. 
Menurut kabar dari Ashari, ia berada di Bosaso, wilayah pesisir utara Somalia.




""Saya berharap kepada pemerintah (dipulangkan segera),"" imbuh Syamsuddin.
""Saya mengucapkan kepada pemerintah terima kasih yang sebesar-besarnya, semua pihak yang sudah turun campur di dalam penyelesaian masalah anak saya,"" tambahnya.Baca juga: Kapten Kapal Asal Gowa 3 Bulan Disandera Perompak Somalia, Negosiator-Tebusan Jadi Kendala
Kapal Dibebaskan Aparat Puntland
Syamsuddin menerima kabar bahwa anaknya dibebaskan bersama beberapa rekan pada 29 September 2026. 
Pembebasan itu terjadi setelah aparat keamanan bersenjata Puntland, wilayah semi-otonomi di Somalia, menyerbu kapal yang dibajak perompak sejak 21 April 2026.
""Anak saya juga tidak tahu bahwa akan terjadi penyerangan, tiba-tiba ada penyerangan seperti itu. Hanya karena anak saya menyampaikan, ketika dia melihat kapal yang mencurigakan,"" tuturnya.
""Semua awak kapal di atas langsung diikat, ketika dia merasa curiga. Nah, itulah dia tahu anak saya sudah sampaikan bahwa bukan itu (kapal penyergap), karena itu adalah kapal tanker. Ternyata, memang itu yang membebaskannya,"" lanjut Syamsuddin.
Ashari juga bercerita bahwa baku tembak sempat terjadi antara petugas keamanan militer dan perompak. 
Rekan-rekannya berpura-pura mati, sementara perompak gelisah mencari siapa yang akan menjalankan kapal.




  

Ashari lalu berlari ke bagian depan kapal, tetapi setirnya sudah dirusak. Seorang perompak sempat menendangnya.",Kompas.com,"Dajan Peken, 82114, Tabanan, Tabanan, Bali, Indonesia",-8.536609490935,115.13552944186335,5,"2, 7","kejaksaan, kejatibali, kejaritabanan, tabanan, news"
Kasus Kekerasan Eks Kepala SMPN 18 Malang Naik Penyidikan,2026-10-06T13:11:00.000Z,"Kabupaten Tabanan, Bali, Indonesia",Kasus Kekerasan Eks Kepala SMPN 18 Malang Naik Penyidikan - Kompas.com,"MALANG, KOMPAS.com - Penanganan kasus dugaan kekerasan terhadap sejumlah siswa di SMP Negeri 18 Kota Malang, Jawa Timur, oleh mantan kepala sekolah memasuki tahap baru.
Satuan Reserse Kriminal Polresta Malang Kota telah meningkatkan penanganan perkara tersebut dari penyelidikan ke tahap penyidikan.Dari 8 laporan yang diterima polisi, tiga di antaranya kini telah naik ke tahap penyidikan.
Baca juga: Pemkot Malang Siapkan Rp 300 Juta untuk Retreat 345 Kepala Sekolah, Usai Dugaan Kekerasan
Kuasa hukum para korban, Lilik Yuliana, mengatakan pihaknya telah menerima Surat Pemberitahuan Dimulainya Penyidikan (SPDP) dari Polresta Malang Kota pada Jumat (2/10/2026).
""Perkara sudah naik ke penyidikan, kornan sudah menerima SPDP dari Polresta Malang,"" kata Lilik, Selasa (6/10/2026).




Baca juga: Eks Kepala SMPN 18 Malang Siap Hadapi Proses Hukum Kasus Dugaan Kekerasan, Hormati Pilihan Pelapor
Selain perkembangan penyidikan, pemeriksaan medis terhadap para korban juga telah selesai dilakukan. Lilik juga mengatakan, bahwa hasil visum para korban sudah diterbitkan.
“Hasil visum sudah keluar, namun mohon maaf tidak bisa kami sampaikan ke publik,” tuturnya.Kasi Humas Polresta Malang Kota, Ipda Lukman Sobikhin, juga membenarkan bahwa perkara dugaan kekerasan tersebut kini berlanjut ke tahap penyidikan.Dari empat laporan polisi yang dibuat terkait perkara tersebut, tiga di antaranya telah ditingkatkan statusnya ke penyidikan.","Polisi juga telah memeriksa sejumlah saksi untuk mengetahui runtutan kasus tersebut.
""Sudah naik sidik dan proses terus berlanjut. Ada tiga laporan polisi yang naik ke tahap penyidikan dari total empat laporan polisi,"" jelas Lukman.
Selain empat LP tersebut, polisi juga menerima empat laporan dalam bentuk Pengaduan Masyarakat (Dumas).","Pada Hari Selasa , 6 Oktober 2026 13:11, Tabanan, Tabanan, Bali

MALANG, KOMPAS.com - Penanganan kasus dugaan kekerasan terhadap sejumlah siswa di SMP Negeri 18 Kota Malang, Jawa Timur, oleh mantan kepala sekolah memasuki tahap baru.
Satuan Reserse Kriminal Polresta Malang Kota telah meningkatkan penanganan perkara tersebut dari penyelidikan ke tahap penyidikan.Dari 8 laporan yang diterima polisi, tiga di antaranya kini telah naik ke tahap penyidikan.
Baca juga: Pemkot Malang Siapkan Rp 300 Juta untuk Retreat 345 Kepala Sekolah, Usai Dugaan Kekerasan
Kuasa hukum para korban, Lilik Yuliana, mengatakan pihaknya telah menerima Surat Pemberitahuan Dimulainya Penyidikan (SPDP) dari Polresta Malang Kota pada Jumat (2/10/2026).
""Perkara sudah naik ke penyidikan, kornan sudah menerima SPDP dari Polresta Malang,"" kata Lilik, Selasa (6/10/2026).




Baca juga: Eks Kepala SMPN 18 Malang Siap Hadapi Proses Hukum Kasus Dugaan Kekerasan, Hormati Pilihan Pelapor
Selain perkembangan penyidikan, pemeriksaan medis terhadap para korban juga telah selesai dilakukan. Lilik juga mengatakan, bahwa hasil visum para korban sudah diterbitkan.
“Hasil visum sudah keluar, namun mohon maaf tidak bisa kami sampaikan ke publik,” tuturnya.Kasi Humas Polresta Malang Kota, Ipda Lukman Sobikhin, juga membenarkan bahwa perkara dugaan kekerasan tersebut kini berlanjut ke tahap penyidikan.Dari empat laporan polisi yang dibuat terkait perkara tersebut, tiga di antaranya telah ditingkatkan statusnya ke penyidikan. Polisi juga telah memeriksa sejumlah saksi untuk mengetahui runtutan kasus tersebut.
""Sudah naik sidik dan proses terus berlanjut. Ada tiga laporan polisi yang naik ke tahap penyidikan dari total empat laporan polisi,"" jelas Lukman.
Selain empat LP tersebut, polisi juga menerima empat laporan dalam bentuk Pengaduan Masyarakat (Dumas). Selanjutnya akan mendalami dugaan tindak pidana berdasarkan alat bukti dan keterangan yang telah dikumpulkan.Diberitakan sebelumnya, ratusan siswa dan wali murid SMPN 18 Malang mendatangi sekolah pada Jumat (25/9/2026) pagi.
Aksi tersebut diduga merupakan buntut dugaan kekerasan yang dilakukan kepala sekolah terhadap sejumlah siswa.
Dari pantauan di lapangan, sejumlah siswa dan wali murid memenuhi lingkungan sekolah yang berada di Jalan Soekarno Hatta, Kelurahan Mojolangu, Kecamatan Lowokwaru, Kota Malang.
Sejumlah poster protes bergambar kepala sekolah terlihat tertempel di pagar sekolah. Salah satunya bertuliskan, “Jangan Bikin Malu Singkan Pergi dan Angkat Kaki dari Sekolah”.




  



    
        Bayangkan seorang anak Indonesia bercita-cita menjadi dokter tetapi hanya memiliki satu buku lusuh untuk belajar. Bersama Ekspedisi Kata ke Nyata Kompas.com, Anda bisa membantu mengubah kisah itu. Mari hadirkan akses literasi bagi anak-anak di berbagai pelosok Indonesia melalui donasi lewat tautan https://bit.ly/JagatLiterasi2026. Setiap kebaikan yang Anda berikan bukan hanya membuka jendela pengetahuan, tetapi juga membuka masa depan mereka.",Kompas.com,"Dajan Peken, 82114, Tabanan, Tabanan, Bali, Indonesia",-8.536609490935,115.13552944186335,5,"2, 7","kejaksaan, kejatibali, kejaritabanan, tabanan, news"
Sudah 15 Tahun Rusak Jalan Kabupaten di Pasirgeulis Jadi Akses PangandaranCiamis,2026-10-06T13:34:00.000Z,"Kabupaten Tabanan, Bali, Indonesia","Sudah 15 Tahun Rusak, Jalan Kabupaten di Pasirgeulis Jadi Akses Pangandaran-Ciamis - Kompas.com","PANGANDARAN, KOMPAS.com – Bebatuan memenuhi permukaan jalan di depan Kantor Desa Pasirgeulis, Kecamatan Padaherang, Kabupaten Pangandaran, Jawa Barat, Selasa (6/10/2026).
Permukaan jalan tampak tidak rata dan tidak lagi nyaman dilalui. Di sisi kiri dan kanan, rumput ilalang tumbuh di sepanjang ruas tersebut.
Kondisi itu terlihat pada jalan sepanjang sekitar 1,5 kilometer, mulai dari depan Kantor Desa Pasirgeulis hingga kawasan permukiman warga.Kerusakan jalan kabupaten itu bukan persoalan baru.","Pemerintah Desa Pasirgeulis menyebut kondisi tersebut telah berlangsung lebih dari 15 tahun.
Baca juga: Viral Jalan Rusak Parah di Perbatasan Medan - Deli Serdang, Warga: Sering Kecelakaan Kalau Hujan
Kepala Desa Pasirgeulis Yoyo Sudaryo mengatakan, kerusakan bahkan masih terjadi meski kepemimpinan di tingkat desa telah beberapa kali berganti.




“Jalan itu sudah beberapa kali ganti kepala desa juga masih seperti itu. Jadi cuma janji-janji saja,” ujar Yoyo saat dikonfirmasi, Selasa.
Menurut Yoyo, ruas tersebut tidak hanya digunakan warga Desa Pasirgeulis.","Pada Hari Selasa , 6 Oktober 2026 13:34, Tabanan, Tabanan, Bali

PANGANDARAN, KOMPAS.com – Bebatuan memenuhi permukaan jalan di depan Kantor Desa Pasirgeulis, Kecamatan Padaherang, Kabupaten Pangandaran, Jawa Barat, Selasa (6/10/2026).
Permukaan jalan tampak tidak rata dan tidak lagi nyaman dilalui. Di sisi kiri dan kanan, rumput ilalang tumbuh di sepanjang ruas tersebut.
Kondisi itu terlihat pada jalan sepanjang sekitar 1,5 kilometer, mulai dari depan Kantor Desa Pasirgeulis hingga kawasan permukiman warga.Kerusakan jalan kabupaten itu bukan persoalan baru. Pemerintah Desa Pasirgeulis menyebut kondisi tersebut telah berlangsung lebih dari 15 tahun.
Baca juga: Viral Jalan Rusak Parah di Perbatasan Medan - Deli Serdang, Warga: Sering Kecelakaan Kalau Hujan
Kepala Desa Pasirgeulis Yoyo Sudaryo mengatakan, kerusakan bahkan masih terjadi meski kepemimpinan di tingkat desa telah beberapa kali berganti.




“Jalan itu sudah beberapa kali ganti kepala desa juga masih seperti itu. Jadi cuma janji-janji saja,” ujar Yoyo saat dikonfirmasi, Selasa.
Menurut Yoyo, ruas tersebut tidak hanya digunakan warga Desa Pasirgeulis. Jalan itu menjadi akses penghubung antara Desa Pasirgeulis dengan Desa Jangraga, Kecamatan Mangunjaya.
Jalur tersebut juga menghubungkan wilayah Kabupaten Pangandaran dengan Kabupaten Ciamis, khususnya kawasan Banjarsari.Baca juga: Siswa dan Guru di Wera Bima Urunan Perbaiki Jalan Rusak
Karena berstatus jalan kabupaten, pemerintah desa tidak dapat sepenuhnya menggunakan anggaran desa untuk memperbaikinya.
Yoyo mengatakan, ruas jalan tersebut belum pernah tersentuh Dana Desa untuk penanganan secara menyeluruh. Terlebih, anggaran desa yang tersedia saat ini juga semakin terbatas.
“Jalan itu belum tersentuh oleh anggaran Dana Desa. Sekarang anggaran Dana Desa sudah terpotong, cuma tinggal sekitar 30 persen,” katanya.
Pagu anggaran desa yang tersisa, kata Yoyo, sekitar Rp 300 juta. Jumlah tersebut dinilai tidak sebanding dengan kebutuhan untuk menangani kerusakan sepanjang 1,5 kilometer.
“Sisa dipotong sekitar 70 persen. Pagu anggaran juga semuanya hanya tersisa sekitar Rp 300 juta. Itu enggak bakal cukup,” ucapnya.
Baca juga: Tak Menunggu Perbaikan, Warga Manggarai Patungan Perbaiki Jalan Rusak
Ruas Jalan Sudah Disurvei
Setelah bertahun-tahun menunggu, Pemdes Pasirgeulis kini mendapat informasi mengenai rencana penanganan ruas jalan tersebut.




  

Yoyo mengatakan, Pemerintah Provinsi Jawa Barat telah melakukan survei untuk melihat kondisi jalan.",Kompas.com,"Dajan Peken, 82114, Tabanan, Tabanan, Bali, Indonesia",-8.536609490935,115.13552944186335,5,"2, 7","kejaksaan, kejatibali, kejaritabanan, tabanan, news"
Tak Bisa Klarifikasi ke MA Buntut Surat Salah Kirim Bupati Gowa Lapor ke Polda Sulsel,2026-10-05T04:38:00.000Z,"Kabupaten Tabanan, Bali, Indonesia","Tak Bisa Klarifikasi ke MA Buntut Surat Salah Kirim, Bupati Gowa Lapor ke Polda Sulsel - Kompas.com","GOWA, KOMPAS.com - Bupati Gowa, Husniah Talenrang, melapor ke Polda Sulawesi Selatan terkait dugaan sabotase surat.
Surat tersebut berasal dari Mahkamah Agung (MA) terkait pemanggilan terhadap Husniah untuk memberikan klarifikasi atas permohonan uji pendapat yang diajukan DPRD soal usulan pemakzulan Bupati Gowa.
Menurut pihak Husniah, surat seharusnya dikirim ke Kantor Bupati. Namun, malah berada di kantor Pengadilan Agama (PA) Sungguminasa.Hal ini menyebabkan Husniah, selaku termohon tidak bisa mendapatkan haknya untuk melakukan klarifikasi dan pembelaan dihadapan Hakim MA.
MA kemudian mengabulkan usulan terkait pemakzulan tersebut pada Kamis (1/10/2026).","Hingga putusan itu terbit, pihak Husniah mengaku belum pernah menerima surat panggilan klarifikasi atau pembelaan.
Baca juga: MA Kabulkan Usulan Pemakzulan, Bupati Husniah: Proses Politik di Gowa Sangat Tidak Sehat




Melapor ke Polda Sulsel
Adhi Bintang, selaku kuasa hukum Husniah, mengatakan, kliennya telah menempuh upaya hukum dengan membuat laporan pengaduan kepada Polda Sulawesi Selatan pada Sabtu (3/10/2026).
Meski demikian, pihaknya tidak melaporkan nama seseorang sebagai terlapor.
Ia menyerahkan sepenuhnya kasus ini kepada kepolisian hingga dugaan sabotase tersebut terungkap.""Seperti yang telah disampaikan oleh klien kami bahwa akan melakukan upaya hukum. Ibu Sitti Husniah Talenrang telah mengajukan ke Polda Sulawesi Selatan.","Pada Hari Senin , 5 Oktober 2026 04:38, Tabanan, Tabanan, Bali

GOWA, KOMPAS.com - Bupati Gowa, Husniah Talenrang, melapor ke Polda Sulawesi Selatan terkait dugaan sabotase surat.
Surat tersebut berasal dari Mahkamah Agung (MA) terkait pemanggilan terhadap Husniah untuk memberikan klarifikasi atas permohonan uji pendapat yang diajukan DPRD soal usulan pemakzulan Bupati Gowa.
Menurut pihak Husniah, surat seharusnya dikirim ke Kantor Bupati. Namun, malah berada di kantor Pengadilan Agama (PA) Sungguminasa.Hal ini menyebabkan Husniah, selaku termohon tidak bisa mendapatkan haknya untuk melakukan klarifikasi dan pembelaan dihadapan Hakim MA.
MA kemudian mengabulkan usulan terkait pemakzulan tersebut pada Kamis (1/10/2026). Hingga putusan itu terbit, pihak Husniah mengaku belum pernah menerima surat panggilan klarifikasi atau pembelaan.
Baca juga: MA Kabulkan Usulan Pemakzulan, Bupati Husniah: Proses Politik di Gowa Sangat Tidak Sehat




Melapor ke Polda Sulsel
Adhi Bintang, selaku kuasa hukum Husniah, mengatakan, kliennya telah menempuh upaya hukum dengan membuat laporan pengaduan kepada Polda Sulawesi Selatan pada Sabtu (3/10/2026).
Meski demikian, pihaknya tidak melaporkan nama seseorang sebagai terlapor.
Ia menyerahkan sepenuhnya kasus ini kepada kepolisian hingga dugaan sabotase tersebut terungkap.""Seperti yang telah disampaikan oleh klien kami bahwa akan melakukan upaya hukum. Ibu Sitti Husniah Talenrang telah mengajukan ke Polda Sulawesi Selatan. Nama yang dilaporkan di sini, lidik tentunya. Nanti siapa yang bertanggung jawab kita serahkan kepada penyidik Polda Sulawesi Selatan"" kata Adhi Bintang.
Surat Salah Kirim
Terkait surat yang salah kirim, kejadian ini bermula pada Jumat (21/8/2026) saat DPRD Gowa mengajukan surat ke MA untuk menguji pengajuan Hak Menyampaikan Pendapat (HMP) tentang pemakzulan Bupati Husniah Talenrang.
Baca juga: MA Kabulkan Pemakzulan, Bupati Gowa Ungkap Tak Diundang Klarifikasi, Surat Salah Alamat
MA kemudian melayangkan surat pemanggilan kepada Husniah selaku termohon untuk dilakukan klarifikasi.
Surat tersebut dikirim pada Senin (31/8/2026) melalui PT Pos Indonesia dengan alamat tujuan kantor Bupati Gowa, Jalan Mesjid Raya, Sungguminasa, Kabupaten Gowa.
Surat itu kemudian diterima pada Rabu (2/9/2026) oleh PT Pos Indonesia Cabang Sungguminasa, Kabupaten Gowa.PT Pos kemudian menindaklanjuti dan mengirim surat tersebut. Namun, surat tidak dikirim ke kantor bupati, tetapi ke kantor PA Sungguminasa.




  

""PT Pos kemudian mengirim surat tersebut, tetapi bukan dikirim ke kantor bupati, tetapi surat tersebut dikirim ke Pengadilan Agama. Ini yang menjadi tanda tanya,"" kata Adhi Bintang.",Kompas.com,"Dajan Peken, 82114, Tabanan, Tabanan, Bali, Indonesia",-8.536609490935,115.13552944186335,5,"2, 7","kejaksaan, kejatibali, kejaritabanan, tabanan, news"
Pemakzulan Bupati Gowa Dikabulkan MA DPRD Minta Kemendagri Terbitkan SK,2026-10-06T07:50:00.000Z,"Kabupaten Tabanan, Bali, Indonesia","Pemakzulan Bupati Gowa Dikabulkan MA, DPRD Minta Kemendagri Terbitkan SK - Kompas.com","GOWA, KOMPAS.com - Pasca-putusan Mahkamah Agung (MA) yang mengabulkan pemakzulan Husniah Talenrang dari jabatannya sebagai Bupati Gowa, Dewan Perwakilan Rakyat Daerah (DPRD) Kabupaten Gowa, Sulawesi Selatan, segera menindaklanjuti putusan tersebut.
DPRD Kabupaten Gowa mengajukan surat ke Kementerian Dalam Negeri (Kemendagri) untuk memproses penerbitan surat keputusan (SK) pemberhentian Husniah secara resmi.Sejumlah pimpinan DPRD berangkat ke Jakarta guna menyerahkan berkas tindak lanjut atas putusan MA yang mengabulkan permohonan pemakzulan dari dewan.
""Hari ini kami ajukan suratnya ke Kemendagri. Surat ini untuk menindaklanjuti hasil putusan Mahkamah Agung yang telah mengabulkan seluruh permohonan kami.","Dan tentunya hal berdasarkan dari hasil rapat para pimpinan DPRD,"" kata Wakil Ketua I DPRD Kabupaten Gowa Hasrul Abdul Rajab saat dikonfirmasi Kompas.com melalui sambungan telepon, Selasa (6/10/2026).
Baca juga: Kronologi Surat MA untuk Bupati Gowa Salah Kirim, Husniah Duga Ada Kesengajaan
Berdasarkan informasi yang dihimpun Kompas.com, Kemendagri memiliki waktu maksimal 14 hari pasca-pengajuan untuk memproses serta mengeluarkan SK Pemberhentian Husniah Talenrang sebagai Bupati Gowa.




Keluarnya amar putusan MA tertanggal 1 Oktober 2026 tersebut sesuai dengan mekanisme perundang-undangan. Pimpinan DPRD Gowa melayangkan surat ke MA yang diteruskan ke Gubernur Sulawesi Selatan untuk pengusulan pemberhentian Bupati Gowa.""Kita menunggu saja, tapi semoga kami harapkan bisa lebih cepat keputusan dari Kemendagri.","Pada Hari Selasa , 6 Oktober 2026 07:50, Tabanan, Tabanan, Bali

GOWA, KOMPAS.com - Pasca-putusan Mahkamah Agung (MA) yang mengabulkan pemakzulan Husniah Talenrang dari jabatannya sebagai Bupati Gowa, Dewan Perwakilan Rakyat Daerah (DPRD) Kabupaten Gowa, Sulawesi Selatan, segera menindaklanjuti putusan tersebut.
DPRD Kabupaten Gowa mengajukan surat ke Kementerian Dalam Negeri (Kemendagri) untuk memproses penerbitan surat keputusan (SK) pemberhentian Husniah secara resmi.Sejumlah pimpinan DPRD berangkat ke Jakarta guna menyerahkan berkas tindak lanjut atas putusan MA yang mengabulkan permohonan pemakzulan dari dewan.
""Hari ini kami ajukan suratnya ke Kemendagri. Surat ini untuk menindaklanjuti hasil putusan Mahkamah Agung yang telah mengabulkan seluruh permohonan kami. Dan tentunya hal berdasarkan dari hasil rapat para pimpinan DPRD,"" kata Wakil Ketua I DPRD Kabupaten Gowa Hasrul Abdul Rajab saat dikonfirmasi Kompas.com melalui sambungan telepon, Selasa (6/10/2026).
Baca juga: Kronologi Surat MA untuk Bupati Gowa Salah Kirim, Husniah Duga Ada Kesengajaan
Berdasarkan informasi yang dihimpun Kompas.com, Kemendagri memiliki waktu maksimal 14 hari pasca-pengajuan untuk memproses serta mengeluarkan SK Pemberhentian Husniah Talenrang sebagai Bupati Gowa.




Keluarnya amar putusan MA tertanggal 1 Oktober 2026 tersebut sesuai dengan mekanisme perundang-undangan. Pimpinan DPRD Gowa melayangkan surat ke MA yang diteruskan ke Gubernur Sulawesi Selatan untuk pengusulan pemberhentian Bupati Gowa.""Kita menunggu saja, tapi semoga kami harapkan bisa lebih cepat keputusan dari Kemendagri. Ya, hasil keputusan MA tentu menerima semua permohonan yang disampaikan oleh DPRD Gowa lewat Hak Menyatakan Pendapat kemarin,"" kata Hasrul.
Jeratan Kasus dan Penetapan Tersangka
Jabatan Husniah Talenrang sebagai Bupati Gowa kini berada di ujung tanduk usai MA mengabulkan permohonan pemakzulan oleh DPRD.
Permohonan pemakzulan itu dilayangkan setelah DPRD menggelar sidang paripurna Pansus Hak Angket atas tiga dugaan pelanggaran, yakni perselingkuhan dengan mantan konsultan politik, dugaan korupsi pengadaan seragam sekolah gratis senilai Rp 16 miliar, serta pencabutan sepihak bantuan beasiswa program doktoral seorang mahasiswi.
Baca juga: Bupati Gowa Husniah Talenrang Akan Lawan Putusan MA, Persoalkan Surat Klarifikasi yang Nyasar
Selain pemakzulan, Husniah juga tersandung rentetan persoalan hukum lain, mulai dari dugaan korupsi, pungutan liar perizinan, pemerasan terhadap pengusaha ritel dan properti, hingga dugaan tindak pidana pencucian uang (TPPU).
Husniah turut dilaporkan oleh mantan suaminya atas dugaan penggelapan dan kesaksian palsu di bawah sumpah yang saat ini ditangani Polresta Gowa serta Polda Sulsel. Bahkan, Korps Pemberantasan Tindak Pidana Korupsi (Kortas Tipikor) Mabes Polri telah menetapkan Husniah sebagai tersangka.




  

    
        Bayangkan seorang anak Indonesia bercita-cita menjadi dokter tetapi hanya memiliki satu buku lusuh untuk belajar. Bersama Ekspedisi Kata ke Nyata Kompas.com, Anda bisa membantu mengubah kisah itu. Mari hadirkan akses literasi bagi anak-anak di berbagai pelosok Indonesia melalui donasi lewat tautan https://bit.ly/JagatLiterasi2026. Setiap kebaikan yang Anda berikan bukan hanya membuka jendela pengetahuan, tetapi juga membuka masa depan mereka.",Kompas.com,"Dajan Peken, 82114, Tabanan, Tabanan, Bali, Indonesia",-8.536609490935,115.13552944186335,5,"2, 7","kejaksaan, kejatibali, kejaritabanan, tabanan, news"
Kenang Gubernur Suryo Khofifah Sebut Nilai Keberanian dan Cinta Bangsa Harus Diwariskan,2026-10-06T10:44:00.000Z,"Kabupaten Tabanan, Bali, Indonesia","Kenang Gubernur Suryo, Khofifah Sebut Nilai Keberanian dan Cinta Bangsa Harus Diwariskan - Kompas.com","MAGETAN, KOMPAS.com – Gubernur Jawa Timur (Jatim), Khofifah Indar Parawansa, mengajak masyarakat mengenang keberanian Raden Mas Tumenggung (RMT) Ario Soerjo atau Gubernur Suryo dalam mempertahankan kemerdekaan Indonesia, terutama ketika Surabaya menghadapi tekanan pasukan Sekutu pada masa awal kemerdekaan.
Khofifah mengatakan, Gubernur Suryo memiliki peran penting ketika dirinya mendapat mandat untuk menentukan sikap menghadapi ultimatum Inggris untuk menyerah kepada sekutu.
""Kala itu Bung Karno menyerahkan keputusan kepada Gubernur Soerjo. Ini bukan perkara sederhana karena pertaruhannya adalah kemerdekaan yang baru saja kita raih,"" ujarnya di komplek makam Gubernur Soerjo, di Jl Salak Kabupaten Magetan, Selasa (6/10/2026).Khofifah menyebut, penghormatan kepada Gubernur Jawa Timur pertama, Raden Mas Tumenggung Ario Soerjo, merupakan bentuk penghargaan terhadap perjuangan dan keberaniannya dalam mempertahankan kemerdekaan Indonesia.
Baca juga: Jelang HUT Ke-81 Jatim, Khofifah Kunjungi Makam Gubernur Pertama Jatim

Menurut Khofifah, perjuangan Gubernur Suryo ketika menghadapi kedatangan pasukan Inggris di Jawa Timur bukanlah situasi yang sederhana.","Saat itu, Indonesia baru saja memproklamasikan kemerdekaan sehingga mempertahankan kemerdekaan membutuhkan keberanian yang luar biasa.




“Ini bagian dari penghormatan, sekaligus bagaimana bisa meneruskan perjuangan beliau di dalam konteks kejuangan ini,” ungkapnya.
Khofifah menilai, keberanian Gubernur Suryo dalam mempertahankan kemerdekaan dari tekanan pasukan Inggris harus menjadi refleksi bagi generasi saat ini. Semangat tersebut, perlu diteruskan dalam kehidupan berbangsa dan bernegara.
“Mempertahankan kemerdekaan Indonesia perlu keberanian, selain semangat juang,” tegasnya.Baca juga: Ziarah Makam Bung Karno Jelang HUT Ke-81 Jatim, Khofifah Pamer NTP Jatim Tertinggi
Khofifah mengatakan, keputusan yang diambil Gubernur Suryo pada masa awal kemerdekaan menunjukkan keberanian seorang pemimpin dalam menghadapi situasi yang penuh tekanan.
Karena itu, saat berada di kawasan makam Gubernur Suryo, Khofifah berharap semangat perjuangan dan keberanian tersebut tidak hanya menjadi bagian dari sejarah, tetapi dapat menjadi inspirasi bagi masyarakat Indonesia untuk mengisi dan menjaga kemerdekaan.
“Harapan kita, napas perjuangan dan keberanian untuk menjaga kemerdekaan itu bukan menjadi negatif, tetapi menjadi semangat kita semua sebagai warga bangsa,” kata Khofifah.
Dia juga mengajak masyarakat untuk mengambil keteladanan dari kepemimpinan Gubernur Suryo, terutama keberanian dalam mengambil keputusan dan memimpin di tengah situasi sulit.
“Kita semua menjadi bagian dari kepemimpinan yang kuat di sektor kita masing-masing,” ujarnya.
Baca juga: Jatim Kembali Gelar Modifikasi Cuaca Pertengahan Oktober, Wilayah Tembakau Dikecualikan
Ziarah tersebut menjadi bagian dari rangkaian peringatan Hari Jadi ke-81 Provinsi Jawa Timur.




  

Makam Gubernur Suryo di Magetan menjadi salah satu lokasi yang rutin diziarahi Pemerintah Provinsi (Pemprov) Jawa Timur menjelang Hari Jadi Provinsi Jawa Timur..","Pada Hari Selasa , 6 Oktober 2026 10:44, Tabanan, Tabanan, Bali

MAGETAN, KOMPAS.com – Gubernur Jawa Timur (Jatim), Khofifah Indar Parawansa, mengajak masyarakat mengenang keberanian Raden Mas Tumenggung (RMT) Ario Soerjo atau Gubernur Suryo dalam mempertahankan kemerdekaan Indonesia, terutama ketika Surabaya menghadapi tekanan pasukan Sekutu pada masa awal kemerdekaan.
Khofifah mengatakan, Gubernur Suryo memiliki peran penting ketika dirinya mendapat mandat untuk menentukan sikap menghadapi ultimatum Inggris untuk menyerah kepada sekutu.
""Kala itu Bung Karno menyerahkan keputusan kepada Gubernur Soerjo. Ini bukan perkara sederhana karena pertaruhannya adalah kemerdekaan yang baru saja kita raih,"" ujarnya di komplek makam Gubernur Soerjo, di Jl Salak Kabupaten Magetan, Selasa (6/10/2026).Khofifah menyebut, penghormatan kepada Gubernur Jawa Timur pertama, Raden Mas Tumenggung Ario Soerjo, merupakan bentuk penghargaan terhadap perjuangan dan keberaniannya dalam mempertahankan kemerdekaan Indonesia.
Baca juga: Jelang HUT Ke-81 Jatim, Khofifah Kunjungi Makam Gubernur Pertama Jatim

Menurut Khofifah, perjuangan Gubernur Suryo ketika menghadapi kedatangan pasukan Inggris di Jawa Timur bukanlah situasi yang sederhana. Saat itu, Indonesia baru saja memproklamasikan kemerdekaan sehingga mempertahankan kemerdekaan membutuhkan keberanian yang luar biasa.




“Ini bagian dari penghormatan, sekaligus bagaimana bisa meneruskan perjuangan beliau di dalam konteks kejuangan ini,” ungkapnya.
Khofifah menilai, keberanian Gubernur Suryo dalam mempertahankan kemerdekaan dari tekanan pasukan Inggris harus menjadi refleksi bagi generasi saat ini. Semangat tersebut, perlu diteruskan dalam kehidupan berbangsa dan bernegara.
“Mempertahankan kemerdekaan Indonesia perlu keberanian, selain semangat juang,” tegasnya.Baca juga: Ziarah Makam Bung Karno Jelang HUT Ke-81 Jatim, Khofifah Pamer NTP Jatim Tertinggi
Khofifah mengatakan, keputusan yang diambil Gubernur Suryo pada masa awal kemerdekaan menunjukkan keberanian seorang pemimpin dalam menghadapi situasi yang penuh tekanan.
Karena itu, saat berada di kawasan makam Gubernur Suryo, Khofifah berharap semangat perjuangan dan keberanian tersebut tidak hanya menjadi bagian dari sejarah, tetapi dapat menjadi inspirasi bagi masyarakat Indonesia untuk mengisi dan menjaga kemerdekaan.
“Harapan kita, napas perjuangan dan keberanian untuk menjaga kemerdekaan itu bukan menjadi negatif, tetapi menjadi semangat kita semua sebagai warga bangsa,” kata Khofifah.
Dia juga mengajak masyarakat untuk mengambil keteladanan dari kepemimpinan Gubernur Suryo, terutama keberanian dalam mengambil keputusan dan memimpin di tengah situasi sulit.
“Kita semua menjadi bagian dari kepemimpinan yang kuat di sektor kita masing-masing,” ujarnya.
Baca juga: Jatim Kembali Gelar Modifikasi Cuaca Pertengahan Oktober, Wilayah Tembakau Dikecualikan
Ziarah tersebut menjadi bagian dari rangkaian peringatan Hari Jadi ke-81 Provinsi Jawa Timur.




  

Makam Gubernur Suryo di Magetan menjadi salah satu lokasi yang rutin diziarahi Pemerintah Provinsi (Pemprov) Jawa Timur menjelang Hari Jadi Provinsi Jawa Timur.",Kompas.com,"Dajan Peken, 82114, Tabanan, Tabanan, Bali, Indonesia",-8.536609490935,115.13552944186335,5,"2, 7","kejaksaan, kejatibali, kejaritabanan, tabanan, news"
Mahasiswa Unila Meninggal Saat Latihan Paramotor Sempat Berputar di Udara,2026-10-06T03:15:00.000Z,"Kabupaten Tabanan, Bali, Indonesia","Mahasiswa Unila Meninggal Saat Latihan Paramotor, Sempat Berputar di Udara - Kompas.com","LAMPUNG, KOMPAS.com - Mahasiswa Fakultas Teknik Universitas Lampung (Unila) angkatan 2025, Syafiq Insani, meninggal dunia akibat kecelakaan saat berlatih paramotor di Pantai Kedu Warna, Kalianda, Lampung Selatan, Minggu (4/10/2026).
Korban yang sempat berputar secara spiral di udara sebelum mendarat, dinyatakan mengembuskan napas terakhir di RS Bob Bazar Kalianda pada pukul 18.05 WIB.Insiden nahas tersebut terjadi ketika Syafiq sedang melakukan manuver penerbangan sebelum memasuki tahap pendaratan.
Baca juga: Pembunuhan Satu Keluarga di Tulang Bawang, Pelaku Adik Korban, Berakhir Ditembak Mati
Meskipun pertolongan medis awal sempat diberikan di lokasi kejadian sebelum dievakuasi ke rumah sakit, nyawa korban tidak dapat diselamatkan.
""Benar, almarhum Syafiq Insani adalah mahasiswa kami dari Program Studi Teknik Elektro angkatan 2025. Yang jelas kami sangat berduka atas kejadian tragis yang menimpa almarhum,"" kata Ketua Jurusan Teknik Elektro FT Unila, Herlinawati, dikutip dari Tribun Lampung.




Jenazah Syafiq disemayamkan di rumah duka Kota Metro dan telah dimakamkan pada Senin (5/10/2026) pagi sekitar pukul 09.00 WIB.
Baca juga: Modifikasi Tangki dan Pakai Barcode Orang Lain, Pria di Lampung Utara Timbun Ribuan Liter Solar Subsidi

Korban merupakan atlet terjun payung Lampung
Syafiq tercatat sebagai atlet paramotor Lampung.Ia diketahui merupakan adik kandung dari atlet terjun payung andalan Lampung, Dwi Hari Setiawan. 
Gelombang belasungkawa datang rekan-rekan mahasiswa, pihak dekanat, hingga Komite Olahraga Nasional Indonesia (KONI) Lampung.
Wakil Ketua II KONI Lampung, Ria Agusria, bersama pimpinan Fakultas Teknik Unila turut menyampaikan rasa kehilangan mendalam atas wafatnya atlet muda bakat tersebut.
Baca juga: Usai 2 Kali Erupsi, Abu Vulkanik Gunung Anak Krakatau Terdeteksi di Atas Teluk Lampung
Sejumlah flyer elektronik ucapan duka cita beredar di berbagai grup WhatsApp, termasuk dari civitas akademika Jurusan Teknik Elektro Unila.
""Semoga almarhum diampuni segala khilafnya selama di dunia dan keluarga yang ditinggalkan diberikan kesabaran serta ketabahan,"" bunyi ucapan duka resmi jajaran pimpinan Fakultas Teknik Unila.
Hingga kini, aparat kepolisian setempat masih mengumpulkan fakta dan menggelar penyelidikan guna memastikan kronologi, serta penyebab teknis terjadinya insiden tersebut.
Artikel ini telah tayang di TribunLampung.co.id dengan judul: ""Mahasiswa Unila Meninggal Dunia Seusai Kecelakaan Saat Latihan Paramotor di Pantai Kedu Warna""




  

    
        Bayangkan seorang anak Indonesia bercita-cita menjadi dokter tetapi hanya memiliki satu buku lusuh untuk belajar.","Bersama Ekspedisi Kata ke Nyata Kompas.com, Anda bisa membantu mengubah kisah itu. Mari hadirkan akses literasi bagi anak-anak di berbagai pelosok Indonesia melalui donasi lewat tautan https://bit.ly/JagatLiterasi2026.","Pada Hari Selasa , 6 Oktober 2026 03:15, Tabanan, Tabanan, Bali

LAMPUNG, KOMPAS.com - Mahasiswa Fakultas Teknik Universitas Lampung (Unila) angkatan 2025, Syafiq Insani, meninggal dunia akibat kecelakaan saat berlatih paramotor di Pantai Kedu Warna, Kalianda, Lampung Selatan, Minggu (4/10/2026).
Korban yang sempat berputar secara spiral di udara sebelum mendarat, dinyatakan mengembuskan napas terakhir di RS Bob Bazar Kalianda pada pukul 18.05 WIB.Insiden nahas tersebut terjadi ketika Syafiq sedang melakukan manuver penerbangan sebelum memasuki tahap pendaratan.
Baca juga: Pembunuhan Satu Keluarga di Tulang Bawang, Pelaku Adik Korban, Berakhir Ditembak Mati
Meskipun pertolongan medis awal sempat diberikan di lokasi kejadian sebelum dievakuasi ke rumah sakit, nyawa korban tidak dapat diselamatkan.
""Benar, almarhum Syafiq Insani adalah mahasiswa kami dari Program Studi Teknik Elektro angkatan 2025. Yang jelas kami sangat berduka atas kejadian tragis yang menimpa almarhum,"" kata Ketua Jurusan Teknik Elektro FT Unila, Herlinawati, dikutip dari Tribun Lampung.




Jenazah Syafiq disemayamkan di rumah duka Kota Metro dan telah dimakamkan pada Senin (5/10/2026) pagi sekitar pukul 09.00 WIB.
Baca juga: Modifikasi Tangki dan Pakai Barcode Orang Lain, Pria di Lampung Utara Timbun Ribuan Liter Solar Subsidi

Korban merupakan atlet terjun payung Lampung
Syafiq tercatat sebagai atlet paramotor Lampung.Ia diketahui merupakan adik kandung dari atlet terjun payung andalan Lampung, Dwi Hari Setiawan. 
Gelombang belasungkawa datang rekan-rekan mahasiswa, pihak dekanat, hingga Komite Olahraga Nasional Indonesia (KONI) Lampung.
Wakil Ketua II KONI Lampung, Ria Agusria, bersama pimpinan Fakultas Teknik Unila turut menyampaikan rasa kehilangan mendalam atas wafatnya atlet muda bakat tersebut.
Baca juga: Usai 2 Kali Erupsi, Abu Vulkanik Gunung Anak Krakatau Terdeteksi di Atas Teluk Lampung
Sejumlah flyer elektronik ucapan duka cita beredar di berbagai grup WhatsApp, termasuk dari civitas akademika Jurusan Teknik Elektro Unila.
""Semoga almarhum diampuni segala khilafnya selama di dunia dan keluarga yang ditinggalkan diberikan kesabaran serta ketabahan,"" bunyi ucapan duka resmi jajaran pimpinan Fakultas Teknik Unila.
Hingga kini, aparat kepolisian setempat masih mengumpulkan fakta dan menggelar penyelidikan guna memastikan kronologi, serta penyebab teknis terjadinya insiden tersebut.
Artikel ini telah tayang di TribunLampung.co.id dengan judul: ""Mahasiswa Unila Meninggal Dunia Seusai Kecelakaan Saat Latihan Paramotor di Pantai Kedu Warna""




  

    
        Bayangkan seorang anak Indonesia bercita-cita menjadi dokter tetapi hanya memiliki satu buku lusuh untuk belajar. Bersama Ekspedisi Kata ke Nyata Kompas.com, Anda bisa membantu mengubah kisah itu. Mari hadirkan akses literasi bagi anak-anak di berbagai pelosok Indonesia melalui donasi lewat tautan https://bit.ly/JagatLiterasi2026. Setiap kebaikan yang Anda berikan bukan hanya membuka jendela pengetahuan, tetapi juga membuka masa depan mereka.",Kompas.com,"Dajan Peken, 82114, Tabanan, Tabanan, Bali, Indonesia",-8.536609490935,115.13552944186335,5,"2, 7","kejaksaan, kejatibali, kejaritabanan, tabanan, news"
Mbak Tolong Panas Cerita Saksi Lihat 5 Korban Ledakan Rumah Makan Nasi Tempong di San Antonio Surabaya,2026-10-06T09:30:00.000Z,"Kabupaten Tabanan, Bali, Indonesia","""Mbak Tolong, Panas..."" Cerita Saksi Lihat 5 Korban Ledakan Rumah Makan Nasi Tempong di San Antonio Surabaya - Kompas.com","SURABAYA, KOMPAS.com – Jerit histeris meminta pertolongan memecah suasana pagi di kawasan ruko Pakuwon City San Antonio, Jalan Kalisari Utara, Mulyorejo, Surabaya, Jawa Timur, Selasa (6/10/2026).
Sebanyak lima pegawai rumah makan Nasi Tempong Sri Dewi berlarian keluar bangunan usai terjadi ledakan hebat sekitar pukul 07.30 WIB. Pakaian yang mereka kenakan hangus terbakar, sementara kondisi kulit tubuh mereka telah terkelupas.
Jihan, salah seorang pegawai kedai bakmie yang berada di dekat lokasi kejadian, menyaksikan langsung momen mencekam tersebut.","Dalam kondisi masih sadar, para korban berlari menuju tempatnya bekerja sembari menahan rasa sakit luar biasa.“Mereka datang ke sini sambil teriak-teriak ‘mbak tolong mbak, panas mbak, panas’,” ujar Jihan saat ditemui di lokasi kejadian, Selasa.
Baca juga: Ledakan Pakuwon City Surabaya, Pintu Ruko Melengkung dan Sulit Dibuka akibat Gelombang Tekanan
Melihat kondisi para korban yang memprihatinkan, Jihan bergegas memberikan pertolongan pertama berupa air minum serta kain untuk menutupi tubuh korban yang bajunya telah habis dilalap api.




“Kondisinya itu ngeri banget, kulit mereka sudah terkelupas semua, bajunya sudah terbakar semua, akhirnya yang cewek sama ada cowok satu saya kasih kain untuk menutupi tubuh mereka,” ungkap Jihan.
Para korban sempat bertahan di kedai tersebut sebelum akhirnya armada ambulans tiba untuk mengevakuasi mereka ke rumah sakit.
Dua Tembok Berlubang dan Kaca Pecah
Ditemui di tempat kejadian perkara (TKP), Kapolrestabes Surabaya Kombes Luthfie Sulistiawan mengonfirmasi bahwa seluruh korban dalam peristiwa ledakan ruko Pakuwon City San Antonio tersebut berjumlah lima orang, yang terdiri dari empat laki-laki dan satu perempuan.Para korban awalnya dilarikan ke RSUD Haji Surabaya untuk mendapatkan penanganan darurat, sebelum akhirnya dipindahkan ke RSUD Dr. Soetomo Surabaya guna penanganan medis yang lebih intensif.
Baca juga: Penampakan Ruko Pakuwon City Surabaya Rusak Parah Pasca-ledakan
“Kemudian untuk kerugian, korbannya ada empat korban laki-laki, satu korban perempuan sudah dirawat di rumah sakit Haji,” kata Luthfie kepada awak media, Selasa.
Luthfie menjelaskan, ledakan dahsyat di Ruko San Antonio Surabaya ini diduga kuat dipicu oleh kebocoran pipa instalasi elpiji dari rumah makan Nasi Tempong Sri Dewi.
Saat melakukan olah TKP awal, tim kepolisian menemukan tiga tabung elpiji berkapasitas besar di dalam bangunan, yakni dua tabung oranye dan satu tabung putih berukuran 50 kilogram.“Secara kondisi kalau untuk tabungnya tidak meledak, tapi kan itu diduga karena kebocoran.","Pada Hari Selasa , 6 Oktober 2026 09:30, Tabanan, Tabanan, Bali

SURABAYA, KOMPAS.com – Jerit histeris meminta pertolongan memecah suasana pagi di kawasan ruko Pakuwon City San Antonio, Jalan Kalisari Utara, Mulyorejo, Surabaya, Jawa Timur, Selasa (6/10/2026).
Sebanyak lima pegawai rumah makan Nasi Tempong Sri Dewi berlarian keluar bangunan usai terjadi ledakan hebat sekitar pukul 07.30 WIB. Pakaian yang mereka kenakan hangus terbakar, sementara kondisi kulit tubuh mereka telah terkelupas.
Jihan, salah seorang pegawai kedai bakmie yang berada di dekat lokasi kejadian, menyaksikan langsung momen mencekam tersebut. Dalam kondisi masih sadar, para korban berlari menuju tempatnya bekerja sembari menahan rasa sakit luar biasa.“Mereka datang ke sini sambil teriak-teriak ‘mbak tolong mbak, panas mbak, panas’,” ujar Jihan saat ditemui di lokasi kejadian, Selasa.
Baca juga: Ledakan Pakuwon City Surabaya, Pintu Ruko Melengkung dan Sulit Dibuka akibat Gelombang Tekanan
Melihat kondisi para korban yang memprihatinkan, Jihan bergegas memberikan pertolongan pertama berupa air minum serta kain untuk menutupi tubuh korban yang bajunya telah habis dilalap api.




“Kondisinya itu ngeri banget, kulit mereka sudah terkelupas semua, bajunya sudah terbakar semua, akhirnya yang cewek sama ada cowok satu saya kasih kain untuk menutupi tubuh mereka,” ungkap Jihan.
Para korban sempat bertahan di kedai tersebut sebelum akhirnya armada ambulans tiba untuk mengevakuasi mereka ke rumah sakit.
Dua Tembok Berlubang dan Kaca Pecah
Ditemui di tempat kejadian perkara (TKP), Kapolrestabes Surabaya Kombes Luthfie Sulistiawan mengonfirmasi bahwa seluruh korban dalam peristiwa ledakan ruko Pakuwon City San Antonio tersebut berjumlah lima orang, yang terdiri dari empat laki-laki dan satu perempuan.Para korban awalnya dilarikan ke RSUD Haji Surabaya untuk mendapatkan penanganan darurat, sebelum akhirnya dipindahkan ke RSUD Dr. Soetomo Surabaya guna penanganan medis yang lebih intensif.
Baca juga: Penampakan Ruko Pakuwon City Surabaya Rusak Parah Pasca-ledakan
“Kemudian untuk kerugian, korbannya ada empat korban laki-laki, satu korban perempuan sudah dirawat di rumah sakit Haji,” kata Luthfie kepada awak media, Selasa.
Luthfie menjelaskan, ledakan dahsyat di Ruko San Antonio Surabaya ini diduga kuat dipicu oleh kebocoran pipa instalasi elpiji dari rumah makan Nasi Tempong Sri Dewi.
Saat melakukan olah TKP awal, tim kepolisian menemukan tiga tabung elpiji berkapasitas besar di dalam bangunan, yakni dua tabung oranye dan satu tabung putih berukuran 50 kilogram.“Secara kondisi kalau untuk tabungnya tidak meledak, tapi kan itu diduga karena kebocoran. Kebocoran itu diduga karena dari pipanya semacam indukannya,” jelas Luthfie.
Luthfie memastikan bahwa seluruh isi tabung gas elpiji 50 kg tersebut telah menguap hingga tak tersisa.
“Sudah dipastikan. Bahwa waktu saat ini ketiga LPG itu juga sudah kosong ya. Artinya memang gasnya sudah keluar semua,” tuturnya.




  

Baca juga: Dampak Ledakan di Pakuwon City Surabaya: Kaca Ruko Pecah, Atap Perumahan Warga Ambrol",Kompas.com,"Dajan Peken, 82114, Tabanan, Tabanan, Bali, Indonesia",-8.536609490935,115.13552944186335,5,"2, 7","kejaksaan, kejatibali, kejaritabanan, tabanan, news"
Sekolah Diperbaiki Siswa SD di Sapudi Sumenep Ujian Berpindah dari Tiang ke Tiang,2026-10-06T01:19:00.000Z,"Kabupaten Tabanan, Bali, Indonesia","Sekolah Diperbaiki, Siswa SD di Sapudi Sumenep Ujian Berpindah dari Tiang ke Tiang - Kompas.com","SUMENEP, KOMPAS.com - Sebanyak 19 siswa SDN Karang Tengah, Pulau Sapudi, Kabupaten Sumenep, Jawa Timur, mengikuti Asesmen Sumatif Tengah Semester di Pasar Ahadan, Desa Karang Tengah, Kecamatan Gayam, Selasa (6/10/2026).
Di antara tiang-tiang bangunan pasar, para siswa berpindah dari satu tiang ke tiang lainnya sambil membawa kertas dan pensil. Soal ujian ditempel di sejumlah lokasi yang berbeda.Setiap dua menit, siswa harus bergeser menuju soal berikutnya hingga seluruh soal selesai dikerjakan.
Tidak ada ruang kelas dalam kegiatan tersebut.","Pasar desa dimanfaatkan sementara sebagai tempat pelaksanaan ujian karena bangunan sekolah sedang direvitalisasi.
Baca juga: Di Tengah Gemerlap Wisata Bali, Bangli Kekurangan 800 Guru dan Air Bersih
Guru SDN Karang Tengah, Lailatul Musyarrafah (28), mengatakan, revitalisasi sekolah berlangsung sejak Agustus hingga Desember 2026.




Selama proses perbaikan, kegiatan belajar mengajar sementara menumpang di madrasah yang berada di dekat sekolah.
Namun, keterbatasan ruang di madrasah membuat siswa kelas V dan VI harus belajar dalam satu ruangan. Kondisi tersebut membuat Lailatul mencari cara agar pelaksanaan ujian tidak mengganggu kegiatan belajar kelas lainnya.
""Supaya tidak saling mengganggu antar kelas saat ujian, jadi saya mengajak siswa kelas V untuk melakukan Asesmen Sumatif Tengah Semester di Pasar (bersebelahan dengan Madrasah) dengan menggunakan model “One Seat” yang dimodifikasi,"" kata Lailatul kepada Kompas.com di Sumenep, Selasa (6/10/2026).KOMPAS.COM/ Nur Khalis Para siswa SDN Karang Tengah, Kecamatab Gayam, Pulau Sepudi, saat mengerjakan soal yang ditempel di salah satu tiang pasar desa setempat.","Pada Hari Selasa , 6 Oktober 2026 01:19, Tabanan, Tabanan, Bali

SUMENEP, KOMPAS.com - Sebanyak 19 siswa SDN Karang Tengah, Pulau Sapudi, Kabupaten Sumenep, Jawa Timur, mengikuti Asesmen Sumatif Tengah Semester di Pasar Ahadan, Desa Karang Tengah, Kecamatan Gayam, Selasa (6/10/2026).
Di antara tiang-tiang bangunan pasar, para siswa berpindah dari satu tiang ke tiang lainnya sambil membawa kertas dan pensil. Soal ujian ditempel di sejumlah lokasi yang berbeda.Setiap dua menit, siswa harus bergeser menuju soal berikutnya hingga seluruh soal selesai dikerjakan.
Tidak ada ruang kelas dalam kegiatan tersebut. Pasar desa dimanfaatkan sementara sebagai tempat pelaksanaan ujian karena bangunan sekolah sedang direvitalisasi.
Baca juga: Di Tengah Gemerlap Wisata Bali, Bangli Kekurangan 800 Guru dan Air Bersih
Guru SDN Karang Tengah, Lailatul Musyarrafah (28), mengatakan, revitalisasi sekolah berlangsung sejak Agustus hingga Desember 2026.




Selama proses perbaikan, kegiatan belajar mengajar sementara menumpang di madrasah yang berada di dekat sekolah.
Namun, keterbatasan ruang di madrasah membuat siswa kelas V dan VI harus belajar dalam satu ruangan. Kondisi tersebut membuat Lailatul mencari cara agar pelaksanaan ujian tidak mengganggu kegiatan belajar kelas lainnya.
""Supaya tidak saling mengganggu antar kelas saat ujian, jadi saya mengajak siswa kelas V untuk melakukan Asesmen Sumatif Tengah Semester di Pasar (bersebelahan dengan Madrasah) dengan menggunakan model “One Seat” yang dimodifikasi,"" kata Lailatul kepada Kompas.com di Sumenep, Selasa (6/10/2026).KOMPAS.COM/ Nur Khalis Para siswa SDN Karang Tengah, Kecamatab Gayam, Pulau Sepudi, saat mengerjakan soal yang ditempel di salah satu tiang pasar desa setempat. 
Sebanyak 19 soal dibuat sesuai dengan jumlah siswa. Setiap soal ditempel di lokasi yang berbeda. Siswa memilih soal pertama yang akan dikerjakan, kemudian mengerjakannya selama dua menit.
Setelah waktu habis, mereka bergeser menuju soal berikutnya. Pola tersebut dilakukan hingga seluruh soal selesai dikerjakan.
Baca juga: Kisah Abid Sekolah di Atas Air Teluk Tomini: Berangkat Naik Perahu, Datang Paling Awal
Menurut Lailatul, model “One Seat” bukan metode baru baginya. Tahun sebelumnya, ia pernah menerapkan metode tersebut di dalam kelas. Kali ini, metode itu disesuaikan dengan kondisi sekolah yang sedang direvitalisasi.
""Saya sudah pernah menerapkan model ini juga di tahun sebelumnya, tetapi di dalam kelas. Berdasarkan pengalaman, sepertinya jauh lebih seru mengerjakan di Pasar karena suasananya baru bagi anak-anak,"" tambahnya.
Bagi Lailatul, pasar bukan sekadar tempat pengganti ruang kelas. Lingkungan sekitar juga dapat dimanfaatkan sebagai bagian dari proses belajar.
""Jadi menurut saya, ketika asesmen ditempatkan pada konteks kehidupan nyata, anak-anak lebih merasa bahwa apa yang mereka pelajari itu memang berguna dalam kehidupannya,"" jelasnya.




  

Selama sekolah diperbaiki, siswa kelas V juga sesekali belajar di pasar atau lapangan sepak bola. Selebihnya, mereka menumpang belajar di madrasah terdekat.",Kompas.com,"Dajan Peken, 82114, Tabanan, Tabanan, Bali, Indonesia",-8.536609490935,115.13552944186335,5,"2, 7","kejaksaan, kejatibali, kejaritabanan, tabanan, news"
Kebakaran Rumput di Sekitar Runway Bandara Sam Ratulangi Ditutup Sementara,2026-10-06T07:26:00.000Z,"Kabupaten Tabanan, Bali, Indonesia","Kebakaran Rumput di Sekitar Runway, Bandara Sam Ratulangi Ditutup Sementara - Kompas.com","MANADO, KOMPAS.com - Operasional penerbangan di Bandara Internasional Sam Ratulangi Manado ditutup sementara imbas kebakaran rumput di sekitar area Runway 18 pada Selasa (6/10/2026) sekitar pukul 10.55 Wita.
Akibat insiden tersebut, operasional penerbangan dihentikan sementara hingga pukul 17.00 Wita demi alasan keselamatan.General Manager PT Angkasa Pura Indonesia Bandara Internasional Sam Ratulangi Manado Radityo Ari Purwoko (Oki) menyampaikan, gumpalan asap dari kebakaran tersebut memengaruhi jarak pandang di area landasan pacu.
""Menyusul adanya kebakaran rumput yang berdampak pada area sekitar Runway 18 serta kondisi asap yang memengaruhi jarak pandang, kami mengambil langkah mitigasi dengan melakukan penyesuaian dan penutupan sementara operasional penerbangan hingga pukul 17.00 Wita,"" kata Oki, Selasa.
Baca juga: Daripada Dibuang Sia-sia, Sisa Kulit Buah MBG Disulap Siswa SMAN 7 Manado Jadi Sabun
Oki menegaskan, penutupan sementara ini diambil sebagai tindakan kehati-hatian untuk memastikan seluruh standar keselamatan penerbangan terpenuhi. Kebijakan ini bakal terus dievaluasi sesuai kondisi jarak pandang dan ketebalan asap di lapangan.




Fokus Lakukan Pemadaman
Pihak pengelola bandara bersama tim gabungan langsung dikerahkan ke lokasi untuk memadamkan kobaran api dan melokalisasi area terdampak.""Kami bersama seluruh unsur terkait, termasuk petugas ARFF, Lanud, dan Pemadam Kebakaran Kota Manado, terus melakukan upaya pemadaman, pendinginan, serta memastikan area terdampak benar-benar aman,"" ujar Oki.Pengelola bandara juga berkoordinasi dengan AirNav Indonesia serta pihak maskapai untuk mengantisipasi dampak penundaan jadwal penerbangan bagi para penumpang.
""Kami juga terus berkoordinasi dengan maskapai, AirNav Indonesia, dan seluruh pemangku kepentingan terkait untuk meminimalkan dampak terhadap operasional dan pelayanan kepada pengguna jasa,"" lanjutnya.
Proses Pendinginan Cegah Nyala Api
Hingga Selasa siang, titik api telah berhasil dikendalikan secara bertahap.","Petugas pemadam masih fokus melakukan proses pendinginan (cooling down) guna mencegah munculnya titik api baru.
""Proses penanganan diperkirakan masih membutuhkan waktu sekitar satu jam dan akan terus dipantau oleh seluruh unsur terkait,"" pungkas Oki.




  

    
        Bayangkan seorang anak Indonesia bercita-cita menjadi dokter tetapi hanya memiliki satu buku lusuh untuk belajar. Bersama Ekspedisi Kata ke Nyata Kompas.com, Anda bisa membantu mengubah kisah itu.","Pada Hari Selasa , 6 Oktober 2026 07:26, Tabanan, Tabanan, Bali

MANADO, KOMPAS.com - Operasional penerbangan di Bandara Internasional Sam Ratulangi Manado ditutup sementara imbas kebakaran rumput di sekitar area Runway 18 pada Selasa (6/10/2026) sekitar pukul 10.55 Wita.
Akibat insiden tersebut, operasional penerbangan dihentikan sementara hingga pukul 17.00 Wita demi alasan keselamatan.General Manager PT Angkasa Pura Indonesia Bandara Internasional Sam Ratulangi Manado Radityo Ari Purwoko (Oki) menyampaikan, gumpalan asap dari kebakaran tersebut memengaruhi jarak pandang di area landasan pacu.
""Menyusul adanya kebakaran rumput yang berdampak pada area sekitar Runway 18 serta kondisi asap yang memengaruhi jarak pandang, kami mengambil langkah mitigasi dengan melakukan penyesuaian dan penutupan sementara operasional penerbangan hingga pukul 17.00 Wita,"" kata Oki, Selasa.
Baca juga: Daripada Dibuang Sia-sia, Sisa Kulit Buah MBG Disulap Siswa SMAN 7 Manado Jadi Sabun
Oki menegaskan, penutupan sementara ini diambil sebagai tindakan kehati-hatian untuk memastikan seluruh standar keselamatan penerbangan terpenuhi. Kebijakan ini bakal terus dievaluasi sesuai kondisi jarak pandang dan ketebalan asap di lapangan.




Fokus Lakukan Pemadaman
Pihak pengelola bandara bersama tim gabungan langsung dikerahkan ke lokasi untuk memadamkan kobaran api dan melokalisasi area terdampak.""Kami bersama seluruh unsur terkait, termasuk petugas ARFF, Lanud, dan Pemadam Kebakaran Kota Manado, terus melakukan upaya pemadaman, pendinginan, serta memastikan area terdampak benar-benar aman,"" ujar Oki.Pengelola bandara juga berkoordinasi dengan AirNav Indonesia serta pihak maskapai untuk mengantisipasi dampak penundaan jadwal penerbangan bagi para penumpang.
""Kami juga terus berkoordinasi dengan maskapai, AirNav Indonesia, dan seluruh pemangku kepentingan terkait untuk meminimalkan dampak terhadap operasional dan pelayanan kepada pengguna jasa,"" lanjutnya.
Proses Pendinginan Cegah Nyala Api
Hingga Selasa siang, titik api telah berhasil dikendalikan secara bertahap. Petugas pemadam masih fokus melakukan proses pendinginan (cooling down) guna mencegah munculnya titik api baru.
""Proses penanganan diperkirakan masih membutuhkan waktu sekitar satu jam dan akan terus dipantau oleh seluruh unsur terkait,"" pungkas Oki.




  

    
        Bayangkan seorang anak Indonesia bercita-cita menjadi dokter tetapi hanya memiliki satu buku lusuh untuk belajar. Bersama Ekspedisi Kata ke Nyata Kompas.com, Anda bisa membantu mengubah kisah itu. Mari hadirkan akses literasi bagi anak-anak di berbagai pelosok Indonesia melalui donasi lewat tautan https://bit.ly/JagatLiterasi2026. Setiap kebaikan yang Anda berikan bukan hanya membuka jendela pengetahuan, tetapi juga membuka masa depan mereka.",Kompas.com,"Dajan Peken, 82114, Tabanan, Tabanan, Bali, Indonesia",-8.536609490935,115.13552944186335,5,"2, 7","kejaksaan, kejatibali, kejaritabanan, tabanan, news"
Santri di Pamekasan Diduga Dianiaya Pakai Kawat Panas Polisi Turun Tangan,2026-10-06T01:10:00.000Z,"Kabupaten Tabanan, Bali, Indonesia","Santri di Pamekasan Diduga Dianiaya Pakai Kawat Panas, Polisi Turun Tangan - Kompas.com","PAMEKASAN, KOMPAS.com - Polres Pamekasan, Jawa Timur, menemui santri berinisial AN (17), warga Waru Barat, Kecamatan Waru, yang diduga menjadi korban penganiayaan di sebuah pesantren di Kecamatan Batumarmar.
Kasi Humas Polres Pamekasan Ipda Yoni Evan Pratama mengatakan, polisi juga memfasilitasi pemeriksaan visum et repertum (VeR) terhadap AN yang diduga dianiaya menggunakan kawat panas hingga mengalami lebam hampir di sekujur tubuh dan patah tulang.""Kami sudah fasilitasi korban untuk visum. Untuk melengkapi proses pembuktian hukum,"" katanya, Selasa (6/10/2026).
Baca juga: Santri di Pamekasan Diduga Dianiaya, Polisi Temui Korban dan Minta Keluarga Lapor ke Unit PPA
Yoni mengatakan, polisi mengetahui informasi dugaan penganiayaan tersebut dari pemberitaan media online, termasuk video yang beredar di media sosial.
Menindaklanjuti informasi tersebut, Unit Reskrim Polsek Tamberu bersama Bhabinkamtibmas menemui korban di RSUD dr Slamet Martodirdjo (Smart) Pamekasan.




""Kejadian itu benar.","Kami sudah turun ke lapangan,"" ungkapnya.
Polisi juga telah meminta keterangan dari pihak keluarga dan memastikan kondisi korban yang diduga mengalami penganiayaan.
Menurut Yoni, berdasarkan informasi awal yang diperoleh polisi, dugaan kekerasan terjadi di Pesantren Mambaul Ulum, Desa Ponjenan Timur, Kecamatan Batumarmar.
Yoni mengatakan, orangtua korban, Ahmad Ramli, baru mengetahui dugaan penganiayaan terhadap anaknya pada Jumat (2/10/2026). Saat itu, keluarga berniat menjenguk AN di pesantren dan menemukan anaknya dalam kondisi sakit.""Diduga tindakan penganiayaan dilakukan oleh rekannya.","Pada Hari Selasa , 6 Oktober 2026 01:10, Tabanan, Tabanan, Bali

PAMEKASAN, KOMPAS.com - Polres Pamekasan, Jawa Timur, menemui santri berinisial AN (17), warga Waru Barat, Kecamatan Waru, yang diduga menjadi korban penganiayaan di sebuah pesantren di Kecamatan Batumarmar.
Kasi Humas Polres Pamekasan Ipda Yoni Evan Pratama mengatakan, polisi juga memfasilitasi pemeriksaan visum et repertum (VeR) terhadap AN yang diduga dianiaya menggunakan kawat panas hingga mengalami lebam hampir di sekujur tubuh dan patah tulang.""Kami sudah fasilitasi korban untuk visum. Untuk melengkapi proses pembuktian hukum,"" katanya, Selasa (6/10/2026).
Baca juga: Santri di Pamekasan Diduga Dianiaya, Polisi Temui Korban dan Minta Keluarga Lapor ke Unit PPA
Yoni mengatakan, polisi mengetahui informasi dugaan penganiayaan tersebut dari pemberitaan media online, termasuk video yang beredar di media sosial.
Menindaklanjuti informasi tersebut, Unit Reskrim Polsek Tamberu bersama Bhabinkamtibmas menemui korban di RSUD dr Slamet Martodirdjo (Smart) Pamekasan.




""Kejadian itu benar. Kami sudah turun ke lapangan,"" ungkapnya.
Polisi juga telah meminta keterangan dari pihak keluarga dan memastikan kondisi korban yang diduga mengalami penganiayaan.
Menurut Yoni, berdasarkan informasi awal yang diperoleh polisi, dugaan kekerasan terjadi di Pesantren Mambaul Ulum, Desa Ponjenan Timur, Kecamatan Batumarmar.
Yoni mengatakan, orangtua korban, Ahmad Ramli, baru mengetahui dugaan penganiayaan terhadap anaknya pada Jumat (2/10/2026). Saat itu, keluarga berniat menjenguk AN di pesantren dan menemukan anaknya dalam kondisi sakit.""Diduga tindakan penganiayaan dilakukan oleh rekannya. Ini informasi awal kami,"" tutur Yoni Evan Pratama.
Baca juga: Kronologi Santri di Pamekasan Diduga Dianiaya, Dituduh Mencuri hingga Kondisinya Diketahui Keluarga
Polisi telah melakukan pendampingan kepada keluarga korban. Pihak keluarga juga diarahkan untuk membuat laporan secara resmi.
​""Karena korban merupakan anak di bawah umur, kami menyarankan dan mendorong pihak keluarga untuk membuat laporan resmi ke Unit Pelayanan Perempuan dan Anak (PPA) Satreskrim Polres Pamekasan,"" ujarnya.
Yoni mengimbau masyarakat tidak berspekulasi terkait kasus tersebut. Dia berharap proses hukum diserahkan sepenuhnya kepada kepolisian.
""Kami berkomitmen menindaklanjuti setiap aduan masyarakat secara transparan, objektif, dan prosedural,"" tutupnya.
Sebelumnya diberitakan Kompas.com, AN diduga dianiaya setelah dituduh mencuri uang. Korban disebut menjalani persidangan di pesantren yang kemudian berujung pada dugaan penganiayaan.
Dugaan penganiayaan disebut mulai terjadi pada Senin (28/9/2026) malam dan diduga dilakukan oleh santri serta oknum pengurus pesantren.
Korban mengalami sakit, lebam, dan patah tulang, tetapi tidak dipulangkan dari pesantren. Kondisi tersebut baru diketahui pihak keluarga pada Jumat (2/10/2026).




  



    
        Bayangkan seorang anak Indonesia bercita-cita menjadi dokter tetapi hanya memiliki satu buku lusuh untuk belajar. Bersama Ekspedisi Kata ke Nyata Kompas.com, Anda bisa membantu mengubah kisah itu. Mari hadirkan akses literasi bagi anak-anak di berbagai pelosok Indonesia melalui donasi lewat tautan https://bit.ly/JagatLiterasi2026. Setiap kebaikan yang Anda berikan bukan hanya membuka jendela pengetahuan, tetapi juga membuka masa depan mereka.",Kompas.com,"Dajan Peken, 82114, Tabanan, Tabanan, Bali, Indonesia",-8.536609490935,115.13552944186335,5,"2, 7","kejaksaan, kejatibali, kejaritabanan, tabanan, news"
Anggota DPRD Situbondo Positif Narkoba Belum Disanksi BK Belum Ada Laporan,2026-10-05T04:36:00.000Z,"Kabupaten Tabanan, Bali, Indonesia","Anggota DPRD Situbondo Positif Narkoba Belum Disanksi, BK: Belum Ada Laporan - Kompas.com","SITUBONDO, KOMPAS.com – Badan Kehormatan (BK) DPRD Kabupaten Situbondo, Jawa Timur, belum menjatuhkan sanksi kepada anggota Komisi III DPRD Situbondo, Afif Reza Rimunda, yang terjaring kasus narkoba.
Ketua Badan Kehormatan DPRD Situbondo Siti Maria Ulva mengatakan, instansinya bersifat pasif dalam menangani dugaan pelanggaran etik anggota DPRD. Hal tersebut mengacu pada tata tertib DPRD yang diatur dalam Peraturan Pemerintah (PP) Nomor 12 Tahun 2018.Menurut dia, BK DPRD belum mengetahui secara pasti apakah Afif terbukti menggunakan narkoba atau tidak.","Selain itu, hingga kini belum ada laporan dari masyarakat terkait kasus tersebut.
Baca juga: Anggota DPRD Situbondo Terseret Kasus Narkoba, Gerindra Tunggu Keputusan Sanksi dari DPD-DPP
""Jadi kami informasikan untuk BK DPRD Situbondo itu bersifat pasif karena dalam peraturan tentang kode etik dan tata beracara badan kehormatan DPRD Situbondo itu tetap mensyaratkan adanya pengaduan terlebih dahulu,"" katanya, Senin (5/10/2026).
Ia menjelaskan, mekanisme pemberian sanksi harus diawali dengan laporan atau pengaduan kepada Badan Kehormatan DPRD Situbondo. Setelah laporan diterima, BK akan menindaklanjutinya melalui pembahasan untuk menentukan sanksi yang dapat diberikan.




""Nanti yang memutukan sanksi adalah ketua dprd, sedangkan badan kehormatan hanya menerima laporan masyarakat,"" katanya.Menurut dia, apabila ada laporan dari masyarakat, Afif berpotensi dikenai sejumlah sanksi.","Pada Hari Senin , 5 Oktober 2026 04:36, Tabanan, Tabanan, Bali

SITUBONDO, KOMPAS.com – Badan Kehormatan (BK) DPRD Kabupaten Situbondo, Jawa Timur, belum menjatuhkan sanksi kepada anggota Komisi III DPRD Situbondo, Afif Reza Rimunda, yang terjaring kasus narkoba.
Ketua Badan Kehormatan DPRD Situbondo Siti Maria Ulva mengatakan, instansinya bersifat pasif dalam menangani dugaan pelanggaran etik anggota DPRD. Hal tersebut mengacu pada tata tertib DPRD yang diatur dalam Peraturan Pemerintah (PP) Nomor 12 Tahun 2018.Menurut dia, BK DPRD belum mengetahui secara pasti apakah Afif terbukti menggunakan narkoba atau tidak. Selain itu, hingga kini belum ada laporan dari masyarakat terkait kasus tersebut.
Baca juga: Anggota DPRD Situbondo Terseret Kasus Narkoba, Gerindra Tunggu Keputusan Sanksi dari DPD-DPP
""Jadi kami informasikan untuk BK DPRD Situbondo itu bersifat pasif karena dalam peraturan tentang kode etik dan tata beracara badan kehormatan DPRD Situbondo itu tetap mensyaratkan adanya pengaduan terlebih dahulu,"" katanya, Senin (5/10/2026).
Ia menjelaskan, mekanisme pemberian sanksi harus diawali dengan laporan atau pengaduan kepada Badan Kehormatan DPRD Situbondo. Setelah laporan diterima, BK akan menindaklanjutinya melalui pembahasan untuk menentukan sanksi yang dapat diberikan.




""Nanti yang memutukan sanksi adalah ketua dprd, sedangkan badan kehormatan hanya menerima laporan masyarakat,"" katanya.Menurut dia, apabila ada laporan dari masyarakat, Afif berpotensi dikenai sejumlah sanksi. Sanksi tersebut mulai dari teguran lisan, teguran tertulis, pemberhentian dari pimpinan alat kelengkapan DPRD, hingga pemberhentian dari keanggotaan DPRD.
""Itu ketika ada laporan, namun sejauh ini belum ada laporan,"" katanya.
Diketahui, Afif ditangkap bersama tujuh orang lainnya oleh Satresnarkoba Polrestabes Surabaya di sebuah kamar hotel kawasan Ketintang, Surabaya, Senin (28/9/2026) dini hari.
Baca juga: Desakan Anggota Dewan Pesta Narkoba Dicopot Menguat, BK DPRD Banyuwangi Tunggu Gerindra
Polisi menemukan satu plastik sabu bekas pakai, dua butir ekstasi, alat isap, korek, dan bungkus rokok.
Hasil pemeriksaan/tes urine yang diberitakan menunjukkan tujuh orang positif menggunakan ekstasi, sementara satu orang yang disebut N diketahui mengonsumsi sabu dan ekstasi.




  



    
        Bayangkan seorang anak Indonesia bercita-cita menjadi dokter tetapi hanya memiliki satu buku lusuh untuk belajar. Bersama Ekspedisi Kata ke Nyata Kompas.com, Anda bisa membantu mengubah kisah itu. Mari hadirkan akses literasi bagi anak-anak di berbagai pelosok Indonesia melalui donasi lewat tautan https://bit.ly/JagatLiterasi2026. Setiap kebaikan yang Anda berikan bukan hanya membuka jendela pengetahuan, tetapi juga membuka masa depan mereka.",Kompas.com,"Dajan Peken, 82114, Tabanan, Tabanan, Bali, Indonesia",-8.536609490935,115.13552944186335,5,"2, 7","kejaksaan, kejatibali, kejaritabanan, tabanan, news"
Pedagang Tahu Dikeroyok di Depan USU Medan Dianggap Merebut Pelanggan Pedagang Lain,2026-10-06T04:47:00.000Z,"Kabupaten Tabanan, Bali, Indonesia","Pedagang Tahu Dikeroyok di Depan USU Medan, Dianggap Merebut Pelanggan Pedagang Lain - Kompas.com","MEDAN, KOMPAS.com - Seorang pedagang tahu, Yusmahdi (31), mengaku dikeroyok sejumlah orang yang diduga sesama pedagang tahu di depan Universitas Sumatera Utara (USU), Kota Medan.
Yusmahdi mengatakan, kejadian tersebut terjadi pada Rabu (30/9/2026), saat dia bersama istri dan seorang pekerjanya pindah lapak ke sekitar pintu 3 USU.""Waktu itu kami pindah ke lapak tempat jualan es campur. Karena kebetulan dia lagi gak jualan,"" kata Yusmahdi kepada Kompas.com melalui saluran telepon, Senin (5/10/2026).
""Kami pindah satu hari itu aja.","Lapak kami biasanya paling berjarak beberapa meter lah dari situ,"" tambahnya.
Baca juga: Heboh IRT Ketahuan Curi Cincin Berlian di Medan, Modus Simpan di Tisu
Didatangi Sejumlah Pedagang
Tak lama setelah berjualan di lokasi tersebut, sejumlah orang mendatangi lapak Yusmahdi.




Sepengetahuannya, orang-orang tersebut merupakan pedagang tahu yang biasa berjualan di sekitar lokasi.
""Pas mereka datang langsung mencekik pekerja saya,"" tuturnya.
Cekcok pun terjadi. Yusmahdi yang saat itu sedang duduk kemudian menghampiri mereka.","Pada Hari Selasa , 6 Oktober 2026 04:47, Tabanan, Tabanan, Bali

MEDAN, KOMPAS.com - Seorang pedagang tahu, Yusmahdi (31), mengaku dikeroyok sejumlah orang yang diduga sesama pedagang tahu di depan Universitas Sumatera Utara (USU), Kota Medan.
Yusmahdi mengatakan, kejadian tersebut terjadi pada Rabu (30/9/2026), saat dia bersama istri dan seorang pekerjanya pindah lapak ke sekitar pintu 3 USU.""Waktu itu kami pindah ke lapak tempat jualan es campur. Karena kebetulan dia lagi gak jualan,"" kata Yusmahdi kepada Kompas.com melalui saluran telepon, Senin (5/10/2026).
""Kami pindah satu hari itu aja. Lapak kami biasanya paling berjarak beberapa meter lah dari situ,"" tambahnya.
Baca juga: Heboh IRT Ketahuan Curi Cincin Berlian di Medan, Modus Simpan di Tisu
Didatangi Sejumlah Pedagang
Tak lama setelah berjualan di lokasi tersebut, sejumlah orang mendatangi lapak Yusmahdi.




Sepengetahuannya, orang-orang tersebut merupakan pedagang tahu yang biasa berjualan di sekitar lokasi.
""Pas mereka datang langsung mencekik pekerja saya,"" tuturnya.
Cekcok pun terjadi. Yusmahdi yang saat itu sedang duduk kemudian menghampiri mereka. Namun, situasi semakin memanas hingga dirinya diserang.Menurut Yusmahdi, sepasang suami istri memegang tangannya agar dia tidak melawan. Sementara itu, seorang pria memukulinya.
""Itu lah saya dipukuli. Lukanya ada lebam di bagian rusuk kiri, hidung berdarah, dan mata kiri lebam,"" tuturnya.
Baca juga: Fraksi PDIP Sebut Dishub Lambat Respons Aduan Warga, Tak Sejalan Dengan Wali Kota Medan
Istri Yusmahdi kemudian menelepon call center kepolisian setempat. Setelah petugas datang, kedua pihak dipertemukan untuk dimediasi.
""Di situ, dia (pelaku) mau bayar Rp 500 ribu untuk biaya perobatan. Aku gak mau, jadi tetap diproses hukum lebih lanjut,"" ucapnya.
Diduga Takut Kehilangan Pelanggan
Yusmahdi menduga pengeroyokan tersebut terjadi karena para pedagang menganggap dirinya sebagai saingan setelah berjualan di lokasi yang berdekatan.
""Nah, rupanya dia takuti pelanggannya diambil karena kami jadi sebelah-sebelahan, dianggap saingan lah,"" sambungnya.




  

Meski begitu, Yusmahdi tetap membuat laporan resmi ke Polsek Medan Baru.",Kompas.com,"Dajan Peken, 82114, Tabanan, Tabanan, Bali, Indonesia",-8.536609490935,115.13552944186335,5,"2, 7","kejaksaan, kejatibali, kejaritabanan, tabanan, news"
Kejari Lamongan Tahan 3 Tersangka Korupsi Alih Fungsi Tanah Negara Keterlibatan Oknum BPN Didalami,2026-10-06T13:52:00.000Z,"Kabupaten Tabanan, Bali, Indonesia","Kejari Lamongan Tahan 3 Tersangka Korupsi Alih Fungsi Tanah Negara, Keterlibatan Oknum BPN Didalami - Kompas.com","LAMONGAN, KOMPAS.com – Kejaksaan Negeri (Kejari) Lamongan menahan tiga tersangka kasus dugaan korupsi alih fungsi tanah negara yang berada di kawasan ekosistem mangrove lindung Dusun Klayar, Desa Sidokelar, Kecamatan Paciran, Kabupaten Lamongan, Jawa Timur.
Kepala Kejari Lamongan, Hendro Wasisto, mengonfirmasi bahwa ketiga tersangka akan ditahan selama 20 hari ke depan, terhitung hingga 25 Oktober 2026, di Lembaga Pemasyarakatan (Lapas) Kelas IIB Lamongan.Ketiga tersangka yang ditahan masing-masing berinisial IR (mantan kepala Desa Sidokelar periode 2013–2017), MA (pemohon sertifikat), serta AR (pihak swasta).
Baca juga: BPBD Lamongan Distribusikan 1,61 Juta Liter Air Bersih untuk 6.713 KK
""Ketiganya kami tahan untuk 20 hari ke depan sampai 25 Oktober 2026 di Lembaga Pemasyarakatan Kelas IIB Lamongan,"" ujar Hendro di Lamongan, Selasa (6/10/2026).
 Modus alih fungsi tanah negara




Hendro menjelaskan, penahanan para tersangka merupakan bagian dari penyidikan yang berdasarkan Surat Perintah Penyidikan Nomor 945 tertanggal 26 Agustus 2025.
Baca juga: 387 Calon Penerima KIP Jawara di Lamongan Jalani Verifikasi, Dapat Bantuan Rp 3 Juta
Penyidik Kejari Lamongan telah memeriksa 59 saksi, 14 ahli, serta menyita 28 dokumen surat.Selain itu, penyidikan diperkuat dengan Laporan Hasil Pemeriksaan (LHP) dari Badan Pengawasan Keuangan dan Pembangunan (BPKP) Jawa Timur.
Perkara ini bermula pada September 2013, saat ketiga tersangka diduga membuat dan menggunakan dokumen fiktif atau yang tidak sesuai dengan kondisi sebenarnya.Dokumen-dokumen tersebut mencakup Surat Pemberitahuan Pajak Terutang (SPPT) Pajak Bumi dan Bangunan (PBB) 2013 yang objek pajaknya tidak terdaftar, surat pernyataan penguasaan fisik tanah sejak 1990, hingga Surat Keterangan Tanah (SKT).
Dokumen itu kemudian dijadikan dasar pengajuan permohonan sertifikat ke Badan Pertanahan Nasional (BPN). Hasilnya, terbit Sertifikat Hak Milik (SHM) Nomor 377 atas nama MA pada 14 Maret 2014 untuk lahan seluas 2.512 meter persegi.
""Objek perkara merupakan tanah negara di kawasan pesisir pantai yang berada dalam kawasan ekosistem mangrove lindung sehingga tidak semestinya diterbitkan sertifikat hak milik (SHM),"" tegas Hendro.Potensi tersangka baru
Pada 2022, lahan tersebut dijual kepada pihak swasta dengan keuntungan yang diperkirakan mencapai Rp 1.384.689.392.","Kejari Lamongan juga telah menyita aset senilai Rp 1.840.251.500 berdasarkan penetapan pengadilan.
Kejari menegaskan, penyidikan kasus ini masih akan terus dikembangkan.




  

""Tidak menutup kemungkinan ada tersangka baru, termasuk dari pihak BPN,"" jelas Hendro..","Pada Hari Selasa , 6 Oktober 2026 13:52, Tabanan, Tabanan, Bali

LAMONGAN, KOMPAS.com – Kejaksaan Negeri (Kejari) Lamongan menahan tiga tersangka kasus dugaan korupsi alih fungsi tanah negara yang berada di kawasan ekosistem mangrove lindung Dusun Klayar, Desa Sidokelar, Kecamatan Paciran, Kabupaten Lamongan, Jawa Timur.
Kepala Kejari Lamongan, Hendro Wasisto, mengonfirmasi bahwa ketiga tersangka akan ditahan selama 20 hari ke depan, terhitung hingga 25 Oktober 2026, di Lembaga Pemasyarakatan (Lapas) Kelas IIB Lamongan.Ketiga tersangka yang ditahan masing-masing berinisial IR (mantan kepala Desa Sidokelar periode 2013–2017), MA (pemohon sertifikat), serta AR (pihak swasta).
Baca juga: BPBD Lamongan Distribusikan 1,61 Juta Liter Air Bersih untuk 6.713 KK
""Ketiganya kami tahan untuk 20 hari ke depan sampai 25 Oktober 2026 di Lembaga Pemasyarakatan Kelas IIB Lamongan,"" ujar Hendro di Lamongan, Selasa (6/10/2026).
 Modus alih fungsi tanah negara




Hendro menjelaskan, penahanan para tersangka merupakan bagian dari penyidikan yang berdasarkan Surat Perintah Penyidikan Nomor 945 tertanggal 26 Agustus 2025.
Baca juga: 387 Calon Penerima KIP Jawara di Lamongan Jalani Verifikasi, Dapat Bantuan Rp 3 Juta
Penyidik Kejari Lamongan telah memeriksa 59 saksi, 14 ahli, serta menyita 28 dokumen surat.Selain itu, penyidikan diperkuat dengan Laporan Hasil Pemeriksaan (LHP) dari Badan Pengawasan Keuangan dan Pembangunan (BPKP) Jawa Timur.
Perkara ini bermula pada September 2013, saat ketiga tersangka diduga membuat dan menggunakan dokumen fiktif atau yang tidak sesuai dengan kondisi sebenarnya.Dokumen-dokumen tersebut mencakup Surat Pemberitahuan Pajak Terutang (SPPT) Pajak Bumi dan Bangunan (PBB) 2013 yang objek pajaknya tidak terdaftar, surat pernyataan penguasaan fisik tanah sejak 1990, hingga Surat Keterangan Tanah (SKT).
Dokumen itu kemudian dijadikan dasar pengajuan permohonan sertifikat ke Badan Pertanahan Nasional (BPN). Hasilnya, terbit Sertifikat Hak Milik (SHM) Nomor 377 atas nama MA pada 14 Maret 2014 untuk lahan seluas 2.512 meter persegi.
""Objek perkara merupakan tanah negara di kawasan pesisir pantai yang berada dalam kawasan ekosistem mangrove lindung sehingga tidak semestinya diterbitkan sertifikat hak milik (SHM),"" tegas Hendro.Potensi tersangka baru
Pada 2022, lahan tersebut dijual kepada pihak swasta dengan keuntungan yang diperkirakan mencapai Rp 1.384.689.392. Kejari Lamongan juga telah menyita aset senilai Rp 1.840.251.500 berdasarkan penetapan pengadilan.
Kejari menegaskan, penyidikan kasus ini masih akan terus dikembangkan.




  

""Tidak menutup kemungkinan ada tersangka baru, termasuk dari pihak BPN,"" jelas Hendro.",Kompas.com,"Dajan Peken, 82114, Tabanan, Tabanan, Bali, Indonesia",-8.536609490935,115.13552944186335,5,"2, 7","kejaksaan, kejatibali, kejaritabanan, tabanan, news"
5 Korban Dirawat di Rumah Sakit Imbas Ledakan Ruko Pakuwon City Surabaya,2026-10-06T04:17:00.000Z,"Kabupaten Tabanan, Bali, Indonesia",5 Korban Dirawat di Rumah Sakit Imbas Ledakan Ruko Pakuwon City Surabaya - Kompas.com,"SURABAYA, KOMPAS.com – Lima orang mengalami luka bakar dan tengah menjalani perawatan di rumah sakit akibat ledakan di kawasan ruko Pakuwon City San Antonio, Jalan Kalisari Utara, Surabaya, Jawa Timur, Selasa (6/10/2026).
Kapolrestabes Surabaya Kombes Luthfie Sulistiawan mengatakan, kelima korban terdiri dari empat laki-laki dan satu perempuan. Mereka sempat dirawat di RSUD Haji Surabaya sebelum dipindahkan ke RSUD Dr.","Soetomo.“Kemudian untuk kerugian, korbannya ada empat korban laki-laki, satu korban perempuan sudah dirawat di rumah sakit Haji,” kata Luthfie kepada awak media, Selasa.
Baca juga: Ledakan Pakuwon City San Antonio, 5 Pegawai Rumah Makan Alami Luka Bakar
Luthfie menyebutkan, ledakan yang terjadi sekitar pukul 07.30 WIB tersebut berasal dari rumah makan Nasi Tempong Sri Dewi San Antonio. Ledakan diduga terjadi akibat kebocoran pipa elpiji.
Di dalam rumah makan yang menjadi sumber ledakan, polisi menemukan tiga tabung elpiji berkapasitas 50 kilogram.","Pada Hari Selasa , 6 Oktober 2026 04:17, Tabanan, Tabanan, Bali

SURABAYA, KOMPAS.com – Lima orang mengalami luka bakar dan tengah menjalani perawatan di rumah sakit akibat ledakan di kawasan ruko Pakuwon City San Antonio, Jalan Kalisari Utara, Surabaya, Jawa Timur, Selasa (6/10/2026).
Kapolrestabes Surabaya Kombes Luthfie Sulistiawan mengatakan, kelima korban terdiri dari empat laki-laki dan satu perempuan. Mereka sempat dirawat di RSUD Haji Surabaya sebelum dipindahkan ke RSUD Dr. Soetomo.“Kemudian untuk kerugian, korbannya ada empat korban laki-laki, satu korban perempuan sudah dirawat di rumah sakit Haji,” kata Luthfie kepada awak media, Selasa.
Baca juga: Ledakan Pakuwon City San Antonio, 5 Pegawai Rumah Makan Alami Luka Bakar
Luthfie menyebutkan, ledakan yang terjadi sekitar pukul 07.30 WIB tersebut berasal dari rumah makan Nasi Tempong Sri Dewi San Antonio. Ledakan diduga terjadi akibat kebocoran pipa elpiji.
Di dalam rumah makan yang menjadi sumber ledakan, polisi menemukan tiga tabung elpiji berkapasitas 50 kilogram. Dua tabung berwarna oranye dan satu berwarna putih.




“Secara kondisi kalau untuk tabungnya tidak meledak, tapi kan itu diduga karena kebocoran. Kebocoran itu diduga karena dari pipanya semacam indukannya,” ungkapnya.Namun, Luthfie memastikan ketiga tabung tersebut sudah dalam kondisi kosong dan aman.
“Sudah dipastikan. Bahwa waktu saat ini ketiga LPG itu juga sudah kosong ya. Artinya memang gasnya sudah keluar semua,” ujarnya.
Sementara itu, sumber kebocoran pipa elpiji tersebut masih didalami polisi.“Intinya dari satu ruangan itu terlihat bagaimana desakannya, jadi ini tembok kanan, tembok kiri dan depan itu kaca pecah. Kemudian temboknya kelihatan lubang yang mendesak ke luar,” ucapnya.
Sampai saat ini, tim Inafis, kepolisian, dan BPBD masih melakukan penyelidikan lebih lanjut.
Baca juga: Ledakan Pakuwon City San Antonio Surabaya Rusak 41 Bangunan, Jendela dan Kaca Pecah
Kesaksian pegawai kedai bakmie
Sementara itu, pegawai kedai bakmie di sekitar lokasi, Jihan, mengatakan lima pegawai rumah makan Nasi Tempong sempat keluar setelah ledakan dalam kondisi terbakar.
Menurut Jihan, pakaian kelima korban hangus dan kulit mereka terkelupas. Namun, mereka masih dalam keadaan sadar.
“Mereka datang ke sini sambil teriak-teriak ‘mbak tolong mbak, panas mbak, panas,” kata Jihan.Jihan kemudian memberikan minum dan kain untuk menutupi tubuh korban sambil menunggu ambulans datang.
“Kondisinya itu ngeri banget, kulit mereka sudah terkelupas semua , bajunya sudah terbakar semua, akhirnya yang cewek sama ada cowok satu saya kasih kain untuk menutupi tubuh mereka,” ujarnya.
Sampai saat ini, tim Inafis, kepolisian, dan BPBD masih melakukan pendalaman terkait ledakan tersebut.




  



    
        Bayangkan seorang anak Indonesia bercita-cita menjadi dokter tetapi hanya memiliki satu buku lusuh untuk belajar. Bersama Ekspedisi Kata ke Nyata Kompas.com, Anda bisa membantu mengubah kisah itu. Mari hadirkan akses literasi bagi anak-anak di berbagai pelosok Indonesia melalui donasi lewat tautan https://bit.ly/JagatLiterasi2026. Setiap kebaikan yang Anda berikan bukan hanya membuka jendela pengetahuan, tetapi juga membuka masa depan mereka.",Kompas.com,"Dajan Peken, 82114, Tabanan, Tabanan, Bali, Indonesia",-8.536609490935,115.13552944186335,5,"2, 7","kejaksaan, kejatibali, kejaritabanan, tabanan, news"
6 Hektare Hutan Konservasi di Kintamani Bali Terbakar Api Sempat Dekati Perkebunan Warga,2026-10-06T13:36:00.000Z,"Kabupaten Tabanan, Bali, Indonesia","6 Hektare Hutan Konservasi di Kintamani Bali Terbakar, Api Sempat Dekati Perkebunan Warga - Kompas.com","BANGLI, KOMPAS.com - Kebakaran melanda kawasan hutan konservasi di Blok Yeh Mampeh, Desa Batur Selatan, Kecamatan Kintamani, Kabupaten Bangli, Bali, Selasa (6/10/2026) siang.
Kebakaran yang terjadi sekitar pukul 11.20 Wita itu menghanguskan sekitar 6 hektare kawasan hutan.Kepala Seksi (Kasi) Humas Polres Bangli Iptu I Gede Gumiliarta mengatakan, api pertama kali terlihat di pinggir jalan kawasan hutan konservasi Kesatuan Pengelolaan Hutan Konservasi (KPHK) Kintamani.
Baca juga: Kasus Jual Beli Bayi Jaringan Bali-Jakarta: 2 Bayi Ditemukan di Kintamani, 2 di Cakung
""Selanjutnya dilakukan penyisiran dan pemantauan di sekitar lokasi guna memastikan tidak terdapat titik api maupun bara yang berpotensi menyebabkan kebakaran kembali,"" kata Gumiliarta, dikonfirmasi Selasa.
Menurut dia, warga yang mengetahui kebakaran sempat berupaya memadamkan api menggunakan peralatan seadanya.




Baca juga: Kebakaran Hutan Konservasi di Kintamani Bali Merembet ke Lahan Warga, 1 Hektar Terbakar
Namun, kondisi angin yang cukup kencang membuat api cepat membesar dan merambat ke semak belukar serta dedaunan kering.Petugas gabungan yang terdiri dari polisi, TNI, pemadam kebakaran, dan warga kemudian melakukan pemadaman.
Satu unit kendaraan Damkar Kabupaten Bangli tiba di lokasi sekitar pukul 13.00 Wita dan turut membantu memadamkan api.
Saat proses pemadaman, kobaran api sempat merambat hingga mendekati perkebunan milik warga.
Masyarakat kemudian memberikan akses sumber air di area perkebunan untuk membantu petugas memadamkan dan menyekat api.
Api berhasil dipadamkan sekitar pukul 16.00 Wita. Petugas menyisir area untuk memastikan tidak ada titik api atau bara yang berpotensi memicu kebakaran kembali.
Gumiliarta mengatakan tidak ada korban jiwa dalam kejadian tersebut.
""Kebakaran diduga disebabkan oleh gesekan dahan kering akibat kondisi cuaca yang sangat panas dan angin kencang,"" ujarnya.




  



    
        Bayangkan seorang anak Indonesia bercita-cita menjadi dokter tetapi hanya memiliki satu buku lusuh untuk belajar.","Bersama Ekspedisi Kata ke Nyata Kompas.com, Anda bisa membantu mengubah kisah itu. Mari hadirkan akses literasi bagi anak-anak di berbagai pelosok Indonesia melalui donasi lewat tautan https://bit.ly/JagatLiterasi2026.","Pada Hari Selasa , 6 Oktober 2026 13:36, Tabanan, Tabanan, Bali

BANGLI, KOMPAS.com - Kebakaran melanda kawasan hutan konservasi di Blok Yeh Mampeh, Desa Batur Selatan, Kecamatan Kintamani, Kabupaten Bangli, Bali, Selasa (6/10/2026) siang.
Kebakaran yang terjadi sekitar pukul 11.20 Wita itu menghanguskan sekitar 6 hektare kawasan hutan.Kepala Seksi (Kasi) Humas Polres Bangli Iptu I Gede Gumiliarta mengatakan, api pertama kali terlihat di pinggir jalan kawasan hutan konservasi Kesatuan Pengelolaan Hutan Konservasi (KPHK) Kintamani.
Baca juga: Kasus Jual Beli Bayi Jaringan Bali-Jakarta: 2 Bayi Ditemukan di Kintamani, 2 di Cakung
""Selanjutnya dilakukan penyisiran dan pemantauan di sekitar lokasi guna memastikan tidak terdapat titik api maupun bara yang berpotensi menyebabkan kebakaran kembali,"" kata Gumiliarta, dikonfirmasi Selasa.
Menurut dia, warga yang mengetahui kebakaran sempat berupaya memadamkan api menggunakan peralatan seadanya.




Baca juga: Kebakaran Hutan Konservasi di Kintamani Bali Merembet ke Lahan Warga, 1 Hektar Terbakar
Namun, kondisi angin yang cukup kencang membuat api cepat membesar dan merambat ke semak belukar serta dedaunan kering.Petugas gabungan yang terdiri dari polisi, TNI, pemadam kebakaran, dan warga kemudian melakukan pemadaman.
Satu unit kendaraan Damkar Kabupaten Bangli tiba di lokasi sekitar pukul 13.00 Wita dan turut membantu memadamkan api.
Saat proses pemadaman, kobaran api sempat merambat hingga mendekati perkebunan milik warga.
Masyarakat kemudian memberikan akses sumber air di area perkebunan untuk membantu petugas memadamkan dan menyekat api.
Api berhasil dipadamkan sekitar pukul 16.00 Wita. Petugas menyisir area untuk memastikan tidak ada titik api atau bara yang berpotensi memicu kebakaran kembali.
Gumiliarta mengatakan tidak ada korban jiwa dalam kejadian tersebut.
""Kebakaran diduga disebabkan oleh gesekan dahan kering akibat kondisi cuaca yang sangat panas dan angin kencang,"" ujarnya.




  



    
        Bayangkan seorang anak Indonesia bercita-cita menjadi dokter tetapi hanya memiliki satu buku lusuh untuk belajar. Bersama Ekspedisi Kata ke Nyata Kompas.com, Anda bisa membantu mengubah kisah itu. Mari hadirkan akses literasi bagi anak-anak di berbagai pelosok Indonesia melalui donasi lewat tautan https://bit.ly/JagatLiterasi2026. Setiap kebaikan yang Anda berikan bukan hanya membuka jendela pengetahuan, tetapi juga membuka masa depan mereka.",Kompas.com,"Dajan Peken, 82114, Tabanan, Tabanan, Bali, Indonesia",-8.536609490935,115.13552944186335,5,"2, 7","kejaksaan, kejatibali, kejaritabanan, tabanan, news"
Wanita Bunuh Kekasih di Gresik Polisi Periksa 6 Saksi dan Menduga Pelaku 1 Orang,2026-10-06T07:16:00.000Z,"Kabupaten Tabanan, Bali, Indonesia","Wanita Bunuh Kekasih di Gresik, Polisi Periksa 6 Saksi dan Menduga Pelaku 1 Orang - Kompas.com","GRESIK, KOMPAS.com - Pihak Kepolisian terus mendalami kasus pembunuhan yang terjadi di Desa Randupadangan, Kecamatan Menganti, Gresik, Jawa Timur. Pembunuhan melibatkan sepasang kekasih, berinisial IR (22) dan MF (23).
Kasatreskrim Polres Gresik, AKP Mohammad Prasetyo, mengatakan bahwa pihaknya hingga kini masih terus mengembangkan perkara tersebut untuk memastikan rangkaian kejadian, serta motif yang mendasari.
Hasil pemeriksaan sementara, pembunuhan tersebut diduga masih dilakukan oleh pelaku wanita (IR), seorang diri terhadap MF.""Sampai saat ini kami masih melakukan pengembangan penyidikan.","Untuk sementara, pelaku kami duga masih satu orang,"" ujar Prasetyo dalam keterangan tertulis, Selasa (6/10/2026).
Baca juga: Kekasih Bunuh Pacar di Gresik, Keluarga Korban Curiga Ada Rencana di Baliknya
Dalam pemeriksaan yang dilakukan, menurut Prasetyo, penyidik telah meminta keterangan dari enam orang saksi. Termasuk, telah menerima hasil pemeriksaan medis terkait luka yang dialami oleh korban akibat perbuatan pelaku.




""Hasil visum terhadap korban yaitu beberapa luka kekerasan benda tajam.","Pada Hari Selasa , 6 Oktober 2026 07:16, Tabanan, Tabanan, Bali

GRESIK, KOMPAS.com - Pihak Kepolisian terus mendalami kasus pembunuhan yang terjadi di Desa Randupadangan, Kecamatan Menganti, Gresik, Jawa Timur. Pembunuhan melibatkan sepasang kekasih, berinisial IR (22) dan MF (23).
Kasatreskrim Polres Gresik, AKP Mohammad Prasetyo, mengatakan bahwa pihaknya hingga kini masih terus mengembangkan perkara tersebut untuk memastikan rangkaian kejadian, serta motif yang mendasari.
Hasil pemeriksaan sementara, pembunuhan tersebut diduga masih dilakukan oleh pelaku wanita (IR), seorang diri terhadap MF.""Sampai saat ini kami masih melakukan pengembangan penyidikan. Untuk sementara, pelaku kami duga masih satu orang,"" ujar Prasetyo dalam keterangan tertulis, Selasa (6/10/2026).
Baca juga: Kekasih Bunuh Pacar di Gresik, Keluarga Korban Curiga Ada Rencana di Baliknya
Dalam pemeriksaan yang dilakukan, menurut Prasetyo, penyidik telah meminta keterangan dari enam orang saksi. Termasuk, telah menerima hasil pemeriksaan medis terkait luka yang dialami oleh korban akibat perbuatan pelaku.




""Hasil visum terhadap korban yaitu beberapa luka kekerasan benda tajam. Di antaranya, tiga buah luka iris di kepala dan satu luka bacok,” ungkapnya.
Sementara terkait motif, pihak Kepolisian menduga perkara dipicu persoalan kecemburuan yang terjadi antara korban dengan pelaku.
Namun, pendalaman masih dilakukan dengan mencocokkan keterangan dari para saksi, hasil visum, barang bukti, serta fakta-fakta yang ditemukan selama proses penyidikan berlangsung.
""Kami masih melakukan pendalaman dan pengembangan penyidikan,” kata Prasetyo.
Baca juga: Usai Bunuh Tunangannya di Gresik, Perempuan Ini Hubungi Call Center 110 untuk Laporkan Diri Sendiri
Sebelumnya, kuasa hukum keluarga korban, Suwari, mengatakan bahwa ada bagian rangkaian kejadian yang perlu diungkap oleh pihak penyidik Kepolisian. Termasuk, kemungkinan ada pihak lain yang membantu pelaku dalam merencanakan aksinya.""Apa ada keterlibatan pihak lain atau apa ada pembahasan skenario di belakangnya? Kita belum tahu,"" ujar Suwari.
Suwari lantas mempertanyakan alasan kedatangan pelaku ke tempat kerja korban sebelum kejadian. Kemudian, tega menghabisi nyawa korban, yang tidak lain merupakan kekasihnya sendiri.
""Kenapa tiba-tiba dia (pelaku) malam-malam mendatangi ke tempat korban. Ya, itu yang saya agak enggak habis pikir,"" katanya.

Baca juga: Setelah Bunuh Kekasih, Wanita di Gresik Hubungi Nomor Layanan Darurat Kepolisian
Suwari juga menjelaskan bahwa antara pelaku dengan korban masih hanya sebatas berpacaran dan belum sampai bertunangan. Keduanya diperkirakan sudah menjalin hubungan sekitar satu tahun.
IR maupun MF sama-sama warga Surabaya, dengan pembunuhan terjadi di tempat kerja MF di toko bangunan Al Inayah yang berada di Desa Randupadangan, Sabtu (3/10/2026).
Usai membunuh, pelaku IR lantas menghubungi nomor kontak layanan darurat Kepolisian.
""Berawal dari telepon 110 yang dilakukan oleh pelaku perempuan terhadap korban, kemudian kami melakukan pengecekan terkait lokasi penelepon, yang berlokasi di Desa Randupadangan. Perbatasan dengan Kecamatan Benowo, Surabaya,"" ujar Kapolsek Menganti, AKP Arif Rahman.
""Tersangka sudah kami amankan. Untuk motif sementara, (dikarenakan) cemburu,"" kata Arif.
Baca juga: Pengakuan Wanita di Gresik Bunuh Bos Toko Bangunan karena Cemburu, Sempat Coba Bunuh Diri Lalu Telepon 110




  

    
        Bayangkan seorang anak Indonesia bercita-cita menjadi dokter tetapi hanya memiliki satu buku lusuh untuk belajar. Bersama Ekspedisi Kata ke Nyata Kompas.com, Anda bisa membantu mengubah kisah itu. Mari hadirkan akses literasi bagi anak-anak di berbagai pelosok Indonesia melalui donasi lewat tautan https://bit.ly/JagatLiterasi2026. Setiap kebaikan yang Anda berikan bukan hanya membuka jendela pengetahuan, tetapi juga membuka masa depan mereka.",Kompas.com,"Dajan Peken, 82114, Tabanan, Tabanan, Bali, Indonesia",-8.536609490935,115.13552944186335,5,"2, 7","kejaksaan, kejatibali, kejaritabanan, tabanan, news"
Wali Kota Makassar Munafri Arifuddin Keluar dari Golkar Tolak Kursi Plt Ketua DPD II,2026-10-05T08:18:00.000Z,"Kabupaten Tabanan, Bali, Indonesia","Wali Kota Makassar Munafri Arifuddin Keluar dari Golkar, Tolak Kursi Plt Ketua DPD II - Kompas.com","MAKASSAR, KOMPAS.com - Wali Kota Makassar Munafri Arifuddin mengundurkan diri sebagai kader Partai Golkar.
Pernyataan itu ia tuangkan dalam surat bertanggal Makassar, Senin (5/10/2026), yang ditujukan kepada Ketua DPD Partai Golkar Provinsi Sulawesi Selatan Ilham Arief Sirajuddin.Munafri menulis bahwa keputusan mundur diambil dengan penuh pertimbangan dan pikiran yang jernih.
Ia menyebut Partai Golkar sebagai rumah yang menempa perjalanan politiknya.
""Partai Golkar adalah rumah tempat saya ditempa. Di bawah rindang beringin, saya belajar bahwa politik adalah jalan pengabdian dan bahwa karya selalu lebih nyaring daripada kata,"" tulis Munafri dilansir dari TribunTimur, Senin.
Baca juga: Kasus Dugaan Jual Beli Jabatan Kepala Sekolah di Makassar, Munafri Minta Semua Nama Dikonfrontasi




Munafri Ucapkan Terima Kasih ke Golkar
Munafri berterima kasih kepada para senior, jajaran pengurus, dan seluruh kader Golkar atas kepercayaan, bimbingan, dan persaudaraan yang ia terima.
Ia lalu menyebut setiap perjalanan memiliki persimpangan yang harus dijalani.
""Atas setiap kepercayaan, bimbingan, dan persaudaraan yang saya terima, saya menghaturkan terima kasih yang setulus-tulusnya kepada para senior, jajaran pengurus, dan segenap kader,"" kata Munafri.""Namun, setiap perjalanan mengenal persimpangan.","Setelah menimbang dengan saksama, dengan ini saya menyatakan mengundurkan diri sebagai kader Partai Golkar, terhitung sejak tanggal surat ini,"" tambahnya.
Selain mundur dari keanggotaan, Munafri menolak diangkat sebagai Pelaksana Tugas (Plt) Ketua DPD II Partai Golkar Kota Makassar.Munafri menegaskan keputusan itu ia ambil dengan ikhlas dan tanpa ganjalan di hati. 
Menurutnya, pengunduran diri sebagai kader tidak memutus hubungan persaudaraan.
""Saya pamit sebagai kader, tetapi tidak sebagai kawan dan saudara,"" imbuhnya.
Baca juga: Wali Kota Munafri Lantik 369 Kepala Sekolah di Makassar, Tegaskan Larangan Titip-Menitip saat SPMB
Munafri Minta Silaturahmi Tetap Dijaga
Munafri berjanji tetap menjaga silaturahmi dengan keluarga besar Partai Golkar. 
Ia juga berharap masih bisa berkontribusi untuk masyarakat, bangsa, dan negara.
""Silaturahmi akan tetap saya jaga, sebab pengabdian kepada masyarakat, bangsa dan negara adalah tujuan kita bersama,"" tulisnya.
Menutup surat pengunduran dirinya, Munafri memohon maaf jika selama menjadi kader Golkar terdapat tutur kata atau perilakunya yang kurang berkenan.
Baca juga: Resmi Jadi Wali Kota Makassar, Munafri Arifuddin Siap Maksimalkan Potensi Kota




  

    
        Bayangkan seorang anak Indonesia bercita-cita menjadi dokter tetapi hanya memiliki satu buku lusuh untuk belajar. Bersama Ekspedisi Kata ke Nyata Kompas.com, Anda bisa membantu mengubah kisah itu.","Pada Hari Senin , 5 Oktober 2026 08:18, Tabanan, Tabanan, Bali

MAKASSAR, KOMPAS.com - Wali Kota Makassar Munafri Arifuddin mengundurkan diri sebagai kader Partai Golkar.
Pernyataan itu ia tuangkan dalam surat bertanggal Makassar, Senin (5/10/2026), yang ditujukan kepada Ketua DPD Partai Golkar Provinsi Sulawesi Selatan Ilham Arief Sirajuddin.Munafri menulis bahwa keputusan mundur diambil dengan penuh pertimbangan dan pikiran yang jernih.
Ia menyebut Partai Golkar sebagai rumah yang menempa perjalanan politiknya.
""Partai Golkar adalah rumah tempat saya ditempa. Di bawah rindang beringin, saya belajar bahwa politik adalah jalan pengabdian dan bahwa karya selalu lebih nyaring daripada kata,"" tulis Munafri dilansir dari TribunTimur, Senin.
Baca juga: Kasus Dugaan Jual Beli Jabatan Kepala Sekolah di Makassar, Munafri Minta Semua Nama Dikonfrontasi




Munafri Ucapkan Terima Kasih ke Golkar
Munafri berterima kasih kepada para senior, jajaran pengurus, dan seluruh kader Golkar atas kepercayaan, bimbingan, dan persaudaraan yang ia terima.
Ia lalu menyebut setiap perjalanan memiliki persimpangan yang harus dijalani.
""Atas setiap kepercayaan, bimbingan, dan persaudaraan yang saya terima, saya menghaturkan terima kasih yang setulus-tulusnya kepada para senior, jajaran pengurus, dan segenap kader,"" kata Munafri.""Namun, setiap perjalanan mengenal persimpangan. Setelah menimbang dengan saksama, dengan ini saya menyatakan mengundurkan diri sebagai kader Partai Golkar, terhitung sejak tanggal surat ini,"" tambahnya.
Selain mundur dari keanggotaan, Munafri menolak diangkat sebagai Pelaksana Tugas (Plt) Ketua DPD II Partai Golkar Kota Makassar.Munafri menegaskan keputusan itu ia ambil dengan ikhlas dan tanpa ganjalan di hati. 
Menurutnya, pengunduran diri sebagai kader tidak memutus hubungan persaudaraan.
""Saya pamit sebagai kader, tetapi tidak sebagai kawan dan saudara,"" imbuhnya.
Baca juga: Wali Kota Munafri Lantik 369 Kepala Sekolah di Makassar, Tegaskan Larangan Titip-Menitip saat SPMB
Munafri Minta Silaturahmi Tetap Dijaga
Munafri berjanji tetap menjaga silaturahmi dengan keluarga besar Partai Golkar. 
Ia juga berharap masih bisa berkontribusi untuk masyarakat, bangsa, dan negara.
""Silaturahmi akan tetap saya jaga, sebab pengabdian kepada masyarakat, bangsa dan negara adalah tujuan kita bersama,"" tulisnya.
Menutup surat pengunduran dirinya, Munafri memohon maaf jika selama menjadi kader Golkar terdapat tutur kata atau perilakunya yang kurang berkenan.
Baca juga: Resmi Jadi Wali Kota Makassar, Munafri Arifuddin Siap Maksimalkan Potensi Kota




  

    
        Bayangkan seorang anak Indonesia bercita-cita menjadi dokter tetapi hanya memiliki satu buku lusuh untuk belajar. Bersama Ekspedisi Kata ke Nyata Kompas.com, Anda bisa membantu mengubah kisah itu. Mari hadirkan akses literasi bagi anak-anak di berbagai pelosok Indonesia melalui donasi lewat tautan https://bit.ly/JagatLiterasi2026. Setiap kebaikan yang Anda berikan bukan hanya membuka jendela pengetahuan, tetapi juga membuka masa depan mereka.",Kompas.com,"Dajan Peken, 82114, Tabanan, Tabanan, Bali, Indonesia",-8.536609490935,115.13552944186335,5,"2, 7","kejaksaan, kejatibali, kejaritabanan, tabanan, news"
Klungkung Siap Jadi Percontohan Pengelolaan Sampah Nasional,2026-10-05T04:32:00.000Z,"Kabupaten Tabanan, Bali, Indonesia",Klungkung Siap Jadi Percontohan Pengelolaan Sampah Nasional - RRI.co.id,"Bupati Satria Sambut Menteri LH di TOSS Center, Klungkung Siap Jadi Percontohan Pengelolaan Sampah Nasional. (Foto: Humas Pemkab Klungkung)
                                                    
                                                                                            
                                                                                                            
                                
                                RRI.CO.ID, Klungkung - Bupati Klungkung, I Made Satria, menerima kunjungan kerja Menteri Lingkungan Hidup Republik Indonesia, Mohammad Jumhur Hidayat, di Tempat Olah Sampah Setempat (TOSS) Center, Desa Kusamba, Kecamatan Dawan pada Sabtu, 03 Oktober 2026.","Kunjungan ini dilakukan untuk memastikan kesiapan serta inisiatif proaktif pemerintah daerah dalam mengimplementasikan sistem pengelolaan sampah mandiri dan berkelanjutan.Dalam peninjauannya, Menteri Mohammad Jumhur Hidayat menyampaikan apresiasi tinggi atas langkah progresif Pemkab Klungkung yang telah membangun kemandirian pengelolaan sampah melalui penerapan konsep ekonomi sirkular (circular economy). Kolaborasi strategis antara pemerintah daerah dan pihak swasta (ketiga) dalam mengoperasikan teknologi pengolahan sampah dinilai sebagai terobosan nyata.“Jadi, saya sangat mengapresiasi langkah positif yang telah dilakukan Pemkab Klungkung dalam menangani sampah dengan teknologi pirolisis.","Pada Hari Senin , 5 Oktober 2026 04:32, Tabanan, Tabanan, Bali

Bupati Satria Sambut Menteri LH di TOSS Center, Klungkung Siap Jadi Percontohan Pengelolaan Sampah Nasional. (Foto: Humas Pemkab Klungkung)
                                                    
                                                                                            
                                                                                                            
                                
                                RRI.CO.ID, Klungkung - Bupati Klungkung, I Made Satria, menerima kunjungan kerja Menteri Lingkungan Hidup Republik Indonesia, Mohammad Jumhur Hidayat, di Tempat Olah Sampah Setempat (TOSS) Center, Desa Kusamba, Kecamatan Dawan pada Sabtu, 03 Oktober 2026. Kunjungan ini dilakukan untuk memastikan kesiapan serta inisiatif proaktif pemerintah daerah dalam mengimplementasikan sistem pengelolaan sampah mandiri dan berkelanjutan.Dalam peninjauannya, Menteri Mohammad Jumhur Hidayat menyampaikan apresiasi tinggi atas langkah progresif Pemkab Klungkung yang telah membangun kemandirian pengelolaan sampah melalui penerapan konsep ekonomi sirkular (circular economy). Kolaborasi strategis antara pemerintah daerah dan pihak swasta (ketiga) dalam mengoperasikan teknologi pengolahan sampah dinilai sebagai terobosan nyata.“Jadi, saya sangat mengapresiasi langkah positif yang telah dilakukan Pemkab Klungkung dalam menangani sampah dengan teknologi pirolisis. Upaya ini sungguh luar biasa; semoga ke depannya berhasil dan tentunya terus berkelanjutan,” ujar Menteri Jumhur Hidayat.Ia juga menegaskan komitmen pemerintah pusat untuk menduplikasi model inovatif ini ke berbagai daerah di Indonesia. “Jika pengelolaan teknologi pirolisis ini berhasil, saya akan duplikasikan ke daerah-daerah lainnya. Mungkin tidak hanya di Bali, tetapi kabupaten dan provinsi lain juga dapat memanfaatkan model pengelolaan sampah ini secara maksimal,” tambahnya.Menanggapi apresiasi tersebut, Bupati Satria menyampaikan rasa bangga sekaligus menyambut hangat kunjungan Menteri Lingkungan Hidup RI ke Kabupaten Klungkung. Bupati Satria menegaskan bahwa keberhasilan pengelolaan sampah berbasis teknologi pirolisis di TOSS Center Kusamba merupakan wujud komitmen nyata daerah dalam menghadirkan solusi jangka panjang terhadap persoalan lingkungan.“Kami di jajaran Pemerintah Kabupaten Klungkung merasa sangat bangga dan berterima kasih atas kunjungan serta perhatian langsung Bapak Menteri Lingkungan Hidup ke TOSS Center Kusamba. Penanganan sampah bukan lagi sekadar tantangan daerah, melainkan tanggung jawab bersama demi kelestarian masa depan.Bupati juga menambahkan bahwa akselerasi dan optimalisasi teknologi pirolisis ini sangat membutuhkan dukungan berkelanjutan dari pemerintah pusat, baik dari sisi kebijakan, penguatan kapasitas, maupun fasilitasi sarana prasarana pendukung. “Melalui momentum kunjungan ini, kami berharap Bapak Menteri dapat terus memberikan bimbingan dan intervensi pusat, sehingga pengelolaan sampah di Klungkung benar-benar berjalan maksimal, mandiri, dan dapat menjadi inspirasi bagi daerah lain di Indonesia,” pungkasnya. 


                                
                                
                                
                                
                                
                                            
                                        
                                                                    

                                


                                
                                                                    
                                    
                                
                                                                                                                                                                                
                            
                            
                                                                        
                                                                
                                    
                                        
                                            Berita
                                        
                                    
                                    Terbaru Lainnya
                                
                                
                            
                            
                                    
                                    
                                        Memuat berita terbaru.....",RRI.co.id,"Dajan Peken, 82114, Tabanan, Tabanan, Bali, Indonesia",-8.536609490935,115.13552944186335,5,"2, 7","kejaksaan, kejatibali, kejaritabanan, tabanan, news"
Kodim Klungkung Gelar Upacara HUT ke81 TNI,2026-10-06T05:17:00.000Z,"Kabupaten Tabanan, Bali, Indonesia",Kodim Klungkung Gelar Upacara HUT ke-81 TNI - RRI.co.id,"Danramil 1610-04/Nusa Penida Mayor Inf Suparno Hadi saat memimpin upacara peringatan HUT ke-81 TNI di Makodim 1610/Klungkung.(Foto:Pendim1610/Klungkung)
                                                    
                                                                                            
                                                                                                            
                                
                                RRI.CO.ID, Klungkung - Kodim 1610/Klungkung menggelar upacara peringatan HUT ke-81 Tentara Nasional Indonesia Tahun 2026 di Lapangan Makodim 1610/Klungkung, Senin, 5 Oktober 2026. Upacara berlangsung khidmat dan diikuti seluruh personel militer serta PNS Kodim 1610/Klungkung.Upacara mengusung tema “TNI Kuat Bersama Rakyat, Indonesia Berdaulat, Adil dan Makmur” dan dipimpin Danramil 1610-04/Nusa Penida Mayor Inf Suparno Hadi.","Dalam kegiatan tersebut, Suparno Hadi juga membacakan amanat Panglima TNI Jenderal TNI Agus Subiyanto.Dalam amanatnya, Panglima TNI mengapresiasi semangat, dedikasi dan loyalitas prajurit dalam menjalankan tugas di tengah perkembangan lingkungan strategis global, regional dan nasional. Prajurit juga diminta meningkatkan keimanan dan ketakwaan serta memegang teguh Sapta Marga, Sumpah Prajurit dan 8 Wajib TNI.Panglima TNI mengingatkan seluruh prajurit untuk mengikuti perkembangan lingkungan strategis dan meningkatkan kewaspadaan terhadap berbagai ancaman di wilayah masing-masing.","Pada Hari Selasa , 6 Oktober 2026 05:17, Tabanan, Tabanan, Bali

Danramil 1610-04/Nusa Penida Mayor Inf Suparno Hadi saat memimpin upacara peringatan HUT ke-81 TNI di Makodim 1610/Klungkung.(Foto:Pendim1610/Klungkung)
                                                    
                                                                                            
                                                                                                            
                                
                                RRI.CO.ID, Klungkung - Kodim 1610/Klungkung menggelar upacara peringatan HUT ke-81 Tentara Nasional Indonesia Tahun 2026 di Lapangan Makodim 1610/Klungkung, Senin, 5 Oktober 2026. Upacara berlangsung khidmat dan diikuti seluruh personel militer serta PNS Kodim 1610/Klungkung.Upacara mengusung tema “TNI Kuat Bersama Rakyat, Indonesia Berdaulat, Adil dan Makmur” dan dipimpin Danramil 1610-04/Nusa Penida Mayor Inf Suparno Hadi. Dalam kegiatan tersebut, Suparno Hadi juga membacakan amanat Panglima TNI Jenderal TNI Agus Subiyanto.Dalam amanatnya, Panglima TNI mengapresiasi semangat, dedikasi dan loyalitas prajurit dalam menjalankan tugas di tengah perkembangan lingkungan strategis global, regional dan nasional. Prajurit juga diminta meningkatkan keimanan dan ketakwaan serta memegang teguh Sapta Marga, Sumpah Prajurit dan 8 Wajib TNI.Panglima TNI mengingatkan seluruh prajurit untuk mengikuti perkembangan lingkungan strategis dan meningkatkan kewaspadaan terhadap berbagai ancaman di wilayah masing-masing. Prajurit juga diminta bijak menyikapi informasi serta tidak mudah terpengaruh berita yang beredar di media sosial.“Setiap prajurit TNI harus terus menjadi pionir dalam membangun kinerja TNI yang Profesional, Responsif, Integratif, Modern dan Adaptif, di tengah perubahan lingkungan yang strategis dan dinamis,” demikian amanat Panglima TNI yang dibacakan Mayor Inf Suparno Hadi.Sementara itu, Mayor Inf Suparno Hadi mengatakan peringatan HUT ke-81 TNI harus menjadi motivasi bagi seluruh prajurit Kodim 1610/Klungkung untuk semakin profesional, disiplin dan dicintai rakyat. Menurutnya, peringatan tersebut bukan sekadar seremonial, tetapi momentum memperkuat komitmen TNI sebagai alat pertahanan negara.“Jaga kekompakan dan sinergitas dengan seluruh komponen bangsa dan kemanunggalan TNI dengan rakyat. Bersama rakyat, TNI kuat,” tegasnya.Peringatan HUT ke-81 TNI di Kodim 1610/Klungkung diharapkan memperkuat profesionalisme, kedisiplinan dan sinergitas prajurit dengan seluruh komponen bangsa. Semangat kemanunggalan TNI dan rakyat menjadi bagian penting dalam menjalankan tugas menjaga kedaulatan serta keutuhan Negara Kesatuan Republik Indonesia. 


                                
                                
                                
                                
                                
                                            
                                        
                                                                    

                                


                                
                                                                    
                                    
                                
                                                                                                                                                                                
                            
                            
                                                                        
                                                                
                                    
                                        
                                            Berita
                                        
                                    
                                    Terbaru Lainnya
                                
                                
                            
                            
                                    
                                    
                                        Memuat berita terbaru.....",RRI.co.id,"Dajan Peken, 82114, Tabanan, Tabanan, Bali, Indonesia",-8.536609490935,115.13552944186335,5,"2, 7","kejaksaan, kejatibali, kejaritabanan, tabanan, news"
Polsek Tegallalang Beri Kejutan HUT ke81 TNI di Koramil,2026-10-06T05:20:00.000Z,"Kabupaten Tabanan, Bali, Indonesia",Polsek Tegallalang Beri Kejutan HUT ke-81 TNI di Koramil - RRI.co.id,"Sinergitas TNI-Polri, Polsek Tegallalang Beri Kejutan HUT ke-81 TNI di Koramil (Foto: Pendim 1616/Gianyar)
                                                    
                                                                                            
                                                                                                            
                                
                                RRI.CO.ID, Gianyar - Jajaran Polsek Tegallalang bersama Camat Tegallalang memberikan kejutan peringatan Hari Ulang Tahun (HUT) ke-81 TNI di Mako Koramil 1616-06/Tegallalang, Gianyar, pada Senin, 5 Oktober 2026. Rombongan yang dipimpin Kapolsek Tegallalang AKP I Ketut Wiwin Wirahadi mendatangi Mako Koramil dengan membawa tumpeng diiringi lagu Selamat Ulang Tahun.Kedatangan rombongan disambut langsung oleh Danramil 1616-06/Tegallalang Kapten Inf Cok Agung Semadi bersama jajaran.","Rangkaian perayaan diisi dengan prosesi pemotongan tumpeng, tiup lilin, dan ramah tamah sebagai bentuk kebersamaan serta penguatan sinergitas antar instansi di Kecamatan Tegallalang.Kapolsek Tegallalang, AKP I Ketut Wiwin Wirahadi, menyampaikan ucapan selamat sekaligus harapannya agar hubungan kerja sama TNI-Polri semakin solid. ""TNI Kuat Bersama Rakyat, Indonesia Berdaulat, Adil dan Makmur.","Pada Hari Selasa , 6 Oktober 2026 05:20, Tabanan, Tabanan, Bali

Sinergitas TNI-Polri, Polsek Tegallalang Beri Kejutan HUT ke-81 TNI di Koramil (Foto: Pendim 1616/Gianyar)
                                                    
                                                                                            
                                                                                                            
                                
                                RRI.CO.ID, Gianyar - Jajaran Polsek Tegallalang bersama Camat Tegallalang memberikan kejutan peringatan Hari Ulang Tahun (HUT) ke-81 TNI di Mako Koramil 1616-06/Tegallalang, Gianyar, pada Senin, 5 Oktober 2026. Rombongan yang dipimpin Kapolsek Tegallalang AKP I Ketut Wiwin Wirahadi mendatangi Mako Koramil dengan membawa tumpeng diiringi lagu Selamat Ulang Tahun.Kedatangan rombongan disambut langsung oleh Danramil 1616-06/Tegallalang Kapten Inf Cok Agung Semadi bersama jajaran. Rangkaian perayaan diisi dengan prosesi pemotongan tumpeng, tiup lilin, dan ramah tamah sebagai bentuk kebersamaan serta penguatan sinergitas antar instansi di Kecamatan Tegallalang.Kapolsek Tegallalang, AKP I Ketut Wiwin Wirahadi, menyampaikan ucapan selamat sekaligus harapannya agar hubungan kerja sama TNI-Polri semakin solid. ""TNI Kuat Bersama Rakyat, Indonesia Berdaulat, Adil dan Makmur. Semoga TNI semakin jaya, solid, dan selalu dicintai masyarakat serta sinergitas TNI-Polri semakin kuat dalam menjalankan tugas pengabdian kepada masyarakat,"" ujar AKP I Ketut Wiwin Wirahadi.Sementara itu, Danramil 1616-06/Tegallalang, Kapten Inf Cok Agung Semadi, menyampaikan apresiasi dan terima kasih atas perhatian yang diberikan jajaran Polsek serta Pemerintah Kecamatan Tegallalang. ""Kami mengucapkan terima kasih dan apresiasi kepada Kapolsek beserta jajaran dan Camat Tegallalang atas kejutan ini. Kebersamaan ini menjadi bagian penting dalam memelihara sinergitas yang telah terjalin, khususnya dalam menjaga situasi keamanan wilayah Tegallalang agar tetap kondusif,"" kata Kapten Inf Cok Agung Semadi. 


                                
                                
                                
                                
                                
                                            
                                        
                                                                    

                                


                                
                                                                    
                                    
                                
                                                                                                                                                                                
                            
                            
                                                                        
                                                                
                                    
                                        
                                            Berita
                                        
                                    
                                    Terbaru Lainnya
                                
                                
                            
                            
                                    
                                    
                                        Memuat berita terbaru.....",RRI.co.id,"Dajan Peken, 82114, Tabanan, Tabanan, Bali, Indonesia",-8.536609490935,115.13552944186335,5,"2, 7","kejaksaan, kejatibali, kejaritabanan, tabanan, news"
Tingkatkan Keamanan Wisatawan Polres Gianyar Gelar Patroli di DTW Gunung Kawi,2026-10-05T06:14:00.000Z,"Kabupaten Tabanan, Bali, Indonesia","Tingkatkan Keamanan Wisatawan, Polres Gianyar Gelar Patroli di DTW Gunung Kawi - RRI.co.id","Tingkatkan Keamanan Wisatawan, Polres Gianyar Gelar Patroli di DTW Gunung Kawi (Foto: Polres Gianyar)
                                                    
                                                                                            
                                                                                                            
                                
                                RRI.CO.ID, Gianyar - Satuan Pengamanan Objek Vital (Sat Pamobvit) Polres Gianyar menggelar pengamanan dan patroli jalan kaki di kawasan Daya Tarik Wisata (DTW) Gunung Kawi, Tampaksiring, Gianyar, pada Senin, 5 Oktober 2026. Kegiatan tersebut bertujuan untuk mengantisipasi potensi kejahatan C3 (curas, curat, dan curanmor) serta memberikan rasa aman bagi para wisatawan.Dalam kegiatan tersebut, sebanyak 3 personel Sat Pamobvit juga berkoordinasi dengan pengelola objek wisata serta menyosialisasikan layanan Call Center 110 Polri kepada pelaku pariwisata, pemandu wisata, dan pengemudi di kawasan setempat agar dapat merespons cepat jika timbul gangguan keamanan.","Kasat Pamobvit Polres Gianyar, AKP I Made Mulata, menyampaikan bahwa pengamanan di objek wisata merupakan bentuk komitmen Polri dalam menjaga kenyamanan dan keselamatan para pelancong yang berkunjung ke Gianyar.""Pengamanan dan patroli di kawasan objek wisata ini kami laksanakan untuk memastikan situasi tetap aman dan kondusif, sehingga wisatawan dapat menikmati kunjungannya dengan nyaman. Kami juga mengajak seluruh pelaku pariwisata dan masyarakat untuk bersama-sama menjaga keamanan serta memberikan pelayanan yang baik kepada wisatawan,"" ujar AKP I Made Mulata.Ia berharap sinergi yang terjalin antara kepolisian, pengelola objek wisata, dan masyarakat sekitar dapat terus terpelihara demi menjaga citra positif pariwisata Bali di mata dunia.","Pada Hari Senin , 5 Oktober 2026 06:14, Tabanan, Tabanan, Bali

Tingkatkan Keamanan Wisatawan, Polres Gianyar Gelar Patroli di DTW Gunung Kawi (Foto: Polres Gianyar)
                                                    
                                                                                            
                                                                                                            
                                
                                RRI.CO.ID, Gianyar - Satuan Pengamanan Objek Vital (Sat Pamobvit) Polres Gianyar menggelar pengamanan dan patroli jalan kaki di kawasan Daya Tarik Wisata (DTW) Gunung Kawi, Tampaksiring, Gianyar, pada Senin, 5 Oktober 2026. Kegiatan tersebut bertujuan untuk mengantisipasi potensi kejahatan C3 (curas, curat, dan curanmor) serta memberikan rasa aman bagi para wisatawan.Dalam kegiatan tersebut, sebanyak 3 personel Sat Pamobvit juga berkoordinasi dengan pengelola objek wisata serta menyosialisasikan layanan Call Center 110 Polri kepada pelaku pariwisata, pemandu wisata, dan pengemudi di kawasan setempat agar dapat merespons cepat jika timbul gangguan keamanan. Kasat Pamobvit Polres Gianyar, AKP I Made Mulata, menyampaikan bahwa pengamanan di objek wisata merupakan bentuk komitmen Polri dalam menjaga kenyamanan dan keselamatan para pelancong yang berkunjung ke Gianyar.""Pengamanan dan patroli di kawasan objek wisata ini kami laksanakan untuk memastikan situasi tetap aman dan kondusif, sehingga wisatawan dapat menikmati kunjungannya dengan nyaman. Kami juga mengajak seluruh pelaku pariwisata dan masyarakat untuk bersama-sama menjaga keamanan serta memberikan pelayanan yang baik kepada wisatawan,"" ujar AKP I Made Mulata.Ia berharap sinergi yang terjalin antara kepolisian, pengelola objek wisata, dan masyarakat sekitar dapat terus terpelihara demi menjaga citra positif pariwisata Bali di mata dunia. ""Kami berharap melalui sinergi antara kepolisian, pengelola objek wisata, pelaku pariwisata, dan masyarakat, keamanan pariwisata di Kabupaten Gianyar dapat terus terjaga. Dengan demikian, wisatawan dapat merasa aman dan nyaman selama berkunjung, sekaligus turut menjaga citra positif pariwisata Bali,"" tambahnya. 


                                
                                
                                
                                
                                
                                            
                                        
                                                                    

                                


                                
                                                                    
                                    
                                
                                                                                                                                                                                
                            
                            
                                                                        
                                                                
                                    
                                        
                                            Berita
                                        
                                    
                                    Terbaru Lainnya
                                
                                
                            
                            
                                    
                                    
                                        Memuat berita terbaru.....",RRI.co.id,"Dajan Peken, 82114, Tabanan, Tabanan, Bali, Indonesia",-8.536609490935,115.13552944186335,5,"2, 7","kejaksaan, kejatibali, kejaritabanan, tabanan, news"
Lampaui Target Nasional Inflasi Bali Capai 379 Persen pada September 2026,2026-10-05T01:42:00.000Z,"Kabupaten Tabanan, Bali, Indonesia","Lampaui Target Nasional, Inflasi Bali Capai 3,79 Persen pada September 2026 - RRI.co.id","Regional
                                                
                                            
                                                                            
                                    
                                    
                                        
                                            05 Okt 2026 08:42
                                            WIB
                                        
                                        
                                             Singaraja
                                        
                                    
                                    
                                                                                                                                
                                                                                
                                        
                                            
                                                Editor -
                                                Santi Mulyawati
                                            
                                        
                                    
                                

                                                                                                            
                                                
                                                                                                            Poin Utama
                                                                                                    
                                                
                                                                                                            
                                                            Inflasi tahunan Bali pada September 2026 mencapai 3,79 persen, melampaui batas atas target nasional sebesar 3,5 persen (2,5 persen plus minus 1 persen).
                                                        
                                                                                                            
                                                            Kepala BPS Provinsi Bali Agus Gede Hendrayana Hermawan mengumumkan lonjakan inflasi ini didorong oleh kenaikan harga kelompok pengeluaran pokok, terutama makanan, minuman, dan transportasi.
                                                        
                                                                                                    
                                            
                                                                                                    

                                

                                                                                                            
                                        
                                                                                    
                                                
                                                    
                                                

                                                                                                    
                                                        Badan Pusat Statistik (BPS) Provinsi Bali mencatat inflasi tahunan (year-on-year) mencapai 3,79 persen pada September 2026. Angka ini melampaui batas atas rentang sasaran inflasi nasional yang ditetapkan pemerintah sebesar 2,5 persen plus minus 1 persen.","(Foto: Dok. Kementerian Pariwisata).
                                                    
                                                                                            
                                                                                                            
                                
                                RRI.CO.ID, Singaraja - Badan Pusat Statistik (BPS) Provinsi Bali mencatat inflasi tahunan (year-on-year) mencapai 3,79 persen pada September 2026.","Pada Hari Senin , 5 Oktober 2026 01:42, Tabanan, Tabanan, Bali

Regional
                                                
                                            
                                                                            
                                    
                                    
                                        
                                            05 Okt 2026 08:42
                                            WIB
                                        
                                        
                                             Singaraja
                                        
                                    
                                    
                                                                                                                                
                                                                                
                                        
                                            
                                                Editor -
                                                Santi Mulyawati
                                            
                                        
                                    
                                

                                                                                                            
                                                
                                                                                                            Poin Utama
                                                                                                    
                                                
                                                                                                            
                                                            Inflasi tahunan Bali pada September 2026 mencapai 3,79 persen, melampaui batas atas target nasional sebesar 3,5 persen (2,5 persen plus minus 1 persen).
                                                        
                                                                                                            
                                                            Kepala BPS Provinsi Bali Agus Gede Hendrayana Hermawan mengumumkan lonjakan inflasi ini didorong oleh kenaikan harga kelompok pengeluaran pokok, terutama makanan, minuman, dan transportasi.
                                                        
                                                                                                    
                                            
                                                                                                    

                                

                                                                                                            
                                        
                                                                                    
                                                
                                                    
                                                

                                                                                                    
                                                        Badan Pusat Statistik (BPS) Provinsi Bali mencatat inflasi tahunan (year-on-year) mencapai 3,79 persen pada September 2026. Angka ini melampaui batas atas rentang sasaran inflasi nasional yang ditetapkan pemerintah sebesar 2,5 persen plus minus 1 persen. (Foto: Dok. Kementerian Pariwisata).
                                                    
                                                                                            
                                                                                                            
                                
                                RRI.CO.ID, Singaraja - Badan Pusat Statistik (BPS) Provinsi Bali mencatat inflasi tahunan (year-on-year) mencapai 3,79 persen pada September 2026. Angka ini melampaui batas atas rentang sasaran inflasi nasional yang ditetapkan pemerintah sebesar 2,5 persen plus minus 1 persen.Kepala BPS Provinsi Bali, Agus Gede Hendrayana Hermawan, dalam rilis Berita Resmi Statistik di Denpasar, Kamis, 1 Oktober 2026, menyatakan bahwa lonjakan inflasi tahunan ini didorong oleh kenaikan harga pada sejumlah kelompok pengeluaran pokok, terutama makanan, minuman, dan transportasi.""Ini yang kedua kalinya (melampaui target). Di bulan Februari yang lalu juga sempat melampaui 3,5 persen akibat pengaruh kenaikan harga BBM. Untuk bulan September ini, pendorong utamanya adalah bensin, cabai rawit, dan daging ayam ras,"" ungkap Agus.Berdasarkan data BPS Bali, secara year on year, komoditas bensin menyumbang andil inflasi terbesar yakni 0,42 persen dengan tingkat inflasi mencapai 8 persen secara tahunan. Sementara itu, komoditas cabai rawit mencatatkan lonjakan harga paling ekstrem dengan inflasi mencapai 76,48 persen (andil 0,23 persen), disusul daging ayam ras yang mengalami inflasi 6,64 persen (andil 0,19 persen).Tingginya harga daging ayam ras di pasaran dipicu oleh peningkatan biaya produksi di tingkat peternak, khususnya harga pakan. Sedangkan meroketnya harga cabai rawit disebabkan oleh faktor cuaca musim kemarau dan serangan Organisme Pengganggu Tanaman (OPT) yang menggerus ketersediaan pasokan di tengah permintaan yang stabil.Sementara itu, secara bulanan (month-to-month), inflasi Bali pada September 2026 tercatat sebesar 0,32 persen. Meski angkanya berada di bawah 0,5 persen, BPS Bali menilai inflasi bulanan ini tergolong tinggi jika dibandingkan tren historis pada bulan yang sama di tahun-tahun sebelumnya, di mana pada September 2025 Bali justru mengalami deflasi 0,01 persen.Dari empat wilayah Indeks Harga Konsumen (IHK) di Bali, tiga di antaranya mencatatkan inflasi tahunan di atas target sasaran nasional. Kabupaten Tabanan mencatat inflasi tertinggi sebesar 4,54 persen, disusul Kabupaten Badung (3,95 persen), dan Kota Singaraja (3,87 persen). Hanya Kota Denpasar yang masih berada dalam batas aman dengan inflasi 3,42 persen. 


                                
                                
                                
                                
                                
                                            
                                        
                                                                    

                                


                                
                                                                    
                                    
                                
                                                                                                                                                                                
                            
                            
                                                                        
                                                                
                                    
                                        
                                            Berita
                                        
                                    
                                    Terbaru Lainnya
                                
                                
                            
                            
                                    
                                    
                                        Memuat berita terbaru.....",RRI.co.id,"Dajan Peken, 82114, Tabanan, Tabanan, Bali, Indonesia",-8.536609490935,115.13552944186335,5,"2, 7","kejaksaan, kejatibali, kejaritabanan, tabanan, news"
Siswa Sekolah Rakyat Terintegrasi Mamuju Diduga Dikeroyok 8 Kakak Kelas Trauma Tak Mau Sekolah,2026-10-06T12:02:00.000Z,"Kabupaten Tabanan, Bali, Indonesia","Siswa Sekolah Rakyat Terintegrasi Mamuju Diduga Dikeroyok 8 Kakak Kelas, Trauma Tak Mau Sekolah - Kompas.com","MAMUJU, KOMPAS.com - Seorang siswa Sekolah Rakyat Terintegrasi 3 Sulawesi Barat (Sulbar) dikeroyok sekitar delapan siswa lain pada September 2026 di lingkungan sekolah.
Perwakilan keluarga korban, Edo, mengatakan bahwa beberapa pelaku adalah senior korban yang berusia sekitar 13 tahun.Edo menyampaikan, kekerasan terhadap korban bukan pertama kali terjadi. 
Menurutnya, korban telah berulang kali mengalami perundungan atau bullying di sekolah.
""Sekarang tidak mau mi pergi sekolah lagi,"" kata Edo di sekitar Kantor Gubernur Sulbar dikutip dari TribunSulbar, Senin (5/10/2026).
Baca juga: Dugaan Bullying Siswa SD di Pemalang, Sempat Dirawat 9 Hari, Mengeluh Sakit Perut Sebelum Meninggal




Korban Sudah Jalani Visum
Keluarga sudah menyerahkan hasil visum medis kepada pihak sekolah.
Dokumen itu menunjukkan dampak fisik yang dialami korban akibat dugaan pengeroyokan.
Sebelum menempuh jalur hukum, keluarga dan sekolah sempat bermediasi.Keluarga menuntut ganti rugi moril dan materiil sebesar Rp 15 juta, sedangkan sekolah pada awalnya hanya sanggup memberi kompensasi Rp 5 juta.
Mediasi berakhir tanpa kesepakatan karena kedua pihak tidak menemukan jalan tengah.
Keluarga kemudian melaporkan dugaan penganiayaan serta dugaan kelalaian pihak Sekolah Rakyat Terintegrasi 3 Sulbar ke Polresta Mamuju.
Setelah laporan polisi dibuat, sekolah menaikkan tawaran kompensasi menjadi Rp 10 juta. Keluarga menolak dan tetap melanjutkan proses hukum.
Edo menegaskan, langkah itu semata-mata untuk memperjuangkan keadilan bagi korban.
Keluarga juga berharap kasus ini menjadi bahan evaluasi bagi pengelola Sekolah Rakyat agar siswa lain tidak mengalami kejadian serupa di kemudian hari.
Baca juga: Kak Seto Minta Sekolah Pastikan Korban Dugaan Keracunan MBG Karo Aman dari Bullying




  

    
        Bayangkan seorang anak Indonesia bercita-cita menjadi dokter tetapi hanya memiliki satu buku lusuh untuk belajar.","Bersama Ekspedisi Kata ke Nyata Kompas.com, Anda bisa membantu mengubah kisah itu. Mari hadirkan akses literasi bagi anak-anak di berbagai pelosok Indonesia melalui donasi lewat tautan https://bit.ly/JagatLiterasi2026.","Pada Hari Selasa , 6 Oktober 2026 12:02, Tabanan, Tabanan, Bali

MAMUJU, KOMPAS.com - Seorang siswa Sekolah Rakyat Terintegrasi 3 Sulawesi Barat (Sulbar) dikeroyok sekitar delapan siswa lain pada September 2026 di lingkungan sekolah.
Perwakilan keluarga korban, Edo, mengatakan bahwa beberapa pelaku adalah senior korban yang berusia sekitar 13 tahun.Edo menyampaikan, kekerasan terhadap korban bukan pertama kali terjadi. 
Menurutnya, korban telah berulang kali mengalami perundungan atau bullying di sekolah.
""Sekarang tidak mau mi pergi sekolah lagi,"" kata Edo di sekitar Kantor Gubernur Sulbar dikutip dari TribunSulbar, Senin (5/10/2026).
Baca juga: Dugaan Bullying Siswa SD di Pemalang, Sempat Dirawat 9 Hari, Mengeluh Sakit Perut Sebelum Meninggal




Korban Sudah Jalani Visum
Keluarga sudah menyerahkan hasil visum medis kepada pihak sekolah.
Dokumen itu menunjukkan dampak fisik yang dialami korban akibat dugaan pengeroyokan.
Sebelum menempuh jalur hukum, keluarga dan sekolah sempat bermediasi.Keluarga menuntut ganti rugi moril dan materiil sebesar Rp 15 juta, sedangkan sekolah pada awalnya hanya sanggup memberi kompensasi Rp 5 juta.
Mediasi berakhir tanpa kesepakatan karena kedua pihak tidak menemukan jalan tengah.
Keluarga kemudian melaporkan dugaan penganiayaan serta dugaan kelalaian pihak Sekolah Rakyat Terintegrasi 3 Sulbar ke Polresta Mamuju.
Setelah laporan polisi dibuat, sekolah menaikkan tawaran kompensasi menjadi Rp 10 juta. Keluarga menolak dan tetap melanjutkan proses hukum.
Edo menegaskan, langkah itu semata-mata untuk memperjuangkan keadilan bagi korban.
Keluarga juga berharap kasus ini menjadi bahan evaluasi bagi pengelola Sekolah Rakyat agar siswa lain tidak mengalami kejadian serupa di kemudian hari.
Baca juga: Kak Seto Minta Sekolah Pastikan Korban Dugaan Keracunan MBG Karo Aman dari Bullying




  

    
        Bayangkan seorang anak Indonesia bercita-cita menjadi dokter tetapi hanya memiliki satu buku lusuh untuk belajar. Bersama Ekspedisi Kata ke Nyata Kompas.com, Anda bisa membantu mengubah kisah itu. Mari hadirkan akses literasi bagi anak-anak di berbagai pelosok Indonesia melalui donasi lewat tautan https://bit.ly/JagatLiterasi2026. Setiap kebaikan yang Anda berikan bukan hanya membuka jendela pengetahuan, tetapi juga membuka masa depan mereka.",Kompas.com,"Dajan Peken, 82114, Tabanan, Tabanan, Bali, Indonesia",-8.536609490935,115.13552944186335,5,"2, 7","kejaksaan, kejatibali, kejaritabanan, tabanan, news"
40 Ekor Anjing Huni Kandang Liar di Atas Irigasi Malang Warga Protes Akses Sawah Terganggu,2026-10-06T07:30:00.000Z,"Kabupaten Tabanan, Bali, Indonesia","40 Ekor Anjing Huni Kandang Liar di Atas Irigasi Malang, Warga Protes Akses Sawah Terganggu - Kompas.com","KABUPATEN MALANG, KOMPAS.com – Satuan Polisi Pamong Praja (Satpol PP) Kabupaten Malang akan menertibkan bangunan kandang anjing ilegal milik HW alias Dur yang berlokasi di Dusun Suko, Desa Sumberpucung, Kecamatan Sumberpucung, Kabupaten Malang, Jawa Timur.
Keberadaan kandang anjing tersebut menuai protes dari masyarakat setempat karena berdiri di atas saluran irigasi dan jalan usaha tani (JUT), sehingga mengganggu akses mobilitas para petani di wilayah tersebut.
Guna menindaklanjuti keluhan warga, Satpol PP Kabupaten Malang bersama perangkat daerah terkait mendatangi lokasi kandang anjing tersebut pada Senin (5/10/2026). Penertiban ini merupakan buntut dari rapat dengar pendapat umum (RDPU) yang sempat digelar pada pertengahan September 2026 lalu.Baca juga: Kemarau Panjang Bikin Harga Sayuran Melonjak di Malang, Cabai Tembus Rp 75.000
Kepala Satpol PP (Kasatpol PP) Kabupaten Malang, Indra Gunawan, mengonfirmasi bahwa pihaknya telah melakukan penelusuran lapangan dan memberikan imbauan secara langsung kepada pemilik bangunan.
""Kami sudah melakukan penelusuran dan pengecekan, memang ada kandang anjing.","Selanjutnya kami melakukan telaah dan sudah mengimbau pemilik agar melakukan pembongkaran,"" kata Indra saat dikonfirmasi, Senin (5/10/2026).




Tampung 60 Hewan dan Tidak Berizin
Berdasarkan hasil pendataan petugas di lapangan, bangunan liar tersebut menampung puluhan ekor hewan. Indra menyebutkan terdapat sekitar 40 lebih ekor anjing di dalam kandang tersebut.","Pada Hari Selasa , 6 Oktober 2026 07:30, Tabanan, Tabanan, Bali

KABUPATEN MALANG, KOMPAS.com – Satuan Polisi Pamong Praja (Satpol PP) Kabupaten Malang akan menertibkan bangunan kandang anjing ilegal milik HW alias Dur yang berlokasi di Dusun Suko, Desa Sumberpucung, Kecamatan Sumberpucung, Kabupaten Malang, Jawa Timur.
Keberadaan kandang anjing tersebut menuai protes dari masyarakat setempat karena berdiri di atas saluran irigasi dan jalan usaha tani (JUT), sehingga mengganggu akses mobilitas para petani di wilayah tersebut.
Guna menindaklanjuti keluhan warga, Satpol PP Kabupaten Malang bersama perangkat daerah terkait mendatangi lokasi kandang anjing tersebut pada Senin (5/10/2026). Penertiban ini merupakan buntut dari rapat dengar pendapat umum (RDPU) yang sempat digelar pada pertengahan September 2026 lalu.Baca juga: Kemarau Panjang Bikin Harga Sayuran Melonjak di Malang, Cabai Tembus Rp 75.000
Kepala Satpol PP (Kasatpol PP) Kabupaten Malang, Indra Gunawan, mengonfirmasi bahwa pihaknya telah melakukan penelusuran lapangan dan memberikan imbauan secara langsung kepada pemilik bangunan.
""Kami sudah melakukan penelusuran dan pengecekan, memang ada kandang anjing. Selanjutnya kami melakukan telaah dan sudah mengimbau pemilik agar melakukan pembongkaran,"" kata Indra saat dikonfirmasi, Senin (5/10/2026).




Tampung 60 Hewan dan Tidak Berizin
Berdasarkan hasil pendataan petugas di lapangan, bangunan liar tersebut menampung puluhan ekor hewan. Indra menyebutkan terdapat sekitar 40 lebih ekor anjing di dalam kandang tersebut. Selain anjing, pemilik juga memelihara hewan lain seperti kucing dan kelinci.
""Maka jika ditotal keseluruhan ada sekitar 60 hewan di kandang tersebut,"" ujar Indra.
Baca juga: Lahan Tebu di Malang Terbakar, Nyaris Kena Permukiman Warga
Dari hasil penelusuran izin usaha dan tempat pemeliharaan, bangunan kandang anjing milik Dur dipastikan tidak mengantongi perizinan resmi dari Dinas Peternakan dan Kesehatan Hewan Kabupaten Malang, sehingga status bangunan tersebut dipastikan ilegal.Pemilik Menolak Pemindahan Mandiri
Sebelum merencanakan tindakan tegas, Satpol PP Kabupaten Malang sebenarnya telah mengupayakan pendekatan persuasif agar pemilik memindahkan hewan-hewannya secara mandiri. Namun, imbauan tersebut ditolak oleh pemilik, sehingga langkah pembongkaran paksa oleh petugas Satpol PP harus disiapkan.
Proses penertiban ini diakui memakan waktu dan koordinasi ekstra mengingat jumlah hewan pemeliharaan yang cukup banyak di lokasi.
""Kalau mau dibongkar sedangkan jumlah anjingnya banyak ya kami juga bingung. Akhirnya kami juga melibatkan Dinas Peternakan dan Kesehatan Hewan kemudian ada Dinas Pertanian juga,"" tutur Indra.
Baca juga: 4 Tahun Tragedi Kanjuruhan, Warga Malang Kembali Suarakan Keadilan
Mengganggu Aktivitas Pertanian
Ditemui terpisah, Kepala Dinas Tanaman Pangan, Hortikultura, dan Perkebunan (DTPHP) Kabupaten Malang, Avicenna M Saniputera, membenarkan bahwa keberadaan bangunan kandang liar tersebut menutup akses vital para petani setempat.
Avicenna menegaskan bahwa saluran irigasi dan jalan usaha tani merupakan fasilitas umum yang sangat krusial bagi keberlangsungan kegiatan pertanian warga.
""Jalan itu kan dibutuhkan petani untuk akses ke sawah seperti menanam, mengolah lahan, maupun mengangkut hasil panen,"" kata Avicenna.
""Kepentingan semacam ini harus mendapat perlindungan,"" imbuhnya mempertegas pentingnya sterilisasi jalan usaha tani dari bangunan liar.
Artikel ini telah tayang di TribunJatim.com dengan judul Kandang Isi 40 Anjing Milik Dur di Bantaran Sungai Ganggu Akses Petani, Warga Protes




  

    
        Bayangkan seorang anak Indonesia bercita-cita menjadi dokter tetapi hanya memiliki satu buku lusuh untuk belajar. Bersama Ekspedisi Kata ke Nyata Kompas.com, Anda bisa membantu mengubah kisah itu. Mari hadirkan akses literasi bagi anak-anak di berbagai pelosok Indonesia melalui donasi lewat tautan https://bit.ly/JagatLiterasi2026. Setiap kebaikan yang Anda berikan bukan hanya membuka jendela pengetahuan, tetapi juga membuka masa depan mereka.",Kompas.com,"Dajan Peken, 82114, Tabanan, Tabanan, Bali, Indonesia",-8.536609490935,115.13552944186335,5,"2, 7","kejaksaan, kejatibali, kejaritabanan, tabanan, news"
Profil Mayjen Drajad Brima Yoga Dilantik Jadi Pangdam XXVIMataram DIY Pernah Jabat Asintel KSAD,2026-10-05T09:17:00.000Z,"Kabupaten Tabanan, Bali, Indonesia","Profil Mayjen Drajad Brima Yoga: Dilantik Jadi Pangdam XXVI/Mataram DIY, Pernah Jabat Asintel KSAD - Kompas.com","YOGYAKARTA, KOMPAS.com - Presiden Prabowo Subianto melantik Mayjen TNI Drajad Brima Yoga sebagai Panglima Komando Daerah Militer (Pangdam) XXVI/Mataram di Daerah Istimewa Yogyakarta.
Dilansir dari Antara, Senin (5/10/2026), pelantikan Drajad berlangsung bersamaan dengan peresmian 204 satuan baru TNI oleh Prabowo, termasuk enam kodam.Peresmian tersebut dilakukan dalam upacara peringatan HUT Ke-81 TNI di Lapangan PRIMA Mabes TNI, Jakarta, Senin (5/10/2026).
Enam kodam baru yang dikukuhkan Prabowo adalah Kodam XXV/Mahmud Riayat Syah di Kepulauan Riau, Kodam XXVI/Mataram di Daerah Istimewa Yogyakarta, Kodam XXVII/Sobe Sonbai di Nusa Tenggara Timur, Kodam XXVIII/Molku Kie Raha di Maluku Utara, Kodam XXIX/Mambruk di Papua Tengah, dan Kodam XXX/Rinambora di Nusa Tenggara Barat.
Lalu, siapakah sosok Drajad yang ditunjuk menjadi Pangdam XXVI/Mataram?
Baca juga: Razia Tempat Hiburan Malam di Surabaya, 1 Anggota TNI AL dan 7 Personel Polri Ditangkap




Profil Mayjen Drajad Brima Yoga 
Dilansir dari Tribunnews, Sabtu (24/2/2024), Drajad lahir pada 14 November 1969.
Ia merupakan lulusan Akademi Militer (Akmil) tahun 1992, satu tingkat di bawah Panglima TNI Jenderal Agus Subiyanto yang lulus dari Akmil pada 1991.
Selama mengabdi di TNI, Drajad pernah menempati berbagai jabatan strategis di TNI AD.Karier Drajad dimulai dari jabatan Komandan Yonif Raider 300/BJW pada 2009 hingga 2011. Pada 2011, ia menjadi Komandan Kodim 1207/Pontianak.
Dua tahun berselang, Drajad menjabat Kepala Staf Korem 051/Wijayakarta.","Setelah itu, ia dimutasi menjadi Pamen Bais TNI
Pada 2016, Drajad dipercaya menjadi Athan RI di Riyadh. Tiga tahun kemudian, ia diangkat sebagai Staf Khusus Kasad.Pada 2020, ia ditunjuk sebagai Kapok Sahli Pangdam XVIII/Kasuari.","Pada Hari Senin , 5 Oktober 2026 09:17, Tabanan, Tabanan, Bali

YOGYAKARTA, KOMPAS.com - Presiden Prabowo Subianto melantik Mayjen TNI Drajad Brima Yoga sebagai Panglima Komando Daerah Militer (Pangdam) XXVI/Mataram di Daerah Istimewa Yogyakarta.
Dilansir dari Antara, Senin (5/10/2026), pelantikan Drajad berlangsung bersamaan dengan peresmian 204 satuan baru TNI oleh Prabowo, termasuk enam kodam.Peresmian tersebut dilakukan dalam upacara peringatan HUT Ke-81 TNI di Lapangan PRIMA Mabes TNI, Jakarta, Senin (5/10/2026).
Enam kodam baru yang dikukuhkan Prabowo adalah Kodam XXV/Mahmud Riayat Syah di Kepulauan Riau, Kodam XXVI/Mataram di Daerah Istimewa Yogyakarta, Kodam XXVII/Sobe Sonbai di Nusa Tenggara Timur, Kodam XXVIII/Molku Kie Raha di Maluku Utara, Kodam XXIX/Mambruk di Papua Tengah, dan Kodam XXX/Rinambora di Nusa Tenggara Barat.
Lalu, siapakah sosok Drajad yang ditunjuk menjadi Pangdam XXVI/Mataram?
Baca juga: Razia Tempat Hiburan Malam di Surabaya, 1 Anggota TNI AL dan 7 Personel Polri Ditangkap




Profil Mayjen Drajad Brima Yoga 
Dilansir dari Tribunnews, Sabtu (24/2/2024), Drajad lahir pada 14 November 1969.
Ia merupakan lulusan Akademi Militer (Akmil) tahun 1992, satu tingkat di bawah Panglima TNI Jenderal Agus Subiyanto yang lulus dari Akmil pada 1991.
Selama mengabdi di TNI, Drajad pernah menempati berbagai jabatan strategis di TNI AD.Karier Drajad dimulai dari jabatan Komandan Yonif Raider 300/BJW pada 2009 hingga 2011. Pada 2011, ia menjadi Komandan Kodim 1207/Pontianak.
Dua tahun berselang, Drajad menjabat Kepala Staf Korem 051/Wijayakarta. Setelah itu, ia dimutasi menjadi Pamen Bais TNI
Pada 2016, Drajad dipercaya menjadi Athan RI di Riyadh. Tiga tahun kemudian, ia diangkat sebagai Staf Khusus Kasad.Pada 2020, ia ditunjuk sebagai Kapok Sahli Pangdam XVIII/Kasuari. Setahun setelahnya, ia menjadi Danrem 043/Garuda Hitam.
Setelah itu, Drajad mengemban tugas sebagai Danpusdikter Pusterad pada 2022. 
Perjalanan kariernya berlanjut sebagai Asintel Kasad pada 2024.
Baca juga: Gempa Sumba M 5,9 Hari Ini: 15 Rumah Rusak di Kecamatan Kodi, TNI Bangun Posko




  

    
        Bayangkan seorang anak Indonesia bercita-cita menjadi dokter tetapi hanya memiliki satu buku lusuh untuk belajar. Bersama Ekspedisi Kata ke Nyata Kompas.com, Anda bisa membantu mengubah kisah itu. Mari hadirkan akses literasi bagi anak-anak di berbagai pelosok Indonesia melalui donasi lewat tautan https://bit.ly/JagatLiterasi2026. Setiap kebaikan yang Anda berikan bukan hanya membuka jendela pengetahuan, tetapi juga membuka masa depan mereka.",Kompas.com,"Dajan Peken, 82114, Tabanan, Tabanan, Bali, Indonesia",-8.536609490935,115.13552944186335,5,"2, 7","kejaksaan, kejatibali, kejaritabanan, tabanan, news"
Keselamatan Pasien Harus Terjaga dalam Pengobatan Pentakit Tidak Menular,2026-10-05T04:33:00.000Z,"Kabupaten Tabanan, Bali, Indonesia",Keselamatan Pasien Harus Terjaga dalam Pengobatan Pentakit Tidak Menular - RRI.co.id,"RRI.CO.ID, Jakarta - Kementerian Kesehatan menegaskan pentingnya memastikan keselamatan pasien pada setiap tahapan pelayanan kesehatan, khususnya bagi pasien dengan penyakit tidak menular (PTM) yang membutuhkan perawatan jangka panjang. Hal tersebut disampaikan Wakil Menteri Kesehatan Prof.","Dante Saksono Harbuwono di Jakarta dikutip kemenkes.go.id.“Keselamatan pasien harus hadir sepanjang perjalanan hidup pasien, terutama pada penyakit tidak menular yang memerlukan pengelolaan jangka panjang. Mutu dan keselamatan harus hadir di setiap titik pelayanan, mulai dari pencegahan, deteksi dini, diagnosis, pengobatan, hingga rehabilitasi dan perawatan jangka panjang,” ujar Prof.","Pada Hari Senin , 5 Oktober 2026 04:33, Tabanan, Tabanan, Bali

RRI.CO.ID, Jakarta - Kementerian Kesehatan menegaskan pentingnya memastikan keselamatan pasien pada setiap tahapan pelayanan kesehatan, khususnya bagi pasien dengan penyakit tidak menular (PTM) yang membutuhkan perawatan jangka panjang. Hal tersebut disampaikan Wakil Menteri Kesehatan Prof. Dante Saksono Harbuwono di Jakarta dikutip kemenkes.go.id.“Keselamatan pasien harus hadir sepanjang perjalanan hidup pasien, terutama pada penyakit tidak menular yang memerlukan pengelolaan jangka panjang. Mutu dan keselamatan harus hadir di setiap titik pelayanan, mulai dari pencegahan, deteksi dini, diagnosis, pengobatan, hingga rehabilitasi dan perawatan jangka panjang,” ujar Prof. Dante.Prof. Dante mengatakan perjalanan pasien dengan PTM dapat berlangsung panjang dan kompleks. Dalam setiap tahapan terdapat titik-titik kritis yang dapat menimbulkan risiko keselamatan, mulai dari keterlambatan atau kesalahan diagnosis, kesalahan penggunaan obat, hingga risiko pasien jatuh maupun kesalahan identifikasi pasien. Karena itu, keselamatan pasien tidak cukup hanya dilihat dari hasil pengobatan, tetapi juga dari bagaimana pelayanan diberikan secara aman pada setiap tahap. “Kita tidak cukup bertanya apa penyakitnya dan bagaimana mengobatinya. Kita juga harus memastikan bagaimana pelayanan itu diberikan dengan aman di setiap tahap perjalanan pasien,” kata Prof. Dante.Prof. Dante mengatakan, untuk memperkuat mutu dan keselamatan pelayanan, Kemenkes terus mendorong penerapan standar pelayanan dan akreditasi fasilitas kesehatan. Saat ini, lebih dari 96 persen rumah sakit telah terakreditasi oleh lembaga penyelenggara akreditasi yang ditetapkan Kementerian Kesehatan. Penguatan keselamatan pasien juga didukung melalui pemanfaatan teknologi digital. Platform SATUSEHAT membantu mendokumentasikan riwayat penyakit, hasil pemeriksaan laboratorium, dan pengobatan pasien sehingga informasi kesehatan dapat tersedia secara lebih berkesinambungan ketika pasien berpindah layanan. “Dengan dokumentasi informasi kesehatan yang lebih baik, kita dapat mengurangi risiko kesalahan akibat informasi yang tidak lengkap dan memastikan pelayanan berlangsung lebih berkesinambungan,” ujar Prof. Dante.Selain penguatan sistem pelayanan, Prof. Dante menekankan pentingnya keterlibatan pasien dan keluarga sebagai bagian dari upaya menjaga keselamatan pasien. Pasien perlu memahami kondisi kesehatannya, mengetahui pilihan terapi yang tersedia, berani bertanya dan menyampaikan kekhawatiran, mengenali tanda bahaya, serta terlibat dalam pengambilan keputusan terkait pelayanan kesehatannya. Sementara keluarga berperan dalam mendukung kepatuhan pengobatan, memantau kondisi pasien, dan memastikan perawatan berjalan dengan baik. WHO Indonesia juga menekankan keselamatan pasien merupakan fondasi pelayanan kesehatan berkualitas sekaligus bagian penting dalam membangun kepercayaan masyarakat terhadap sistem kesehatan. Deputy Head of WHO Indonesia, Tara Kessaram, menyampaikan secara global sekitar 1 dari 10 pasien mengalami bahaya atau cedera selama menerima pelayanan kesehatan, dan sekitar setengah dari insiden tersebut dinilai dapat dicegah. “Keselamatan pasien harus dilindungi di seluruh rentang proses perawatan (continuum of care), mulai dari pencegahan, diagnosis yang tepat waktu dan akurat, pengobatan dan manajemen obat, rujukan, transisi perawatan, pemantauan jangka panjang, hingga dukungan perawatan mandiri,” ujar Tara.",RRI.co.id,"Dajan Peken, 82114, Tabanan, Tabanan, Bali, Indonesia",-8.536609490935,115.13552944186335,5,"2, 7","kejaksaan, kejatibali, kejaritabanan, tabanan, news"
Hindus Throng Festival at Penataran Agung Temple of Ulundanu Beratan,2019-07-10T07:00:00.000Z,"Kabupaten Tabanan, Bali, Indonesia",Hindus Throng Festival at Penataran Agung Temple of Ulundanu Beratan - BALIPOST.com,"TABANAN, BALIPOST.com — Thousands of pilgrims from various regions thronged Penataran Agung Temple of Ulundanu Beratan, Baturiti, on Tuesday (Jul. 9) that coincided with Anggarakasih Julungwangi.","They came to say prayers in a series of Pujawali Ageng or grandiose ceremonies held at the local temple.Nevertheless, on days such as full moon, new moon and other major Hindu holidays, many Hindus also come to perform joint worship including the Melasti and Nyegara Gunung ceremonies. Regarding the pujawali ageng, Coordinator of Ulundanu Beratan Temple, I Putu Suma Artha, stated the series of pujawali ceremonies had been started since the beginning of the month or precisely on July 2, 2019 consisting of pengalah sasih and negtegan carried out by the supporting pilgrims of the Ulundanu Beratan Temple.","Pada Hari Rabu , 10 Juli 2019 07:00, Tabanan, Tabanan, Bali

TABANAN, BALIPOST.com — Thousands of pilgrims from various regions thronged Penataran Agung Temple of Ulundanu Beratan, Baturiti, on Tuesday (Jul. 9) that coincided with Anggarakasih Julungwangi. They came to say prayers in a series of Pujawali Ageng or grandiose ceremonies held at the local temple.Nevertheless, on days such as full moon, new moon and other major Hindu holidays, many Hindus also come to perform joint worship including the Melasti and Nyegara Gunung ceremonies. Regarding the pujawali ageng, Coordinator of Ulundanu Beratan Temple, I Putu Suma Artha, stated the series of pujawali ceremonies had been started since the beginning of the month or precisely on July 2, 2019 consisting of pengalah sasih and negtegan carried out by the supporting pilgrims of the Ulundanu Beratan Temple. Then, it was resumed on July 6 with the pakeling pujawali ceremony, mendak pekuluh and ngias. Meanwhile, the mecaru and mesucian ceremony were held on Monday or Soma Wage (Jul. 8), and then peak of the pujawali ageng was held on Anggarakasih Julungwangi or Tuesday (Jul. 9) commenced with the piodalan in the respective lawa. After holding the peak of piodalan, there were nganyarin ceremonies for three days and was closed on Sukra Pon or Friday (Jul. 12). “This piodalan is not only an obligation of the supporting pilgrims, but also has the objective to result in harmony as well as prosperity of life for the community or the entire Hindu fellows,” he said. He explained that Ulundanu Beratan Temple is supported by 800 families from 4 satakan villages or gebog satak, consisting of 15 customary villages and three chief of core customary villages and Marga Grand Place serves patron. Ulundanu Beratan Temple at Bedugul is also one of the most popular tourist attractions in Bali, located at Candi Kuning village, Baturiti, Tabanan. Aside from being a historical tourism, the pilgrims can take pleasure in natural attractions and lake water recreation activities. (Puspawati/balipost)",BALIPOST.com,"Dajan Peken, 82114, Tabanan, Tabanan, Bali, Indonesia",-8.536609490935,115.13552944186335,5,"2, 7","kejaksaan, kejatibali, kejaritabanan, tabanan, news"
Penuhi Stok PMI Tabanan Buka Layanan Donor Darah di Kantor Lama,2020-04-14T07:00:00.000Z,"Kabupaten Tabanan, Bali, Indonesia","Penuhi Stok, PMI Tabanan Buka Layanan Donor Darah di Kantor Lama - BALIPOST.com","Donor darah. (BP/ist)TABANAN, BALIPOST.com – Mewabahnya virus Corona atau Covid-19 tentunya berdampak pada ketersediaan darah di ruang penyimpanan Unit Donor Darah Palang Merah Indonesia (PMI) Tabanan.","Ini disebabkan banyak dibatalkannya kegiatan donor darah.Kendati demikian, Kepala UDD PMI Kabupaten Tabanan dr Nyoman Gede Sumardika, mengatakan untuk bisa memenuhi kebutuhan stok darah yang ada di PMI, pihaknya membuka layanan donor darah di markas lama PMI yang berlokasi di jalan Rama No.3A Tabanan atau di sebelah Taman Makam Pahlawan. Bagi masyarakat yang hendak mendonorkan darahnya bisa datang langsung ke temmpat tersebut dan akan diberikan 1 pcs hand sanitizer.Layanan donor darah di kantor markas lama ini dibuka mulai pukul 08.00 WITA sampai dengan pukul 13.30 WITA tiap harinya.","Pada Hari Selasa , 14 April 2020 07:00, Tabanan, Tabanan, Bali

Donor darah. (BP/ist)TABANAN, BALIPOST.com – Mewabahnya virus Corona atau Covid-19 tentunya berdampak pada ketersediaan darah di ruang penyimpanan Unit Donor Darah Palang Merah Indonesia (PMI) Tabanan. Ini disebabkan banyak dibatalkannya kegiatan donor darah.Kendati demikian, Kepala UDD PMI Kabupaten Tabanan dr Nyoman Gede Sumardika, mengatakan untuk bisa memenuhi kebutuhan stok darah yang ada di PMI, pihaknya membuka layanan donor darah di markas lama PMI yang berlokasi di jalan Rama No.3A Tabanan atau di sebelah Taman Makam Pahlawan. Bagi masyarakat yang hendak mendonorkan darahnya bisa datang langsung ke temmpat tersebut dan akan diberikan 1 pcs hand sanitizer.Layanan donor darah di kantor markas lama ini dibuka mulai pukul 08.00 WITA sampai dengan pukul 13.30 WITA tiap harinya. Selain jam layanan tersebut, kegiatan donor darah juga dilayani di BRSU Tabanan mulai pukul 14.00 WITA sampai 20.00 WITA atau hari libur. “PMI tetap melayani pelayanan darah. Kebutuhan darah tentu tidak bisa ditunda, pasien di rumah sakit yang membutuhkan transfusi tentu harus tetap menjadi perhatian. Dan ini merupakan salah satu upaya kami untuk mengajak masyrakat mendonorkan darahnya,” terangnya.Dan terkait layanan donor darah di kantor lama, lanjut kata dr. Sumardika akan dibuka selama pandemi dan sampai pengambilan donor ke tempat unit donor normal kembali. Pihaknya juga memastikan kegiatan mendonorkan darah tetap aman dilakukan.Masyarakat diimbau selalu menjaga kesehatan, menerapkan perilaku hidup bersih dan sehat, cuci tangan dengan sabun, menerapkan etika bersin dan batuk. “Untuk yang standby di kantor markas lama satu tim, tetapi kalau dibutuhkan lebih untuk di tempat lain, kita siapkan tim lain, maksimal kita punya 3 tim,” ucapnya.Stok darah mulai menipis sejak awal Maret 2020. Padahal permintaan sangat tinggi. Per hari saja permintaanya diangka 15-20 kantong.Data Selasa (14/4) untuk darah A hanya ada untuk jenis Whole Blood (WB) tersedia 5 kantong, jenis Pakced Red Cell (PRC) tersedia 1 kantong dan jenis thrombocyte Concencrate (TC) kosong . Dan darah B jenis darah WB tersedia 3 kantong, darah PRC tersedia 1 kantong dan darah TC kosong. Sementara darah O bisa dibilang sangat menipis.Untuk jenis WB hanya tersedia 5 kantong, jenis PRC tersedia 1 kantong dan jenis TC kosong juga kosong alias tidak ada stok. Dan darah AB jenis darah WB tersedia 15 kantong, untuk jenis PRC ada 6 kantong dan jenis TC juga 6 kantong.Ketersediaan stok darah ini biasanya diperuntukkan untuk seluruh rumah sakit di Tabanan baik swasta maupun negeri. Dimana sekitar 85 persen diperuntukkan untuk pasien di BRSU Tabanan. “Kita hanya bisa berharap wabah virus ini segera berlalu dan bisa beraktifitas normal kembali,” pungkasnya. (Puspawati/balipost)",BALIPOST.com,"Dajan Peken, 82114, Tabanan, Tabanan, Bali, Indonesia",-8.536609490935,115.13552944186335,5,"2, 7","kejaksaan, kejatibali, kejaritabanan, tabanan, news"
Harga Bahan Pangan di Tabanan Mulai Melonjak,2024-04-18T07:00:00.000Z,"Kabupaten Tabanan, Bali, Indonesia",Harga Bahan Pangan di Tabanan Mulai Melonjak - BALIPOST.com,"Pembeli sedang berbelanja di pasar yang ada di Tabanan. (BP/dok)TABANAN, BALIPOST.com – Harga sebagian besar komoditas pangan di sejumlah pasar di Kabupaten Tabanan mulai melonjak.","Bahkan, beberapa komoditas mengalami peningkatan harga di atas 50 persen.Berdasarkan hasil monitoring Dinas Perindustrian dan Perdagangan (Disperindag) Tabanan di sejumlah pasar tradisional, pada minggu ketiga di bulan April, sebagian besar harga bahan pangan mengalami lonjakan. Harga sawi putih naik dari Rp12.000 menjadi Rp18.000 atau naik 50 persen.","Pada Hari Kamis , 18 April 2024 07:00, Tabanan, Tabanan, Bali

Pembeli sedang berbelanja di pasar yang ada di Tabanan. (BP/dok)TABANAN, BALIPOST.com – Harga sebagian besar komoditas pangan di sejumlah pasar di Kabupaten Tabanan mulai melonjak. Bahkan, beberapa komoditas mengalami peningkatan harga di atas 50 persen.Berdasarkan hasil monitoring Dinas Perindustrian dan Perdagangan (Disperindag) Tabanan di sejumlah pasar tradisional, pada minggu ketiga di bulan April, sebagian besar harga bahan pangan mengalami lonjakan. Harga sawi putih naik dari Rp12.000 menjadi Rp18.000 atau naik 50 persen. Sayur hijau naik dari Rp12.000 menjadi Rp20.000 atau naik 67 persen. Kemudian, harga kacang panjang naik dari Rp12.000 menjadi Rp20.000 atau naik 67 persen, dan tomat naik dari Rp28.000 menjadi Rp30.000 atau naik 7 persen.Pada komoditi bumbu-bumbuan, kenaikan terjadi pada bawang merah yang naik dari Rp28.000 per kg menjadi Rp45.000 per kg atau naik 61 persen. Bawang bombay naik dari Rp30.000 per kg menjadi Rp40.0000 per kg atau naik 33 persen, dan cabai keriting naik dari Rp45.000 per kg menjadi Rp50.000 per kg atau naik 11 persen.Kemudian, harga daging ayam ras naik dari Rp40.000 per kg menjadi Rp 42.000 per kg atau naik 5 persen. Minyak Kita dari Rp16.000 menjadi Rp17.000 per kg atau naik 6 persen, dan harga jeruk naik dari Rp16.000 menjadi Rp18.000 per kg atau 13 persen.Petani cabai di Banjar Bangah, Kecamatan Baturiti, Tabanan, Nyoman Sudiasa, Rabu (17/4), mengungkapkan, setelah libur panjang Lebaran, kenaikan harga cabai merah besar maupun cabai merah kecil di tingkat petani terus berlanjut. Terbaru, harga untuk cabai merah kecil sudah menyentuh Rp50.000 per kg, sedangkan untuk cabai merah besar naik ke posisi Rp30.000 per kg. “Kenaikan harga cabai di petani ini terjadi secara bertahap dan terbaru terjadi pada Sabtu lalu,” tuturnya.Prediksinya, lonjakan harga cabai ini dipicu akibat ketersediaan barang di pasaran yang belum kembali normal pascalibur panjang Lebaran. Pasokan dari petani lokal maupun luar Bali belum maksimal sehingga di tengah meningkatnya permintaan pasar membuat kenaikan harga cabai ini terus berlanjut hingga saat ini.“Kemungkinan kenaikan harga cabai ini masih akan terus berlanjut dalam seminggu ke depan. Sehingga itu tentu menguntungkan bagi petani karena bisa mengantongi hasil lebih banyak dari biasanya,” katanya. (kmb/balipost)",BALIPOST.com,"Dajan Peken, 82114, Tabanan, Tabanan, Bali, Indonesia",-8.536609490935,115.13552944186335,5,"2, 7","kejaksaan, kejatibali, kejaritabanan, tabanan, news"
Wisata Bali Kebun Raya Eka Karya di Tabanan Buka Kembali,2020-07-22T07:00:00.000Z,"Kabupaten Tabanan, Bali, Indonesia","Wisata Bali, Kebun Raya Eka Karya di Tabanan Buka Kembali - Kompas.com","KOMPAS.com - Lembaga Ilmu Pengetahuan Indonesia (LIPI) membuka kembali Kebun Raya Eka Karya Bali pada Rabu (22/7/2020) dengan penerapan protokol pencegahan Covid-19.
""Pembukaan ini menjadi momentum bagi Kebun Raya Eka Karya Bali untuk kembali memberikan layanan eduwisata dengan standar layanan yang lebih baik sesuai dengan Protokol Kesehatan,"" kata Kepala Balai Konservasi Tumbuhan Kebun Raya Eka Karya Bali LIPI Didit Okta Pribadi dalam keterangan tertulis yang diterima ANTARA, Selasa (21/7/2020).Baca juga: Kebun Raya Bogor Buka Kembali, Pesan Tiket Online Dulu
Pembukaan kembali tersebut merujuk pada Surat Keputusan Kepala LIPI Nomor 155/F/2020 tentang Pembukaan Kembali Layanan Kebun Raya di Lingkungan LIPI dan disertai dengan sejumlah protokol kunjungan di kawasan Kebun Raya.
Kebun Raya Eka Karya Bali kembali dibuka untuk kunjungan umum setelah pihak pengelola menerima Sertifikat Tatanan Kehidupan Era Baru Bidang Pariwisata Menuju Tabanan Aman dan Produktif Nomor 556/2353/DISPAR yang diserahkan oleh Bupati Tabanan Ni Putu Eka Wiryastuti pada Senin (20/7).
Sebelumnya, LIPI telah membuka kembali Kebun Raya Bogor dan Kebun Raya Cibodas pada 7 Juli 2020.




https://kebunraya.id/bal Kebun Raya Eka Karya Bali 
Pembatasan pengunjung
Didit mengatakan selain menjalankan protokol kesehatan, pembukaan kembali Kebun Raya Eka Karya Bali juga menerapkan fase nol dengan ketentuan pembatasan kuota pengunjung sebanyak 1.500 orang dalam satu waktu.
""Untuk dapat melangkah ke fase berikutnya, pelaksanaan fase nol ini akan dievaluasi secara bertahap, jika sudah memenuhi standar, baru boleh mengimplementasikan fase selanjutnya dengan penambahan kuota pengunjung,” ujar Didit.
Dia menuturkan ada tiga fase yang harus dilalui hingga mencapai standar pelayanan publik sesuai dengan ketentuan adaptasi kebiasaan baru.
Didit berharap pengunjung dapat mengikuti protokol kunjungan yang berlaku di Kebun Raya Eka Karya Bali untuk bersama-sama membantu mencegah penyebaran pandemi Covid-19.
Baca juga: 5 Tempat Wisata di Tabanan Bali Buka Kembali, Salah Satunya Tanah Lot
Protokol kesehatanSelama berkunjung di Kebun Raya Eka Karya Bali, pengunjung diwajibkan untuk memakai masker dan selalu menjaga jarak aman.
""Kami telah menyediakan fasilitas cuci tangan dengan touchless sanitizer di beberapa titik area kebun, namun disarankan pengunjung untuk selalu membawa hand sanitizer sendiri,"" tutur Didit.
Penyemprotan disinfektan ke fasilitas publik seperti toilet, kursi taman, dan mobil wisata juga dilakukan dengan frekuensi sesering mungkin.
Selain itu, informasi mengenai protokol kunjungan di kawasan Kebun Raya Eka Karya Bali akan dipampang di titik-titik strategis, serta diinformasikan secara berkala kepada pengunjung.
Kebun Raya Eka Karya Bali memiliki beberapa spot menarik, seperti Taman Paku yang berisi koleksi tanaman-tanaman paku. Lalu ada Taman Surya Nirwana dengan pemandangan indah ke Danau Beratan dan Bukit Pengelengan.
Tiket online
Tiket masuk Kebun Raya Eka Karya Bali dapat dibeli dalam jaringan (online) melalui https://tiketkebunraya.id yang langsung terintegrasi dengan ponsel pintar.
Untuk membeli tiket secara online, harus mendaftar terlebih dahulu dengan klik register pada laman tersebut.
Harga tiket masuk untuk wisatawan domestik Rp 9.000 dan wisatawan asing Rp 17.000.
Tiket masuk mobil juga bisa dibeli secara online, harganya Rp 11.000.","Namun kendaraan roda empat hanya diizinkan masuk pada hari Sabtu dan Minggu.
Saat pembelian tiket secara online, dalam web juga terpampang kapasitas total pengunjung pada hari tersebut.
Lokasi
Kebun Raya Eka Karya Bali berada di Jl. Kebun Raya, Candikuning, Kecamatan Baturiti, Tabanan.","Pada Hari Rabu , 22 Juli 2020 07:00, Tabanan, Tabanan, Bali

KOMPAS.com - Lembaga Ilmu Pengetahuan Indonesia (LIPI) membuka kembali Kebun Raya Eka Karya Bali pada Rabu (22/7/2020) dengan penerapan protokol pencegahan Covid-19.
""Pembukaan ini menjadi momentum bagi Kebun Raya Eka Karya Bali untuk kembali memberikan layanan eduwisata dengan standar layanan yang lebih baik sesuai dengan Protokol Kesehatan,"" kata Kepala Balai Konservasi Tumbuhan Kebun Raya Eka Karya Bali LIPI Didit Okta Pribadi dalam keterangan tertulis yang diterima ANTARA, Selasa (21/7/2020).Baca juga: Kebun Raya Bogor Buka Kembali, Pesan Tiket Online Dulu
Pembukaan kembali tersebut merujuk pada Surat Keputusan Kepala LIPI Nomor 155/F/2020 tentang Pembukaan Kembali Layanan Kebun Raya di Lingkungan LIPI dan disertai dengan sejumlah protokol kunjungan di kawasan Kebun Raya.
Kebun Raya Eka Karya Bali kembali dibuka untuk kunjungan umum setelah pihak pengelola menerima Sertifikat Tatanan Kehidupan Era Baru Bidang Pariwisata Menuju Tabanan Aman dan Produktif Nomor 556/2353/DISPAR yang diserahkan oleh Bupati Tabanan Ni Putu Eka Wiryastuti pada Senin (20/7).
Sebelumnya, LIPI telah membuka kembali Kebun Raya Bogor dan Kebun Raya Cibodas pada 7 Juli 2020.




https://kebunraya.id/bal Kebun Raya Eka Karya Bali 
Pembatasan pengunjung
Didit mengatakan selain menjalankan protokol kesehatan, pembukaan kembali Kebun Raya Eka Karya Bali juga menerapkan fase nol dengan ketentuan pembatasan kuota pengunjung sebanyak 1.500 orang dalam satu waktu.
""Untuk dapat melangkah ke fase berikutnya, pelaksanaan fase nol ini akan dievaluasi secara bertahap, jika sudah memenuhi standar, baru boleh mengimplementasikan fase selanjutnya dengan penambahan kuota pengunjung,” ujar Didit.
Dia menuturkan ada tiga fase yang harus dilalui hingga mencapai standar pelayanan publik sesuai dengan ketentuan adaptasi kebiasaan baru.
Didit berharap pengunjung dapat mengikuti protokol kunjungan yang berlaku di Kebun Raya Eka Karya Bali untuk bersama-sama membantu mencegah penyebaran pandemi Covid-19.
Baca juga: 5 Tempat Wisata di Tabanan Bali Buka Kembali, Salah Satunya Tanah Lot
Protokol kesehatanSelama berkunjung di Kebun Raya Eka Karya Bali, pengunjung diwajibkan untuk memakai masker dan selalu menjaga jarak aman.
""Kami telah menyediakan fasilitas cuci tangan dengan touchless sanitizer di beberapa titik area kebun, namun disarankan pengunjung untuk selalu membawa hand sanitizer sendiri,"" tutur Didit.
Penyemprotan disinfektan ke fasilitas publik seperti toilet, kursi taman, dan mobil wisata juga dilakukan dengan frekuensi sesering mungkin.
Selain itu, informasi mengenai protokol kunjungan di kawasan Kebun Raya Eka Karya Bali akan dipampang di titik-titik strategis, serta diinformasikan secara berkala kepada pengunjung.
Kebun Raya Eka Karya Bali memiliki beberapa spot menarik, seperti Taman Paku yang berisi koleksi tanaman-tanaman paku. Lalu ada Taman Surya Nirwana dengan pemandangan indah ke Danau Beratan dan Bukit Pengelengan.
Tiket online
Tiket masuk Kebun Raya Eka Karya Bali dapat dibeli dalam jaringan (online) melalui https://tiketkebunraya.id yang langsung terintegrasi dengan ponsel pintar.
Untuk membeli tiket secara online, harus mendaftar terlebih dahulu dengan klik register pada laman tersebut.
Harga tiket masuk untuk wisatawan domestik Rp 9.000 dan wisatawan asing Rp 17.000.
Tiket masuk mobil juga bisa dibeli secara online, harganya Rp 11.000. Namun kendaraan roda empat hanya diizinkan masuk pada hari Sabtu dan Minggu.
Saat pembelian tiket secara online, dalam web juga terpampang kapasitas total pengunjung pada hari tersebut.
Lokasi
Kebun Raya Eka Karya Bali berada di Jl. Kebun Raya, Candikuning, Kecamatan Baturiti, Tabanan. Tempat ini berlokasi di Bedugul, sekitar 60 kilometer dari Denpasar. (Martha Herlinawati S/Erafzon Saptiyulda AS)


  

    
        Bayangkan seorang anak Indonesia bercita-cita menjadi dokter tetapi hanya memiliki satu buku lusuh untuk belajar. Bersama Ekspedisi Kata ke Nyata Kompas.com, Anda bisa membantu mengubah kisah itu. Mari hadirkan akses literasi bagi anak-anak di berbagai pelosok Indonesia melalui donasi lewat tautan https://bit.ly/JagatLiterasi2026. Setiap kebaikan yang Anda berikan bukan hanya membuka jendela pengetahuan, tetapi juga membuka masa depan mereka.",Kompas.com,"Dajan Peken, 82114, Tabanan, Tabanan, Bali, Indonesia",-8.536609490935,115.13552944186335,5,"2, 7","kejaksaan, kejatibali, kejaritabanan, tabanan, news"
Pengeragoan Rest Area Lacks of Visitors,2019-06-20T07:00:00.000Z,"Kabupaten Tabanan, Bali, Indonesia",Pengeragoan Rest Area Lacks of Visitors - BALIPOST.com,"NEGARA, BALIPOST.com – Pengeragoan rest area at Pengeragoan village, Pekutatan, has been operating for a long time. Road users, especially cars and motorbikes, prefer to rest around the Yeh Leh, the border between Jembrana and Tabanan.","Actually, the rest area built by the regional government is mostly taken advantage by trucks especially at night until morning.“In early morning, there are many trucks parked here. In the back, a lot of gazebos are usually used to take a break,” said Anom, 46, a road user.","Pada Hari Kamis , 20 Juni 2019 07:00, Tabanan, Tabanan, Bali

NEGARA, BALIPOST.com – Pengeragoan rest area at Pengeragoan village, Pekutatan, has been operating for a long time. Road users, especially cars and motorbikes, prefer to rest around the Yeh Leh, the border between Jembrana and Tabanan. Actually, the rest area built by the regional government is mostly taken advantage by trucks especially at night until morning.“In early morning, there are many trucks parked here. In the back, a lot of gazebos are usually used to take a break,” said Anom, 46, a road user. This condition is also seen on Wednesday morning (Jun. 19). A number of trucks were being parked in the parking lot of the rest area on the Denpasar-Gilimanuk roadside. Despite minimal lighting, many truck drivers choose to park their vehicles temporarily before continuing the journey. “Here, I can rest for a while, sleep can also made down there (beach side). Unfortunately, it is difficult to find merchants,” said Yopi, one of the truck drivers met last Wednesday. Condition of the building and park of the rest area is still sturdy and new. However, there is still a lot of garbage scattered especially in the front of the vehicle parking lot. Some stalls also look open even though the conditions are quiet. One of the three stalls in the rest area is closed. A different situation was seen around Yeh Leh tourist attraction on the border of Jembrana and Tabanan. Stalls on the beach looked crowded with visitors, especially motorists that were resting. The stalls selling food such as chicken meatballs, noodles and young coconut are open until early morning. Almost every time there are road users stopping by or just taking pictures in the border region. “Well, it is better here, over there many trucks are being parked. While here, there are also many merchants,” explained Anik Hariyati, 32, one of the travelers from East Java who stopped at Yeh Leh. This mother of two said she had stopped by the rest area not too far from Yeh Leh. According to her, it’s more comfortable to rest around Yeh Leh. (Surya Darma/balipost)",BALIPOST.com,"Dajan Peken, 82114, Tabanan, Tabanan, Bali, Indonesia",-8.536609490935,115.13552944186335,5,"2, 7","kejaksaan, kejatibali, kejaritabanan, tabanan, news"
Di Tabanan PAS SD Dikerjakan di Rumah,2020-12-02T08:00:00.000Z,"Kabupaten Tabanan, Bali, Indonesia","Di Tabanan, PAS SD Dikerjakan di Rumah - BALIPOST.com","Seorang siswa mengerjakan soal secara tertulis di rumah. (BP/bit)TABANAN, BALIPOST.com – Hampir seluruh tatanan kegiatan masyarakat berubah di masa pandemi COVID-19.","Tak terkecuali di sektor pendidikan.Tidak hanya belajar di rumah, para siswa juga harus menjalani ujian sekolah atau Penilaian Akhir Semester (PAS) di rumah. Berbeda dengan sebelumnya, soal  PAS kini diambil  ke sekolah oleh orangtua siswa, untuk selanjutnya dikerjakan oleh siswa sesuai dengan jadwal ujian yang diberikan oleh sekolah melalui pengumuman lewat grup WhatsApp (WA).Di kabupaten Tabanan, pelaksanaan PAS untuk jenjang SD sudah dimulai Senin (30/11) dan berakhir Sabtu (5/12). Sementara jenjang SMP mengerjakan soal secara daring.Kepala Dinas  Pendidikan Kabupaten Tabanan I Nyoman Putra mengatakan, sesuai aturan,  siswa wajib mengikuti penilaian akhir semester atau sumatif untuk mengetahui hasil dari proses pembelajaran jarak jauh (PJJ).","Pada Hari Rabu , 2 Desember 2020 08:00, Tabanan, Tabanan, Bali

Seorang siswa mengerjakan soal secara tertulis di rumah. (BP/bit)TABANAN, BALIPOST.com – Hampir seluruh tatanan kegiatan masyarakat berubah di masa pandemi COVID-19. Tak terkecuali di sektor pendidikan.Tidak hanya belajar di rumah, para siswa juga harus menjalani ujian sekolah atau Penilaian Akhir Semester (PAS) di rumah. Berbeda dengan sebelumnya, soal  PAS kini diambil  ke sekolah oleh orangtua siswa, untuk selanjutnya dikerjakan oleh siswa sesuai dengan jadwal ujian yang diberikan oleh sekolah melalui pengumuman lewat grup WhatsApp (WA).Di kabupaten Tabanan, pelaksanaan PAS untuk jenjang SD sudah dimulai Senin (30/11) dan berakhir Sabtu (5/12). Sementara jenjang SMP mengerjakan soal secara daring.Kepala Dinas  Pendidikan Kabupaten Tabanan I Nyoman Putra mengatakan, sesuai aturan,  siswa wajib mengikuti penilaian akhir semester atau sumatif untuk mengetahui hasil dari proses pembelajaran jarak jauh (PJJ). “Kami lebih  ingin tahu feedback dari hasil  proses belajar jarak jauh,” kata Nyoman Putra, Senin (2/12).Dijelaskan, dalam proses PAS ini, pihaknya sudah mengirim soal ke masing-masing satuan pendidikan (sekolah). Orangtua siswa mengambil soal tersebut, kemudian oleh siswa dikerjakan di rumah.Orangtua diharapkan mendampangi dengan baik dan benar, namun diharapkan tidak membantu dalam memberi jawaban. “Fungsi orangtua di sini hanya mendampingi dengan baik dan benar, namun tidak membantu memberitahu jawaban,” ucapnya.Sementara untuk SMP, kata mantan Kabag Umum Setwan Tabanan ini, proses PAS ada yang dilakukan secara sistem daring atau luring. Untuk sistem daring, siswa mengerjakan soal dari rumah dengan jaringan internet dan laptop masing-masing.Sementara bagi mereka yang luring, datang ke sekolah mengerjakan soal menggunakan laptop atau komputer sekolah. Bahkan, menurut Nyoman Putra, pelaksanaan PAS ada pula yang dilakukan tertulis oleh sejumlah siswa yang mengalami masalah jaringan. “Tetapi tidak semua siswa dibantu soal tertulis. Yang ngerjakan soal tertulis yang masalah jaringan. Sebagian besar pelaksanaan PAS dilakukan secara daring,” pungkasnya. (Puspawati/balipost)",BALIPOST.com,"Dajan Peken, 82114, Tabanan, Tabanan, Bali, Indonesia",-8.536609490935,115.13552944186335,5,"2, 7","kejaksaan, kejatibali, kejaritabanan, tabanan, news"
Desa Adat Tabanan Tiadakan Pawai Ogohogoh,2020-03-19T07:00:00.000Z,"Kabupaten Tabanan, Bali, Indonesia",Desa Adat Tabanan Tiadakan Pawai Ogoh-ogoh - BALIPOST.com,"Ogoh-ogoh pada perayaan Nyepi. (BP/dok)TABANAN, BALIPOST.com – Desa Adat Kota Tabanan akhirnya memutuskan untuk menunda kegiatan pengarakan atau pawai ogoh-ogoh pada malam Pengerupukan, Selasa (24/3).","Hal ini sesuai hasil paruman dan koordinasi yang dilaksanakan Rabu (1.8/3) terkait menindaklanjuti Surat Edaran Bersama PHDI Provinsi Bali, MDA Provinsi Bali, dan Pemerintah Provinsi Bali, terkait dengan Pelaksanaan Rangkaian Hari Suci Nyepi Tahun Caka 1942.Bendesa Adat Kota Tabanan I Gusti Gede Ngurah Siwa Genta mengatakan pelaksanaan Ogoh-ogoh akan dilaksanakan setelah siaga COVID-19 ini selesai dan atau dinyatakan aman oleh pemerintah. Nantinya akan dikemas dalam bentuk event seperti parade budaya.Terkait keputusan ini, pihaknya mengimbau agar para Yowana bisa dapat memahami dan tetap menyelesaikan ogoh-ogoh yang telah mereka buat.","Pada Hari Kamis , 19 Maret 2020 07:00, Tabanan, Tabanan, Bali

Ogoh-ogoh pada perayaan Nyepi. (BP/dok)TABANAN, BALIPOST.com – Desa Adat Kota Tabanan akhirnya memutuskan untuk menunda kegiatan pengarakan atau pawai ogoh-ogoh pada malam Pengerupukan, Selasa (24/3). Hal ini sesuai hasil paruman dan koordinasi yang dilaksanakan Rabu (1.8/3) terkait menindaklanjuti Surat Edaran Bersama PHDI Provinsi Bali, MDA Provinsi Bali, dan Pemerintah Provinsi Bali, terkait dengan Pelaksanaan Rangkaian Hari Suci Nyepi Tahun Caka 1942.Bendesa Adat Kota Tabanan I Gusti Gede Ngurah Siwa Genta mengatakan pelaksanaan Ogoh-ogoh akan dilaksanakan setelah siaga COVID-19 ini selesai dan atau dinyatakan aman oleh pemerintah. Nantinya akan dikemas dalam bentuk event seperti parade budaya.Terkait keputusan ini, pihaknya mengimbau agar para Yowana bisa dapat memahami dan tetap menyelesaikan ogoh-ogoh yang telah mereka buat. “Ogoh-ogoh adik Yowana supaya tetap diselesaikan kemudian disimpan dengan rapi, juga disemprot dengan desinfektan, nanti jika kondosi sudah aman terhadap COVID-19, segera kita laksanakan parade budaya/ogoh ogohnya,” terangnya, Kamis (19/3).Selain perihal pengarakan ogoh-ogoh, keputusan lainnya yang telah disepakati terkait dengan pencegahan penyebaran virus COVID-19, yakni rangkaian upacara Pemelastian.Untuk Pemargi Nedunang di soang-soang Khayangan memargi jam 16.00 Wita. Pemelastian dilaksanakan dengan menggunakan kendaraan yang dilakukan oleh masing-masing penanggap yang diatur oleh Prajuru Desa. “Pemargi Palelastian tetep sekadi sane sampun-sampun,” terangnya. (Puspawati/balipost)",BALIPOST.com,"Dajan Peken, 82114, Tabanan, Tabanan, Bali, Indonesia",-8.536609490935,115.13552944186335,5,"2, 7","kejaksaan, kejatibali, kejaritabanan, tabanan, news"
Metro Dewata Jurusan Tabanan Resmi Diluncurkan,2020-12-11T08:00:00.000Z,"Kabupaten Tabanan, Bali, Indonesia",Metro Dewata Jurusan Tabanan Resmi Diluncurkan - BALIPOST.com,"Metro Dewata Jurusan Tabanan diluncurkan Jumat (11/12). (BP/bit)TABANAN, BALIPOST.com – Bus Trans Metro Dewata yang disebut dengan nama Teman Bus, untuk koridor I yang melintasi wilayah Tabanan akhirnya resmi diluncurkan, Jumat (11/12).","Yang menarik, selain nyaman dan bersih, bus ini dilengkapi dengan peralatan canggih seperti CCTV, reader kartu non tunai, sensor penghitung jumlah penumpang dan lainnya.Masyarakat tentunya bisa mencoba moda .transportasi darat ini, apalagi hingga 31 Desember 2020 belum dikenai tarif alias gratis. Kepala Dinas Perhubungan Tabanan, I Gusti Darma Utama menjelaskan, ada 31 unit Bus Trans Metro Dewata yang siap memberikan pelayanan perjalanan nyaman dan aman dengan paramudi terlatih sebagai penunjang mobilisasi masyarakat yang terintegrasi dengan layanan angkutan massal lain.Namun dari 31 armada tersebut, lanjut Darma, hanya 28 unit yang beroperasional, dan 3 unit lainnya untuk cadangan.","Pada Hari Jumat , 11 Desember 2020 08:00, Tabanan, Tabanan, Bali

Metro Dewata Jurusan Tabanan diluncurkan Jumat (11/12). (BP/bit)TABANAN, BALIPOST.com – Bus Trans Metro Dewata yang disebut dengan nama Teman Bus, untuk koridor I yang melintasi wilayah Tabanan akhirnya resmi diluncurkan, Jumat (11/12). Yang menarik, selain nyaman dan bersih, bus ini dilengkapi dengan peralatan canggih seperti CCTV, reader kartu non tunai, sensor penghitung jumlah penumpang dan lainnya.Masyarakat tentunya bisa mencoba moda .transportasi darat ini, apalagi hingga 31 Desember 2020 belum dikenai tarif alias gratis. Kepala Dinas Perhubungan Tabanan, I Gusti Darma Utama menjelaskan, ada 31 unit Bus Trans Metro Dewata yang siap memberikan pelayanan perjalanan nyaman dan aman dengan paramudi terlatih sebagai penunjang mobilisasi masyarakat yang terintegrasi dengan layanan angkutan massal lain.Namun dari 31 armada tersebut, lanjut Darma, hanya 28 unit yang beroperasional, dan 3 unit lainnya untuk cadangan. “Program ini untuk meningkatkan lagi minat masyarakat menggunakan angkutan umum sehingga mampu mengurangi penggunaan kendaraan pribadi yang diharapkan mampu mengurangi kemacetan, angka lalu lintas dan polusi udara,” ucapnya.Khusus untuk pelintasan di Tabanan atau koridor I, rute yakni Terminal Pesiapan – Central Parkir Kuta. Juga sudah disiapkan enam titik jemput halte sepanjang By Pass Ir. Soekarno.Untuk waktu headway (jarak antar bus) yang ditentukan yaitu 10 menit, sehingga penumpang tidak menunggu lama di halte. Namun dalam masa pandemi COVID-19, pihaknya tetap menekankan protokol kesehatan (Prokes). Jumlah penumpang dibatasi hanya untuk 12 orang penumpang (setengah dari kapasitas bus). (Puspawati/balipost)",BALIPOST.com,"Dajan Peken, 82114, Tabanan, Tabanan, Bali, Indonesia",-8.536609490935,115.13552944186335,5,"2, 7","kejaksaan, kejatibali, kejaritabanan, tabanan, news"
Video Jadi Klaster COVID19 di Tabanan Manajemen RS Wisma Prashanti Angkat Bicara,2020-06-26T07:00:00.000Z,"Kabupaten Tabanan, Bali, Indonesia","Video: Jadi Klaster COVID-19 di Tabanan, Manajemen RS Wisma Prashanti Angkat Bicara - BALIPOST.com","TABANAN, BALIPOST.com – Manajemen RS Wisma Prashanti akhirnya angkat bicara mengenai penyebab RS tersebut menjadi klaster COVID-19. Direktur Utama, dr.","I Made Surya Agung, MARS, Jumat (26/6), mengakui, ada protokol kesehatan yang dilanggar sehingga terjadi penularan virus. Fatalnya, pelanggaran itu justru dilakukan oleh orang yang diharapkan ikut berperan dalam memutus mata rantai COVID-19.Dirut didampingi Kepala bidang pelayanan medis dan keperawatan dr.","Pada Hari Jumat , 26 Juni 2020 07:00, Tabanan, Tabanan, Bali

TABANAN, BALIPOST.com – Manajemen RS Wisma Prashanti akhirnya angkat bicara mengenai penyebab RS tersebut menjadi klaster COVID-19. Direktur Utama, dr. I Made Surya Agung, MARS, Jumat (26/6), mengakui, ada protokol kesehatan yang dilanggar sehingga terjadi penularan virus. Fatalnya, pelanggaran itu justru dilakukan oleh orang yang diharapkan ikut berperan dalam memutus mata rantai COVID-19.Dirut didampingi Kepala bidang pelayanan medis dan keperawatan dr. Ni Nyoman Astriningsih tegas menjamin protokol kesehatan di rumah sakit dilakukan dengan ketat bahkan berlapis. Sehingga masyarakat yang ingin berobat tidak perlu merasa khawatir ataupun cemas lagi.Bahkan untuk protokol kesehatan ini sudah dilakukan pasca mewabahnya COVID19, mulai dari screening di pintu masuk rumah sakit seperti pengecekan suhu tubuh dan cuci tangan, penataan ruangan front office diberi sekat untuk tidak bersentuhan langsung, dan petugas yang telah dilengkapi Alat Pelindung Diri (APD) mulai dari level 1 sampai dengan level 3 disesuaikan dengan beban tugas mereka masing-masing. “Kami juga ada Poli Screening. Di sini pasien yang baru masuk dan akan rawat inap dilakukan rapid test terlebih dahulu, jika hasilnya reaktif maka pasien bersangkutan akan dirujuk ke RS rujukan, yakni di RSUD Tabanan atau di UPTD RS Nyitdah, karena kami bukan rumah sakit rujukan,” terangnya.Meski demikian pihaknya juga telah menyediakan ruang isolasi dengan 7 tempat tidur, untuk mengantisipasi lonjakan pasien reaktif di Poli Screening. Tentunya lokasinya terpisah dengan ruang rawat inap pasien umum lengkap dengan petugas ber APD sesuai dengan level yang dibutuhkan.“Jujur saja penemuan kasus reaktif di rumah sakit kami sangat tinggi, karena kami menjalankan SOP dan protokol kesehatan yang ada. Jika ada yang reaktif kami langsung koordinasi dengan Gugus Tugas dan merujuk pasien tersebut ke RS rujukan COVID, jadi tidak sampai masuk ke areal dalam di ruangan rawat inap rumah sakit,” ujarnya.Dan yang perlu dipahami, lanjutnya, hasil reaktif pada rapid test belum tentu positif COVID-19 sebelum pasien dilakukan swab test  “Reaktif kebanyakan karena kasus infeksi,” terangnya.Dan terkait kasus yang sebelumnya terjadi akibat ada protokol yang dilanggar karena menggunakan power bargaining, manajemen Wisma Prashanti juga sudah berkoordinasi dengan GTPP COVID-19 Tabanan. Dalam pertemuan tersebut, Ketua Harian GTPP Tabanan yang juga selaku ketua Sekda Tabanan bahkan mengatakan tidak segan akan menurunkan Satpol PP jika ada lagi pihak-pihak yang melanggar SOP ataupun protokol kesehatan alias ‘memengkung’.Sementara itu ditambahkan oleh Kepala Bidang Pelayanan Medis dan Keperawatan dr. Ni Nyoman Astriningsih, menindaklanjuti kasus yang terjadi sebelumnya, pihaknya sudah langsung melakukan rapid test massal. Dari 200 tenaga kesehatan dan karyawan hasilnya nonreakltif. “Kami juga melakukan tracking pencarian kronologis, didapatkan 60 orang kontak erat terhadap pasien ini, dan sudah dilakukan swab, benar ditemukan 3 orang tenaga kesehatan terkonfirmasi positif. Karena tenaga medis memang memiliki risiko tinggi terpapar, namun mereka dalam kondisi stabil tanpa gejala. Ketiganya sudah diisolasi di RS rujukan dan hasil swab sudah kami terima semua negatif,” ucapnya.Dan dari pantauan di rumah sakit, sejumlah pasien pun mengaku tidak khawatir untuk tetap berobat ke RS Wisma Prashanti. Mereka meyakini, protokol kesehatan yang dilakukan pihak rumah sakit sudah sangat ketat.Terkait kewaspadaan terhadap penyebaran virus COVID-19, mereka sudah melakukan anjuran pemerintah dan pihak rumah sakit seperti cuci tangan dan menggunakan masker serta penerapan social distancing. (Puspawati/balipost)",BALIPOST.com,"Dajan Peken, 82114, Tabanan, Tabanan, Bali, Indonesia",-8.536609490935,115.13552944186335,5,"2, 7","kejaksaan, kejatibali, kejaritabanan, tabanan, news"
7 Tempat Wisata Keluarga di Tabanan Bali Mampir Kebun Bunga,2022-09-21T07:00:00.000Z,"Kabupaten Tabanan, Bali, Indonesia","7 Tempat Wisata Keluarga di Tabanan Bali, Mampir Kebun Bunga - Kompas.com","KOMPAS.com - Menghabiskan waktu liburan dengan mengunjungi tempat-tempat wisata di Tabanan bisa menjadi alternatif yang menarik, termasuk jika pergi bersama keluarga.
Jika pergi ke Bali naik pesawat, Kabupaten Tabanan tak begitu jauh dari Bandara I Gusti Ngurah Rai jika ditempuh menggunakan kendaraan. Jaraknya sekitar 30 kilometer, tergantung lokasi wisata yang dituju.","Untuk mencapainya hanya butuh waktu sekitar 1,5 jam.Baca juga: 28 Tempat Wisata Tabanan, Banyak Destinasi Liburan Keluarga
Sementara jika pergi naik mobil, misalnya berangkat dari Pulau Jawa kemudian menyebrang lewat Pelabuhan Ketapang ke Pelabuhan Gilimanuk, beberapa area di Tabanan juga relatif mudah diakses karena berada di kawasan Bali Barat.
Bagi kamu yang pergi liburan bersama keluarga, berikut beberapa pilihan tempat wisata keluarga di Tabanan Bali yang dapat dikunjungi.
Tempat wisata keluarga di Tabanan Bali
1. Tasta zoo
INSTAGRAM @tastazoo Tasta Zoo



Kebun binatang sering kali dijadikan destinasi edukasi seputar satwa, termasuk satwa-satwa liar dan langka yang mungkin tak pernah kita temui pada kehidupan sehari-hari.
Tasta Zoo adalah kebun binatang dan area konservasi yang berlokasi di Br Tegeh, Angseri, Kecamatan Baturiti, Tabanan.
Tak hanya berkeliling melihat koleksi satwanya, pengunjung juga bisa berinteraksi dengan sejumlah satwa, serta berfoto ria dengan latar patung-patung satwa dan Instagramable spot lainnya.
Baca juga: 25 Wisata Bali yang Populer dan Unik, Pas buat Libur Panjang 
Harga tiket masuk Tasta Zoo bagi wisatawan domestik adalah Rp 60.000 pada hari biasa dan Rp 70.000 pada akhir pekan.
Sementara bagi wisatawan mancanegara, harga tiket masuknya Rp 120.000 pada hari biasa dan Rp 200.000 pada akhir pekan.
Tasta Zoo buka pukul 09.00-17.00, dengan waktu check in terakhir pukul 16.30.
2.","Pada Hari Rabu , 21 September 2022 07:00, Tabanan, Tabanan, Bali

KOMPAS.com - Menghabiskan waktu liburan dengan mengunjungi tempat-tempat wisata di Tabanan bisa menjadi alternatif yang menarik, termasuk jika pergi bersama keluarga.
Jika pergi ke Bali naik pesawat, Kabupaten Tabanan tak begitu jauh dari Bandara I Gusti Ngurah Rai jika ditempuh menggunakan kendaraan. Jaraknya sekitar 30 kilometer, tergantung lokasi wisata yang dituju. Untuk mencapainya hanya butuh waktu sekitar 1,5 jam.Baca juga: 28 Tempat Wisata Tabanan, Banyak Destinasi Liburan Keluarga
Sementara jika pergi naik mobil, misalnya berangkat dari Pulau Jawa kemudian menyebrang lewat Pelabuhan Ketapang ke Pelabuhan Gilimanuk, beberapa area di Tabanan juga relatif mudah diakses karena berada di kawasan Bali Barat.
Bagi kamu yang pergi liburan bersama keluarga, berikut beberapa pilihan tempat wisata keluarga di Tabanan Bali yang dapat dikunjungi.
Tempat wisata keluarga di Tabanan Bali
1. Tasta zoo
INSTAGRAM @tastazoo Tasta Zoo



Kebun binatang sering kali dijadikan destinasi edukasi seputar satwa, termasuk satwa-satwa liar dan langka yang mungkin tak pernah kita temui pada kehidupan sehari-hari.
Tasta Zoo adalah kebun binatang dan area konservasi yang berlokasi di Br Tegeh, Angseri, Kecamatan Baturiti, Tabanan.
Tak hanya berkeliling melihat koleksi satwanya, pengunjung juga bisa berinteraksi dengan sejumlah satwa, serta berfoto ria dengan latar patung-patung satwa dan Instagramable spot lainnya.
Baca juga: 25 Wisata Bali yang Populer dan Unik, Pas buat Libur Panjang 
Harga tiket masuk Tasta Zoo bagi wisatawan domestik adalah Rp 60.000 pada hari biasa dan Rp 70.000 pada akhir pekan.
Sementara bagi wisatawan mancanegara, harga tiket masuknya Rp 120.000 pada hari biasa dan Rp 200.000 pada akhir pekan.
Tasta Zoo buka pukul 09.00-17.00, dengan waktu check in terakhir pukul 16.30.
2. Kebun Raya Bali
DOK KEBUN RAYA BALI Piknik di Kebun Raya Bali.
Jika mencari wisata alam, Tabanan memiliki banyak destinasi yang dapat dikunjungi.
Salah satu destinasi alam yang cocok dikunjungi bersama keluarga adalah Kebun Raya Bali.
Lokasinya ada di Jalan Kebun Raya, Candikuning, Kecamatan Baturiti, Kabupaten Tabanan, Bali.
Dikutip dari Kompas.com (01/09/2022), koleksi tanaman bisa kamu lihat dengan mengunjungi area seperti Taman Rhododendron, Taman Anggrek, Rumah Kaca Kaktus, Taman Aquatik, dan lainnya.
Baca juga: Seharian di Kebun Raya Bali, Bisa Apa Saja?
Tak hanya berkeliling melihat koleksi tanaman, pengunjung juga bisa santai di rerumputan sambil melihat pemandangan danau dan perbukitan di sekitar, atau bahkan menyewa spot piknik dan barbeque agar kebersamaan semakin terasa.
Jika lelah berjalan kaki untuk mengelilingi area kebun, kamu bisa memilih naik shuttle bus, sepeda, atau bahkan skuter.

3. Desa Coklat Bali
DOK DESA COKLAT BALI Desa Coklat BaliMengetahui proses pengolahan coklat, mulai dari penanaman, pengolahan di pabrik, hingga menyantapnya atau membawa pulang produk coklat menjadi aktivitas menarik yang bisa dijajal bersama keluarga.
Jika penasaran, kamu dan keluarga bisa mampir ke Desa Coklat Bali.
Lokasinya berada di Jalan Raya Marga-Apuan, Km 7, Desa Cau, Kabupaten Tabanan.
""Ini adalah agro-eduwisata, di mana kita juga belajar antara coklat dan Bali. Untuk coklatnya, kami mengenalkan tentang proses kakao menjadi coklat, baik dari proses awal -kami sebutnya bibit, sampai dikonsumsi,"" kata CEO CAU Chocolate Bali, Kadek Surya Prasetya Wiguna kepada Kompas.com, Jumat (26/08/2022).
Baca juga: 5 Aktivitas di Desa Coklat Bali, Seharian Jadi Petani Kakao
Setelah lelah berkeliling, pengunjung bisa santai di restorannya dan mencicipi berbagai menu, termasuk menu berbahan dasar coklat.
Beberapa menu berbahan dasar coklat yang jadi favorit antara lain Raw Cacao Ice Cream, Fruity Cacao Pizza, dan beragam menu minuman coklat.
4. The Blooms Garden
SITUS THE BLOOMS GARDEN The Blooms Garden merupakan salah satu tempat wisata dekat Kebun Raya Bali, Tabanan.Mampir ke taman rekreasi seluas 4,5 hektar, yakni The Blooms Garden, juga bisa dimasukkan ke dalam daftar wisata keluarga di Tabanan yang menarik untuk dikunjungi.
Dikutip dari Kompas.com (04/09/2022), destinasi ini memiliki beberapa area taman bunga yang menonjolkan ciri khas masing-masing. Taman-taman tersebut di antaranya Taman Belanda, Taman Cinta, Taman Dewi Danu, Taman Oval, dan lainnya.
Baca juga: 5 Tempat Wisata Dekat Kebun Raya Bali
Di Taman Belanda, misalnya, penunjung bisa menemukan ornamen dua kincir yang merupakan ikon negara Belanda. Selain mengeksplorasi taman bunga, ada pula aktivitas lain seperti naik ATV, main di playground anak, kulineran di restoran, dan lainnya.
The Blooms Garden berlokasi di Desa Batusea, Kecamatan Baturiti, Tabanan.
Harga tiket masuknya Rp 30.000 untuk dewasa dan Rp 15.000 untuk anak usia 5-12 tahun.
5. Taman Kupu-kupu
SHUTTERSTOCK/GALINA SAVINA Taman Kupu-kupu Bali
Destinasi wisata keluarga di Tabanan lainnya adalah Taman Kupu-kupu, yang berlokasi di Jalan Batukaru, Desa Sesandan, Kecamatan Penebel, Tabanan.
Dikutip dari Kompas.com, (20/09/2022), meski dinamai ""kupu-kupu"", namun destinasi yang berdiri sejak 1996 silam ini tak hanya menghadirkan beragam jenis kupu-kupu. Dikutip dari Tribun Bali, Taman Kupu-kupu turut menghadirkan serangga lain, seperti belalang kayu, kumbang tanduk, hingga tarantula.
Baca juga: 10 Rute Penerbangan Domestik Tersibuk di Dunia, Ada Jakarta-Bali
Untuk menuju ke destinasi ini, pengunjung perlu menempuh perjalanan sekitar 1,5 jam dari bandara atau 40 kilometer.

6. Sila's Agrotourism
SITUS THE SILA'S ARGOTOURISM Area bermain anak di The SILA's Agrotourism, salah satu tempat wisata dekat Kebun Raya Bali.
Sila's Arotourism adalah destinasi lainnya di Tabanan yang dapat dikunjungi bersama keluarga.
Selain memyediakan area rekreasi, tempat ini juga menjadi tempat pendidikan, sekaligus program pelatihan Sumber Daya Manusia (SDM) yang berdiri di atas lahan seluas 10 hektar.
Dikutip dari Kompas.com, beberapa aktivitas luar ruang yang bisa dijajal antara lain berkemah, outbound, flying fox, ATV, mini trail, berkuda, paintball, trekking, bersepeda, dan lainnya.
Baca juga: 6 Tempat Melihat Sunset di Bali, Ada yang Terbaik di Dunia
Jika sekadar ingin bersantai sambil menikmati udara sejuk dan panorama danau serta perbukitan yang menakjubkan, kamu juga bisa duduk di coffee shop yang tersedia sambil memesan menu yang ada di sana.
Untuk tamu yang ingin bermalam bisa coba menginap di Hobbiton dengan harga mulai dari Rp 200.000 per orang per malam, sudah termasuk tempat tidur, sleeping bag, perlengkapan mandi, sarapan, serta perapian.
7. Pantai Pasut
SITUS PEMERINTAH KABUPATEN TABANAN Pantai Pasut di Kabupaten Tabanan, Bali.
Liburan ke Bali, rasanya kurang sah jika tidak mampir ke pantai. 
Tabanan memiliki beberapa pantai yang bisa dikunjungi, dengan karakteristik dan keunikannya masing-masing.
Salah satu pantai populer di Tabanan adalah Tanah Lot atau Pura Tanah Lot, kemudian ada pula Pantai Kedungu, Pantai Soan Galuh, Pantai Kelecung, Pantai Kelating, dan lainnya.
Baca juga: 9 Wisata Pantai di Tabanan Bali, Tak Cuma Tanah Lot
Jika mencari pantai yang dapat dijadikan tempat wisata keluarga, Pantai Pasut bisa jadi pilihan.
Ombak di pantai ini relatif tidak tinggi, sehingga cukup aman untuk dijadikan tempat berenang atau snorkeling.
Selain untuk berenang atau snorkeling, pengunjung pantai berpasir hitam lembut ini bisa bersantai sambil berjemur, bermain pasir, berolahraga, atau berburu foto.
Lokasi Pantai Pasut ada di Jalan Raya Pasut, Desa Tibubiu, Kecamatan Kerambitan, Kabupaten Tabanan.



    
        Bayangkan seorang anak Indonesia bercita-cita menjadi dokter tetapi hanya memiliki satu buku lusuh untuk belajar. Bersama Ekspedisi Kata ke Nyata Kompas.com, Anda bisa membantu mengubah kisah itu. Mari hadirkan akses literasi bagi anak-anak di berbagai pelosok Indonesia melalui donasi lewat tautan https://bit.ly/JagatLiterasi2026. Setiap kebaikan yang Anda berikan bukan hanya membuka jendela pengetahuan, tetapi juga membuka masa depan mereka.",Kompas.com,"Dajan Peken, 82114, Tabanan, Tabanan, Bali, Indonesia",-8.536609490935,115.13552944186335,5,"2, 7","kejaksaan, kejatibali, kejaritabanan, tabanan, news"
Awasi Peredaran Truk Pengangkut Penjual LPG 3 Kg Ditempeli Stiker,2018-05-06T07:00:00.000Z,"Kabupaten Tabanan, Bali, Indonesia","Awasi Peredaran, Truk Pengangkut Penjual LPG 3 Kg Ditempeli Stiker - BALIPOST.com","Untuk mengawasi penjualan LPG 3 Kg, Pertamina menerapkan peraturan baru dimana truk pengangkut harus ditempeli stiker yang berisi identitas nama Agen dan nomor barcode. (BP/san)TABANAN, BALIPOST.com – Kebutuhan masyarakat yang masih tinggi akan LPG ukuran 3 kilogram membuat peredaran tabung gas berwarna hijau ini diawasi ketat agar tidak disalahgunakan.","Tabanan sendiri tahun ini kouta tabung LPG 3 kg nya mengalami peningkatan sebanyak dua persen. Untuk mengawasi agar kouta ini tidak keluar dari wilayah Tabanan atau dijual ke daerah lain, pihak Pertamina saat ini mengharuskan seluruh agen untuk menempelkan stiker identitas pada truk pengangkut dari pangkalannya.Bagi truk pengangkut yang tidak ditempeli stiker akan diberikan sanksi oleh Pertamina.","Pada Hari Minggu , 6 Mei 2018 07:00, Tabanan, Tabanan, Bali

Untuk mengawasi penjualan LPG 3 Kg, Pertamina menerapkan peraturan baru dimana truk pengangkut harus ditempeli stiker yang berisi identitas nama Agen dan nomor barcode. (BP/san)TABANAN, BALIPOST.com – Kebutuhan masyarakat yang masih tinggi akan LPG ukuran 3 kilogram membuat peredaran tabung gas berwarna hijau ini diawasi ketat agar tidak disalahgunakan. Tabanan sendiri tahun ini kouta tabung LPG 3 kg nya mengalami peningkatan sebanyak dua persen. Untuk mengawasi agar kouta ini tidak keluar dari wilayah Tabanan atau dijual ke daerah lain, pihak Pertamina saat ini mengharuskan seluruh agen untuk menempelkan stiker identitas pada truk pengangkut dari pangkalannya.Bagi truk pengangkut yang tidak ditempeli stiker akan diberikan sanksi oleh Pertamina. Kepala Pelaksana Tim Pengendali Inflasi Daerah (TPID) Tabanan, I Gusti Putu Ekayana, Minggu (6/5) mengatakan mulai tahun 2018 ini kouta LPG 3 kg di Tabanan naik dua persen atau menjadi 18.426 tabung. Ia juga menambahkan harga LPG yang dibeli oleh agen ke Pertamina mengalami kenaikan Rp 250 yaitu dari Rp 13.300 menjadi 13.550.Kenaikan harga pembelian LPG 3 kg di tingkat agen ini menurut Ekayana tidak mempengaruhi harga jual di Agen yaitu tetap sesuai HET (Harga Eceran Tertinggi) yaitu Rp 14.500.Hal terbaru yang juga diterapkan tahun 2018 dalam hal pengawasan distribusi LPG 3 kg lanjut Ekayana adalah penempelan stiker pada truk pengakut LPG 3 kilogram. Dijelaskan Ekayana setiap agen memiliki pangkalan masing-masing. Setiap pangkalan ini memiliki truk pengangkut. Pada truk pengangkut inilah harus ditempeli stiker yang tertera nama agen resmi penyalur tabung 3 kilogram. Jika pada truk tidak terpasang stiker, hal ini dianggap tidak resmi dan agen yang melakukan keteledoran kata Ekayana akan mendapatkan sanksi dari Pertamina. ‘’Sanksinya berupa sanksi admin dari Pertamina,’’ papar Ekayana.Adanya stiker ini menurutnya adalah sebagai cara agar distribusi LPG 3 kilogram tidak keluar ke daerah lain. Sebab, menurut Ekayana setiap daerah memiliki kouta masing-masing dan sudah diperhitungkan sesuai kebutuhan masyarakatnya. Jika ada kouta yang keluar tentu kebutuhan LPG 3 kilogram di suatu daerah akan menjadi terganggu dan menimbulkan kelangkaan. Karenanya dengan adanya stiker, masyarakat bisa tahu darimana LPG 3 kilogram tersebut berasal sehingga bisa dilaporkan jika menjualnya diluar daerah yang tidak sesuai dengan  informasi di stiker yang tercantum.‘’Misalkan tertulis agen yang beralamatkan di Tabanan, tetapi truknya menurunkan LPG 3 kilogram di Singaraja. Ini bisa dilaporkan dan mendapatkan sanksi,’’ jelas Ekayana.Untuk saat ini menjelang Galungan dan Kuningan menurut Ekayana tidak ada kelangkaan stok LPG 3 kilogram. Meski diakuinya harga ditingkat pengecer masih di atas HET atau berkisar antara Rp 18.000 hingga Rp 20.000. ‘’Harga di pengecer memang belum bisa sesuai harga HET karena perdagang memperhitungkan biaya tranpostrasi dan lainnya. Tetapi jika masyarakat ingin membeli LPG 3 kg sesuai harga HET bisa langsung membeli ke pangkalan atau agen atau SPBU yang juga menjual tabung gas,’’ ujarnya. (wira sanjiwani/balipost)",BALIPOST.com,"Dajan Peken, 82114, Tabanan, Tabanan, Bali, Indonesia",-8.536609490935,115.13552944186335,5,"2, 7","kejaksaan, kejatibali, kejaritabanan, tabanan, news"
Kasus DID Tabanan KPK Panggil Eks Wakil Ketua DPRD,2022-02-04T08:00:00.000Z,"Kabupaten Tabanan, Bali, Indonesia","Kasus DID Tabanan, KPK Panggil Eks Wakil Ketua DPRD - nasional.kompas.com","JAKARTA, KOMPAS.com - Penyidik Komisi Pemberantasan Korupsi (KPK) menjadwalkan pemeriksaan terhadap mantan Wakil Ketua DPRD Kabupaten Tabanan periode 2017-2019, I Made Meliani pada Jumat (3/2/2022).
I Made Meliani akan diperiksa sebagai saksi terkait kasus dugaan korupsi pemberian dan penerimaan hadiah atau janji pengurusan dana insentif daerah (DID) Kabupaten Tabanan, Bali, tahun anggaran 2018.""Pemeriksaan akan dilakukan Kantor Perwakilan BPKP Provinsi Bali, Jl Tantular Nomor 3054, Panjer, Denpasar Selatan, Kota Denpasar,"" ujar Pelaksana Tugas Juru Bicara KPK Ali Fikri, melalui keterangan tertulis, Jumat.
Selain eks Wakil Ketua DPRD Tabanan, KPK juga mengagendakan pemeriksaan terhadap Ketua Komisi I DPRD Tabanan tahun 2016 I Putu Eka Putra Cahyadi; Kepala Badan Keuangan Daerah Tabanan tahun 2016-2017 I Made Sukada dan Kepala Bagian Umum Setda Kabupaten Tabanan tahun 2017 I Made Sumerta Yasa.
Baca juga: Kasus DID Tabanan, KPK Panggil 4 Manajer Hotel di Jakarta sebagai Saksi
Kemudian, Kepala Badan Perencanaan Penelitian dan Pengembangan (Bappelitbang) Tabanan Ida Bagus Wiratmaja; Kasubid Kasda Pemkab Tabanan Ni Made Wasasih; eks plh Sekda Pemkab Karangasem I Made Sujana Erawan; eks Kadis PU I Made Yudiana dan Kepala Dinas Perpustakaan dan Arsip Dewa Ayu Budiarti.




Selain itu, ajudan Bupati Tabanan I Ketut Suwita; Direktur PT Dayu I Made Purniarta; Direktris CV Panugrah Ni Made Maharini; Direktris CV Kerang Mutiara Utama I Nyoman Ely Krisnawati dan Direktur CV Nitra Sakti I Nyoman Yupi Astika turut diperiksa sebagai saksi.Hingga kini, ujar Ali, tim penyidik masih terus mengumpulkan dan melengkapi bukti-bukti terkait dugaan korupsi dana insentif daerah Kabupaten Tabanan.
Ia mengatakan, KPK akan menjelaskan konstruksi perkara dan siapa saja pihak-pihak yang akan ditetapakan sebagai tersangka pada saat penyelidikan tersebut dinilai cukup.
""Kami pastikan setelah penyidikan cukup, kami akan sampaikan kontruksi utuh perkara dan pihak-pihak yang ditetapkan sebagai tersangka,"" kata Ali.
Baca juga: KPK Telusuri Aktivitas Pihak-pihak yang Terkait Pengurusan DID Tabanan
Dalam kasus ini, KPK telah melakukan penggeledahan di sejumlah tempat di Kabupaten Tabanan, Bali, pada Rabu (27/10/2021).
Lokasi yang digeledah antara lain Kantor Dinas PUPR, Kantor Bapelitbang, Kantor Badan Keuangan Daerah Tabanan, Kantor DPRD, serta rumah kediaman pihak yang terkait dengan perkara tersebut.




  

    
        Bayangkan seorang anak Indonesia bercita-cita menjadi dokter tetapi hanya memiliki satu buku lusuh untuk belajar. Bersama Ekspedisi Kata ke Nyata Kompas.com, Anda bisa membantu mengubah kisah itu.","Mari hadirkan akses literasi bagi anak-anak di berbagai pelosok Indonesia melalui donasi lewat tautan https://bit.ly/JagatLiterasi2026. Setiap kebaikan yang Anda berikan bukan hanya membuka jendela pengetahuan, tetapi juga membuka masa depan mereka.","Pada Hari Jumat , 4 Februari 2022 08:00, Tabanan, Tabanan, Bali

JAKARTA, KOMPAS.com - Penyidik Komisi Pemberantasan Korupsi (KPK) menjadwalkan pemeriksaan terhadap mantan Wakil Ketua DPRD Kabupaten Tabanan periode 2017-2019, I Made Meliani pada Jumat (3/2/2022).
I Made Meliani akan diperiksa sebagai saksi terkait kasus dugaan korupsi pemberian dan penerimaan hadiah atau janji pengurusan dana insentif daerah (DID) Kabupaten Tabanan, Bali, tahun anggaran 2018.""Pemeriksaan akan dilakukan Kantor Perwakilan BPKP Provinsi Bali, Jl Tantular Nomor 3054, Panjer, Denpasar Selatan, Kota Denpasar,"" ujar Pelaksana Tugas Juru Bicara KPK Ali Fikri, melalui keterangan tertulis, Jumat.
Selain eks Wakil Ketua DPRD Tabanan, KPK juga mengagendakan pemeriksaan terhadap Ketua Komisi I DPRD Tabanan tahun 2016 I Putu Eka Putra Cahyadi; Kepala Badan Keuangan Daerah Tabanan tahun 2016-2017 I Made Sukada dan Kepala Bagian Umum Setda Kabupaten Tabanan tahun 2017 I Made Sumerta Yasa.
Baca juga: Kasus DID Tabanan, KPK Panggil 4 Manajer Hotel di Jakarta sebagai Saksi
Kemudian, Kepala Badan Perencanaan Penelitian dan Pengembangan (Bappelitbang) Tabanan Ida Bagus Wiratmaja; Kasubid Kasda Pemkab Tabanan Ni Made Wasasih; eks plh Sekda Pemkab Karangasem I Made Sujana Erawan; eks Kadis PU I Made Yudiana dan Kepala Dinas Perpustakaan dan Arsip Dewa Ayu Budiarti.




Selain itu, ajudan Bupati Tabanan I Ketut Suwita; Direktur PT Dayu I Made Purniarta; Direktris CV Panugrah Ni Made Maharini; Direktris CV Kerang Mutiara Utama I Nyoman Ely Krisnawati dan Direktur CV Nitra Sakti I Nyoman Yupi Astika turut diperiksa sebagai saksi.Hingga kini, ujar Ali, tim penyidik masih terus mengumpulkan dan melengkapi bukti-bukti terkait dugaan korupsi dana insentif daerah Kabupaten Tabanan.
Ia mengatakan, KPK akan menjelaskan konstruksi perkara dan siapa saja pihak-pihak yang akan ditetapakan sebagai tersangka pada saat penyelidikan tersebut dinilai cukup.
""Kami pastikan setelah penyidikan cukup, kami akan sampaikan kontruksi utuh perkara dan pihak-pihak yang ditetapkan sebagai tersangka,"" kata Ali.
Baca juga: KPK Telusuri Aktivitas Pihak-pihak yang Terkait Pengurusan DID Tabanan
Dalam kasus ini, KPK telah melakukan penggeledahan di sejumlah tempat di Kabupaten Tabanan, Bali, pada Rabu (27/10/2021).
Lokasi yang digeledah antara lain Kantor Dinas PUPR, Kantor Bapelitbang, Kantor Badan Keuangan Daerah Tabanan, Kantor DPRD, serta rumah kediaman pihak yang terkait dengan perkara tersebut.




  

    
        Bayangkan seorang anak Indonesia bercita-cita menjadi dokter tetapi hanya memiliki satu buku lusuh untuk belajar. Bersama Ekspedisi Kata ke Nyata Kompas.com, Anda bisa membantu mengubah kisah itu. Mari hadirkan akses literasi bagi anak-anak di berbagai pelosok Indonesia melalui donasi lewat tautan https://bit.ly/JagatLiterasi2026. Setiap kebaikan yang Anda berikan bukan hanya membuka jendela pengetahuan, tetapi juga membuka masa depan mereka.    
                    Batas akses KARIN
                    
                        Kamu sudah mencapai batas akses KARIN.
                        Gabung membership Kompas.com+ MAX untuk bertanya lebih banyak dan memahami berita dengan lebih leluasa.
                    
                
            
                    
                    
                    Tidak akurat
                
                
                    
                    
                    Tidak relevan
                
                
                    
                    
                    Menyinggung
                
                
                    
                    
                    Terlalu lama
                
                
                    
                    
                    Isu privasi
                
                
                    
                    
                    Lainnya
                
            
            
                    Khusus Member
                    
                        Akses Tanya Langsung Tersedia untuk Member
                        Gabung membership Kompas.com+ MAX untuk bertanya lebih banyak dan memahami berita dengan lebih leluasa.",nasional.kompas.com,"Dajan Peken, 82114, Tabanan, Tabanan, Bali, Indonesia",-8.536609490935,115.13552944186335,5,"2, 7","kejaksaan, kejatibali, kejaritabanan, tabanan, news"
Suka Duka Sekaa di Jembrana Pelihara Instrumen Jegog,2018-04-14T07:00:00.000Z,"Kabupaten Tabanan, Bali, Indonesia",Suka Duka Sekaa di Jembrana Pelihara Instrumen Jegog - BALIPOST.com,"Sekeha memainkan instrumen Jegog. (BP/dok)NEGARA, BALIPOST.com – Kesenian Jegog yang identik dengan Kabupaten Jembrana disamping memiliki suara gamelan yang khas, perawatannya juga tergolong ekstra dan mahal.","Dalam merawat gamelan Jegog ini, diperlukan tempat dan perlakuan khusus.Sebab dibandingkan gong atau gamelan lainnya, alat musik jegog lebih rentan rusak karena faktor cuaca ataupun tempat penyimpanan yang tak layak. Satu saja bambu yang rusak/pecah diperlukan biaya yang tidak sedikit.Minimal Rp 350 ribu per satu bilah bambu.","Pada Hari Sabtu , 14 April 2018 07:00, Tabanan, Tabanan, Bali

Sekeha memainkan instrumen Jegog. (BP/dok)NEGARA, BALIPOST.com – Kesenian Jegog yang identik dengan Kabupaten Jembrana disamping memiliki suara gamelan yang khas, perawatannya juga tergolong ekstra dan mahal. Dalam merawat gamelan Jegog ini, diperlukan tempat dan perlakuan khusus.Sebab dibandingkan gong atau gamelan lainnya, alat musik jegog lebih rentan rusak karena faktor cuaca ataupun tempat penyimpanan yang tak layak. Satu saja bambu yang rusak/pecah diperlukan biaya yang tidak sedikit.Minimal Rp 350 ribu per satu bilah bambu. Bahan bambu yang digunakan pun jarang ditemukan di Jembrana lagi.Untuk mendapatkan bambu petung (bagian paling belakang) yang berdiameter besar itu, para perajin harus mencari di luar Jembrana, seperti Tabanan dan Karangasem. “Sekarang hampir tidak ada (bambu petung), harus memesan di Tabanan atau Gianyar,” ujar Oka, pemain Jegog asal Kelurahan Sangkaragung.Sehingga ketika gamelan bambu itu pecah, maka akan kesulitan dan biayanya cukup besar. Apalagi, saat pementasan Jegog dilakukan mebarung (adu suara) antar-sekaa, peluang pecahnya bambu cukup besar.Sehingga sekaa harus menyiapkan cadangan gamelan ketika bambu pecah. Begitu halnya dengan bambu lainnya yang lebih kecil seperti bambu jajang atau santong (lebih kecil) untuk suwir, kantil dan barangan masih bisa diperoleh.I Ketut Dernen, seniman penyetel gamelan Jegog asal Pancardawa, Kelurahan Pendem  beberapa waktu lalu mengatakan gamelan Jegog memiliki keistimewaan sehingga perawatannya pun harus ekstra. Bambu yang digunakan pun juga harus yang terpilih.Selain perangkat yang besar, nada suara lazimnya berubah saat berganti cuaca atau iklim. Misalnya, ketika alat musik bambu itu dibawa ke daerah dataran tinggi yang dingin, ketika ditabuh suaranya pasti berubah.Dernen berharap kendatipun instrumen musik ini cukup boros tempat, bisa disetarakan dengan alat musik lainnya. Pascabom Bali tahun 2000 lalu, banyak sekaha di Jembrana yang terpuruk karena minimnya pentas ke luar daerah dan minim pembiayaan. Sedangkan pentas-pentas di dalam Jembrana, bayaran tak sebanding dengan biaya yang dikeluarkan. Padahal perawatan untuk alat musik ini cukup tinggi.Seringkali, biaya untuk transportasi alat, penabuh serta perawatan gambelan lebih besar dari bayaran yang diterima. Untuk membuat seperangkat alat musik Jegog minimal dibutuhkan dana hingga Rp 50 juta.Pria kelahiran tahun 1956 ini selain menabuh juga dikenal kemampuannya dalam menyelaraskan nada gamelan Jegog. Tidak semua seniman memiliki kemampuan menyetel alat musik dari bambu ini.Bahkan Dernen mampu menyetel nada Jegog utuh dalam satu oktaf (do-re-mi-fa-sol-la-si-do). “Sekarang saya lebih banyak kerja kalau dipanggil, ada yang memanggil saya kerjakan disana. Bayaran tidak menarget, yang penting (gamelan) jadi dan senang sudah jadi,” kata pria berpenampilan sederhana ini.Keahlian seniman yang mengantongi penghargaan Satya Laksana Dharma Kusuma tahun 2013 ini, diperolehnya dari orang tua dan para seniman pembuat Jegog pendahulunya. Sisa bambu Jegog yang sudah rusak atau pecah biasanya tidak lagi dipergunakan dan dibuang.Namun di tangan orang-orang kreatif, limbah bambu Jegog itu dimanfaatkan lagi untuk hal lainnya. Seperti yang dilakukan sejumlah siswa dan guru SMAN 2 Negara.Bambu bekas gamelan Jegog yang menumpuk dan tidak bisa digunakan lagi, dimanfaatkan kembali. Seperti untuk pot tanaman misalnya.Kepala SMAN 2 Negara, I Wayan Sudiarta mengatakan sekolah sengaja memanfaatkan bambu gamelan Jegog sekolah yang rusak itu agar berguna kembali. “Dari pada tidak digunakan dan menumpuk, kami manfaatkan untuk pot tanaman untuk di sekitar sekolah,” terangnya.SMAN 2 Negara merupakan salah satu SMA yang memiliki gamelan Jegog ini dan sering tampil dengan penabuh para siswa. Selain pot bunga, bambu yang diantaranya berdiameter besar ini juga bisa dimanfaatkan untuk kerajinan lainnya seperti asbak atau tempat pensil. (Surya Dharma/balipost)",BALIPOST.com,"Dajan Peken, 82114, Tabanan, Tabanan, Bali, Indonesia",-8.536609490935,115.13552944186335,5,"2, 7","kejaksaan, kejatibali, kejaritabanan, tabanan, news"
Kombinasi Pertanian dan Pariwisata Jadi Keunggulan Tabanan di Bali,2023-06-24T07:00:00.000Z,"Kabupaten Tabanan, Bali, Indonesia","Kombinasi Pertanian dan Pariwisata, Jadi Keunggulan Tabanan di Bali - Kompas.com","KOMPAS.com - Kabupaten Tabanan di Provinsi Bali berupaya menggabungkan potensi daerah mereka yaitu pertanian, dengan sektor pariwisata.
Cara ini menjadi salah satu langkah strategis untuk memanfaatkan kekuatan Tabanan di sektor pertanian, seperti disampaikan oleh Bupati Tabanan I Komang Gede Sanjaya.“Jadi kalau kami membajak sawah, bagaimana kearifan lokal para pekerja di sawah bisa (sekaligus) menjadi atraksi pariwisata. Begitu juga saat aktivitas (biji) kopi dipetik, bisa jadi atraksi, itulah bonusnya,” kata Sanjaya saat ditemui di kantor Kompas Gramedia Jakarta, Jumat (23/6/2023).
Baca juga: Tabanan, Lumbung Padinya Bali dengan Keindahan Alam Lengkap
Untuk beberapa aktivitas, seperti melihat proses membajak sawah sampai memetik biji kopi, wisatawan mancanegara sampai rela membayar.
Lebih lanjut, Sanjaya menjelaskan, pariwisata mencakup makna yang luas.","Bukan hanya sekadar mengunjungi tempat wisata yang indah, tetapi juga menikmati atau bahkan mencoba pengalaman unik.





Oleh karena itu, ia menilai aktivitas yang berkaitan dengan pertanian sebagai sektor paling utama di Tabanan, bisa dijadikan sebagai sarana wisata sekaligus.
“Jadi pariwisata sebagai daya dukung pertanian itu. Sektor pertanian sebagai hulu, dan bonusnya pariwisata,” ungkapnya.
Tabanan yang kaya keindahan alam
Menurut Sanjaya, Tabanan agak berbeda dari kabupaten atau kota lainnya di Bali karena lebih fokus bergerak pada bidang pertanian.
“Hampir 75 persen masyarakat Tabanan bergerak di pertanian.","Pada Hari Sabtu , 24 Juni 2023 07:00, Tabanan, Tabanan, Bali

KOMPAS.com - Kabupaten Tabanan di Provinsi Bali berupaya menggabungkan potensi daerah mereka yaitu pertanian, dengan sektor pariwisata.
Cara ini menjadi salah satu langkah strategis untuk memanfaatkan kekuatan Tabanan di sektor pertanian, seperti disampaikan oleh Bupati Tabanan I Komang Gede Sanjaya.“Jadi kalau kami membajak sawah, bagaimana kearifan lokal para pekerja di sawah bisa (sekaligus) menjadi atraksi pariwisata. Begitu juga saat aktivitas (biji) kopi dipetik, bisa jadi atraksi, itulah bonusnya,” kata Sanjaya saat ditemui di kantor Kompas Gramedia Jakarta, Jumat (23/6/2023).
Baca juga: Tabanan, Lumbung Padinya Bali dengan Keindahan Alam Lengkap
Untuk beberapa aktivitas, seperti melihat proses membajak sawah sampai memetik biji kopi, wisatawan mancanegara sampai rela membayar.
Lebih lanjut, Sanjaya menjelaskan, pariwisata mencakup makna yang luas. Bukan hanya sekadar mengunjungi tempat wisata yang indah, tetapi juga menikmati atau bahkan mencoba pengalaman unik.





Oleh karena itu, ia menilai aktivitas yang berkaitan dengan pertanian sebagai sektor paling utama di Tabanan, bisa dijadikan sebagai sarana wisata sekaligus.
“Jadi pariwisata sebagai daya dukung pertanian itu. Sektor pertanian sebagai hulu, dan bonusnya pariwisata,” ungkapnya.
Tabanan yang kaya keindahan alam
Menurut Sanjaya, Tabanan agak berbeda dari kabupaten atau kota lainnya di Bali karena lebih fokus bergerak pada bidang pertanian.
“Hampir 75 persen masyarakat Tabanan bergerak di pertanian. Kami masyarakat agraris, 25 persennya baru pariwisata,” ujar dia.Baca juga: Pantai Nyanyi Tabanan Bali: Jam Buka, Tiket Masuk, dan Aktivitas
Kendati tidak berfokus utama pada pariwisata, Sanjaya menjelaskan bahwa bentang alam di Tabanan merupakan salah satu yang terlengkap di Bali. Mulai dari pantai, gunung, sawah, hingga danau, semua dimiliki oleh Tabanan.
“Tabanan ada gunung, danau Beratan itu atraksi yang baik sekali. Kami juga punya sawah sebagai heritage, sawah abadi,” kata dia.
Namun, ia mengakui bahwa sampai saat ini, pantai dan pura di Tanah Lot masih menjadi daya tarik utama bagi wisatawan domestik maupun mancanegara.
UNSPLASH/NICK FEWINGS Pura Tanah Lot, salah satu kawasan wisata pantai di Tabanan, Bali. Berikut nama-nama bulan dalam Kalender Saka Bali.
“Sampai saat ini kunjungan terbanyak yang dikunjungi adalah Tanah Lot. Kalau ada pura di tengah laut, pasti Tanah Lot,” terangnya.
Selain Tanah Lot, beberapa atraksi wisata di Tabanan yang cukup ramai dikunjungi wisatawan antara lain seperti The Blooms Garden, Danau Beratan, Jatiluwih, Pantai Soka, Kebun Raya Bali, Taman Kupu-kupu, dan Museum Subak.
Baca juga: 9 Wisata Pantai di Tabanan Bali, Tak Cuma Tanah Lot
Di luar dari atraksi yang cukup populer di atas, wisatawan juga bisa mengeksplorasi Tabanan lebih lama lagi saat berkunjung, untuk bisa mendapatkan sejumlah hidden gem di sana.
Mulai dari air terjun, gua tempat melihat matahari terbenam (sunset), terasering yang terjaga, dan masih banyak lagi potensi alam lainnya di Tabanan.


  

    
        Bayangkan seorang anak Indonesia bercita-cita menjadi dokter tetapi hanya memiliki satu buku lusuh untuk belajar. Bersama Ekspedisi Kata ke Nyata Kompas.com, Anda bisa membantu mengubah kisah itu. Mari hadirkan akses literasi bagi anak-anak di berbagai pelosok Indonesia melalui donasi lewat tautan https://bit.ly/JagatLiterasi2026. Setiap kebaikan yang Anda berikan bukan hanya membuka jendela pengetahuan, tetapi juga membuka masa depan mereka.",Kompas.com,"Dajan Peken, 82114, Tabanan, Tabanan, Bali, Indonesia",-8.536609490935,115.13552944186335,5,"2, 7","kejaksaan, kejatibali, kejaritabanan, tabanan, news"
Warga Diam di Rumah Jalan di Tabanan Lengang,2020-03-26T07:00:00.000Z,"Kabupaten Tabanan, Bali, Indonesia","Warga Diam di Rumah, Jalan di Tabanan Lengang - BALIPOST.com","TABANAN, BALIPOST.com – Suasana ruas jalan di Kabupaten Tabanan pada Kamis (26/3) atau pasca-Nyepi bampak lengang. Masyarakat telah banyak yang mengikuti himbauan pemerintah untuk tetap berada di rumah masing-masing.Jajaran kepolisian serta sejumlah pecalang pun ikut mengamankan instruksi pemerintah tersebut.",Sejumlah kendaraan yang melintas pun dihentikan oleh jajaran Satlantas Polres Tabanan.Ada diantaranya yang diperbolehkan melintas karena memang pekerjaan atau yang sifatnya penting. Sementara ada pula yang diminta untuk balik pulang ke rumah.Seperti disampaikan Kasat Lantas Polres Tabanan Iptu Ni Luh Putu Wila.,"Pada Hari Kamis , 26 Maret 2020 07:00, Tabanan, Tabanan, Bali

TABANAN, BALIPOST.com – Suasana ruas jalan di Kabupaten Tabanan pada Kamis (26/3) atau pasca-Nyepi bampak lengang. Masyarakat telah banyak yang mengikuti himbauan pemerintah untuk tetap berada di rumah masing-masing.Jajaran kepolisian serta sejumlah pecalang pun ikut mengamankan instruksi pemerintah tersebut. Sejumlah kendaraan yang melintas pun dihentikan oleh jajaran Satlantas Polres Tabanan.Ada diantaranya yang diperbolehkan melintas karena memang pekerjaan atau yang sifatnya penting. Sementara ada pula yang diminta untuk balik pulang ke rumah.Seperti disampaikan Kasat Lantas Polres Tabanan Iptu Ni Luh Putu Wila. Untuk kendaraan seperti truk yang melintas di jalan Denpasar-Gilimanuk, pihaknya menerapkan selektif prioritas. Artinya truk yang tidak mengangkut barang atau bahan pokok diarahkan dulu ke Terminal Pesiapan. “Tetapi jika mengangkut kebutuhan pokok kita jalankan, dan untuk kendaraan roda dua kita arahkan kembali pulang jika disekitar sini,” terangnya.Di sisi lain, selain himbauan agar tidak keluar rumah pada Kamis, Bupati Tabanan Ni Putu Eka Wiryastuti juga mengeluarkan surat edaran yang memerintahkan pengelola kafe dan pusat hiburan umum di Tabanan untuk menutup operasional usahanya sampai 30 Maret 2020. Kebijakan ini dikeluarkan lantaran penyebaran virus Corona yang makin meluas, dengan melakukan pembatasan kegiatan keramaian. (Puspawati/balipost)",BALIPOST.com,"Dajan Peken, 82114, Tabanan, Tabanan, Bali, Indonesia",-8.536609490935,115.13552944186335,5,"2, 7","kejaksaan, kejatibali, kejaritabanan, tabanan, news"
