title,when_,where,who,what,why,how,source_agent_report,location_name,latitude,longitude,category,data_of_information,hashtags
GSJT Soroti Santunan Korban KM Virgo Rp 50 Juta Minta Beasiswa Anak Korban,2026-09-30T17:18:00.000Z,"Kabupaten Tabanan, Bali, Indonesia","GSJT Soroti Santunan Korban KM Virgo Rp 50 Juta, Minta Beasiswa Anak Korban - Kompas.com","SURABAYA, KOMPAS.com - Gerakan Sopir Jawa Timur (GSJT) menilai santunan Rp 50 juta bagi korban meninggal dunia kecelakaan KM Virgo Transport 8 tidak lagi cukup untuk memenuhi kebutuhan keluarga yang ditinggalkan.
Hal itu disampaikan GSJT saat menggelar aksi demonstrasi di depan Kantor Dinas Perhubungan (Dishub) Jawa Timur, Rabu (30/9/2026).Sekitar 600 truk dan towing yang dibawa sopir dari berbagai daerah di Jawa Timur dan luar provinsi ikut dalam aksi tersebut hingga menyebabkan jalan diblokade.
Baca juga: 4 Jenazah Korban KM Virgo Ditemukan di Perairan Kalteng, Akan Dievakuasi ke Banjarmasin
Dalam aksi itu, GSJT menyuarakan sejumlah tuntutan, di antaranya penghapusan barcode bersubsidi, pembiayaan penyesuaian dimensi kendaraan GSJT, serta penghentian pelarangan kendaraan dengan muatan lebih untuk naik kapal.
Mereka juga menuntut pertanggungjawaban pemerintah terkait kemacetan di Pelabuhan Ketapang, Banyuwangi, pemberian beasiswa bagi anak korban kecelakaan kapal, serta revisi PMK Nomor 15/PMK.010/2017 terkait besaran santunan korban kecelakaan.




Berdasarkan aturan tersebut, Jasa Raharja memberikan jaminan sebesar Rp 50 juta untuk korban meninggal dunia dan Rp 20 juta untuk perawatan korban selamat.
“Kalau yang hari ini terjadi itu kan Rp 50 juta. Nah, hari ini tidak relevan lagi Rp 50 juta.","Karena ya uang itu dipakai kirim doa sampai 40 hari pasti sudah habis,” kata Koordinator GSJT Supriyono, Rabu (30/9/2026).GSJT meminta pemerintah menjamin pendidikan dan keberlangsungan hidup keluarga korban secara layak. Supriyono berharap anak-anak korban meninggal dunia mendapatkan beasiswa pendidikan karena kehilangan tulang punggung keluarga.
Baca juga: Dari Balikpapan hingga Karanganyar, Perjalanan Terakhir Jenazah Jevon Korban KM Virgo Transport 8
“Terus bagaimana anak-anak mereka yang mereka jadi tulang punggung keluarga, sehingga harapan kami itu akan ada subsidi ataupun ada semacam beasiswa bagi anak-anak yang ditinggal dan juga dari Jasa Marga,” jelasnya.
Selain soal santunan, GSJT menyoroti kemacetan panjang di Pelabuhan Ketapang, Banyuwangi, yang disebut mencapai 13 hingga 20 kilometer.
Sopir truk sempat memblokade akses sebagai bentuk protes terhadap kebijakan yang diterapkan Kantor Kesyahbandaran dan Otoritas Pelabuhan (KSOP).Supriyono mengatakan kondisi tersebut berdampak pada meningkatnya biaya yang harus dikeluarkan sopir karena harus menginap dan mengeluarkan lebih banyak biaya bahan bakar minyak (BBM).
“Harapan kami untuk dihadirkan para pemangku kebijakan di Banyuwangi berkaitan soal kemacetan yang sampai 20 kilo, yang akhirnya menyebabkan kawan-kawan pengemudi truk khususnya itu melakukan pembengkakan biaya, solarnya lebih banyak dan biaya hidup mereka lebih tinggi,” kata Supriyono.




  



    
        Bayangkan seorang anak Indonesia bercita-cita menjadi dokter tetapi hanya memiliki satu buku lusuh untuk belajar.","Pada Hari Rabu , 30 September 2026 17:18, Tabanan, Tabanan, Bali

SURABAYA, KOMPAS.com - Gerakan Sopir Jawa Timur (GSJT) menilai santunan Rp 50 juta bagi korban meninggal dunia kecelakaan KM Virgo Transport 8 tidak lagi cukup untuk memenuhi kebutuhan keluarga yang ditinggalkan.
Hal itu disampaikan GSJT saat menggelar aksi demonstrasi di depan Kantor Dinas Perhubungan (Dishub) Jawa Timur, Rabu (30/9/2026).Sekitar 600 truk dan towing yang dibawa sopir dari berbagai daerah di Jawa Timur dan luar provinsi ikut dalam aksi tersebut hingga menyebabkan jalan diblokade.
Baca juga: 4 Jenazah Korban KM Virgo Ditemukan di Perairan Kalteng, Akan Dievakuasi ke Banjarmasin
Dalam aksi itu, GSJT menyuarakan sejumlah tuntutan, di antaranya penghapusan barcode bersubsidi, pembiayaan penyesuaian dimensi kendaraan GSJT, serta penghentian pelarangan kendaraan dengan muatan lebih untuk naik kapal.
Mereka juga menuntut pertanggungjawaban pemerintah terkait kemacetan di Pelabuhan Ketapang, Banyuwangi, pemberian beasiswa bagi anak korban kecelakaan kapal, serta revisi PMK Nomor 15/PMK.010/2017 terkait besaran santunan korban kecelakaan.




Berdasarkan aturan tersebut, Jasa Raharja memberikan jaminan sebesar Rp 50 juta untuk korban meninggal dunia dan Rp 20 juta untuk perawatan korban selamat.
“Kalau yang hari ini terjadi itu kan Rp 50 juta. Nah, hari ini tidak relevan lagi Rp 50 juta. Karena ya uang itu dipakai kirim doa sampai 40 hari pasti sudah habis,” kata Koordinator GSJT Supriyono, Rabu (30/9/2026).GSJT meminta pemerintah menjamin pendidikan dan keberlangsungan hidup keluarga korban secara layak. Supriyono berharap anak-anak korban meninggal dunia mendapatkan beasiswa pendidikan karena kehilangan tulang punggung keluarga.
Baca juga: Dari Balikpapan hingga Karanganyar, Perjalanan Terakhir Jenazah Jevon Korban KM Virgo Transport 8
“Terus bagaimana anak-anak mereka yang mereka jadi tulang punggung keluarga, sehingga harapan kami itu akan ada subsidi ataupun ada semacam beasiswa bagi anak-anak yang ditinggal dan juga dari Jasa Marga,” jelasnya.
Selain soal santunan, GSJT menyoroti kemacetan panjang di Pelabuhan Ketapang, Banyuwangi, yang disebut mencapai 13 hingga 20 kilometer.
Sopir truk sempat memblokade akses sebagai bentuk protes terhadap kebijakan yang diterapkan Kantor Kesyahbandaran dan Otoritas Pelabuhan (KSOP).Supriyono mengatakan kondisi tersebut berdampak pada meningkatnya biaya yang harus dikeluarkan sopir karena harus menginap dan mengeluarkan lebih banyak biaya bahan bakar minyak (BBM).
“Harapan kami untuk dihadirkan para pemangku kebijakan di Banyuwangi berkaitan soal kemacetan yang sampai 20 kilo, yang akhirnya menyebabkan kawan-kawan pengemudi truk khususnya itu melakukan pembengkakan biaya, solarnya lebih banyak dan biaya hidup mereka lebih tinggi,” kata Supriyono.




  



    
        Bayangkan seorang anak Indonesia bercita-cita menjadi dokter tetapi hanya memiliki satu buku lusuh untuk belajar. Bersama Ekspedisi Kata ke Nyata Kompas.com, Anda bisa membantu mengubah kisah itu. Mari hadirkan akses literasi bagi anak-anak di berbagai pelosok Indonesia melalui donasi lewat tautan https://bit.ly/JagatLiterasi2026. Setiap kebaikan yang Anda berikan bukan hanya membuka jendela pengetahuan, tetapi juga membuka masa depan mereka.",Kompas.com,"Dajan Peken, 82114, Tabanan, Tabanan, Bali, Indonesia",-8.536609490935,115.13552944186335,5,"2, 7","kejaksaan, kejatibali, kejaritabanan, tabanan, news"
Diduga Hendak Curi Kabel Pria Tewas Kesetrum di Tanjungbalai,2026-10-01T08:49:00.000Z,"Kabupaten Tabanan, Bali, Indonesia","Diduga Hendak Curi Kabel, Pria Tewas Kesetrum di Tanjungbalai - Kompas.com","TANJUNGBALAI, KOMPAS.com - Seorang pria yang belum diketahui identitasnya ditemukan tewas dengan luka bakar di Jalan Tengku Umar, Tanjungbalai, Sumatera Utara, Kamis (1/10/2026).
Pria tersebut diduga meninggal akibat tersengat listrik saat hendak mencuri kabel. Dugaan itu muncul setelah petugas menemukan sebuah tang jepit di tangan kirinya.Selain itu, menurut warga setempat, kasus kehilangan kabel listrik sebelumnya juga kerap terjadi di sekitar Jalan Tengku Umar.
Baca juga: Diserahkan ke Imigrasi, 2 WN Iran Pencuri Uang Pedagang di Tabanan Tunggu Dideportasi
Polisi yang menerima laporan mengenai penemuan jenazah tersebut kemudian mendatangi lokasi dan melakukan olah tempat kejadian perkara (TKP).
Petugas selanjutnya mengevakuasi jasad pria tersebut.




Kepala lingkungan setempat, Fitri, mengatakan, korban pertama kali ditemukan oleh warga yang melintas di sekitar lokasi.
""Tadi saya dihubungi oleh warga, katanya ada temuan mayat.","Saya datang ke sini dan langsung menghubungi petugas kepolisian,"" kata Fitri.Korban sering terlihat di sekitar lokasi
Meski identitasnya belum diketahui, Fitri mengatakan pria tersebut bukan orang yang benar-benar asing bagi warga sekitar.
Menurut dia, korban cukup sering terlihat melintas di kawasan Jalan Tengku Umar.
""Memang sering melintas di sini. Masyarakat juga tahu, tapi sampai saat ini kami belum tahu nama korban,"" katanya.
Saat ditemukan, tubuh korban dalam kondisi mengalami luka bakar.
Petugas yang memeriksa lokasi juga menemukan sebuah tang jepit berada di tangan kiri korban.
Temuan tersebut kemudian memunculkan dugaan bahwa korban tengah beraktivitas di sekitar kabel listrik sebelum tersengat.
Namun, dalam keterangan yang tersedia, belum disebutkan hasil penyelidikan kepolisian mengenai aktivitas korban sebelum ditemukan meninggal dunia.




  

Identitas pria tersebut juga masih belum diketahui..","Pada Hari Kamis , 1 Oktober 2026 08:49, Tabanan, Tabanan, Bali

TANJUNGBALAI, KOMPAS.com - Seorang pria yang belum diketahui identitasnya ditemukan tewas dengan luka bakar di Jalan Tengku Umar, Tanjungbalai, Sumatera Utara, Kamis (1/10/2026).
Pria tersebut diduga meninggal akibat tersengat listrik saat hendak mencuri kabel. Dugaan itu muncul setelah petugas menemukan sebuah tang jepit di tangan kirinya.Selain itu, menurut warga setempat, kasus kehilangan kabel listrik sebelumnya juga kerap terjadi di sekitar Jalan Tengku Umar.
Baca juga: Diserahkan ke Imigrasi, 2 WN Iran Pencuri Uang Pedagang di Tabanan Tunggu Dideportasi
Polisi yang menerima laporan mengenai penemuan jenazah tersebut kemudian mendatangi lokasi dan melakukan olah tempat kejadian perkara (TKP).
Petugas selanjutnya mengevakuasi jasad pria tersebut.




Kepala lingkungan setempat, Fitri, mengatakan, korban pertama kali ditemukan oleh warga yang melintas di sekitar lokasi.
""Tadi saya dihubungi oleh warga, katanya ada temuan mayat. Saya datang ke sini dan langsung menghubungi petugas kepolisian,"" kata Fitri.Korban sering terlihat di sekitar lokasi
Meski identitasnya belum diketahui, Fitri mengatakan pria tersebut bukan orang yang benar-benar asing bagi warga sekitar.
Menurut dia, korban cukup sering terlihat melintas di kawasan Jalan Tengku Umar.
""Memang sering melintas di sini. Masyarakat juga tahu, tapi sampai saat ini kami belum tahu nama korban,"" katanya.
Saat ditemukan, tubuh korban dalam kondisi mengalami luka bakar.
Petugas yang memeriksa lokasi juga menemukan sebuah tang jepit berada di tangan kiri korban.
Temuan tersebut kemudian memunculkan dugaan bahwa korban tengah beraktivitas di sekitar kabel listrik sebelum tersengat.
Namun, dalam keterangan yang tersedia, belum disebutkan hasil penyelidikan kepolisian mengenai aktivitas korban sebelum ditemukan meninggal dunia.




  

Identitas pria tersebut juga masih belum diketahui.",Kompas.com,"Dajan Peken, 82114, Tabanan, Tabanan, Bali, Indonesia",-8.536609490935,115.13552944186335,5,"2, 7","kejaksaan, kejatibali, kejaritabanan, tabanan, news"
Babinsa dan Warga Desa Bersiap Bangun Jembatan Penghubung Antarbanjar,2026-10-04T05:24:00.000Z,"Kabupaten Tabanan, Bali, Indonesia",Babinsa dan Warga Desa Bersiap Bangun Jembatan Penghubung Antarbanjar - rri.co.id,"Babinsa dan Warga Desa Bersiap Bangun Jembatan Penghubung Antarbanjar (Foto : Humas Kodim 1619 Tabanan)
                                                    
                                                                                            
                                                                                                            
                                
                                RRI.CO.ID, Tabanan – Upaya memperlancar akses antarwilayah di Desa Bangli, Kecamatan Baturiti, dimulai dari gotong royong membersihkan area yang akan menjadi lokasi pembangunan jembatan penghubung antarbanjar. Kegiatan tersebut melibatkan Babinsa Desa Bangli Koramil 1619-07/Baturiti Serma I Putu Darma Putra bersama masyarakat Br.","Umapoh, Kamis 1 Oktober 2026.Pembersihan dilakukan dengan menata dan membersihkan area sekitar lokasi pembangunan agar siap digunakan untuk tahapan pekerjaan berikutnya. Kehadiran Babinsa di tengah masyarakat sekaligus memperkuat semangat gotong royong dalam mendukung pembangunan fasilitas yang nantinya menunjang aktivitas dan mobilitas warga.Bagi masyarakat, pembangunan jembatan tersebut diharapkan dapat mempermudah hubungan antarbanjar serta mendukung akses warga dalam menjalankan berbagai aktivitas sehari-hari.","Pada Hari Minggu , 4 Oktober 2026 05:24, Tabanan, Tabanan, Bali

Babinsa dan Warga Desa Bersiap Bangun Jembatan Penghubung Antarbanjar (Foto : Humas Kodim 1619 Tabanan)
                                                    
                                                                                            
                                                                                                            
                                
                                RRI.CO.ID, Tabanan – Upaya memperlancar akses antarwilayah di Desa Bangli, Kecamatan Baturiti, dimulai dari gotong royong membersihkan area yang akan menjadi lokasi pembangunan jembatan penghubung antarbanjar. Kegiatan tersebut melibatkan Babinsa Desa Bangli Koramil 1619-07/Baturiti Serma I Putu Darma Putra bersama masyarakat Br. Umapoh, Kamis 1 Oktober 2026.Pembersihan dilakukan dengan menata dan membersihkan area sekitar lokasi pembangunan agar siap digunakan untuk tahapan pekerjaan berikutnya. Kehadiran Babinsa di tengah masyarakat sekaligus memperkuat semangat gotong royong dalam mendukung pembangunan fasilitas yang nantinya menunjang aktivitas dan mobilitas warga.Bagi masyarakat, pembangunan jembatan tersebut diharapkan dapat mempermudah hubungan antarbanjar serta mendukung akses warga dalam menjalankan berbagai aktivitas sehari-hari. Karena itu, keterlibatan masyarakat sejak tahap awal menjadi bagian penting dalam mewujudkan pembangunan yang dikerjakan secara bersama-sama.Serma I Putu Darma Putra mengatakan, kegiatan gotong royong ini merupakan bentuk kepedulian bersama terhadap pembangunan di lingkungan desa. “Kami bersama masyarakat bergotong royong membersihkan lokasi agar persiapannya lebih baik. Harapannya, pembangunan jembatan ini nantinya dapat memberikan manfaat dan mempermudah akses masyarakat,” ucapnya.Pembersihan lokasi menjadi langkah awal sebelum pembangunan jembatan penghubung tersebut dilaksanakan. Dukungan masyarakat diharapkan terus terjaga sehingga pembangunan dapat berjalan sesuai rencana dan memberikan manfaat bagi warga di wilayah Desa Bangli. 


                                
                                
                                
                                
                                
                                            
                                        
                                                                    

                                


                                
                                                                    
                                    
                                
                                                                                                                                                                                
                            
                            
                                                                        
                                                                
                                    
                                        
                                            Berita
                                        
                                    
                                    Terbaru Lainnya
                                
                                
                            
                            
                                    
                                    
                                        Memuat berita terbaru.....",rri.co.id,"Dajan Peken, 82114, Tabanan, Tabanan, Bali, Indonesia",-8.536609490935,115.13552944186335,5,"2, 7","kejaksaan, kejatibali, kejaritabanan, tabanan, news"
Inflasi Bali Melandai di Tengah Penguatan Sinergi Pengendalian Inflasi,2026-10-03T01:36:00.000Z,"Kabupaten Tabanan, Bali, Indonesia",Inflasi Bali Melandai di Tengah Penguatan Sinergi Pengendalian Inflasi - rri.co.id,"RRI.CO.ID, Denpasar - Berdasarkan rilis BPS Provinsi Bali 1 Oktober 2026, Provinsi Bali secara bulanan pada September 2026 mengalami inflasi sebesar 0,32% (mtm), lebih rendah dibandingkan bulan Agustus yang mengalami inflasi sebesar 0,61% (mtm). Kepala Kantor Perwakilan BI Bali Achris Sarwani mengatakan, Inflasi bulanan Provinsi Bali dipengaruhi meningkatnya biaya produksi, khususnya harga pakan yang mendorong kenaikan harga ayam ras di tingkat Konsumen, serta kemarau berkepanjangan yang diiringi El Nino dan serangan Organisme Pengganggu Tanaman (OPT) yang mempengaruhi harga cabai dan beras.Sementara itu, inflasi Provinsi Bali secara tahunan meningkat dari 3,45% (yoy) pada Agustus 2026 menjadi 3,79% (yoy).","Capaian tersebut lebih tinggi dibandingkan inflasi nasional sebesar 3,28% (yoy). Secara spasial, seluruh kabupaten/kota IHK di Bali mencatat inflasi bulanan pada September 2026.Kabupaten Badung mengalami inflasi tertinggi sebesar 0,55% (mtm), diikuti Kabupaten Tabanan sebesar 0,46% (mtm), Kota Denpasar sebesar 0,21% (mtm), dan Singaraja sebesar 0,19% (mtm).","Pada Hari Sabtu , 3 Oktober 2026 01:36, Tabanan, Tabanan, Bali

RRI.CO.ID, Denpasar - Berdasarkan rilis BPS Provinsi Bali 1 Oktober 2026, Provinsi Bali secara bulanan pada September 2026 mengalami inflasi sebesar 0,32% (mtm), lebih rendah dibandingkan bulan Agustus yang mengalami inflasi sebesar 0,61% (mtm). Kepala Kantor Perwakilan BI Bali Achris Sarwani mengatakan, Inflasi bulanan Provinsi Bali dipengaruhi meningkatnya biaya produksi, khususnya harga pakan yang mendorong kenaikan harga ayam ras di tingkat Konsumen, serta kemarau berkepanjangan yang diiringi El Nino dan serangan Organisme Pengganggu Tanaman (OPT) yang mempengaruhi harga cabai dan beras.Sementara itu, inflasi Provinsi Bali secara tahunan meningkat dari 3,45% (yoy) pada Agustus 2026 menjadi 3,79% (yoy). Capaian tersebut lebih tinggi dibandingkan inflasi nasional sebesar 3,28% (yoy). Secara spasial, seluruh kabupaten/kota IHK di Bali mencatat inflasi bulanan pada September 2026.Kabupaten Badung mengalami inflasi tertinggi sebesar 0,55% (mtm), diikuti Kabupaten Tabanan sebesar 0,46% (mtm), Kota Denpasar sebesar 0,21% (mtm), dan Singaraja sebesar 0,19% (mtm). Achris Sarwani mengatakan, secara tahunan, inflasi tertinggiNtercatat di Kabupaten Tabanan sebesar 4,54% (yoy), diikuti Kabupaten Badung sebesar 3,95% (yoy), Singaraja sebesar 3,87% (yoy), dan Kota Denpasar sebesar 3,42% (yoy).Berdasarkan komoditas, secara bulanan inflasi pada September 2026 bersumber dari peningkatan harga daging ayam ras, cabai rawit, air kemasan, biaya akademik/perguruan tinggi, jeruk, bahan bakar rumah tangga, dan beras. “Inflasi yang lebih tinggi tertahan oleh penurunan harga angkutan udara, canang sari, cabai merah, bawang putih, sawi hijau, ketimun, emas perhiasan, bawang merah, terong, dan kangkung,” ujarnya.Bank Indonesia Provinsi Bali terus mendukung berbagai langkah strategis TPID se-Bali, salah satunya melalui penguatan pemantauan harga dan intensifikasi operasi pasar agar capaian inflasi Provinsi Bali pada akhir tahun dapat terjaga pada rentang sasaran 2,5±1%. Ke depan, beberapa risiko inflasi yang perlu dicermati antara lain berlanjutnya fenomena El Niño dan mundurnya awal musim hujan yang berpotensi mengganggu produksi pangan, khususnya komoditas hortikultura.Selain itu, potensi gangguan distribusi pangan antardaerah termasuk melalui jalur penyeberangan Ketapang-Gilimanuk, serta masih tingginya biaya angkutan barang global juga perlu menjadi perhatian. Di sisi lain, meredanya aktivitas kunjungan wisatawan setelah periode puncak liburan diprakirakan dapatBmengurangi tekanan inflasi dari sisi permintaan.Dalam memperkuat pengendalian inflasi ke depan, Bank Indonesia Provinsi Bali terus memperkuat sinergi dan inovasi bersama Pemerintah Provinsi dan Kabupaten/Kota se-Bali dengan upaya TPID yang berfokus pada 4K, yaitu keterjangkauan harga, ketersediaan pasokan, kelancaran distribusi, dan komunikasi yang efektif. Adapun langkah - langkah implementasinya diantaranya melalui Rakor Inflasi TPIP-TPID, intensifikasi Gerakan Pangan Murah (GPM), pemantauan harga secara berkala, fasilitasi distribusi pangan dan optimalisasi kerja sama antardaerah melalui Perumda Pangan, pemberian bantuan sarpras kepada kelompok tani, serta penguatan koordinasi dan penyebarluasan informasi kepada masyarakat.⁠⁠⁠⁠⁠⁠⁠Dengan dukungan sinergi yang kuat antara Bank Indonesia dan Pemerintah Daerah melalui TPID se-Bali, inflasi Bali pada tahun 2026 diprakirakan tetap terjaga dalam kisaran sasaran nasional sebesar 2,5%±1%, sehingga dapat mendukung stabilitas perekonomian dan daya beli masyarakat.",rri.co.id,"Dajan Peken, 82114, Tabanan, Tabanan, Bali, Indonesia",-8.536609490935,115.13552944186335,5,"2, 7","kejaksaan, kejatibali, kejaritabanan, tabanan, news"
Kimnara Space dan Cepaka Learning Center Resmi Dibuka,2026-09-28T04:16:00.000Z,"Kabupaten Tabanan, Bali, Indonesia",Kimnara Space dan Cepaka Learning Center Resmi Dibuka - rri.co.id,"RRI.CO.ID, Tabanan – Kimnara Space dan Cepaka Learning Center resmi diperkenalkan sebagai percontohan pengelolaan sampah berbasis sumber sekaligus pemberdayaan masyarakat berbasis ekonomi sirkular di Desa Cepaka, Kabupaten Tabanan pada Sabtu, 26 September 2026.‎Inisiatif tersebut digagas COCO Social Fund yang didukung COCO Development Group bersama Pemerintah Desa dan Desa Adat Cepaka. Program ini mengintegrasikan pengelolaan sampah plastik, edukasi lingkungan, serta pengembangan wisata edukasi berbasis ekonomi sirkular.‎Gubernur Bali Wayan Koster dalam kesempatan tersebut diwakili oleh Dr.","Drs. I Made Rentin, AP., M.Si., selaku Staf Ahli Gubernur Bali Bidang Pembangunan Manusia, Kebudayaan, dan Kemasyarakatan.‎Dalam sambutannya, Gubernur Bali melalui Made Rentin memberikan apresiasi terhadap inisiatif COCO Social Fund bersama COCO Development Group, Pemerintah Desa dan Desa Adat Cepaka yang menghadirkan Kimnara Space dan Cepaka Learning Center sebagai model percontohan pengelolaan sampah plastik menjadi bahan bakar alternatif melalui teknologi pirolisis.‎“Pengelolaan sampah berbasis sumber di tingkat desa menjadi salah satu prasyarat penting bagi keberlanjutan pariwisata dan kehidupan masyarakat Bali ke depan,” ujar Made Rentin.‎Model tersebut juga disebut sejalan dengan kebijakan Pemerintah Provinsi Bali, antara lain Peraturan Gubernur Bali Nomor 47 Tahun 2019 tentang Pengelolaan Sampah Berbasis Sumber dan Peraturan Gubernur Bali Nomor 45 Tahun 2019 tentang Bali Energi Bersih.","Pada Hari Senin , 28 September 2026 04:16, Tabanan, Tabanan, Bali

RRI.CO.ID, Tabanan – Kimnara Space dan Cepaka Learning Center resmi diperkenalkan sebagai percontohan pengelolaan sampah berbasis sumber sekaligus pemberdayaan masyarakat berbasis ekonomi sirkular di Desa Cepaka, Kabupaten Tabanan pada Sabtu, 26 September 2026.‎Inisiatif tersebut digagas COCO Social Fund yang didukung COCO Development Group bersama Pemerintah Desa dan Desa Adat Cepaka. Program ini mengintegrasikan pengelolaan sampah plastik, edukasi lingkungan, serta pengembangan wisata edukasi berbasis ekonomi sirkular.‎Gubernur Bali Wayan Koster dalam kesempatan tersebut diwakili oleh Dr. Drs. I Made Rentin, AP., M.Si., selaku Staf Ahli Gubernur Bali Bidang Pembangunan Manusia, Kebudayaan, dan Kemasyarakatan.‎Dalam sambutannya, Gubernur Bali melalui Made Rentin memberikan apresiasi terhadap inisiatif COCO Social Fund bersama COCO Development Group, Pemerintah Desa dan Desa Adat Cepaka yang menghadirkan Kimnara Space dan Cepaka Learning Center sebagai model percontohan pengelolaan sampah plastik menjadi bahan bakar alternatif melalui teknologi pirolisis.‎“Pengelolaan sampah berbasis sumber di tingkat desa menjadi salah satu prasyarat penting bagi keberlanjutan pariwisata dan kehidupan masyarakat Bali ke depan,” ujar Made Rentin.‎Model tersebut juga disebut sejalan dengan kebijakan Pemerintah Provinsi Bali, antara lain Peraturan Gubernur Bali Nomor 47 Tahun 2019 tentang Pengelolaan Sampah Berbasis Sumber dan Peraturan Gubernur Bali Nomor 45 Tahun 2019 tentang Bali Energi Bersih. Pengolahan sampah plastik melalui teknologi pirolisis menghasilkan bahan bakar minyak yang dimanfaatkan untuk operasional truk sampah, traktor petani, dan kendaraan warga. Sementara residu black carbon dapat dimanfaatkan untuk kerajinan masyarakat. ‎‎Selain pengolahan sampah, sebagian keuntungan Kimnara Space dan donasi dari paket edukasi Cepaka Waste Journey dialokasikan untuk mendukung program pengembangan desa, seperti Cepaka Waste Preneur, Petani Cilik, Kelas Literasi, dan pengembangan teknologi pirolisis.‎Made Rentin juga mengajak pelaku usaha, khususnya sektor pariwisata dan perhotelan, untuk mendukung serta mereplikasi model pengelolaan sampah berbasis sumber dan ekonomi sirkular di wilayah masing-masing.‎“Wisata edukasi lingkungan yang dipadukan dengan pemberdayaan masyarakat, seperti paket co-creation yang dikembangkan di Kimnara Space, akan semakin memperkuat citra Bali sebagai destinasi pariwisata yang hijau, bersih, indah dan berkelanjutan, berbasis kearifan lokal,” tegas Made Rentin.‎Peresmian berlangsung di Kimnara Space dan Cepaka Learning Center, Desa Cepaka, Tabanan. Berdasarkan rundown, rangkaian kegiatan meliputi kunjungan lokasi, penyampaian keynote speech, dan seremoni peresmian melalui gunting pita.‎Melalui sambutan tersebut, Made Rentin menyampaikan harapan agar Kimnara Space dan Cepaka Learning Center memberikan manfaat bagi kelestarian lingkungan, kesejahteraan masyarakat desa, serta kemajuan pariwisata Bali yang berkelanjutan.‎",rri.co.id,"Dajan Peken, 82114, Tabanan, Tabanan, Bali, Indonesia",-8.536609490935,115.13552944186335,5,"2, 7","kejaksaan, kejatibali, kejaritabanan, tabanan, news"
Kepolisian Sosialisasi SMA Taruna Bhayangkara di SMPN 2 Gianyar,2026-10-01T08:04:00.000Z,"Kabupaten Tabanan, Bali, Indonesia",Kepolisian Sosialisasi SMA Taruna Bhayangkara di SMPN 2 Gianyar - rri.co.id,"Polsek Gianyar Sosialisasikan Penerimaan SMA Kemala Taruna Bhayangkara di SMPN 2 Gianyar (Foto: Polres Gianyar)
                                                    
                                                                                            
                                                                                                            
                                
                                RRI.CO.ID, Gianyar - Polsek Gianyar melalui Kanit Binmas Iptu I Komang Iwan Setiawan melaksanakan sosialisasi penerimaan siswa baru SMA Kemala Taruna Bhayangkara Tahun Anggaran 2027/2028 di SMP Negeri 2 Gianyar pada Kamis, 1 Oktober 2026. Kegiatan sambang tersebut diterima langsung oleh Kepala SMP Negeri 2 Gianyar I Wayan Nuratna bersama para guru dan siswa.","Sosialisasi ini bertujuan memberikan informasi awal dan pemahaman kepada para siswa mengenai kesempatan melanjutkan pendidikan ke jenjang menengah kejuruan/keberbakatan kepolisian. Selain sosialisasi pendidikan, petugas Bhabinkamtibmas Kelurahan Bitera turut menyampaikan pesan keamanan dan ketertiban masyarakat (Kamtibmas).","Pada Hari Kamis , 1 Oktober 2026 08:04, Tabanan, Tabanan, Bali

Polsek Gianyar Sosialisasikan Penerimaan SMA Kemala Taruna Bhayangkara di SMPN 2 Gianyar (Foto: Polres Gianyar)
                                                    
                                                                                            
                                                                                                            
                                
                                RRI.CO.ID, Gianyar - Polsek Gianyar melalui Kanit Binmas Iptu I Komang Iwan Setiawan melaksanakan sosialisasi penerimaan siswa baru SMA Kemala Taruna Bhayangkara Tahun Anggaran 2027/2028 di SMP Negeri 2 Gianyar pada Kamis, 1 Oktober 2026. Kegiatan sambang tersebut diterima langsung oleh Kepala SMP Negeri 2 Gianyar I Wayan Nuratna bersama para guru dan siswa. Sosialisasi ini bertujuan memberikan informasi awal dan pemahaman kepada para siswa mengenai kesempatan melanjutkan pendidikan ke jenjang menengah kejuruan/keberbakatan kepolisian. Selain sosialisasi pendidikan, petugas Bhabinkamtibmas Kelurahan Bitera turut menyampaikan pesan keamanan dan ketertiban masyarakat (Kamtibmas). Para siswa diimbau untuk bersama-sama menjaga kondusivitas lingkungan sekolah serta dapat memanfaatkan Hotline Polisi 110 jika menemukan potensi gangguan Kamtibmas. Kapolsek Gianyar, Kompol I Made Adi Suryawan, menyampaikan bahwa kegiatan ini merupakan wujud pelayanan Polri untuk mendekatkan diri kepada masyarakat, khususnya kalangan pelajar.""Kami berharap melalui kegiatan sosialisasi ini para siswa memperoleh informasi yang jelas mengenai penerimaan SMA Kemala Taruna Bhayangkara, sekaligus semakin memahami pentingnya menjaga keamanan dan ketertiban di lingkungan sekolah. Sinergi antara Polri, pihak sekolah, guru dan siswa sangat penting dalam menciptakan lingkungan pendidikan yang aman, nyaman dan kondusif,"" ujar Kompol I Made Adi Suryawan. 


                                
                                
                                
                                
                                
                                            
                                        
                                                                    

                                


                                
                                                                    
                                    
                                
                                                                                                                                                                                
                            
                            
                                                                        
                                                                
                                    
                                        
                                            Berita
                                        
                                    
                                    Terbaru Lainnya
                                
                                
                            
                            
                                    
                                    
                                        Memuat berita terbaru.....",rri.co.id,"Dajan Peken, 82114, Tabanan, Tabanan, Bali, Indonesia",-8.536609490935,115.13552944186335,5,"2, 7","kejaksaan, kejatibali, kejaritabanan, tabanan, news"
Pangdam Udayana Tekankan Pengamalan Pancasila dalam Pengabdian,2026-10-01T07:59:00.000Z,"Kabupaten Tabanan, Bali, Indonesia",Pangdam Udayana Tekankan Pengamalan Pancasila dalam Pengabdian - rri.co.id,"Pangdam IX/Udayana Mayjen TNI Piek Budyakto memimpin Upacara Peringatan Hari Kesaktian Pancasila di Lapangan Makorem 163/Wira Satya.(Foto:PendamIXUdayana)
                                                    
                                                                                            
                                                                                                            
                                
                                RRI.CO.ID, Denpasar - Peringatan Hari Kesaktian Pancasila menjadi momentum bagi prajurit dan PNS Kodam IX/Udayana untuk kembali mengamalkan nilai-nilai Pancasila dalam pelaksanaan tugas. Pesan tersebut disampaikan Pangdam IX/Udayana Mayjen TNI Piek Budyakto saat memimpin upacara di Lapangan Makorem 163/Wira Satya, Denpasar, Kamis (1/10/2026).Upacara diikuti prajurit dan PNS Kodam IX/Udayana se-Garnisun Denpasar.","Pangdam menekankan peringatan Hari Kesaktian Pancasila tidak sekadar menjadi kegiatan seremonial, tetapi harus diwujudkan melalui sikap dan perilaku dalam kehidupan sehari-hari.“Pancasila telah terbukti tangguh dan mampu bertahan menghadapi berbagai ancaman serta upaya untuk mengganti ideologi negara. Karena itu, nilai-nilai Pancasila harus terus kita tanamkan dan amalkan dalam kehidupan sehari-hari,” tegas Piek Budyakto.Menurut Pangdam, Pancasila berperan sebagai perekat kemajemukan bangsa sekaligus landasan dalam menjaga persatuan.","Pada Hari Kamis , 1 Oktober 2026 07:59, Tabanan, Tabanan, Bali

Pangdam IX/Udayana Mayjen TNI Piek Budyakto memimpin Upacara Peringatan Hari Kesaktian Pancasila di Lapangan Makorem 163/Wira Satya.(Foto:PendamIXUdayana)
                                                    
                                                                                            
                                                                                                            
                                
                                RRI.CO.ID, Denpasar - Peringatan Hari Kesaktian Pancasila menjadi momentum bagi prajurit dan PNS Kodam IX/Udayana untuk kembali mengamalkan nilai-nilai Pancasila dalam pelaksanaan tugas. Pesan tersebut disampaikan Pangdam IX/Udayana Mayjen TNI Piek Budyakto saat memimpin upacara di Lapangan Makorem 163/Wira Satya, Denpasar, Kamis (1/10/2026).Upacara diikuti prajurit dan PNS Kodam IX/Udayana se-Garnisun Denpasar. Pangdam menekankan peringatan Hari Kesaktian Pancasila tidak sekadar menjadi kegiatan seremonial, tetapi harus diwujudkan melalui sikap dan perilaku dalam kehidupan sehari-hari.“Pancasila telah terbukti tangguh dan mampu bertahan menghadapi berbagai ancaman serta upaya untuk mengganti ideologi negara. Karena itu, nilai-nilai Pancasila harus terus kita tanamkan dan amalkan dalam kehidupan sehari-hari,” tegas Piek Budyakto.Menurut Pangdam, Pancasila berperan sebagai perekat kemajemukan bangsa sekaligus landasan dalam menjaga persatuan. Karena itu, seluruh prajurit dan PNS Kodam IX/Udayana diminta merefleksikan nilai Pancasila melalui disiplin, tanggung jawab, gotong royong dan kepedulian.Pangdam juga menyinggung kepercayaan pemerintah kepada TNI dalam mengawal sejumlah program pembangunan dan pemberdayaan masyarakat. Di antaranya Koperasi Desa/Kelurahan Merah Putih, ketahanan pangan, pembangunan jembatan dan berbagai program lainnya.“Kepercayaan ini harus kita jawab dengan melaksanakan setiap tugas secara sungguh-sungguh dan penuh rasa tanggung jawab sesuai bidang masing-masing. Semangat kebersamaan yang berlandaskan Pancasila harus terus kita pelihara untuk memperkokoh persatuan dan kesatuan serta menjaga keutuhan negara,” ujar Pangdam.Momentum Hari Kesaktian Pancasila juga dirangkaikan dengan kenaikan pangkat prajurit dan PNS Kodam IX/Udayana periode 1 Oktober 2026. Sebanyak 371 prajurit dan PNS se-Garnisun Denpasar menerima kenaikan pangkat, terdiri dari 7 Kolonel, 11 Letnan Kolonel, 21 Mayor, 47 Perwira Pertama, 74 Bintara, 142 Tamtama dan 69 PNS.Pangdam mengatakan kenaikan pangkat bukan sekadar hadiah, tetapi merupakan bentuk penghargaan atas prestasi sekaligus amanah yang harus dipertanggungjawabkan. Kepada penerima kenaikan pangkat, Pangdam berharap penghargaan tersebut menjadi motivasi untuk meningkatkan profesionalisme, disiplin dan kualitas pengabdian.Kapendam IX/Udayana Kolonel Inf Amrizal Nasution menambahkan, nilai Pancasila harus diwujudkan melalui sikap, disiplin, tanggung jawab dan pengabdian nyata. Kenaikan pangkat juga diharapkan menjadi dorongan bagi prajurit dan PNS untuk meningkatkan profesionalisme dalam menjalankan tugas.Upacara Hari Kesaktian Pancasila dan kenaikan pangkat dihadiri jajaran pimpinan Kodam IX/Udayana, para komandan satuan, prajurit dan PNS se-Garnisun Denpasar. Ketua dan Wakil Ketua Persit KCK PD IX/Udayana beserta anggota juga turut hadir dalam rangkaian kegiatan tersebut. 


                                
                                
                                
                                
                                
                                            
                                        
                                                                    

                                


                                
                                                                    
                                    
                                
                                                                                                                                                                                
                            
                            
                                                                        
                                                                
                                    
                                        
                                            Berita
                                        
                                    
                                    Terbaru Lainnya
                                
                                
                            
                            
                                    
                                    
                                        Memuat berita terbaru.....",rri.co.id,"Dajan Peken, 82114, Tabanan, Tabanan, Bali, Indonesia",-8.536609490935,115.13552944186335,5,"2, 7","kejaksaan, kejatibali, kejaritabanan, tabanan, news"
KPU BaliKodam IXUdayana Perkuat Kerja Sama Pemutakhiran Data Pemilih,2026-10-01T02:25:00.000Z,"Kabupaten Tabanan, Bali, Indonesia",KPU Bali-Kodam IX/Udayana Perkuat Kerja Sama Pemutakhiran Data Pemilih - rri.co.id,"RRI.CO.ID, Denpasar- Komisi Pemilihan Umum (KPU) Provinsi Bali menggelar audiensi sekaligus pembahasan Perjanjian Kerja Sama (PKS) bersama Komando Daerah Militer (Kodam) IX/Udayana bertempat di Ruang Tamu Pangdam IX/Udayana, Denpasar, pada Selasa 29 September 2026. Kerja sama strategis ini digagas dalam rangka memperkuat sinergitas pelaksanaan tugas dan fungsi kedua lembaga demi mendukung persiapan serta penyelenggaraan Pemilihan Umum (Pemilu) dan Pemilihan di wilayah Provinsi Bali.","Kesepakatan ini melibatkan Ketua KPU Provinsi Bali, I Dewa Agung Gede Lidartawan, bersama Panglima Komando Daerah Militer IX/Udayana, Mayjen TNI Piek Budyakto. Perjanjian Kerja Sama yang berlaku untuk jangka waktu 5 (lima) tahun ini mencakup sejumlah ruang lingkup strategis.","Pada Hari Kamis , 1 Oktober 2026 02:25, Tabanan, Tabanan, Bali

RRI.CO.ID, Denpasar- Komisi Pemilihan Umum (KPU) Provinsi Bali menggelar audiensi sekaligus pembahasan Perjanjian Kerja Sama (PKS) bersama Komando Daerah Militer (Kodam) IX/Udayana bertempat di Ruang Tamu Pangdam IX/Udayana, Denpasar, pada Selasa 29 September 2026. Kerja sama strategis ini digagas dalam rangka memperkuat sinergitas pelaksanaan tugas dan fungsi kedua lembaga demi mendukung persiapan serta penyelenggaraan Pemilihan Umum (Pemilu) dan Pemilihan di wilayah Provinsi Bali. Kesepakatan ini melibatkan Ketua KPU Provinsi Bali, I Dewa Agung Gede Lidartawan, bersama Panglima Komando Daerah Militer IX/Udayana, Mayjen TNI Piek Budyakto. Perjanjian Kerja Sama yang berlaku untuk jangka waktu 5 (lima) tahun ini mencakup sejumlah ruang lingkup strategis. Di antaranya meliputi pertukaran data dan informasi kepemiluan, bantuan pengamanan distribusi logistik, koordinasi serta sosialisasi netralitas TNI, hingga pemanfaatan sarana, prasarana, dan sumber daya manusia di wilayah teritorial Provinsi Bali.Salah satu poin krusial dalam Perjanjian Kerja Sama ini adalah penanganan dan pemutakhiran data penduduk yang beralih status menjadi prajurit TNI maupun purnawirawan secara berkala. Langkah ini menjadi solusi konkret atas hasil pencermatan data turunan Kementerian Dalam Negeri (Kemendagri) pada Pemutakhiran Data Pemilih Berkelanjutan (PDPB) Semester I Tahun 2026, di mana terdata sebanyak 117 orang yang dinyatakan Tidak Memenuhi Syarat (TMS) sebagai pemilih akibat beralih status menjadi anggota TNI.Melalui kesepakatan ini, KPU Bali dan Kodam IX/Udayana berkomitmen melakukan verifikasi, pembersihan, serta perbaikan data secara terpadu guna menjamin keakuratan dan akuntabilitas daftar pemilih di Bali. Di sisi lain, Kodam IX/Udayana turut menegaskan komitmennya untuk menjamin netralitas prajurit serta siap memberikan dukungan pengamanan dan deteksi dini guna mengantisipasi potensi gangguan keamanan selama tahapan pemilu berlangsung.Melalui kerja sama ini, KPU Provinsi Bali dan Kodam IX/Udayana berharap tercipta koordinasi yang intensif dan berkesinambungan. Sinergi lintas lembaga ini menjadi wujud komitmen bersama dalam mengawal penyelenggaraan Pemilu dan Pemilihan di Bali agar dapat berjalan aman, lancar, transparan, dan berintegritas. 


                                
                                
                                
                                
                                
                                            
                                        
                                                                    

                                


                                
                                                                    
                                    
                                
                                                                                                                                                                                
                            
                            
                                                                        
                                                                
                                    
                                        
                                            Berita
                                        
                                    
                                    Terbaru Lainnya
                                
                                
                            
                            
                                    
                                    
                                        Memuat berita terbaru.....",rri.co.id,"Dajan Peken, 82114, Tabanan, Tabanan, Bali, Indonesia",-8.536609490935,115.13552944186335,5,"2, 7","kejaksaan, kejatibali, kejaritabanan, tabanan, news"
Sebanyak 11 Personel Kodim Klungkung Resmi Sandang Pangkat Baru,2026-10-04T05:32:00.000Z,"Kabupaten Tabanan, Bali, Indonesia",Sebanyak 11 Personel Kodim Klungkung Resmi Sandang Pangkat Baru - rri.co.id,"Dandim 1610/Klungkung Letkol Kav Sidik Pramono memimpin acara korps raport kenaikan pangkat 11 personel Kodim 1610/Klungkung.(Foto:Pendim1610/Klungkung)
                                                    
                                                                                            
                                                                                                            
                                
                                RRI.CO.ID, Klungkung - Kodim 1610/Klungkung menggelar acara korps raport kenaikan pangkat periode 1 Oktober 2026 di Aula Makodim 1610/Klungkung, Kamis (1/10/2026). Sebanyak 11 personel yang terdiri dari 9 prajurit dan 2 PNS resmi menyandang pangkat baru.Acara dipimpin Dandim 1610/Klungkung Letkol Kav Sidik Pramono, S.Sos., M.M., M.Han.","Kegiatan diikuti Perwira Staf, Danramil jajaran, Bintara, Tamtama, PNS serta perwakilan Persit KCK Kodim 1610/Klungkung.Dalam amanatnya, Sidik Pramono mengatakan kenaikan pangkat menjadi kebanggaan dan kebahagiaan bagi personel yang menerimanya. Menurutnya, kenaikan pangkat merupakan penghargaan atas kemampuan dan pelaksanaan tugas prajurit maupun PNS.“Kenaikan pangkat merupakan prestasi dan sekaligus wujud penghormatan dan penghargaan terhadap standar kemampuan prajurit, baik dalam keseharian maupun penugasannya,” ujar Sidik Pramono.Ia menegaskan kenaikan pangkat bukan sekadar penghargaan, tetapi juga membawa tanggung jawab yang lebih besar.","Pada Hari Minggu , 4 Oktober 2026 05:32, Tabanan, Tabanan, Bali

Dandim 1610/Klungkung Letkol Kav Sidik Pramono memimpin acara korps raport kenaikan pangkat 11 personel Kodim 1610/Klungkung.(Foto:Pendim1610/Klungkung)
                                                    
                                                                                            
                                                                                                            
                                
                                RRI.CO.ID, Klungkung - Kodim 1610/Klungkung menggelar acara korps raport kenaikan pangkat periode 1 Oktober 2026 di Aula Makodim 1610/Klungkung, Kamis (1/10/2026). Sebanyak 11 personel yang terdiri dari 9 prajurit dan 2 PNS resmi menyandang pangkat baru.Acara dipimpin Dandim 1610/Klungkung Letkol Kav Sidik Pramono, S.Sos., M.M., M.Han. Kegiatan diikuti Perwira Staf, Danramil jajaran, Bintara, Tamtama, PNS serta perwakilan Persit KCK Kodim 1610/Klungkung.Dalam amanatnya, Sidik Pramono mengatakan kenaikan pangkat menjadi kebanggaan dan kebahagiaan bagi personel yang menerimanya. Menurutnya, kenaikan pangkat merupakan penghargaan atas kemampuan dan pelaksanaan tugas prajurit maupun PNS.“Kenaikan pangkat merupakan prestasi dan sekaligus wujud penghormatan dan penghargaan terhadap standar kemampuan prajurit, baik dalam keseharian maupun penugasannya,” ujar Sidik Pramono.Ia menegaskan kenaikan pangkat bukan sekadar penghargaan, tetapi juga membawa tanggung jawab yang lebih besar. Karena itu, personel yang mendapat kenaikan pangkat diminta menjadikan momentum tersebut sebagai dorongan untuk meningkatkan kinerja dan profesionalisme.“Kenaikan pangkat bukan hadiah, melainkan kepercayaan dan amanah dari pimpinan, bangsa dan negara. Semakin tinggi pangkat tentu semakin besar tanggung jawab yang diemban,” tegasnya.Sidik Pramono juga menyampaikan ucapan selamat kepada seluruh personel yang memperoleh kenaikan pangkat. Ia berharap pangkat baru dapat menjadi motivasi untuk memberikan pengabdian terbaik dalam menjalankan tugas ke depan.Sebanyak 9 prajurit memperoleh kenaikan pangkat, yakni 4 orang menjadi Serma, 2 orang menjadi Sertu, 1 orang menjadi Kopka, 1 orang menjadi Koptu dan 1 orang menjadi Kopda. Sementara dua personel PNS yang naik pangkat yakni PNS I Dewa Ayu Ari Putri dan PNS Siti Hadijah.Kenaikan pangkat tersebut menjadi bagian dari pembinaan personel di lingkungan Kodim 1610/Klungkung. Momentum ini diharapkan dapat mendorong personel meningkatkan disiplin, kinerja dan profesionalisme dalam melaksanakan tugas. 


                                
                                
                                
                                
                                
                                            
                                        
                                                                    

                                


                                
                                                                    
                                    
                                
                                                                                                                                                                                
                            
                            
                                                                        
                                                                
                                    
                                        
                                            Berita
                                        
                                    
                                    Terbaru Lainnya
                                
                                
                            
                            
                                    
                                    
                                        Memuat berita terbaru.....",rri.co.id,"Dajan Peken, 82114, Tabanan, Tabanan, Bali, Indonesia",-8.536609490935,115.13552944186335,5,"2, 7","kejaksaan, kejatibali, kejaritabanan, tabanan, news"
Pemkab Gianyar Teguhkan Semangat Persatuan di Hari Kesaktian Pancasila,2026-10-01T02:22:00.000Z,"Kabupaten Tabanan, Bali, Indonesia",Pemkab Gianyar Teguhkan Semangat Persatuan di Hari Kesaktian Pancasila - rri.co.id,"Pemkab Gianyar Teguhkan Semangat Persatuan di Hari Kesaktian Pancasila (Foto: Pemkab Gianyar)
                                                    
                                                                                            
                                                                                                            
                                
                                RRI.CO.ID, Gianyar - Pemerintah Kabupaten Gianyar memperingati Hari Kesaktian Pancasila melalui upacara di Halaman Kantor Bupati Gianyar pada Kamis, 1 Oktober 2026. Peringatan tersebut menjadi momentum peneguhan komitmen untuk menjaga persatuan serta mempertahankan Pancasila sebagai dasar dan ideologi negara.Dalam upacara yang berlangsung khidmat, Kepala Bagian Organisasi Setda Kabupaten Gianyar, Made Sukania Dwiyani Prajnya Paramita, membacakan Ikrar Hari Kesaktian Pancasila yang ditandatangani oleh Ketua DPR RI, Puan Maharani.","Ikrar tersebut menegaskan bahwa meski perjalanan bangsa sejak 17 Agustus 1945 kerap menghadapi berbagai dinamika dan tantangan, semangat kebersamaan tetap mampu memperkokoh tegaknya Negara Kesatuan Republik Indonesia.""Maka di hadapan Tuhan Yang Maha Esa, dalam memperingati Hari Kesaktian Pancasila, kami membulatkan tekad untuk tetap mempertahankan dan mengamalkan nilai-nilai Pancasila sebagai sumber kekuatan menggalang kebersamaan untuk memperjuangkan, menegakkan kebenaran dan keadilan demi keutuhan Negara Kesatuan Republik Indonesia,"" ujar Sukania Dwiyani.Peringatan Hari Kesaktian Pancasila yang berkaitan dengan peristiwa sejarah 30 September 1965 ini diharapkan tidak hanya sekadar seremonial, tetapi menjadi refleksi bersama untuk terus merawat gotong royong, toleransi, dan keharmonisan di masyarakat. Berita
                                        
                                    
                                    Terbaru Lainnya
                                
                                
                            
                            
                                    
                                    
                                        Memuat berita terbaru......","Pada Hari Kamis , 1 Oktober 2026 02:22, Tabanan, Tabanan, Bali

Pemkab Gianyar Teguhkan Semangat Persatuan di Hari Kesaktian Pancasila (Foto: Pemkab Gianyar)
                                                    
                                                                                            
                                                                                                            
                                
                                RRI.CO.ID, Gianyar - Pemerintah Kabupaten Gianyar memperingati Hari Kesaktian Pancasila melalui upacara di Halaman Kantor Bupati Gianyar pada Kamis, 1 Oktober 2026. Peringatan tersebut menjadi momentum peneguhan komitmen untuk menjaga persatuan serta mempertahankan Pancasila sebagai dasar dan ideologi negara.Dalam upacara yang berlangsung khidmat, Kepala Bagian Organisasi Setda Kabupaten Gianyar, Made Sukania Dwiyani Prajnya Paramita, membacakan Ikrar Hari Kesaktian Pancasila yang ditandatangani oleh Ketua DPR RI, Puan Maharani. Ikrar tersebut menegaskan bahwa meski perjalanan bangsa sejak 17 Agustus 1945 kerap menghadapi berbagai dinamika dan tantangan, semangat kebersamaan tetap mampu memperkokoh tegaknya Negara Kesatuan Republik Indonesia.""Maka di hadapan Tuhan Yang Maha Esa, dalam memperingati Hari Kesaktian Pancasila, kami membulatkan tekad untuk tetap mempertahankan dan mengamalkan nilai-nilai Pancasila sebagai sumber kekuatan menggalang kebersamaan untuk memperjuangkan, menegakkan kebenaran dan keadilan demi keutuhan Negara Kesatuan Republik Indonesia,"" ujar Sukania Dwiyani.Peringatan Hari Kesaktian Pancasila yang berkaitan dengan peristiwa sejarah 30 September 1965 ini diharapkan tidak hanya sekadar seremonial, tetapi menjadi refleksi bersama untuk terus merawat gotong royong, toleransi, dan keharmonisan di masyarakat. 


                                
                                
                                
                                
                                
                                            
                                        
                                                                    

                                


                                
                                                                    
                                    
                                
                                                                                                                                                                                
                            
                            
                                                                        
                                                                
                                    
                                        
                                            Berita
                                        
                                    
                                    Terbaru Lainnya
                                
                                
                            
                            
                                    
                                    
                                        Memuat berita terbaru.....",rri.co.id,"Dajan Peken, 82114, Tabanan, Tabanan, Bali, Indonesia",-8.536609490935,115.13552944186335,5,"2, 7","kejaksaan, kejatibali, kejaritabanan, tabanan, news"
AI Mulai Ikut Bercerita Seperti Apa Masa Depan Film,2026-09-28T07:02:00.000Z,"Kabupaten Tabanan, Bali, Indonesia","AI Mulai Ikut Bercerita, Seperti Apa Masa Depan Film? - rri.co.id","Hiburan
                                                
                                            
                                                                            
                                    
                                    
                                        
                                            28 Sep 2026 14:02
                                            WIB
                                        
                                        
                                             Denpasar
                                        
                                    
                                    
                                                                                                                                
                                                                                
                                        
                                            
                                                Editor -
                                                Ni Putu Widyawati
                                            
                                        
                                    
                                

                                                                                                                                    

                                

                                                                                                            
                                        
                                                                                    
                                                
                                                    
                                                

                                                                                                    
                                                        BIAIFF 2026 mempertemukan insan perfilman dari berbagai negara (Foto:dok)
                                                    
                                                                                            
                                                                                                            
                                
                                RRI.CO.ID, Denpasar – Bayangkan membuat sebuah film dengan bantuan teknologi yang mampu menghasilkan visual, karakter, musik hingga berbagai elemen cerita. Perkembangan Artificial Intelligence (AI) kini mulai membuka kemungkinan baru dalam dunia perfilman.Fenomena tersebut menjadi salah satu hal yang diangkat dalam Bali International AI Film Festival (BIAIFF) Season 5.","Festival ini akan digelar pada 30 September 2026 di Paradiso Ubud, Bali, dan menghadirkan berbagai karya film yang memanfaatkan AI dalam proses kreatifnya.Karya yang ditampilkan tidak terbatas pada film pendek. BIAIFF juga membuka ruang untuk dokumenter, film feature, music video, animasi hingga karya eksperimental.","Pada Hari Senin , 28 September 2026 07:02, Tabanan, Tabanan, Bali

Hiburan
                                                
                                            
                                                                            
                                    
                                    
                                        
                                            28 Sep 2026 14:02
                                            WIB
                                        
                                        
                                             Denpasar
                                        
                                    
                                    
                                                                                                                                
                                                                                
                                        
                                            
                                                Editor -
                                                Ni Putu Widyawati
                                            
                                        
                                    
                                

                                                                                                                                    

                                

                                                                                                            
                                        
                                                                                    
                                                
                                                    
                                                

                                                                                                    
                                                        BIAIFF 2026 mempertemukan insan perfilman dari berbagai negara (Foto:dok)
                                                    
                                                                                            
                                                                                                            
                                
                                RRI.CO.ID, Denpasar – Bayangkan membuat sebuah film dengan bantuan teknologi yang mampu menghasilkan visual, karakter, musik hingga berbagai elemen cerita. Perkembangan Artificial Intelligence (AI) kini mulai membuka kemungkinan baru dalam dunia perfilman.Fenomena tersebut menjadi salah satu hal yang diangkat dalam Bali International AI Film Festival (BIAIFF) Season 5. Festival ini akan digelar pada 30 September 2026 di Paradiso Ubud, Bali, dan menghadirkan berbagai karya film yang memanfaatkan AI dalam proses kreatifnya.Karya yang ditampilkan tidak terbatas pada film pendek. BIAIFF juga membuka ruang untuk dokumenter, film feature, music video, animasi hingga karya eksperimental. Kehadiran berbagai format ini menunjukkan semakin luasnya eksplorasi kreator terhadap teknologi AI.Mengusung tema “The Soul of Storytelling, Reimagined by Code”, BIAIFF tidak hanya berbicara tentang kecanggihan teknologi. Festival ini juga mengajak melihat bagaimana AI dapat menjadi medium baru untuk menyampaikan ide dan cerita.Meski teknologi semakin canggih, manusia tetap memiliki peran penting dalam menentukan gagasan, sudut pandang dan pesan yang ingin disampaikan. AI dapat membantu mewujudkan sebuah ide, tetapi cerita tetap membutuhkan perspektif dan pengalaman manusia.Melalui BIAIFF, Bali menjadi salah satu ruang untuk melihat pertemuan antara teknologi dan seni. Menarik untuk melihat apakah perkembangan AI nantinya hanya mengubah cara film dibuat, atau sekaligus mengubah cara manusia bercerita. 


                                
                                
                                
                                
                                
                                            
                                        
                                                                    

                                


                                
                                                                    
                                    
                                
                                                                                                                                                                                
                            
                            
                                                                        
                                                                
                                    
                                        
                                            Berita
                                        
                                    
                                    Terbaru Lainnya
                                
                                
                            
                            
                                    
                                    
                                        Memuat berita terbaru.....",rri.co.id,"Dajan Peken, 82114, Tabanan, Tabanan, Bali, Indonesia",-8.536609490935,115.13552944186335,5,"2, 7","kejaksaan, kejatibali, kejaritabanan, tabanan, news"
Remtaba Competition 2026 Dorong Kreativitas Siswa Cegah Narkoba,2026-10-03T01:33:00.000Z,"Kabupaten Tabanan, Bali, Indonesia",Remtaba Competition 2026 Dorong Kreativitas Siswa Cegah Narkoba - rri.co.id,"Giacinta Putu Naysa Andriyanto, Ketua Panitia Remtaba saat Memberikan Keterangan kepada RRI. (Foto: Nadia/RRI)
                                                    
                                                                                            
                                                                                                            
                                
                                RRI.CO.ID, Badung - KSPAN Putra Dharma Laksana menggelar Remtaba Competition 2026 di SMP Negeri 2 Mengwi, Badung, Rabu, 30 September 2026 dan 1 Oktober 2026.","Kegiatan ini melibatkan perwakilan siswa dari kelas 7, 8, dan 9.Ketua Panitia Remtaba Competition 2026, Giacinta Putu Naysa Andriyanto, kepada RRI.CO.ID mengatakan Remtaba merupakan singkatan dari Remaja Tegar Tanpa AIDS dan Narkoba. “Pada hari ini sedang berlangsung kegiatan Remtaba Competition 2026 yang diselenggarakan oleh KSPAN Putra Dharma Laksana,” ujarnya.Ia mengungkapkan, kegiatan tersebut bekerja sama dengan siswa-siswi SMP Negeri 2 Mengwi dengan sejumlah perlombaan yang disesuaikan berdasarkan jenjang kelas.","Pada Hari Sabtu , 3 Oktober 2026 01:33, Tabanan, Tabanan, Bali

Giacinta Putu Naysa Andriyanto, Ketua Panitia Remtaba saat Memberikan Keterangan kepada RRI. (Foto: Nadia/RRI)
                                                    
                                                                                            
                                                                                                            
                                
                                RRI.CO.ID, Badung - KSPAN Putra Dharma Laksana menggelar Remtaba Competition 2026 di SMP Negeri 2 Mengwi, Badung, Rabu, 30 September 2026 dan 1 Oktober 2026. Kegiatan ini melibatkan perwakilan siswa dari kelas 7, 8, dan 9.Ketua Panitia Remtaba Competition 2026, Giacinta Putu Naysa Andriyanto, kepada RRI.CO.ID mengatakan Remtaba merupakan singkatan dari Remaja Tegar Tanpa AIDS dan Narkoba. “Pada hari ini sedang berlangsung kegiatan Remtaba Competition 2026 yang diselenggarakan oleh KSPAN Putra Dharma Laksana,” ujarnya.Ia mengungkapkan, kegiatan tersebut bekerja sama dengan siswa-siswi SMP Negeri 2 Mengwi dengan sejumlah perlombaan yang disesuaikan berdasarkan jenjang kelas. Untuk siswa kelas 7, lomba yang digelar berupa cerita bergambar. Sementara kelas 8 mengikuti lomba tutor sebaya dan kelas 9 mengikuti lomba film pendek. Seluruh jenjang juga mengikuti lomba teka-teki silang sebagai lomba wajib. “Untuk setiap lomba kita mewakili dua orang perwakilan. Khusus film pendek bisa sampai 11 orang,” ungkapnya.Giacinta berharap kegiatan tersebut dapat meningkatkan kreativitas siswa sekaligus mendorong mereka lebih bijak dalam menyikapi persoalan narkoba, HIV, dan pergaulan bebas. Ia berharap Remtaba Competition dapat kembali diselenggarakan pada tahun-tahun berikutnya.“Semoga siswa-siswi SMP Negeri 2 Mengwi menjadi lebih kreatif dan bijak dalam menghadapi masalah narkoba, HIV, dan pergaulan bebas,” pungkasnya. 


                                
                                
                                
                                
                                
                                            
                                        
                                                                    

                                


                                
                                                                    
                                    
                                
                                                                                                                                                                                
                            
                            
                                                                        
                                                                
                                    
                                        
                                            Berita
                                        
                                    
                                    Terbaru Lainnya
                                
                                
                            
                            
                                    
                                    
                                        Memuat berita terbaru.....",rri.co.id,"Dajan Peken, 82114, Tabanan, Tabanan, Bali, Indonesia",-8.536609490935,115.13552944186335,5,"2, 7","kejaksaan, kejatibali, kejaritabanan, tabanan, news"
World Animal Day Masyarakat Diminta Perhatikan Kesejahteraan Hewan,2026-10-04T00:39:00.000Z,"Kabupaten Tabanan, Bali, Indonesia","World Animal Day, Masyarakat Diminta Perhatikan Kesejahteraan Hewan - rri.co.id","RRI.CO.ID, Badung - Pemerintah Kabupaten Badung mendorong masyarakat untuk meningkatkan kepedulian terhadap kesejahteraan hewan, khususnya hewan peliharaan, dalam momentum Hari Hewan Sedunia yang diperingati setiap 4 Oktober. Kepala Bidang Kesehatan Hewan Dinas Pertanian dan Pangan Kabupaten Badung, Drh.","I Gusti Ngurah Narendra Putra, kepada RRI.CO.ID, Sabtu, 3 Oktober 2026 mengatakan pihaknya terus memberikan pembinaan kepada masyarakat melalui Pusat Kesehatan Hewan atau Puskeswan di masing-masing kecamatan.Menurutnya, pemerintah juga telah menyiapkan sumber daya manusia yang memiliki kompetensi di bidang kesejahteraan hewan untuk memperkuat pembinaan dan pengawasan di masyarakat. “Kami dari Pemerintah Daerah Kabupaten Badung melalui Dinas Pertanian dan Pangan selalu menghimbau kepada masyarakat untuk selalu memperhatikan kesejahteraan hewan, baik yang ada di dalam organisasi maupun individu,” ujarnya.Ia mengungkapkan, masyarakat perlu memahami konsep lima kebebasan dalam kesejahteraan hewan, termasuk memastikan hewan terbebas dari rasa lapar dan haus, penyakit, serta perlakuan yang dapat menimbulkan penderitaan.","Pada Hari Minggu , 4 Oktober 2026 00:39, Tabanan, Tabanan, Bali

RRI.CO.ID, Badung - Pemerintah Kabupaten Badung mendorong masyarakat untuk meningkatkan kepedulian terhadap kesejahteraan hewan, khususnya hewan peliharaan, dalam momentum Hari Hewan Sedunia yang diperingati setiap 4 Oktober. Kepala Bidang Kesehatan Hewan Dinas Pertanian dan Pangan Kabupaten Badung, Drh. I Gusti Ngurah Narendra Putra, kepada RRI.CO.ID, Sabtu, 3 Oktober 2026 mengatakan pihaknya terus memberikan pembinaan kepada masyarakat melalui Pusat Kesehatan Hewan atau Puskeswan di masing-masing kecamatan.Menurutnya, pemerintah juga telah menyiapkan sumber daya manusia yang memiliki kompetensi di bidang kesejahteraan hewan untuk memperkuat pembinaan dan pengawasan di masyarakat. “Kami dari Pemerintah Daerah Kabupaten Badung melalui Dinas Pertanian dan Pangan selalu menghimbau kepada masyarakat untuk selalu memperhatikan kesejahteraan hewan, baik yang ada di dalam organisasi maupun individu,” ujarnya.Ia mengungkapkan, masyarakat perlu memahami konsep lima kebebasan dalam kesejahteraan hewan, termasuk memastikan hewan terbebas dari rasa lapar dan haus, penyakit, serta perlakuan yang dapat menimbulkan penderitaan. Menurutnya, pemahaman tersebut masih perlu terus disosialisasikan karena sebagian masyarakat belum mengetahui cara memperlakukan hewan peliharaan dengan baik.Narendra menjelaskan, perlakuan yang tidak tepat terhadap hewan dapat menimbulkan berbagai dampak. Pada anjing, misalnya, kekerasan dan penelantaran dapat menyebabkan perubahan perilaku sehingga hewan menjadi lebih agresif.Sementara pada hewan ternak, kesejahteraan hewan yang tidak diperhatikan dapat berdampak terhadap kualitas daging. Ia juga menilai isu kesejahteraan hewan dapat berpengaruh terhadap citra pariwisata Bali apabila kasus kekerasan terhadap hewan terus terjadi.“Kalau kita di Bali ini tidak memperhatikan kesejahteraan hewan, itu menjadi sorotan bagi masyarakat dunia dan bisa mempengaruhi pariwisata itu sendiri,” ungkapnya.Dalam penanganan kasus kekerasan dan penelantaran hewan, Pemerintah Kabupaten Badung mengacu pada ketentuan peraturan yang berlaku dan berkoordinasi dengan Satuan Polisi Pamong Praja. Narendra menyebut, laporan terkait penelantaran maupun pembuangan hewan, termasuk anak anjing, dapat ditindaklanjuti melalui pembinaan maupun teguran. Dalam sejumlah kasus, masyarakat yang melakukan penelantaran hewan juga dapat dikenai tindak pidana ringan sesuai ketentuan yang berlaku. Ia mengatakan, pemerintah daerah saat ini belum memiliki tempat penampungan khusus hewan. Namun, penanganan anjing liar dilakukan melalui kerja sama dengan sejumlah shelter. Sosialisasi mengenai kesejahteraan hewan juga dilakukan secara langsung melalui kegiatan vaksinasi door-to-dooryang dilaksanakan tim Puskeswan dan vaksinator di rumah-rumah masyarakat.Selain pemerintah, masyarakat juga memiliki peran penting dalam mencegah kekerasan terhadap hewan. Masyarakat yang menemukan dugaan kekerasan terhadap hewan dapat melaporkannya kepada Dinas Pertanian dan Pangan maupun Satuan Polisi Pamong Praja di wilayah masing-masing.Narendra mengajak pemerintah, perguruan tinggi, lembaga perlindungan anak atau LPA, lembaga swadaya masyarakat, serta masyarakat untuk bersama-sama meningkatkan kesejahteraan hewan di Bali. “Mari kita bekerja bersama-sama, saling bahu-membahu untuk selalu meningkatkan kualitas kesejahteraan hewan, terutama yang ada di Kabupaten Badung pada khususnya dan umumnya yang ada di Bali, sehingga isu-isu kekerasan hewan itu tidak terjadi lagi,” pungkasnya.",rri.co.id,"Dajan Peken, 82114, Tabanan, Tabanan, Bali, Indonesia",-8.536609490935,115.13552944186335,5,"2, 7","kejaksaan, kejatibali, kejaritabanan, tabanan, news"
Hari Bakti Postel Ke81 Perkuat Kolaborasi Komunitas Bali,2026-09-28T06:29:00.000Z,"Kabupaten Tabanan, Bali, Indonesia",Hari Bakti Postel Ke-81 Perkuat Kolaborasi Komunitas Bali - rri.co.id,"Peringatan Hari Bakti Postel ke-81 di Bali diisi dengan upacara dan kegiatan donor darah.(Foto:Dok)
                                                    
                                                                                            
                                                                                                            
                                
                                RRI.CO.ID, Denpasar - Peringatan Hari Bakti Postel ke-81 di Bali menjadi momentum untuk memperkuat kebersamaan komunitas pos dan telekomunikasi. Rangkaian kegiatan diisi dengan bakti sosial, donor darah, dan upacara peringatan yang melibatkan berbagai unsur terkait.Ketua Panitia Hari Bakti Postel ke-81, I Made Kartha Susila, mengatakan rangkaian kegiatan sebelumnya telah dilaksanakan melalui bakti sosial di dua yayasan.","Bantuan yang diberikan berupa uang dan sembako, sementara kegiatan donor darah pada puncak peringatan diikuti sekitar 70 peserta.“Hari ini kita melaksanakan puncak dari Hari Bakti Postel yang ke-81. Selain upacara, kita juga melaksanakan kegiatan donor darah yang pendaftarnya sudah mencapai 70 orang,” ujar I Made Kartha Susila.Menurutnya, kegiatan tersebut melibatkan komunitas pos dan telekomunikasi serta berbagai unsur penyiaran di wilayah Bali.","Pada Hari Senin , 28 September 2026 06:29, Tabanan, Tabanan, Bali

Peringatan Hari Bakti Postel ke-81 di Bali diisi dengan upacara dan kegiatan donor darah.(Foto:Dok)
                                                    
                                                                                            
                                                                                                            
                                
                                RRI.CO.ID, Denpasar - Peringatan Hari Bakti Postel ke-81 di Bali menjadi momentum untuk memperkuat kebersamaan komunitas pos dan telekomunikasi. Rangkaian kegiatan diisi dengan bakti sosial, donor darah, dan upacara peringatan yang melibatkan berbagai unsur terkait.Ketua Panitia Hari Bakti Postel ke-81, I Made Kartha Susila, mengatakan rangkaian kegiatan sebelumnya telah dilaksanakan melalui bakti sosial di dua yayasan. Bantuan yang diberikan berupa uang dan sembako, sementara kegiatan donor darah pada puncak peringatan diikuti sekitar 70 peserta.“Hari ini kita melaksanakan puncak dari Hari Bakti Postel yang ke-81. Selain upacara, kita juga melaksanakan kegiatan donor darah yang pendaftarnya sudah mencapai 70 orang,” ujar I Made Kartha Susila.Menurutnya, kegiatan tersebut melibatkan komunitas pos dan telekomunikasi serta berbagai unsur penyiaran di wilayah Bali. Dukungan juga datang dari TNI AD yang turut terlibat dalam pelaksanaan upacara peringatan Hari Bakti Postel ke-81.Kepala Balai Monitor Spektrum Frekuensi Radio dan Infrastruktur Digital (Balmon) Kelas I Denpasar, Indra Sofany, mengatakan peringatan Hari Bakti Postel menjadi pengingat sejarah perjuangan dalam merebut kembali jawatan pos, telegram, dan komunikasi pada 1945. Balmon Denpasar juga memiliki peran dalam menjaga penggunaan spektrum frekuensi radio sekaligus mendukung pembangunan infrastruktur digital di Bali.“Balmon Denpasar mempunyai peranan penting dalam kemajuan pembangunan infrastruktur digital, termasuk menjaga spektrum frekuensi radio yang berada di wilayah Bali,” kata Indra Sofany.Indra berharap kondisi Bali tetap aman dan kondusif, termasuk dari gangguan spektrum frekuensi radio. Kolaborasi seluruh komunitas pos dan telekomunikasi diharapkan terus menjaga konektivitas serta mendukung perkembangan ekosistem digital di Bali. 


                                
                                
                                
                                
                                
                                            
                                        
                                                                    

                                


                                
                                                                    
                                    
                                
                                                                                                                                                                                
                            
                            
                                                                        
                                                                
                                    
                                        
                                            Berita
                                        
                                    
                                    Terbaru Lainnya
                                
                                
                            
                            
                                    
                                    
                                        Memuat berita terbaru.....",rri.co.id,"Dajan Peken, 82114, Tabanan, Tabanan, Bali, Indonesia",-8.536609490935,115.13552944186335,5,"2, 7","kejaksaan, kejatibali, kejaritabanan, tabanan, news"
Gempa M38 Guncang Kuta Selatan Getaran Terasa hingga Denpasar,2026-10-02T03:06:00.000Z,"Kabupaten Tabanan, Bali, Indonesia","Gempa M3,8 Guncang Kuta Selatan, Getaran Terasa hingga Denpasar - rri.co.id","Regional
                                                
                                            
                                                                            
                                    
                                    
                                        
                                            02 Okt 2026 10:06
                                            WIB
                                        
                                        
                                             Singaraja
                                        
                                    
                                    
                                                                                                                                
                                                                                
                                        
                                            
                                                Editor -
                                                Santi Mulyawati
                                            
                                        
                                    
                                

                                                                                                                                    

                                

                                                                                                            
                                        
                                                                                    
                                                
                                                    
                                                

                                                                                                    
                                                        Infografis Balai Besar Meteorologi, Klimatologi, dan Geofisika (BBMKG) Wilayah III Badung. (Foto: Dok.","BBMKG Wilayah III Badung.
                                                    
                                                                                            
                                                                                                            
                                
                                RRI.CO.ID, Singaraja - Gempa bumi tektonik berkekuatan Magnitudo 3,8 mengguncang wilayah Kuta Selatan, Bali, Jumat, 2 Oktober 2026 pukul 08.46.54 WITA. Gempa tersebut berpusat di laut pada jarak sekitar 29 kilometer barat daya Tabanan, dengan kedalaman 86 kilometer.","Pada Hari Jumat , 2 Oktober 2026 03:06, Tabanan, Tabanan, Bali

Regional
                                                
                                            
                                                                            
                                    
                                    
                                        
                                            02 Okt 2026 10:06
                                            WIB
                                        
                                        
                                             Singaraja
                                        
                                    
                                    
                                                                                                                                
                                                                                
                                        
                                            
                                                Editor -
                                                Santi Mulyawati
                                            
                                        
                                    
                                

                                                                                                                                    

                                

                                                                                                            
                                        
                                                                                    
                                                
                                                    
                                                

                                                                                                    
                                                        Infografis Balai Besar Meteorologi, Klimatologi, dan Geofisika (BBMKG) Wilayah III Badung. (Foto: Dok. BBMKG Wilayah III Badung.
                                                    
                                                                                            
                                                                                                            
                                
                                RRI.CO.ID, Singaraja - Gempa bumi tektonik berkekuatan Magnitudo 3,8 mengguncang wilayah Kuta Selatan, Bali, Jumat, 2 Oktober 2026 pukul 08.46.54 WITA. Gempa tersebut berpusat di laut pada jarak sekitar 29 kilometer barat daya Tabanan, dengan kedalaman 86 kilometer. Getaran gempa dirasakan masyarakat di sejumlah wilayah, termasuk Kuta Selatan, Kuta, dan Denpasar.Berdasarkan analisis Badan Meteorologi, Klimatologi, dan Geofisika (BMKG), episenter gempa berada pada koordinat 8,67 derajat Lintang Selatan dan 114,89 derajat Bujur Timur. Dengan memperhatikan lokasi episenter dan kedalaman hiposenternya, gempa tersebut dikategorikan sebagai gempa bumi menengah. Gempa dipicu aktivitas sesar aktif di dasar laut.Hasil analisis mekanisme sumber menunjukkan gempa memiliki pergerakan turun dengan kombinasi mendatar. Mekanisme tersebut dikenal sebagai Normal Right-Lateral Oblique, yang menggambarkan karakter pergerakan sumber gempa. Kedalaman 86 kilometer membuat gempa ini termasuk dalam kategori gempa menengah.Berdasarkan laporan masyarakat dan estimasi peta guncangan atau shakemap BMKG, getaran paling terasa di wilayah Kuta Selatan dan Kuta. Intensitas gempa di kedua wilayah tersebut berada pada skala II-III Modified Mercalli Intensity (MMI). Pada skala tersebut, getaran dapat dirasakan beberapa orang hingga terasa nyata di dalam rumah, termasuk benda-benda ringan yang digantung bergoyang.Sementara itu, wilayah Denpasar merasakan gempa dengan intensitas II MMI. Getaran pada skala tersebut dapat dirasakan nyata di dalam rumah dan sensasinya seperti truk yang sedang melintas. Meski dirasakan di beberapa wilayah, BMKG belum melaporkan adanya dampak kerusakan akibat gempa tersebut.Hingga pukul 09.15 WITA, BMKG menyatakan hasil monitoring belum menunjukkan adanya aktivitas gempa bumi susulan atau aftershock. Pemantauan terhadap aktivitas kegempaan tetap dilakukan untuk mengetahui perkembangan kondisi setelah gempa utama. Informasi terbaru akan disampaikan kepada pemangku kepentingan dan masyarakat apabila terdapat perkembangan.Kepala Balai Besar Meteorologi, Klimatologi, dan Geofisika (BBMKG) Wilayah III Badung, Cahyo Nugroho, mengimbau masyarakat tetap tenang dan tidak mudah terpengaruh informasi yang belum dapat dipertanggungjawabkan. Masyarakat juga diminta menghindari bangunan yang mengalami keretakan atau kerusakan akibat gempa. Langkah tersebut penting untuk mencegah risiko apabila terjadi gempa susulan atau kondisi bangunan tidak stabil.""BMKG akan terus memonitor aktivitas gempabumi susulan serta menyampaikan pemutakhiran informasi kepada stakeholder dan masyarakat,"" ujar Cahyo.BMKG juga mengingatkan masyarakat agar memperoleh informasi kebencanaan melalui kanal resmi dan terverifikasi. Informasi resmi dapat diakses melalui kanal komunikasi BMKG serta situs dan aplikasi resmi yang disediakan untuk masyarakat. Dengan mengandalkan sumber informasi resmi, masyarakat diharapkan tidak ikut menyebarkan kabar yang tidak dapat dipastikan kebenarannya. 


                                
                                
                                
                                
                                
                                            
                                        
                                                                    

                                


                                
                                                                    
                                    
                                
                                                                                                                                                                                
                            
                            
                                                                        
                                                                
                                    
                                        
                                            Berita
                                        
                                    
                                    Terbaru Lainnya
                                
                                
                            
                            
                                    
                                    
                                        Memuat berita terbaru.....",rri.co.id,"Dajan Peken, 82114, Tabanan, Tabanan, Bali, Indonesia",-8.536609490935,115.13552944186335,5,"2, 7","kejaksaan, kejatibali, kejaritabanan, tabanan, news"
Cerita dibalik Motif Cantik Kain Endek Bali,2026-09-29T16:43:00.000Z,"Kabupaten Tabanan, Bali, Indonesia",Cerita dibalik Motif Cantik Kain Endek Bali - rri.co.id,"Budaya
                                                
                                            
                                                                            
                                    
                                    
                                        
                                            29 Sep 2026 23:43
                                            WIB
                                        
                                        
                                             Medan
                                        
                                    
                                    
                                                                                                                                
                                                                                
                                        
                                            
                                                Editor -
                                                Syahrudi, S.S.
                                            
                                        
                                    
                                

                                                                                                                                    

                                

                                                                                                            
                                        
                                                                                    
                                                
                                                    
                                                

                                                                                                    
                                                        Kain Endek Bali (Pinterest)
                                                    
                                                                                            
                                                                                                            
                                
                                RRI.CO.ID, Medan - Kain Endek Bali bukan sekadar kain tradisional dengan motif dan warna yang menarik. Di balik setiap lembarannya, tersimpan cerita tentang alam, budaya, hingga kepercayaan masyarakat Bali yang diwariskan dari generasi ke generasi.Dikutip dari IDN Times, Endek merupakan kain tenun ikat yang motifnya dibentuk melalui proses pengikatan dan pewarnaan benang sebelum kemudian ditenun menjadi kain.","Nama Endek berkaitan dengan istilah ngendek atau gendekan, yang berarti diam atau tetap, merujuk pada bagian benang yang warnanya tetap karena terlindungi saat proses pewarnaan.1. Motifnya Terinspirasi dari Alam hingga KepercayaanSalah satu ciri khas kain Endek terlihat dari motifnya yang beragam.","Pada Hari Selasa , 29 September 2026 16:43, Tabanan, Tabanan, Bali

Budaya
                                                
                                            
                                                                            
                                    
                                    
                                        
                                            29 Sep 2026 23:43
                                            WIB
                                        
                                        
                                             Medan
                                        
                                    
                                    
                                                                                                                                
                                                                                
                                        
                                            
                                                Editor -
                                                Syahrudi, S.S.
                                            
                                        
                                    
                                

                                                                                                                                    

                                

                                                                                                            
                                        
                                                                                    
                                                
                                                    
                                                

                                                                                                    
                                                        Kain Endek Bali (Pinterest)
                                                    
                                                                                            
                                                                                                            
                                
                                RRI.CO.ID, Medan - Kain Endek Bali bukan sekadar kain tradisional dengan motif dan warna yang menarik. Di balik setiap lembarannya, tersimpan cerita tentang alam, budaya, hingga kepercayaan masyarakat Bali yang diwariskan dari generasi ke generasi.Dikutip dari IDN Times, Endek merupakan kain tenun ikat yang motifnya dibentuk melalui proses pengikatan dan pewarnaan benang sebelum kemudian ditenun menjadi kain. Nama Endek berkaitan dengan istilah ngendek atau gendekan, yang berarti diam atau tetap, merujuk pada bagian benang yang warnanya tetap karena terlindungi saat proses pewarnaan.1. Motifnya Terinspirasi dari Alam hingga KepercayaanSalah satu ciri khas kain Endek terlihat dari motifnya yang beragam. Bunga, daun, burung, hingga berbagai bentuk fauna menjadi inspirasi yang menggambarkan kedekatan masyarakat Bali dengan alam.Namun, tidak semua motif Endek memiliki fungsi yang sama. Beberapa di antaranya memiliki nilai sakral, seperti motif Patra dan Encak Saji, yang digunakan dalam konteks tertentu, terutama kegiatan keagamaan. Karena itu, penggunaan motif Endek juga perlu memperhatikan fungsi dan nilai budaya yang melekat di dalamnya.2. Warna Endek Juga Punya MaknaBukan hanya motif, warna pada kain Endek juga memiliki keterkaitan dengan simbol spiritual dan konsep keseimbangan dalam budaya Bali.Merah kerap dikaitkan dengan kekuatan dan energi, putih dengan kesucian, hitam dengan kekuatan dan keseimbangan, sementara kuning dapat merepresentasikan kemuliaan dan kesejahteraan. Meski begitu, makna warna dapat berbeda bergantung pada motif, fungsi kain, serta konteks adat dan keagamaannya.3. Dari Tradisi hingga Fesyen ModernMenariknya, perkembangan zaman tidak membuat Endek kehilangan tempat. Motif tradisional ini kini hadir dalam berbagai busana dan produk fesyen modern.Kain Endek bahkan pernah digunakan dalam koleksi Spring/Summer 2021 Christian Dior dan menjadi bagian dari jamuan makan malam KTT G20 Bali pada 2022. Hal ini menunjukkan bagaimana kain tradisional dapat terus berkembang dan digunakan dalam konteks modern, tanpa harus kehilangan identitas budayanya.Pertenunan Endek juga masih dijumpai di sejumlah wilayah Bali, antara lain Kabupaten Klungkung, Karangasem, Gianyar, Buleleng, Jembrana, dan Kota Denpasar. Data industri yang lebih luas juga mencatat produksi Endek di Badung, Tabanan, dan Bangli.Jadi, ketika mengenakan kain Endek, yang digunakan bukan hanya selembar kain dengan motif yang cantik. Ada keterampilan para perajin, simbol budaya, serta cerita dan nilai yang membuat Endek tetap relevan di tengah perkembangan zaman. 


                                
                                
                                
                                
                                
                                            
                                        
                                                                    

                                


                                
                                                                    
                                    
                                
                                                                                                                                                                                
                            
                            
                                                                        
                                                                
                                    
                                        
                                            Berita
                                        
                                    
                                    Terbaru Lainnya
                                
                                
                            
                            
                                    
                                    
                                        Memuat berita terbaru.....",rri.co.id,"Dajan Peken, 82114, Tabanan, Tabanan, Bali, Indonesia",-8.536609490935,115.13552944186335,5,"2, 7","kejaksaan, kejatibali, kejaritabanan, tabanan, news"
Gubernur Bali Ucapkan Selamat HUT ke77 Berdirinya Republik Rakyat Tiongkok,2026-09-30T14:29:00.000Z,"Kabupaten Tabanan, Bali, Indonesia",Gubernur Bali Ucapkan Selamat HUT ke-77 Berdirinya Republik Rakyat Tiongkok - rri.co.id,"RRI.CO.ID, Denpasar- Mewakili Pemerintah Provinsi Bali dan masyarakat Bali, Gubernur Bali, Wayan Koster dihadapan Konsul Jenderal Republik Tiongkok di Denpasar, Mr. Zhang Zhisheng menyampaikan ucapan selamat Hari Ulang Tahun ke-77 Berdirinya Republik Rakyat Tiongkok (1949-2026).“ Semoga Republik Rakyat Tiongkok semakin maju dan hubungan Pemerintah Republik Indonesia dengan Tiongkok, serta Pemerintah Provinsi Bali dengan Tiongkok yang telah baik ini terus ditingkatkan,”ucapnya pada Selasa 29 September 2026.Koster mengucapkan terimakasih kepada Konsul Jenderal Republik Tiongkok di Denpasar, Mr.","Zhang Zhisheng atas kerjasama yang baik selama ini dengan harapan kerjasama yang sudah terjalin terus akan meningkat.Dikatakan, hubungan Bali dengan Tiongkok sudah terjalin sejak lama, selain karena historis, Bali dan Tiongkok juga sudah melakukan kerjasama di sektor budaya, ekonomi, perdagangan sampai ekspor buah - buahan maupun juga industri kerajinan rakyat, kemudian berlanjut kerjasamanya ke sektor pariwisata dan pendidikan.Hubungan ini terus meningkat, bahkan di bidang pariwisata, wisatawan Tiongkok yang berkunjung ke Bali sampai 31 Agustus 2026 itu sudah mencapai 400 ribu lebih orang. Kerjasama terbaru antara Pemerintah Republik Indonesia dengan Tiongkok di Bali ialah adanya kerjasama pembangunan Pengolahan Sampah menjadi Energi Listrik (PSEL), yang telah di groundbreaking pada tanggal 8 Juli 2026 dengan target selesai pada bulan Oktober 2027 atau bisa beroperasi pada bulan November/Desember 2027.PSEL yang dikerjakan oleh Weiming Environment Protection Co., Ltd ini akan mampu mengolah sampah kira - kira mencapai sebanyak 1.500 ton per hari, terutama sampah dari Kota Denpasar dan Kabupaten Badung.Ia berharap kerjasama Bali dan Tiongkok terus meningkat, jika memungkinkan adanya investasi energi bersih, salah satunya Pembangkit Listrik Tenaga Surya (PLTS) yang sedang diproses oleh PT.","Pada Hari Rabu , 30 September 2026 14:29, Tabanan, Tabanan, Bali

RRI.CO.ID, Denpasar- Mewakili Pemerintah Provinsi Bali dan masyarakat Bali, Gubernur Bali, Wayan Koster dihadapan Konsul Jenderal Republik Tiongkok di Denpasar, Mr. Zhang Zhisheng menyampaikan ucapan selamat Hari Ulang Tahun ke-77 Berdirinya Republik Rakyat Tiongkok (1949-2026).“ Semoga Republik Rakyat Tiongkok semakin maju dan hubungan Pemerintah Republik Indonesia dengan Tiongkok, serta Pemerintah Provinsi Bali dengan Tiongkok yang telah baik ini terus ditingkatkan,”ucapnya pada Selasa 29 September 2026.Koster mengucapkan terimakasih kepada Konsul Jenderal Republik Tiongkok di Denpasar, Mr. Zhang Zhisheng atas kerjasama yang baik selama ini dengan harapan kerjasama yang sudah terjalin terus akan meningkat.Dikatakan, hubungan Bali dengan Tiongkok sudah terjalin sejak lama, selain karena historis, Bali dan Tiongkok juga sudah melakukan kerjasama di sektor budaya, ekonomi, perdagangan sampai ekspor buah - buahan maupun juga industri kerajinan rakyat, kemudian berlanjut kerjasamanya ke sektor pariwisata dan pendidikan.Hubungan ini terus meningkat, bahkan di bidang pariwisata, wisatawan Tiongkok yang berkunjung ke Bali sampai 31 Agustus 2026 itu sudah mencapai 400 ribu lebih orang. Kerjasama terbaru antara Pemerintah Republik Indonesia dengan Tiongkok di Bali ialah adanya kerjasama pembangunan Pengolahan Sampah menjadi Energi Listrik (PSEL), yang telah di groundbreaking pada tanggal 8 Juli 2026 dengan target selesai pada bulan Oktober 2027 atau bisa beroperasi pada bulan November/Desember 2027.PSEL yang dikerjakan oleh Weiming Environment Protection Co., Ltd ini akan mampu mengolah sampah kira - kira mencapai sebanyak 1.500 ton per hari, terutama sampah dari Kota Denpasar dan Kabupaten Badung.Ia berharap kerjasama Bali dan Tiongkok terus meningkat, jika memungkinkan adanya investasi energi bersih, salah satunya Pembangkit Listrik Tenaga Surya (PLTS) yang sedang diproses oleh PT. PLN. PLTS di Bali akan dibangun berkapasitas 1.000 sampai 1.500 MWp.“Saya mendengar, China selain memiliki keunggulan teknologi, juga memiliki dana yang cukup, sehingga investasi dari China ke Bali untuk mewujudkan energi bersih sangat kami harapkan guna mendukung Bali Mandiri Energi. Ini kami perlukan agar Bali berkualitas, berdaya saing secara berkelanjutan, dan Bali betul - betul bisa ""survive"" guna terciptanya kesejahteraan dan kebahagiaan masyarakat Bali,”ucap Koster.Konsul Jenderal Republik Tiongkok di Denpasar, Mr. Zhang Zhisheng, dalam sambutannya mengatakan hubungan Tiongkok - Indonesia kini berada pada masa terbaik dalam sejarah. Tiongkok tidak hanya berupaya memajukan dirinya sendiri, melainkan senantiasa memikirkan kepentingan dunia dan nasib kemanusiaan.Sejak memasuki era baru, Presiden Xi Jinping telah mengajukan gagasan besar membangun Komunitas Senasib Sepenanggungan Umat Manusia, serta mengajukan inisiatif pembangunan global, keamanan global, peradaban global, dan inisiatif tata kelola global yang mendorong pembangunan sebagai prioritas, keamanan bersama, saling menghargai peradaban serta mewujudkan sistem dunia yang beragam dan tertib untuk menangani tantangan global.Karena itu, Kedepan, Tiongkok siap bekerja sama dengan Indonesia untuk melaksanakan kesepakatan strategis para pemimpin kedua negara, membangun komunitas senasib sepenanggungan antara Tiongkok - Indonesia, serta memajukan kerja sama berkualitas tinggi di bawah Belt and Road Initiative demi memenuhi cita - cita rakyat kedua negara yaitu kehidupan yang lebih baik, serta secara bersama - sama memajukan perdamaian, kestabilan, kemajuan, dan kemakmuran di tingkat regional dunia.“Kami Konsulat Jenderal Republik Rakyat Tiongkok di Denpasar akan senantiasa menjadi jembatan penghubung, memperdalam dan memperluas kerja sama antarwilayah, serta terus menghadirkan dorongan baru bagi perkembangan hubungan kedua negara,”ucap Koster.Tiongkok dan Indonesia adalah tetangga baik, serta menjadi mitra yang senasib. Dalam setahun terakhir, upaya membangun Komunitas Masa Depan Bersama Tiongkok - Indonesia telah membuahkan hasil, diantaranya seperti :a) Dari segi politik, Pemerintah Tiongkok telah mengundang Presiden Republik Indonesia, Prabowo Subianto untuk menghadiri KTT APEC di Tiongkok pada November tahun ini;b) Diluncurkannya program Kemitraan Tanggap Darurat Berbasis Masyarakat Indonesia, dalam program ini dilakukan oleh Tim Penyelamat Kesejahteraan Masyarakat Shenzhen dengan menyelenggarakan pelatihan layanan publik di berbagai lokasi, seperti di Kota Denpasar dan Buleleng. Pelatihan ini digelar bertujuan untuk meningkatkan kemampuan tanggap darurat serta pengurangan risiko bencana;c) Dari segi ekonomi, Tiongkok tetap menjadi mitra dagang terbesar, dan salah satu sumber investasi asing bagi Indonesia. Khusus untuk Bali, buah salak Bali telah berhasil dikirim ke pasar Tiongkok, dan ekspor produk laut melalui rantai pendingin yang terus berkembang;d) Adanya penerbangan langsung Beijing - Denpasar yang telah kembali beroperasi;e) Provinsi Yunnan, sebagai provinsi sahabat bagi Bali, telah melaksanakan tahap ketiga proyek kerja sama pariwisata pertanian lestari di Kabupaten Tabanan;f) Ada juga PT General Energy Bali (China Huadian Corporation) memegang peran kunci dalam menjamin kestabilan pasokan listrik di Bali. Termasuk proyek Pembangkit Listrik Tenaga Sampah (PSEL) Bali yang didanai oleh Weiming Environment Protection Co., Ltd juga telah mulai dibangun dan diperkirakan selesai dalam satu setengah tahun kedepan. Proyek ini akan menyumbangkan gagasan serta teknologi maju Tiongkok bagi pengelolaan lingkungan hidup di Bali; dang) Pematung Bali telah berpartisipasi dalam Festival Internasional Salju dan Es Harbin selama beberapa tahun berturut-turut, dan musisi Bali telah tampil dengan sukses di Shanghai, Guangzhou, dan kota-kota lainnya.",rri.co.id,"Dajan Peken, 82114, Tabanan, Tabanan, Bali, Indonesia",-8.536609490935,115.13552944186335,5,"2, 7","kejaksaan, kejatibali, kejaritabanan, tabanan, news"
HANTARU 2026 PERINTIS 10 Hari Diperluas ke 95 Kantah,2026-09-29T06:48:00.000Z,"Kabupaten Tabanan, Bali, Indonesia","HANTARU 2026, PERINTIS 10 Hari Diperluas ke 95 Kantah - rri.co.id","Berita Lain
                                                
                                            
                                                                            
                                    
                                    
                                        
                                            29 Sep 2026 13:48
                                            WIB
                                        
                                        
                                             Bandar Lampung
                                        
                                    
                                    
                                                                                                                                
                                                                                
                                        
                                            
                                                Editor -
                                                Fahriyal
                                            
                                        
                                    
                                

                                                                                                                                    

                                

                                                                                                            
                                        
                                                                                    
                                                
                                                    
                                                

                                                                                                    
                                                        Tepat di Momen HANTARU 2026, Implementasi PERINTIS 10 Hari Diperluas hingga ke 95 Kantah (Foto: Humas Kantor Pertanahan Kota Bandar Lampung)
                                                    
                                                                                            
                                                                                                            
                                
                                RRI.CO.ID, Bandarlampung - Berdasarkan relese yang diterima oleh Humas Kontor Pertanahan Kota Bandar Lampung, Selasa, 29 September 2026, masyarakat yang mengurus peralihan hak atas tanah kini dapat mengakses layanan Peralihan Hak Terintegrasi (PERINTIS) di 95 Kantor Pertanahan (Kantah). Perluasan layanan PERINTIS tersebut sudah mulai dijalankan tepat di Hari Agraria dan Tata Ruang Nasional (HANTARU) pada Kamis 24 September 2026 lalu.“Bertepatan dengan HANTARU, layanan PERINTIS 10 Hari sudah diimplementasikan di 95 Kantah.","Sebelumnya, layanan ini sudah diuji coba di 17 Kantah dimulai sejak 17 Agustus lalu,” ujar Kepala Biro Hubungan Masyarakat (Humas) dan Protokol, Uunk Din Parunggi, di Kementerian ATR/BPN, Jakarta pada Jumat (25/09/2026).Sesuai dengan arahan Menteri Agraria dan Tata Ruang/Kepala Badan Pertanahan Nasional (ATR/BPN), Nusron Wahid, layanan PERINTIS 10 Hari ditargetkan dapat berlaku secara nasional mulai 1 Januari 2027. “Ada penambahan 78 Kantah yang tersebar di 19 provinsi.","Pada Hari Selasa , 29 September 2026 06:48, Tabanan, Tabanan, Bali

Berita Lain
                                                
                                            
                                                                            
                                    
                                    
                                        
                                            29 Sep 2026 13:48
                                            WIB
                                        
                                        
                                             Bandar Lampung
                                        
                                    
                                    
                                                                                                                                
                                                                                
                                        
                                            
                                                Editor -
                                                Fahriyal
                                            
                                        
                                    
                                

                                                                                                                                    

                                

                                                                                                            
                                        
                                                                                    
                                                
                                                    
                                                

                                                                                                    
                                                        Tepat di Momen HANTARU 2026, Implementasi PERINTIS 10 Hari Diperluas hingga ke 95 Kantah (Foto: Humas Kantor Pertanahan Kota Bandar Lampung)
                                                    
                                                                                            
                                                                                                            
                                
                                RRI.CO.ID, Bandarlampung - Berdasarkan relese yang diterima oleh Humas Kontor Pertanahan Kota Bandar Lampung, Selasa, 29 September 2026, masyarakat yang mengurus peralihan hak atas tanah kini dapat mengakses layanan Peralihan Hak Terintegrasi (PERINTIS) di 95 Kantor Pertanahan (Kantah). Perluasan layanan PERINTIS tersebut sudah mulai dijalankan tepat di Hari Agraria dan Tata Ruang Nasional (HANTARU) pada Kamis 24 September 2026 lalu.“Bertepatan dengan HANTARU, layanan PERINTIS 10 Hari sudah diimplementasikan di 95 Kantah. Sebelumnya, layanan ini sudah diuji coba di 17 Kantah dimulai sejak 17 Agustus lalu,” ujar Kepala Biro Hubungan Masyarakat (Humas) dan Protokol, Uunk Din Parunggi, di Kementerian ATR/BPN, Jakarta pada Jumat (25/09/2026).Sesuai dengan arahan Menteri Agraria dan Tata Ruang/Kepala Badan Pertanahan Nasional (ATR/BPN), Nusron Wahid, layanan PERINTIS 10 Hari ditargetkan dapat berlaku secara nasional mulai 1 Januari 2027. “Ada penambahan 78 Kantah yang tersebar di 19 provinsi. Target kami, hingga akhir tahun akan bisa berjalan di Kantah se-Indonesia,” ujar Uunk Din Parunggi.Adapun ke-78 Kantah pelaksana tahap kedua implementasi layanan PERINTIS 10 Hari, antara lain:Kantor Pertanahan Kota Administrasi Jakarta Timur, DKI Jakarta.Kantor Pertanahan Kota Bandung, Jawa Barat.Kantor Pertanahan Kabupaten Bogor I, Jawa Barat.Kantor Pertanahan Kabupaten Bekasi, Jawa Barat.Kantor Pertanahan Kabupaten Bandung, Jawa Barat.Kantor Pertanahan Kota Tangerang, Banten.Kantor Pertanahan Kabupaten Demak, Jawa Tengah.Kantor Pertanahan Kabupaten Sragen, Jawa Tengah.Kantor Pertanahan Kabupaten Klaten, Jawa Tengah.Kantor Pertanahan Kabupaten Sleman, D.I. Yogyakarta.Kantor Pertanahan Kota Surabaya II, Jawa Timur.Kantor Pertanahan Kabupaten Sidoarjo, Jawa Timur.Kantor Pertanahan Kabupaten Gresik, Jawa Timur.Kantor Pertanahan Kota Medan, Sumatera Utara.Kantor Pertanahan Kota Padang, Sumatera Barat.Kantor Pertanahan Kota Palembang, Sumatera Selatan.Kantor Pertanahan Kota Pekanbaru, Riau.Kantor Pertanahan Kota Bandar Lampung, Lampung.Kantor Pertanahan Kota Balikpapan, Kalimantan Timur.Kantor Pertanahan Kota Banjarmasin, Kalimantan Selatan.Kantor Pertanahan Kota Mataram, Nusa Tenggara Barat.Kantor Pertanahan Kabupaten Sikka, Nusa Tenggara Timur.Kantor Pertanahan Kota Denpasar, Bali.Kantor Pertanahan Kabupaten Tabanan, Bali.Kantor Pertanahan Kabupaten Bogor II, Jawa Barat.Kantor Pertanahan Kota Bekasi, Jawa Barat.Kantor Pertanahan Kabupaten Karawang, Jawa Barat.Kantor Pertanahan Kabupaten Bandung Barat, Jawa Barat.Kantor Pertanahan Kabupaten Cirebon, Jawa Barat.Kantor Pertanahan Kabupaten Boyolali, Jawa Tengah.Kantor Pertanahan Kabupaten Kendal, Jawa Tengah.Kantor Pertanahan Kota Pekalongan, Jawa Tengah.Kantor Pertanahan Kota Surakarta, Jawa Tengah.Kantor Pertanahan Kota Tebing Tinggi, Sumatera Utara.Kantor Pertanahan Kota Sibolga, Sumatera Utara.Kantor Pertanahan Kota Pematangsiantar, Sumatera Utara.Kantor Pertanahan Kabupaten Indragiri Hilir, Riau.Kantor Pertanahan Kabupaten Bengkalis, Riau.Kantor Pertanahan Kabupaten Rokan Hilir, Riau.Kantor Pertanahan Kabupaten Pesawaran, Lampung.Kantor Pertanahan Kabupaten Balangan, Kalimantan Selatan.Kantor Pertanahan Kabupaten Banjar, Kalimantan Selatan.Kantor Pertanahan Kabupaten Hulu Sungai Selatan, Kalimantan Selatan.Kantor Pertanahan Kabupaten Hulu Sungai Tengah, Kalimantan Selatan.Kantor Pertanahan Kabupaten Hulu Sungai Utara, Kalimantan Selatan.Kantor Pertanahan Kabupaten Kotabaru, Kalimantan Selatan.Kantor Pertanahan Kabupaten Tabalong, Kalimantan Selatan.Kantor Pertanahan Kabupaten Tanah Bumbu, Kalimantan Selatan.Kantor Pertanahan Kabupaten Tanah Laut, Kalimantan Selatan.Kantor Pertanahan Kabupaten Kutai Kartanegara, Kalimantan Timur.Kantor Pertanahan Kabupaten Berau, Kalimantan Timur.Kantor Pertanahan Kabupaten Sumba Timur, Nusa Tenggara Timur.Kantor Pertanahan Kabupaten Flores Timur, Nusa Tenggara Timur.Kantor Pertanahan Kabupaten Jembrana, Bali.Kantor Pertanahan Kabupaten Gianyar, Bali.Kantor Pertanahan Kota Palopo, Sulawesi Selatan.Kantor Pertanahan Kota Parepare, Sulawesi Selatan.Kantor Pertanahan Kabupaten Gowa, Sulawesi Selatan.Kantor Pertanahan Kabupaten Maros, Sulawesi Selatan.Kantor Pertanahan Kabupaten Pangkajene dan Kepulauan, Sulawesi Selatan.Kantor Pertanahan Kabupaten Barru, Sulawesi Selatan.Kantor Pertanahan Kabupaten Takalar, Sulawesi Selatan.Kantor Pertanahan Kabupaten Jeneponto, Sulawesi Selatan.Kantor Pertanahan Kabupaten Bantaeng, Sulawesi Selatan.Kantor Pertanahan Kabupaten Bulukumba, Sulawesi Selatan.Kantor Pertanahan Kabupaten Kepulauan Selayar, Sulawesi Selatan.Kantor Pertanahan Kabupaten Bone, Sulawesi Selatan.Kantor Pertanahan Kabupaten Wajo, Sulawesi Selatan.Kantor Pertanahan Kabupaten Sidenreng Rappang, Sulawesi Selatan.Kantor Pertanahan Kabupaten Luwu, Sulawesi Selatan.Kantor Pertanahan Kabupaten Tana Toraja, Sulawesi Selatan.Kantor Pertanahan Kabupaten Luwu Timur, Sulawesi Selatan.Kantor Pertanahan Kabupaten Banggai Kepulauan, Sulawesi Tengah.Kantor Pertanahan Kabupaten Poso, Sulawesi Tengah.Kantor Pertanahan Kabupaten Morowali, Sulawesi Tengah.Kantor Pertanahan Kabupaten Tojo Una-Una, Sulawesi Tengah.Kantor Pertanahan Kabupaten Mamasa, Sulawesi Barat.Kantor Pertanahan Kabupaten Polewali Mandar, Sulawesi Barat.Layanan PERINTIS 10 Hari mengintegrasikan tiga pihak dan tahap dalam proses peralihan hak atas tanah. Tahap pertama, verifikasi Bea Perolehan Hak atas Tanah dan Bangunan (BPHTB) oleh pemerintah daerah (Pemda) maksimal tiga hari. Jika dalam jangka waktu tersebut BPHTB tidak diverifikasi, permohonan dianggap disetujui melalui mekanisme fiktif-positif. Tahap kedua, pembuatan Akta Jual Beli (AJB) oleh Pejabat Pembuat Akta Tanah (PPAT) maksimal rampung dalam dua hari. Kemudian selanjutnya, memproses berkas permohonan di Kantah paling lama selesai dalam lima hari.Keberhasilan program yang diresmikan langsung oleh Menteri ATR/Kepala BPN, Nusron Wahid ini merupakan hasil dari sinergi ketiga pihak. Kolaborasi ini jadi bagian penting dalam memastikan layanan PERINTIS 10 Hari berjalan sesuai target yang ditetapkan.PERINTIS 10 Hari merupakan satu dari sejumlah transformasi layanan dan organisasi yang dilakukan Kementerian ATR/BPN sebagai langkah untuk memberikan kepastian waktu layanan kepada masyarakat. Bersamaan dengan penerapan PERINTIS, Kementerian ATR/BPN juga menerapkan layanan Pengukuran Terjadwal dengan target penyelesaian 12 hari, yang kini telah berjalan di 495 Kantah atau 96,3% dari Kantah yang ada di seluruh Indonesia. 


                                
                                
                                
                                
                                
                                            
                                        
                                                                    

                                


                                
                                                                    
                                    
                                
                                                                                                                                                                                
                            
                            
                                                                        
                                                                
                                    
                                        
                                            Berita
                                        
                                    
                                    Terbaru Lainnya
                                
                                
                            
                            
                                    
                                    
                                        Memuat berita terbaru.....",rri.co.id,"Dajan Peken, 82114, Tabanan, Tabanan, Bali, Indonesia",-8.536609490935,115.13552944186335,5,"2, 7","kejaksaan, kejatibali, kejaritabanan, tabanan, news"
Pendidik Diminta Batasi Ketergantungan Siswa pada AI,2026-09-28T06:28:00.000Z,"Kabupaten Tabanan, Bali, Indonesia",Pendidik Diminta Batasi Ketergantungan Siswa pada AI - rri.co.id,"Wakil Rektor III ITB Stikom Bali, Yudi Agusta, saat menyampaikan materi dalam International Conference on Leadership in Education (ICLE) 2026 di Badung, Minggu, 27 September 2026. (Foto: dok)
                                                    
                                                                                            
                                                                                                            
                                
                                RRI.CO.ID, Badung — Pendidik perlu membatasi ketergantungan siswa terhadap kecerdasan buatan atau AI dalam proses pembelajaran.","Siswa tidak cukup hanya diajarkan cara menggunakan AI, tetapi perlu memahami dasar teknologi tersebut agar dapat menggunakannya dengan tepat.Wakil Rektor III ITB Stikom Bali, Assoc. Prof.","Pada Hari Senin , 28 September 2026 06:28, Tabanan, Tabanan, Bali

Wakil Rektor III ITB Stikom Bali, Yudi Agusta, saat menyampaikan materi dalam International Conference on Leadership in Education (ICLE) 2026 di Badung, Minggu, 27 September 2026. (Foto: dok)
                                                    
                                                                                            
                                                                                                            
                                
                                RRI.CO.ID, Badung — Pendidik perlu membatasi ketergantungan siswa terhadap kecerdasan buatan atau AI dalam proses pembelajaran. Siswa tidak cukup hanya diajarkan cara menggunakan AI, tetapi perlu memahami dasar teknologi tersebut agar dapat menggunakannya dengan tepat.Wakil Rektor III ITB Stikom Bali, Assoc. Prof. Yudi Agusta, Ph.D., mengatakan mempersiapkan siswa menghadapi AI membutuhkan pemahaman yang lebih mendalam, bukan sekadar mengajarkan cara menggunakan teknologi tersebut. Siswa perlu memahami pengertian AI dan dasar pembentukannya agar dapat menggunakan teknologi tersebut dengan baik.“Kalau kita ingin mempersiapkan siswa, itu agak lebih dalam. Pengertian tentang AI harus dipahami, dasarnya dari mana. Karena AI itu kan dibuat, bukan sesuatu yang langsung jadi,” ujar Yudi saat diwawancarai usai menjadi pembicara dalam International Conference on Leadership in Education (ICLE) 2026 di HARRIS Hotel & Residences Sunset Road, Badung, Minggu, 27 September 2026.Dalam pemaparannya, Yudi mengatakan AI kini banyak digunakan untuk mencari informasi dan membantu menyiapkan materi presentasi. Menurutnya, penggunaan AI dalam pendidikan perlu diarahkan agar siswa tidak bergantung pada hasil yang diberikan teknologi tersebut.Yudi meminta siswa tidak langsung menggunakan jawaban dari AI untuk mengerjakan tugas. Jawaban tersebut perlu diperiksa dan dikembangkan kembali agar siswa tetap menggunakan pemahamannya sendiri.“Kalau dapat jawaban jangan langsung pakai. Harus melakukan sesuatu, minimal tanya balik lima kali. Supaya dapat jawaban yang berbeda dan kemudian nulisnya dengan cara yang berbeda,” katanya.Yudi mengatakan regulasi AI di lingkungan pendidikan sangat diperlukan. Ia menyebut kerangka yang telah disusun UNESCO dapat dipelajari untuk melihat kebutuhan penerapan AI, terutama jika regulasi di Indonesia belum tersedia.“Sangat perlu. Tapi di UNESCO kan sudah ada framework juga. Itu bisa dipelajari dari sana juga. Apa saja yang dibutuhkan untuk bisa menerapkan AI di lingkungan apapun,” ujarnya.Yudi mengatakan pedoman tersebut penting untuk mencegah penggunaan AI yang tidak tepat di lingkungan pendidikan. Jika regulasi belum tersedia, kerangka yang sudah ada dapat dijadikan dasar penerapan AI.“Kalau itu tidak disiapkan otomatis ya tadi bahaya. Penggunaan AI kan berbahaya. Jadi perlu untuk mengikuti kalau memang belum ada regulasi di sini, ada framework di mana-mana. Itu bisa untuk dijadikan dasarnya,” katanya. 


                                
                                
                                
                                
                                
                                            
                                        
                                                                    

                                


                                
                                                                    
                                    
                                
                                                                                                                                                                                
                            
                            
                                                                        
                                                                
                                    
                                        
                                            Berita
                                        
                                    
                                    Terbaru Lainnya
                                
                                
                            
                            
                                    
                                    
                                        Memuat berita terbaru.....",rri.co.id,"Dajan Peken, 82114, Tabanan, Tabanan, Bali, Indonesia",-8.536609490935,115.13552944186335,5,"2, 7","kejaksaan, kejatibali, kejaritabanan, tabanan, news"
Orientasi Pencegahan Jadi Prioritas Layanan Kesehatan Pemkab Muba,2026-10-02T06:40:00.000Z,"Kabupaten Tabanan, Bali, Indonesia",Orientasi Pencegahan Jadi Prioritas Layanan Kesehatan Pemkab Muba - rri.co.id,"Kesehatan
                                                
                                            
                                                                            
                                    
                                    
                                        
                                            02 Okt 2026 13:40
                                            WIB
                                        
                                        
                                             Palembang
                                        
                                    
                                    
                                                                                                                                
                                                                                
                                        
                                            
                                                Editor -
                                                Aditya Abrianto
                                            
                                        
                                    
                                

                                                                                                            
                                                
                                                                                                            Poin Utama
                                                                                                    
                                                
                                                                                                            
                                                            Pemerintah Kabupaten Musi Banyuasin meluncurkan Sigapke Muba sebagai sistem integrasi gerakan dan aplikasi pelaporan kesehatan untuk memperkuat pelayanan kesehatan yang berorientasi pada pencegahan penyakit.
                                                        
                                                                                                            
                                                            Bupati Toha Tohet menekankan bahwa inovasi ini harus menjadi penyemangat bagi semua pihak untuk terus meningkatkan kualitas dan jangkauan pelayanan kesehatan di daerah.
                                                        
                                                                                                            
                                                            Peluncuran Sigapke Muba mencerminkan komitmen pemerintah daerah untuk memberikan pelayanan kesehatan yang adil, tidak membeda-bedakan masyarakat berdasarkan asal-usul atau kondisi ekonomi.
                                                        
                                                                                                    
                                            
                                                                                                    

                                

                                                                                                            
                                        
                                                                                    
                                                
                                                    
                                                

                                                                                                    
                                                        Kegiatan Rapat Koordinasi Dinkes Muba.
(Foto: Dinkominfo Muba)
                                                    
                                                                                            
                                                                                                            
                                
                                RRI.CO.ID, Musi Banyuasin- Pemerintah Kabupaten Musi Banyuasin (Muba) terus mendorong penguatan pelayanan kesehatan yang tidak hanya berorientasi pada pengobatan, tetapi juga pencegahan. Hal itu ditandai dengan peluncuran Sistem Integrasi Gerakan dan Aplikasi Pelaporan Kesehatan Muba (Sigapke Muba) yang diinisiasi Dinas Kesehatan Muba, Kamis 1 Oktober 2026.Bupati Muba Toha Tohet mengtakan inovasi tersebut harus menjadi penyemangat untuk terus meningkatkan pelayanan.",Ia berpesan agar seluruh tenaga kesehatan memberikan pelayanan secara adil dan tidak membeda-bedakan masyarakat berdasarkan asal-usul maupun kondisi ekonomi.“Dalam memberikan pelayanan jangan pilih-pilih. Semua masyarakat mempunyai hak yang sama untuk mendapatkan pelayanan kesehatan.,"Pada Hari Jumat , 2 Oktober 2026 06:40, Tabanan, Tabanan, Bali

Kesehatan
                                                
                                            
                                                                            
                                    
                                    
                                        
                                            02 Okt 2026 13:40
                                            WIB
                                        
                                        
                                             Palembang
                                        
                                    
                                    
                                                                                                                                
                                                                                
                                        
                                            
                                                Editor -
                                                Aditya Abrianto
                                            
                                        
                                    
                                

                                                                                                            
                                                
                                                                                                            Poin Utama
                                                                                                    
                                                
                                                                                                            
                                                            Pemerintah Kabupaten Musi Banyuasin meluncurkan Sigapke Muba sebagai sistem integrasi gerakan dan aplikasi pelaporan kesehatan untuk memperkuat pelayanan kesehatan yang berorientasi pada pencegahan penyakit.
                                                        
                                                                                                            
                                                            Bupati Toha Tohet menekankan bahwa inovasi ini harus menjadi penyemangat bagi semua pihak untuk terus meningkatkan kualitas dan jangkauan pelayanan kesehatan di daerah.
                                                        
                                                                                                            
                                                            Peluncuran Sigapke Muba mencerminkan komitmen pemerintah daerah untuk memberikan pelayanan kesehatan yang adil, tidak membeda-bedakan masyarakat berdasarkan asal-usul atau kondisi ekonomi.
                                                        
                                                                                                    
                                            
                                                                                                    

                                

                                                                                                            
                                        
                                                                                    
                                                
                                                    
                                                

                                                                                                    
                                                        Kegiatan Rapat Koordinasi Dinkes Muba.
(Foto: Dinkominfo Muba)
                                                    
                                                                                            
                                                                                                            
                                
                                RRI.CO.ID, Musi Banyuasin- Pemerintah Kabupaten Musi Banyuasin (Muba) terus mendorong penguatan pelayanan kesehatan yang tidak hanya berorientasi pada pengobatan, tetapi juga pencegahan. Hal itu ditandai dengan peluncuran Sistem Integrasi Gerakan dan Aplikasi Pelaporan Kesehatan Muba (Sigapke Muba) yang diinisiasi Dinas Kesehatan Muba, Kamis 1 Oktober 2026.Bupati Muba Toha Tohet mengtakan inovasi tersebut harus menjadi penyemangat untuk terus meningkatkan pelayanan. Ia berpesan agar seluruh tenaga kesehatan memberikan pelayanan secara adil dan tidak membeda-bedakan masyarakat berdasarkan asal-usul maupun kondisi ekonomi.“Dalam memberikan pelayanan jangan pilih-pilih. Semua masyarakat mempunyai hak yang sama untuk mendapatkan pelayanan kesehatan. Jangan memandang asal-usul maupun sisi ekonomi masyarakat,” tegasnya dalam peluncuran inovasi itu bersama Wakil Bupati Muba Abdur Rohman Husen.Selain peluncuruan inovasi, juga digelar dalam Rapat Koordinasi Bidang Kesehatan Kabupaten Musi Banyuasin Tahun 2026. Rakor mengusung tema “Penguatan Koordinasi Lintas Program dan Lintas Sektor dalam Meningkatkan Kualitas Pelayanan dan Derajat Kesehatan Masyarakat Kabupaten Musi Banyuasin” dan diikuti jajaran Dinas Kesehatan, Direktur tiga RSUD, dokter, perawat, tenaga kesehatan, TP PKK serta DWP Muba.Bupati menyampaikan apresiasi atas kinerja Dinas Kesehatan Muba yang terus menghadirkan inovasi dan meningkatkan kualitas pelayanan kepada masyarakat. Apresiasi juga disampaikan kepada seluruh tenaga kesehatan yang selama ini menjadi garda terdepan dalam memberikan pelayanan kesehatan hingga ke tengah masyarakat.“Terima kasih kepada seluruh tenaga kesehatan di lingkungan Pemerintah Kabupaten Musi Banyuasin. Saya mengapresiasi apa yang sudah dilakukan dan berbagai capaian yang telah diraih Dinas Kesehatan,” katanya.Sementara itu, Asisten Bidang Pemerintahan dan Kesra Setda Muba Ardiansyah yang juga Plt Kepala Dinas Kesehatan Muba mengatakan Sigape Muba melengkapi sejumlah inovasi pelayanan kesehatan yang telah dikembangkan Dinkes Muba.Di antaranya Program Banak Mude (Bayi Aman, Mama UHC Pulang Dapat Akte), BASANAK (Bantuan Sayang Anak), ePus PADEK, eDinkes, GASKEN (Gerakan ASN Sehat melalui Pemeriksaan Kesehatan Gratis), serta pelayanan kesehatan yang turun langsung ke masyarakat.“Melalui rakor ini kami ingin memetakan persoalan yang dihadapi di lapangan. Sehingga koordinasi dari tingkat kabupaten hingga desa dapat semakin baik dan pelayanan kepada masyarakat terus meningkat,” kata Ardiansyah.Ardiansyah menyebutkan, pelayanan kesehatan Muba didukung tiga RSUD, 30 puskesmas, satu Labkesmas, 131 Pustu, 306 Poskesdes, empat Poskeskel dan 514 Posyandu dengan total 4.312 pegawai atau tenaga kesehatan. Pada periode Juni 2025-Juli 2026, Dinkes Muba juga menerima sembilan penghargaan tingkat Provinsi Sumatera Selatan.Dalam kegiatan tersebut, Bupati menyerahkan secara simbolis bantuan Program Basanak berupa susu bagi ibu hamil dan balita, hadiah doorprize bagi tenaga kesehatan, serta dilaksanakan juga penyerahan penghargaan dari Kepala BPJS Kesehatan Cabang Sekayu Susiana kepada Plt Kepala Dinas Kesehatan Muba. Kegiatan turut dihadiri Kasat Binmas Polres Muba AKP Ade Nurdin, Jaksa Kejari Muba Ary Anugerah Permana, para kepala perangkat daerah serta tenaga kesehatan di lingkungan Pemkab Muba. 


                                
                                
                                
                                
                                
                                            
                                        
                                                                    

                                


                                
                                                                    
                                    
                                
                                                                                                                                                                                
                            
                            
                                                                        
                                                                
                                    
                                        
                                            Berita
                                        
                                    
                                    Terbaru Lainnya
                                
                                
                            
                            
                                    
                                    
                                        Memuat berita terbaru.....",rri.co.id,"Dajan Peken, 82114, Tabanan, Tabanan, Bali, Indonesia",-8.536609490935,115.13552944186335,5,"2, 7","kejaksaan, kejatibali, kejaritabanan, tabanan, news"
Dandim Klungkung Teguhkan Komitmen Pertahankan Ideologi Pancasila,2026-10-04T05:32:00.000Z,"Kabupaten Tabanan, Bali, Indonesia",Dandim Klungkung Teguhkan Komitmen Pertahankan Ideologi Pancasila - rri.co.id,"Dandim 1610/Klungkung Letkol Sidik Pramono menghadiri Upacara Peringatan Hari Kesaktian Pancasila di Alun-Alun Ida Dewa Agung Jambe Klungkung.(Foto:Pendim1610/Klungkung)
                                                    
                                                                                            
                                                                                                            
                                
                                RRI.CO.ID, Klungkung - Dandim 1610/Klungkung Letkol Sidik Pramono, S.Sos., M.M., M.Han. menghadiri Upacara Peringatan Hari Kesaktian Pancasila di Alun-Alun Ida Dewa Agung Jambe Klungkung, Rabu (1/10/2026).","Upacara mengusung tema “Pancasila Pemersatu Bangsa Menuju Indonesia Berdaulat, Adil, dan Makmur”.Upacara dipimpin Bupati Klungkung I Made Satria dan diikuti unsur Forkopimda, TNI, Polri, ASN, pelajar serta organisasi kemasyarakatan. Peringatan tersebut menjadi momentum untuk memperkuat komitmen bersama dalam menjaga persatuan dan menjadikan Pancasila sebagai dasar kehidupan berbangsa dan bernegara.Dandim 1610/Klungkung Letkol Sidik Pramono mengatakan peringatan Hari Kesaktian Pancasila bukan sekadar kegiatan seremonial.","Pada Hari Minggu , 4 Oktober 2026 05:32, Tabanan, Tabanan, Bali

Dandim 1610/Klungkung Letkol Sidik Pramono menghadiri Upacara Peringatan Hari Kesaktian Pancasila di Alun-Alun Ida Dewa Agung Jambe Klungkung.(Foto:Pendim1610/Klungkung)
                                                    
                                                                                            
                                                                                                            
                                
                                RRI.CO.ID, Klungkung - Dandim 1610/Klungkung Letkol Sidik Pramono, S.Sos., M.M., M.Han. menghadiri Upacara Peringatan Hari Kesaktian Pancasila di Alun-Alun Ida Dewa Agung Jambe Klungkung, Rabu (1/10/2026). Upacara mengusung tema “Pancasila Pemersatu Bangsa Menuju Indonesia Berdaulat, Adil, dan Makmur”.Upacara dipimpin Bupati Klungkung I Made Satria dan diikuti unsur Forkopimda, TNI, Polri, ASN, pelajar serta organisasi kemasyarakatan. Peringatan tersebut menjadi momentum untuk memperkuat komitmen bersama dalam menjaga persatuan dan menjadikan Pancasila sebagai dasar kehidupan berbangsa dan bernegara.Dandim 1610/Klungkung Letkol Sidik Pramono mengatakan peringatan Hari Kesaktian Pancasila bukan sekadar kegiatan seremonial. Menurutnya, momentum tersebut juga menjadi bentuk penghormatan kepada para pahlawan sekaligus penguatan komitmen terhadap ideologi Pancasila.“Hari Kesaktian Pancasila sekaligus menjadi momentum untuk meneguhkan kembali komitmen kita terhadap ideologi Pancasila. Dimanapun dan sampai kapanpun kita sebagai bangsa harus tetap mempertahankan Pancasila sebagai dasar NKRI,” ujar Sidik Pramono.Ia menegaskan Pancasila harus terus dipertahankan sebagai dasar negara dan menjadi pedoman dalam kehidupan masyarakat. Menurutnya, komitmen tersebut penting untuk memperkokoh persatuan dan kesatuan bangsa.“Pancasila adalah harga mati. Dimomentum bersejarah ini, mari kita tegaskan komitmen dan tekad untuk memperkokoh persatuan dan kesatuan bangsa dan menjadikan Pancasila sebagai pedoman dalam kehidupan berbangsa dan bernegara,” katanya.Sidik Pramono menambahkan, TNI akan terus berperan dalam menjaga kedaulatan bangsa serta keteguhan nilai-nilai Pancasila. Peringatan Hari Kesaktian Pancasila diharapkan menjadi pengingat bersama untuk menjaga keutuhan Negara Kesatuan Republik Indonesia.Upacara berlangsung dengan dihadiri berbagai unsur pemerintahan dan masyarakat di Kabupaten Klungkung. Peringatan ini menjadi momentum untuk memperkuat semangat persatuan dan pengamalan Pancasila dalam kehidupan sehari-hari. 


                                
                                
                                
                                
                                
                                            
                                        
                                                                    

                                


                                
                                                                    
                                    
                                
                                                                                                                                                                                
                            
                            
                                                                        
                                                                
                                    
                                        
                                            Berita
                                        
                                    
                                    Terbaru Lainnya
                                
                                
                            
                            
                                    
                                    
                                        Memuat berita terbaru.....",rri.co.id,"Dajan Peken, 82114, Tabanan, Tabanan, Bali, Indonesia",-8.536609490935,115.13552944186335,5,"2, 7","kejaksaan, kejatibali, kejaritabanan, tabanan, news"
Bahlil Tantang Golkar Bali Tingkatkan Perolehan Kursi pada Pemilu 2029,2026-10-04T00:45:00.000Z,"Kabupaten Tabanan, Bali, Indonesia",Bahlil Tantang Golkar Bali Tingkatkan Perolehan Kursi pada Pemilu 2029 - rri.co.id,"RRI.CO.ID, Denpasar - Gde Sumarjaya Linggih alias Demer secara resmi dilantik sebagai Ketua DPD Partai Golkar Bali periode 2025-2030. Pelantikan yang berlangsung Monumen Gong Perdamaian Dunia, Desa Budaya Kertalangu, Denpasar, Sabtu 03 Oktober 2026 tersebut dihadiri Ketua Umum DPP Partai Golkar Bahlil Lahadalia.Sejumlah elite Partai Golkar hadir dalam pelantikan tersebut.","Di antaranya Sekretaris Jenderal Partai Golkar Muhammad Sarmuji, Wakil Ketua Umum Partai Golkar Maman Abdurahman, Mukhtarudin, Dyah Roro Esti Widya Putri, Christina Aryani, dan Putri Komarudin.Bahlil usai melantik kepengurusan DPD Golkar Bali menantang kadernya di Pulau Dewata meningkatkan perolehan kursi pada Pemilu 2029. Ia pun meminta seluruh jajaran Partai Golkar di Bali, mulai tingkat desa, kecamatan, kabupaten/kota hingga provinsi, tetap solid dan bergerak membesarkan partai.""Saya mendorong Golkar Bali meningkatkan perolehan kursi di DPRD Bali maupun DPRD kabupaten/kota pada Pemilu 2029.","Pada Hari Minggu , 4 Oktober 2026 00:45, Tabanan, Tabanan, Bali

RRI.CO.ID, Denpasar - Gde Sumarjaya Linggih alias Demer secara resmi dilantik sebagai Ketua DPD Partai Golkar Bali periode 2025-2030. Pelantikan yang berlangsung Monumen Gong Perdamaian Dunia, Desa Budaya Kertalangu, Denpasar, Sabtu 03 Oktober 2026 tersebut dihadiri Ketua Umum DPP Partai Golkar Bahlil Lahadalia.Sejumlah elite Partai Golkar hadir dalam pelantikan tersebut. Di antaranya Sekretaris Jenderal Partai Golkar Muhammad Sarmuji, Wakil Ketua Umum Partai Golkar Maman Abdurahman, Mukhtarudin, Dyah Roro Esti Widya Putri, Christina Aryani, dan Putri Komarudin.Bahlil usai melantik kepengurusan DPD Golkar Bali menantang kadernya di Pulau Dewata meningkatkan perolehan kursi pada Pemilu 2029. Ia pun meminta seluruh jajaran Partai Golkar di Bali, mulai tingkat desa, kecamatan, kabupaten/kota hingga provinsi, tetap solid dan bergerak membesarkan partai.""Saya mendorong Golkar Bali meningkatkan perolehan kursi di DPRD Bali maupun DPRD kabupaten/kota pada Pemilu 2029. Target tersebut sekaligus diarahkan untuk memperkuat keterwakilan Golkar di DPR RI,"" katanya.""Saya meminta kepada pengurus Golkar Provinsi Bali agar menaikkan kursi di DPR Provinsi, DPR kabupaten/kota, dan juga kalau bisa di DPR RI,"" imbuh BahlilPada Pemilu 2024, Partai Golkar memeroleh satu kursi DPR RI dari daerah pemilihan Bali. Perolehan tersebut turun dibandingkan Pemilu 2019 yang menghasilkan dua kursi DPR RI.Di tingkat DPRD Provinsi Bali, Golkar kebagian tujuh kursi pada Pemilu 2024. Torehan itu rurun satu kursi dibanding Pemilu 2019 yang memeroleh delapan kursi.Sementara di tingkat DPRD kabupaten/kota, Golkar memeroleh 11 kursi di Badung dan Buleleng, tujuh kursi di Denpasar dan Karangasem. Selain itu, Golkar mendapat enam kursi di Jembrana, lima kursi masing-masing di Bangli dan Gianyar, empat kursi di Tabanan, serta tiga kursi di Klungkung.Tidak hanya target politik, Bahlil mengingatkan jajaran Golkar Bali agar menjadikan partai sebagai wadah pengabdian kepada masyarakat. ""Jadikanlah partai ini sebagai instrumen perjuangan, pengabdian kita kepada Ibu Pertiwi untuk memperjuangkan hak-hak rakyat dalam rangka mencerdaskan rakyat Indonesia, khususnya di Provinsi Bali,"" ujarnya.Ketua DPD Partai Golkar Bali Gde Sumarjaya Linggih di tempat yang sama mengatakan, pihaknya bersama jajaran pengurus sedang memperkuat empat aspek utama untuk menghadapi Pemilu 2029. Keempat aspek itu yakni sumber daya manusia, jaringan, manajemen, dan logistik.Demer mengatakan Golkar Bali mulai menyiapkan sumber daya manusia sekaligus memperkuat jaringan organisasi hingga tingkat bawah. ""Kita sudah merancang semuanya di Bali mengikuti arahan-arahan DPP. Dalam menyukseskan partai tentu ada beberapa yang harus dipenuhi. Pertama ada orang, kemudian ada jaringan. Kami sudah mulai siap dengan orang dan jaringan,"" kata Demer.Dari sisi manajemen, Demer mengatakan Golkar Bali akan memperkuat digitalisasi mulai dari perencanaan, pengorganisasian, pelaksanaan hingga pengawasan. Menurutnya, sistem digital juga akan dimanfaatkan untuk mendukung kajian dan pengambilan keputusan organisasi, termasuk penggunaan kecerdasan buatan atau artificial intelligence (AI) dalam pengembangan manajemen partai.""Manajemen juga kami akan perbaiki berbasis digital. Termasuk perencanaannya, pengorganisasiannya, action-nya, termasuk controlling-nya juga. Kami akan coba melalui sistem digital yang mau tidak mau kita akan mempergunakan,"" sebutnya.Selain Sumber Daya Manusia (SDM), jaringan dan manajemen, Demer menilai aspek logistik juga menjadi faktor penting dalam menjalankan roda organisasi. ""Orang siap, jaringan siap, manajemen siap. Nah, ini tentang logistik perlu dipikirkan bersama. Perlu dibantu oleh DPP,"" paparnya.Demer juga mengajak seluruh kader, termasuk generasi muda dan Gen Z, untuk aktif berorganisasi serta berkontribusi dalam membesarkan Partai Golkar. ""Selama kita mau bekerja keras, selama kita mau mengabdi, berkarya, berbakti di partai ini, saya yakin kita mempunyai masa depan,"" tutupnya.",rri.co.id,"Dajan Peken, 82114, Tabanan, Tabanan, Bali, Indonesia",-8.536609490935,115.13552944186335,5,"2, 7","kejaksaan, kejatibali, kejaritabanan, tabanan, news"
Dorong Pertanian Modern di Bali Teknologi Harus Adaptif terhadap Karakter Subak,2026-09-29T04:42:00.000Z,"Kabupaten Tabanan, Bali, Indonesia","Dorong Pertanian Modern di Bali, Teknologi Harus Adaptif terhadap Karakter Subak - rri.co.id","Ilustrasi: Dorong Pertanian Modern di Bali, Teknologi Harus Adaptif terhadap Karakter Subak. (Foto:DOK)
                                                    
                                                                                            
                                                                                                            
                                
                                RRI.CO.ID, Denpasar — Pengembangan teknologi pertanian di Bali tidak bisa dilepaskan dari karakter lahan dan sistem subak.","Teknologi yang diterapkan harus mampu menyesuaikan diri dengan lahan yang sempit, topografi sawah berundak, serta kondisi petani agar modernisasi pertanian berjalan efektif dan berkelanjutan.Akademisi dan peneliti Fakultas Pertanian, Sains, dan Teknologi Universitas Warmadewa, Dr. I Nengah Muliarta, mengatakan teknologi pertanian mulai diterapkan di sejumlah wilayah Bali.","Pada Hari Selasa , 29 September 2026 04:42, Tabanan, Tabanan, Bali

Ilustrasi: Dorong Pertanian Modern di Bali, Teknologi Harus Adaptif terhadap Karakter Subak. (Foto:DOK)
                                                    
                                                                                            
                                                                                                            
                                
                                RRI.CO.ID, Denpasar — Pengembangan teknologi pertanian di Bali tidak bisa dilepaskan dari karakter lahan dan sistem subak. Teknologi yang diterapkan harus mampu menyesuaikan diri dengan lahan yang sempit, topografi sawah berundak, serta kondisi petani agar modernisasi pertanian berjalan efektif dan berkelanjutan.Akademisi dan peneliti Fakultas Pertanian, Sains, dan Teknologi Universitas Warmadewa, Dr. I Nengah Muliarta, mengatakan teknologi pertanian mulai diterapkan di sejumlah wilayah Bali. Namun, penerapannya belum merata dan masih bersifat terbatas.“Penerapan teknologi masih terfragmentasi, belum terlalu kontinu dan periodik,” kata Muliartha kepada RRI.CO.ID, Selasa 29 September 2026.Menurutnya, teknologi menjadi bagian penting dalam menuju pertanian modern karena dapat meningkatkan presisi dan akurasi produksi. Namun, penerapannya harus memenuhi prinsip keberlanjutan, yakni ramah lingkungan, memberikan nilai ekonomi, dan adaptif terhadap kondisi petani.Sejumlah teknologi mulai diperkenalkan, seperti traktor, sensor kelembapan tanah, sistem pengomposan, dan drone. Namun, pemanfaatannya belum berlangsung rutin di seluruh wilayah.Selain persoalan lahan, adopsi teknologi juga menghadapi tantangan regenerasi petani. Menurut Muliarta, petani di Bali masih banyak berasal dari kelompok usia 50 tahun ke atas sehingga adaptasi terhadap teknologi mekanik dan digital menjadi tantangan.Karena itu, ia mendorong pengembangan alat pertanian yang lebih adaptif terhadap karakter subak. Alat tersebut harus mudah dipindahkan dan dioperasikan pada lahan sempit serta dapat digunakan oleh petani muda maupun petani senior.“Harus menyediakan alat yang adaptif untuk lingkungan topografi subak kita, sehingga lebih gampang dipindahkan dan dioperasionalkan,” ujarnya.Perguruan tinggi dinilai memiliki peran penting dalam pengembangan inovasi tersebut. Menurut Muliarta, kampus dapat mendorong terciptanya teknologi yang dirancang berdasarkan kebutuhan petani dan kondisi lahan Bali.Modernisasi pertanian, tidak cukup hanya dengan menghadirkan teknologi, tetapi juga harus memastikan teknologi tersebut sesuai dengan karakter lahan dan sistem subak agar dapat diterapkan secara berkelanjutan. 


                                
                                
                                
                                
                                
                                            
                                        
                                                                    

                                


                                
                                                                    
                                    
                                
                                                                                                                                                                                
                            
                            
                                                                        
                                                                
                                    
                                        
                                            Berita
                                        
                                    
                                    Terbaru Lainnya
                                
                                
                            
                            
                                    
                                    
                                        Memuat berita terbaru.....",rri.co.id,"Dajan Peken, 82114, Tabanan, Tabanan, Bali, Indonesia",-8.536609490935,115.13552944186335,5,"2, 7","kejaksaan, kejatibali, kejaritabanan, tabanan, news"
Reforma Agraria Berperan Penting dalam Memperkuat Ketahanan Pangan Bali,2026-09-29T00:36:00.000Z,"Kabupaten Tabanan, Bali, Indonesia",Reforma Agraria Berperan Penting dalam Memperkuat Ketahanan Pangan Bali - rri.co.id,"Ilustrasi Reforma Agraria Dinilai Berperan Penting dalam Memperkuat Ketahanan Pangan Bali. (Foto: DOK).
                                                    
                                                                                            
                                                                                                            
                                
                                RRI.CO.ID, Denpasar — Reforma agraria dinilai memiliki dampak signifikan terhadap penguatan ketahanan pangan di Bali, terutama karena memberikan kepastian hukum kepada petani atas lahan yang mereka kelola.","Analis Prasarana dan Sarana Pertanian Dinas Pertanian dan Ketahanan Pangan Provinsi Bali, Dice Siska Ndoen, Sst. M.agb, mengatakan kepastian hukum atas kepemilikan atau penguasaan tanah dapat membuka akses petani terhadap permodalan dan memperkuat kelembagaan usaha para petani.“Reforma agraria sangat berdampak kepada ketahanan pangan Bali.","Pada Hari Selasa , 29 September 2026 00:36, Tabanan, Tabanan, Bali

Ilustrasi Reforma Agraria Dinilai Berperan Penting dalam Memperkuat Ketahanan Pangan Bali. (Foto: DOK).
                                                    
                                                                                            
                                                                                                            
                                
                                RRI.CO.ID, Denpasar — Reforma agraria dinilai memiliki dampak signifikan terhadap penguatan ketahanan pangan di Bali, terutama karena memberikan kepastian hukum kepada petani atas lahan yang mereka kelola. Analis Prasarana dan Sarana Pertanian Dinas Pertanian dan Ketahanan Pangan Provinsi Bali, Dice Siska Ndoen, Sst. M.agb, mengatakan kepastian hukum atas kepemilikan atau penguasaan tanah dapat membuka akses petani terhadap permodalan dan memperkuat kelembagaan usaha para petani.“Reforma agraria sangat berdampak kepada ketahanan pangan Bali. Petani yang sudah memiliki kepastian hukum terhadap aset yang dimiliki dan tanah yang didiami bisa berusaha lebih luas lagi,” ujar Dice, Senin 28 September 2026.Menurut dia, kepastian atas aset juga membuat petani memiliki peluang lebih besar untuk mengakses permodalan dan mengembangkan usaha secara lebih luas. Namun, pemanfaatan lahan hasil reforma agraria masih menghadapi sejumlah kendala.Salah satunya adalah belum seluruh petani tergabung dalam kelompok yang memiliki tata kelola dan manajemen yang baik. Ia mengatakan penguatan kelembagaan petani menjadi penting agar lahan reforma agraria dapat dikelola secara produktif dan berkelanjutan.“Pendekatan kami adalah bagaimana mereka bisa melakukan kegiatan secara berkelompok, ada manajemennya, dan kita perlu kembali menata mereka sehingga mereka mau bersatu,” katanya.Ia menyebut pembentukan kelompok petani di kawasan reforma agraria membutuhkan upaya besar, baik dari petani maupun tenaga penyuluh. Selain sektor pertanian, pengembangan kawasan tersebut juga membutuhkan kolaborasi dengan berbagai sektor lain. Ia menambahkan koperasi, sektor perdagangan, perindustrian, serta instansi teknis lainnya perlu terlibat untuk meningkatkan produktivitas sekaligus taraf hidup masyarakat di kawasan reforma agraria. 


                                
                                
                                
                                
                                
                                            
                                        
                                                                    

                                


                                
                                                                    
                                    
                                
                                                                                                                                                                                
                            
                            
                                                                        
                                                                
                                    
                                        
                                            Berita
                                        
                                    
                                    Terbaru Lainnya
                                
                                
                            
                            
                                    
                                    
                                        Memuat berita terbaru.....",rri.co.id,"Dajan Peken, 82114, Tabanan, Tabanan, Bali, Indonesia",-8.536609490935,115.13552944186335,5,"2, 7","kejaksaan, kejatibali, kejaritabanan, tabanan, news"
Revitalisasi Sekolah di Bali Naik Tajam 401 Satuan Pendidikan Dapat Bantuan 2026,2026-10-03T01:42:00.000Z,"Kabupaten Tabanan, Bali, Indonesia","Revitalisasi Sekolah di Bali Naik Tajam, 401 Satuan Pendidikan Dapat Bantuan 2026 - rri.co.id","Menteri Pendidikan Dasar dan Menengah (Mendikdasmen) Abdul Mu’ti didampingi Wali Kota Denpasar, I Gusti Ngurah Jaya Negara meninjau proyek bantuan revitalisasi di SD Negeri 15 Dangin Puri, Desa Dangin Puri Kelod, Jumat 02 Oktober 2026. (Foto:Humas Pemkot Denpasar).
                                                    
                                                                                            
                                                                                                            
                                
                                RRI.CO.ID, Denpasar — Pemerintah pusat menambah alokasi program revitalisasi sekolah di Kota Denpasar pada 2026.","Sebanyak 26 sekolah dari berbagai jenjang pendidikan mendapat bantuan revitalisasi dengan total anggaran mencapai Rp18,891 miliar, meningkat dibandingkan 2025 yang hanya mencakup sembilan sekolah.Hal tersebut disampaikan Menteri Pendidikan Dasar dan Menengah (Mendikdasmen) Abdul Mu’ti saat didampingi Wali Kota Denpasar I Gusti Ngurah Jaya Negara meninjau proyek revitalisasi SD Negeri 15 Dangin Puri, Desa Dangin Puri Kelod, Jumat 02 Oktober 2026. Abdul Mu’ti mengatakan peningkatan program revitalisasi di Denpasar merupakan bagian dari kenaikan alokasi revitalisasi satuan pendidikan di Bali.","Pada Hari Sabtu , 3 Oktober 2026 01:42, Tabanan, Tabanan, Bali

Menteri Pendidikan Dasar dan Menengah (Mendikdasmen) Abdul Mu’ti didampingi Wali Kota Denpasar, I Gusti Ngurah Jaya Negara meninjau proyek bantuan revitalisasi di SD Negeri 15 Dangin Puri, Desa Dangin Puri Kelod, Jumat 02 Oktober 2026. (Foto:Humas Pemkot Denpasar).
                                                    
                                                                                            
                                                                                                            
                                
                                RRI.CO.ID, Denpasar — Pemerintah pusat menambah alokasi program revitalisasi sekolah di Kota Denpasar pada 2026. Sebanyak 26 sekolah dari berbagai jenjang pendidikan mendapat bantuan revitalisasi dengan total anggaran mencapai Rp18,891 miliar, meningkat dibandingkan 2025 yang hanya mencakup sembilan sekolah.Hal tersebut disampaikan Menteri Pendidikan Dasar dan Menengah (Mendikdasmen) Abdul Mu’ti saat didampingi Wali Kota Denpasar I Gusti Ngurah Jaya Negara meninjau proyek revitalisasi SD Negeri 15 Dangin Puri, Desa Dangin Puri Kelod, Jumat 02 Oktober 2026. Abdul Mu’ti mengatakan peningkatan program revitalisasi di Denpasar merupakan bagian dari kenaikan alokasi revitalisasi satuan pendidikan di Bali. Pada 2026, sebanyak 401 sekolah di seluruh jenjang pendidikan di Bali mendapatkan bantuan dengan total anggaran Rp272,66 miliar. Jumlah tersebut meningkat dibandingkan 2025 yang mencakup 188 satuan pendidikan dengan anggaran Rp156,961 miliar. Selain meningkatkan sarana dan prasarana pendidikan, program revitalisasi juga memberikan dampak terhadap penyerapan tenaga kerja. Di Bali, sebanyak 2.649 tenaga kerja terserap melalui program revitalisasi pada 2025. Jumlah tersebut meningkat menjadi 5.580 tenaga kerja pada 2026. “Ini menunjukkan bahwa revitalisasi tidak hanya berdampak pada peningkatan mutu satuan pendidikan, tetapi juga berdampak pada penyerapan tenaga kerja di daerah,” ujar Abdul Mu’ti.Ia mengatakan pembangunan dan perbaikan sekolah dilakukan secara bertahap berdasarkan skala prioritas, terutama untuk satuan pendidikan yang mengalami kerusakan berat. Pemerintah menargetkan seluruh sekolah di Indonesia dapat diperbaiki secara bertahap hingga akhir 2028.Sementara itu, Wali Kota Denpasar I Gusti Ngurah Jaya Negara mengatakan Pemkot Denpasar telah menyampaikan berbagai dokumen yang diperlukan terkait program revitalisasi kepada pemerintah pusat. Khusus SD Negeri 15 Dangin Puri, bantuan revitalisasi yang diterima mencapai sekitar Rp478 juta.Anggaran tersebut digunakan untuk memperbaiki empat ruang kelas, menata halaman, serta membenahi sejumlah fasilitas kamar mandi. Jaya Negara menyebut tambahan program revitalisasi tersebut memberikan dukungan terhadap peningkatan kualitas sarana dan prasarana pendidikan di Denpasar.“Ini juga sangat membantu kami di Kota Denpasar. Apalagi sekarang di tahun 2026 itu totalnya hampir Rp80 miliar, ada peningkatan yang sangat signifikan,” kata Jaya Negara.Ia menyampaikan terima kasih kepada pemerintah pusat atas perhatian terhadap peningkatan sarana pendidikan di Kota Denpasar. “Terima kasih untuk perhatian yang diberikan kepada Kota Denpasar. Kami berharap peningkatan sarana pendidikan ini dapat juga menunjang program pendidikan di Kota Denpasar,” pungkasnya. 


                                
                                
                                
                                
                                
                                            
                                        
                                                                    

                                


                                
                                                                    
                                    
                                
                                                                                                                                                                                
                            
                            
                                                                        
                                                                
                                    
                                        
                                            Berita
                                        
                                    
                                    Terbaru Lainnya
                                
                                
                            
                            
                                    
                                    
                                        Memuat berita terbaru.....",rri.co.id,"Dajan Peken, 82114, Tabanan, Tabanan, Bali, Indonesia",-8.536609490935,115.13552944186335,5,"2, 7","kejaksaan, kejatibali, kejaritabanan, tabanan, news"
Ahmad Abdul Bawa Pulang Kisah Rindu dalam Video Klip Setelah Sekian Lama,2026-09-28T00:48:00.000Z,"Kabupaten Tabanan, Bali, Indonesia","Ahmad Abdul Bawa Pulang Kisah Rindu dalam Video Klip ""Setelah Sekian Lama"" - rri.co.id","Hiburan
                                                
                                            
                                                                            
                                    
                                    
                                        
                                            28 Sep 2026 07:48
                                            WIB
                                        
                                        
                                             Denpasar
                                        
                                    
                                    
                                                                                                                                
                                                                                
                                        
                                            
                                                Editor -
                                                Ni Putu Widyawati
                                            
                                        
                                    
                                

                                                                                                                                    

                                

                                                                                                            
                                        
                                                                                    
                                                
                                                    
                                                

                                                                                                    
                                                        Cuplikan Video Clip ""Setelah Sekian Lama"" (Foto: dok)
                                                    
                                                                                            
                                                                                                            
                                
                                RRI.CO.ID, Denpasar – Ada rasa yang sulit dijelaskan ketika seseorang yang lama pergi akhirnya kembali ke rumah. Rasa itulah yang coba dihadirkan Ahmad Abdul lewat lagu terbarunya, “Setelah Sekian Lama”, sebuah cerita tentang perjalanan, kerinduan, dan tempat yang selalu menjadi tujuan untuk pulang.Kekuatan lagu ini terasa semakin dalam lewat video klipnya.","Visual sederhana tentang seorang anak yang kembali bertemu dan memeluk ibunya mampu menyampaikan emosi tanpa perlu banyak dialog. Ada rasa rindu, lelah, sekaligus kelegaan yang terasa begitu dekat dengan pengalaman banyak orang yang sedang jauh dari rumah.Salah satu detail yang paling menghangatkan justru hadir lewat sebuah kotak bekal.","Pada Hari Senin , 28 September 2026 00:48, Tabanan, Tabanan, Bali

Hiburan
                                                
                                            
                                                                            
                                    
                                    
                                        
                                            28 Sep 2026 07:48
                                            WIB
                                        
                                        
                                             Denpasar
                                        
                                    
                                    
                                                                                                                                
                                                                                
                                        
                                            
                                                Editor -
                                                Ni Putu Widyawati
                                            
                                        
                                    
                                

                                                                                                                                    

                                

                                                                                                            
                                        
                                                                                    
                                                
                                                    
                                                

                                                                                                    
                                                        Cuplikan Video Clip ""Setelah Sekian Lama"" (Foto: dok)
                                                    
                                                                                            
                                                                                                            
                                
                                RRI.CO.ID, Denpasar – Ada rasa yang sulit dijelaskan ketika seseorang yang lama pergi akhirnya kembali ke rumah. Rasa itulah yang coba dihadirkan Ahmad Abdul lewat lagu terbarunya, “Setelah Sekian Lama”, sebuah cerita tentang perjalanan, kerinduan, dan tempat yang selalu menjadi tujuan untuk pulang.Kekuatan lagu ini terasa semakin dalam lewat video klipnya. Visual sederhana tentang seorang anak yang kembali bertemu dan memeluk ibunya mampu menyampaikan emosi tanpa perlu banyak dialog. Ada rasa rindu, lelah, sekaligus kelegaan yang terasa begitu dekat dengan pengalaman banyak orang yang sedang jauh dari rumah.Salah satu detail yang paling menghangatkan justru hadir lewat sebuah kotak bekal. Di atasnya tertulis pesan sederhana dari sang ibu, “Jangan lupa makan, kalau capek, pulang.”Bagi mereka yang pernah menjadi perantau, kalimat itu mungkin terasa lebih dari sekadar pesan untuk makan. Ada perhatian, kekhawatiran, dan kasih sayang seorang ibu yang tetap mengikuti anaknya, bahkan ketika jarak memisahkan.Video klip ini seolah mengingatkan bahwa perjalanan mengejar mimpi tidak selalu mudah. Ada masa ketika seseorang merasa lelah, kehilangan arah, atau ingin menyerah. Dan di saat seperti itu, rumah bisa menjadi tempat untuk berhenti sejenak, bukan karena gagal, tetapi karena ada seseorang yang selalu siap menerima kita kembali.Lewat “Setelah Sekian Lama”, Ahmad Abdul tidak hanya menyanyikan sebuah lagu tentang pulang. Ia menghadirkan kembali perasaan yang mungkin pernah dirasakan banyak anak rantau: sejauh apa pun pergi, ada rumah dan seseorang yang selalu menunggu. 


                                
                                
                                
                                
                                
                                            
                                        
                                                                    

                                


                                
                                                                    
                                    
                                
                                                                                                                                                                                
                            
                            
                                                                        
                                                                
                                    
                                        
                                            Berita
                                        
                                    
                                    Terbaru Lainnya
                                
                                
                            
                            
                                    
                                    
                                        Memuat berita terbaru.....",rri.co.id,"Dajan Peken, 82114, Tabanan, Tabanan, Bali, Indonesia",-8.536609490935,115.13552944186335,5,"2, 7","kejaksaan, kejatibali, kejaritabanan, tabanan, news"
Mazda 6e Fastback EV Mewah Hasil Kolaborasi Mazda dengan Tiongkok,2026-09-29T00:36:00.000Z,"Kabupaten Tabanan, Bali, Indonesia","Mazda 6e Fastback, EV Mewah Hasil Kolaborasi Mazda dengan Tiongkok - rri.co.id","Hobi
                                                
                                            
                                                                            
                                    
                                    
                                        
                                            29 Sep 2026 07:36
                                            WIB
                                        
                                        
                                             Denpasar
                                        
                                    
                                    
                                                                                                                                
                                                                                
                                        
                                            
                                                Editor -
                                                Ni Nyoman Kasih
                                            
                                        
                                    
                                

                                                                                                                                    

                                

                                                                                                            
                                        
                                                                    
                                
                                RRI.CO.ID, Denpasar - Pasar kendaraan listrik di Indonesia kembali dikejutkan dengan langkah berani PT Eurokars Motor Indonesia yang memboyong Mazda 6e Fastback. Sedan listrik premium ini menjadi simbol transformasi sedan legendaris Mazda 6 menuju era elektrifikasi modern.","Menariknya, pengembangan model ini merupakan hasil kolaborasi strategis antara Mazda dengan mitra usahanya di Tiongkok, menggabungkan filosofi desain khas Jepang dengan penguasaan teknologi EV terdepan dari Tiongkok.Dari segi eksterior, Mazda 6e Fastback mempertahankan bahasa desain khas Kodo yang elegan namun tampil lebih futuristik. Tampilan bodinya mengusung gaya fastback aerodinamis dengan grill tertutup beraksen black glossy, pintu frameless tanpa bingkai, serta electric extending rear spoiler yang dapat menyembul secara otomatis pada kecepatan tinggi.","Pada Hari Selasa , 29 September 2026 00:36, Tabanan, Tabanan, Bali

Hobi
                                                
                                            
                                                                            
                                    
                                    
                                        
                                            29 Sep 2026 07:36
                                            WIB
                                        
                                        
                                             Denpasar
                                        
                                    
                                    
                                                                                                                                
                                                                                
                                        
                                            
                                                Editor -
                                                Ni Nyoman Kasih
                                            
                                        
                                    
                                

                                                                                                                                    

                                

                                                                                                            
                                        
                                                                    
                                
                                RRI.CO.ID, Denpasar - Pasar kendaraan listrik di Indonesia kembali dikejutkan dengan langkah berani PT Eurokars Motor Indonesia yang memboyong Mazda 6e Fastback. Sedan listrik premium ini menjadi simbol transformasi sedan legendaris Mazda 6 menuju era elektrifikasi modern. Menariknya, pengembangan model ini merupakan hasil kolaborasi strategis antara Mazda dengan mitra usahanya di Tiongkok, menggabungkan filosofi desain khas Jepang dengan penguasaan teknologi EV terdepan dari Tiongkok.Dari segi eksterior, Mazda 6e Fastback mempertahankan bahasa desain khas Kodo yang elegan namun tampil lebih futuristik. Tampilan bodinya mengusung gaya fastback aerodinamis dengan grill tertutup beraksen black glossy, pintu frameless tanpa bingkai, serta electric extending rear spoiler yang dapat menyembul secara otomatis pada kecepatan tinggi. Sektor pencahayaan dipadukan secara harmonis dengan garis bodi yang tegas namun dinamis, berhasil menyabet penghargaan desain pameran otomotif internasional sebagai 2026 World Car Design of The Year.Masuk ke dalam interior, atmosfer kemewahan dan kekedapan sangat terasa berkat garapan interior yang presisi. Pengemudi dan penumpang disuguhkan layar infotainment sentuh berukuran 14,6 inci, head up display, serta panel instrumen digital serba canggih. Pengalaman berkendara semakin dimanjakan dengan panoramic glass roof yang dilengkapi tirai elektrik, sistem tata suara premium Sony dengan 14 speaker, serta fitur ambient lighting dengan 64 warna yang menciptakan suasana kabin yang menenangkan.Di sektor performa, Mazda 6e Fastback dibekali motor listrik tunggal yang diletakkan di roda belakang. Dapur pacu listrik ini mampu mengeluarkan tenaga hingga 258 PS dengan torsi instan mencapai 320 Nm. Didukung baterai lithium-ion berkapasitas 78 kWh, sedan fastback ini mengklaim jarak tempuh maksimal hingga 560 km, menjadikannya sangat andal baik untuk mobilitas harian maupun perjalanan antar kota.Di pasar Indonesia, Mazda 6e Fastback ditawarkan dengan harga on the road (OTR) sekitar Rp899 juta dengan delapan pilihan warna ikonis seperti soul red crystal dan polymetal gray. Kehadiran kendaraan listrik ini tidak hanya menawarkan alternatif sedan ramah lingkungan berfitur melimpah, tetapi juga membuktikan bahwa sensasi menyatu antara pengemudi dan mobil tetap dapat diwujudkan secara optimal dalam kendaraan listrik murni. 


                                
                                
                                
                                
                                
                                            
                                        
                                                                    

                                


                                
                                                                    
                                    
                                
                                                                                                                                                                                
                            
                            
                                                                        
                                                                
                                    
                                        
                                            Berita
                                        
                                    
                                    Terbaru Lainnya
                                
                                
                            
                            
                                    
                                    
                                        Memuat berita terbaru.....",rri.co.id,"Dajan Peken, 82114, Tabanan, Tabanan, Bali, Indonesia",-8.536609490935,115.13552944186335,5,"2, 7","kejaksaan, kejatibali, kejaritabanan, tabanan, news"
Hari Bakti Postel ke81 Komunitas Postel Siar Bali Gelar Aksi Sosial,2026-09-28T06:40:00.000Z,"Kabupaten Tabanan, Bali, Indonesia","Hari Bakti Postel ke-81, Komunitas Postel Siar Bali Gelar Aksi Sosial - rri.co.id","RRI.CO.ID, Denpasar - Komunitas Postel Siar di wilayah Provinsi Bali menggelar kegiatan bakti sosial dalam rangka memperingati Hari Bakti Postel ke-81 dengan menyalurkan bantuan kepada Yayasan Kanker Anak Bali. Kepala Subbagian Umum Balai Monitor Spektrum Frekuensi Radio dan Infrastruktur Kelas I Denpasar, Ludi Jamal Awaluddin, kepada RRI.CO.ID, Jumat, 25 September 2026 mengatakan kegiatan tersebut menjadi bagian dari bentuk pengabdian komunitas Postel Siar kepada masyarakat.Menurutnya, kegiatan melibatkan komunitas Postel Siar di wilayah Bali dan diwujudkan melalui penyaluran bantuan kepada yayasan yang membutuhkan.","“Kami beserta seluruh komunitas Postel Siar di wilayah Provinsi Bali mengadakan bakti sosial untuk menyerahkan atau menyampaikan bantuan ke panti asuhan yang memang kita tuju,” ujarnya.Ketua Panitia Hari Bakti Postel ke-81 sekaligus perwakilan APJII Bali, Made Kartika, mengatakan kegiatan bakti sosial kali ini dilaksanakan di dua lokasi. Lokasi pertama yang dikunjungi yakni Yayasan Kanker Anak Bali, sedangkan lokasi berikutnya merupakan panti asuhan di kawasan Renon, Denpasar.Menurut Made, pemilihan lokasi dilakukan dengan mempertimbangkan kedekatan lokasi serta kebutuhan bantuan yang dinilai mendesak.","Pada Hari Senin , 28 September 2026 06:40, Tabanan, Tabanan, Bali

RRI.CO.ID, Denpasar - Komunitas Postel Siar di wilayah Provinsi Bali menggelar kegiatan bakti sosial dalam rangka memperingati Hari Bakti Postel ke-81 dengan menyalurkan bantuan kepada Yayasan Kanker Anak Bali. Kepala Subbagian Umum Balai Monitor Spektrum Frekuensi Radio dan Infrastruktur Kelas I Denpasar, Ludi Jamal Awaluddin, kepada RRI.CO.ID, Jumat, 25 September 2026 mengatakan kegiatan tersebut menjadi bagian dari bentuk pengabdian komunitas Postel Siar kepada masyarakat.Menurutnya, kegiatan melibatkan komunitas Postel Siar di wilayah Bali dan diwujudkan melalui penyaluran bantuan kepada yayasan yang membutuhkan. “Kami beserta seluruh komunitas Postel Siar di wilayah Provinsi Bali mengadakan bakti sosial untuk menyerahkan atau menyampaikan bantuan ke panti asuhan yang memang kita tuju,” ujarnya.Ketua Panitia Hari Bakti Postel ke-81 sekaligus perwakilan APJII Bali, Made Kartika, mengatakan kegiatan bakti sosial kali ini dilaksanakan di dua lokasi. Lokasi pertama yang dikunjungi yakni Yayasan Kanker Anak Bali, sedangkan lokasi berikutnya merupakan panti asuhan di kawasan Renon, Denpasar.Menurut Made, pemilihan lokasi dilakukan dengan mempertimbangkan kedekatan lokasi serta kebutuhan bantuan yang dinilai mendesak. “Untuk kali ini, yang kita bawa bantuannya selain berupa uang, juga ada sembako kepada panti asuhan dan yayasan ini,” katanya.Made menambahkan, kegiatan tersebut juga menjadi kesempatan bagi komunitas Postel Siar untuk memperoleh informasi lebih mengenai kondisi dan kebutuhan yayasan yang dikunjungi. Ia mengatakan komunitas Postel Siar terdiri dari berbagai unsur, termasuk penyedia layanan internet dan penyedia layanan seluler.Informasi yang diperoleh dari kunjungan tersebut selanjutnya diharapkan dapat diteruskan kepada instansi masing-masing sebagai bahan pertimbangan apabila terdapat kegiatan sosial maupun bentuk dukungan lainnya. Made juga menyoroti pentingnya penyebaran informasi yang benar di tengah maraknya hoaks di media sosial.Menurutnya, keterlibatan komunitas dalam kegiatan sosial juga dapat menjadi kesempatan untuk memperoleh informasi langsung dari masyarakat dan kemudian menyampaikannya kembali kepada publik secara lebih tepat. Sementara itu, Ludi mengatakan kegiatan sosial tersebut diharapkan tidak berhenti pada peringatan Hari Bakti Postel tahun ini.Ia menyebut komunitas Postel Siar akan terus bertukar informasi mengenai kebutuhan masyarakat yang dapat menjadi dasar pelaksanaan kegiatan bersama pada masa mendatang. “Mungkin tahun ini kita berkunjung ke panti asuhan, mungkin ke depannya kita ada program-program lain yang bisa kita galang bersama untuk kita berbakti sama negara atau masyarakat sekitar kita,” ujarnya.Ludi menegaskan, kegiatan tersebut menjadi bagian dari upaya komunitas Postel Siar untuk memperkuat kepedulian dan pengabdian kepada masyarakat melalui kegiatan yang dapat dilakukan secara bersama-sama. 


                                
                                
                                
                                
                                
                                            
                                        
                                                                    

                                


                                
                                                                    
                                    
                                
                                                                                                                                                                                
                            
                            
                                                                        
                                                                
                                    
                                        
                                            Berita
                                        
                                    
                                    Terbaru Lainnya
                                
                                
                            
                            
                                    
                                    
                                        Memuat berita terbaru.....",rri.co.id,"Dajan Peken, 82114, Tabanan, Tabanan, Bali, Indonesia",-8.536609490935,115.13552944186335,5,"2, 7","kejaksaan, kejatibali, kejaritabanan, tabanan, news"
Hari Kelima Pencarian Tim SAR Temukan Jenazah Penumpang Kapal Tercebur,2026-10-03T01:34:00.000Z,"Kabupaten Tabanan, Bali, Indonesia","Hari Kelima Pencarian, Tim SAR Temukan Jenazah Penumpang Kapal Tercebur - rri.co.id","Setelah lima hari pencarian intensif di perairan Selat Bali, tim SAR gabungan akhirnya menemukan jenazah Riski Firmansyah (23), pemuda asal Jombang yang dilaporkan hilang usai menceburkan diri dari atas kapal, pada Jumat 2 Oktober 2026 sore. (Foto: Pos SAR Jembrana)
                                                    
                                                                                            
                                                                                                            
                                
                                RRI.CO.ID, Jembrana - Setelah lima hari pencarian intensif di perairan Selat Bali, tim SAR gabungan akhirnya menemukan jenazah Riski Firmansyah (23), pemuda asal Jombang yang dilaporkan hilang usai menceburkan diri dari atas kapal, pada Jumat 2 Oktober 2026 sore.","Jasad korban ditemukan terapung di perairan Gilimanuk oleh tim gabungan yang tengah melakukan penyisiran menggunakan Rigid Inflatable Boat (RIB) dan Ship Thunder milik Polairud Polda Bali.""Kami menerima informasi dari SROP Gilimanuk mengenai keberadaan jasad terapung. Tim yang sedang patroli di perairan Gilimanuk langsung bergerak melakukan evakuasi,"" ujar Koordinator Pos Pencarian dan Pertolongan Jembrana, Dewa Gede Hendri Gunawan.Usai dievakuasi melalui Teluk Waterbee Gilimanuk, jenazah korban langsung dilarikan ke RSUD Negara.","Pada Hari Sabtu , 3 Oktober 2026 01:34, Tabanan, Tabanan, Bali

Setelah lima hari pencarian intensif di perairan Selat Bali, tim SAR gabungan akhirnya menemukan jenazah Riski Firmansyah (23), pemuda asal Jombang yang dilaporkan hilang usai menceburkan diri dari atas kapal, pada Jumat 2 Oktober 2026 sore. (Foto: Pos SAR Jembrana)
                                                    
                                                                                            
                                                                                                            
                                
                                RRI.CO.ID, Jembrana - Setelah lima hari pencarian intensif di perairan Selat Bali, tim SAR gabungan akhirnya menemukan jenazah Riski Firmansyah (23), pemuda asal Jombang yang dilaporkan hilang usai menceburkan diri dari atas kapal, pada Jumat 2 Oktober 2026 sore. Jasad korban ditemukan terapung di perairan Gilimanuk oleh tim gabungan yang tengah melakukan penyisiran menggunakan Rigid Inflatable Boat (RIB) dan Ship Thunder milik Polairud Polda Bali.""Kami menerima informasi dari SROP Gilimanuk mengenai keberadaan jasad terapung. Tim yang sedang patroli di perairan Gilimanuk langsung bergerak melakukan evakuasi,"" ujar Koordinator Pos Pencarian dan Pertolongan Jembrana, Dewa Gede Hendri Gunawan.Usai dievakuasi melalui Teluk Waterbee Gilimanuk, jenazah korban langsung dilarikan ke RSUD Negara. Pihak keluarga yang mendampingi proses evakuasi berhasil mengidentifikasi korban secara pasti melalui pakaian terakhir yang dikenakannya.Petaka ini bermula pada Minggu 27 September 2026 sore. Korban bertolak dari Mojokerto menuju Tabanan untuk bekerja bersama paman dan sepupunya menggunakan travel. Saat menyeberang dari Pelabuhan Ketapang menuju Gilimanuk menggunakan KMP Cemerlang No. 55, korban sempat terlihat berjalan bersama kerabatnya menuju kantin kapal. Namun, korban mendadak hilang dari pandangan setelah beberapa kali berpindah tempat. Dugaan kuat korban menceburkan diri ke laut diperkuat oleh laporan dari pihak kapal yang melihat kepulan air di sekitar buoy merah perairan Gilimanuk, tak jauh dari posisi kapal berlayar. Pencarian yang melibatkan berbagai unsur SAR dan kapal-kapal sekitar akhirnya membuahkan hasil setelah menyisir area penyeberangan selama lima hari berturut-turut. 


                                
                                
                                
                                
                                
                                            
                                        
                                                                    

                                


                                
                                                                    
                                    
                                
                                                                                                                                                                                
                            
                            
                                                                        
                                                                
                                    
                                        
                                            Berita
                                        
                                    
                                    Terbaru Lainnya
                                
                                
                            
                            
                                    
                                    
                                        Memuat berita terbaru.....",rri.co.id,"Dajan Peken, 82114, Tabanan, Tabanan, Bali, Indonesia",-8.536609490935,115.13552944186335,5,"2, 7","kejaksaan, kejatibali, kejaritabanan, tabanan, news"
Jasa Raharja Kembali Serahkan Santunan Korban KM Virgo di Boyolali,2026-09-28T01:11:00.000Z,"Kabupaten Tabanan, Bali, Indonesia",Jasa Raharja Kembali Serahkan Santunan Korban KM Virgo di Boyolali - rri.co.id,"RRI..CO.ID, Boyolali - PT Jasa Raharja (Persero) terus mempercepat pemenuhan hak korban dan keluarga dalam penanganan insiden KM Virgo Transport 8. Hingga Sabtu 26 September 2026, Jasa Raharja telah menyerahkan santunan kepada 17 ahli waris korban meninggal dunia dengan total Rp850 juta.Selain itu, jaminan biaya perawatan telah diberikan kepada 21 korban luka-luka dengan nilai maksimal Rp420 juta, serta dua santunan penggantian biaya penguburan.","Jasa Raharja juga masih memproses lima santunan bagi korban meninggal dunia lainnya.Berdasarkan perkembangan penanganan hingga Sabtu 26 September 2026 pukul 06.15 WITA, dari total 243 orang dalam POB, sebanyak 161 orang telah dievakuasi. Sebanyak 87 orang selamat tanpa memerlukan perawatan dan telah kembali ke rumah, sementara 21 orang yang mengalami luka-luka telah mendapatkan penanganan medis dan juga telah kembali ke rumah masing-masing.Adapun korban meninggal dunia tercatat sebanyak 53 orang, dengan 25 orang telah teridentifikasi dan 28 orang masih dalam proses identifikasi.","Pada Hari Senin , 28 September 2026 01:11, Tabanan, Tabanan, Bali

RRI..CO.ID, Boyolali - PT Jasa Raharja (Persero) terus mempercepat pemenuhan hak korban dan keluarga dalam penanganan insiden KM Virgo Transport 8. Hingga Sabtu 26 September 2026, Jasa Raharja telah menyerahkan santunan kepada 17 ahli waris korban meninggal dunia dengan total Rp850 juta.Selain itu, jaminan biaya perawatan telah diberikan kepada 21 korban luka-luka dengan nilai maksimal Rp420 juta, serta dua santunan penggantian biaya penguburan. Jasa Raharja juga masih memproses lima santunan bagi korban meninggal dunia lainnya.Berdasarkan perkembangan penanganan hingga Sabtu 26 September 2026 pukul 06.15 WITA, dari total 243 orang dalam POB, sebanyak 161 orang telah dievakuasi. Sebanyak 87 orang selamat tanpa memerlukan perawatan dan telah kembali ke rumah, sementara 21 orang yang mengalami luka-luka telah mendapatkan penanganan medis dan juga telah kembali ke rumah masing-masing.Adapun korban meninggal dunia tercatat sebanyak 53 orang, dengan 25 orang telah teridentifikasi dan 28 orang masih dalam proses identifikasi. Sebagai bagian dari tindak lanjut penanganan korban, Direktur Utama Jasa Raharja Muhammad Awaluddin menyerahkan santunan secara langsung kepada Dewi Indarti, istri almarhum Deny Dwi Saputra.Penyerahan santunan dilakukan di rumah duka di Dukuh Meican RT 1/3, Candi Ampel, Boyolali, Jawa Tengah. Deny Dwi Saputra merupakan salah satu korban yang telah berhasil diidentifikasi. Jenazah almarhum tiba di rumah duka pada Jumat 25 September 2026.Penyerahan santunan disaksikan oleh Kabid Kedaruratan dan Logistik BPBD Ery Purwo Nugroho, Kapolsek Ampel Iptu Edhy Nugroho, Camat Ampel Edi Kusmanto, dan Kades Candi Ampel Warsito. Awaluddin menyampaikan, penyerahan santunan tersebut merupakan bentuk kehadiran Jasa Raharja dalam memberikan kepastian pelayanan kepada keluarga korban.“Kami menyampaikan duka cita yang mendalam kepada keluarga almarhum Deny Dwi Saputra. Santunan ini tentu tidak dapat menggantikan kehilangan orang yang kita cintai, namun kami berharap dapat menjadi bentuk dukungan negara dan membantu meringankan beban keluarga di tengah masa duka,” ujarnya.Ia mengatakan, sejak awal terjadinya insiden, Jasa Raharja terus hadir dan berkoordinasi dengan seluruh pihak dalam proses pencarian, evakuasi, identifikasi, hingga pemenuhan hak korban dan keluarga. Menurutnya, proses penanganan dilakukan secara paralel dengan memastikan data korban dan ahli waris diverifikasi secara cermat.Setelah identitas korban dan ahli waris dinyatakan valid, Jasa Raharja segera menindaklanjuti proses penyerahan santunan sesuai ketentuan. “Kecepatan dalam memberikan pelayanan tetap menjadi perhatian kami. Namun, kecepatan tersebut harus berjalan bersama dengan ketepatan data dan verifikasi, agar santunan benar-benar diterima oleh pihak yang berhak,” kata Awaluddin.Jasa Raharja juga memastikan pemantauan terhadap perkembangan penanganan korban terus dilakukan. Insan Jasa Raharja tetap disiagakan melalui posko-posko di wilayah terkait untuk memantau perkembangan pencarian, evakuasi, dan identifikasi. Mereka juga berkoordinasi dengan rumah sakit, aparat, Tim SAR, Tim DVI, pemerintah daerah, serta pihak terkait lainnya.“Kami akan terus memantau perkembangan di lapangan dan hadir melalui posko posko yang telah disiagakan. Bagi kami, penanganan tidak berhenti pada saat santunan diserahkan, tetapi kami akan terus mengawal proses ini bersama seluruh pihak hingga penanganan korban dan keluarga dapat diselesaikan dengan sebaik baiknya,” tutur Awaluddin.",rri.co.id,"Dajan Peken, 82114, Tabanan, Tabanan, Bali, Indonesia",-8.536609490935,115.13552944186335,5,"2, 7","kejaksaan, kejatibali, kejaritabanan, tabanan, news"
Polsek Blahbatuh Ringkus Pelaku Curanmor hingga Jawa Timur,2026-10-04T05:25:00.000Z,"Kabupaten Tabanan, Bali, Indonesia",Polsek Blahbatuh Ringkus Pelaku Curanmor hingga Jawa Timur - rri.co.id,"Polsek Blahbatuh Ringkus Pelaku Curanmor Hingga Jawa Timur (Foto: Polres Gianyar)
                                                    
                                                                                            
                                                                                                            
                                
                                RRI.CO.ID, Gianyar - Unit Reskrim Polsek Blahbatuh berhasil mengungkap kasus pencurian kendaraan bermotor (curanmor) dan menangkap 2 orang pelaku di lokasi berbeda, salah satunya dibekuk di Kabupaten Lumajang, Jawa Timur. Peristiwa pencurian tersebut terjadi pada Jumat, 25 September 2026 sekitar pukul 07.00 WITA di kawasan Jalan Banteng, Desa Buruan, Kecamatan Blahbatuh, Gianyar.","Korban berinisial R kehilangan 1 unit sepeda motor Yamaha NMAX dengan total kerugian diperkirakan mencapai Rp34 juta. Kapolsek Blahbatuh, Kompol Luh Putu Sri Sumartini, menjelaskan bahwa petugas terlebih dahulu mengamankan terduga pelaku berinisial Ro (33) di sebuah bedeng proyek di Desa Keramas, Blahbatuh.","Pada Hari Minggu , 4 Oktober 2026 05:25, Tabanan, Tabanan, Bali

Polsek Blahbatuh Ringkus Pelaku Curanmor Hingga Jawa Timur (Foto: Polres Gianyar)
                                                    
                                                                                            
                                                                                                            
                                
                                RRI.CO.ID, Gianyar - Unit Reskrim Polsek Blahbatuh berhasil mengungkap kasus pencurian kendaraan bermotor (curanmor) dan menangkap 2 orang pelaku di lokasi berbeda, salah satunya dibekuk di Kabupaten Lumajang, Jawa Timur. Peristiwa pencurian tersebut terjadi pada Jumat, 25 September 2026 sekitar pukul 07.00 WITA di kawasan Jalan Banteng, Desa Buruan, Kecamatan Blahbatuh, Gianyar. Korban berinisial R kehilangan 1 unit sepeda motor Yamaha NMAX dengan total kerugian diperkirakan mencapai Rp34 juta. Kapolsek Blahbatuh, Kompol Luh Putu Sri Sumartini, menjelaskan bahwa petugas terlebih dahulu mengamankan terduga pelaku berinisial Ro (33) di sebuah bedeng proyek di Desa Keramas, Blahbatuh. Dari hasil pengembangan, petugas bergerak menuju Jawa Timur dan menangkap pelaku lainnya berinisial Nu (34) di Kecamatan Klakah, Lumajang, pada Kamis, 1 Oktober 2026 pukul 23.30 WITA. Dalam penangkapan tersebut, polisi turut mengamankan barang bukti berupa 1 unit sepeda motor Yamaha NMAX milik korban, 1 unit sepeda motor Yamaha Mio G, serta sejumlah pelat kendaraan.Kompol Luh Putu Sri Sumartini mengimbau masyarakat untuk selalu meningkatkan kewaspadaan saat memarkir kendaraan, memastikannya terkunci ganda, serta segera melaporkan hal mencurigakan melalui Polsek Blahbatuh atau layanan Hotline Polisi 110. 


                                
                                
                                
                                
                                
                                            
                                        
                                                                    

                                


                                
                                                                    
                                    
                                
                                                                                                                                                                                
                            
                            
                                                                        
                                                                
                                    
                                        
                                            Berita
                                        
                                    
                                    Terbaru Lainnya
                                
                                
                            
                            
                                    
                                    
                                        Memuat berita terbaru.....",rri.co.id,"Dajan Peken, 82114, Tabanan, Tabanan, Bali, Indonesia",-8.536609490935,115.13552944186335,5,"2, 7","kejaksaan, kejatibali, kejaritabanan, tabanan, news"
Polsek Payangan Ungkap Pencurian Mobil Engkel di Gianyar,2026-10-01T02:22:00.000Z,"Kabupaten Tabanan, Bali, Indonesia",Polsek Payangan Ungkap Pencurian Mobil Engkel di Gianyar - rri.co.id,"Polsek Payangan Ungkap Pencurian Mobil Engkel di Gianyar (Foto: Polres Gianyar)
                                                    
                                                                                            
                                                                                                            
                                
                                RRI.CO.ID, Gianyar - Unit Reskrim Polsek Payangan berhasil mengungkap kasus pencurian 1 unit mobil engkel warna kuning di Banjar Bukian Kawan, Desa Bukian, Kecamatan Payangan, Kabupaten Gianyar. Seorang terduga pelaku berhasil diamankan di wilayah Lombok Tengah, Nusa Tenggara Barat pada Senin, 28 September 2026.Kapolsek Payangan, AKP I Putu Budi Artama, menyampaikan pengungkapan tersebut berawal dari laporan korban, I Ketut Suena, yang mendapati kendaraannya hilang dari halaman rumah kos.","Akibat kejadian tersebut, korban mengalami kerugian materiil sekitar Rp180.000.000.""Unit Reskrim Polsek Payangan telah berhasil mengungkap kasus pencurian kendaraan roda empat yang dilaporkan terjadi di wilayah hukum Polsek Payangan. Dalam pengungkapan ini, seorang terduga pelaku berhasil diamankan di wilayah Lombok Tengah, Nusa Tenggara Barat,"" ujar AKP I Putu Budi Artama.Berdasarkan hasil penyelidikan dan pemeriksaan data di Pelabuhan Padangbai, petugas memperoleh petunjuk bahwa kendaraan tersebut dibawa keluar dari wilayah Bali.","Pada Hari Kamis , 1 Oktober 2026 02:22, Tabanan, Tabanan, Bali

Polsek Payangan Ungkap Pencurian Mobil Engkel di Gianyar (Foto: Polres Gianyar)
                                                    
                                                                                            
                                                                                                            
                                
                                RRI.CO.ID, Gianyar - Unit Reskrim Polsek Payangan berhasil mengungkap kasus pencurian 1 unit mobil engkel warna kuning di Banjar Bukian Kawan, Desa Bukian, Kecamatan Payangan, Kabupaten Gianyar. Seorang terduga pelaku berhasil diamankan di wilayah Lombok Tengah, Nusa Tenggara Barat pada Senin, 28 September 2026.Kapolsek Payangan, AKP I Putu Budi Artama, menyampaikan pengungkapan tersebut berawal dari laporan korban, I Ketut Suena, yang mendapati kendaraannya hilang dari halaman rumah kos. Akibat kejadian tersebut, korban mengalami kerugian materiil sekitar Rp180.000.000.""Unit Reskrim Polsek Payangan telah berhasil mengungkap kasus pencurian kendaraan roda empat yang dilaporkan terjadi di wilayah hukum Polsek Payangan. Dalam pengungkapan ini, seorang terduga pelaku berhasil diamankan di wilayah Lombok Tengah, Nusa Tenggara Barat,"" ujar AKP I Putu Budi Artama.Berdasarkan hasil penyelidikan dan pemeriksaan data di Pelabuhan Padangbai, petugas memperoleh petunjuk bahwa kendaraan tersebut dibawa keluar dari wilayah Bali. Petugas kemudian berkoordinasi dengan Team Opsnal Polres Lombok Tengah hingga berhasil mengamankan terduga pelaku di rumah istrinya.Barang bukti yang berhasil disita antara lain 1 unit truk engkel, 2 kunci kendaraan, 4 pelat nomor, 2 lembar STNK, serta pakaian dan tas milik terduga pelaku. Saat ini, terduga pelaku beserta barang bukti telah diamankan di Mako Polsek Payangan untuk proses hukum lebih lanjut. 


                                
                                
                                
                                
                                
                                            
                                        
                                                                    

                                


                                
                                                                    
                                    
                                
                                                                                                                                                                                
                            
                            
                                                                        
                                                                
                                    
                                        
                                            Berita
                                        
                                    
                                    Terbaru Lainnya
                                
                                
                            
                            
                                    
                                    
                                        Memuat berita terbaru.....",rri.co.id,"Dajan Peken, 82114, Tabanan, Tabanan, Bali, Indonesia",-8.536609490935,115.13552944186335,5,"2, 7","kejaksaan, kejatibali, kejaritabanan, tabanan, news"
Hindus Throng Festival at Penataran Agung Temple of Ulundanu Beratan,2019-07-10T07:00:00.000Z,"Kabupaten Tabanan, Bali, Indonesia",Hindus Throng Festival at Penataran Agung Temple of Ulundanu Beratan - BALIPOST.com,"TABANAN, BALIPOST.com — Thousands of pilgrims from various regions thronged Penataran Agung Temple of Ulundanu Beratan, Baturiti, on Tuesday (Jul. 9) that coincided with Anggarakasih Julungwangi.","They came to say prayers in a series of Pujawali Ageng or grandiose ceremonies held at the local temple.Nevertheless, on days such as full moon, new moon and other major Hindu holidays, many Hindus also come to perform joint worship including the Melasti and Nyegara Gunung ceremonies. Regarding the pujawali ageng, Coordinator of Ulundanu Beratan Temple, I Putu Suma Artha, stated the series of pujawali ceremonies had been started since the beginning of the month or precisely on July 2, 2019 consisting of pengalah sasih and negtegan carried out by the supporting pilgrims of the Ulundanu Beratan Temple.","Pada Hari Rabu , 10 Juli 2019 07:00, Tabanan, Tabanan, Bali

TABANAN, BALIPOST.com — Thousands of pilgrims from various regions thronged Penataran Agung Temple of Ulundanu Beratan, Baturiti, on Tuesday (Jul. 9) that coincided with Anggarakasih Julungwangi. They came to say prayers in a series of Pujawali Ageng or grandiose ceremonies held at the local temple.Nevertheless, on days such as full moon, new moon and other major Hindu holidays, many Hindus also come to perform joint worship including the Melasti and Nyegara Gunung ceremonies. Regarding the pujawali ageng, Coordinator of Ulundanu Beratan Temple, I Putu Suma Artha, stated the series of pujawali ceremonies had been started since the beginning of the month or precisely on July 2, 2019 consisting of pengalah sasih and negtegan carried out by the supporting pilgrims of the Ulundanu Beratan Temple. Then, it was resumed on July 6 with the pakeling pujawali ceremony, mendak pekuluh and ngias. Meanwhile, the mecaru and mesucian ceremony were held on Monday or Soma Wage (Jul. 8), and then peak of the pujawali ageng was held on Anggarakasih Julungwangi or Tuesday (Jul. 9) commenced with the piodalan in the respective lawa. After holding the peak of piodalan, there were nganyarin ceremonies for three days and was closed on Sukra Pon or Friday (Jul. 12). “This piodalan is not only an obligation of the supporting pilgrims, but also has the objective to result in harmony as well as prosperity of life for the community or the entire Hindu fellows,” he said. He explained that Ulundanu Beratan Temple is supported by 800 families from 4 satakan villages or gebog satak, consisting of 15 customary villages and three chief of core customary villages and Marga Grand Place serves patron. Ulundanu Beratan Temple at Bedugul is also one of the most popular tourist attractions in Bali, located at Candi Kuning village, Baturiti, Tabanan. Aside from being a historical tourism, the pilgrims can take pleasure in natural attractions and lake water recreation activities. (Puspawati/balipost)",BALIPOST.com,"Dajan Peken, 82114, Tabanan, Tabanan, Bali, Indonesia",-8.536609490935,115.13552944186335,5,"2, 7","kejaksaan, kejatibali, kejaritabanan, tabanan, news"
Penuhi Stok PMI Tabanan Buka Layanan Donor Darah di Kantor Lama,2020-04-14T07:00:00.000Z,"Kabupaten Tabanan, Bali, Indonesia","Penuhi Stok, PMI Tabanan Buka Layanan Donor Darah di Kantor Lama - BALIPOST.com","Donor darah. (BP/ist)TABANAN, BALIPOST.com – Mewabahnya virus Corona atau Covid-19 tentunya berdampak pada ketersediaan darah di ruang penyimpanan Unit Donor Darah Palang Merah Indonesia (PMI) Tabanan.","Ini disebabkan banyak dibatalkannya kegiatan donor darah.Kendati demikian, Kepala UDD PMI Kabupaten Tabanan dr Nyoman Gede Sumardika, mengatakan untuk bisa memenuhi kebutuhan stok darah yang ada di PMI, pihaknya membuka layanan donor darah di markas lama PMI yang berlokasi di jalan Rama No.3A Tabanan atau di sebelah Taman Makam Pahlawan. Bagi masyarakat yang hendak mendonorkan darahnya bisa datang langsung ke temmpat tersebut dan akan diberikan 1 pcs hand sanitizer.Layanan donor darah di kantor markas lama ini dibuka mulai pukul 08.00 WITA sampai dengan pukul 13.30 WITA tiap harinya.","Pada Hari Selasa , 14 April 2020 07:00, Tabanan, Tabanan, Bali

Donor darah. (BP/ist)TABANAN, BALIPOST.com – Mewabahnya virus Corona atau Covid-19 tentunya berdampak pada ketersediaan darah di ruang penyimpanan Unit Donor Darah Palang Merah Indonesia (PMI) Tabanan. Ini disebabkan banyak dibatalkannya kegiatan donor darah.Kendati demikian, Kepala UDD PMI Kabupaten Tabanan dr Nyoman Gede Sumardika, mengatakan untuk bisa memenuhi kebutuhan stok darah yang ada di PMI, pihaknya membuka layanan donor darah di markas lama PMI yang berlokasi di jalan Rama No.3A Tabanan atau di sebelah Taman Makam Pahlawan. Bagi masyarakat yang hendak mendonorkan darahnya bisa datang langsung ke temmpat tersebut dan akan diberikan 1 pcs hand sanitizer.Layanan donor darah di kantor markas lama ini dibuka mulai pukul 08.00 WITA sampai dengan pukul 13.30 WITA tiap harinya. Selain jam layanan tersebut, kegiatan donor darah juga dilayani di BRSU Tabanan mulai pukul 14.00 WITA sampai 20.00 WITA atau hari libur. “PMI tetap melayani pelayanan darah. Kebutuhan darah tentu tidak bisa ditunda, pasien di rumah sakit yang membutuhkan transfusi tentu harus tetap menjadi perhatian. Dan ini merupakan salah satu upaya kami untuk mengajak masyrakat mendonorkan darahnya,” terangnya.Dan terkait layanan donor darah di kantor lama, lanjut kata dr. Sumardika akan dibuka selama pandemi dan sampai pengambilan donor ke tempat unit donor normal kembali. Pihaknya juga memastikan kegiatan mendonorkan darah tetap aman dilakukan.Masyarakat diimbau selalu menjaga kesehatan, menerapkan perilaku hidup bersih dan sehat, cuci tangan dengan sabun, menerapkan etika bersin dan batuk. “Untuk yang standby di kantor markas lama satu tim, tetapi kalau dibutuhkan lebih untuk di tempat lain, kita siapkan tim lain, maksimal kita punya 3 tim,” ucapnya.Stok darah mulai menipis sejak awal Maret 2020. Padahal permintaan sangat tinggi. Per hari saja permintaanya diangka 15-20 kantong.Data Selasa (14/4) untuk darah A hanya ada untuk jenis Whole Blood (WB) tersedia 5 kantong, jenis Pakced Red Cell (PRC) tersedia 1 kantong dan jenis thrombocyte Concencrate (TC) kosong . Dan darah B jenis darah WB tersedia 3 kantong, darah PRC tersedia 1 kantong dan darah TC kosong. Sementara darah O bisa dibilang sangat menipis.Untuk jenis WB hanya tersedia 5 kantong, jenis PRC tersedia 1 kantong dan jenis TC kosong juga kosong alias tidak ada stok. Dan darah AB jenis darah WB tersedia 15 kantong, untuk jenis PRC ada 6 kantong dan jenis TC juga 6 kantong.Ketersediaan stok darah ini biasanya diperuntukkan untuk seluruh rumah sakit di Tabanan baik swasta maupun negeri. Dimana sekitar 85 persen diperuntukkan untuk pasien di BRSU Tabanan. “Kita hanya bisa berharap wabah virus ini segera berlalu dan bisa beraktifitas normal kembali,” pungkasnya. (Puspawati/balipost)",BALIPOST.com,"Dajan Peken, 82114, Tabanan, Tabanan, Bali, Indonesia",-8.536609490935,115.13552944186335,5,"2, 7","kejaksaan, kejatibali, kejaritabanan, tabanan, news"
Wisata Bali Kebun Raya Eka Karya di Tabanan Buka Kembali,2020-07-22T07:00:00.000Z,"Kabupaten Tabanan, Bali, Indonesia","Wisata Bali, Kebun Raya Eka Karya di Tabanan Buka Kembali - Kompas.com","KOMPAS.com - Lembaga Ilmu Pengetahuan Indonesia (LIPI) membuka kembali Kebun Raya Eka Karya Bali pada Rabu (22/7/2020) dengan penerapan protokol pencegahan Covid-19.
""Pembukaan ini menjadi momentum bagi Kebun Raya Eka Karya Bali untuk kembali memberikan layanan eduwisata dengan standar layanan yang lebih baik sesuai dengan Protokol Kesehatan,"" kata Kepala Balai Konservasi Tumbuhan Kebun Raya Eka Karya Bali LIPI Didit Okta Pribadi dalam keterangan tertulis yang diterima ANTARA, Selasa (21/7/2020).Baca juga: Kebun Raya Bogor Buka Kembali, Pesan Tiket Online Dulu
Pembukaan kembali tersebut merujuk pada Surat Keputusan Kepala LIPI Nomor 155/F/2020 tentang Pembukaan Kembali Layanan Kebun Raya di Lingkungan LIPI dan disertai dengan sejumlah protokol kunjungan di kawasan Kebun Raya.
Kebun Raya Eka Karya Bali kembali dibuka untuk kunjungan umum setelah pihak pengelola menerima Sertifikat Tatanan Kehidupan Era Baru Bidang Pariwisata Menuju Tabanan Aman dan Produktif Nomor 556/2353/DISPAR yang diserahkan oleh Bupati Tabanan Ni Putu Eka Wiryastuti pada Senin (20/7).
Sebelumnya, LIPI telah membuka kembali Kebun Raya Bogor dan Kebun Raya Cibodas pada 7 Juli 2020.




https://kebunraya.id/bal Kebun Raya Eka Karya Bali 
Pembatasan pengunjung
Didit mengatakan selain menjalankan protokol kesehatan, pembukaan kembali Kebun Raya Eka Karya Bali juga menerapkan fase nol dengan ketentuan pembatasan kuota pengunjung sebanyak 1.500 orang dalam satu waktu.
""Untuk dapat melangkah ke fase berikutnya, pelaksanaan fase nol ini akan dievaluasi secara bertahap, jika sudah memenuhi standar, baru boleh mengimplementasikan fase selanjutnya dengan penambahan kuota pengunjung,” ujar Didit.
Dia menuturkan ada tiga fase yang harus dilalui hingga mencapai standar pelayanan publik sesuai dengan ketentuan adaptasi kebiasaan baru.
Didit berharap pengunjung dapat mengikuti protokol kunjungan yang berlaku di Kebun Raya Eka Karya Bali untuk bersama-sama membantu mencegah penyebaran pandemi Covid-19.
Baca juga: 5 Tempat Wisata di Tabanan Bali Buka Kembali, Salah Satunya Tanah Lot
Protokol kesehatanSelama berkunjung di Kebun Raya Eka Karya Bali, pengunjung diwajibkan untuk memakai masker dan selalu menjaga jarak aman.
""Kami telah menyediakan fasilitas cuci tangan dengan touchless sanitizer di beberapa titik area kebun, namun disarankan pengunjung untuk selalu membawa hand sanitizer sendiri,"" tutur Didit.
Penyemprotan disinfektan ke fasilitas publik seperti toilet, kursi taman, dan mobil wisata juga dilakukan dengan frekuensi sesering mungkin.
Selain itu, informasi mengenai protokol kunjungan di kawasan Kebun Raya Eka Karya Bali akan dipampang di titik-titik strategis, serta diinformasikan secara berkala kepada pengunjung.
Kebun Raya Eka Karya Bali memiliki beberapa spot menarik, seperti Taman Paku yang berisi koleksi tanaman-tanaman paku. Lalu ada Taman Surya Nirwana dengan pemandangan indah ke Danau Beratan dan Bukit Pengelengan.
Tiket online
Tiket masuk Kebun Raya Eka Karya Bali dapat dibeli dalam jaringan (online) melalui https://tiketkebunraya.id yang langsung terintegrasi dengan ponsel pintar.
Untuk membeli tiket secara online, harus mendaftar terlebih dahulu dengan klik register pada laman tersebut.
Harga tiket masuk untuk wisatawan domestik Rp 9.000 dan wisatawan asing Rp 17.000.
Tiket masuk mobil juga bisa dibeli secara online, harganya Rp 11.000.","Namun kendaraan roda empat hanya diizinkan masuk pada hari Sabtu dan Minggu.
Saat pembelian tiket secara online, dalam web juga terpampang kapasitas total pengunjung pada hari tersebut.
Lokasi
Kebun Raya Eka Karya Bali berada di Jl. Kebun Raya, Candikuning, Kecamatan Baturiti, Tabanan.","Pada Hari Rabu , 22 Juli 2020 07:00, Tabanan, Tabanan, Bali

KOMPAS.com - Lembaga Ilmu Pengetahuan Indonesia (LIPI) membuka kembali Kebun Raya Eka Karya Bali pada Rabu (22/7/2020) dengan penerapan protokol pencegahan Covid-19.
""Pembukaan ini menjadi momentum bagi Kebun Raya Eka Karya Bali untuk kembali memberikan layanan eduwisata dengan standar layanan yang lebih baik sesuai dengan Protokol Kesehatan,"" kata Kepala Balai Konservasi Tumbuhan Kebun Raya Eka Karya Bali LIPI Didit Okta Pribadi dalam keterangan tertulis yang diterima ANTARA, Selasa (21/7/2020).Baca juga: Kebun Raya Bogor Buka Kembali, Pesan Tiket Online Dulu
Pembukaan kembali tersebut merujuk pada Surat Keputusan Kepala LIPI Nomor 155/F/2020 tentang Pembukaan Kembali Layanan Kebun Raya di Lingkungan LIPI dan disertai dengan sejumlah protokol kunjungan di kawasan Kebun Raya.
Kebun Raya Eka Karya Bali kembali dibuka untuk kunjungan umum setelah pihak pengelola menerima Sertifikat Tatanan Kehidupan Era Baru Bidang Pariwisata Menuju Tabanan Aman dan Produktif Nomor 556/2353/DISPAR yang diserahkan oleh Bupati Tabanan Ni Putu Eka Wiryastuti pada Senin (20/7).
Sebelumnya, LIPI telah membuka kembali Kebun Raya Bogor dan Kebun Raya Cibodas pada 7 Juli 2020.




https://kebunraya.id/bal Kebun Raya Eka Karya Bali 
Pembatasan pengunjung
Didit mengatakan selain menjalankan protokol kesehatan, pembukaan kembali Kebun Raya Eka Karya Bali juga menerapkan fase nol dengan ketentuan pembatasan kuota pengunjung sebanyak 1.500 orang dalam satu waktu.
""Untuk dapat melangkah ke fase berikutnya, pelaksanaan fase nol ini akan dievaluasi secara bertahap, jika sudah memenuhi standar, baru boleh mengimplementasikan fase selanjutnya dengan penambahan kuota pengunjung,” ujar Didit.
Dia menuturkan ada tiga fase yang harus dilalui hingga mencapai standar pelayanan publik sesuai dengan ketentuan adaptasi kebiasaan baru.
Didit berharap pengunjung dapat mengikuti protokol kunjungan yang berlaku di Kebun Raya Eka Karya Bali untuk bersama-sama membantu mencegah penyebaran pandemi Covid-19.
Baca juga: 5 Tempat Wisata di Tabanan Bali Buka Kembali, Salah Satunya Tanah Lot
Protokol kesehatanSelama berkunjung di Kebun Raya Eka Karya Bali, pengunjung diwajibkan untuk memakai masker dan selalu menjaga jarak aman.
""Kami telah menyediakan fasilitas cuci tangan dengan touchless sanitizer di beberapa titik area kebun, namun disarankan pengunjung untuk selalu membawa hand sanitizer sendiri,"" tutur Didit.
Penyemprotan disinfektan ke fasilitas publik seperti toilet, kursi taman, dan mobil wisata juga dilakukan dengan frekuensi sesering mungkin.
Selain itu, informasi mengenai protokol kunjungan di kawasan Kebun Raya Eka Karya Bali akan dipampang di titik-titik strategis, serta diinformasikan secara berkala kepada pengunjung.
Kebun Raya Eka Karya Bali memiliki beberapa spot menarik, seperti Taman Paku yang berisi koleksi tanaman-tanaman paku. Lalu ada Taman Surya Nirwana dengan pemandangan indah ke Danau Beratan dan Bukit Pengelengan.
Tiket online
Tiket masuk Kebun Raya Eka Karya Bali dapat dibeli dalam jaringan (online) melalui https://tiketkebunraya.id yang langsung terintegrasi dengan ponsel pintar.
Untuk membeli tiket secara online, harus mendaftar terlebih dahulu dengan klik register pada laman tersebut.
Harga tiket masuk untuk wisatawan domestik Rp 9.000 dan wisatawan asing Rp 17.000.
Tiket masuk mobil juga bisa dibeli secara online, harganya Rp 11.000. Namun kendaraan roda empat hanya diizinkan masuk pada hari Sabtu dan Minggu.
Saat pembelian tiket secara online, dalam web juga terpampang kapasitas total pengunjung pada hari tersebut.
Lokasi
Kebun Raya Eka Karya Bali berada di Jl. Kebun Raya, Candikuning, Kecamatan Baturiti, Tabanan. Tempat ini berlokasi di Bedugul, sekitar 60 kilometer dari Denpasar. (Martha Herlinawati S/Erafzon Saptiyulda AS)


  

    
        Bayangkan seorang anak Indonesia bercita-cita menjadi dokter tetapi hanya memiliki satu buku lusuh untuk belajar. Bersama Ekspedisi Kata ke Nyata Kompas.com, Anda bisa membantu mengubah kisah itu. Mari hadirkan akses literasi bagi anak-anak di berbagai pelosok Indonesia melalui donasi lewat tautan https://bit.ly/JagatLiterasi2026. Setiap kebaikan yang Anda berikan bukan hanya membuka jendela pengetahuan, tetapi juga membuka masa depan mereka.",Kompas.com,"Dajan Peken, 82114, Tabanan, Tabanan, Bali, Indonesia",-8.536609490935,115.13552944186335,5,"2, 7","kejaksaan, kejatibali, kejaritabanan, tabanan, news"
Tabanan Sudah Keluarkan SE PPKM Sejumlah Fasilitas Ini Ditutup Sementara,2021-01-10T08:00:00.000Z,"Kabupaten Tabanan, Bali, Indonesia","Tabanan Sudah Keluarkan SE PPKM, Sejumlah Fasilitas Ini Ditutup Sementara - BALIPOST.com","I Gede Susila. (BP/dok)TABANAN, BALIPOST.com – Sejumlah kabupaten/kota di Bali pada 11 hingga 25 Januari menggelar pemberlakuan pembatasan kegiatan masyarakat (PPKM).","Salah satunya adalah Tabanan.Bupati Tabanan Ni Putu Eka Wiryastuti sudah menindaklanjuti dengan mengeluarkan surat edaran (SE). Penerapannya di lapangan nantinya akan dilaksanakan dengan tegas oleh tim yustisi dalam hal ini Satpol PP bersinergi dengan TNI dan Polri.Surat Edaran Nomor 517/120/BPBD ditujukan kepada Camat se-Kabupaten Tabanan, Perbekel, Bendesa Adat maupun Pengelola Gedung atau Tempat Olahraga.","Pada Hari Minggu , 10 Januari 2021 08:00, Tabanan, Tabanan, Bali

I Gede Susila. (BP/dok)TABANAN, BALIPOST.com – Sejumlah kabupaten/kota di Bali pada 11 hingga 25 Januari menggelar pemberlakuan pembatasan kegiatan masyarakat (PPKM). Salah satunya adalah Tabanan.Bupati Tabanan Ni Putu Eka Wiryastuti sudah menindaklanjuti dengan mengeluarkan surat edaran (SE). Penerapannya di lapangan nantinya akan dilaksanakan dengan tegas oleh tim yustisi dalam hal ini Satpol PP bersinergi dengan TNI dan Polri.Surat Edaran Nomor 517/120/BPBD ditujukan kepada Camat se-Kabupaten Tabanan, Perbekel, Bendesa Adat maupun Pengelola Gedung atau Tempat Olahraga. SE ini mengacu pada Perbup Nomor 44 tahun 2020 tentang disiplin penegakan hukum protokol kesehatan sebagai upaya mencegah penyebaran COVID-19 di Tabanan.Menurut Sekretaris Satgas Penanganan Covid19 Tabanan, I Gede Susila, surat edaran tersebut berisi sejumlah poin pengetatan atau pembatasan kegiatan masyarakat. Sejumlah fasilitas publik di Kabupaten, Kecamatan dan Desa dihentikan sementara atau ditutup.Contohnya, kegiatan atau aktivitas di Gedung Kesenian I Ketut Maria dan Taman Garuda Wisnu Serasi (GWS). Kegiatan atau aktivitas di gedung-gedung atau tempat olahraga juga sementara ini dihentikan atau ditutup.Selain itu, seluruh kegiatan atau aktivitas di wantilan atau balai banjar. Edaran ini berlaku sampai batas waktu yang tidak ditentukan. “Pemberlakukan PKM ini, intinya mempertegas kembali aturan-aturan yang sebelumnya sudah pernah dikeluarkan di Tabanan. Seperti pembatasan kegiatan di fasilitas umum seperti lapangan, gedung dan lain sebagainya,” terangnya.Pembatasan jam operasional pedagang juga kembali diatur. Namun kali ini pembatasannya lebih ketat lagi, dulunya buka sampai pukul 22.00 WITA, mulai tanggal 11 Januari nanti batas maksimalnya sampai pukul 21.00 WITA.Kegiatan upacara adat juga dibatasi seperti sebelumnya. Dia mengakui beberapa waktu belakangan ini memang sempat agak longgar. “Kita juga nanti akan mengeluarkan surat edaran penegasan kembali terkait aturan yang sebelumnya, dan penerapannya di lapangan juga nanti akan dilaksanakan dengan tegas oleh tim yustisi dalam hal ini Satpol PP yang bersinergi dengan TNI dan Polri,” tegasnya. (Puspawati/balipost)",BALIPOST.com,"Dajan Peken, 82114, Tabanan, Tabanan, Bali, Indonesia",-8.536609490935,115.13552944186335,5,"2, 7","kejaksaan, kejatibali, kejaritabanan, tabanan, news"
Pengeragoan Rest Area Lacks of Visitors,2019-06-20T07:00:00.000Z,"Kabupaten Tabanan, Bali, Indonesia",Pengeragoan Rest Area Lacks of Visitors - BALIPOST.com,"NEGARA, BALIPOST.com – Pengeragoan rest area at Pengeragoan village, Pekutatan, has been operating for a long time. Road users, especially cars and motorbikes, prefer to rest around the Yeh Leh, the border between Jembrana and Tabanan.","Actually, the rest area built by the regional government is mostly taken advantage by trucks especially at night until morning.“In early morning, there are many trucks parked here. In the back, a lot of gazebos are usually used to take a break,” said Anom, 46, a road user.","Pada Hari Kamis , 20 Juni 2019 07:00, Tabanan, Tabanan, Bali

NEGARA, BALIPOST.com – Pengeragoan rest area at Pengeragoan village, Pekutatan, has been operating for a long time. Road users, especially cars and motorbikes, prefer to rest around the Yeh Leh, the border between Jembrana and Tabanan. Actually, the rest area built by the regional government is mostly taken advantage by trucks especially at night until morning.“In early morning, there are many trucks parked here. In the back, a lot of gazebos are usually used to take a break,” said Anom, 46, a road user. This condition is also seen on Wednesday morning (Jun. 19). A number of trucks were being parked in the parking lot of the rest area on the Denpasar-Gilimanuk roadside. Despite minimal lighting, many truck drivers choose to park their vehicles temporarily before continuing the journey. “Here, I can rest for a while, sleep can also made down there (beach side). Unfortunately, it is difficult to find merchants,” said Yopi, one of the truck drivers met last Wednesday. Condition of the building and park of the rest area is still sturdy and new. However, there is still a lot of garbage scattered especially in the front of the vehicle parking lot. Some stalls also look open even though the conditions are quiet. One of the three stalls in the rest area is closed. A different situation was seen around Yeh Leh tourist attraction on the border of Jembrana and Tabanan. Stalls on the beach looked crowded with visitors, especially motorists that were resting. The stalls selling food such as chicken meatballs, noodles and young coconut are open until early morning. Almost every time there are road users stopping by or just taking pictures in the border region. “Well, it is better here, over there many trucks are being parked. While here, there are also many merchants,” explained Anik Hariyati, 32, one of the travelers from East Java who stopped at Yeh Leh. This mother of two said she had stopped by the rest area not too far from Yeh Leh. According to her, it’s more comfortable to rest around Yeh Leh. (Surya Darma/balipost)",BALIPOST.com,"Dajan Peken, 82114, Tabanan, Tabanan, Bali, Indonesia",-8.536609490935,115.13552944186335,5,"2, 7","kejaksaan, kejatibali, kejaritabanan, tabanan, news"
Di Tabanan PAS SD Dikerjakan di Rumah,2020-12-02T08:00:00.000Z,"Kabupaten Tabanan, Bali, Indonesia","Di Tabanan, PAS SD Dikerjakan di Rumah - BALIPOST.com","Seorang siswa mengerjakan soal secara tertulis di rumah. (BP/bit)TABANAN, BALIPOST.com – Hampir seluruh tatanan kegiatan masyarakat berubah di masa pandemi COVID-19.","Tak terkecuali di sektor pendidikan.Tidak hanya belajar di rumah, para siswa juga harus menjalani ujian sekolah atau Penilaian Akhir Semester (PAS) di rumah. Berbeda dengan sebelumnya, soal  PAS kini diambil  ke sekolah oleh orangtua siswa, untuk selanjutnya dikerjakan oleh siswa sesuai dengan jadwal ujian yang diberikan oleh sekolah melalui pengumuman lewat grup WhatsApp (WA).Di kabupaten Tabanan, pelaksanaan PAS untuk jenjang SD sudah dimulai Senin (30/11) dan berakhir Sabtu (5/12). Sementara jenjang SMP mengerjakan soal secara daring.Kepala Dinas  Pendidikan Kabupaten Tabanan I Nyoman Putra mengatakan, sesuai aturan,  siswa wajib mengikuti penilaian akhir semester atau sumatif untuk mengetahui hasil dari proses pembelajaran jarak jauh (PJJ).","Pada Hari Rabu , 2 Desember 2020 08:00, Tabanan, Tabanan, Bali

Seorang siswa mengerjakan soal secara tertulis di rumah. (BP/bit)TABANAN, BALIPOST.com – Hampir seluruh tatanan kegiatan masyarakat berubah di masa pandemi COVID-19. Tak terkecuali di sektor pendidikan.Tidak hanya belajar di rumah, para siswa juga harus menjalani ujian sekolah atau Penilaian Akhir Semester (PAS) di rumah. Berbeda dengan sebelumnya, soal  PAS kini diambil  ke sekolah oleh orangtua siswa, untuk selanjutnya dikerjakan oleh siswa sesuai dengan jadwal ujian yang diberikan oleh sekolah melalui pengumuman lewat grup WhatsApp (WA).Di kabupaten Tabanan, pelaksanaan PAS untuk jenjang SD sudah dimulai Senin (30/11) dan berakhir Sabtu (5/12). Sementara jenjang SMP mengerjakan soal secara daring.Kepala Dinas  Pendidikan Kabupaten Tabanan I Nyoman Putra mengatakan, sesuai aturan,  siswa wajib mengikuti penilaian akhir semester atau sumatif untuk mengetahui hasil dari proses pembelajaran jarak jauh (PJJ). “Kami lebih  ingin tahu feedback dari hasil  proses belajar jarak jauh,” kata Nyoman Putra, Senin (2/12).Dijelaskan, dalam proses PAS ini, pihaknya sudah mengirim soal ke masing-masing satuan pendidikan (sekolah). Orangtua siswa mengambil soal tersebut, kemudian oleh siswa dikerjakan di rumah.Orangtua diharapkan mendampangi dengan baik dan benar, namun diharapkan tidak membantu dalam memberi jawaban. “Fungsi orangtua di sini hanya mendampingi dengan baik dan benar, namun tidak membantu memberitahu jawaban,” ucapnya.Sementara untuk SMP, kata mantan Kabag Umum Setwan Tabanan ini, proses PAS ada yang dilakukan secara sistem daring atau luring. Untuk sistem daring, siswa mengerjakan soal dari rumah dengan jaringan internet dan laptop masing-masing.Sementara bagi mereka yang luring, datang ke sekolah mengerjakan soal menggunakan laptop atau komputer sekolah. Bahkan, menurut Nyoman Putra, pelaksanaan PAS ada pula yang dilakukan tertulis oleh sejumlah siswa yang mengalami masalah jaringan. “Tetapi tidak semua siswa dibantu soal tertulis. Yang ngerjakan soal tertulis yang masalah jaringan. Sebagian besar pelaksanaan PAS dilakukan secara daring,” pungkasnya. (Puspawati/balipost)",BALIPOST.com,"Dajan Peken, 82114, Tabanan, Tabanan, Bali, Indonesia",-8.536609490935,115.13552944186335,5,"2, 7","kejaksaan, kejatibali, kejaritabanan, tabanan, news"
Desa Adat Tabanan Tiadakan Pawai Ogohogoh,2020-03-19T07:00:00.000Z,"Kabupaten Tabanan, Bali, Indonesia",Desa Adat Tabanan Tiadakan Pawai Ogoh-ogoh - BALIPOST.com,"Ogoh-ogoh pada perayaan Nyepi. (BP/dok)TABANAN, BALIPOST.com – Desa Adat Kota Tabanan akhirnya memutuskan untuk menunda kegiatan pengarakan atau pawai ogoh-ogoh pada malam Pengerupukan, Selasa (24/3).","Hal ini sesuai hasil paruman dan koordinasi yang dilaksanakan Rabu (1.8/3) terkait menindaklanjuti Surat Edaran Bersama PHDI Provinsi Bali, MDA Provinsi Bali, dan Pemerintah Provinsi Bali, terkait dengan Pelaksanaan Rangkaian Hari Suci Nyepi Tahun Caka 1942.Bendesa Adat Kota Tabanan I Gusti Gede Ngurah Siwa Genta mengatakan pelaksanaan Ogoh-ogoh akan dilaksanakan setelah siaga COVID-19 ini selesai dan atau dinyatakan aman oleh pemerintah. Nantinya akan dikemas dalam bentuk event seperti parade budaya.Terkait keputusan ini, pihaknya mengimbau agar para Yowana bisa dapat memahami dan tetap menyelesaikan ogoh-ogoh yang telah mereka buat.","Pada Hari Kamis , 19 Maret 2020 07:00, Tabanan, Tabanan, Bali

Ogoh-ogoh pada perayaan Nyepi. (BP/dok)TABANAN, BALIPOST.com – Desa Adat Kota Tabanan akhirnya memutuskan untuk menunda kegiatan pengarakan atau pawai ogoh-ogoh pada malam Pengerupukan, Selasa (24/3). Hal ini sesuai hasil paruman dan koordinasi yang dilaksanakan Rabu (1.8/3) terkait menindaklanjuti Surat Edaran Bersama PHDI Provinsi Bali, MDA Provinsi Bali, dan Pemerintah Provinsi Bali, terkait dengan Pelaksanaan Rangkaian Hari Suci Nyepi Tahun Caka 1942.Bendesa Adat Kota Tabanan I Gusti Gede Ngurah Siwa Genta mengatakan pelaksanaan Ogoh-ogoh akan dilaksanakan setelah siaga COVID-19 ini selesai dan atau dinyatakan aman oleh pemerintah. Nantinya akan dikemas dalam bentuk event seperti parade budaya.Terkait keputusan ini, pihaknya mengimbau agar para Yowana bisa dapat memahami dan tetap menyelesaikan ogoh-ogoh yang telah mereka buat. “Ogoh-ogoh adik Yowana supaya tetap diselesaikan kemudian disimpan dengan rapi, juga disemprot dengan desinfektan, nanti jika kondosi sudah aman terhadap COVID-19, segera kita laksanakan parade budaya/ogoh ogohnya,” terangnya, Kamis (19/3).Selain perihal pengarakan ogoh-ogoh, keputusan lainnya yang telah disepakati terkait dengan pencegahan penyebaran virus COVID-19, yakni rangkaian upacara Pemelastian.Untuk Pemargi Nedunang di soang-soang Khayangan memargi jam 16.00 Wita. Pemelastian dilaksanakan dengan menggunakan kendaraan yang dilakukan oleh masing-masing penanggap yang diatur oleh Prajuru Desa. “Pemargi Palelastian tetep sekadi sane sampun-sampun,” terangnya. (Puspawati/balipost)",BALIPOST.com,"Dajan Peken, 82114, Tabanan, Tabanan, Bali, Indonesia",-8.536609490935,115.13552944186335,5,"2, 7","kejaksaan, kejatibali, kejaritabanan, tabanan, news"
Video Jadi Klaster COVID19 di Tabanan Manajemen RS Wisma Prashanti Angkat Bicara,2020-06-26T07:00:00.000Z,"Kabupaten Tabanan, Bali, Indonesia","Video: Jadi Klaster COVID-19 di Tabanan, Manajemen RS Wisma Prashanti Angkat Bicara - BALIPOST.com","TABANAN, BALIPOST.com – Manajemen RS Wisma Prashanti akhirnya angkat bicara mengenai penyebab RS tersebut menjadi klaster COVID-19. Direktur Utama, dr.","I Made Surya Agung, MARS, Jumat (26/6), mengakui, ada protokol kesehatan yang dilanggar sehingga terjadi penularan virus. Fatalnya, pelanggaran itu justru dilakukan oleh orang yang diharapkan ikut berperan dalam memutus mata rantai COVID-19.Dirut didampingi Kepala bidang pelayanan medis dan keperawatan dr.","Pada Hari Jumat , 26 Juni 2020 07:00, Tabanan, Tabanan, Bali

TABANAN, BALIPOST.com – Manajemen RS Wisma Prashanti akhirnya angkat bicara mengenai penyebab RS tersebut menjadi klaster COVID-19. Direktur Utama, dr. I Made Surya Agung, MARS, Jumat (26/6), mengakui, ada protokol kesehatan yang dilanggar sehingga terjadi penularan virus. Fatalnya, pelanggaran itu justru dilakukan oleh orang yang diharapkan ikut berperan dalam memutus mata rantai COVID-19.Dirut didampingi Kepala bidang pelayanan medis dan keperawatan dr. Ni Nyoman Astriningsih tegas menjamin protokol kesehatan di rumah sakit dilakukan dengan ketat bahkan berlapis. Sehingga masyarakat yang ingin berobat tidak perlu merasa khawatir ataupun cemas lagi.Bahkan untuk protokol kesehatan ini sudah dilakukan pasca mewabahnya COVID19, mulai dari screening di pintu masuk rumah sakit seperti pengecekan suhu tubuh dan cuci tangan, penataan ruangan front office diberi sekat untuk tidak bersentuhan langsung, dan petugas yang telah dilengkapi Alat Pelindung Diri (APD) mulai dari level 1 sampai dengan level 3 disesuaikan dengan beban tugas mereka masing-masing. “Kami juga ada Poli Screening. Di sini pasien yang baru masuk dan akan rawat inap dilakukan rapid test terlebih dahulu, jika hasilnya reaktif maka pasien bersangkutan akan dirujuk ke RS rujukan, yakni di RSUD Tabanan atau di UPTD RS Nyitdah, karena kami bukan rumah sakit rujukan,” terangnya.Meski demikian pihaknya juga telah menyediakan ruang isolasi dengan 7 tempat tidur, untuk mengantisipasi lonjakan pasien reaktif di Poli Screening. Tentunya lokasinya terpisah dengan ruang rawat inap pasien umum lengkap dengan petugas ber APD sesuai dengan level yang dibutuhkan.“Jujur saja penemuan kasus reaktif di rumah sakit kami sangat tinggi, karena kami menjalankan SOP dan protokol kesehatan yang ada. Jika ada yang reaktif kami langsung koordinasi dengan Gugus Tugas dan merujuk pasien tersebut ke RS rujukan COVID, jadi tidak sampai masuk ke areal dalam di ruangan rawat inap rumah sakit,” ujarnya.Dan yang perlu dipahami, lanjutnya, hasil reaktif pada rapid test belum tentu positif COVID-19 sebelum pasien dilakukan swab test  “Reaktif kebanyakan karena kasus infeksi,” terangnya.Dan terkait kasus yang sebelumnya terjadi akibat ada protokol yang dilanggar karena menggunakan power bargaining, manajemen Wisma Prashanti juga sudah berkoordinasi dengan GTPP COVID-19 Tabanan. Dalam pertemuan tersebut, Ketua Harian GTPP Tabanan yang juga selaku ketua Sekda Tabanan bahkan mengatakan tidak segan akan menurunkan Satpol PP jika ada lagi pihak-pihak yang melanggar SOP ataupun protokol kesehatan alias ‘memengkung’.Sementara itu ditambahkan oleh Kepala Bidang Pelayanan Medis dan Keperawatan dr. Ni Nyoman Astriningsih, menindaklanjuti kasus yang terjadi sebelumnya, pihaknya sudah langsung melakukan rapid test massal. Dari 200 tenaga kesehatan dan karyawan hasilnya nonreakltif. “Kami juga melakukan tracking pencarian kronologis, didapatkan 60 orang kontak erat terhadap pasien ini, dan sudah dilakukan swab, benar ditemukan 3 orang tenaga kesehatan terkonfirmasi positif. Karena tenaga medis memang memiliki risiko tinggi terpapar, namun mereka dalam kondisi stabil tanpa gejala. Ketiganya sudah diisolasi di RS rujukan dan hasil swab sudah kami terima semua negatif,” ucapnya.Dan dari pantauan di rumah sakit, sejumlah pasien pun mengaku tidak khawatir untuk tetap berobat ke RS Wisma Prashanti. Mereka meyakini, protokol kesehatan yang dilakukan pihak rumah sakit sudah sangat ketat.Terkait kewaspadaan terhadap penyebaran virus COVID-19, mereka sudah melakukan anjuran pemerintah dan pihak rumah sakit seperti cuci tangan dan menggunakan masker serta penerapan social distancing. (Puspawati/balipost)",BALIPOST.com,"Dajan Peken, 82114, Tabanan, Tabanan, Bali, Indonesia",-8.536609490935,115.13552944186335,5,"2, 7","kejaksaan, kejatibali, kejaritabanan, tabanan, news"
Awasi Peredaran Truk Pengangkut Penjual LPG 3 Kg Ditempeli Stiker,2018-05-06T07:00:00.000Z,"Kabupaten Tabanan, Bali, Indonesia","Awasi Peredaran, Truk Pengangkut Penjual LPG 3 Kg Ditempeli Stiker - BALIPOST.com","Untuk mengawasi penjualan LPG 3 Kg, Pertamina menerapkan peraturan baru dimana truk pengangkut harus ditempeli stiker yang berisi identitas nama Agen dan nomor barcode. (BP/san)TABANAN, BALIPOST.com – Kebutuhan masyarakat yang masih tinggi akan LPG ukuran 3 kilogram membuat peredaran tabung gas berwarna hijau ini diawasi ketat agar tidak disalahgunakan.","Tabanan sendiri tahun ini kouta tabung LPG 3 kg nya mengalami peningkatan sebanyak dua persen. Untuk mengawasi agar kouta ini tidak keluar dari wilayah Tabanan atau dijual ke daerah lain, pihak Pertamina saat ini mengharuskan seluruh agen untuk menempelkan stiker identitas pada truk pengangkut dari pangkalannya.Bagi truk pengangkut yang tidak ditempeli stiker akan diberikan sanksi oleh Pertamina.","Pada Hari Minggu , 6 Mei 2018 07:00, Tabanan, Tabanan, Bali

Untuk mengawasi penjualan LPG 3 Kg, Pertamina menerapkan peraturan baru dimana truk pengangkut harus ditempeli stiker yang berisi identitas nama Agen dan nomor barcode. (BP/san)TABANAN, BALIPOST.com – Kebutuhan masyarakat yang masih tinggi akan LPG ukuran 3 kilogram membuat peredaran tabung gas berwarna hijau ini diawasi ketat agar tidak disalahgunakan. Tabanan sendiri tahun ini kouta tabung LPG 3 kg nya mengalami peningkatan sebanyak dua persen. Untuk mengawasi agar kouta ini tidak keluar dari wilayah Tabanan atau dijual ke daerah lain, pihak Pertamina saat ini mengharuskan seluruh agen untuk menempelkan stiker identitas pada truk pengangkut dari pangkalannya.Bagi truk pengangkut yang tidak ditempeli stiker akan diberikan sanksi oleh Pertamina. Kepala Pelaksana Tim Pengendali Inflasi Daerah (TPID) Tabanan, I Gusti Putu Ekayana, Minggu (6/5) mengatakan mulai tahun 2018 ini kouta LPG 3 kg di Tabanan naik dua persen atau menjadi 18.426 tabung. Ia juga menambahkan harga LPG yang dibeli oleh agen ke Pertamina mengalami kenaikan Rp 250 yaitu dari Rp 13.300 menjadi 13.550.Kenaikan harga pembelian LPG 3 kg di tingkat agen ini menurut Ekayana tidak mempengaruhi harga jual di Agen yaitu tetap sesuai HET (Harga Eceran Tertinggi) yaitu Rp 14.500.Hal terbaru yang juga diterapkan tahun 2018 dalam hal pengawasan distribusi LPG 3 kg lanjut Ekayana adalah penempelan stiker pada truk pengakut LPG 3 kilogram. Dijelaskan Ekayana setiap agen memiliki pangkalan masing-masing. Setiap pangkalan ini memiliki truk pengangkut. Pada truk pengangkut inilah harus ditempeli stiker yang tertera nama agen resmi penyalur tabung 3 kilogram. Jika pada truk tidak terpasang stiker, hal ini dianggap tidak resmi dan agen yang melakukan keteledoran kata Ekayana akan mendapatkan sanksi dari Pertamina. ‘’Sanksinya berupa sanksi admin dari Pertamina,’’ papar Ekayana.Adanya stiker ini menurutnya adalah sebagai cara agar distribusi LPG 3 kilogram tidak keluar ke daerah lain. Sebab, menurut Ekayana setiap daerah memiliki kouta masing-masing dan sudah diperhitungkan sesuai kebutuhan masyarakatnya. Jika ada kouta yang keluar tentu kebutuhan LPG 3 kilogram di suatu daerah akan menjadi terganggu dan menimbulkan kelangkaan. Karenanya dengan adanya stiker, masyarakat bisa tahu darimana LPG 3 kilogram tersebut berasal sehingga bisa dilaporkan jika menjualnya diluar daerah yang tidak sesuai dengan  informasi di stiker yang tercantum.‘’Misalkan tertulis agen yang beralamatkan di Tabanan, tetapi truknya menurunkan LPG 3 kilogram di Singaraja. Ini bisa dilaporkan dan mendapatkan sanksi,’’ jelas Ekayana.Untuk saat ini menjelang Galungan dan Kuningan menurut Ekayana tidak ada kelangkaan stok LPG 3 kilogram. Meski diakuinya harga ditingkat pengecer masih di atas HET atau berkisar antara Rp 18.000 hingga Rp 20.000. ‘’Harga di pengecer memang belum bisa sesuai harga HET karena perdagang memperhitungkan biaya tranpostrasi dan lainnya. Tetapi jika masyarakat ingin membeli LPG 3 kg sesuai harga HET bisa langsung membeli ke pangkalan atau agen atau SPBU yang juga menjual tabung gas,’’ ujarnya. (wira sanjiwani/balipost)",BALIPOST.com,"Dajan Peken, 82114, Tabanan, Tabanan, Bali, Indonesia",-8.536609490935,115.13552944186335,5,"2, 7","kejaksaan, kejatibali, kejaritabanan, tabanan, news"
Jadwal PTS Semester II Diundur Disdik Tabanan Tunggu Keputusan Satgas,2022-03-06T08:00:00.000Z,"Kabupaten Tabanan, Bali, Indonesia","Jadwal PTS Semester II Diundur, Disdik Tabanan Tunggu Keputusan Satgas - BALIPOST.com","Kepala dinas pendidikan Tabanan, I Gusti Putu Ngurah Darma Utama. (BP/Bit)TABANAN, BALIPOST.com – Penilaian Tengah Semester (PTS) semester II tahun ajaran 2021/2022 di kabupaten Tabanan yang sejatinya digelar mulai tanggal 8 sampai 10 Maret 2022 mendatang terpaksa diundur.","Ini dikarenakan masih tingginya angka kasus Covid-19 selama sepekan terakhir.Dinas Pendidikan kabupaten Tabanan pun sampai saat ini masih menunggu instruksi lebih lanjut dari Satgas Provinsi untuk skema pelaksanaan PTS nantinya. Kepala dinas pendidikan Tabanan, I Gusti Putu Ngurah Darma Utama mengatakan, untuk pelaksanaan PTS semester II tahun 2022 ini diundur mulai tanggal 10 sampai dengan 12 Maret 2022 mendatang atau melihat perkembangan lebih lanjut kasus COVID-19 di Tabanan.Bahkan untuk keputusan ini pihaknya sudah menginformasikan pada seluruh jajarannya untuk dilanjutkan ke satuan pendidikan masing-masing khususnya SD dan SMP yang merupakan kewenangan kabupaten.","Pada Hari Minggu , 6 Maret 2022 08:00, Tabanan, Tabanan, Bali

Kepala dinas pendidikan Tabanan, I Gusti Putu Ngurah Darma Utama. (BP/Bit)TABANAN, BALIPOST.com – Penilaian Tengah Semester (PTS) semester II tahun ajaran 2021/2022 di kabupaten Tabanan yang sejatinya digelar mulai tanggal 8 sampai 10 Maret 2022 mendatang terpaksa diundur. Ini dikarenakan masih tingginya angka kasus Covid-19 selama sepekan terakhir.Dinas Pendidikan kabupaten Tabanan pun sampai saat ini masih menunggu instruksi lebih lanjut dari Satgas Provinsi untuk skema pelaksanaan PTS nantinya. Kepala dinas pendidikan Tabanan, I Gusti Putu Ngurah Darma Utama mengatakan, untuk pelaksanaan PTS semester II tahun 2022 ini diundur mulai tanggal 10 sampai dengan 12 Maret 2022 mendatang atau melihat perkembangan lebih lanjut kasus COVID-19 di Tabanan.Bahkan untuk keputusan ini pihaknya sudah menginformasikan pada seluruh jajarannya untuk dilanjutkan ke satuan pendidikan masing-masing khususnya SD dan SMP yang merupakan kewenangan kabupaten. “Iya benar, pelaksanaannya diundur mulai tanggal 10 sampai 12 Maret,” terangnya, dikonfirmasi, Minggu (6/3).Terkait teknis pelaksanaannya apakah dilakukan kembali dengan tatap muka atau dilakukan secara daring, lanjut mantan Kadis perhubungan ini mengatakan masih menunggu keputusan satgas. Karena tentunya dalam tiap pengambilan kebijakan, Satgas harus memperhitungkan perkembangan yang ada di daerah. “Masih kita tunggu dulu keputusan satgas, jadi kami belum tahu apakah tatap muka atau daring, yang jelas anak-anak atau siswa diharapkan menggunakan waktu luang di rumah untuk terus meningkatkan pembelajaran mereka,” ucapnya.Hal senada juga disampaikan Sekda Tabanan, I Gede Susila yang mengaku sejauh ini belum tahu terkait teknis pelaksanaan PTS untuk jenjang SD dan SMP. Yang jelas dikatakannya, daerah hanya menunggu instruksi lebih lanjut dari Satgas Provinsi Bali. “Kita tunggu arahan dari Propinsi Bali, kalau diminta tatap muka kami siap, kalau harus daring juga siap, apapun keputusannya tentu di daerah harus mengikuti,” jelasnya. (Puspawati/balipost)",BALIPOST.com,"Dajan Peken, 82114, Tabanan, Tabanan, Bali, Indonesia",-8.536609490935,115.13552944186335,5,"2, 7","kejaksaan, kejatibali, kejaritabanan, tabanan, news"
7 Tempat Wisata Keluarga di Tabanan Bali Mampir Kebun Bunga,2022-09-21T07:00:00.000Z,"Kabupaten Tabanan, Bali, Indonesia","7 Tempat Wisata Keluarga di Tabanan Bali, Mampir Kebun Bunga - Kompas.com","KOMPAS.com - Menghabiskan waktu liburan dengan mengunjungi tempat-tempat wisata di Tabanan bisa menjadi alternatif yang menarik, termasuk jika pergi bersama keluarga.
Jika pergi ke Bali naik pesawat, Kabupaten Tabanan tak begitu jauh dari Bandara I Gusti Ngurah Rai jika ditempuh menggunakan kendaraan. Jaraknya sekitar 30 kilometer, tergantung lokasi wisata yang dituju.","Untuk mencapainya hanya butuh waktu sekitar 1,5 jam.Baca juga: 28 Tempat Wisata Tabanan, Banyak Destinasi Liburan Keluarga
Sementara jika pergi naik mobil, misalnya berangkat dari Pulau Jawa kemudian menyebrang lewat Pelabuhan Ketapang ke Pelabuhan Gilimanuk, beberapa area di Tabanan juga relatif mudah diakses karena berada di kawasan Bali Barat.
Bagi kamu yang pergi liburan bersama keluarga, berikut beberapa pilihan tempat wisata keluarga di Tabanan Bali yang dapat dikunjungi.
Tempat wisata keluarga di Tabanan Bali
1. Tasta zoo
INSTAGRAM @tastazoo Tasta Zoo




Kebun binatang sering kali dijadikan destinasi edukasi seputar satwa, termasuk satwa-satwa liar dan langka yang mungkin tak pernah kita temui pada kehidupan sehari-hari.
Tasta Zoo adalah kebun binatang dan area konservasi yang berlokasi di Br Tegeh, Angseri, Kecamatan Baturiti, Tabanan.
Tak hanya berkeliling melihat koleksi satwanya, pengunjung juga bisa berinteraksi dengan sejumlah satwa, serta berfoto ria dengan latar patung-patung satwa dan Instagramable spot lainnya.
Baca juga: 25 Wisata Bali yang Populer dan Unik, Pas buat Libur Panjang 
Harga tiket masuk Tasta Zoo bagi wisatawan domestik adalah Rp 60.000 pada hari biasa dan Rp 70.000 pada akhir pekan.
Sementara bagi wisatawan mancanegara, harga tiket masuknya Rp 120.000 pada hari biasa dan Rp 200.000 pada akhir pekan.
Tasta Zoo buka pukul 09.00-17.00, dengan waktu check in terakhir pukul 16.30.

2.","Pada Hari Rabu , 21 September 2022 07:00, Tabanan, Tabanan, Bali

KOMPAS.com - Menghabiskan waktu liburan dengan mengunjungi tempat-tempat wisata di Tabanan bisa menjadi alternatif yang menarik, termasuk jika pergi bersama keluarga.
Jika pergi ke Bali naik pesawat, Kabupaten Tabanan tak begitu jauh dari Bandara I Gusti Ngurah Rai jika ditempuh menggunakan kendaraan. Jaraknya sekitar 30 kilometer, tergantung lokasi wisata yang dituju. Untuk mencapainya hanya butuh waktu sekitar 1,5 jam.Baca juga: 28 Tempat Wisata Tabanan, Banyak Destinasi Liburan Keluarga
Sementara jika pergi naik mobil, misalnya berangkat dari Pulau Jawa kemudian menyebrang lewat Pelabuhan Ketapang ke Pelabuhan Gilimanuk, beberapa area di Tabanan juga relatif mudah diakses karena berada di kawasan Bali Barat.
Bagi kamu yang pergi liburan bersama keluarga, berikut beberapa pilihan tempat wisata keluarga di Tabanan Bali yang dapat dikunjungi.
Tempat wisata keluarga di Tabanan Bali
1. Tasta zoo
INSTAGRAM @tastazoo Tasta Zoo




Kebun binatang sering kali dijadikan destinasi edukasi seputar satwa, termasuk satwa-satwa liar dan langka yang mungkin tak pernah kita temui pada kehidupan sehari-hari.
Tasta Zoo adalah kebun binatang dan area konservasi yang berlokasi di Br Tegeh, Angseri, Kecamatan Baturiti, Tabanan.
Tak hanya berkeliling melihat koleksi satwanya, pengunjung juga bisa berinteraksi dengan sejumlah satwa, serta berfoto ria dengan latar patung-patung satwa dan Instagramable spot lainnya.
Baca juga: 25 Wisata Bali yang Populer dan Unik, Pas buat Libur Panjang 
Harga tiket masuk Tasta Zoo bagi wisatawan domestik adalah Rp 60.000 pada hari biasa dan Rp 70.000 pada akhir pekan.
Sementara bagi wisatawan mancanegara, harga tiket masuknya Rp 120.000 pada hari biasa dan Rp 200.000 pada akhir pekan.
Tasta Zoo buka pukul 09.00-17.00, dengan waktu check in terakhir pukul 16.30.

2. Kebun Raya Bali
DOK KEBUN RAYA BALI Piknik di Kebun Raya Bali.
Jika mencari wisata alam, Tabanan memiliki banyak destinasi yang dapat dikunjungi.
Salah satu destinasi alam yang cocok dikunjungi bersama keluarga adalah Kebun Raya Bali.
Lokasinya ada di Jalan Kebun Raya, Candikuning, Kecamatan Baturiti, Kabupaten Tabanan, Bali.
Dikutip dari Kompas.com (01/09/2022), koleksi tanaman bisa kamu lihat dengan mengunjungi area seperti Taman Rhododendron, Taman Anggrek, Rumah Kaca Kaktus, Taman Aquatik, dan lainnya.
Baca juga: Seharian di Kebun Raya Bali, Bisa Apa Saja?
Tak hanya berkeliling melihat koleksi tanaman, pengunjung juga bisa santai di rerumputan sambil melihat pemandangan danau dan perbukitan di sekitar, atau bahkan menyewa spot piknik dan barbeque agar kebersamaan semakin terasa.
Jika lelah berjalan kaki untuk mengelilingi area kebun, kamu bisa memilih naik shuttle bus, sepeda, atau bahkan skuter.

3. Desa Coklat Bali
DOK DESA COKLAT BALI Desa Coklat Bali
Mengetahui proses pengolahan coklat, mulai dari penanaman, pengolahan di pabrik, hingga menyantapnya atau membawa pulang produk coklat menjadi aktivitas menarik yang bisa dijajal bersama keluarga.
Jika penasaran, kamu dan keluarga bisa mampir ke Desa Coklat Bali.
Lokasinya berada di Jalan Raya Marga-Apuan, Km 7, Desa Cau, Kabupaten Tabanan.
""Ini adalah agro-eduwisata, di mana kita juga belajar antara coklat dan Bali. Untuk coklatnya, kami mengenalkan tentang proses kakao menjadi coklat, baik dari proses awal -kami sebutnya bibit, sampai dikonsumsi,"" kata CEO CAU Chocolate Bali, Kadek Surya Prasetya Wiguna kepada Kompas.com, Jumat (26/08/2022).
Baca juga: 5 Aktivitas di Desa Coklat Bali, Seharian Jadi Petani Kakao
Setelah lelah berkeliling, pengunjung bisa santai di restorannya dan mencicipi berbagai menu, termasuk menu berbahan dasar coklat.
Beberapa menu berbahan dasar coklat yang jadi favorit antara lain Raw Cacao Ice Cream, Fruity Cacao Pizza, dan beragam menu minuman coklat.
4. The Blooms Garden
SITUS THE BLOOMS GARDEN The Blooms Garden merupakan salah satu tempat wisata dekat Kebun Raya Bali, Tabanan.Mampir ke taman rekreasi seluas 4,5 hektar, yakni The Blooms Garden, juga bisa dimasukkan ke dalam daftar wisata keluarga di Tabanan yang menarik untuk dikunjungi.
Dikutip dari Kompas.com (04/09/2022), destinasi ini memiliki beberapa area taman bunga yang menonjolkan ciri khas masing-masing. Taman-taman tersebut di antaranya Taman Belanda, Taman Cinta, Taman Dewi Danu, Taman Oval, dan lainnya.
Baca juga: 5 Tempat Wisata Dekat Kebun Raya Bali
Di Taman Belanda, misalnya, penunjung bisa menemukan ornamen dua kincir yang merupakan ikon negara Belanda. Selain mengeksplorasi taman bunga, ada pula aktivitas lain seperti naik ATV, main di playground anak, kulineran di restoran, dan lainnya.
The Blooms Garden berlokasi di Desa Batusea, Kecamatan Baturiti, Tabanan.
Harga tiket masuknya Rp 30.000 untuk dewasa dan Rp 15.000 untuk anak usia 5-12 tahun.
5. Taman Kupu-kupu
SHUTTERSTOCK/GALINA SAVINA Taman Kupu-kupu Bali
Destinasi wisata keluarga di Tabanan lainnya adalah Taman Kupu-kupu, yang berlokasi di Jalan Batukaru, Desa Sesandan, Kecamatan Penebel, Tabanan.
Dikutip dari Kompas.com, (20/09/2022), meski dinamai ""kupu-kupu"", namun destinasi yang berdiri sejak 1996 silam ini tak hanya menghadirkan beragam jenis kupu-kupu. Dikutip dari Tribun Bali, Taman Kupu-kupu turut menghadirkan serangga lain, seperti belalang kayu, kumbang tanduk, hingga tarantula.
Baca juga: 10 Rute Penerbangan Domestik Tersibuk di Dunia, Ada Jakarta-Bali
Untuk menuju ke destinasi ini, pengunjung perlu menempuh perjalanan sekitar 1,5 jam dari bandara atau 40 kilometer.

6. Sila's Agrotourism
SITUS THE SILA'S ARGOTOURISM Area bermain anak di The SILA's Agrotourism, salah satu tempat wisata dekat Kebun Raya Bali.
Sila's Arotourism adalah destinasi lainnya di Tabanan yang dapat dikunjungi bersama keluarga.
Selain memyediakan area rekreasi, tempat ini juga menjadi tempat pendidikan, sekaligus program pelatihan Sumber Daya Manusia (SDM) yang berdiri di atas lahan seluas 10 hektar.
Dikutip dari Kompas.com, beberapa aktivitas luar ruang yang bisa dijajal antara lain berkemah, outbound, flying fox, ATV, mini trail, berkuda, paintball, trekking, bersepeda, dan lainnya.
Baca juga: 6 Tempat Melihat Sunset di Bali, Ada yang Terbaik di Dunia
Jika sekadar ingin bersantai sambil menikmati udara sejuk dan panorama danau serta perbukitan yang menakjubkan, kamu juga bisa duduk di coffee shop yang tersedia sambil memesan menu yang ada di sana.
Untuk tamu yang ingin bermalam bisa coba menginap di Hobbiton dengan harga mulai dari Rp 200.000 per orang per malam, sudah termasuk tempat tidur, sleeping bag, perlengkapan mandi, sarapan, serta perapian.
7. Pantai Pasut
SITUS PEMERINTAH KABUPATEN TABANAN Pantai Pasut di Kabupaten Tabanan, Bali.
Liburan ke Bali, rasanya kurang sah jika tidak mampir ke pantai. 
Tabanan memiliki beberapa pantai yang bisa dikunjungi, dengan karakteristik dan keunikannya masing-masing.
Salah satu pantai populer di Tabanan adalah Tanah Lot atau Pura Tanah Lot, kemudian ada pula Pantai Kedungu, Pantai Soan Galuh, Pantai Kelecung, Pantai Kelating, dan lainnya.
Baca juga: 9 Wisata Pantai di Tabanan Bali, Tak Cuma Tanah Lot
Jika mencari pantai yang dapat dijadikan tempat wisata keluarga, Pantai Pasut bisa jadi pilihan.
Ombak di pantai ini relatif tidak tinggi, sehingga cukup aman untuk dijadikan tempat berenang atau snorkeling.
Selain untuk berenang atau snorkeling, pengunjung pantai berpasir hitam lembut ini bisa bersantai sambil berjemur, bermain pasir, berolahraga, atau berburu foto.
Lokasi Pantai Pasut ada di Jalan Raya Pasut, Desa Tibubiu, Kecamatan Kerambitan, Kabupaten Tabanan.



    
        Bayangkan seorang anak Indonesia bercita-cita menjadi dokter tetapi hanya memiliki satu buku lusuh untuk belajar. Bersama Ekspedisi Kata ke Nyata Kompas.com, Anda bisa membantu mengubah kisah itu. Mari hadirkan akses literasi bagi anak-anak di berbagai pelosok Indonesia melalui donasi lewat tautan https://bit.ly/JagatLiterasi2026. Setiap kebaikan yang Anda berikan bukan hanya membuka jendela pengetahuan, tetapi juga membuka masa depan mereka.",Kompas.com,"Dajan Peken, 82114, Tabanan, Tabanan, Bali, Indonesia",-8.536609490935,115.13552944186335,5,"2, 7","kejaksaan, kejatibali, kejaritabanan, tabanan, news"
Kombinasi Pertanian dan Pariwisata Jadi Keunggulan Tabanan di Bali,2023-06-24T07:00:00.000Z,"Kabupaten Tabanan, Bali, Indonesia","Kombinasi Pertanian dan Pariwisata, Jadi Keunggulan Tabanan di Bali - Kompas.com","KOMPAS.com - Kabupaten Tabanan di Provinsi Bali berupaya menggabungkan potensi daerah mereka yaitu pertanian, dengan sektor pariwisata.
Cara ini menjadi salah satu langkah strategis untuk memanfaatkan kekuatan Tabanan di sektor pertanian, seperti disampaikan oleh Bupati Tabanan I Komang Gede Sanjaya.“Jadi kalau kami membajak sawah, bagaimana kearifan lokal para pekerja di sawah bisa (sekaligus) menjadi atraksi pariwisata. Begitu juga saat aktivitas (biji) kopi dipetik, bisa jadi atraksi, itulah bonusnya,” kata Sanjaya saat ditemui di kantor Kompas Gramedia Jakarta, Jumat (23/6/2023).
Baca juga: Tabanan, Lumbung Padinya Bali dengan Keindahan Alam Lengkap
Untuk beberapa aktivitas, seperti melihat proses membajak sawah sampai memetik biji kopi, wisatawan mancanegara sampai rela membayar.
Lebih lanjut, Sanjaya menjelaskan, pariwisata mencakup makna yang luas.","Bukan hanya sekadar mengunjungi tempat wisata yang indah, tetapi juga menikmati atau bahkan mencoba pengalaman unik.





Oleh karena itu, ia menilai aktivitas yang berkaitan dengan pertanian sebagai sektor paling utama di Tabanan, bisa dijadikan sebagai sarana wisata sekaligus.
“Jadi pariwisata sebagai daya dukung pertanian itu. Sektor pertanian sebagai hulu, dan bonusnya pariwisata,” ungkapnya.
Tabanan yang kaya keindahan alam
Menurut Sanjaya, Tabanan agak berbeda dari kabupaten atau kota lainnya di Bali karena lebih fokus bergerak pada bidang pertanian.
“Hampir 75 persen masyarakat Tabanan bergerak di pertanian.","Pada Hari Sabtu , 24 Juni 2023 07:00, Tabanan, Tabanan, Bali

KOMPAS.com - Kabupaten Tabanan di Provinsi Bali berupaya menggabungkan potensi daerah mereka yaitu pertanian, dengan sektor pariwisata.
Cara ini menjadi salah satu langkah strategis untuk memanfaatkan kekuatan Tabanan di sektor pertanian, seperti disampaikan oleh Bupati Tabanan I Komang Gede Sanjaya.“Jadi kalau kami membajak sawah, bagaimana kearifan lokal para pekerja di sawah bisa (sekaligus) menjadi atraksi pariwisata. Begitu juga saat aktivitas (biji) kopi dipetik, bisa jadi atraksi, itulah bonusnya,” kata Sanjaya saat ditemui di kantor Kompas Gramedia Jakarta, Jumat (23/6/2023).
Baca juga: Tabanan, Lumbung Padinya Bali dengan Keindahan Alam Lengkap
Untuk beberapa aktivitas, seperti melihat proses membajak sawah sampai memetik biji kopi, wisatawan mancanegara sampai rela membayar.
Lebih lanjut, Sanjaya menjelaskan, pariwisata mencakup makna yang luas. Bukan hanya sekadar mengunjungi tempat wisata yang indah, tetapi juga menikmati atau bahkan mencoba pengalaman unik.





Oleh karena itu, ia menilai aktivitas yang berkaitan dengan pertanian sebagai sektor paling utama di Tabanan, bisa dijadikan sebagai sarana wisata sekaligus.
“Jadi pariwisata sebagai daya dukung pertanian itu. Sektor pertanian sebagai hulu, dan bonusnya pariwisata,” ungkapnya.
Tabanan yang kaya keindahan alam
Menurut Sanjaya, Tabanan agak berbeda dari kabupaten atau kota lainnya di Bali karena lebih fokus bergerak pada bidang pertanian.
“Hampir 75 persen masyarakat Tabanan bergerak di pertanian. Kami masyarakat agraris, 25 persennya baru pariwisata,” ujar dia.Baca juga: Pantai Nyanyi Tabanan Bali: Jam Buka, Tiket Masuk, dan Aktivitas
Kendati tidak berfokus utama pada pariwisata, Sanjaya menjelaskan bahwa bentang alam di Tabanan merupakan salah satu yang terlengkap di Bali. Mulai dari pantai, gunung, sawah, hingga danau, semua dimiliki oleh Tabanan.
“Tabanan ada gunung, danau Beratan itu atraksi yang baik sekali. Kami juga punya sawah sebagai heritage, sawah abadi,” kata dia.
Namun, ia mengakui bahwa sampai saat ini, pantai dan pura di Tanah Lot masih menjadi daya tarik utama bagi wisatawan domestik maupun mancanegara.
UNSPLASH/NICK FEWINGS Pura Tanah Lot, salah satu kawasan wisata pantai di Tabanan, Bali. Berikut nama-nama bulan dalam Kalender Saka Bali.
“Sampai saat ini kunjungan terbanyak yang dikunjungi adalah Tanah Lot. Kalau ada pura di tengah laut, pasti Tanah Lot,” terangnya.
Selain Tanah Lot, beberapa atraksi wisata di Tabanan yang cukup ramai dikunjungi wisatawan antara lain seperti The Blooms Garden, Danau Beratan, Jatiluwih, Pantai Soka, Kebun Raya Bali, Taman Kupu-kupu, dan Museum Subak.
Baca juga: 9 Wisata Pantai di Tabanan Bali, Tak Cuma Tanah Lot
Di luar dari atraksi yang cukup populer di atas, wisatawan juga bisa mengeksplorasi Tabanan lebih lama lagi saat berkunjung, untuk bisa mendapatkan sejumlah hidden gem di sana.
Mulai dari air terjun, gua tempat melihat matahari terbenam (sunset), terasering yang terjaga, dan masih banyak lagi potensi alam lainnya di Tabanan.


  

    
        Bayangkan seorang anak Indonesia bercita-cita menjadi dokter tetapi hanya memiliki satu buku lusuh untuk belajar. Bersama Ekspedisi Kata ke Nyata Kompas.com, Anda bisa membantu mengubah kisah itu. Mari hadirkan akses literasi bagi anak-anak di berbagai pelosok Indonesia melalui donasi lewat tautan https://bit.ly/JagatLiterasi2026. Setiap kebaikan yang Anda berikan bukan hanya membuka jendela pengetahuan, tetapi juga membuka masa depan mereka.",Kompas.com,"Dajan Peken, 82114, Tabanan, Tabanan, Bali, Indonesia",-8.536609490935,115.13552944186335,5,"2, 7","kejaksaan, kejatibali, kejaritabanan, tabanan, news"
Kasus DID Tabanan KPK Panggil Eks Wakil Ketua DPRD,2022-02-04T08:00:00.000Z,"Kabupaten Tabanan, Bali, Indonesia","Kasus DID Tabanan, KPK Panggil Eks Wakil Ketua DPRD - nasional.kompas.com","JAKARTA, KOMPAS.com - Penyidik Komisi Pemberantasan Korupsi (KPK) menjadwalkan pemeriksaan terhadap mantan Wakil Ketua DPRD Kabupaten Tabanan periode 2017-2019, I Made Meliani pada Jumat (3/2/2022).
I Made Meliani akan diperiksa sebagai saksi terkait kasus dugaan korupsi pemberian dan penerimaan hadiah atau janji pengurusan dana insentif daerah (DID) Kabupaten Tabanan, Bali, tahun anggaran 2018.""Pemeriksaan akan dilakukan Kantor Perwakilan BPKP Provinsi Bali, Jl Tantular Nomor 3054, Panjer, Denpasar Selatan, Kota Denpasar,"" ujar Pelaksana Tugas Juru Bicara KPK Ali Fikri, melalui keterangan tertulis, Jumat.
Selain eks Wakil Ketua DPRD Tabanan, KPK juga mengagendakan pemeriksaan terhadap Ketua Komisi I DPRD Tabanan tahun 2016 I Putu Eka Putra Cahyadi; Kepala Badan Keuangan Daerah Tabanan tahun 2016-2017 I Made Sukada dan Kepala Bagian Umum Setda Kabupaten Tabanan tahun 2017 I Made Sumerta Yasa.
Baca juga: Kasus DID Tabanan, KPK Panggil 4 Manajer Hotel di Jakarta sebagai Saksi
Kemudian, Kepala Badan Perencanaan Penelitian dan Pengembangan (Bappelitbang) Tabanan Ida Bagus Wiratmaja; Kasubid Kasda Pemkab Tabanan Ni Made Wasasih; eks plh Sekda Pemkab Karangasem I Made Sujana Erawan; eks Kadis PU I Made Yudiana dan Kepala Dinas Perpustakaan dan Arsip Dewa Ayu Budiarti.




Selain itu, ajudan Bupati Tabanan I Ketut Suwita; Direktur PT Dayu I Made Purniarta; Direktris CV Panugrah Ni Made Maharini; Direktris CV Kerang Mutiara Utama I Nyoman Ely Krisnawati dan Direktur CV Nitra Sakti I Nyoman Yupi Astika turut diperiksa sebagai saksi.Hingga kini, ujar Ali, tim penyidik masih terus mengumpulkan dan melengkapi bukti-bukti terkait dugaan korupsi dana insentif daerah Kabupaten Tabanan.
Ia mengatakan, KPK akan menjelaskan konstruksi perkara dan siapa saja pihak-pihak yang akan ditetapakan sebagai tersangka pada saat penyelidikan tersebut dinilai cukup.
""Kami pastikan setelah penyidikan cukup, kami akan sampaikan kontruksi utuh perkara dan pihak-pihak yang ditetapkan sebagai tersangka,"" kata Ali.
Baca juga: KPK Telusuri Aktivitas Pihak-pihak yang Terkait Pengurusan DID Tabanan
Dalam kasus ini, KPK telah melakukan penggeledahan di sejumlah tempat di Kabupaten Tabanan, Bali, pada Rabu (27/10/2021).
Lokasi yang digeledah antara lain Kantor Dinas PUPR, Kantor Bapelitbang, Kantor Badan Keuangan Daerah Tabanan, Kantor DPRD, serta rumah kediaman pihak yang terkait dengan perkara tersebut.




  

    
        Bayangkan seorang anak Indonesia bercita-cita menjadi dokter tetapi hanya memiliki satu buku lusuh untuk belajar. Bersama Ekspedisi Kata ke Nyata Kompas.com, Anda bisa membantu mengubah kisah itu.","Mari hadirkan akses literasi bagi anak-anak di berbagai pelosok Indonesia melalui donasi lewat tautan https://bit.ly/JagatLiterasi2026. Setiap kebaikan yang Anda berikan bukan hanya membuka jendela pengetahuan, tetapi juga membuka masa depan mereka.","Pada Hari Jumat , 4 Februari 2022 08:00, Tabanan, Tabanan, Bali

JAKARTA, KOMPAS.com - Penyidik Komisi Pemberantasan Korupsi (KPK) menjadwalkan pemeriksaan terhadap mantan Wakil Ketua DPRD Kabupaten Tabanan periode 2017-2019, I Made Meliani pada Jumat (3/2/2022).
I Made Meliani akan diperiksa sebagai saksi terkait kasus dugaan korupsi pemberian dan penerimaan hadiah atau janji pengurusan dana insentif daerah (DID) Kabupaten Tabanan, Bali, tahun anggaran 2018.""Pemeriksaan akan dilakukan Kantor Perwakilan BPKP Provinsi Bali, Jl Tantular Nomor 3054, Panjer, Denpasar Selatan, Kota Denpasar,"" ujar Pelaksana Tugas Juru Bicara KPK Ali Fikri, melalui keterangan tertulis, Jumat.
Selain eks Wakil Ketua DPRD Tabanan, KPK juga mengagendakan pemeriksaan terhadap Ketua Komisi I DPRD Tabanan tahun 2016 I Putu Eka Putra Cahyadi; Kepala Badan Keuangan Daerah Tabanan tahun 2016-2017 I Made Sukada dan Kepala Bagian Umum Setda Kabupaten Tabanan tahun 2017 I Made Sumerta Yasa.
Baca juga: Kasus DID Tabanan, KPK Panggil 4 Manajer Hotel di Jakarta sebagai Saksi
Kemudian, Kepala Badan Perencanaan Penelitian dan Pengembangan (Bappelitbang) Tabanan Ida Bagus Wiratmaja; Kasubid Kasda Pemkab Tabanan Ni Made Wasasih; eks plh Sekda Pemkab Karangasem I Made Sujana Erawan; eks Kadis PU I Made Yudiana dan Kepala Dinas Perpustakaan dan Arsip Dewa Ayu Budiarti.




Selain itu, ajudan Bupati Tabanan I Ketut Suwita; Direktur PT Dayu I Made Purniarta; Direktris CV Panugrah Ni Made Maharini; Direktris CV Kerang Mutiara Utama I Nyoman Ely Krisnawati dan Direktur CV Nitra Sakti I Nyoman Yupi Astika turut diperiksa sebagai saksi.Hingga kini, ujar Ali, tim penyidik masih terus mengumpulkan dan melengkapi bukti-bukti terkait dugaan korupsi dana insentif daerah Kabupaten Tabanan.
Ia mengatakan, KPK akan menjelaskan konstruksi perkara dan siapa saja pihak-pihak yang akan ditetapakan sebagai tersangka pada saat penyelidikan tersebut dinilai cukup.
""Kami pastikan setelah penyidikan cukup, kami akan sampaikan kontruksi utuh perkara dan pihak-pihak yang ditetapkan sebagai tersangka,"" kata Ali.
Baca juga: KPK Telusuri Aktivitas Pihak-pihak yang Terkait Pengurusan DID Tabanan
Dalam kasus ini, KPK telah melakukan penggeledahan di sejumlah tempat di Kabupaten Tabanan, Bali, pada Rabu (27/10/2021).
Lokasi yang digeledah antara lain Kantor Dinas PUPR, Kantor Bapelitbang, Kantor Badan Keuangan Daerah Tabanan, Kantor DPRD, serta rumah kediaman pihak yang terkait dengan perkara tersebut.




  

    
        Bayangkan seorang anak Indonesia bercita-cita menjadi dokter tetapi hanya memiliki satu buku lusuh untuk belajar. Bersama Ekspedisi Kata ke Nyata Kompas.com, Anda bisa membantu mengubah kisah itu. Mari hadirkan akses literasi bagi anak-anak di berbagai pelosok Indonesia melalui donasi lewat tautan https://bit.ly/JagatLiterasi2026. Setiap kebaikan yang Anda berikan bukan hanya membuka jendela pengetahuan, tetapi juga membuka masa depan mereka.    
                    Batas akses KARIN
                    
                        Kamu sudah mencapai batas akses KARIN.
                        Gabung membership Kompas.com+ MAX untuk bertanya lebih banyak dan memahami berita dengan lebih leluasa.
                    
                
            
                    
                    
                    Tidak akurat
                
                
                    
                    
                    Tidak relevan
                
                
                    
                    
                    Menyinggung
                
                
                    
                    
                    Terlalu lama
                
                
                    
                    
                    Isu privasi
                
                
                    
                    
                    Lainnya
                
            
            
                    Khusus Member
                    
                        Akses Tanya Langsung Tersedia untuk Member
                        Gabung membership Kompas.com+ MAX untuk bertanya lebih banyak dan memahami berita dengan lebih leluasa.",nasional.kompas.com,"Dajan Peken, 82114, Tabanan, Tabanan, Bali, Indonesia",-8.536609490935,115.13552944186335,5,"2, 7","kejaksaan, kejatibali, kejaritabanan, tabanan, news"
Suka Duka Sekaa di Jembrana Pelihara Instrumen Jegog,2018-04-14T07:00:00.000Z,"Kabupaten Tabanan, Bali, Indonesia",Suka Duka Sekaa di Jembrana Pelihara Instrumen Jegog - BALIPOST.com,"Sekeha memainkan instrumen Jegog. (BP/dok)NEGARA, BALIPOST.com – Kesenian Jegog yang identik dengan Kabupaten Jembrana disamping memiliki suara gamelan yang khas, perawatannya juga tergolong ekstra dan mahal.","Dalam merawat gamelan Jegog ini, diperlukan tempat dan perlakuan khusus.Sebab dibandingkan gong atau gamelan lainnya, alat musik jegog lebih rentan rusak karena faktor cuaca ataupun tempat penyimpanan yang tak layak. Satu saja bambu yang rusak/pecah diperlukan biaya yang tidak sedikit.Minimal Rp 350 ribu per satu bilah bambu.","Pada Hari Sabtu , 14 April 2018 07:00, Tabanan, Tabanan, Bali

Sekeha memainkan instrumen Jegog. (BP/dok)NEGARA, BALIPOST.com – Kesenian Jegog yang identik dengan Kabupaten Jembrana disamping memiliki suara gamelan yang khas, perawatannya juga tergolong ekstra dan mahal. Dalam merawat gamelan Jegog ini, diperlukan tempat dan perlakuan khusus.Sebab dibandingkan gong atau gamelan lainnya, alat musik jegog lebih rentan rusak karena faktor cuaca ataupun tempat penyimpanan yang tak layak. Satu saja bambu yang rusak/pecah diperlukan biaya yang tidak sedikit.Minimal Rp 350 ribu per satu bilah bambu. Bahan bambu yang digunakan pun jarang ditemukan di Jembrana lagi.Untuk mendapatkan bambu petung (bagian paling belakang) yang berdiameter besar itu, para perajin harus mencari di luar Jembrana, seperti Tabanan dan Karangasem. “Sekarang hampir tidak ada (bambu petung), harus memesan di Tabanan atau Gianyar,” ujar Oka, pemain Jegog asal Kelurahan Sangkaragung.Sehingga ketika gamelan bambu itu pecah, maka akan kesulitan dan biayanya cukup besar. Apalagi, saat pementasan Jegog dilakukan mebarung (adu suara) antar-sekaa, peluang pecahnya bambu cukup besar.Sehingga sekaa harus menyiapkan cadangan gamelan ketika bambu pecah. Begitu halnya dengan bambu lainnya yang lebih kecil seperti bambu jajang atau santong (lebih kecil) untuk suwir, kantil dan barangan masih bisa diperoleh.I Ketut Dernen, seniman penyetel gamelan Jegog asal Pancardawa, Kelurahan Pendem  beberapa waktu lalu mengatakan gamelan Jegog memiliki keistimewaan sehingga perawatannya pun harus ekstra. Bambu yang digunakan pun juga harus yang terpilih.Selain perangkat yang besar, nada suara lazimnya berubah saat berganti cuaca atau iklim. Misalnya, ketika alat musik bambu itu dibawa ke daerah dataran tinggi yang dingin, ketika ditabuh suaranya pasti berubah.Dernen berharap kendatipun instrumen musik ini cukup boros tempat, bisa disetarakan dengan alat musik lainnya. Pascabom Bali tahun 2000 lalu, banyak sekaha di Jembrana yang terpuruk karena minimnya pentas ke luar daerah dan minim pembiayaan. Sedangkan pentas-pentas di dalam Jembrana, bayaran tak sebanding dengan biaya yang dikeluarkan. Padahal perawatan untuk alat musik ini cukup tinggi.Seringkali, biaya untuk transportasi alat, penabuh serta perawatan gambelan lebih besar dari bayaran yang diterima. Untuk membuat seperangkat alat musik Jegog minimal dibutuhkan dana hingga Rp 50 juta.Pria kelahiran tahun 1956 ini selain menabuh juga dikenal kemampuannya dalam menyelaraskan nada gamelan Jegog. Tidak semua seniman memiliki kemampuan menyetel alat musik dari bambu ini.Bahkan Dernen mampu menyetel nada Jegog utuh dalam satu oktaf (do-re-mi-fa-sol-la-si-do). “Sekarang saya lebih banyak kerja kalau dipanggil, ada yang memanggil saya kerjakan disana. Bayaran tidak menarget, yang penting (gamelan) jadi dan senang sudah jadi,” kata pria berpenampilan sederhana ini.Keahlian seniman yang mengantongi penghargaan Satya Laksana Dharma Kusuma tahun 2013 ini, diperolehnya dari orang tua dan para seniman pembuat Jegog pendahulunya. Sisa bambu Jegog yang sudah rusak atau pecah biasanya tidak lagi dipergunakan dan dibuang.Namun di tangan orang-orang kreatif, limbah bambu Jegog itu dimanfaatkan lagi untuk hal lainnya. Seperti yang dilakukan sejumlah siswa dan guru SMAN 2 Negara.Bambu bekas gamelan Jegog yang menumpuk dan tidak bisa digunakan lagi, dimanfaatkan kembali. Seperti untuk pot tanaman misalnya.Kepala SMAN 2 Negara, I Wayan Sudiarta mengatakan sekolah sengaja memanfaatkan bambu gamelan Jegog sekolah yang rusak itu agar berguna kembali. “Dari pada tidak digunakan dan menumpuk, kami manfaatkan untuk pot tanaman untuk di sekitar sekolah,” terangnya.SMAN 2 Negara merupakan salah satu SMA yang memiliki gamelan Jegog ini dan sering tampil dengan penabuh para siswa. Selain pot bunga, bambu yang diantaranya berdiameter besar ini juga bisa dimanfaatkan untuk kerajinan lainnya seperti asbak atau tempat pensil. (Surya Dharma/balipost)",BALIPOST.com,"Dajan Peken, 82114, Tabanan, Tabanan, Bali, Indonesia",-8.536609490935,115.13552944186335,5,"2, 7","kejaksaan, kejatibali, kejaritabanan, tabanan, news"
Warga Diam di Rumah Jalan di Tabanan Lengang,2020-03-26T07:00:00.000Z,"Kabupaten Tabanan, Bali, Indonesia","Warga Diam di Rumah, Jalan di Tabanan Lengang - BALIPOST.com","TABANAN, BALIPOST.com – Suasana ruas jalan di Kabupaten Tabanan pada Kamis (26/3) atau pasca-Nyepi bampak lengang. Masyarakat telah banyak yang mengikuti himbauan pemerintah untuk tetap berada di rumah masing-masing.Jajaran kepolisian serta sejumlah pecalang pun ikut mengamankan instruksi pemerintah tersebut.",Sejumlah kendaraan yang melintas pun dihentikan oleh jajaran Satlantas Polres Tabanan.Ada diantaranya yang diperbolehkan melintas karena memang pekerjaan atau yang sifatnya penting. Sementara ada pula yang diminta untuk balik pulang ke rumah.Seperti disampaikan Kasat Lantas Polres Tabanan Iptu Ni Luh Putu Wila.,"Pada Hari Kamis , 26 Maret 2020 07:00, Tabanan, Tabanan, Bali

TABANAN, BALIPOST.com – Suasana ruas jalan di Kabupaten Tabanan pada Kamis (26/3) atau pasca-Nyepi bampak lengang. Masyarakat telah banyak yang mengikuti himbauan pemerintah untuk tetap berada di rumah masing-masing.Jajaran kepolisian serta sejumlah pecalang pun ikut mengamankan instruksi pemerintah tersebut. Sejumlah kendaraan yang melintas pun dihentikan oleh jajaran Satlantas Polres Tabanan.Ada diantaranya yang diperbolehkan melintas karena memang pekerjaan atau yang sifatnya penting. Sementara ada pula yang diminta untuk balik pulang ke rumah.Seperti disampaikan Kasat Lantas Polres Tabanan Iptu Ni Luh Putu Wila. Untuk kendaraan seperti truk yang melintas di jalan Denpasar-Gilimanuk, pihaknya menerapkan selektif prioritas. Artinya truk yang tidak mengangkut barang atau bahan pokok diarahkan dulu ke Terminal Pesiapan. “Tetapi jika mengangkut kebutuhan pokok kita jalankan, dan untuk kendaraan roda dua kita arahkan kembali pulang jika disekitar sini,” terangnya.Di sisi lain, selain himbauan agar tidak keluar rumah pada Kamis, Bupati Tabanan Ni Putu Eka Wiryastuti juga mengeluarkan surat edaran yang memerintahkan pengelola kafe dan pusat hiburan umum di Tabanan untuk menutup operasional usahanya sampai 30 Maret 2020. Kebijakan ini dikeluarkan lantaran penyebaran virus Corona yang makin meluas, dengan melakukan pembatasan kegiatan keramaian. (Puspawati/balipost)",BALIPOST.com,"Dajan Peken, 82114, Tabanan, Tabanan, Bali, Indonesia",-8.536609490935,115.13552944186335,5,"2, 7","kejaksaan, kejatibali, kejaritabanan, tabanan, news"
Sejarah Pura Luhur Batukaru di Tabanan,2024-05-18T07:00:00.000Z,"Kabupaten Tabanan, Bali, Indonesia",Sejarah Pura Luhur Batukaru di Tabanan - Kompas.com,"KOMPAS.com - Bali dikenal memiliki banyak pura yang digunakan oleh umat Hindu untuk beribadah.
Pura bersejarah dan dianggap paling suci oleh masyarakat Bali adalah Pura Sad Kahyangan Jagad, yakni enam pura utama yang menjadi pilar Pulau Bali.Salah satu Pura Sad Kahyangan Jagad adalah Pura Luhur Batukaru, yang terletak di Desa Wangaya Gede, Kecamatan Penebel, Kabupaten Tabanan.
Lokasi pura ini berada di wilayah barat Pulau Bali, tepatnya di lereng selatan Gunung Batukaru.
Berikut ini sejarah Pura Luhur Batukaru dan fungsinya.
Baca juga: Sejarah Pura Goa Lawah di Bali




Sejarah Pura Luhur Batukaru
Melansir kesrasetda.bulelengkab.go.id, Pura Batukaru adalah stana Dewa Mahadewa.
Persembahyangan di Pura Luhur Batukaru dimaksudkan umat Hindu untuk memuja Tuhan Ida Sang Hyang Widhi Wasa dalam manifestasinya sebagai Dewa Mahadewa.
Dewa Mahadewa diberi gelar Ratu Hyang Tumuwuh, sebutan Tuhan sebagai yang menumbuhkan tumbuh-tumbuhan dengan menggunakan air secara benar.Nama pura ini kemungkinan besar diambil dari nama Gunung Batukaru.
Pura Luhur Batukaru termasuk Pura Sad Kahyangan yang disebut dalam Lontar Kusuma Dewa.
Konon, Pura Luhur Batukaru sudah ada pada abad ke-11, sebagaimana Pura Sad Kahyangan lainnya, yakni Pura Besakih, Pura Lempuyang Luhur, Pura Goa Lawah, Pura Luhur Uluwatu, dan Pura Pusering Jagat.
Tokoh yang mendirikan Pura Luhur Batukaru dan Pura Sad Kahyangan lainnya adalah Mpu Kuturan.
Mpu Kuturan adalah seorang pandita dari Jawa yang berperan menyatukan umat Hindu di Bali, sekaligus membangun banyak tempat suci di sana.
Baca juga: Sejarah Pura Lempuyang Luhur di Bali
Para ahli berpendapat bahwa Mpu Kuturan mendirikan Pura Sad Kahyangan Jagat untuk memotivasi umat menjaga keseimbangan eksistensi Sad Kerti, yaitu Atma Kerti, Samudra Kerti, Wana Kerti, Danu Kerti, Jagat Kerti, dan Jana Kerti.




  

Diduga, Pura Luhur Batukaru dulunya berfungsi sebagai tempat pemujaan dan tempat bertapa sebagai media Atma Kerti (membangun ketakwaan pada Tuhan) oleh tokoh-tokoh spiritual di daerah Tabanan..",,"Pada Hari Sabtu , 18 Mei 2024 07:00, Tabanan, Tabanan, Bali

KOMPAS.com - Bali dikenal memiliki banyak pura yang digunakan oleh umat Hindu untuk beribadah.
Pura bersejarah dan dianggap paling suci oleh masyarakat Bali adalah Pura Sad Kahyangan Jagad, yakni enam pura utama yang menjadi pilar Pulau Bali.Salah satu Pura Sad Kahyangan Jagad adalah Pura Luhur Batukaru, yang terletak di Desa Wangaya Gede, Kecamatan Penebel, Kabupaten Tabanan.
Lokasi pura ini berada di wilayah barat Pulau Bali, tepatnya di lereng selatan Gunung Batukaru.
Berikut ini sejarah Pura Luhur Batukaru dan fungsinya.
Baca juga: Sejarah Pura Goa Lawah di Bali




Sejarah Pura Luhur Batukaru
Melansir kesrasetda.bulelengkab.go.id, Pura Batukaru adalah stana Dewa Mahadewa.
Persembahyangan di Pura Luhur Batukaru dimaksudkan umat Hindu untuk memuja Tuhan Ida Sang Hyang Widhi Wasa dalam manifestasinya sebagai Dewa Mahadewa.
Dewa Mahadewa diberi gelar Ratu Hyang Tumuwuh, sebutan Tuhan sebagai yang menumbuhkan tumbuh-tumbuhan dengan menggunakan air secara benar.Nama pura ini kemungkinan besar diambil dari nama Gunung Batukaru.
Pura Luhur Batukaru termasuk Pura Sad Kahyangan yang disebut dalam Lontar Kusuma Dewa.
Konon, Pura Luhur Batukaru sudah ada pada abad ke-11, sebagaimana Pura Sad Kahyangan lainnya, yakni Pura Besakih, Pura Lempuyang Luhur, Pura Goa Lawah, Pura Luhur Uluwatu, dan Pura Pusering Jagat.
Tokoh yang mendirikan Pura Luhur Batukaru dan Pura Sad Kahyangan lainnya adalah Mpu Kuturan.
Mpu Kuturan adalah seorang pandita dari Jawa yang berperan menyatukan umat Hindu di Bali, sekaligus membangun banyak tempat suci di sana.
Baca juga: Sejarah Pura Lempuyang Luhur di Bali
Para ahli berpendapat bahwa Mpu Kuturan mendirikan Pura Sad Kahyangan Jagat untuk memotivasi umat menjaga keseimbangan eksistensi Sad Kerti, yaitu Atma Kerti, Samudra Kerti, Wana Kerti, Danu Kerti, Jagat Kerti, dan Jana Kerti.




  

Diduga, Pura Luhur Batukaru dulunya berfungsi sebagai tempat pemujaan dan tempat bertapa sebagai media Atma Kerti (membangun ketakwaan pada Tuhan) oleh tokoh-tokoh spiritual di daerah Tabanan.",Kompas.com,"Dajan Peken, 82114, Tabanan, Tabanan, Bali, Indonesia",-8.536609490935,115.13552944186335,5,"2, 7","kejaksaan, kejatibali, kejaritabanan, tabanan, news"
Diawali Suara Gemuruh Keras Gedung LPBJ Tabanan Ambrol,2021-11-21T08:00:00.000Z,"Kabupaten Tabanan, Bali, Indonesia","Diawali Suara Gemuruh Keras, Gedung LPBJ Tabanan Ambrol - BALIPOST.com","Gedung LPBJ Tabanan ambrol saat hujan mengguyur, Minggu (21/11). (BP/bit)TABANAN, BALIPOST.com – Hujan yang mengguyur wilayah Kabupaten Tabanan pada Minggu (21/11) mengakibatkan satu gedung di areal kantor Bupati Tabanan ambrol.","Gedung yang dimanfaatkan untuk layanan pengadaan barang dan jasa (LPBJ) Kabupaten Tabanan tersebut rusak parah.Kejadian ambruknya gedung LPBJ pertama kali diketahui salah seorang petugas keamanan, Putu Dedik Ardana Putra. Saat itu, ia tengah bertugas berjaga di gedung ruang rapat lantai bawah kantor Bupati Tabanan atau sebelah barat gedung LPBJ.Sekitar pukul 11.30 WITA, terdengar suara gemuruh keras.","Pada Hari Minggu , 21 November 2021 08:00, Tabanan, Tabanan, Bali

Gedung LPBJ Tabanan ambrol saat hujan mengguyur, Minggu (21/11). (BP/bit)TABANAN, BALIPOST.com – Hujan yang mengguyur wilayah Kabupaten Tabanan pada Minggu (21/11) mengakibatkan satu gedung di areal kantor Bupati Tabanan ambrol. Gedung yang dimanfaatkan untuk layanan pengadaan barang dan jasa (LPBJ) Kabupaten Tabanan tersebut rusak parah.Kejadian ambruknya gedung LPBJ pertama kali diketahui salah seorang petugas keamanan, Putu Dedik Ardana Putra. Saat itu, ia tengah bertugas berjaga di gedung ruang rapat lantai bawah kantor Bupati Tabanan atau sebelah barat gedung LPBJ.Sekitar pukul 11.30 WITA, terdengar suara gemuruh keras. “Sempat dengar suara keras, saat dicek ternyata atap gedung LPBJ sudah ambruk, langsung saya kirim video ke WA grup,” terangnya.Kepala BPBD Tabanan, I Nyoman Srinadha Giri mengatakan, bangunan ukuran 12 x 10 meter tersebut ambruk diperkirakan atap bangunan yang telah lapuk. Ditambah lagi hujan dengan intensitas tinggi yang mengguyur Tabanan selama tiga hari belakangan ini membuat atap kian rapuh hingga akhirnya jebol.“Usai mendapat laporan, kami langsung hubungi pihak PLN untuk memutus listrik di tempat itu agar tidak membahayakan saat proses evakuasi, berkas-berkas dan sejumlah komputer juga sudah dipindah ke ruang rapat,” ucapnya.Sementara itu Kepala Bagian LPBJ Dewa Putu Mahendra mengatakan, berkas-berkas termasuk peralatan komputer sudah seluruhnya dipindahkan ke ruang rapat untuk sementara. Ia mengatakan meski tidak ada kendala dalam proses kerja nantinya, karena untuk lelang sudah rampung akhir tahun ini.Hanya saja, memang perlu segera dilakukan langkah-langkah cepat untuk mengantisipasi adanya lelang mendahului (tidak bisa ditunda) di awal 2022 seperti lelang sewa mobil, dan lelang mamin rumah sakit. “Ada lelang mendahului untuk 2022 jadi diantisipasi lebih awal, sedangkan peralatan kita semua kena air dan belum dicek apakah rusak atau tidak,” jelasnya. (Puspawati/balipost)",BALIPOST.com,"Dajan Peken, 82114, Tabanan, Tabanan, Bali, Indonesia",-8.536609490935,115.13552944186335,5,"2, 7","kejaksaan, kejatibali, kejaritabanan, tabanan, news"
Bisnis Hotel di Bali Masih Menjanjikan,2018-03-10T08:00:00.000Z,"Kabupaten Tabanan, Bali, Indonesia",Bisnis Hotel di Bali Masih Menjanjikan - properti.kompas.com,"TABANAN, KOMPAS.com - Bisnis perhotelan atau fasilitas akomodasi di Bali, dinilai masih sangat menjanjikan dengan tingkat hunian rata-rata pada angka stabil 50-60 persen.
Dus, hingga saat ini pun Pulau Dewata masih menjadi destinasi wisata nomor satu dunia versi Traveler's Choice Awards 2017 yang digelar TripAdvisor.
Baca juga : Jumeirah Bakal Hadir di Bali Kuartal IV-2018 Oleh karena itulah, menyediakan hotel merupakan salah satu strategi Ciputra Group sebagai trigger atau pemantik dalam pengembangan mixed use Ciputra Beach Resort, di Kabupaten Tabanan, Bali.
Associate Director Ciputra Beach Resort Bali Helen hamzah menuturkan, di kawasan seluas 80 hektar tersebut, tak hanya dikembangkan hunian, melainkan juga hotel berkonsep resor dan vila.
""Kami menggandeng Rosewood, nama besar di sektor perhotelan dengan klasifikasi mewah,"" kata Helen menjawab Kompas.com, Rabu (6/3/2018).




Helen menuturkan, Rosewood Hotels and Resorts ini akan dibangun sebanyak 80 suites dan 40 vila dengan masing-masing punya keunikan yang berbeda.
Saat ini, aku Helen, Rosewood Hotels and Resorts tengah dalam tahap pematangan desain. Begitu desain final selesai, akan dilanjutkan dengan tahap pembangunan.
Menurut dia, nama besar rantai operator global ini sedikit banyak memengaruhi konsumen dan investor dalam keputusan membeli hunian Ciputra Beach Resort baik klaster Sadana maupun Nivata.Baca juga : Bisnis Properti Pulih, Ciputra Beach Resort Bali Terjual 70 Persen  
Tak hanya Rosewood Hotels and Resorts, Ciputra juga akan menggandeng nama besar lain yang lebih menyasar genre milenial.
""Keputusannya nanti dalam pengembangan Ciputra Beach Resort Tahap II,"" tambah Helen.
Kehadiran Rosewood Hotels and Resorts akan meramaikan kompetisi bisnis perhotelan di Bali.","Menurut catatan Colliers International Indonesia, per akhir 2017 saja terdapat 10 hotel baru yang beroperasi dengan jumlah kamar 1.402 unit.Angka itu tidak termasuk hotel yang masih berupa proyek atau dalam proses konstruksi namun dijadwalkan dibuka tahun ini seperti Springhill Villas & Resort at Jimbaran Hijau, The Himana-Mercure Bali Jimbaran, The Element Ubud, Jumeirah, Renaissance Bali Resort & Spa Uluwatu dan @HOM Jimbaran.
 ""Sementara jika dikalkulasi hingga tahun 2019 mendatang, terdapat 40 hotel baru dengan total 7.154 kamar yang dibuka untuk menyambut turis yang datang ke Bali,"" kata Senior Associate Director Research Colliers International Ferry Salanto. Di antara jumlah tersebut, satu merupakan hotel bintang tiga yakni Fairfield Hotel dengan jumlah kamar 223 unit.","Pada Hari Sabtu , 10 Maret 2018 08:00, Tabanan, Tabanan, Bali

TABANAN, KOMPAS.com - Bisnis perhotelan atau fasilitas akomodasi di Bali, dinilai masih sangat menjanjikan dengan tingkat hunian rata-rata pada angka stabil 50-60 persen.
Dus, hingga saat ini pun Pulau Dewata masih menjadi destinasi wisata nomor satu dunia versi Traveler's Choice Awards 2017 yang digelar TripAdvisor.
Baca juga : Jumeirah Bakal Hadir di Bali Kuartal IV-2018 Oleh karena itulah, menyediakan hotel merupakan salah satu strategi Ciputra Group sebagai trigger atau pemantik dalam pengembangan mixed use Ciputra Beach Resort, di Kabupaten Tabanan, Bali.
Associate Director Ciputra Beach Resort Bali Helen hamzah menuturkan, di kawasan seluas 80 hektar tersebut, tak hanya dikembangkan hunian, melainkan juga hotel berkonsep resor dan vila.
""Kami menggandeng Rosewood, nama besar di sektor perhotelan dengan klasifikasi mewah,"" kata Helen menjawab Kompas.com, Rabu (6/3/2018).




Helen menuturkan, Rosewood Hotels and Resorts ini akan dibangun sebanyak 80 suites dan 40 vila dengan masing-masing punya keunikan yang berbeda.
Saat ini, aku Helen, Rosewood Hotels and Resorts tengah dalam tahap pematangan desain. Begitu desain final selesai, akan dilanjutkan dengan tahap pembangunan.
Menurut dia, nama besar rantai operator global ini sedikit banyak memengaruhi konsumen dan investor dalam keputusan membeli hunian Ciputra Beach Resort baik klaster Sadana maupun Nivata.Baca juga : Bisnis Properti Pulih, Ciputra Beach Resort Bali Terjual 70 Persen  
Tak hanya Rosewood Hotels and Resorts, Ciputra juga akan menggandeng nama besar lain yang lebih menyasar genre milenial.
""Keputusannya nanti dalam pengembangan Ciputra Beach Resort Tahap II,"" tambah Helen.
Kehadiran Rosewood Hotels and Resorts akan meramaikan kompetisi bisnis perhotelan di Bali. Menurut catatan Colliers International Indonesia, per akhir 2017 saja terdapat 10 hotel baru yang beroperasi dengan jumlah kamar 1.402 unit.Angka itu tidak termasuk hotel yang masih berupa proyek atau dalam proses konstruksi namun dijadwalkan dibuka tahun ini seperti Springhill Villas & Resort at Jimbaran Hijau, The Himana-Mercure Bali Jimbaran, The Element Ubud, Jumeirah, Renaissance Bali Resort & Spa Uluwatu dan @HOM Jimbaran.
 ""Sementara jika dikalkulasi hingga tahun 2019 mendatang, terdapat 40 hotel baru dengan total 7.154 kamar yang dibuka untuk menyambut turis yang datang ke Bali,"" kata Senior Associate Director Research Colliers International Ferry Salanto. 
Di antara jumlah tersebut, satu merupakan hotel bintang tiga yakni Fairfield Hotel dengan jumlah kamar 223 unit. Hotel ini direncanakan beroperasi tahun 2018 ini.




  

    
        Bayangkan seorang anak Indonesia bercita-cita menjadi dokter tetapi hanya memiliki satu buku lusuh untuk belajar. Bersama Ekspedisi Kata ke Nyata Kompas.com, Anda bisa membantu mengubah kisah itu. Mari hadirkan akses literasi bagi anak-anak di berbagai pelosok Indonesia melalui donasi lewat tautan https://bit.ly/JagatLiterasi2026. Setiap kebaikan yang Anda berikan bukan hanya membuka jendela pengetahuan, tetapi juga membuka masa depan mereka.",properti.kompas.com,"Dajan Peken, 82114, Tabanan, Tabanan, Bali, Indonesia",-8.536609490935,115.13552944186335,5,"2, 7","kejaksaan, kejatibali, kejaritabanan, tabanan, news"
Resep Sambal Sager Gerih Sambal dari Ikan Asin Khas Tabanan Bali,2021-03-14T08:00:00.000Z,"Kabupaten Tabanan, Bali, Indonesia","Resep Sambal Sager Gerih, Sambal dari Ikan Asin Khas Tabanan Bali - Kompas.com","KOMPAS.com - Kamu pencinta masakan pedas? Kamu bisa coba resep sambel sager gerih.
Sager gerih dalam arti harafiahnya adalah lawar ikan kering. Terkenal sebagai sambal khas Kabupaten Tabanan yang disajikan bersama nasi sele atau nasi yang dicampur dengan ketela.Ikuti cara membuat sambal sager gerih dalam buku “Pawon Bali” karya Nanik Mirna Agung terbitan PT Gramedia Pustaka Utama.
Baca juga: Resep Sambal Sere, Sambal Pelengkap Makanan Bali 
Resep sambal sager gerih
Bahan:

20 gram ikan asin
60 gram bawang merah
20 gram cabai rawit
4 gram terasi
5 gram garam
2 gram kemangi
30 gram kelapa panggang

Baca juga: Resep Sambal Bawang Merah Utuh, Sambal yang Viral di TikTok



Cara membuat sambal sager gerih:
1.","Rajang bawang merah, bawang putih, dan cabai rawit. Goreng secara terpisah.
2.","Pada Hari Minggu , 14 Maret 2021 08:00, Tabanan, Tabanan, Bali

KOMPAS.com - Kamu pencinta masakan pedas? Kamu bisa coba resep sambel sager gerih.
Sager gerih dalam arti harafiahnya adalah lawar ikan kering. Terkenal sebagai sambal khas Kabupaten Tabanan yang disajikan bersama nasi sele atau nasi yang dicampur dengan ketela.Ikuti cara membuat sambal sager gerih dalam buku “Pawon Bali” karya Nanik Mirna Agung terbitan PT Gramedia Pustaka Utama.
Baca juga: Resep Sambal Sere, Sambal Pelengkap Makanan Bali 
Resep sambal sager gerih
Bahan:

20 gram ikan asin
60 gram bawang merah
20 gram cabai rawit
4 gram terasi
5 gram garam
2 gram kemangi
30 gram kelapa panggang

Baca juga: Resep Sambal Bawang Merah Utuh, Sambal yang Viral di TikTok



Cara membuat sambal sager gerih:
1. Rajang bawang merah, bawang putih, dan cabai rawit. Goreng secara terpisah.
2. Parut kelapa yang sudah dipanggang.
3. Goreng teri asin dan rajang kecil-kecil. Campurkan semua bahan dan tambahkan daun kemangi yang telah dirajang kecil-kecil.
4. Sajikan.
Buku “Pawon Bali” karya Nanik Mirna Agung terbitan PT Gramedia Pustaka Utama bisa dibeli di Gramedia.com. 


  

    
        Bayangkan seorang anak Indonesia bercita-cita menjadi dokter tetapi hanya memiliki satu buku lusuh untuk belajar. Bersama Ekspedisi Kata ke Nyata Kompas.com, Anda bisa membantu mengubah kisah itu. Mari hadirkan akses literasi bagi anak-anak di berbagai pelosok Indonesia melalui donasi lewat tautan https://bit.ly/JagatLiterasi2026. Setiap kebaikan yang Anda berikan bukan hanya membuka jendela pengetahuan, tetapi juga membuka masa depan mereka.",Kompas.com,"Dajan Peken, 82114, Tabanan, Tabanan, Bali, Indonesia",-8.536609490935,115.13552944186335,5,"2, 7","kejaksaan, kejatibali, kejaritabanan, tabanan, news"
Kerajaan Tabanan Sejarah Rajaraja Masa Kejayaan dan Keruntuhan,2021-12-14T08:00:00.000Z,"Kabupaten Tabanan, Bali, Indonesia","Kerajaan Tabanan: Sejarah, Raja-raja, Masa Kejayaan, dan Keruntuhan - Kompas.com","KOMPAS.com - Kerajaan Tabanan adalah salah satu dari beberapa kerajaan yang pernah berdiri di Pulau Bali.
Menurut Babad Arya Tabanan, raja pertama Kerajaan Tabanan adalah Arya Kenceng, yang merupakan keturunan Majapahit.
Pada awalnya, kerajaan ini berada di bawah dinasti Gelgel yang saat itu menguasai seluruh Bali.Sejak didirikan pada abad ke-14, Kerajaan Tabanan terus berkembang hingga mencapai masa kejayaan pada abad ke-17, ketika diperintah oleh Sri Magada Sakti.
Baca juga: Kerajaan Jembrana: Sejarah, Raja-raja, dan Keruntuhan
Sejarah berdirinya
Sejarah berdirinya Kerajaan Tabanan berkaitan erat dengan Kerajaan Majapahit. Pada masa pemerintahan Tribhuanatunggadewi (1329-1350), Majapahit ingin menyatukan kembali Bali dalam kekuasaannya.




Karena tidak dapat ditundukkan dengan cara diplomasi, Majapahit mengirim Gajah Mada dan Adityawarman (Arya Damar) bersama para Arya untuk menguasai Bali.
Adityawarman adalah adipati Palembang yang mempunyai hubungan kekerabatan dengan Raja Majapahit dari garis ibu.Dalam serangan itu, Arya Kenceng, putra Adityawarman, memimpin pertempuran dari selatan.","Pada 1343, Bali akhirnya jatuh ke tangan Majapahit.Untuk mengatasi kekosongan pemerintahan di Bali, Raja Majapahit melantik Sri Kresna Kepakisan menjadi Raja Bali pada 1352 M.
Dalam pelantikan itu, juga diadakan pembagian wilayah Bali bagi para Arya, di mana Arya Kenceng ditugaskan di Tabanan.Setelah Arya Kenceng diangkat menjadi Anglurah Tabanan pada 1352, ia segera membangun istana Buahan di Desa Pucangan dan bergelar Bhatara Arya Kenceng.
Arya Kenceng merupakan raja pertama yang menurunkan penguasa Kerajaan Tabanan selanjutnya.
Pada masa kekuasaan raja ketiganya, yaitu Sirarya Ngurah Langwang atau Prabu Singasana, istana dipindahkan dari Desa Pucangan ke Puri Agung Tabanan.
Baca juga: Kerajaan Gianyar: Sejarah, Raja-raja, dan Keruntuhan
Raja-raja Kerajaan Tabanan

Arya Kenceng
Sri Magada Nata/Arya Yasan
Prabu Singasana/Arya Langwang
I Gusti Ngurah Tabanan I
I Gusti Wayahan Pamedekan
I Gusti Made Pamedekan
I Gusti Ngurah Tabanan II
Prabu Nisweng Panida
I Gusti Made Dalang
I Gusti Nengah Malkangin
I Gusti Bolo di Malkangin
I Gusti Agung Badeng
Prabu Magada Sakti
Anglurah Mur Pamade
I Gusti Ngurah Sekar
I Gusti Ngurah Gede
I Gusti Ngurah Made Rai
I Gusti Ngurah Rai Panebel
I Gusti Ngurah Ubung
I Gusti Ngurah Agung I
I Gusti Ngurah Agung II
I Gusti Ngurah Rai Perang
Cokorda Ngurah Ketut
Regen Gusti Ngurah Wayan
Cokorda Ngurah Gede

Baca juga: Kerajaan Bangli: Sejarah, Raja-Raja, Keruntuhan, dan Peninggalan
Masa kejayaan Kerajaan Tabanan
Kejayaan Tabanan terjadi pada masa pemerintahan Raja Ki Gusti Dawuh yang bergelar Sri Magada Sakti (1650-1725).




  

Pada saat itum Tabanan sangat tertib dan aman, yang selanjutnya memisahkan diri dari kekuasaan Kerajaan Gelgel..","Pada Hari Selasa , 14 Desember 2021 08:00, Tabanan, Tabanan, Bali

KOMPAS.com - Kerajaan Tabanan adalah salah satu dari beberapa kerajaan yang pernah berdiri di Pulau Bali.
Menurut Babad Arya Tabanan, raja pertama Kerajaan Tabanan adalah Arya Kenceng, yang merupakan keturunan Majapahit.
Pada awalnya, kerajaan ini berada di bawah dinasti Gelgel yang saat itu menguasai seluruh Bali.Sejak didirikan pada abad ke-14, Kerajaan Tabanan terus berkembang hingga mencapai masa kejayaan pada abad ke-17, ketika diperintah oleh Sri Magada Sakti.
Baca juga: Kerajaan Jembrana: Sejarah, Raja-raja, dan Keruntuhan
Sejarah berdirinya
Sejarah berdirinya Kerajaan Tabanan berkaitan erat dengan Kerajaan Majapahit. Pada masa pemerintahan Tribhuanatunggadewi (1329-1350), Majapahit ingin menyatukan kembali Bali dalam kekuasaannya.




Karena tidak dapat ditundukkan dengan cara diplomasi, Majapahit mengirim Gajah Mada dan Adityawarman (Arya Damar) bersama para Arya untuk menguasai Bali.
Adityawarman adalah adipati Palembang yang mempunyai hubungan kekerabatan dengan Raja Majapahit dari garis ibu.Dalam serangan itu, Arya Kenceng, putra Adityawarman, memimpin pertempuran dari selatan. Pada 1343, Bali akhirnya jatuh ke tangan Majapahit.Untuk mengatasi kekosongan pemerintahan di Bali, Raja Majapahit melantik Sri Kresna Kepakisan menjadi Raja Bali pada 1352 M.
Dalam pelantikan itu, juga diadakan pembagian wilayah Bali bagi para Arya, di mana Arya Kenceng ditugaskan di Tabanan.Setelah Arya Kenceng diangkat menjadi Anglurah Tabanan pada 1352, ia segera membangun istana Buahan di Desa Pucangan dan bergelar Bhatara Arya Kenceng.
Arya Kenceng merupakan raja pertama yang menurunkan penguasa Kerajaan Tabanan selanjutnya.
Pada masa kekuasaan raja ketiganya, yaitu Sirarya Ngurah Langwang atau Prabu Singasana, istana dipindahkan dari Desa Pucangan ke Puri Agung Tabanan.
Baca juga: Kerajaan Gianyar: Sejarah, Raja-raja, dan Keruntuhan
Raja-raja Kerajaan Tabanan

Arya Kenceng
Sri Magada Nata/Arya Yasan
Prabu Singasana/Arya Langwang
I Gusti Ngurah Tabanan I
I Gusti Wayahan Pamedekan
I Gusti Made Pamedekan
I Gusti Ngurah Tabanan II
Prabu Nisweng Panida
I Gusti Made Dalang
I Gusti Nengah Malkangin
I Gusti Bolo di Malkangin
I Gusti Agung Badeng
Prabu Magada Sakti
Anglurah Mur Pamade
I Gusti Ngurah Sekar
I Gusti Ngurah Gede
I Gusti Ngurah Made Rai
I Gusti Ngurah Rai Panebel
I Gusti Ngurah Ubung
I Gusti Ngurah Agung I
I Gusti Ngurah Agung II
I Gusti Ngurah Rai Perang
Cokorda Ngurah Ketut
Regen Gusti Ngurah Wayan
Cokorda Ngurah Gede

Baca juga: Kerajaan Bangli: Sejarah, Raja-Raja, Keruntuhan, dan Peninggalan
Masa kejayaan Kerajaan Tabanan
Kejayaan Tabanan terjadi pada masa pemerintahan Raja Ki Gusti Dawuh yang bergelar Sri Magada Sakti (1650-1725).




  

Pada saat itum Tabanan sangat tertib dan aman, yang selanjutnya memisahkan diri dari kekuasaan Kerajaan Gelgel.",Kompas.com,"Dajan Peken, 82114, Tabanan, Tabanan, Bali, Indonesia",-8.536609490935,115.13552944186335,5,"2, 7","kejaksaan, kejatibali, kejaritabanan, tabanan, news"
Mantan Bupati Tabanan Ni Putu Eka Wiryastuti Ditetapkan sebagai Tersangka Korupsi Dana Insentif Daerah,2022-03-24T07:00:00.000Z,"Kabupaten Tabanan, Bali, Indonesia",Mantan Bupati Tabanan Ni Putu Eka Wiryastuti Ditetapkan sebagai Tersangka Korupsi Dana Insentif Daerah - nasional.kompas.com,"JAKARTA, KOMPAS.com - Komisi Pemberantasan Korupsi (KPK) mengumumkan mantan Bupati Tabanan, Ni Putu Eka Wiryastuti, sebagai tersangka kasus dugaan korupsi pengurusan dana insentif daerah (DID), Tabanan, Bali tahun 2018.
Eks Bupati Tabanan itu ditetapkan tersangka bersama seorang Dosen I Dewa Nyoman Wiratmaja dan Kepala Seksi Dana Alokasi Khusus Fisik II, Direktorat Jenderal Perimbangan Keuangan, Kementerian Keuangan tahun 2017, Rifa Surya.""KPK menemukan bukti permulaan yang cukup dan meningkatkan perkara ini ke tahap penyidikan pada Oktober 2021,"" ujar Wakil Ketua KPK Lili Pintauli Siregar, dalam konferensi pers, di Gedung Merah Putih KPK, Jakarta, Kamis (24/3/2022).
Baca juga: KPK Duga Dana Insentif Daerah Tabanan Digunakan Tak Sesuai Peruntukannya
Lili menerangkan, Ni Putu Eka Wiryastuti selaku Bupati Tabanan periode 2010-2021 dalam melaksanakan tugasnya mengangkat I Dewa Nyoman Wiratmaja sebagai staf khusus bidang ekonomi dan pembangunan.
Sekitar Agustus 2017, ujar dia, ada inisiatif Bupati Tabanan dua periode itu untuk mengajukan permohonan DID dari pemerintah pusat senilai Rp 65 miliar.




""Untuk merealisasikan keinginannya tersebut, tersangka NPEW (Ni Putu Eka Wiryastuti) memerintahkan tersangka IDNW (I Dewa Nyoman Wiratmaja) menyiapkan seluruh kelengkapan administrasi permohonan pengajuan dana DID dimaksud dan menemui serta berkomunikasi dengan beberapa pihak yang dapat memuluskan usulan tersebut,"" papar Lili.
Adapun pihak yang ditemui I Dewa Nyoman Wiratmaja yaitu Yaya Purnomo dan Rifa Surya yang diduga memiliki kewenangan dan dapat mengawal usulan dana DID untuk Kabupaten Tabanantahun 2018.
Baca juga: KPK Periksa Penggunaan DID untuk Proyek di Pemkab Tabanan
Yaya Purnomo dan Rifa Surya kemudian diduga mengajukan syarat khusus untuk mengawal usulan DID pada Ni Putu Eka Wiryastuti dengan meminta sejumlah uang sebagai fee dengan sebutan “dana adat istiadat”.""Dan permintaan ini lalu diteruskan tersangka IDNW pada tersangka NPEW dan mendapat persetujuan,"" ucap Lili.
""Nilai fee yang ditentukan oleh Yaya Purnomo dan tersangka RS (Rifa Surya) diduga sebesar 2,5 persen dari alokasi dana DID yang nantinya akan didapat oleh Kabupaten Tabanan di Tahun Anggaran 2018,"" sambungnya.
Lebih lanjut, sekitar Agustus-Desember 2017, kata Lili, diduga dilakukan penyerahan uangsecara bertahap oleh I Dewa Nyoman Wiratmaja kepada Yaya Purnomo dan Rifa Surya di salah satu hotel di Jakarta.
Menurut Lili, pemberian uang oleh Ni Putu Eka Wiryastuti melalui I Dewa Nyoman Wiratmaja diduga Rp 600 juta dan 55.300 dollar Amerika
Baca juga: KPK Telusuri Aktivitas Pihak-pihak yang Terkait Pengurusan DID Tabanan
Saat ini, ujar dia, tim penyidik masih akan terus mendalami dugaan adanya aliran uang pada pihak-pihak lain yang diduga juga punya andil dalam pengurusan dana DID untuk Kabupaten Tabanan Tahun Anggaran 2018.
Atas perbuatannya, Ni Putu Eka Wiryastuti dan I Dewa Nyoman Wiratmaja sebagai pihak pemberi disangkakan melanggar Pasal 5 Ayat 1 huruf a atau huruf b atau Pasal 13 Undang-Undang Nomor 31 Tahun 1999.
Sementara itu, Rifa Surya sebagai pihak penerima disangkakan melanggar Pasal 12 huruf a atau Pasal 11 Undang-Undang Nomor 31 Tahun 1999.




  

    
        Bayangkan seorang anak Indonesia bercita-cita menjadi dokter tetapi hanya memiliki satu buku lusuh untuk belajar. Bersama Ekspedisi Kata ke Nyata Kompas.com, Anda bisa membantu mengubah kisah itu.","Mari hadirkan akses literasi bagi anak-anak di berbagai pelosok Indonesia melalui donasi lewat tautan https://bit.ly/JagatLiterasi2026. Setiap kebaikan yang Anda berikan bukan hanya membuka jendela pengetahuan, tetapi juga membuka masa depan mereka.","Pada Hari Kamis , 24 Maret 2022 07:00, Tabanan, Tabanan, Bali

JAKARTA, KOMPAS.com - Komisi Pemberantasan Korupsi (KPK) mengumumkan mantan Bupati Tabanan, Ni Putu Eka Wiryastuti, sebagai tersangka kasus dugaan korupsi pengurusan dana insentif daerah (DID), Tabanan, Bali tahun 2018.
Eks Bupati Tabanan itu ditetapkan tersangka bersama seorang Dosen I Dewa Nyoman Wiratmaja dan Kepala Seksi Dana Alokasi Khusus Fisik II, Direktorat Jenderal Perimbangan Keuangan, Kementerian Keuangan tahun 2017, Rifa Surya.""KPK menemukan bukti permulaan yang cukup dan meningkatkan perkara ini ke tahap penyidikan pada Oktober 2021,"" ujar Wakil Ketua KPK Lili Pintauli Siregar, dalam konferensi pers, di Gedung Merah Putih KPK, Jakarta, Kamis (24/3/2022).
Baca juga: KPK Duga Dana Insentif Daerah Tabanan Digunakan Tak Sesuai Peruntukannya
Lili menerangkan, Ni Putu Eka Wiryastuti selaku Bupati Tabanan periode 2010-2021 dalam melaksanakan tugasnya mengangkat I Dewa Nyoman Wiratmaja sebagai staf khusus bidang ekonomi dan pembangunan.
Sekitar Agustus 2017, ujar dia, ada inisiatif Bupati Tabanan dua periode itu untuk mengajukan permohonan DID dari pemerintah pusat senilai Rp 65 miliar.




""Untuk merealisasikan keinginannya tersebut, tersangka NPEW (Ni Putu Eka Wiryastuti) memerintahkan tersangka IDNW (I Dewa Nyoman Wiratmaja) menyiapkan seluruh kelengkapan administrasi permohonan pengajuan dana DID dimaksud dan menemui serta berkomunikasi dengan beberapa pihak yang dapat memuluskan usulan tersebut,"" papar Lili.
Adapun pihak yang ditemui I Dewa Nyoman Wiratmaja yaitu Yaya Purnomo dan Rifa Surya yang diduga memiliki kewenangan dan dapat mengawal usulan dana DID untuk Kabupaten Tabanantahun 2018.
Baca juga: KPK Periksa Penggunaan DID untuk Proyek di Pemkab Tabanan
Yaya Purnomo dan Rifa Surya kemudian diduga mengajukan syarat khusus untuk mengawal usulan DID pada Ni Putu Eka Wiryastuti dengan meminta sejumlah uang sebagai fee dengan sebutan “dana adat istiadat”.""Dan permintaan ini lalu diteruskan tersangka IDNW pada tersangka NPEW dan mendapat persetujuan,"" ucap Lili.
""Nilai fee yang ditentukan oleh Yaya Purnomo dan tersangka RS (Rifa Surya) diduga sebesar 2,5 persen dari alokasi dana DID yang nantinya akan didapat oleh Kabupaten Tabanan di Tahun Anggaran 2018,"" sambungnya.
Lebih lanjut, sekitar Agustus-Desember 2017, kata Lili, diduga dilakukan penyerahan uangsecara bertahap oleh I Dewa Nyoman Wiratmaja kepada Yaya Purnomo dan Rifa Surya di salah satu hotel di Jakarta.
Menurut Lili, pemberian uang oleh Ni Putu Eka Wiryastuti melalui I Dewa Nyoman Wiratmaja diduga Rp 600 juta dan 55.300 dollar Amerika
Baca juga: KPK Telusuri Aktivitas Pihak-pihak yang Terkait Pengurusan DID Tabanan
Saat ini, ujar dia, tim penyidik masih akan terus mendalami dugaan adanya aliran uang pada pihak-pihak lain yang diduga juga punya andil dalam pengurusan dana DID untuk Kabupaten Tabanan Tahun Anggaran 2018.
Atas perbuatannya, Ni Putu Eka Wiryastuti dan I Dewa Nyoman Wiratmaja sebagai pihak pemberi disangkakan melanggar Pasal 5 Ayat 1 huruf a atau huruf b atau Pasal 13 Undang-Undang Nomor 31 Tahun 1999.
Sementara itu, Rifa Surya sebagai pihak penerima disangkakan melanggar Pasal 12 huruf a atau Pasal 11 Undang-Undang Nomor 31 Tahun 1999.




  

    
        Bayangkan seorang anak Indonesia bercita-cita menjadi dokter tetapi hanya memiliki satu buku lusuh untuk belajar. Bersama Ekspedisi Kata ke Nyata Kompas.com, Anda bisa membantu mengubah kisah itu. Mari hadirkan akses literasi bagi anak-anak di berbagai pelosok Indonesia melalui donasi lewat tautan https://bit.ly/JagatLiterasi2026. Setiap kebaikan yang Anda berikan bukan hanya membuka jendela pengetahuan, tetapi juga membuka masa depan mereka.    
                    Batas akses KARIN
                    
                        Kamu sudah mencapai batas akses KARIN.
                        Gabung membership Kompas.com+ MAX untuk bertanya lebih banyak dan memahami berita dengan lebih leluasa.
                    
                
            
                    
                    
                    Tidak akurat
                
                
                    
                    
                    Tidak relevan
                
                
                    
                    
                    Menyinggung
                
                
                    
                    
                    Terlalu lama
                
                
                    
                    
                    Isu privasi
                
                
                    
                    
                    Lainnya
                
            
            
                    Khusus Member
                    
                        Akses Tanya Langsung Tersedia untuk Member
                        Gabung membership Kompas.com+ MAX untuk bertanya lebih banyak dan memahami berita dengan lebih leluasa.",nasional.kompas.com,"Dajan Peken, 82114, Tabanan, Tabanan, Bali, Indonesia",-8.536609490935,115.13552944186335,5,"2, 7","kejaksaan, kejatibali, kejaritabanan, tabanan, news"
Bupati Tabanan Dorong Desa Wisata Kembangkan Kuliner,2013-07-17T07:00:00.000Z,"Kabupaten Tabanan, Bali, Indonesia",Bupati Tabanan Dorong Desa Wisata Kembangkan Kuliner - Kompas.com,"TABANAN, KOMPAS.com - Bupati Tabanan Ni Putu Eka Wiryastuti mendorong desa wisata di daerahnya mengembangkan kuliner khas perdesaan sebagai upaya menarik minat wisatawan. ""Tentu saja kami akan mendukung pengembangan kuliner oleh masyarakat desa wisata,"" katanya di Tabanan, Bali, Selasa (16/7/2013).Putu Eka menilai kuliner khas Bali pada umumnya monoton sehingga tidak mampu menarik minat wisatawan untuk mencicipinya.","""Kalau saja masyarakat di desa wisata mampu meramu dan menyajikan kuliner yang menggugah selera, tentu wisatawan akan betah dan ini berarti membuka kesempatan kerja bagi masyarakat perdesaan,"" kata putri pertama mantan Bupati Tabanan, Adi Wiryatama itu.Wiryastuti sangat bangga dengan kuliner yang disajikan anggota Padepokan Wirawana, Kecamatan Penebel. ""Masakannya bercita rasa tinggi dan cara penyajiannya juga tidak kalah dengan hotel berbintang,"" katanya.Padepokan itu mampu menyuguhkan ""entil"" atau ketupat khas Penebel yang disajikan bersama ""steak"" ayam dan gurami ""crispy"".Bupati baru menyadari ternyata di Tabanan selain terdapat potensi sumber daya alam yang melimpah, juga memiliki tenaga-tenaga terampil dalam bidang kuliner.","Pada Hari Rabu , 17 Juli 2013 07:00, Tabanan, Tabanan, Bali

TABANAN, KOMPAS.com - Bupati Tabanan Ni Putu Eka Wiryastuti mendorong desa wisata di daerahnya mengembangkan kuliner khas perdesaan sebagai upaya menarik minat wisatawan. ""Tentu saja kami akan mendukung pengembangan kuliner oleh masyarakat desa wisata,"" katanya di Tabanan, Bali, Selasa (16/7/2013).Putu Eka menilai kuliner khas Bali pada umumnya monoton sehingga tidak mampu menarik minat wisatawan untuk mencicipinya. ""Kalau saja masyarakat di desa wisata mampu meramu dan menyajikan kuliner yang menggugah selera, tentu wisatawan akan betah dan ini berarti membuka kesempatan kerja bagi masyarakat perdesaan,"" kata putri pertama mantan Bupati Tabanan, Adi Wiryatama itu.Wiryastuti sangat bangga dengan kuliner yang disajikan anggota Padepokan Wirawana, Kecamatan Penebel. ""Masakannya bercita rasa tinggi dan cara penyajiannya juga tidak kalah dengan hotel berbintang,"" katanya.Padepokan itu mampu menyuguhkan ""entil"" atau ketupat khas Penebel yang disajikan bersama ""steak"" ayam dan gurami ""crispy"".Bupati baru menyadari ternyata di Tabanan selain terdapat potensi sumber daya alam yang melimpah, juga memiliki tenaga-tenaga terampil dalam bidang kuliner. ""Menu yang disajikan oleh warga kita mampu menggugah selera siapa pun untuk mencicipi karena penyajiannya yang sangat apik di samping juga cara penyajiannya,"" katanya.Sementara  Wayan Wirawan selaku pengurus padepokan mengakui bahwa anggotanya mendapat pelatihan dari koki berpengalaman internasional di Bali. ""Anggota kami di Padepokan Wirawana saat ini berjumlah 30 orang. Kemampuan mereka tidak perlu diragukan lagi karena sudah mendapat pelatihan dari ’chef-chef’ andal,"" katanya.



Padepokan, lanjut Wirawan, juga memberdayakan masyarakat sekitar terutama kaum wanita yang tergabung dalam Kelompok Wanita Tani untuk menciptakan lingkungan bersih dan sehat.


  
""Selain mengembangkan kuliner, kami juga memberdayakan kaum perempuan untuk memilah sampah menjadi bank sampah. Selain mampu menciptakan lingkungan yang bersih dan sehat. Program ini juga bisa menambah pemasukan ibu-ibu kita,"" tambah Wirawan.
    
        Bayangkan seorang anak Indonesia bercita-cita menjadi dokter tetapi hanya memiliki satu buku lusuh untuk belajar. Bersama Ekspedisi Kata ke Nyata Kompas.com, Anda bisa membantu mengubah kisah itu. Mari hadirkan akses literasi bagi anak-anak di berbagai pelosok Indonesia melalui donasi lewat tautan https://bit.ly/JagatLiterasi2026. Setiap kebaikan yang Anda berikan bukan hanya membuka jendela pengetahuan, tetapi juga membuka masa depan mereka.",Kompas.com,"Dajan Peken, 82114, Tabanan, Tabanan, Bali, Indonesia",-8.536609490935,115.13552944186335,5,"2, 7","kejaksaan, kejatibali, kejaritabanan, tabanan, news"
Perumahan Terjangkau di Bawah Rp 200 Juta di Kabupaten Tabanan Pilihan Ekonomis,2024-08-04T07:00:00.000Z,"Kabupaten Tabanan, Bali, Indonesia",Perumahan Terjangkau di Bawah Rp 200 Juta di Kabupaten Tabanan: Pilihan Ekonomis - Kompas.com,"KOMPAS.com - Kabupaten Tabanan di Bali sedang menarik perhatian dari para calon pemilik rumah.
Sebagai pusat perhatian, daerah tersebut menawarkan berbagai pilihan rumah subsidi dengan harga terjangkau.
Masyarakat dapat mengakses inforamsi terkait rumah dengan harga kurang dari Rp 200 juta melalui Sistem Informasi Kumpulan Pengembang (Sikumbang).Berikut adalah beberapa pilihan rumah terjangkau di Kabupaten Tabanan:

Perumahan Taman Indah Lestari: Tipe 30/60
Terletak di Kerambitan, Kabupaten Tabanan, perumahan ini dibangun PT Puri Gita Asri seharga Rp 149 juta.
Masing-masing rumah dibuat seluas 30/60 meter persegi. Sebanyak 26 rumah telah terjual, sisanya masih 22 unit lagi.





Bca Pesona Jadi Thp 3: Tipe 25
Perumahan satu ini dikembangkan oleh PT Bumi Cempaka Asri yang terletak di Kediri, Kabupaten Tabanan.","Menawarkan 114 rumah dengan harga Rp 168 juta.
Luas bangunan rumah dibuat 25/60 meter persegi. Hingga saat ini, sudah terjual 95 rumah dan masih tersisa 19 unit lagi. 

Gedong Mandung V: Tipe 36
Berlokasi di Kerambitan, Kabupaten Tabanan, proyek perumahan ini dikembangkan oleh PT Gedong Becik Raindra seharga Rp 168 juta.
Bangunan rumah dibuat seluas 36/60 meter persegi.","Pada Hari Minggu , 4 Agustus 2024 07:00, Tabanan, Tabanan, Bali

KOMPAS.com - Kabupaten Tabanan di Bali sedang menarik perhatian dari para calon pemilik rumah.
Sebagai pusat perhatian, daerah tersebut menawarkan berbagai pilihan rumah subsidi dengan harga terjangkau.
Masyarakat dapat mengakses inforamsi terkait rumah dengan harga kurang dari Rp 200 juta melalui Sistem Informasi Kumpulan Pengembang (Sikumbang).Berikut adalah beberapa pilihan rumah terjangkau di Kabupaten Tabanan:

Perumahan Taman Indah Lestari: Tipe 30/60
Terletak di Kerambitan, Kabupaten Tabanan, perumahan ini dibangun PT Puri Gita Asri seharga Rp 149 juta.
Masing-masing rumah dibuat seluas 30/60 meter persegi. Sebanyak 26 rumah telah terjual, sisanya masih 22 unit lagi.





Bca Pesona Jadi Thp 3: Tipe 25
Perumahan satu ini dikembangkan oleh PT Bumi Cempaka Asri yang terletak di Kediri, Kabupaten Tabanan. Menawarkan 114 rumah dengan harga Rp 168 juta.
Luas bangunan rumah dibuat 25/60 meter persegi. Hingga saat ini, sudah terjual 95 rumah dan masih tersisa 19 unit lagi. 

Gedong Mandung V: Tipe 36
Berlokasi di Kerambitan, Kabupaten Tabanan, proyek perumahan ini dikembangkan oleh PT Gedong Becik Raindra seharga Rp 168 juta.
Bangunan rumah dibuat seluas 36/60 meter persegi. Hingga saat ini, masih tersedia 12 rumah dari total 26 unit yang disediakan.

Graha Kita Tahaf Ii: Tipe 35/66
Perumahan keempat ini terletak di Salamadeg Timur, Kabupaten Tabanan. Total rumah yang ditawarkan 24 unti seharga Rp 168 juta.
Bangunan rumah dibuat seluas 35/66 meter persgei. PT Jatayu Dewata masih memasarkan sisa satu rumah lagi. 

Bca Multi Jadi Ix Thp 3: Tipe 25
Di Kediri, Kabupaten Tabanan, terdapat perumahan dengan total 136 unit. Saat ini, telah terjual 95 rumah dengan harga Rp 168 juta per unit.
Bangunan-bangunan rumah dibuat seluas 25/60 meter persegi. PT Bumi Cempaka Asri masih memasarkan 41 rumah lagi.





  




    
        Bayangkan seorang anak Indonesia bercita-cita menjadi dokter tetapi hanya memiliki satu buku lusuh untuk belajar. Bersama Ekspedisi Kata ke Nyata Kompas.com, Anda bisa membantu mengubah kisah itu. Mari hadirkan akses literasi bagi anak-anak di berbagai pelosok Indonesia melalui donasi lewat tautan https://bit.ly/JagatLiterasi2026. Setiap kebaikan yang Anda berikan bukan hanya membuka jendela pengetahuan, tetapi juga membuka masa depan mereka.",Kompas.com,"Dajan Peken, 82114, Tabanan, Tabanan, Bali, Indonesia",-8.536609490935,115.13552944186335,5,"2, 7","kejaksaan, kejatibali, kejaritabanan, tabanan, news"
Pemuka Agama di Tabanan Bali Jadi Tersangka Pelecehan Seksual,2023-10-13T07:00:00.000Z,"Kabupaten Tabanan, Bali, Indonesia",Pemuka Agama di Tabanan Bali Jadi Tersangka Pelecehan Seksual - Kompas.com,"TABANAN, KOMPAS.com - Polres Tabanan menetapkan seorang pemuka agama berinisial KDA di Kabupaten Tabanan, Provinsi Bali, atas kasus dugaan pelecehan seksual terhadap seorang perempuan berinisial NCK (22). Kapolres Tabanan, AKBP Leo Dedy Defretes mengatakan tersangka dijerat Pasal 6 huruf a Undang-undang RI No 12 tahun 2022 tentang Tindak Pidana Kekerasan Seksual (TPKS).
""Konstruksi pasal yang kami pakai adalah UU No 12 tahun 2022 Pasal 6 huruf a tentang TPKS,"" ujarnya, Jumat (13/10/2023) dalam keterangan pers di Mapolres Tabanan.Baca juga: Kasus Pelecehan Seksual, 2 Eks Mahasiswa FK Unand Divonis 9 Bulan Penjara
Polisi masih mendalami penyidikan penanganan kasus tersebut.","Dalam proses penyidikan itu, penyidik berkoordinasi dengan Jaksa Penuntut Umum (JPU) terkait pasal yang disangkakan.
Menurutnya, tak menutup kemungkinan polisi akan mengenakan pasal tambahan terhadap tersangka. ""Kami mohon waktu, dalam proses penyidikan ini tidak berhenti sampai di pasal ini saja.","Pada Hari Jumat , 13 Oktober 2023 07:00, Tabanan, Tabanan, Bali

TABANAN, KOMPAS.com - Polres Tabanan menetapkan seorang pemuka agama berinisial KDA di Kabupaten Tabanan, Provinsi Bali, atas kasus dugaan pelecehan seksual terhadap seorang perempuan berinisial NCK (22). 
Kapolres Tabanan, AKBP Leo Dedy Defretes mengatakan tersangka dijerat Pasal 6 huruf a Undang-undang RI No 12 tahun 2022 tentang Tindak Pidana Kekerasan Seksual (TPKS).
""Konstruksi pasal yang kami pakai adalah UU No 12 tahun 2022 Pasal 6 huruf a tentang TPKS,"" ujarnya, Jumat (13/10/2023) dalam keterangan pers di Mapolres Tabanan.Baca juga: Kasus Pelecehan Seksual, 2 Eks Mahasiswa FK Unand Divonis 9 Bulan Penjara
Polisi masih mendalami penyidikan penanganan kasus tersebut. Dalam proses penyidikan itu, penyidik berkoordinasi dengan Jaksa Penuntut Umum (JPU) terkait pasal yang disangkakan.
Menurutnya, tak menutup kemungkinan polisi akan mengenakan pasal tambahan terhadap tersangka. 




""Kami mohon waktu, dalam proses penyidikan ini tidak berhenti sampai di pasal ini saja. Kami akan koordinasi dengan kejaksaan untuk kemungkinan menggunakan penambahan pasal lain,"" sambung dia.Hingga saat ini, polisi telah memeriksa setidaknya tujuh orang saksi dan mengumpulkan sejumlah barang bukti dalam kasus tersebut.
""Kami melakukan pendalaman dan kemungkinan dilakukan pemanggilan terhadap saksi-saksi lainnya,"" katanya.
Adapun tersangka diduga melecehkan korban di sebuah kos-kosan di Desa Pandak Gede, Kecamatan Kediri, Kabupaten Tabanan, pada, Kamis (21/9/2023) malam.
Baca juga: Dugaan Pelecehan Seksual di UIN Salatiga, Polisi Sebut Belum Ada Laporan 
Kejadian dugaan pelecehan seksual ini sempat diunggah oleh pegiat media sosial dan viral.




  

    
        Bayangkan seorang anak Indonesia bercita-cita menjadi dokter tetapi hanya memiliki satu buku lusuh untuk belajar. Bersama Ekspedisi Kata ke Nyata Kompas.com, Anda bisa membantu mengubah kisah itu. Mari hadirkan akses literasi bagi anak-anak di berbagai pelosok Indonesia melalui donasi lewat tautan https://bit.ly/JagatLiterasi2026. Setiap kebaikan yang Anda berikan bukan hanya membuka jendela pengetahuan, tetapi juga membuka masa depan mereka.",Kompas.com,"Dajan Peken, 82114, Tabanan, Tabanan, Bali, Indonesia",-8.536609490935,115.13552944186335,5,"2, 7","kejaksaan, kejatibali, kejaritabanan, tabanan, news"
Tabanan Arsip Page 599 of 599,2026-09-25T16:08:02.000Z,"Kabupaten Tabanan, Bali, Indonesia",Tabanan Arsip | Page 599 of 599 - BALIPOST.com,"Pemuda Ini Sewa Mobil Untuk Curi GabahTabanan Senin, 13 Maret 2017 | 17:22:04 TABANAN, BALIPOST.com – Berdalih untuk memenuhi kebutuhan hidup dan berfoya-foya, tiga pemuda hanya tamatan SMP asal desa Sangketan, kecamatan Penebel diciduk Polisi. Ketiganya diamankan,...Galian C Kelating Akhirnya Ditutup SementaraTabanan Kamis, 9 Maret 2017 | 16:44:04 TABANAN, BALIPOST.com – Sehari setelah Ombudsman Republik Indonesia (ORI) Bali turun mengusut ijin aktivitas galian C di desa Kelating, kecamatan Kerambitan, Kamis (9/3) giliran Kepala...Ombudsman Usut Ijin Galian C di KelatingTabanan Rabu, 8 Maret 2017 | 16:29:08 TABANAN, BALIPOST.com – Status perijinan galian C di Desa Kelating, Kecamatan Kerambitan, yang diduga bodong rupanya mendapatkan perhatian serius dari Ombudsman Republik Indonesia (ORI)....",,"Pada Hari Jumat , 25 September 2026 16:08, Tabanan, Tabanan, Bali

Pemuda Ini Sewa Mobil Untuk Curi GabahTabanan Senin, 13 Maret 2017 | 17:22:04 TABANAN, BALIPOST.com – Berdalih untuk memenuhi kebutuhan hidup dan berfoya-foya, tiga pemuda hanya tamatan SMP asal desa Sangketan, kecamatan Penebel diciduk Polisi. Ketiganya diamankan,...Galian C Kelating Akhirnya Ditutup SementaraTabanan Kamis, 9 Maret 2017 | 16:44:04 TABANAN, BALIPOST.com – Sehari setelah Ombudsman Republik Indonesia (ORI) Bali turun mengusut ijin aktivitas galian C di desa Kelating, kecamatan Kerambitan, Kamis (9/3) giliran Kepala...Ombudsman Usut Ijin Galian C di KelatingTabanan Rabu, 8 Maret 2017 | 16:29:08 TABANAN, BALIPOST.com – Status perijinan galian C di Desa Kelating, Kecamatan Kerambitan, yang diduga bodong rupanya mendapatkan perhatian serius dari Ombudsman Republik Indonesia (ORI)...",BALIPOST.com,"Dajan Peken, 82114, Tabanan, Tabanan, Bali, Indonesia",-8.536609490935,115.13552944186335,5,"2, 7","kejaksaan, kejatibali, kejaritabanan, tabanan, news"
Bus yang Angkut 42 Siswa SMP di Surabaya Kecelakaan di Tabanan Pihak Sekolah Beri Layanan Trauma Healing,2022-06-21T07:00:00.000Z,"Kabupaten Tabanan, Bali, Indonesia","Bus yang Angkut 42 Siswa SMP di Surabaya Kecelakaan di Tabanan, Pihak Sekolah Beri Layanan ""Trauma Healing"" - Kompas.com","SURABAYA, KOMPAS.com - Rombongan siswa Sekolah Menengah Pertama (SMP) Labschool Unesa 2 Surabaya telah tiba di Surabaya, Senin (20/6/2022) setelah bus yang membawa mereka mengalami tabrakan beruntun di Baturiti, Tabanan, Bali.
Kecelakaan tersebut mengakibatkan satu orang tewas dan delapan lainnya luka-luka.
Baca juga: Pengakuan Sopir Bus, Tersangka Tabrakan Beruntun di Tabanan Bali: Kalau Saya Buang ke Kiri, Korban Mungkin Lebih BanyakSebanyak 42 siswa dan empat guru yang berada di dalam bus, semuanya kini tengah menjalani trauma healing dari tim Satuan Mitigasi Crisis Center (SMCC) Universitas Negeri Surabaya (UNESA).
Wakil Bidang Akademik Badan Pengelolaan Labschool Unesa, Widya Nusantara menerangkan bahwa trauma healing tersebut melibatkan semua siswa dan guru yang tergabung dalam rombongan study tour ke Bali.
Baca juga: Sebelum Tabrakan Beruntun di Tabanan, Penumpang Cium Bau Terbakar lalu Bus Melaju Zig-zag




Menurutnya, penumpang bus tentu merasakan syok usai mengalami kejadian tersebut.
""Sebagai orangtua tentulah ada rasa khawatir. Karena itu kita berikan penanganan juga.","Siswa aman dan ini kita kembalikan kondisi psikologisnya dan kita harapkan orangtua juga tenang,” kata Widya kepada Kompas.com, Selasa (21/6/2022).
Baca juga: Kecelakaan Maut di Baturiti Tabanan, Sopir Bus Pariwisata Jadi Tersangka


Widya menjelaskan, sejak rombongan korban tiba di Surabaya, tim SMCC telah melakukan asesmen untuk memastikan bahwa kondisi siswa baik-baik saja.
Ternyata ada empat orang yang mengalami luka terkena serpihan kaca, termasuk satu guru olahraga. 
“Kami sudah cek. Clear, tidak ada yang sampai parah.","Pada Hari Selasa , 21 Juni 2022 07:00, Tabanan, Tabanan, Bali

SURABAYA, KOMPAS.com - Rombongan siswa Sekolah Menengah Pertama (SMP) Labschool Unesa 2 Surabaya telah tiba di Surabaya, Senin (20/6/2022) setelah bus yang membawa mereka mengalami tabrakan beruntun di Baturiti, Tabanan, Bali.
Kecelakaan tersebut mengakibatkan satu orang tewas dan delapan lainnya luka-luka.
Baca juga: Pengakuan Sopir Bus, Tersangka Tabrakan Beruntun di Tabanan Bali: Kalau Saya Buang ke Kiri, Korban Mungkin Lebih BanyakSebanyak 42 siswa dan empat guru yang berada di dalam bus, semuanya kini tengah menjalani trauma healing dari tim Satuan Mitigasi Crisis Center (SMCC) Universitas Negeri Surabaya (UNESA).
Wakil Bidang Akademik Badan Pengelolaan Labschool Unesa, Widya Nusantara menerangkan bahwa trauma healing tersebut melibatkan semua siswa dan guru yang tergabung dalam rombongan study tour ke Bali.
Baca juga: Sebelum Tabrakan Beruntun di Tabanan, Penumpang Cium Bau Terbakar lalu Bus Melaju Zig-zag




Menurutnya, penumpang bus tentu merasakan syok usai mengalami kejadian tersebut.
""Sebagai orangtua tentulah ada rasa khawatir. Karena itu kita berikan penanganan juga. Siswa aman dan ini kita kembalikan kondisi psikologisnya dan kita harapkan orangtua juga tenang,” kata Widya kepada Kompas.com, Selasa (21/6/2022).
Baca juga: Kecelakaan Maut di Baturiti Tabanan, Sopir Bus Pariwisata Jadi Tersangka


Widya menjelaskan, sejak rombongan korban tiba di Surabaya, tim SMCC telah melakukan asesmen untuk memastikan bahwa kondisi siswa baik-baik saja.
Ternyata ada empat orang yang mengalami luka terkena serpihan kaca, termasuk satu guru olahraga. 
“Kami sudah cek. Clear, tidak ada yang sampai parah. Yang lecet dikit pun baik-baik saja dan beraktivitas seperti biasanya. Namun secara psikis perlu diberikan penanganan. Ini kami pihak sekolah dan SMCC benar-benar fokus penanganan psikologis dan pendampingan. Untuk aktivitas sekolah kami undur dulu sampai penanganan selesai,” terangnya.
Baca juga: PN Surabaya Izinkan Pasangan Beda Agama Menikah, Ini PertimbangannyaWiryo Nuryono, Ketua Divisi  SMCC UNESA menyatakan, sekitar 20 personel yang terdiri dari konselor dan psikolog UNESA terlibat untuk memberikan penanganan kepada seluruh siswa baik kelas VII maupun kelas VIII.
Penanganan juga menyasar kepada guru dan orangtua siswa. 
Ada penanganan yang bersifat individual dan ada yang berkelompok, didasarkan pada tingkat trauma atau kondisi psikis yang dialami siswa.
“Untuk yang individual ada timnya sendiri, pendekatannya sendiri dan ruangannya sendiri. Begitu pun yang kelompok. Semua sudah disiapkan dan ini sedang proses healing. Nanti teman-teman dari Pemkot mau ke sini, kami sudah koordinasi. Kita sama-sama beri treatment,” ucapnya.  
Baca juga: Kronologi Kecelakaan Beruntun Bus Pariwisata Tabrak 10 Kendaraan di Tabanan Bali
Melihat kondisi keparahan trauma yang dialami korban, Wiryo tidak bisa menargetkan kapan semua korban kembali normal, sebab kondisi psikologi masing-masing korban tidak sama.
“Mengenai sampai kapan treatment ini berlangsung, belum bisa ditentukan, karena trauma seseorang kadang bisa ditangani cepat kadang bisa lama. Tidak bisa diprediksi. Namun kami tetap memberikan yang terbaik sampai semua kembali pulih,” pungkas dia.
Rombongan siswa SMP Labschool Unesa 2 Surabaya berangkat ke Bali dalam rangka study tour.Mereka bertolak dari Surabaya pada Jumat melalui jalur utara, menggunakan tiga kendaraan yakni dua bus pariwisata dan satu Hiace.
Total ada 88 orang yang ikut dalam rombongan itu. Rinciannya, 62 siswa kelas VII dan VIII, 25 guru, dan satu keluarga guru.
Namun bus yang membawa 46 orang mengalami kecelakaan beruntun di Baturiti, Tabanan.




  

    
        Bayangkan seorang anak Indonesia bercita-cita menjadi dokter tetapi hanya memiliki satu buku lusuh untuk belajar. Bersama Ekspedisi Kata ke Nyata Kompas.com, Anda bisa membantu mengubah kisah itu. Mari hadirkan akses literasi bagi anak-anak di berbagai pelosok Indonesia melalui donasi lewat tautan https://bit.ly/JagatLiterasi2026. Setiap kebaikan yang Anda berikan bukan hanya membuka jendela pengetahuan, tetapi juga membuka masa depan mereka.",Kompas.com,"Dajan Peken, 82114, Tabanan, Tabanan, Bali, Indonesia",-8.536609490935,115.13552944186335,5,"2, 7","kejaksaan, kejatibali, kejaritabanan, tabanan, news"
Belajar Tentang Herbal dan Kopi Aktivitas Wisata Baru di Tabanan,2016-12-13T08:00:00.000Z,"Kabupaten Tabanan, Bali, Indonesia","Belajar Tentang Herbal dan Kopi, Aktivitas Wisata Baru di Tabanan - Kompas.com","JAKARTA, KOMPAS.com - Bali kini memiliki obyek wisata edukasi baru bernama Bali Secret Garden. Wisatawan bisa belajar tentang kekayaan herbal Indonesia yang belum banyak diketahui.","Misalnya, pembuatan lulur tradisional dan keunggulan kopi Tanah Air.""Ini objek wisata dan edukasi herborist pertama di Bali Utara. Namanya Bali Secret Garden.","Pada Hari Selasa , 13 Desember 2016 08:00, Tabanan, Tabanan, Bali

JAKARTA, KOMPAS.com - Bali kini memiliki obyek wisata edukasi baru bernama Bali Secret Garden. Wisatawan bisa belajar tentang kekayaan herbal Indonesia yang belum banyak diketahui. Misalnya, pembuatan lulur tradisional dan keunggulan kopi Tanah Air.""Ini objek wisata dan edukasi herborist pertama di Bali Utara. Namanya Bali Secret Garden. Wahananya telah resmi dibuka per 9 Desember 2016 oleh Menteri Pariwisata Arief Yahya. Ini menjadi destinasi baru pariwisata Bali,” terang Ketua Tim Percepatan Wisata Kuliner dan Belanja Kemenpar, Vita Datau Messakh seperti dikutip dari siaran pers Kementerian Pariwisata kepada KompasTravel, Senin (12/12/2016).Secara arsitektur, bangunan Secret Garden Village adalah perpaduan unsur modern dan tradisional khas Bali. Bangunan di Secret Garden Village ini terinspirasi dari pegunungan yang ada di sekitar Tabanan.Di Bali Secret Garden, wisatawan bisa mengunjungi Oemah Herborist Factory Outlet dan menjumpai salah satu produk kecantikan yang terkenal dengan lulur khas Bali-nya. Di area ini, pengunjung akan diajak mengunjungi Beauty Heritage Museum yang menyimpan sejarah dunia kecantikan dan kosmetik di Indonesia. Pengunjung juga bisa membuat kosmetik dari bahan alami di area mini plant serta menonton film pendek tentang kosmetik Indonesia dari masa ke masa.
Selanjutnya, ada wisata edukasi tentang kopi di Black Eye Coffee and Roastery yang bisa dinikmati. Di bagian ini, pengunjung bisa mempelajari proses pembuatan kopi berkualitas tinggi yang diracik langsung oleh para barista.
Dok. Bali Secret Garden Bagi pecinta kopi, Black Eye Coffee memberikan Anda kesempatan untuk menjelajah museum kopi, melihat proses pembuatan mulai dari pemrosesan biji mentah hingga menjadi kopi bubuk berkualitas tinggi, menyesap lezatnya kopi dari berbagai macam jenis, dan tentunya memilih berbagai jenis kopi untuk Anda bawa pulang.Sambil beristirahat sejenak, pengunjung juga bisa menikmati berbagai jenis kopi khas Nusantara seperti Kopi Toraja, Aceh, Lampung, Jawa, dan kopi dari beragam daerah lain.



“Kopi yang diolah di sini semuanya adalah kopi khas Nusantara, namun pengolahannya menggunakan mesin yang modern,” tambah Vita.
Bagi pecinta kopi, Black Eye Coffee memberikan Anda kesempatan untuk menjelajah museum kopi, melihat proses pembuatan mulai dari proses pengolahan biji mentah hingga menjadi kopi bubuk berkualitas tinggi, menyesap lezatnya kopi dari berbagai macam jenis, dan tentunya memilih berbagai jenis kopi untuk Anda bawa pulang.
Selain dua aktivitas tersebut, Anda dapat menikmati indahnya alam Bedugul yang dikelilingi perbukitan sambil menikmati kuliner lezat khas Bali dan menu internasional di Rice View Resto. Tempat makan ini khusus untuk BBQ, sementara The Luwus Resto yang menyediakan menu Nusantara dan menu masakan Asia.“Menu tradisional Tabanan Bebek Luwung menjadi makanan andalan tempat ini, selain makanan seafood dan makanan Western lainnya. Bebek luwung diolah dengan bumbu khas Bali yang memberikan pengalaman rasa secara lengkap,” terang wanita yang juga menjabat Ketua Akademi Gastronomi Indonesia itu.Dok. Bali Secret Garden Gourmet Bali Secret GardenBagi yang suka swafoto, silahkan arahkan pandangan ke Beauty Garden dengan hiasan taman yang indah. 
“Konsep Gourmet Beauty tersaji secara indah dan dapat diekpresikan sebagai usaha menggabungkan pengalaman panca indra yang lengkap visual, rasa, penciuman, pendengaran dan sentuhan. Sangat cocok untuk wisata keluarga. Ini menjadi aset promosi untuk mendatangkan wisatawan mancanegara khususnya wisatawan gastronomi,” tambah Vita.Menpar Arief Yahya menilai objek wisata baru ini berhasil menggabungkan pariwisata dan ekonomi kreatif. Menurutnya, Secret Garden Village akan ikut membantu upaya pemerintah meningkatkan kontribusi pariwisata dan ekonomi kreatif.
“Bangsa ini hanya bisa menangkan persaingan di ekonomi kreatif.‎ Kita akan menangkan persaingan dengan relatif mudah di pariwisata dan ekonomi kreatif,” jelasnya.
Dia memaparkan objek wisata di kawasan Bali Utara ini menggabungkan ekonomi kreatif kuliner dan fashion khususnya produk kosmetik. Dua pilihan tersebut dinilai sangat bagus, karena kedua sektor tersebut merupakan penyumbang terbesar devisa dari ekonomi kreatif.Dok. Bali Secret Garden Gourmet Bali Secret Garden Pemilik Secret Garden Village, Billy Hartono Salim mengharapkan keberadaan objek baru ini dapat menjadi ikon baru di Bali khususnya di Kabupaten Tabanan.
“Keberadaan objek baru ini sekaligus untuk menempatkan investasi tidak terbatas di Bali selatan saja, tetapi ke utara,” jelas Billy yang beruntung bisa dihadiri Menpar Arief Yahya.
Bagi yang ingin menyambangi Bali Secret Garden, lokasinya terbilang mudah dijangkau. Destinasi wisata dengan slogan ""The Next Iconic Destination of Bali Island"" itu terletak di Tabanan Km 36.


  


        Bayangkan seorang anak Indonesia bercita-cita menjadi dokter tetapi hanya memiliki satu buku lusuh untuk belajar. Bersama Ekspedisi Kata ke Nyata Kompas.com, Anda bisa membantu mengubah kisah itu. Mari hadirkan akses literasi bagi anak-anak di berbagai pelosok Indonesia melalui donasi lewat tautan https://bit.ly/JagatLiterasi2026. Setiap kebaikan yang Anda berikan bukan hanya membuka jendela pengetahuan, tetapi juga membuka masa depan mereka.",Kompas.com,"Dajan Peken, 82114, Tabanan, Tabanan, Bali, Indonesia",-8.536609490935,115.13552944186335,5,"2, 7","kejaksaan, kejatibali, kejaritabanan, tabanan, news"
Berita Kilas Daerah Kabupaten Tabanan Hari Ini,2024-07-17T05:27:07.000Z,"Kabupaten Tabanan, Bali, Indonesia",Berita Kilas Daerah Kabupaten Tabanan Hari Ini - Kompas.com,"TABANAN
                    

            
    
        
            
                
                
                
                    Tabanan Jadi Kabupaten Terbaik III Tekan Kemiskinan dan Stunting di Jawa-Bali
                    Salah satu inovasi yang terbukti mampu mendukung percepatan penurunan stunting di Kabupaten Tabanan adalah program unggulan Bupati Ngantor di Desa.
                    
                        
                            
                                TABANAN
                            
                            
                                5 Juni 2026
                            
                        
                    
                
            
        
    
    
                                      
            
                
                    
                    
                    
                        Kunjungan Ke-55 Program 'Bungan Desa', Bupati Tabanan Fokus Kembangkan Potensi Lokal
                        
                            
                                
                                    TABANAN
                                
                                
                                    30 Juli 2024
                                
                            
                        
                    
                
            
                          
            
                
                    
                    
                    
                        Ikuti Pesan Bung Karno, Bupati Tabanan Dorong KTNA Jaga Kemandirian Pangan
                        
                            
                                
                                    TABANAN
                                
                                
                                    29 Juli 2024
                                
                            
                        
                    
                
            
                          
            
                
                    
                    
                    
                        Ketua TP-PKK Tabanan Intensifkan Program Sosial di Marga dan Baturiti
                        
                            
                                
                                    TABANAN
                                
                                
                                    27 Juli 2024
                                
                            
                        
                    
                
            
                    

        

                
            
                
                    Feature
                
            

            
    
        
            
            
            
                Ketua TP-PKK Tabanan Intensifkan Program Sosial di Marga dan Baturiti
                
                    
                        
                            TABANAN
                        
                        
                            27 Juli 2024
                        
                    
                
            
        
    

        
        
                
            
                
                    All News
                
            

            
                 
    
        
            
            
            
                Ngantor di Desa Buahan, Bupati Tabanan Apresiasi Inovasi Mi Kelor yang Unik dan Sehat
                
                    
                        
                            TABANAN
                        
                        
                            26 Juli 2024
                        
                    
                
            
        
    

    
        
            
            
            
                Lestarikan Budaya dan Tradisi, Bupati Tabanan Pimpin Bhakti Penganyar di 2 Pura Suci di Jatim
                
                    
                        
                            TABANAN
                        
                        
                            23 Juli 2024
                        
                    
                
            
        
    

    
        
            
            
            
                Ceria dan Penuh Semangat, Anak-anak Belajar Story Telling bersama Bunda PAUD Tabanan
                
                    
                        
                            TABANAN
                        
                        
                            17 Juli 2024
                        
                    
                
            
        
    

    
        
            
            
            
                Festival Jatiluwih V Sukses Digelar, Bupati Tabanan Apresiasi Seluruh Pihak yang Terlibat
                
                    
                        
                            TABANAN
                        
                        
                            17 Juli 2024.",,"Pada Hari Rabu , 17 Juli 2024 05:27, Tabanan, Tabanan, Bali

TABANAN
                    

            
    
        
            
                
                
                
                    Tabanan Jadi Kabupaten Terbaik III Tekan Kemiskinan dan Stunting di Jawa-Bali
                    Salah satu inovasi yang terbukti mampu mendukung percepatan penurunan stunting di Kabupaten Tabanan adalah program unggulan Bupati Ngantor di Desa.
                    
                        
                            
                                TABANAN
                            
                            
                                5 Juni 2026
                            
                        
                    
                
            
        
    
    
                                      
            
                
                    
                    
                    
                        Kunjungan Ke-55 Program 'Bungan Desa', Bupati Tabanan Fokus Kembangkan Potensi Lokal
                        
                            
                                
                                    TABANAN
                                
                                
                                    30 Juli 2024
                                
                            
                        
                    
                
            
                          
            
                
                    
                    
                    
                        Ikuti Pesan Bung Karno, Bupati Tabanan Dorong KTNA Jaga Kemandirian Pangan
                        
                            
                                
                                    TABANAN
                                
                                
                                    29 Juli 2024
                                
                            
                        
                    
                
            
                          
            
                
                    
                    
                    
                        Ketua TP-PKK Tabanan Intensifkan Program Sosial di Marga dan Baturiti
                        
                            
                                
                                    TABANAN
                                
                                
                                    27 Juli 2024
                                
                            
                        
                    
                
            
                    

        

                
            
                
                    Feature
                
            

            
    
        
            
            
            
                Ketua TP-PKK Tabanan Intensifkan Program Sosial di Marga dan Baturiti
                
                    
                        
                            TABANAN
                        
                        
                            27 Juli 2024
                        
                    
                
            
        
    

        
        
                
            
                
                    All News
                
            

            
                 
    
        
            
            
            
                Ngantor di Desa Buahan, Bupati Tabanan Apresiasi Inovasi Mi Kelor yang Unik dan Sehat
                
                    
                        
                            TABANAN
                        
                        
                            26 Juli 2024
                        
                    
                
            
        
    

    
        
            
            
            
                Lestarikan Budaya dan Tradisi, Bupati Tabanan Pimpin Bhakti Penganyar di 2 Pura Suci di Jatim
                
                    
                        
                            TABANAN
                        
                        
                            23 Juli 2024
                        
                    
                
            
        
    

    
        
            
            
            
                Ceria dan Penuh Semangat, Anak-anak Belajar Story Telling bersama Bunda PAUD Tabanan
                
                    
                        
                            TABANAN
                        
                        
                            17 Juli 2024
                        
                    
                
            
        
    

    
        
            
            
            
                Festival Jatiluwih V Sukses Digelar, Bupati Tabanan Apresiasi Seluruh Pihak yang Terlibat
                
                    
                        
                            TABANAN
                        
                        
                            17 Juli 2024",Kompas.com,"Dajan Peken, 82114, Tabanan, Tabanan, Bali, Indonesia",-8.536609490935,115.13552944186335,5,"2, 7","kejaksaan, kejatibali, kejaritabanan, tabanan, news"
Ibu dan Anak Tersesat Saat Daki Gunung Batukaru di Tabanan Basarnas Lakukan Pencarian,2025-07-07T07:00:00.000Z,"Kabupaten Tabanan, Bali, Indonesia","Ibu dan Anak Tersesat Saat Daki Gunung Batukaru di Tabanan, Basarnas Lakukan Pencarian - Kompas.com","TABANAN, KOMPAS.com - Seorang ibu bernama Astuti (40) dan anaknya, Resta (19), tersesat saat mendaki Gunung Batukaru di Kecamatan Penebel, Kabupaten Tabanan, Provinsi Bali.
Kepala Basarnas Bali, I Nyoman Sidakarya menyampaikan bahwa kedua korban tersesat saat turun dari puncak Gunung Batukaru, Tabanan, Bali, pada Minggu (6/7/2025).
""Awalnya mereka melakukan pendakian bersama tujuh orang lainnya dalam satu rombongan,"" ujarnya, Senin (7/7/2025).Baca juga: 4 Pendaki Tersesat di Gunung Batukaru Tabanan, Basarnas Lakukan Pencarian
Rombongan memulai pendakian pada Minggu dini hari sekitar pukul 02.00 Wita dari jalur Pura Malem Desa Pupuan.
Ketika tiba di puncak, kedua korban memutuskan untuk turun terlebih dahulu.




Namun, hingga Minggu malam, keduanya tak kunjung kembali.Dari laporan yang diterima petugas siaga Basarnas Bali pada pukul 21.15 Wita, diketahui identitas kedua korban.
Mereka merupakan warga yang tinggal di daerah Tuban, Badung. ""Laporan kami terima, dikatakan perkiraan waktu kejadian kurang lebih pukul 11.00 Wita,"" ucap Sidakarya.
Baca juga: 4 Remaja Tersesat di Gunung Batukaru Tabanan
Setelah menerima laporan, sebanyak lima orang personel Basarnas dikerahkan untuk melakukan pencarian.
Tim SAR juga berkoordinasi dengan Polsek Penebel Tabanan dan pemandu lokal Batukaru.
""Saat ini cuaca di lokasi hujan ringan dengan suhu mencapai 22 derajat dan jarak pandang berkisar 11,6 km.","Semoga upaya pencarian bisa berjalan lancar,"" ucapnya. 




  

    
        Bayangkan seorang anak Indonesia bercita-cita menjadi dokter tetapi hanya memiliki satu buku lusuh untuk belajar. Bersama Ekspedisi Kata ke Nyata Kompas.com, Anda bisa membantu mengubah kisah itu.","Pada Hari Senin , 7 Juli 2025 07:00, Tabanan, Tabanan, Bali

TABANAN, KOMPAS.com - Seorang ibu bernama Astuti (40) dan anaknya, Resta (19), tersesat saat mendaki Gunung Batukaru di Kecamatan Penebel, Kabupaten Tabanan, Provinsi Bali.
Kepala Basarnas Bali, I Nyoman Sidakarya menyampaikan bahwa kedua korban tersesat saat turun dari puncak Gunung Batukaru, Tabanan, Bali, pada Minggu (6/7/2025).
""Awalnya mereka melakukan pendakian bersama tujuh orang lainnya dalam satu rombongan,"" ujarnya, Senin (7/7/2025).Baca juga: 4 Pendaki Tersesat di Gunung Batukaru Tabanan, Basarnas Lakukan Pencarian
Rombongan memulai pendakian pada Minggu dini hari sekitar pukul 02.00 Wita dari jalur Pura Malem Desa Pupuan.
Ketika tiba di puncak, kedua korban memutuskan untuk turun terlebih dahulu.




Namun, hingga Minggu malam, keduanya tak kunjung kembali.Dari laporan yang diterima petugas siaga Basarnas Bali pada pukul 21.15 Wita, diketahui identitas kedua korban.
Mereka merupakan warga yang tinggal di daerah Tuban, Badung. ""Laporan kami terima, dikatakan perkiraan waktu kejadian kurang lebih pukul 11.00 Wita,"" ucap Sidakarya.
Baca juga: 4 Remaja Tersesat di Gunung Batukaru Tabanan
Setelah menerima laporan, sebanyak lima orang personel Basarnas dikerahkan untuk melakukan pencarian.
Tim SAR juga berkoordinasi dengan Polsek Penebel Tabanan dan pemandu lokal Batukaru.
""Saat ini cuaca di lokasi hujan ringan dengan suhu mencapai 22 derajat dan jarak pandang berkisar 11,6 km. Semoga upaya pencarian bisa berjalan lancar,"" ucapnya. 




  

    
        Bayangkan seorang anak Indonesia bercita-cita menjadi dokter tetapi hanya memiliki satu buku lusuh untuk belajar. Bersama Ekspedisi Kata ke Nyata Kompas.com, Anda bisa membantu mengubah kisah itu. Mari hadirkan akses literasi bagi anak-anak di berbagai pelosok Indonesia melalui donasi lewat tautan https://bit.ly/JagatLiterasi2026. Setiap kebaikan yang Anda berikan bukan hanya membuka jendela pengetahuan, tetapi juga membuka masa depan mereka.",Kompas.com,"Dajan Peken, 82114, Tabanan, Tabanan, Bali, Indonesia",-8.536609490935,115.13552944186335,5,"2, 7","kejaksaan, kejatibali, kejaritabanan, tabanan, news"
Perangkat Desa di Tabanan Tilap Dana Desa Uang Rp 850 Juta Ditransfer ke Rekening Pribadi,2025-09-25T07:00:00.000Z,"Kabupaten Tabanan, Bali, Indonesia","Perangkat Desa di Tabanan Tilap Dana Desa, Uang Rp 850 Juta Ditransfer ke Rekening Pribadi - Kompas.com","TABANAN, KOMPAS.com – Kejaksaan Negeri (Kejari) Tabanan menahan seorang perangkat Desa Jegu, Kecamatan Penebel, Kabupaten Tabanan, Bali, berinisial IGPPW.
Pria yang menjabat sebagai Kepala Urusan (Kaur) Perencanaan sekaligus operator Sistem Keuangan Desa (Siskeudes) itu diduga menilal dana desa sebesar Rp 850,5 juta.
Kepala Seksi Intelijen Kejari Tabanan, Putu Nuryanto, mengatakan dana tersebut IGPPW transfer ke rekening pribadi IGPPW.""Modusnya, tersangka mentransfer kas desa ke rekening pribadinya tanpa sepengetahuan bendahara, sekretaris desa, maupun kepala desa,"" kata Nuryanto, Kamis (25/9/2025).
Baca juga: Plt Bupati Nduga Salurkan Dana Desa Rp 4 Miliar untuk 2 Distrik
Perbuatan itu diduga dilakukan tersangka sejak Oktober 2023 hingga 2024.




Selama periode tersebut, IGPPW diduga 18 kali mentransfer dana desa ke rekening pribadinya dengan total Rp 267,5 juta pada 2023.
Kemudian pada 2024, IGPPW kembali melakukan 46 kali transaksi dengan total Rp 583 juta.
""Tersangka bisa melakukan itu karena menguasai user ID, password, dan token internet banking desa. Seharusnya akses itu tidak boleh digunakan tanpa persetujuan perangkat desa lain,"" jelasnya.Baca juga: Eks Kades di Sergai Ditahan gara-gara Korupsi Dana Desa Rp 214 Juta
Untuk menutupi aksinya, IGPPW disebut memanipulasi laporan transaksi dengan menghapus namanya dari bukti transfer sebelum diserahkan ke kepala desa dan bendahara desa.
Aksi IGPPW terbongkar pada Oktober 2024 ketika sekretaris desa menemukan kejanggalan.
Honor kegiatan rutin desa, seperti posyandu dan kebersihan, sering terlambat dibayarkan.","Saat rekening kas desa diperiksa, saldo yang tersisa hanya Rp 900 ribu.
Berdasarkan audit Badan Pengawasan Keuangan dan Pembangunan (BPKP) Provinsi Bali, perbuatan IGPPW menimbulkan kerugian negara senilai Rp 850.552.992.
Atas perbuatannya, IGPPW disangka dengan Pasal 2 ayat (1), Pasal 3, dan Pasal 9 juncto Pasal 18 Undang-Undang Tipikor serta Pasal 64 ayat (1) KUHP.
""Jaksa Penuntut Umum melakukan penahanan selama 20 hari ke depan, terhitung sejak 23 September hingga 12 Oktober 2025, di Lapas Kelas IIA Kerobokan,"" pungkas Nuryanto.




  

    
        Bayangkan seorang anak Indonesia bercita-cita menjadi dokter tetapi hanya memiliki satu buku lusuh untuk belajar. Bersama Ekspedisi Kata ke Nyata Kompas.com, Anda bisa membantu mengubah kisah itu.","Pada Hari Kamis , 25 September 2025 07:00, Tabanan, Tabanan, Bali

TABANAN, KOMPAS.com – Kejaksaan Negeri (Kejari) Tabanan menahan seorang perangkat Desa Jegu, Kecamatan Penebel, Kabupaten Tabanan, Bali, berinisial IGPPW.
Pria yang menjabat sebagai Kepala Urusan (Kaur) Perencanaan sekaligus operator Sistem Keuangan Desa (Siskeudes) itu diduga menilal dana desa sebesar Rp 850,5 juta.
Kepala Seksi Intelijen Kejari Tabanan, Putu Nuryanto, mengatakan dana tersebut IGPPW transfer ke rekening pribadi IGPPW.""Modusnya, tersangka mentransfer kas desa ke rekening pribadinya tanpa sepengetahuan bendahara, sekretaris desa, maupun kepala desa,"" kata Nuryanto, Kamis (25/9/2025).
Baca juga: Plt Bupati Nduga Salurkan Dana Desa Rp 4 Miliar untuk 2 Distrik
Perbuatan itu diduga dilakukan tersangka sejak Oktober 2023 hingga 2024.




Selama periode tersebut, IGPPW diduga 18 kali mentransfer dana desa ke rekening pribadinya dengan total Rp 267,5 juta pada 2023.
Kemudian pada 2024, IGPPW kembali melakukan 46 kali transaksi dengan total Rp 583 juta.
""Tersangka bisa melakukan itu karena menguasai user ID, password, dan token internet banking desa. Seharusnya akses itu tidak boleh digunakan tanpa persetujuan perangkat desa lain,"" jelasnya.Baca juga: Eks Kades di Sergai Ditahan gara-gara Korupsi Dana Desa Rp 214 Juta
Untuk menutupi aksinya, IGPPW disebut memanipulasi laporan transaksi dengan menghapus namanya dari bukti transfer sebelum diserahkan ke kepala desa dan bendahara desa.
Aksi IGPPW terbongkar pada Oktober 2024 ketika sekretaris desa menemukan kejanggalan.
Honor kegiatan rutin desa, seperti posyandu dan kebersihan, sering terlambat dibayarkan. Saat rekening kas desa diperiksa, saldo yang tersisa hanya Rp 900 ribu.
Berdasarkan audit Badan Pengawasan Keuangan dan Pembangunan (BPKP) Provinsi Bali, perbuatan IGPPW menimbulkan kerugian negara senilai Rp 850.552.992.
Atas perbuatannya, IGPPW disangka dengan Pasal 2 ayat (1), Pasal 3, dan Pasal 9 juncto Pasal 18 Undang-Undang Tipikor serta Pasal 64 ayat (1) KUHP.
""Jaksa Penuntut Umum melakukan penahanan selama 20 hari ke depan, terhitung sejak 23 September hingga 12 Oktober 2025, di Lapas Kelas IIA Kerobokan,"" pungkas Nuryanto.




  

    
        Bayangkan seorang anak Indonesia bercita-cita menjadi dokter tetapi hanya memiliki satu buku lusuh untuk belajar. Bersama Ekspedisi Kata ke Nyata Kompas.com, Anda bisa membantu mengubah kisah itu. Mari hadirkan akses literasi bagi anak-anak di berbagai pelosok Indonesia melalui donasi lewat tautan https://bit.ly/JagatLiterasi2026. Setiap kebaikan yang Anda berikan bukan hanya membuka jendela pengetahuan, tetapi juga membuka masa depan mereka.",Kompas.com,"Dajan Peken, 82114, Tabanan, Tabanan, Bali, Indonesia",-8.536609490935,115.13552944186335,5,"2, 7","kejaksaan, kejatibali, kejaritabanan, tabanan, news"
Ketua SMSI Tabanan Disorot Rangkap Jabatan hingga Kedekatan dengan Kekuasaan Dipertanyakan SMSI Pusat Didorong Turun Tangan,2026-09-25T14:02:00.000Z,"Kabupaten Tabanan, Bali, Indonesia","Ketua SMSI Tabanan Disorot: Rangkap Jabatan hingga Kedekatan dengan Kekuasaan Dipertanyakan, SMSI Pusat Didorong Turun Tangan - suryaindonesia.net","403 Forbidden
Request forbidden by administrative rules..",,"Pada Hari Jumat , 25 September 2026 14:02, Tabanan, Tabanan, Bali

403 Forbidden
Request forbidden by administrative rules.",suryaindonesia.net,"Dajan Peken, 82114, Tabanan, Tabanan, Bali, Indonesia",-8.536609490935,115.13552944186335,5,"2, 7","kejaksaan, kejatibali, kejaritabanan, tabanan, news"
Pendaki 80 Tahun Tersesat di Gunung Batukaru Tabanan Tim SAR Gunakan Drone untuk Pencarian,2026-04-26T07:00:00.000Z,"Kabupaten Tabanan, Bali, Indonesia","Pendaki 80 Tahun Tersesat di Gunung Batukaru Tabanan, Tim SAR Gunakan Drone untuk Pencarian - Kompas.com","TABANAN, KOMPAS.com — Seorang pendaki lanjut usia (lansia) hilang diduga tersesat di Gunung Batukaru, Kecamatan Penebel, Kabupaten Tabanan, Bali. Hingga Minggu (26/4/2026), tim SAR gabungan masih melakukan upaya pencarian terhadap korban.
Korban diketahui bernama Made Dibya (80), warga asal Penebel, Tabanan.","Ia dilaporkan terpisah dari rombongan saat melakukan pendakian pada Sabtu (25/4/2026) sekitar pukul 14.00 Wita.Kepala Basarnas Bali, I Nyoman Sidakarya menyebut, Basarnas menerima laporan kejadian tersebut pada Minggu pukul 04.40 Wita dari BPBD Kabupaten Tabanan.
Baca juga: Sempat Digendong, Pendaki Wanita Ditemukan Lemas di Bukit Pao Bangka Tengah
Berdasarkan informasi, Made Dibya awalnya mendaki bersama 13 orang lainnya melalui jalur Desa Sarin Buana sekitar pukul 06.00 Wita.




Namun, dalam perjalanan hanya 10 orang yang melanjutkan pendakian.
“Sore harinya, saat rombongan sudah kembali ke titik awal, baru disadari ada satu orang yang belum bergabung,” ucap dia, Minggu dalam keterangannya.Pencarian awal dilakukan oleh BPBD Kabupaten Tabanan bersama warga setempat. Namun belum membuahkan hasil.
Baca juga: Dua Pendaki Pemula Tersesat di Gunung Lawu, Ditemukan Selamat
Untuk memperluas pencarian, Basarnas Bali mengerahkan tujuh personel ke lokasi pada Minggu pagi.","Pada Hari Minggu , 26 April 2026 07:00, Tabanan, Tabanan, Bali

TABANAN, KOMPAS.com — Seorang pendaki lanjut usia (lansia) hilang diduga tersesat di Gunung Batukaru, Kecamatan Penebel, Kabupaten Tabanan, Bali. 
Hingga Minggu (26/4/2026), tim SAR gabungan masih melakukan upaya pencarian terhadap korban.
Korban diketahui bernama Made Dibya (80), warga asal Penebel, Tabanan. Ia dilaporkan terpisah dari rombongan saat melakukan pendakian pada Sabtu (25/4/2026) sekitar pukul 14.00 Wita.Kepala Basarnas Bali, I Nyoman Sidakarya menyebut, Basarnas menerima laporan kejadian tersebut pada Minggu pukul 04.40 Wita dari BPBD Kabupaten Tabanan.
Baca juga: Sempat Digendong, Pendaki Wanita Ditemukan Lemas di Bukit Pao Bangka Tengah
Berdasarkan informasi, Made Dibya awalnya mendaki bersama 13 orang lainnya melalui jalur Desa Sarin Buana sekitar pukul 06.00 Wita.




Namun, dalam perjalanan hanya 10 orang yang melanjutkan pendakian.
“Sore harinya, saat rombongan sudah kembali ke titik awal, baru disadari ada satu orang yang belum bergabung,” ucap dia, Minggu dalam keterangannya.Pencarian awal dilakukan oleh BPBD Kabupaten Tabanan bersama warga setempat. Namun belum membuahkan hasil.
Baca juga: Dua Pendaki Pemula Tersesat di Gunung Lawu, Ditemukan Selamat
Untuk memperluas pencarian, Basarnas Bali mengerahkan tujuh personel ke lokasi pada Minggu pagi. 
Tim dilengkapi dengan peralatan pendakian, perlengkapan medis, serta drone thermal guna menyisir area dari udara.
Selain Basarnas, operasi SAR juga melibatkan personel Polsek Penebel, BPBD Kabupaten Tabanan, masyarakat setempat, serta rekan korban.
Pencarian terus dilakukan dengan menyisir jalur pendakian dan area sekitar lokasi terakhir korban terlihat.




  

    
        Bayangkan seorang anak Indonesia bercita-cita menjadi dokter tetapi hanya memiliki satu buku lusuh untuk belajar. Bersama Ekspedisi Kata ke Nyata Kompas.com, Anda bisa membantu mengubah kisah itu. Mari hadirkan akses literasi bagi anak-anak di berbagai pelosok Indonesia melalui donasi lewat tautan https://bit.ly/JagatLiterasi2026. Setiap kebaikan yang Anda berikan bukan hanya membuka jendela pengetahuan, tetapi juga membuka masa depan mereka.",Kompas.com,"Dajan Peken, 82114, Tabanan, Tabanan, Bali, Indonesia",-8.536609490935,115.13552944186335,5,"2, 7","kejaksaan, kejatibali, kejaritabanan, tabanan, news"
Gasak Emas Majikan Rp 50 Juta ART di Tabanan Ditangkap,2026-08-19T07:00:00.000Z,"Kabupaten Tabanan, Bali, Indonesia","Gasak Emas Majikan Rp 50 Juta, ART di Tabanan Ditangkap - Kompas.com","TABANAN, KOMPAS.com - Seorang asisten rumah tangga (ART) berinisial MLM (26) ditangkap polisi setelah mencuri sejumlah perhiasan emas milik majikannya di Kecamatan Kediri, Kabupaten Tabanan, Bali.
Perhiasan yang dicuri berupa dua kalung emas, dua gelang emas, dan satu cincin. Total kerugian korban ditaksir mencapai Rp 50 juta.Kepala Seksi (Kasi) Humas Polres Tabanan Iptu Ni Luh Putu Wiwik Endrayani mengatakan, kasus tersebut terungkap setelah korban melaporkan pencurian ke Polres Tabanan.
""Pelaku merupakan ART yang bekerja di rumah korban sehingga mengetahui kondisi dan letak penyimpanan barang berharga,"" kata Wiwik, dikonfirmasi Selasa (18/8/2026).
Baca juga: 5 Tersangka Pengeroyokan Pencuri Ayam di Tabanan Ajukan Penangguhan Penahanan
Pencurian dilakukan secara bertahap.","Polisi mengungkap, aksi pertama terjadi pada Sabtu (8/8/2026) sekitar pukul 12.00 Wita. Saat itu, pelaku mengambil satu kalung emas yang disimpan di laci lemari kamar utama.




Dua hari kemudian, Senin (10/8/2026) sekitar pukul 18.00 Wita, pelaku kembali mengambil perhiasan emas lainnya.","Pada Hari Rabu , 19 Agustus 2026 07:00, Tabanan, Tabanan, Bali

TABANAN, KOMPAS.com - Seorang asisten rumah tangga (ART) berinisial MLM (26) ditangkap polisi setelah mencuri sejumlah perhiasan emas milik majikannya di Kecamatan Kediri, Kabupaten Tabanan, Bali.
Perhiasan yang dicuri berupa dua kalung emas, dua gelang emas, dan satu cincin. Total kerugian korban ditaksir mencapai Rp 50 juta.Kepala Seksi (Kasi) Humas Polres Tabanan Iptu Ni Luh Putu Wiwik Endrayani mengatakan, kasus tersebut terungkap setelah korban melaporkan pencurian ke Polres Tabanan.
""Pelaku merupakan ART yang bekerja di rumah korban sehingga mengetahui kondisi dan letak penyimpanan barang berharga,"" kata Wiwik, dikonfirmasi Selasa (18/8/2026).
Baca juga: 5 Tersangka Pengeroyokan Pencuri Ayam di Tabanan Ajukan Penangguhan Penahanan
Pencurian dilakukan secara bertahap. Polisi mengungkap, aksi pertama terjadi pada Sabtu (8/8/2026) sekitar pukul 12.00 Wita. Saat itu, pelaku mengambil satu kalung emas yang disimpan di laci lemari kamar utama.




Dua hari kemudian, Senin (10/8/2026) sekitar pukul 18.00 Wita, pelaku kembali mengambil perhiasan emas lainnya. Barang yang diambil saat itu berupa gelang dan cincin.
Pada malam harinya, korban yang sedang bekerja di sebuah hotel di kawasan Seminyak mendapat kabar dari pengasuh anaknya bahwa listrik di rumah mati dan terdapat orang mencurigakan yang masuk ke rumah.
Korban kemudian meminta pengasuh bersama anak-anaknya tetap berada di dalam kamar dan mengunci pintu. Tetangga korban kemudian datang untuk mengecek kondisi rumah.
Baca juga: Kejari Tabanan Selidiki Dugaan Korupsi Anggaran Dinkes, Kerugian Rp 300 JutaSetelah listrik kembali menyala, mereka menemukan kondisi salah satu laci dalam keadaan berantakan. Namun, saat itu belum diketahui bahwa sejumlah perhiasan milik korban telah hilang.
Setibanya di rumah sekitar pukul 22.00 Wita, korban memeriksa laci tersebut dan menyadari perhiasannya sudah tidak ada.
Korban kemudian melaporkan kejadian tersebut ke Polres Tabanan. Polisi melakukan penyelidikan dan mengarah kepada MLM yang merupakan ART di rumah korban.
Dari hasil pemeriksaan, pelaku mengakui mengambil perhiasan tersebut.
Polisi menyebut emas hasil curian kemudian dijual pada Selasa (11/8/2026) di kawasan Jalan Hasanudin, Denpasar. Dari penjualan tersebut, pelaku memperoleh Rp 33,15 juta.
""Sebagian besar hasil penjualan masih diamankan dan menjadi barang bukti,"" ujar Wiwik.
Polisi mengamankan uang tunai Rp 32,15 juta yang disebut sebagai sisa hasil penjualan emas. Selain itu, polisi juga menyita satu kalung emas.
MLM beserta barang bukti kemudian dibawa ke Polres Tabanan untuk menjalani proses hukum. Dia disangkakan Pasal 476 KUHP juncto Pasal 126 Ayat (1) KUHP tentang pencurian.




  

    
        Bayangkan seorang anak Indonesia bercita-cita menjadi dokter tetapi hanya memiliki satu buku lusuh untuk belajar. Bersama Ekspedisi Kata ke Nyata Kompas.com, Anda bisa membantu mengubah kisah itu. Mari hadirkan akses literasi bagi anak-anak di berbagai pelosok Indonesia melalui donasi lewat tautan https://bit.ly/JagatLiterasi2026. Setiap kebaikan yang Anda berikan bukan hanya membuka jendela pengetahuan, tetapi juga membuka masa depan mereka.",Kompas.com,"Dajan Peken, 82114, Tabanan, Tabanan, Bali, Indonesia",-8.536609490935,115.13552944186335,5,"2, 7","kejaksaan, kejatibali, kejaritabanan, tabanan, news"
Kantor Bupati Tabanan Dipasangi Patung Sapi dan Patih,2023-11-22T08:00:00.000Z,"Kabupaten Tabanan, Bali, Indonesia",Kantor Bupati Tabanan Dipasangi Patung Sapi dan Patih - BALIPOST.com,"TABANAN, BALIPOST.com – Sebagai upaya mempercantik wajah kota Tabanan, Pemerintah Kabupaten Tabanan melakukan pembangunan hingga penataan infrastruktur di berbagai lini. Teranyar, dilakukan pemasangan patung sapi dan patung patih di areal kantor Bupati Tabanan.Dalam proses pengerjaannya, Bupati Tabanan, I Komang Gede Sanjaya mengawasi tiap perkembangan pembangunan untuk memastikan pembangunan sesuai dengan rencana dan sesuai standar kualitas.","Seperti yang berlangsung pada Senin (20/11), saat melakukan peninjauan, Bupati Sanjaya memberikan arahan langsung pemasangan patung yang menjadi bagian integral dari perubahan visual dan peningkatan lingkungan di kantor pemerintahan.Sanjaya mengatakan, renovasi ini bukan hanya sekadar perubahan fisik, namun juga simbol dari semangat pemerintah dalam meningkatkan kualitas layanan kepada masyarakat. Perubahan ini diharapkan dapat menciptakan lingkungan kerja yang lebih produktif, kreatif, dan nyaman bagi semua yang terlibat dalam tugas pemerintahan di Tabanan.Pihaknya juga berharap agar proses pengerjaan dapat selesai tepat waktu.","Pada Hari Rabu , 22 November 2023 08:00, Tabanan, Tabanan, Bali

TABANAN, BALIPOST.com – Sebagai upaya mempercantik wajah kota Tabanan, Pemerintah Kabupaten Tabanan melakukan pembangunan hingga penataan infrastruktur di berbagai lini. Teranyar, dilakukan pemasangan patung sapi dan patung patih di areal kantor Bupati Tabanan.Dalam proses pengerjaannya, Bupati Tabanan, I Komang Gede Sanjaya mengawasi tiap perkembangan pembangunan untuk memastikan pembangunan sesuai dengan rencana dan sesuai standar kualitas. Seperti yang berlangsung pada Senin (20/11), saat melakukan peninjauan, Bupati Sanjaya memberikan arahan langsung pemasangan patung yang menjadi bagian integral dari perubahan visual dan peningkatan lingkungan di kantor pemerintahan.Sanjaya mengatakan, renovasi ini bukan hanya sekadar perubahan fisik, namun juga simbol dari semangat pemerintah dalam meningkatkan kualitas layanan kepada masyarakat. Perubahan ini diharapkan dapat menciptakan lingkungan kerja yang lebih produktif, kreatif, dan nyaman bagi semua yang terlibat dalam tugas pemerintahan di Tabanan.Pihaknya juga berharap agar proses pengerjaan dapat selesai tepat waktu. Selain itu, pembangunan harus sesuai spesifikasi dan kualitas yang sudah ditentukan. (Puspawati/balipost)Simak selengkapnya di video",BALIPOST.com,"Dajan Peken, 82114, Tabanan, Tabanan, Bali, Indonesia",-8.536609490935,115.13552944186335,5,"2, 7","kejaksaan, kejatibali, kejaritabanan, tabanan, news"
Sektor Pariwisata Dongkrak PAD Tabanan,2026-08-02T07:00:00.000Z,"Kabupaten Tabanan, Bali, Indonesia",Sektor Pariwisata Dongkrak PAD Tabanan - BALIPOST.com,"Aktivitas wisatawan di DTW Tanah Lot salah satu gambaran geliat sektor pariwisata Tabanan.(BP/istimewa)SINGASANA, BALIPOST.com – Geliat sektor usaha dan pariwisata di Kabupaten Tabanan mulai berdampak terhadap penerimaan daerah. Sejumlah sektor pajak bahkan mencatat realisasi melampaui target, di tengah upaya pemerintah daerah memperkuat Pendapatan Asli Daerah (PAD) untuk menopang pembangunan dan pelayanan publik.Berdasarkan data Badan Keuangan Daerah (Bakeuda) Kabupaten Tabanan per 16 Juli 2026, realisasi PAD mencapai Rp331,97 miliar atau 35,80 persen dari target tahun 2026 sebesar Rp927,17 miliar.","Dari capaian tersebut, pajak daerah menjadi kontributor terbesar dengan realisasi Rp216,13 miliar atau 48,51 persen dari target yang ditetapkan.Menariknya, sejumlah sektor usaha justru mampu melampaui target penerimaan pajak. Di antaranya pajak karaoke, bar dan spa.","Pada Hari Minggu , 2 Agustus 2026 07:00, Tabanan, Tabanan, Bali

Aktivitas wisatawan di DTW Tanah Lot salah satu gambaran geliat sektor pariwisata Tabanan.(BP/istimewa)SINGASANA, BALIPOST.com – Geliat sektor usaha dan pariwisata di Kabupaten Tabanan mulai berdampak terhadap penerimaan daerah. Sejumlah sektor pajak bahkan mencatat realisasi melampaui target, di tengah upaya pemerintah daerah memperkuat Pendapatan Asli Daerah (PAD) untuk menopang pembangunan dan pelayanan publik.Berdasarkan data Badan Keuangan Daerah (Bakeuda) Kabupaten Tabanan per 16 Juli 2026, realisasi PAD mencapai Rp331,97 miliar atau 35,80 persen dari target tahun 2026 sebesar Rp927,17 miliar. Dari capaian tersebut, pajak daerah menjadi kontributor terbesar dengan realisasi Rp216,13 miliar atau 48,51 persen dari target yang ditetapkan.Menariknya, sejumlah sektor usaha justru mampu melampaui target penerimaan pajak. Di antaranya pajak karaoke, bar dan spa. Selain itu, pajak olahraga dan kebugaran, penyelenggaraan kesenian, vila hingga pondok wisata juga mencatat realisasi di atas target.Kondisi tersebut menjadi salah satu indikator bergeraknya aktivitas ekonomi di Tabanan, terutama sektor usaha yang berkaitan dengan pariwisata dan jasa. Di sisi lain, peningkatan penerimaan pajak juga tidak terlepas dari kepatuhan masyarakat maupun pelaku usaha dalam memenuhi kewajiban perpajakannya.Kepala Bakeuda Tabanan, Dra. Ni Wayan Mariati, mengatakan capaian hingga pertengahan tahun memberikan optimisme bagi pemerintah daerah dalam mengejar target PAD 2026.“Realisasi PAD hingga pertengahan tahun ini memberikan gambaran positif. Capaian semester I ini tentu jadi acuan sekaligus menumbuhkan optimisme target PAD Tahun 2026 dapat tercapai sesuai yang telah ditetapkan,” jelas Mariati.Menurutnya, Bakeuda akan terus memperkuat pengelolaan pendapatan melalui intensifikasi dan ekstensifikasi sumber-sumber PAD. Peningkatan kualitas pelayanan kepada wajib pajak serta koordinasi dengan seluruh perangkat daerah pengelola pendapatan juga terus dilakukan.Mariati berharap kolaborasi pemerintah daerah, pelaku usaha dan masyarakat dapat terus diperkuat. Kepatuhan dalam memenuhi kewajiban pajak dan retribusi, kata dia, akan menjadi salah satu penopang pencapaian target pendapatan daerah hingga akhir tahun.“Kolaborasi seluruh perangkat daerah, dukungan para pelaku usaha, dan kepatuhan masyarakat sebagai wajib pajak, kami optimistis target PAD tahun 2026 dapat direalisasikan optimal. Pendapatan yang berhasil dihimpun nantinya akan kembali kepada masyarakat dalam bentuk pembangunan dan peningkatan kualitas pelayanan publik,” pungkasnya.Terpisah, Bupati Tabanan, Dr. I Komang Gede Sanjaya, mengapresiasi kinerja perangkat daerah, pelaku usaha dan masyarakat yang turut berkontribusi terhadap peningkatan penerimaan daerah. Menurutnya, capaian tersebut menunjukkan aktivitas ekonomi di Tabanan terus bergerak dan kesadaran masyarakat dalam memenuhi kewajiban perpajakan semakin baik.“Astungkara, capaian Pendapatan Asli Daerah hingga pertengahan tahun ini menunjukkan perkembangan yang baik. Ini menjadi bukti bahwa aktivitas ekonomi di Kabupaten Tabanan terus bergerak positif dan kesadaran masyarakat serta pelaku usaha dalam memenuhi kewajiban perpajakan semakin meningkat,” ujarnya.Sanjaya mengatakan, pemerintah daerah akan terus melakukan inovasi dalam pengelolaan pendapatan sekaligus mengoptimalkan berbagai potensi PAD yang masih dapat dikembangkan.“Pendapatan Asli Daerah merupakan salah satu fondasi penting dalam mewujudkan pembangunan yang berkelanjutan. Semakin kuat kapasitas fiskal daerah, semakin besar pula kemampuan pemerintah menghadirkan pelayanan publik yang berkualitas, pembangunan infrastruktur, serta berbagai program yang berpihak kepada kesejahteraan masyarakat,” tegasnya.Ia menambahkan, penguatan PAD tidak semata-mata diarahkan untuk meningkatkan penerimaan daerah. Optimalisasi pendapatan juga harus berjalan beriringan dengan pertumbuhan ekonomi serta peningkatan kualitas pelayanan kepada masyarakat.(Puspawati/balipost)",BALIPOST.com,"Dajan Peken, 82114, Tabanan, Tabanan, Bali, Indonesia",-8.536609490935,115.13552944186335,5,"2, 7","kejaksaan, kejatibali, kejaritabanan, tabanan, news"
Pemkab Tabanan Buka Lelang Jabatan Empat Kursi Kadis Diperebutkan,2026-03-11T07:00:00.000Z,"Kabupaten Tabanan, Bali, Indonesia","Pemkab Tabanan Buka Lelang Jabatan, Empat Kursi Kadis Diperebutkan - BALIPOST.com","Bupati Tabanan, I Komang Gede Sanjaya. (BP/bit)SINGASANA, BALIPOST.com – Pemerintah Kabupaten Tabanan mulai membuka seleksi terbuka atau lelang jabatan untuk mengisi empat kursi kepala dinas yang kosong akibat pensiun dan mutasi pejabat sebelumnya.","Proses pendaftaran telah dibuka sejak 9 Maret hingga 27 Maret 2026.Empat jabatan yang dilelang tersebut meliputi Kepala Dinas Pekerjaan Umum dan Penataan Ruang (PUPR), Kepala Dinas Koperasi, UKM dan Tenaga Kerja, Kepala Dinas Pemberdayaan Masyarakat dan Desa, serta Sekretaris DPRD Kabupaten Tabanan.Bupati Tabanan, Komang Gede Sanjaya mengatakan pengisian jabatan dilakukan melalui mekanisme seleksi terbuka setelah terbentuk panitia seleksi (pansel). Menurutnya, proses tersebut juga harus melalui persetujuan dari pemerintah pusat dan provinsi.","Pada Hari Rabu , 11 Maret 2026 07:00, Tabanan, Tabanan, Bali

Bupati Tabanan, I Komang Gede Sanjaya. (BP/bit)SINGASANA, BALIPOST.com – Pemerintah Kabupaten Tabanan mulai membuka seleksi terbuka atau lelang jabatan untuk mengisi empat kursi kepala dinas yang kosong akibat pensiun dan mutasi pejabat sebelumnya. Proses pendaftaran telah dibuka sejak 9 Maret hingga 27 Maret 2026.Empat jabatan yang dilelang tersebut meliputi Kepala Dinas Pekerjaan Umum dan Penataan Ruang (PUPR), Kepala Dinas Koperasi, UKM dan Tenaga Kerja, Kepala Dinas Pemberdayaan Masyarakat dan Desa, serta Sekretaris DPRD Kabupaten Tabanan.Bupati Tabanan, Komang Gede Sanjaya mengatakan pengisian jabatan dilakukan melalui mekanisme seleksi terbuka setelah terbentuk panitia seleksi (pansel). Menurutnya, proses tersebut juga harus melalui persetujuan dari pemerintah pusat dan provinsi. “Pengisian jabatan yang kosong ini dilakukan berproses karena harus menunggu persetujuan dari BKN maupun Pemerintah Provinsi Bali,” ujarnya, Rabu (11/3).Sanjaya pun mengajak pejabat yang memenuhi syarat untuk ikut mendaftar dalam seleksi tersebut. Ia berharap proses lelang jabatan dapat berjalan lancar sehingga posisi yang kosong segera terisi. “Karena sekarang sudah berproses, saya rasa bulan depan (April) kekosongan pejabat sudah bisa terisi,” tegasnya.Sementara itu, Kepala BKPSDM Tabanan I Nyoman Sastra Wiguna menjelaskan bahwa pengumuman seleksi telah dipublikasikan melalui situs resmi BKPSDM. Bersamaan dengan pengumuman tersebut juga dibuka penerimaan berkas bagi calon pendaftar.Menurutnya, tahapan seleksi dimulai dari seleksi administrasi dan penilaian rekam jejak yang berlangsung 10–30 Maret 2026. Hasilnya akan diumumkan pada 30 Maret 2026.Selanjutnya peserta akan mengikuti assessment test pada 1 April, penulisan makalah 6 April, serta tes wawancara pada 7 April 2026. Hasil penilaian makalah dan wawancara diumumkan pada hari yang sama, disusul pengumuman hasil assessment pada 9 April. Pengumuman hasil akhir seleksi juga dijadwalkan pada 9 April 2026.Sastra menambahkan, masih ada beberapa jabatan lain di lingkungan Pemkab Tabanan yang kosong, namun belum bisa langsung dilelang karena masih menunggu persetujuan administrasi dari Badan Kepegawaian Negara (BKN). “Yang sudah mendapat persetujuan itu yang terlebih dahulu diproses untuk seleksi terbuka,” tegasnya. (Dewi Puspawati/balipost)",BALIPOST.com,"Dajan Peken, 82114, Tabanan, Tabanan, Bali, Indonesia",-8.536609490935,115.13552944186335,5,"2, 7","kejaksaan, kejatibali, kejaritabanan, tabanan, news"
Kapolres Tabanan Dampingi Wakil Ketua DPR RI dan jajaran DPR RI Kunjungi Keluarga Korban Kasus Pengeroyokan di Buleleng,2026-07-29T07:00:00.000Z,"Kabupaten Tabanan, Bali, Indonesia",Kapolres Tabanan Dampingi Wakil Ketua DPR RI dan jajaran DPR RI Kunjungi Keluarga Korban Kasus Pengeroyokan di Buleleng - suryaindonesia.net,"403 Forbidden
Request forbidden by administrative rules..",,"Pada Hari Rabu , 29 Juli 2026 07:00, Tabanan, Tabanan, Bali

403 Forbidden
Request forbidden by administrative rules.",suryaindonesia.net,"Dajan Peken, 82114, Tabanan, Tabanan, Bali, Indonesia",-8.536609490935,115.13552944186335,5,"2, 7","kejaksaan, kejatibali, kejaritabanan, tabanan, news"
Rekonstruksi Pengeroyokan Pencuri Ayam di Tabanan 18 Adegan Diperagakan Tersangka Tetap 5,2026-09-21T07:00:00.000Z,"Kabupaten Tabanan, Bali, Indonesia","Rekonstruksi Pengeroyokan Pencuri Ayam di Tabanan, 18 Adegan Diperagakan, Tersangka Tetap 5 - Kompas.com","TABANAN, KOMPAS.com - Polisi merampungkan rekonstruksi kasus pengeroyokan yang mengakibatkan pencuri ayam tewas di Kabupaten Tabanan, Bali.
Kepala Seksi (Kasi) Humas Polres Tabanan, Iptu Ni Putu Wiwik Endrayani, mengatakan bahwa rekonstruksi digelar di halaman Mapolres Tabanan pada Kamis (17/9/2026).
""Rekonstruksi diikuti lima tersangka dan saksi yang berada di lokasi kejadian. Dihadiri pihak Kejaksaan Negeri (Kejari) Tabanan, tim kuasa hukum tersangka, serta penyidik Satreskrim Polres Tabanan,"" ujar Wiwik saat dikonfirmasi, Senin (21/9/2026).Dia menjelaskan, rekonstruksi dilakukan untuk memperagakan rangkaian kejadian pidana pengeroyokan berdasarkan perkara yang ditangani penyidik.
Baca juga: Koster Minta Warga Tak Main Hakim Sendiri Usai Pencuri Ayam Tewas Dikeroyok di Bali
Dikonfirmasi terpisah, Kasat Reskrim Polres Tabanan, AKP Made Teddy Satria Permana, mengatakan bahwa rekonstruksi tidak menemukan fakta baru dalam perkara tersebut.




Dia juga memastikan bahwa jumlah tersangka dalam perkara tersebut masih tetap lima orang.
""Tidak ada fakta baru, masih sama dengan BAP (Berita Acara Pemeriksaan).","Tersangka masih lima, belum ada penambahan,"" kata Teddy.
Menurut Teddy, setelah rekonstruksi, penyidik akan berkoordinasi dengan Kejari Tabanan untuk proses selanjutnya.""Setelah rekonstruksi kami koordinasi dengan kejaksaan untuk pengiriman berkas perkara,"" ujarnya.
Baca juga: 5 Tersangka Pengeroyokan Pencuri Ayam di Tabanan Ajukan Penangguhan Penahanan

Para tersangka disangkakan Pasal 262 ayat (1) atau ayat (4) terkait kekerasan yang dilakukan secara terang-terangan atau di muka umum secara bersama-sama terhadap orang atau barang hingga mengakibatkan kematian.
Adapun pengeroyokan itu terjadi di Banjar Juwuk Legi, Desa Batunya, Kecamatan Baturiti, pada 24 Juli 2026 dini hari.
Insiden tersebut menewaskan seorang pria asal Desa Sidetapa, Kecamatan Banjar, Kabupaten Buleleng, berinisial KD.
Pria itu tewas dihakimi massa ussai terpergok diduga mencuri seekor ayam aduan.
Baca juga: Pencuri Ayam yang Tewas di Bali Ternyata Sudah Diincar Polres Badung, 4 Kali Lolos Penggerebekan




  

    
        Bayangkan seorang anak Indonesia bercita-cita menjadi dokter tetapi hanya memiliki satu buku lusuh untuk belajar. Bersama Ekspedisi Kata ke Nyata Kompas.com, Anda bisa membantu mengubah kisah itu.","Pada Hari Senin , 21 September 2026 07:00, Tabanan, Tabanan, Bali

TABANAN, KOMPAS.com - Polisi merampungkan rekonstruksi kasus pengeroyokan yang mengakibatkan pencuri ayam tewas di Kabupaten Tabanan, Bali.
Kepala Seksi (Kasi) Humas Polres Tabanan, Iptu Ni Putu Wiwik Endrayani, mengatakan bahwa rekonstruksi digelar di halaman Mapolres Tabanan pada Kamis (17/9/2026).
""Rekonstruksi diikuti lima tersangka dan saksi yang berada di lokasi kejadian. Dihadiri pihak Kejaksaan Negeri (Kejari) Tabanan, tim kuasa hukum tersangka, serta penyidik Satreskrim Polres Tabanan,"" ujar Wiwik saat dikonfirmasi, Senin (21/9/2026).Dia menjelaskan, rekonstruksi dilakukan untuk memperagakan rangkaian kejadian pidana pengeroyokan berdasarkan perkara yang ditangani penyidik.
Baca juga: Koster Minta Warga Tak Main Hakim Sendiri Usai Pencuri Ayam Tewas Dikeroyok di Bali
Dikonfirmasi terpisah, Kasat Reskrim Polres Tabanan, AKP Made Teddy Satria Permana, mengatakan bahwa rekonstruksi tidak menemukan fakta baru dalam perkara tersebut.




Dia juga memastikan bahwa jumlah tersangka dalam perkara tersebut masih tetap lima orang.
""Tidak ada fakta baru, masih sama dengan BAP (Berita Acara Pemeriksaan). Tersangka masih lima, belum ada penambahan,"" kata Teddy.
Menurut Teddy, setelah rekonstruksi, penyidik akan berkoordinasi dengan Kejari Tabanan untuk proses selanjutnya.""Setelah rekonstruksi kami koordinasi dengan kejaksaan untuk pengiriman berkas perkara,"" ujarnya.
Baca juga: 5 Tersangka Pengeroyokan Pencuri Ayam di Tabanan Ajukan Penangguhan Penahanan

Para tersangka disangkakan Pasal 262 ayat (1) atau ayat (4) terkait kekerasan yang dilakukan secara terang-terangan atau di muka umum secara bersama-sama terhadap orang atau barang hingga mengakibatkan kematian.
Adapun pengeroyokan itu terjadi di Banjar Juwuk Legi, Desa Batunya, Kecamatan Baturiti, pada 24 Juli 2026 dini hari.
Insiden tersebut menewaskan seorang pria asal Desa Sidetapa, Kecamatan Banjar, Kabupaten Buleleng, berinisial KD.
Pria itu tewas dihakimi massa ussai terpergok diduga mencuri seekor ayam aduan.
Baca juga: Pencuri Ayam yang Tewas di Bali Ternyata Sudah Diincar Polres Badung, 4 Kali Lolos Penggerebekan




  

    
        Bayangkan seorang anak Indonesia bercita-cita menjadi dokter tetapi hanya memiliki satu buku lusuh untuk belajar. Bersama Ekspedisi Kata ke Nyata Kompas.com, Anda bisa membantu mengubah kisah itu. Mari hadirkan akses literasi bagi anak-anak di berbagai pelosok Indonesia melalui donasi lewat tautan https://bit.ly/JagatLiterasi2026. Setiap kebaikan yang Anda berikan bukan hanya membuka jendela pengetahuan, tetapi juga membuka masa depan mereka.",Kompas.com,"Dajan Peken, 82114, Tabanan, Tabanan, Bali, Indonesia",-8.536609490935,115.13552944186335,5,"2, 7","kejaksaan, kejatibali, kejaritabanan, tabanan, news"
Tabanan Arsip Page 474 of 596,2025-08-18T08:10:12.000Z,"Kabupaten Tabanan, Bali, Indonesia",Tabanan Arsip | Page 474 of 596 - BALIPOST.com,"Sebaran Personel TNI Belum MerataTabanan Jumat, 19 April 2019 | 20:35:24 DENPASAR, BALIPOST.com - Pimpinan TNI AD saat ini sangat konsen terhadap kondisi tidak meratanya jumlah personel TNI AD antara satuan di wilayah Pulau Jawa...Nabrak Truk Parkir, Pemotor TewasTabanan Jumat, 19 April 2019 | 17:44:35 TABANAN, BALIPOST.com - Seorang pemotor tewas karena menabrak truk parkir di Bypass Soekarno, Banjar Sanggulan, Desa Banjar Anyar, Kediri, Tabanan. Lokasinya di depan Hardy's...Hujan Deras, Dapur dan Kamar Mandi Warga AmblasTabanan Minggu, 14 April 2019 | 17:34:25 TABANAN, BALIPOST.com - Hujan deras di Tabanan, Sabtu (13/4) malam menyebabkan longsor.","Salah satunya Kecamatan Baturiti.
Longsor terjadi di Banjar Abianluang, Desa/Kecamatan Baturiti. Senderan bangunan....","Pada Hari Senin , 18 Agustus 2025 08:10, Tabanan, Tabanan, Bali

Sebaran Personel TNI Belum MerataTabanan Jumat, 19 April 2019 | 20:35:24 DENPASAR, BALIPOST.com - Pimpinan TNI AD saat ini sangat konsen terhadap kondisi tidak meratanya jumlah personel TNI AD antara satuan di wilayah Pulau Jawa...Nabrak Truk Parkir, Pemotor TewasTabanan Jumat, 19 April 2019 | 17:44:35 TABANAN, BALIPOST.com - Seorang pemotor tewas karena menabrak truk parkir di Bypass Soekarno, Banjar Sanggulan, Desa Banjar Anyar, Kediri, Tabanan. Lokasinya di depan Hardy's...Hujan Deras, Dapur dan Kamar Mandi Warga AmblasTabanan Minggu, 14 April 2019 | 17:34:25 TABANAN, BALIPOST.com - Hujan deras di Tabanan, Sabtu (13/4) malam menyebabkan longsor. Salah satunya Kecamatan Baturiti.
Longsor terjadi di Banjar Abianluang, Desa/Kecamatan Baturiti. Senderan bangunan...",BALIPOST.com,"Dajan Peken, 82114, Tabanan, Tabanan, Bali, Indonesia",-8.536609490935,115.13552944186335,5,"2, 7","kejaksaan, kejatibali, kejaritabanan, tabanan, news"
Gempa M 66 Tuban Dirasakan hingga Bali Warga Tabanan 10 Detik Lebih Cukup Kencang,2023-04-14T07:00:00.000Z,"Kabupaten Tabanan, Bali, Indonesia","Gempa M 6,6 Tuban Dirasakan hingga Bali, Warga Tabanan: 10 Detik Lebih, Cukup Kencang - Kompas.com","TABANAN, KOMPAS.com - Gempa bumi berkekuatan magnitudo 6,6 mengguncang Tuban, Jawa Timur, Jumat (14/4/2023) pukul 16.55 WIB. Getaran gempa dirasakan hingga wilayah Bali.","Hafid (29) merasakan gempa tersebut saat berada di kantornya sekitar pukul 18.00 Wita.
Baca juga: Gempa M 6,6 Guncang Tuban, Terasa hingga Solo, Tak Berpotensi TsunamiKetika itu Hafid dan karyawan lain di kantornya di Kabupaten Tabanan, sempat panik begitu guncangan terasa. ""Guncangannya terasa cukup lama.","Pada Hari Jumat , 14 April 2023 07:00, Tabanan, Tabanan, Bali

TABANAN, KOMPAS.com - Gempa bumi berkekuatan magnitudo 6,6 mengguncang Tuban, Jawa Timur, Jumat (14/4/2023) pukul 16.55 WIB. Getaran gempa dirasakan hingga wilayah Bali. Hafid (29) merasakan gempa tersebut saat berada di kantornya sekitar pukul 18.00 Wita.
Baca juga: Gempa M 6,6 Guncang Tuban, Terasa hingga Solo, Tak Berpotensi TsunamiKetika itu Hafid dan karyawan lain di kantornya di Kabupaten Tabanan, sempat panik begitu guncangan terasa. ""Guncangannya terasa cukup lama. Ada sekitar 10 detik lebih, cukup kencang,"" ujarnya. Selain di Kabupaten Tabanan, getaran gempa juga dirasakan warga di Kota Denpasar.




Baca juga: Gempa M 6,6 di Tuban Terasa hingga NTT  ""Lagi kerja tiba-tiba layar komputer goyang-goyang. Saya kira efek pusing sakit kepala, ternyata gempa. Teman-teman panik keluar ruangan,"" ujar Farah (26).
 Informasi dari BMKG, gempa bumi ini berkekuatan magnitudo 6,6 dan tidak berisiko tsunami.

Adapun gempa berpusat di 68 kilometer Barat Laut Tuban, Jawa Timur.
Gempa berlokasi di 6,29 Lintang Selatan dan 111,92 Bujur Timur.
Lokasi gempa di kedalaman 632 kilometer.




  

    
        Bayangkan seorang anak Indonesia bercita-cita menjadi dokter tetapi hanya memiliki satu buku lusuh untuk belajar. Bersama Ekspedisi Kata ke Nyata Kompas.com, Anda bisa membantu mengubah kisah itu. Mari hadirkan akses literasi bagi anak-anak di berbagai pelosok Indonesia melalui donasi lewat tautan https://bit.ly/JagatLiterasi2026. Setiap kebaikan yang Anda berikan bukan hanya membuka jendela pengetahuan, tetapi juga membuka masa depan mereka.",Kompas.com,"Dajan Peken, 82114, Tabanan, Tabanan, Bali, Indonesia",-8.536609490935,115.13552944186335,5,"2, 7","kejaksaan, kejatibali, kejaritabanan, tabanan, news"
Mimpi Punya Rumah Tabanan Bali Cek di Sini Harga Cuma Rp 168 Juta,2025-03-30T07:00:00.000Z,"Kabupaten Tabanan, Bali, Indonesia","Mimpi Punya Rumah Tabanan Bali? Cek di Sini, Harga Cuma Rp 168 Juta - Kompas.com","KOMPAS.com - Kabupaten Tabanan di Bali kini tengah menarik perhatian calon pemilik rumah.
Daerah ini menjadi sorotan karena menawarkan berbagai pilihan rumah subsidi dengan harga terjangkau, yang bisa diakses melalui Sistem Informasi Kumpulan Pengembang (Sikumbang).Menariknya, harga rumah tersebut ditawarkan di bawah Rp 200 juta.
Berikut adalah beberapa pilihan rumah yang bisa dipertimbangkan di Kabupaten Tabanan:
1. Perumahan Taman Indah Lestari: Tipe 30/60
Terletak di Kerambitan, Kabupaten Tabanan, proyek ini dikembangkan oleh PT Puri Gita Asri.




Rumah tapak ini dirancang dengan luas bangunan 30 meter persegi dan luas lahan 60 meter persegi.
Terdapat 48 rumah yang ditawarkan dengan harga Rp 149 juta per unit.
Hingga kini, 26 unit sudah terjual, dan 22 rumah lainnya masih tersedia.
2.","Bca Pesona Jadi Thp 3: Tipe 25
Perumahan ini terletak di Kediri, Kabupaten Tabanan dan dikembangkan oleh Bumi Cempaka Asri.
Menawarkan 114 rumah dengan luas bangunan 25 meter persegi dan luas lahan 60 meter persegi.
Harga per unit adalah Rp 168 juta, dan masih tersisa 19 rumah lagi.
3. Gedong Mandung V: Tipe 36
Proyek ini berlokasi di Kerambitan, Kabupaten Tabanan dan dikembangkan oleh PT Gedong Becik Raindra.
Dengan luas bangunan 36 meter persegi dan total luas tanah 60 meter persegi, rumah tapak ini dibanderol dengan harga Rp 168 juta per unit.
Dari 26 unit yang tersedia, 12 rumah masih dipasarkan.
4.","Pada Hari Minggu , 30 Maret 2025 07:00, Tabanan, Tabanan, Bali

KOMPAS.com - Kabupaten Tabanan di Bali kini tengah menarik perhatian calon pemilik rumah.
Daerah ini menjadi sorotan karena menawarkan berbagai pilihan rumah subsidi dengan harga terjangkau, yang bisa diakses melalui Sistem Informasi Kumpulan Pengembang (Sikumbang).Menariknya, harga rumah tersebut ditawarkan di bawah Rp 200 juta.
Berikut adalah beberapa pilihan rumah yang bisa dipertimbangkan di Kabupaten Tabanan:
1. Perumahan Taman Indah Lestari: Tipe 30/60
Terletak di Kerambitan, Kabupaten Tabanan, proyek ini dikembangkan oleh PT Puri Gita Asri.




Rumah tapak ini dirancang dengan luas bangunan 30 meter persegi dan luas lahan 60 meter persegi.
Terdapat 48 rumah yang ditawarkan dengan harga Rp 149 juta per unit.
Hingga kini, 26 unit sudah terjual, dan 22 rumah lainnya masih tersedia.
2. Bca Pesona Jadi Thp 3: Tipe 25
Perumahan ini terletak di Kediri, Kabupaten Tabanan dan dikembangkan oleh Bumi Cempaka Asri.
Menawarkan 114 rumah dengan luas bangunan 25 meter persegi dan luas lahan 60 meter persegi.
Harga per unit adalah Rp 168 juta, dan masih tersisa 19 rumah lagi.
3. Gedong Mandung V: Tipe 36
Proyek ini berlokasi di Kerambitan, Kabupaten Tabanan dan dikembangkan oleh PT Gedong Becik Raindra.
Dengan luas bangunan 36 meter persegi dan total luas tanah 60 meter persegi, rumah tapak ini dibanderol dengan harga Rp 168 juta per unit.
Dari 26 unit yang tersedia, 12 rumah masih dipasarkan.
4. Graha Kita Tahaf II: Tipe 35/66
Terletak di Salamadeg Timur, Kabupaten Tabanan, proyek ini dikembangkan oleh PT Jatayu Dewata.
Tersedia total 24 rumah, dengan harga Rp 168 juta per unit.
Rumah tapak ini dirancang dengan luas bangunan 35 meter persegi dan luas lahan 66 meter persegi.
5. Bca Multi Jadi IX Thp 3: Tipe 25
Proyek perumahan ini juga berada di Kediri, Kabupaten Tabanan, dan menawarkan total 136 unit.
Dengan harga per unit Rp 168 juta, luas bangunan dirancang 25 meter persegi serta luas tanah 60 meter persegi.
Saat ini, masih ada 41 rumah lagi yang dipasarkan.
Kabupaten Tabanan, dengan berbagai pilihan rumah subsidi yang terjangkau, menarik minat berbagai kalangan calon pembeli.
Dengan harga yang bersaing dan fasilitas yang memadai, Tabanan menjadi pilihan yang tepat bagi mereka yang ingin memiliki rumah di Bali tanpa harus merogoh kocek terlalu dalam.
Dengan banyaknya pilihan perumahan yang ada, diharapkan para calon pemilik rumah dapat menemukan tempat tinggal yang sesuai dengan kebutuhan dan anggaran mereka.




  

    
        Bayangkan seorang anak Indonesia bercita-cita menjadi dokter tetapi hanya memiliki satu buku lusuh untuk belajar. Bersama Ekspedisi Kata ke Nyata Kompas.com, Anda bisa membantu mengubah kisah itu. Mari hadirkan akses literasi bagi anak-anak di berbagai pelosok Indonesia melalui donasi lewat tautan https://bit.ly/JagatLiterasi2026. Setiap kebaikan yang Anda berikan bukan hanya membuka jendela pengetahuan, tetapi juga membuka masa depan mereka.",Kompas.com,"Dajan Peken, 82114, Tabanan, Tabanan, Bali, Indonesia",-8.536609490935,115.13552944186335,5,"2, 7","kejaksaan, kejatibali, kejaritabanan, tabanan, news"
Tabanan Arsip Page 151 of 594,2020-09-11T15:09:34.000Z,"Kabupaten Tabanan, Bali, Indonesia",Tabanan Arsip | Page 151 of 594 - BALIPOST.com,"Libur Panjang Kenaikan Yesus Kristus, Ini 10 Alasan Buat Kunjungi Pantai Cinta KedunguTabanan Senin, 26 Mei 2025 | 15:35:37 DENPASAR, BALIPOST.com - Libur akhir pekan serangkaian Kenaikan Yesus Kristus yang jatuh pada 29 Mei 2025 segera tiba. Liburan ke pantai tentu menjadi salah...Nangun Sat Kerthi Loka Bali: Desa Apuan Punya Potensi Pertanian Herbal MenjanjikanTabanan Senin, 26 Mei 2025 | 12:18:59 TABANAN, BALIPOST.com - Desa Apuan di Kecamatan Baturiti, Tabanan, menyimpan potensi pertanian herbal yang menjanjikan.","Salah satu yang menonjol adalah bunga rosela yang dikenal kaya...Pohon Timpa Bangunan Pura Pucak Empelan Hingga SekolahTabanan Minggu, 25 Mei 2025 | 17:34:03 TABANAN, BALIPOST.com - Sebuah pohon beringin berukuran besar tumbang di areal Pura Pucak Empelan Dalem Semeru, Banjar Umadiwang, Desa Batannyuh, Kecamatan Marga, Kabupaten Tabanan,...Rem Blong, Truk Sebabkan Lakalantas Beruntun di SelemadegTabanan Sabtu, 24 Mei 2025 | 20:42:50 TABANAN, BALIPOST.com - Kecelakaan lalu lintas beruntun melibatkan enam kendaraan terjadi di Jalan Nasional jurusan Denpasar–Gilimanuk, wilayah Banjar Dinas Payan, Desa Antap, Kecamatan Selemadeg,...Anggota DPRD Tabanan, I Wayan Gindera Tutup UsiaTabanan Sabtu, 24 Mei 2025 | 13:22:41 TABANAN, BALIPOST.com - Partai Golkar Tabanan berduka, pasalnya salah satu kader senior asal Nyitdah Kediri, I Wayan Gindera tutup usia di ICU RS Tabanan,...Polres Tabanan Amankan 10 Tersangka Narkoba dan 83 Paket SabuTabanan Sabtu, 24 Mei 2025 | 07:42:31 TABANAN, BALIPOST.com - Polres Tabanan berhasil mengungkap delapan kasus penyalahgunaan narkoba jenis sabu-sabu dalam kurun waktu dua bulan terakhir, dari 26 Maret hingga 23...Truk Fuso Tabrak Motor dan Pembatas Jembatan di AntapTabanan Jumat, 23 Mei 2025 | 16:12:54 TABANAN, BALIPOST.com - Kecelakaan lalu lintas terjadi di Jalan Nasional Denpasar–Gilimanuk, tepatnya di Banjar Dinas Payan, Desa Antap, Kecamatan Selemadeg, Kabupaten Tabanan, Jumat (23/5)....Mantan Napi Pelecehan Seksual Anak di Bawah Umur Terciduk Bawa SabuTabanan Jumat, 23 Mei 2025 | 13:42:48 TABANAN, BALIPOST.com - Ada yang menarik dari penangkapan 10 pelaku kasus penyalahgunaan narkoba oleh Satresnarkoba Polres Tabanan kali ini.
Salah satu pelaku inisial RJ alias...Tradisi Nyaji: Ungkapan Syukur dan Harmoni di Desa Adat BelayuTabanan Jumat, 23 Mei 2025 | 10:40:02 DENPASAR, BALIPOST.com - Di tengah pesatnya modernisasi, masyarakat Bali tetap menjaga tradisi leluhur yang sarat makna spiritual dan sosial.
Salah satu tradisi tersebut adalah Nyaji, sebuah...Demi Menjaga Alam Bali, Bupati Sanjaya Tak Segan Tolak InvestorTabanan Jumat, 23 Mei 2025 | 06:31:14 TABANAN, BALIPOST.com - Komitmen menjaga kelestarian alam Bali tak hanya diwujudkan lewat seruan, namun juga melalui langkah nyata di Tabanan. Menolak investor yang tidak...","Pada Hari Jumat , 11 September 2020 15:09, Tabanan, Tabanan, Bali

Libur Panjang Kenaikan Yesus Kristus, Ini 10 Alasan Buat Kunjungi Pantai Cinta KedunguTabanan Senin, 26 Mei 2025 | 15:35:37 DENPASAR, BALIPOST.com - Libur akhir pekan serangkaian Kenaikan Yesus Kristus yang jatuh pada 29 Mei 2025 segera tiba. Liburan ke pantai tentu menjadi salah...Nangun Sat Kerthi Loka Bali: Desa Apuan Punya Potensi Pertanian Herbal MenjanjikanTabanan Senin, 26 Mei 2025 | 12:18:59 TABANAN, BALIPOST.com - Desa Apuan di Kecamatan Baturiti, Tabanan, menyimpan potensi pertanian herbal yang menjanjikan. Salah satu yang menonjol adalah bunga rosela yang dikenal kaya...Pohon Timpa Bangunan Pura Pucak Empelan Hingga SekolahTabanan Minggu, 25 Mei 2025 | 17:34:03 TABANAN, BALIPOST.com - Sebuah pohon beringin berukuran besar tumbang di areal Pura Pucak Empelan Dalem Semeru, Banjar Umadiwang, Desa Batannyuh, Kecamatan Marga, Kabupaten Tabanan,...Rem Blong, Truk Sebabkan Lakalantas Beruntun di SelemadegTabanan Sabtu, 24 Mei 2025 | 20:42:50 TABANAN, BALIPOST.com - Kecelakaan lalu lintas beruntun melibatkan enam kendaraan terjadi di Jalan Nasional jurusan Denpasar–Gilimanuk, wilayah Banjar Dinas Payan, Desa Antap, Kecamatan Selemadeg,...Anggota DPRD Tabanan, I Wayan Gindera Tutup UsiaTabanan Sabtu, 24 Mei 2025 | 13:22:41 TABANAN, BALIPOST.com - Partai Golkar Tabanan berduka, pasalnya salah satu kader senior asal Nyitdah Kediri, I Wayan Gindera tutup usia di ICU RS Tabanan,...Polres Tabanan Amankan 10 Tersangka Narkoba dan 83 Paket SabuTabanan Sabtu, 24 Mei 2025 | 07:42:31 TABANAN, BALIPOST.com - Polres Tabanan berhasil mengungkap delapan kasus penyalahgunaan narkoba jenis sabu-sabu dalam kurun waktu dua bulan terakhir, dari 26 Maret hingga 23...Truk Fuso Tabrak Motor dan Pembatas Jembatan di AntapTabanan Jumat, 23 Mei 2025 | 16:12:54 TABANAN, BALIPOST.com - Kecelakaan lalu lintas terjadi di Jalan Nasional Denpasar–Gilimanuk, tepatnya di Banjar Dinas Payan, Desa Antap, Kecamatan Selemadeg, Kabupaten Tabanan, Jumat (23/5)....Mantan Napi Pelecehan Seksual Anak di Bawah Umur Terciduk Bawa SabuTabanan Jumat, 23 Mei 2025 | 13:42:48 TABANAN, BALIPOST.com - Ada yang menarik dari penangkapan 10 pelaku kasus penyalahgunaan narkoba oleh Satresnarkoba Polres Tabanan kali ini.
Salah satu pelaku inisial RJ alias...Tradisi Nyaji: Ungkapan Syukur dan Harmoni di Desa Adat BelayuTabanan Jumat, 23 Mei 2025 | 10:40:02 DENPASAR, BALIPOST.com - Di tengah pesatnya modernisasi, masyarakat Bali tetap menjaga tradisi leluhur yang sarat makna spiritual dan sosial.
Salah satu tradisi tersebut adalah Nyaji, sebuah...Demi Menjaga Alam Bali, Bupati Sanjaya Tak Segan Tolak InvestorTabanan Jumat, 23 Mei 2025 | 06:31:14 TABANAN, BALIPOST.com - Komitmen menjaga kelestarian alam Bali tak hanya diwujudkan lewat seruan, namun juga melalui langkah nyata di Tabanan. Menolak investor yang tidak...  Muat lebih",BALIPOST.com,"Dajan Peken, 82114, Tabanan, Tabanan, Bali, Indonesia",-8.536609490935,115.13552944186335,5,"2, 7","kejaksaan, kejatibali, kejaritabanan, tabanan, news"
Bupati Tabanan Diputuskan Resmi Bercerai Sang Suami Ajukan Banding,2017-09-22T07:00:00.000Z,"Kabupaten Tabanan, Bali, Indonesia","Bupati Tabanan Diputuskan Resmi Bercerai, Sang Suami Ajukan Banding - Kompas.com","TABANAN, KOMPAS.com - Bupati Tabanan, Bali, Ni Putu Eka Wiryastuti, dinyatakan resmi bercerai dari suaminya, I Made Dwi Saputra alias Bambang Aditya pada Selasa (22/8/2017) lalu.Putusan gugatan cerai dari Eka kepada Bambang ketika itu dikabulkan pihak Pengadilan Negeri Tabanan. Namun sang suami, Bambang Aditya mengajukan banding.
Kepala PN Tabanan, I Wayan Gede Rumega mengatakan, adanya perlawan tersebut secara otomatis membuat persidangan akan digelar kembali.“Ada verzet atau perlawanan hukum dari tergugat.","Alasannya karena tidak mengetahui ada gugatan,” kata Rumega saat dikonfirmasi, Kamis (21/9/2017).Rumega menyebutkan, adanya verzet adalah hal biasa dalam persidangan perdata dan merupakan hak dari tergugat.Dalam penyampaian gugatan ke pengadilan, disebutkan pihaknya sudah melayangkan surat pemberitahuan yang ditujukan kepada alamat sesuai Kartu Tanda Pengenal (KTP). “Jika alamatnya tidak diketahui maka kami bisa mengumumkan di media masa terkait adanya gugatan hukum,” jelasnya.
Baca juga: Ditangkap di Jakpus, Ini Alasan Anggota DPRD Tabanan Konsumsi SabuBambang Aditya yang menikah dengan Ni Putu Eka Wiryastuti pada Desember 2012 sempat ke PN Tabanan untuk mengambil putusan persidangan perceraiannya sekitar Jumat (15/9/2017).Tergugat mengaku tidak mengetahui adanya gugatan karena sedang berada di Jakarta.“Karena alasan itu, makanya ada perlawanan hukum,” terang Rumega.Dengan adanya upaya hukum tersebut, pihak pengadilan PN Tabanan secara otomatis belum bisa membuka detail perkara Bupati Tabanan dua periode itu.Untuk proses sidang, akan mulai berjalan dan tertutup untuk umum.Baca juga: Cerai Susuk, Cara Perceraian TKW Asal Banyuwangi
Berita ini sudah tayang di Tribunnews.com, Jumat 22 September 2017 dengan judul Status Janda Bupati Cantik Ini Dibatalkan, Suami Banding
Kompas TV Parade Gebogan Jadi Pembuka Festival Tanah Lot





  

    
        Bayangkan seorang anak Indonesia bercita-cita menjadi dokter tetapi hanya memiliki satu buku lusuh untuk belajar.","Pada Hari Jumat , 22 September 2017 07:00, Tabanan, Tabanan, Bali

TABANAN, KOMPAS.com - Bupati Tabanan, Bali, Ni Putu Eka Wiryastuti, dinyatakan resmi bercerai dari suaminya, I Made Dwi Saputra alias Bambang Aditya pada Selasa (22/8/2017) lalu.Putusan gugatan cerai dari Eka kepada Bambang ketika itu dikabulkan pihak Pengadilan Negeri Tabanan. Namun sang suami, Bambang Aditya mengajukan banding.
Kepala PN Tabanan, I Wayan Gede Rumega mengatakan, adanya perlawan tersebut secara otomatis membuat persidangan akan digelar kembali.“Ada verzet atau perlawanan hukum dari tergugat. Alasannya karena tidak mengetahui ada gugatan,” kata Rumega saat dikonfirmasi, Kamis (21/9/2017).Rumega menyebutkan, adanya verzet adalah hal biasa dalam persidangan perdata dan merupakan hak dari tergugat.Dalam penyampaian gugatan ke pengadilan, disebutkan pihaknya sudah melayangkan surat pemberitahuan yang ditujukan kepada alamat sesuai Kartu Tanda Pengenal (KTP). 



“Jika alamatnya tidak diketahui maka kami bisa mengumumkan di media masa terkait adanya gugatan hukum,” jelasnya.
Baca juga: Ditangkap di Jakpus, Ini Alasan Anggota DPRD Tabanan Konsumsi SabuBambang Aditya yang menikah dengan Ni Putu Eka Wiryastuti pada Desember 2012 sempat ke PN Tabanan untuk mengambil putusan persidangan perceraiannya sekitar Jumat (15/9/2017).Tergugat mengaku tidak mengetahui adanya gugatan karena sedang berada di Jakarta.“Karena alasan itu, makanya ada perlawanan hukum,” terang Rumega.Dengan adanya upaya hukum tersebut, pihak pengadilan PN Tabanan secara otomatis belum bisa membuka detail perkara Bupati Tabanan dua periode itu.Untuk proses sidang, akan mulai berjalan dan tertutup untuk umum.Baca juga: Cerai Susuk, Cara Perceraian TKW Asal Banyuwangi
Berita ini sudah tayang di Tribunnews.com, Jumat 22 September 2017 dengan judul Status Janda Bupati Cantik Ini Dibatalkan, Suami Banding
Kompas TV Parade Gebogan Jadi Pembuka Festival Tanah Lot





  

    
        Bayangkan seorang anak Indonesia bercita-cita menjadi dokter tetapi hanya memiliki satu buku lusuh untuk belajar. Bersama Ekspedisi Kata ke Nyata Kompas.com, Anda bisa membantu mengubah kisah itu. Mari hadirkan akses literasi bagi anak-anak di berbagai pelosok Indonesia melalui donasi lewat tautan https://bit.ly/JagatLiterasi2026. Setiap kebaikan yang Anda berikan bukan hanya membuka jendela pengetahuan, tetapi juga membuka masa depan mereka.    
                    Batas akses KARIN
                    
                        Kamu sudah mencapai batas akses KARIN.
                        Gabung membership Kompas.com+ MAX untuk bertanya lebih banyak dan memahami berita dengan lebih leluasa.
                    
                
            
                    
                    
                    Tidak akurat
                
                
                    
                    
                    Tidak relevan
                
                
                    
                    
                    Menyinggung
                
                
                    
                    
                    Terlalu lama
                
                
                    
                    
                    Isu privasi
                
                
                    
                    
                    Lainnya
                
            
            
                    Khusus Member
                    
                        Akses Tanya Langsung Tersedia untuk Member
                        Gabung membership Kompas.com+ MAX untuk bertanya lebih banyak dan memahami berita dengan lebih leluasa.",Kompas.com,"Dajan Peken, 82114, Tabanan, Tabanan, Bali, Indonesia",-8.536609490935,115.13552944186335,5,"2, 7","kejaksaan, kejatibali, kejaritabanan, tabanan, news"
Tabanan Arsip Page 530 of 575,2026-02-08T13:38:27.000Z,"Kabupaten Tabanan, Bali, Indonesia",Tabanan Arsip | Page 530 of 575 - BALIPOST.com,"Permintaan Darah Didominasi Pasien HDTabanan Rabu, 28 Maret 2018 | 10:05:50 TABANAN, BALIPOST.com - Jika lima tahun kebelakang permintaan darah di BRSU Tabanan didominasi pasien Demam Berdarah Denque (DBD). Maka tahun ini permintaan darah tahun...Lulus TK Tidak Harus Pintar Baca TulisTabanan Selasa, 27 Maret 2018 | 16:32:59 TABANAN, BALIPOST.com – Selama ini masih banyak orang tua yang salah beranggapan mengenai anak lulusan Taman Kanak-kanak (TK) maupun Pendidikan Anak Usia Dini  (PAUD)....Ngamuk, ODGJ Diamankan Satpol PPTabanan Selasa, 27 Maret 2018 | 09:49:45 TABANAN, BALIPOST.com - Anak Agung Ngurah Bagus Mahaputra (41) warga Banjar Tengah, Desa Kerambitan, Kecamatan Kerambitan terpaksa diamankan petugas Satpol PP Tabanan, Senin (26/3)...Panen Raya, Harga Gabah Masih Di Atas HPPTabanan Minggu, 25 Maret 2018 | 16:34:08 TABANAN, BALIPOST.com - Memasuki panen raya, ketersediaan padi tentu melimpah.","Namun meski ketersediaan melimpah, petani di Tabanan masih bisa menjual harga gabahnya di atas...Cegah Rabies, 55 Ekor Anjing DieleminasiTabanan Minggu, 25 Maret 2018 | 16:22:42 TABANAN, BALIPOST.com – Sebagai tindak lanjut terjadinya kasus gigitan anjing rabies di kecamatan Tabanan, digelar eleminasi selektif di tiga banjar yaitu  Banjar Delod Peken...2018, Nekosake akan Dibentuk di TabananTabanan Sabtu, 24 Maret 2018 | 11:58:08 TABANAN, BALIPOST.com - Setiap desa di Tabanan terus didorong untuk menggali dan memaksimalkan pemanfaatan potensi yang dimiliki. Tidak hanya pembentukan Bumdes, Tabanan juga mendorong....","Pada Hari Minggu , 8 Februari 2026 13:38, Tabanan, Tabanan, Bali

Permintaan Darah Didominasi Pasien HDTabanan Rabu, 28 Maret 2018 | 10:05:50 TABANAN, BALIPOST.com - Jika lima tahun kebelakang permintaan darah di BRSU Tabanan didominasi pasien Demam Berdarah Denque (DBD). Maka tahun ini permintaan darah tahun...Lulus TK Tidak Harus Pintar Baca TulisTabanan Selasa, 27 Maret 2018 | 16:32:59 TABANAN, BALIPOST.com – Selama ini masih banyak orang tua yang salah beranggapan mengenai anak lulusan Taman Kanak-kanak (TK) maupun Pendidikan Anak Usia Dini  (PAUD)....Ngamuk, ODGJ Diamankan Satpol PPTabanan Selasa, 27 Maret 2018 | 09:49:45 TABANAN, BALIPOST.com - Anak Agung Ngurah Bagus Mahaputra (41) warga Banjar Tengah, Desa Kerambitan, Kecamatan Kerambitan terpaksa diamankan petugas Satpol PP Tabanan, Senin (26/3)...Panen Raya, Harga Gabah Masih Di Atas HPPTabanan Minggu, 25 Maret 2018 | 16:34:08 TABANAN, BALIPOST.com - Memasuki panen raya, ketersediaan padi tentu melimpah. Namun meski ketersediaan melimpah, petani di Tabanan masih bisa menjual harga gabahnya di atas...Cegah Rabies, 55 Ekor Anjing DieleminasiTabanan Minggu, 25 Maret 2018 | 16:22:42 TABANAN, BALIPOST.com – Sebagai tindak lanjut terjadinya kasus gigitan anjing rabies di kecamatan Tabanan, digelar eleminasi selektif di tiga banjar yaitu  Banjar Delod Peken...2018, Nekosake akan Dibentuk di TabananTabanan Sabtu, 24 Maret 2018 | 11:58:08 TABANAN, BALIPOST.com - Setiap desa di Tabanan terus didorong untuk menggali dan memaksimalkan pemanfaatan potensi yang dimiliki. Tidak hanya pembentukan Bumdes, Tabanan juga mendorong...",BALIPOST.com,"Dajan Peken, 82114, Tabanan, Tabanan, Bali, Indonesia",-8.536609490935,115.13552944186335,5,"2, 7","kejaksaan, kejatibali, kejaritabanan, tabanan, news"
Foto Nyanyi Bali dan Valrhona Kembangkan Kebun Kakao Berkelanjutan di Tabanan,2026-03-04T08:00:00.000Z,"Kabupaten Tabanan, Bali, Indonesia",Foto : Nyanyi Bali dan Valrhona Kembangkan Kebun Kakao Berkelanjutan di Tabanan - Kompas.com,"Made Ariani Siswanto, Managing Director Nyanyi Bali; Emmanuelle Brun, Head of Strategic Growth & New Ventures, Valrhona; dan Nyoman Astari Siswanto, Director Nyanyi Bali, di Valrhona Cocoa Forest, Bali.(Dok Nyanyi Bali).",,"Pada Hari Rabu , 4 Maret 2026 08:00, Tabanan, Tabanan, Bali

Made Ariani Siswanto, Managing Director Nyanyi Bali; Emmanuelle Brun, Head of Strategic Growth & New Ventures, Valrhona; dan Nyoman Astari Siswanto, Director Nyanyi Bali, di Valrhona Cocoa Forest, Bali.(Dok Nyanyi Bali)",Kompas.com,"Dajan Peken, 82114, Tabanan, Tabanan, Bali, Indonesia",-8.536609490935,115.13552944186335,5,"2, 7","kejaksaan, kejatibali, kejaritabanan, tabanan, news"
Diduga Frustrasi karena UN Siswi SMP Gantung Diri,2014-05-08T07:00:00.000Z,"Kabupaten Tabanan, Bali, Indonesia","Diduga Frustrasi karena UN, Siswi SMP Gantung Diri - Kompas.com","TABANAN, KOMPAS — Leony Alvionita (14), siswi kelas III SMP Negeri 1 Tabanan, Bali, gantung diri seusai pulang dari mengikuti ujian nasional, Selasa (6/5) sekitar pukul 11.00 Wita. Kepolisian Resor Tabanan menduga siswi tersebut frustrasi karena merasa gagal mengerjakan soal ujian Matematika.”Kami menduga ia takut tidak lulus dan memutuskan gantung diri.","Berdasarkan penelitian di kamar korban, ia tidak dibantu siapa pun dan mengikat tali dasi sekolahnya sendiri di lehernya untuk gantung diri,” kata Kepala Polres Tabanan Ajun Komisaris Besar Dekananto Eko Purwono, di Tabanan, Bali, Rabu.Polisi telah mendalami beberapa keterangan teman dan bukti Blackberry Messenger korban kepada temannya. Dalam pesan itu, sebelum jam siswa tersebut gantung diri, Leony sempat mengeluh kesulitan dan frustrasi mengerjakan soal Matematika.Leony ditemukan ibunya menggantung di kamar tidurnya di lantai dua rumah toko yang disewa keluarganya.","Pada Hari Kamis , 8 Mei 2014 07:00, Tabanan, Tabanan, Bali

TABANAN, KOMPAS — Leony Alvionita (14), siswi kelas III SMP Negeri 1 Tabanan, Bali, gantung diri seusai pulang dari mengikuti ujian nasional, Selasa (6/5) sekitar pukul 11.00 Wita. Kepolisian Resor Tabanan menduga siswi tersebut frustrasi karena merasa gagal mengerjakan soal ujian Matematika.”Kami menduga ia takut tidak lulus dan memutuskan gantung diri. Berdasarkan penelitian di kamar korban, ia tidak dibantu siapa pun dan mengikat tali dasi sekolahnya sendiri di lehernya untuk gantung diri,” kata Kepala Polres Tabanan Ajun Komisaris Besar Dekananto Eko Purwono, di Tabanan, Bali, Rabu.Polisi telah mendalami beberapa keterangan teman dan bukti Blackberry Messenger korban kepada temannya. Dalam pesan itu, sebelum jam siswa tersebut gantung diri, Leony sempat mengeluh kesulitan dan frustrasi mengerjakan soal Matematika.Leony ditemukan ibunya menggantung di kamar tidurnya di lantai dua rumah toko yang disewa keluarganya. Orangtuanya sempat membawa Leony ke rumah sakit, tetapi dia akhirnya meninggal.Pelaksanaan UN SMP juga tercoreng kuatnya dugaan kebocoran soal. Inspektur Jenderal Kementerian Pendidikan dan Kebudayaan Haryono Umar melakukan inspeksi mendadak ke SMPN 67 Jakarta, Rabu (7/5), untuk mengecek laporan kebocoran soal oleh Indonesia Corruption Watch (ICW).Tetap bawa ponsel



Saat ujian Bahasa Inggris, di dalam ruang kelas ditemukan banyak siswa tetap membawa telepon seluler (ponsel) sekalipun dilarang. Tim investigasi Itjen Kemdikbud memeriksa sekitar 71 ponsel siswa dan guru seusai UN. Di telepon milik siswa ditemukan jawaban sesuai tipe soal seperti laporan ICW.Sesuai informasi yang masuk ke ICW sebelumnya, di kalangan siswa beredar jawaban UN sesuai tipe soal yang disertai kata kunci sebagai penanda tipe soal Bahasa Inggris dan Matematika.Di Kediri, Jawa Timur, Polres Kediri Kota juga mengungkap peredaran kunci jawaban UN tingkat SMP untuk mata pelajaran Matematika. Kepala Polres Kediri Kota Ajun Komisaris Besar Budhi Herdi Susianto mengungkapkan, tiga siswa SMP tertangkap saat menggandakan kunci jawaban tersebut di salah satu tempat fotokopi di dekat sekolah yang ada di Jalan Penanggungan, Kota Kediri, Selasa.”Ada selembar kertas berisi 20 paket isian. Ada tulisannya untuk mata pelajaran Matematika. Setiap paket ada 50 jawaban untuk soal pilihan ganda,” ujarnya, Rabu. Setelah dicek dengan bantuan guru, tingkat kecocokan ”bocoran jawaban” dengan soal sampai 80 persen. Kunci tersebut dibeli seharga Rp 250.000 dari pelajar lain.Anggota Polres Kota Padang, Sumatera Barat, menemukan hal serupa di SMPN 15 Padang. Sejumlah siswa berniat mengambil kunci jawaban di tempat fotokopi. Konon, siswa harus membayar hingga Rp 100.000 untuk mendapatkan kunci jawaban itu. Namun, lembar kunci jawaban yang beredar di kalangan peserta ujian itu diragukan kebenarannya sehingga murid diminta tidak memercayainya.Di Jember, Jatim, juga beredar isu bocoran jawaban soal UN di seputaran Kecamatan Kaliwates. Namun, setelah dicek, tidak ada anak yang mengantongi lembar jawaban.Bibit korupsiKoordinator Divisi Monitoring Pelayanan Publik ICW Febri Hendri mengatakan, ada dugaan pembocoran terstruktur. ”Kami menyayangkan terjadinya kecurangan-kecurangan. Ini benih korupsi. Siswa yang masih muda saja sudah curang. Ini awalnya korupsi,” kata Febri.Selain dugaan kebocoran, UN SMP juga diwarnai masalah teknis, seperti tertukarnya paket soal dan jawaban di Kabupaten Pringsewu, Lampung. Akibatnya, murid menggunakan soal fotokopian. (ELN/LUK/AYS/WER/SIR/ZAK/GER)




  

    
        Bayangkan seorang anak Indonesia bercita-cita menjadi dokter tetapi hanya memiliki satu buku lusuh untuk belajar. Bersama Ekspedisi Kata ke Nyata Kompas.com, Anda bisa membantu mengubah kisah itu. Mari hadirkan akses literasi bagi anak-anak di berbagai pelosok Indonesia melalui donasi lewat tautan https://bit.ly/JagatLiterasi2026. Setiap kebaikan yang Anda berikan bukan hanya membuka jendela pengetahuan, tetapi juga membuka masa depan mereka.    
                    Batas akses KARIN
                    
                        Kamu sudah mencapai batas akses KARIN.
                        Gabung membership Kompas.com+ MAX untuk bertanya lebih banyak dan memahami berita dengan lebih leluasa.
                    
                
            
                    
                    
                    Tidak akurat
                
                
                    
                    
                    Tidak relevan
                
                
                    
                    
                    Menyinggung
                
                
                    
                    
                    Terlalu lama
                
                
                    
                    
                    Isu privasi
                
                
                    
                    
                    Lainnya
                
            
            
                    Khusus Member
                    
                        Akses Tanya Langsung Tersedia untuk Member
                        Gabung membership Kompas.com+ MAX untuk bertanya lebih banyak dan memahami berita dengan lebih leluasa.",Kompas.com,"Dajan Peken, 82114, Tabanan, Tabanan, Bali, Indonesia",-8.536609490935,115.13552944186335,5,"2, 7","kejaksaan, kejatibali, kejaritabanan, tabanan, news"
5 Tersangka Pengeroyokan Pencuri Ayam di Tabanan Ajukan Penangguhan Penahanan,2026-08-14T07:00:00.000Z,"Kabupaten Tabanan, Bali, Indonesia",5 Tersangka Pengeroyokan Pencuri Ayam di Tabanan Ajukan Penangguhan Penahanan - Kompas.com,"TABANAN, KOMPAS.com - Lima tersangka pengeroyokan yang menewaskan terduga pencuri ayam di Banjar Juwuk Legi, Desa Batunya, Kecamatan Baturiti, Kabupaten Tabanan, Bali, mengajukan permohonan penangguhan penahanan.
""Kami mengajukan permohonan penangguhan penahanan empat hari lalu,"" ujar kuasa hukum para tersangka, I Nyoman Agung Sariawan, dikonfirmasi Jumat (14/8/2026).Saat ini, pihaknya masih menunggu keputusan Polres Tabanan terkait permohonan tersebut.
Baca juga: Kejari Tabanan Selidiki Dugaan Korupsi Anggaran Dinkes, Kerugian Rp 300 Juta
Ada tersangka bapak dan anak
Menurut Agung, salah satu pertimbangan pengajuan penangguhan penahanan berkaitan dengan kondisi keluarga.
Dari lima tersangka, terdapat dua orang yang merupakan bapak dan anak.




""Memang salah satunya, dua orang dari tersangka itu orangtuanya dan anaknya. Bapak dan anak, sehingga istrinya di rumah, ibu rumah tangga, dia tidak bisa mengerjakan kehidupan sehari-hari karena kedua orang ini sebagai tulang punggung,"" jelas Agung.
Baca juga: Terduga Pencuri Ayam yang Tewas Dimassa di Tabanan Ternyata DPO Kasus Pencurian Laptop dan Konter HP
Selain itu, Agung menyebut salah satu tersangka baru menyelesaikan pendidikan dan tengah mempersiapkan diri untuk bekerja di luar negeri.""Satu tersangka itu mau ke luar negeri.","Dia sudah tamat mahasiswa, mau berangkat ke luar negeri. Bulan-bulan ini dia sudah mau berangkat ke luar negeri,"" katanya.
Menurut Agung, pihaknya menilai para tersangka memenuhi pertimbangan untuk mendapatkan penangguhan penahanan berdasarkan ketentuan hukum acara pidana.Ia menyebut, para tersangka tidak berpotensi melarikan diri, tidak akan menghilangkan barang bukti, serta tidak akan mengulangi perbuatannya.
""Dasar itulah kami mengajukan.","Pada Hari Jumat , 14 Agustus 2026 07:00, Tabanan, Tabanan, Bali

TABANAN, KOMPAS.com - Lima tersangka pengeroyokan yang menewaskan terduga pencuri ayam di Banjar Juwuk Legi, Desa Batunya, Kecamatan Baturiti, Kabupaten Tabanan, Bali, mengajukan permohonan penangguhan penahanan.
""Kami mengajukan permohonan penangguhan penahanan empat hari lalu,"" ujar kuasa hukum para tersangka, I Nyoman Agung Sariawan, dikonfirmasi Jumat (14/8/2026).Saat ini, pihaknya masih menunggu keputusan Polres Tabanan terkait permohonan tersebut.
Baca juga: Kejari Tabanan Selidiki Dugaan Korupsi Anggaran Dinkes, Kerugian Rp 300 Juta
Ada tersangka bapak dan anak
Menurut Agung, salah satu pertimbangan pengajuan penangguhan penahanan berkaitan dengan kondisi keluarga.
Dari lima tersangka, terdapat dua orang yang merupakan bapak dan anak.




""Memang salah satunya, dua orang dari tersangka itu orangtuanya dan anaknya. Bapak dan anak, sehingga istrinya di rumah, ibu rumah tangga, dia tidak bisa mengerjakan kehidupan sehari-hari karena kedua orang ini sebagai tulang punggung,"" jelas Agung.
Baca juga: Terduga Pencuri Ayam yang Tewas Dimassa di Tabanan Ternyata DPO Kasus Pencurian Laptop dan Konter HP
Selain itu, Agung menyebut salah satu tersangka baru menyelesaikan pendidikan dan tengah mempersiapkan diri untuk bekerja di luar negeri.""Satu tersangka itu mau ke luar negeri. Dia sudah tamat mahasiswa, mau berangkat ke luar negeri. Bulan-bulan ini dia sudah mau berangkat ke luar negeri,"" katanya.
Menurut Agung, pihaknya menilai para tersangka memenuhi pertimbangan untuk mendapatkan penangguhan penahanan berdasarkan ketentuan hukum acara pidana.Ia menyebut, para tersangka tidak berpotensi melarikan diri, tidak akan menghilangkan barang bukti, serta tidak akan mengulangi perbuatannya.
""Dasar itulah kami mengajukan. Sesuai dengan aturan KUHAP,,"" ujar Agung.
Sebelumnya, Polres Tabanan menetapkan lima orang sebagai tersangka dalam kasus pengeroyokan yang menyebabkan seorang pria meninggal dunia di Juwuk Legi.Kelima tersangka yakni MJ (29), WS (38), KB (21), MK (58), dan ND (53). Mereka merupakan warga Banjar Juwuk Legi, Desa Batunya.
Namun, polisi belum membeberkan peran masing-masing tersangka karena penyidikan masih berlangsung.




  



    
        Bayangkan seorang anak Indonesia bercita-cita menjadi dokter tetapi hanya memiliki satu buku lusuh untuk belajar. Bersama Ekspedisi Kata ke Nyata Kompas.com, Anda bisa membantu mengubah kisah itu. Mari hadirkan akses literasi bagi anak-anak di berbagai pelosok Indonesia melalui donasi lewat tautan https://bit.ly/JagatLiterasi2026. Setiap kebaikan yang Anda berikan bukan hanya membuka jendela pengetahuan, tetapi juga membuka masa depan mereka.",Kompas.com,"Dajan Peken, 82114, Tabanan, Tabanan, Bali, Indonesia",-8.536609490935,115.13552944186335,5,"2, 7","kejaksaan, kejatibali, kejaritabanan, tabanan, news"
Gudang Styrofoam Pabrik di Tabanan Terbakar Kerugian Capai Rp 3 Miliar,2025-10-16T07:00:00.000Z,"Kabupaten Tabanan, Bali, Indonesia","Gudang Styrofoam Pabrik di Tabanan Terbakar, Kerugian Capai Rp 3 Miliar - Kompas.com","TABANAN, KOMPAS.com – Kebakaran melanda gudang milik PT Mitra Jaya Sukses Abadi (MSA) di Banjar Batanduren, Desa Cepaka, Kecamatan Kediri, Kabupaten Tabanan, Bali.
Kasi Humas Polres Tabanan, Iptu I Gusti Made Berata, mengatakan kebakaran itu menimbulkan kerugian yang ditaksir mencapai Rp3 miliar.
Ia menjelaskan, kebakaran terjadi, Rabu (15/10/2025) malam sekitar pukul 18.30 Wita. Api pertama kali diketahui oleh salah satu karyawan yang tengah bekerja di area gudang.""Saat menggerinda, saksi mencium bau asap menyengat.","Ketika menoleh, ia melihat api sudah muncul sekitar lima meter dari tempatnya bekerja,"" kata Berata, Kamis (16/10/2025).
Baca juga: Kebakaran Maut di Pademangan: Renggut 4 Nyawa Termasuk Balita dan Ibu Hamil
Ia menyebutkan, gudang tersebut menyimpan bahan styrofoam yang mudah terbakar. Sehingga api dengan cepat membesar.




Beberapa karyawan berupaya memadamkan api menggunakan alat seadanya, namun tidak berhasil.""Api cepat menjalar ke bagian lain gudang.","Pada Hari Kamis , 16 Oktober 2025 07:00, Tabanan, Tabanan, Bali

TABANAN, KOMPAS.com – Kebakaran melanda gudang milik PT Mitra Jaya Sukses Abadi (MSA) di Banjar Batanduren, Desa Cepaka, Kecamatan Kediri, Kabupaten Tabanan, Bali.
Kasi Humas Polres Tabanan, Iptu I Gusti Made Berata, mengatakan kebakaran itu menimbulkan kerugian yang ditaksir mencapai Rp3 miliar.
Ia menjelaskan, kebakaran terjadi, Rabu (15/10/2025) malam sekitar pukul 18.30 Wita. Api pertama kali diketahui oleh salah satu karyawan yang tengah bekerja di area gudang.""Saat menggerinda, saksi mencium bau asap menyengat. Ketika menoleh, ia melihat api sudah muncul sekitar lima meter dari tempatnya bekerja,"" kata Berata, Kamis (16/10/2025).
Baca juga: Kebakaran Maut di Pademangan: Renggut 4 Nyawa Termasuk Balita dan Ibu Hamil
Ia menyebutkan, gudang tersebut menyimpan bahan styrofoam yang mudah terbakar. Sehingga api dengan cepat membesar.




Beberapa karyawan berupaya memadamkan api menggunakan alat seadanya, namun tidak berhasil.""Api cepat menjalar ke bagian lain gudang. Sekitar 20 menit kemudian, tujuh unit mobil pemadam kebakaran tiba di lokasi untuk memadamkan api,"" ujar Berata.
Baca juga: Kebakaran di Pademangan Tewaskan 4 Orang, Wali Kota Jakut Imbau Warga Jaga Lingkungan
Hingga kini, penyebab pasti kebakaran masih dalam penyelidikan.
Polisi sudah meminta keterangan sejumlah saksi dan melakukan olah tempat kejadin perkara.
""Penyebab kebakaran belum dapat dipastikan. Tidak ada korban jiwa maupun luka, namun kerugian ditaksir Rp 3 miliar,"" kata Berata.




  

    
        Bayangkan seorang anak Indonesia bercita-cita menjadi dokter tetapi hanya memiliki satu buku lusuh untuk belajar. Bersama Ekspedisi Kata ke Nyata Kompas.com, Anda bisa membantu mengubah kisah itu. Mari hadirkan akses literasi bagi anak-anak di berbagai pelosok Indonesia melalui donasi lewat tautan https://bit.ly/JagatLiterasi2026. Setiap kebaikan yang Anda berikan bukan hanya membuka jendela pengetahuan, tetapi juga membuka masa depan mereka.",Kompas.com,"Dajan Peken, 82114, Tabanan, Tabanan, Bali, Indonesia",-8.536609490935,115.13552944186335,5,"2, 7","kejaksaan, kejatibali, kejaritabanan, tabanan, news"
2 Pendaki di Tabanan Ditemukan Selamat Setelah Tersesat Sehari,2024-03-05T08:00:00.000Z,"Kabupaten Tabanan, Bali, Indonesia",2 Pendaki di Tabanan Ditemukan Selamat Setelah Tersesat Sehari - Kompas.com,"KOMPAS.com - Dua orang pendaki bernama Sandika (21) dan Eka Putri Pratiwi (24) ditemukan selamat setelah tersesat di Gunung Batukaru, Kabupaten Tabanan, Provinsi Bali.
Mereka dilaporkan hilang setelah melakukan pendakian pada Minggu (3/3/2024) dini hari sekitar pukul 04.00 Wita.
Tim SAR gabungan melakukan pencarian terhadap kedua korban. Sandika dan Eka sempat menghubungi pihak keluarga, tetapi komunikasi itu kemudian terputus.Baca juga: 15 Jam Hilang Kontak, Pendaki Tersesat di Gunung Manglayang Ditemukan Selamat
Kedua pendaki diketahui tersesat di Gunung Batukaru setelah Kantor Pencarian dan Pertolongan Denpasar (Basarnas Bali) menerima informasi dari orangtua korban.
Kepala Kantor Pencarian dan Pertolongan Denpasar I Nyoman Sidakarya menyampaikan, pendaki bernama Sandika terlebih dahulu ditemukan pada Senin (4/3/2024) pukul 07.00 Wita.




""Ia turun dengan kondisi lemas dan berhasil sampai di Pura Malen, Pujungan,"" ujarnya, Selasa (5/3/2024) dalam keterangannya.Pencarian gabungan kemudian dikerahkan.","Pendaki kedua, Ema Putri Pratiwi, akhirnya ditemukan pada Senin sekitar pukul 16.15 Wita.
Baca juga: Tiga Pendaki Tersesat di Gunung Bawakaraeng
Tim SAR gabungan melaksanakan pencarian dengan menyisir sekitar titik pertemuan terakhir antara Eka Putri Pratiwi dan Sandika.
""Tim pencarian yang terdiri dari warga dan pemandu lokal berhasil menemukan Eka Putri Pratiwi dalam keadaan selamat sekitar pukul 16.15 Wita,"" jelasnya.
""Lokasi penemuannya berada 200 meter dari titik awal keduanya dilaporkan hilang,"" tandasnya.




  

    
        Bayangkan seorang anak Indonesia bercita-cita menjadi dokter tetapi hanya memiliki satu buku lusuh untuk belajar. Bersama Ekspedisi Kata ke Nyata Kompas.com, Anda bisa membantu mengubah kisah itu.","Pada Hari Selasa , 5 Maret 2024 08:00, Tabanan, Tabanan, Bali

KOMPAS.com - Dua orang pendaki bernama Sandika (21) dan Eka Putri Pratiwi (24) ditemukan selamat setelah tersesat di Gunung Batukaru, Kabupaten Tabanan, Provinsi Bali.
Mereka dilaporkan hilang setelah melakukan pendakian pada Minggu (3/3/2024) dini hari sekitar pukul 04.00 Wita.
Tim SAR gabungan melakukan pencarian terhadap kedua korban. Sandika dan Eka sempat menghubungi pihak keluarga, tetapi komunikasi itu kemudian terputus.Baca juga: 15 Jam Hilang Kontak, Pendaki Tersesat di Gunung Manglayang Ditemukan Selamat
Kedua pendaki diketahui tersesat di Gunung Batukaru setelah Kantor Pencarian dan Pertolongan Denpasar (Basarnas Bali) menerima informasi dari orangtua korban.
Kepala Kantor Pencarian dan Pertolongan Denpasar I Nyoman Sidakarya menyampaikan, pendaki bernama Sandika terlebih dahulu ditemukan pada Senin (4/3/2024) pukul 07.00 Wita.




""Ia turun dengan kondisi lemas dan berhasil sampai di Pura Malen, Pujungan,"" ujarnya, Selasa (5/3/2024) dalam keterangannya.Pencarian gabungan kemudian dikerahkan. Pendaki kedua, Ema Putri Pratiwi, akhirnya ditemukan pada Senin sekitar pukul 16.15 Wita.
Baca juga: Tiga Pendaki Tersesat di Gunung Bawakaraeng
Tim SAR gabungan melaksanakan pencarian dengan menyisir sekitar titik pertemuan terakhir antara Eka Putri Pratiwi dan Sandika.
""Tim pencarian yang terdiri dari warga dan pemandu lokal berhasil menemukan Eka Putri Pratiwi dalam keadaan selamat sekitar pukul 16.15 Wita,"" jelasnya.
""Lokasi penemuannya berada 200 meter dari titik awal keduanya dilaporkan hilang,"" tandasnya.




  

    
        Bayangkan seorang anak Indonesia bercita-cita menjadi dokter tetapi hanya memiliki satu buku lusuh untuk belajar. Bersama Ekspedisi Kata ke Nyata Kompas.com, Anda bisa membantu mengubah kisah itu. Mari hadirkan akses literasi bagi anak-anak di berbagai pelosok Indonesia melalui donasi lewat tautan https://bit.ly/JagatLiterasi2026. Setiap kebaikan yang Anda berikan bukan hanya membuka jendela pengetahuan, tetapi juga membuka masa depan mereka.",Kompas.com,"Dajan Peken, 82114, Tabanan, Tabanan, Bali, Indonesia",-8.536609490935,115.13552944186335,5,"2, 7","kejaksaan, kejatibali, kejaritabanan, tabanan, news"
Geledah Dinkes Tabanan Kejari Temukan Uang Rp8 Juta di Laci Staf,2026-08-11T07:00:00.000Z,"Kabupaten Tabanan, Bali, Indonesia","Geledah Dinkes Tabanan, Kejari Temukan Uang Rp8 Juta di Laci Staf - BALIPOST.com","Kepala Kejaksaan Negeri Tabanan, Medie, SH, MH. (BP/bit)SINGASANA, BALIPOST.com – Penggeledahan yang dilakukan Tim Penyidik Tindak Pidana Khusus Kejari Tabanan terkait dugaan korupsi pengelolaan anggaran BBM dan pelumas serta makan minum tahun anggaran 2023-2025 di Dinas Kesehatan Tabanan ternyata tidak hanya mengamankan 126 dokumen, laptop dan handphone sebagai barang bukti.","Ternyata dalam penggeledahan tersebut penyidik juga mengamankan uang tunai sebesar Rp 8,012 juta.Kepala Kejaksaan Negeri Tabanan, Medie, SH, MH, mengatakan, uang tunai yang diamankan tersebut ditemukan dalam bentuk kas yang disimpan di laci salah seorang staf Dinas Kesehatan Tabanan.Berdasarkan pengakuan awal, uang tersebut merupakan sisa uang yang sebelumnya diambil dari SPBU rekanan dengan menggunakan SPPD BBM yang diduga fiktif. “Uang tunai kurang lebih Rp8 juta 12 ribu, yang disita dari pegawai di Dinas Kesehatan Tabanan.","Pada Hari Selasa , 11 Agustus 2026 07:00, Tabanan, Tabanan, Bali

Kepala Kejaksaan Negeri Tabanan, Medie, SH, MH. (BP/bit)SINGASANA, BALIPOST.com – Penggeledahan yang dilakukan Tim Penyidik Tindak Pidana Khusus Kejari Tabanan terkait dugaan korupsi pengelolaan anggaran BBM dan pelumas serta makan minum tahun anggaran 2023-2025 di Dinas Kesehatan Tabanan ternyata tidak hanya mengamankan 126 dokumen, laptop dan handphone sebagai barang bukti. Ternyata dalam penggeledahan tersebut penyidik juga mengamankan uang tunai sebesar Rp 8,012 juta.Kepala Kejaksaan Negeri Tabanan, Medie, SH, MH, mengatakan, uang tunai yang diamankan tersebut ditemukan dalam bentuk kas yang disimpan di laci salah seorang staf Dinas Kesehatan Tabanan.Berdasarkan pengakuan awal, uang tersebut merupakan sisa uang yang sebelumnya diambil dari SPBU rekanan dengan menggunakan SPPD BBM yang diduga fiktif. “Uang tunai kurang lebih Rp8 juta 12 ribu, yang disita dari pegawai di Dinas Kesehatan Tabanan. Diakui uang tersebut merupakan sisa hasil atau uang yang diambil dari rekanan SPBU dengan menggunakan SPPD fiktif,” ujar Medie, Selasa (11/8).Penggeledahan merupakan tindak lanjut setelah perkara tersebut ditingkatkan dari tahap penyelidikan ke penyidikan. Sebelumnya, kata Medie, tim telah melakukan penyelidikan dengan memeriksa sekitar 18 saksi. Para saksi yang diperiksa berasal dari staf Dinas Kesehatan Tabanan maupun pihak rekanan. Dari hasil pemeriksaan dan pendalaman tersebut, penyidik menyimpulkan telah menemukan minimal dua alat bukti yang cukup untuk meningkatkan perkara ke tahap penyidikan.Medie mengatakan, dugaan modus dalam perkara tersebut antara lain berkaitan dengan pembuatan surat pertanggungjawaban (SPJ) fiktif. Dokumen tersebut diduga digunakan untuk mempertanggungjawabkan penggunaan anggaran yang dalam pelaksanaannya tidak sesuai dengan kondisi sebenarnya. “Setelah penggeledahan, selanjutnya tim penyidik Kejaksaan Negeri Tabanan akan melakukan pendalaman dokumen dan barang-barang yang disita atau diamankan,” katanya.Selain pendalaman barang bukti, penyidik dalam waktu dekat kembali melakukan pemanggilan terhadap sejumlah saksi. Keterangan para saksi tersebut akan dikonfrontasikan dengan hasil pemeriksaan dokumen dan barang bukti yang telah diamankan.Sedangkan untuk penetapan tersangka dalam kasus ini, menurut Medie, akan dilakukan setelah proses pendalaman alat bukti dan pemeriksaan saksi selesai. Kejari Tabanan menargetkan tahapan tersebut dapat dilakukan paling lambat dalam waktu sekitar satu bulan. “Setelah itu baru penetapan tersangka. Minimal paling lambat satu bulan atau lebih,” tegasnya.Perkara ini berawal dari laporan masyarakat terkait dugaan penyimpangan dalam pengelolaan anggaran pada Dinas Kesehatan Kabupaten Tabanan. Laporan tersebut kemudian ditindaklanjuti dengan penyelidikan. Setelah dilakukan pendalaman, penyidik menemukan adanya indikasi kebenaran atas laporan tersebut sehingga diterbitkan surat perintah penyelidikan.Dugaan tindak pidana korupsi tersebut berkaitan dengan pengelolaan anggaran Belanja Bahan Bakar Minyak (BBM) dan pelumas serta makan dan minum pada Dinas Kesehatan Kabupaten Tabanan untuk tahun anggaran 2023 sampai 2025. Penyidik masih mendalami seluruh rangkaian perkara untuk memastikan kerugian negara dan pihak-pihak yang nantinya dimintai pertanggungjawaban hukum.(Puspawati/balipost)",BALIPOST.com,"Dajan Peken, 82114, Tabanan, Tabanan, Bali, Indonesia",-8.536609490935,115.13552944186335,5,"2, 7","kejaksaan, kejatibali, kejaritabanan, tabanan, news"
Jajaran Pemkab Tabanan Gelar Prosesi Mendem Panca Datu,2023-12-29T08:00:00.000Z,"Kabupaten Tabanan, Bali, Indonesia",Jajaran Pemkab Tabanan Gelar Prosesi Mendem Panca Datu - rri.co.id,"Jajaran Pemkab Tabanan Gelar Prosesi Mendem Panca Datu 
                                                    
                                                                                            
                                                                                                            
                                
                                KBRN,Tabanan : Menyambut Puncak acara Karya Agung di Kantor Bupati Tabanan, Pemerintah Kabupaten Tabanan melaksanakan Upacara Mendem Panca Datu/Batu Permata dalam rangkaian Eed Karya Agung Tawur Panca Wali Krama, Padudusan Agung, Manawa Ratna, Memungkah, Melaspas, Ngenteg Linggih Kantor Bupati Tabanan yang berlangsung di Padmasana Kantor Bupati dan Padmasana RJ Bupati Tabanan, Rabu (27/12/2023).Di bawah komando Bupati Tabanan, Dr. I Komang Gede Sanjaya.,S.E.,M.M, yang saat itu didampingi Wakil Bupati Tabanan, Ketua DPRD Tabanan, Sekda para Asisten dan jajaran Kepala OPD di lingkungan Pemkab Tabanan serta para Prawartaka Karya dan pegawai, jalankan rangkaian upacara dengan semangat spiritual yang tinggi, demi tercapainya harapan bersama yakni Karya yang lascarya, labda karya sida sidaning don.Sebelum lakukan prosesi Mendem Panca Datu, Bupati beserta iringan jajaran, lakukan arak-arakan dari arah pewaregan dengan diiringi barisan pembawa Tedung dan Baleganjur, dengan membawa permata yang akan dilakukan prosesi mendem di Padmasana Kantor Bupati dan RJ Bupati.","Untuk diketahui, Upacara Pancadatu dimaknai sebagai kepercayaan yang disimbolkan dalam lima unsur logam.Simbol-simbol logam tersebut dijelaskan sebagai berikut, yaitu simbol Emas yakni percaya terhadap Brahman, Perunggu sebagai simbol percaya terhadap Atman, Besi sebagai simbol percaya dengan Karmaphala, Baja sebagai simbol percaya terhadap reinkarnasi, sedangkan Mirah atau Permata yakni sebagai simbol percaya terhadap moksa sebagai tujuan akhir.Ribuan Panca Datu dikumpulkan, mulai dari Bupati, Wakil Bupati, Sekda dan seluruh jajaran serta seluruh Pegawai di lingkungan Pemerintah Kabupaten Tabanan. Hal tersebut membuktikan Panca Datu, menjadi bagian dari lima pokok atau tuntunan dasar beragama Hindu yaitu Panca Sradha, sehingga menanam Panca Datu di dasar Padmasana atau Pura yang baru, memiliki arti bahwa pura tersebut telah diubah menjadi “emas” yang sarat dengan sinar-sinar kesucian Ida Sang Hyang Widhi Wasa, Tuhan Yang Maha Esa.“Prosesi Mendem Panca Datu sebagai Penyegjeg Jagat, jadi setiap pegawai menanam 1 batu, sebagai wujud Cihna Bhakti, rasa berkorban dan tulus ikhlas dari kita semua, di kantor yang juga merupakan tempat kita mencari rejeki.","Pada Hari Jumat , 29 Desember 2023 08:00, Tabanan, Tabanan, Bali

Jajaran Pemkab Tabanan Gelar Prosesi Mendem Panca Datu 
                                                    
                                                                                            
                                                                                                            
                                
                                KBRN,Tabanan : Menyambut Puncak acara Karya Agung di Kantor Bupati Tabanan, Pemerintah Kabupaten Tabanan melaksanakan Upacara Mendem Panca Datu/Batu Permata dalam rangkaian Eed Karya Agung Tawur Panca Wali Krama, Padudusan Agung, Manawa Ratna, Memungkah, Melaspas, Ngenteg Linggih Kantor Bupati Tabanan yang berlangsung di Padmasana Kantor Bupati dan Padmasana RJ Bupati Tabanan, Rabu (27/12/2023).Di bawah komando Bupati Tabanan, Dr. I Komang Gede Sanjaya.,S.E.,M.M, yang saat itu didampingi Wakil Bupati Tabanan, Ketua DPRD Tabanan, Sekda para Asisten dan jajaran Kepala OPD di lingkungan Pemkab Tabanan serta para Prawartaka Karya dan pegawai, jalankan rangkaian upacara dengan semangat spiritual yang tinggi, demi tercapainya harapan bersama yakni Karya yang lascarya, labda karya sida sidaning don.Sebelum lakukan prosesi Mendem Panca Datu, Bupati beserta iringan jajaran, lakukan arak-arakan dari arah pewaregan dengan diiringi barisan pembawa Tedung dan Baleganjur, dengan membawa permata yang akan dilakukan prosesi mendem di Padmasana Kantor Bupati dan RJ Bupati. Untuk diketahui, Upacara Pancadatu dimaknai sebagai kepercayaan yang disimbolkan dalam lima unsur logam.Simbol-simbol logam tersebut dijelaskan sebagai berikut, yaitu simbol Emas yakni percaya terhadap Brahman, Perunggu sebagai simbol percaya terhadap Atman, Besi sebagai simbol percaya dengan Karmaphala, Baja sebagai simbol percaya terhadap reinkarnasi, sedangkan Mirah atau Permata yakni sebagai simbol percaya terhadap moksa sebagai tujuan akhir.Ribuan Panca Datu dikumpulkan, mulai dari Bupati, Wakil Bupati, Sekda dan seluruh jajaran serta seluruh Pegawai di lingkungan Pemerintah Kabupaten Tabanan. Hal tersebut membuktikan Panca Datu, menjadi bagian dari lima pokok atau tuntunan dasar beragama Hindu yaitu Panca Sradha, sehingga menanam Panca Datu di dasar Padmasana atau Pura yang baru, memiliki arti bahwa pura tersebut telah diubah menjadi “emas” yang sarat dengan sinar-sinar kesucian Ida Sang Hyang Widhi Wasa, Tuhan Yang Maha Esa.“Prosesi Mendem Panca Datu sebagai Penyegjeg Jagat, jadi setiap pegawai menanam 1 batu, sebagai wujud Cihna Bhakti, rasa berkorban dan tulus ikhlas dari kita semua, di kantor yang juga merupakan tempat kita mencari rejeki. Ini pun juga sebagai syarat lascaryanya Karya Agung yang sedang kita lakukan saat ini,"" ujar Bupati Sanjaya.Siang itu, orang nomor satu di Tabanan mengawali prosesi dengan mendem Batu Permata Mirah, yang menyimbolkan pengorbanan dan niat yang tulus serta harapan untuk dimudahkan dalam menjalankan roda pemerintahan, serta mengembalikan kejayaan dan keagungan Kabupaten Tabanan. Prosesi ini adalah lanjutan dari prosesi Ngelungsur Pawintenan Sari yang telah dilakukan 1 (satu) hari sebelumnya.  


                                
                                
                                
                                
                                
                                            
                                        
                                                                    

                                


                                
                                
                                                                                                                                                                                
                            
                            
                                                                        
                                                                
                                    
                                        
                                            Berita
                                        
                                    
                                    Terbaru Lainnya
                                
                                
                            
                            
                                    
                                    
                                        Memuat berita terbaru.....",rri.co.id,"Dajan Peken, 82114, Tabanan, Tabanan, Bali, Indonesia",-8.536609490935,115.13552944186335,5,"2, 7","kejaksaan, kejatibali, kejaritabanan, tabanan, news"
Kongres PSSI Bakal Didemo Bonek,2011-01-21T08:00:00.000Z,"Kabupaten Tabanan, Bali, Indonesia","Kongres PSSI Bakal Didemo ""Bonek"" - nasional.kompas.com","TABANAN, KOMPAS.com — Suporter Persebaya 1927 atau bonek berencana berunjuk rasa dalam Kongres Tahunan PSSI di Tabanan, Bali, Jumat (21/1/2011) malam. Bonek protes karena Persebaya 1927 tidak mendapatkan hak suara dalam kongres nanti.Persebaya merupakan salah satu klub yang dicoret dari PSSI karena telah membelot ke LPI.","Padahal, berdasarkan Pasal 17 Ayat 2 Statuta PSSI, pemecatan anggota hanya bisa terjadi melalui kongres. Pengesahan pembekuan keanggotaan membutuhkan syarat minimal tiga perempat suara yang diperlukan dalam kongres.Adapun Exco PSSI sesuai Pasal 16 Ayat 1 hanya bisa melakukan skors terhadap anggota yang dianggap secara serius dan terus-menerus melakukan pelanggaran.","Pada Hari Jumat , 21 Januari 2011 08:00, Tabanan, Tabanan, Bali

TABANAN, KOMPAS.com — Suporter Persebaya 1927 atau bonek berencana berunjuk rasa dalam Kongres Tahunan PSSI di Tabanan, Bali, Jumat (21/1/2011) malam. Bonek protes karena Persebaya 1927 tidak mendapatkan hak suara dalam kongres nanti.Persebaya merupakan salah satu klub yang dicoret dari PSSI karena telah membelot ke LPI. Padahal, berdasarkan Pasal 17 Ayat 2 Statuta PSSI, pemecatan anggota hanya bisa terjadi melalui kongres. Pengesahan pembekuan keanggotaan membutuhkan syarat minimal tiga perempat suara yang diperlukan dalam kongres.Adapun Exco PSSI sesuai Pasal 16 Ayat 1 hanya bisa melakukan skors terhadap anggota yang dianggap secara serius dan terus-menerus melakukan pelanggaran. Namun, hal itu harus mendapat persetujuan dari tiga perempat peserta kongres yang datang.""Persebaya sah menjadi anggota PSSI. Jangan karena menyeberang ke Liga Primer Indonesia, kami enggak punya suara,"" kata CEO Persebaya 1927, Saleh Mukadar, kepada wartawan.  ""Kalau saya yang dihukum, tidak berarti organisasi tidak punya suara. Pengurus-pengurus Persebaya lain punya suara,"" lanjutnya.Saleh juga mempertanyakan sikap PSSI membuat Persebaya tandingan yang merumput Divisi Utama. ""Persebaya bukan punya Nurdin Halid (Ketua Umum PSSI-red). Jangan bikin seenaknya,"" tegasnya.Oleh karena itu, Saleh menyatakan, pihaknya akan menggelar unjuk rasa untuk menyuarakan haknya.   ""Sekitar 300 orang akan menggelar unjuk rasa malam nanti atau mungkin besok. Saya menilai Nurdin tidak mempunyai aturan. Kalau organisasi dipimpin mafia, begini jadinya,"" tukasnya.




  





    
        Bayangkan seorang anak Indonesia bercita-cita menjadi dokter tetapi hanya memiliki satu buku lusuh untuk belajar. Bersama Ekspedisi Kata ke Nyata Kompas.com, Anda bisa membantu mengubah kisah itu. Mari hadirkan akses literasi bagi anak-anak di berbagai pelosok Indonesia melalui donasi lewat tautan https://bit.ly/JagatLiterasi2026. Setiap kebaikan yang Anda berikan bukan hanya membuka jendela pengetahuan, tetapi juga membuka masa depan mereka.",nasional.kompas.com,"Dajan Peken, 82114, Tabanan, Tabanan, Bali, Indonesia",-8.536609490935,115.13552944186335,5,"2, 7","kejaksaan, kejatibali, kejaritabanan, tabanan, news"
10 Rumah Murah di Lumbung Berasnya Bali Mulai Rp 140 Jutaan I,2023-05-23T07:00:00.000Z,"Kabupaten Tabanan, Bali, Indonesia","10 Rumah Murah di Lumbung Berasnya Bali, Mulai Rp 140 Jutaan (I) - Kompas.com","JAKARTA, KOMPAS.com - Berbeda dengan daerah lain di Bali, Kabupaten Tabanan memiliki keunikan tersendiri.
Kabupaten ini memiliki potensi unggulan di bidang pertanian. Bahkan Kabupaten Tabanan juga dikenal sebagai Lumbung Berasnya Bali.
Selain hamparan sawah, Tabanan juga menyediakan sederet pilihan rumah murah yang terdaftar dalam Sistem Informasi Kumpulan Pengembang (Sikumbang).
Bagi Anda yang tengah mencari rumah murah di Tabanan, berikut sejumlah pilihannya:
1.","BCA Land Kerambitan Tabanan
Perumahan ini berlokasi di Sembung Gede, Kerambitan, Kabupaten Tabanan yang dikembangkan oleh PT Bumi Cempaka Asri.
Tersedia 107 rumah murah dengan 358 unit lain terjual seharga Rp 168 juta untuk luas bangunan 27 meter persegi dan luas lahan 60 meter persegi.




2. Permata Kencana Residence
Dikembangkan oleh PT Krisna Genta Winangun, perumahan ini berlokasi di Bongan, Tabanan, Kabupaten Tabanan.
Terdapat 6 unit rumah subsidi dengan 39 lainnya terjual seharga Rp 168 juta untuk luas bangunan 30 meter persegi dan luas lahan 60 meter persegi.
Baca juga: Dengan Gaji Berapa Rumah Subsidi Bisa Dibeli?3.","Pada Hari Selasa , 23 Mei 2023 07:00, Tabanan, Tabanan, Bali

JAKARTA, KOMPAS.com - Berbeda dengan daerah lain di Bali, Kabupaten Tabanan memiliki keunikan tersendiri.
Kabupaten ini memiliki potensi unggulan di bidang pertanian. Bahkan Kabupaten Tabanan juga dikenal sebagai Lumbung Berasnya Bali.
Selain hamparan sawah, Tabanan juga menyediakan sederet pilihan rumah murah yang terdaftar dalam Sistem Informasi Kumpulan Pengembang (Sikumbang).
Bagi Anda yang tengah mencari rumah murah di Tabanan, berikut sejumlah pilihannya:
1. BCA Land Kerambitan Tabanan
Perumahan ini berlokasi di Sembung Gede, Kerambitan, Kabupaten Tabanan yang dikembangkan oleh PT Bumi Cempaka Asri.
Tersedia 107 rumah murah dengan 358 unit lain terjual seharga Rp 168 juta untuk luas bangunan 27 meter persegi dan luas lahan 60 meter persegi.




2. Permata Kencana Residence
Dikembangkan oleh PT Krisna Genta Winangun, perumahan ini berlokasi di Bongan, Tabanan, Kabupaten Tabanan.
Terdapat 6 unit rumah subsidi dengan 39 lainnya terjual seharga Rp 168 juta untuk luas bangunan 30 meter persegi dan luas lahan 60 meter persegi.
Baca juga: Dengan Gaji Berapa Rumah Subsidi Bisa Dibeli?3. Perumahan Taman Indah Lestari
Berlokasi di Kukuh, Kerambitan, Kabupaten Tabanan, perumahan ini dikembangkan oleh PT Puri Gita Asri.
Tersisa 23 unit rumah murah dengan 26 unit lain terjual seharga Rp 148,5 juta untuk luas bangunan 30 meter persegi dan luas lahan 60 meter persegi.
4. Satya Graha Residence
Perumahan ini dikembangkan oleh PT Lastia Sinar Cemerlang yang berlokasi di Batuaji, Kerambitan, Kabupaten Tabanan.
Masih tersedia 10 rumah subsidi dengan 5 unit lain terjual seharga Rp 168 juta untuk luas bangunan 27 meter persegi dan luas lahan 60 meter persegi.
5. Taman Tirta Residence
Perumahan ini berlokasi di Nyitdah, Kediri, Kabupaten Tabanan yang dikembangkan oleh PT Krisna Genta Winangun.
Tersisa 11 rumah murah dengan 85 lain terjual seharga Rp 168 juta untuk luas bangunan 30 meter persegi dan luas lahan 60 meter persegi.
Bersambung




  

    
        Bayangkan seorang anak Indonesia bercita-cita menjadi dokter tetapi hanya memiliki satu buku lusuh untuk belajar. Bersama Ekspedisi Kata ke Nyata Kompas.com, Anda bisa membantu mengubah kisah itu. Mari hadirkan akses literasi bagi anak-anak di berbagai pelosok Indonesia melalui donasi lewat tautan https://bit.ly/JagatLiterasi2026. Setiap kebaikan yang Anda berikan bukan hanya membuka jendela pengetahuan, tetapi juga membuka masa depan mereka.",Kompas.com,"Dajan Peken, 82114, Tabanan, Tabanan, Bali, Indonesia",-8.536609490935,115.13552944186335,5,"2, 7","kejaksaan, kejatibali, kejaritabanan, tabanan, news"
Entil Makanan Tradisional Khas Tabanan Bali yang Sarat Filosofi,2026-07-02T07:00:00.000Z,"Kabupaten Tabanan, Bali, Indonesia",Entil Makanan Tradisional Khas Tabanan Bali yang Sarat Filosofi - rri.co.id,"Kuliner
                                                
                                            
                                                                            
                                    
                                    
                                        
                                            02 Jul 2026 16:17
                                            WIB
                                        
                                        
                                             Denpasar
                                        
                                    
                                    
                                                                                                                                
                                                                                
                                        
                                            
                                                Editor -
                                                Ni Nyoman Kasih
                                            
                                        
                                    
                                

                                                                                                                                    

                                

                                                                                                            
                                        
                                                                                    
                                                
                                                    
                                                

                                                                                                    
                                                        Sumber Foto : Dok.Poros Bali
                                                    
                                                                                            
                                                                                                            
                                
                                RRI.CO.ID. Denpasar - Entil adalah makanan tradisional khas Kabupaten Tabanan Bali, yang sekilas mirip lontong namun memiliki tekstur lebih kenyal dan gurih.","Terbuat dari adonan beras yang terkadang dicampur beras merah, entil dibungkus menggunakan daun kalingidi atau tengelidi dan disajikan dengan kuah santan kaldu,sayur urap serta sambel embe.Sampai saat ini, belum diketemukan bukti pertama kali entil dibuat dan digunakan. Akan tetapi secara etimologis, entil berasal dari kata buntil atau buntilan yang memiliki arti barang bawaan atau bekal.","Pada Hari Kamis , 2 Juli 2026 07:00, Tabanan, Tabanan, Bali

Kuliner
                                                
                                            
                                                                            
                                    
                                    
                                        
                                            02 Jul 2026 16:17
                                            WIB
                                        
                                        
                                             Denpasar
                                        
                                    
                                    
                                                                                                                                
                                                                                
                                        
                                            
                                                Editor -
                                                Ni Nyoman Kasih
                                            
                                        
                                    
                                

                                                                                                                                    

                                

                                                                                                            
                                        
                                                                                    
                                                
                                                    
                                                

                                                                                                    
                                                        Sumber Foto : Dok.Poros Bali
                                                    
                                                                                            
                                                                                                            
                                
                                RRI.CO.ID. Denpasar - Entil adalah makanan tradisional khas Kabupaten Tabanan Bali, yang sekilas mirip lontong namun memiliki tekstur lebih kenyal dan gurih. Terbuat dari adonan beras yang terkadang dicampur beras merah, entil dibungkus menggunakan daun kalingidi atau tengelidi dan disajikan dengan kuah santan kaldu,sayur urap serta sambel embe.Sampai saat ini, belum diketemukan bukti pertama kali entil dibuat dan digunakan. Akan tetapi secara etimologis, entil berasal dari kata buntil atau buntilan yang memiliki arti barang bawaan atau bekal. Hal ini mengidentifikasikan bahwa semenjak entil sudah menjadi makanan yang dipergunakan sebagai buntilan atau bekal dalam perjalanan sejak dahulu kala. Sifatnya yang relatif awet memungkinkan entil dibawa sebagai bekal ketika masyarakat di sekitar lereng Gunung Batukaru melakukan perjalanan jauh untuk merabas hutan ataupun membawa hasil bumi menuju pusat – pusat kerajaan. (ceraken.baliprov.go.id).Buntil maupun entil merupakan salah satu bentuk pengawetan makanan dengan proses perebusan dalam waktu yang lama, sehingga memiliki daya tahan yang cukup lama. Disamping itu,proses pembuatan dan bahan – bahan entil menggunakan bahan – bahan yang bersifat sederhana dan tersedia,seperti beras lokal,daun kalingidi,tali bambu yang tersedia di lingkungan sekitar.Sebagai makana estetika berkaitan dengan proses pembungkusan entil sehingga bisa menarik minat pembeli.Estetika dan kreatifitas dalam entil yang berubah dari waktu kewaktu dan menu serta penyajiannya. jika dahulu menu pendamping entil masih sederhana,kini menu pendamping entil lebih bervariasi dan menggugah selera. Ketika entil disajikan di restorant atau hotel,maka kreatifitas penyajian entil lebih rapi, mempergunakan bahan – bahan premium, serta dinikmati oleh segelintir orang.Makna pelestarian entil ,juga sebagai kebertahanan pohon kalingidi, pohon bambu, beras lokal menjadikan isu pelestarian alam. Jika tanaman tersebut punah maka entil akan ikut punah.Keberdaaan pohon kalingidi menjadi semakin penting seiring dengan bertambahnya kebutuhan. 


                                
                                
                                
                                
                                
                                            
                                        
                                                                    

                                


                                
                                                                    
                                    
                                
                                                                                                                                                                                
                            
                            
                                                                        
                                                                
                                    
                                        
                                            Berita
                                        
                                    
                                    Terbaru Lainnya
                                
                                
                            
                            
                                    
                                    
                                        Memuat berita terbaru.....",rri.co.id,"Dajan Peken, 82114, Tabanan, Tabanan, Bali, Indonesia",-8.536609490935,115.13552944186335,5,"2, 7","kejaksaan, kejatibali, kejaritabanan, tabanan, news"
